2025-04-17 17:06:27,663 [trainer.py] => config: ./exps/icarl.json
2025-04-17 17:06:27,663 [trainer.py] => prefix: reproduce
2025-04-17 17:06:27,663 [trainer.py] => dataset: officehome
2025-04-17 17:06:27,663 [trainer.py] => device: [device(type='cuda', index=1)]
2025-04-17 17:06:27,663 [trainer.py] => use_rm: False
2025-04-17 17:06:27,663 [trainer.py] => topk: 5
2025-04-17 17:06:27,663 [trainer.py] => augmentation: False
2025-04-17 17:06:27,663 [trainer.py] => refinement: False
2025-04-17 17:06:27,663 [trainer.py] => flat: False
2025-04-17 17:06:27,663 [trainer.py] => P: 0.2
2025-04-17 17:06:27,663 [trainer.py] => N: 5
2025-04-17 17:06:27,663 [trainer.py] => random_times: 10
2025-04-17 17:06:27,663 [trainer.py] => random_weight: 0.1
2025-04-17 17:06:27,663 [trainer.py] => batch_size: 64
2025-04-17 17:06:27,663 [trainer.py] => init_epoch: 200
2025-04-17 17:06:27,663 [trainer.py] => epochs: 200
2025-04-17 17:06:27,664 [trainer.py] => memory_size: 1300
2025-04-17 17:06:27,664 [trainer.py] => memory_per_class: 20
2025-04-17 17:06:27,664 [trainer.py] => learning_rate: 0.1
2025-04-17 17:06:27,664 [trainer.py] => init_weight_decay: 0.0005
2025-04-17 17:06:27,664 [trainer.py] => weight_decay: 0.0002
2025-04-17 17:06:27,664 [trainer.py] => T: 2
2025-04-17 17:06:27,664 [trainer.py] => num_workers: 4
2025-04-17 17:06:27,664 [trainer.py] => fixed_memory: False
2025-04-17 17:06:27,664 [trainer.py] => shuffle: True
2025-04-17 17:06:27,664 [trainer.py] => init_cls: 5
2025-04-17 17:06:27,664 [trainer.py] => increment: 5
2025-04-17 17:06:27,664 [trainer.py] => model_name: icarl
2025-04-17 17:06:27,664 [trainer.py] => convnet_type: resnet34
2025-04-17 17:06:27,664 [trainer.py] => seed: 1993
2025-04-17 17:06:27,664 [trainer.py] => source_domain: ['Art', 'Clipart', 'Real World']
2025-04-17 17:06:27,664 [trainer.py] => target_domain: Product
2025-04-17 17:06:27,664 [trainer.py] => resume: False
2025-04-17 17:06:27,710 [data_manager.py] => [22, 56, 44, 45, 13, 8, 23, 54, 35, 52, 34, 61, 16, 6, 55, 20, 14, 38, 17, 63, 42, 10, 59, 43, 24, 2, 62, 21, 1, 15, 0, 37, 53, 27, 18, 46, 12, 25, 40, 30, 19, 47, 26, 36, 7, 28, 11, 5, 32, 41, 50, 4, 51, 58, 9, 60, 39, 31, 48, 3, 29, 64, 49, 57, 33]
2025-04-17 17:06:28,426 [trainer.py] => Training from scratch
2025-04-17 17:06:28,427 [trainer.py] => All params: 21284672
2025-04-17 17:06:28,427 [trainer.py] => Trainable params: 21284672
2025-04-17 17:06:28,427 [icarl.py] => Learning on 0-5
2025-04-17 17:06:35,662 [icarl.py] => Task 0, Epoch 1/200 => Loss 5.896, Loss_clf 5.896, Train_accy 20.82, Test_accy {'Art': 10.53, 'Clipart': 11.54, 'Real World': 19.18, 'Product': 9.41}
2025-04-17 17:06:38,812 [icarl.py] => Task 0, Epoch 2/200 => Loss 4.952, Loss_clf 4.952, Train_accy 24.66
2025-04-17 17:06:41,898 [icarl.py] => Task 0, Epoch 3/200 => Loss 2.246, Loss_clf 2.246, Train_accy 24.79
2025-04-17 17:06:45,103 [icarl.py] => Task 0, Epoch 4/200 => Loss 1.821, Loss_clf 1.821, Train_accy 25.48
2025-04-17 17:06:48,271 [icarl.py] => Task 0, Epoch 5/200 => Loss 1.775, Loss_clf 1.775, Train_accy 25.75
2025-04-17 17:06:51,331 [icarl.py] => Task 0, Epoch 6/200 => Loss 1.909, Loss_clf 1.909, Train_accy 26.71
2025-04-17 17:06:54,540 [icarl.py] => Task 0, Epoch 7/200 => Loss 1.644, Loss_clf 1.644, Train_accy 27.12
2025-04-17 17:06:57,713 [icarl.py] => Task 0, Epoch 8/200 => Loss 1.535, Loss_clf 1.535, Train_accy 28.36
2025-04-17 17:07:00,867 [icarl.py] => Task 0, Epoch 9/200 => Loss 1.524, Loss_clf 1.524, Train_accy 32.47
2025-04-17 17:07:04,393 [icarl.py] => Task 0, Epoch 10/200 => Loss 1.485, Loss_clf 1.485, Train_accy 34.11
2025-04-17 17:07:07,465 [icarl.py] => Task 0, Epoch 11/200 => Loss 1.472, Loss_clf 1.472, Train_accy 39.04
2025-04-17 17:07:10,590 [icarl.py] => Task 0, Epoch 12/200 => Loss 1.460, Loss_clf 1.460, Train_accy 39.45
2025-04-17 17:07:13,752 [icarl.py] => Task 0, Epoch 13/200 => Loss 1.431, Loss_clf 1.431, Train_accy 39.32
2025-04-17 17:07:16,964 [icarl.py] => Task 0, Epoch 14/200 => Loss 1.348, Loss_clf 1.348, Train_accy 46.44
2025-04-17 17:07:20,190 [icarl.py] => Task 0, Epoch 15/200 => Loss 1.301, Loss_clf 1.301, Train_accy 48.08
2025-04-17 17:07:23,438 [icarl.py] => Task 0, Epoch 16/200 => Loss 1.270, Loss_clf 1.270, Train_accy 50.14
2025-04-17 17:07:26,769 [icarl.py] => Task 0, Epoch 17/200 => Loss 1.325, Loss_clf 1.325, Train_accy 51.23
2025-04-17 17:07:29,949 [icarl.py] => Task 0, Epoch 18/200 => Loss 1.238, Loss_clf 1.238, Train_accy 52.74
2025-04-17 17:07:33,406 [icarl.py] => Task 0, Epoch 19/200 => Loss 1.209, Loss_clf 1.209, Train_accy 52.47
2025-04-17 17:07:36,595 [icarl.py] => Task 0, Epoch 20/200 => Loss 1.229, Loss_clf 1.229, Train_accy 52.19
2025-04-17 17:07:43,657 [icarl.py] => Task 0, Epoch 21/200 => Loss 1.209, Loss_clf 1.209, Train_accy 52.05, Test_accy {'Art': 50.0, 'Clipart': 53.85, 'Real World': 50.68, 'Product': 47.06}
2025-04-17 17:07:46,783 [icarl.py] => Task 0, Epoch 22/200 => Loss 1.155, Loss_clf 1.155, Train_accy 54.25
2025-04-17 17:07:50,046 [icarl.py] => Task 0, Epoch 23/200 => Loss 1.172, Loss_clf 1.172, Train_accy 51.92
2025-04-17 17:07:53,289 [icarl.py] => Task 0, Epoch 24/200 => Loss 1.140, Loss_clf 1.140, Train_accy 53.15
2025-04-17 17:07:56,411 [icarl.py] => Task 0, Epoch 25/200 => Loss 1.148, Loss_clf 1.148, Train_accy 55.48
2025-04-17 17:07:59,574 [icarl.py] => Task 0, Epoch 26/200 => Loss 1.060, Loss_clf 1.060, Train_accy 57.95
2025-04-17 17:08:02,871 [icarl.py] => Task 0, Epoch 27/200 => Loss 1.050, Loss_clf 1.050, Train_accy 58.90
2025-04-17 17:08:06,209 [icarl.py] => Task 0, Epoch 28/200 => Loss 1.057, Loss_clf 1.057, Train_accy 56.85
2025-04-17 17:08:09,482 [icarl.py] => Task 0, Epoch 29/200 => Loss 1.071, Loss_clf 1.071, Train_accy 60.82
2025-04-17 17:08:12,590 [icarl.py] => Task 0, Epoch 30/200 => Loss 1.065, Loss_clf 1.065, Train_accy 58.08
2025-04-17 17:08:15,737 [icarl.py] => Task 0, Epoch 31/200 => Loss 1.118, Loss_clf 1.118, Train_accy 54.93
2025-04-17 17:08:18,945 [icarl.py] => Task 0, Epoch 32/200 => Loss 1.098, Loss_clf 1.098, Train_accy 56.44
2025-04-17 17:08:22,296 [icarl.py] => Task 0, Epoch 33/200 => Loss 1.061, Loss_clf 1.061, Train_accy 57.40
2025-04-17 17:08:25,442 [icarl.py] => Task 0, Epoch 34/200 => Loss 1.050, Loss_clf 1.050, Train_accy 58.63
2025-04-17 17:08:28,749 [icarl.py] => Task 0, Epoch 35/200 => Loss 1.074, Loss_clf 1.074, Train_accy 58.22
2025-04-17 17:08:31,929 [icarl.py] => Task 0, Epoch 36/200 => Loss 1.073, Loss_clf 1.073, Train_accy 59.86
2025-04-17 17:08:35,061 [icarl.py] => Task 0, Epoch 37/200 => Loss 0.997, Loss_clf 0.997, Train_accy 60.41
2025-04-17 17:08:38,245 [icarl.py] => Task 0, Epoch 38/200 => Loss 0.990, Loss_clf 0.990, Train_accy 61.78
2025-04-17 17:08:41,370 [icarl.py] => Task 0, Epoch 39/200 => Loss 1.038, Loss_clf 1.038, Train_accy 56.99
2025-04-17 17:08:44,514 [icarl.py] => Task 0, Epoch 40/200 => Loss 0.978, Loss_clf 0.978, Train_accy 62.60
2025-04-17 17:08:51,496 [icarl.py] => Task 0, Epoch 41/200 => Loss 0.971, Loss_clf 0.971, Train_accy 63.84, Test_accy {'Art': 63.16, 'Clipart': 64.1, 'Real World': 60.27, 'Product': 61.18}
2025-04-17 17:08:54,696 [icarl.py] => Task 0, Epoch 42/200 => Loss 0.965, Loss_clf 0.965, Train_accy 62.33
2025-04-17 17:08:58,107 [icarl.py] => Task 0, Epoch 43/200 => Loss 0.949, Loss_clf 0.949, Train_accy 64.93
2025-04-17 17:09:01,302 [icarl.py] => Task 0, Epoch 44/200 => Loss 0.973, Loss_clf 0.973, Train_accy 62.60
2025-04-17 17:09:04,709 [icarl.py] => Task 0, Epoch 45/200 => Loss 0.947, Loss_clf 0.947, Train_accy 63.29
2025-04-17 17:09:07,832 [icarl.py] => Task 0, Epoch 46/200 => Loss 0.985, Loss_clf 0.985, Train_accy 61.78
2025-04-17 17:09:11,019 [icarl.py] => Task 0, Epoch 47/200 => Loss 1.017, Loss_clf 1.017, Train_accy 61.78
2025-04-17 17:09:14,200 [icarl.py] => Task 0, Epoch 48/200 => Loss 0.908, Loss_clf 0.908, Train_accy 67.12
2025-04-17 17:09:17,397 [icarl.py] => Task 0, Epoch 49/200 => Loss 0.880, Loss_clf 0.880, Train_accy 65.48
2025-04-17 17:09:20,654 [icarl.py] => Task 0, Epoch 50/200 => Loss 0.874, Loss_clf 0.874, Train_accy 65.75
2025-04-17 17:09:23,730 [icarl.py] => Task 0, Epoch 51/200 => Loss 0.917, Loss_clf 0.917, Train_accy 64.79
2025-04-17 17:09:26,843 [icarl.py] => Task 0, Epoch 52/200 => Loss 0.865, Loss_clf 0.865, Train_accy 66.03
2025-04-17 17:09:30,075 [icarl.py] => Task 0, Epoch 53/200 => Loss 0.834, Loss_clf 0.834, Train_accy 69.45
2025-04-17 17:09:33,148 [icarl.py] => Task 0, Epoch 54/200 => Loss 0.854, Loss_clf 0.854, Train_accy 67.81
2025-04-17 17:09:36,550 [icarl.py] => Task 0, Epoch 55/200 => Loss 0.877, Loss_clf 0.877, Train_accy 65.48
2025-04-17 17:09:39,951 [icarl.py] => Task 0, Epoch 56/200 => Loss 0.865, Loss_clf 0.865, Train_accy 65.89
2025-04-17 17:09:43,197 [icarl.py] => Task 0, Epoch 57/200 => Loss 0.824, Loss_clf 0.824, Train_accy 68.90
2025-04-17 17:09:46,353 [icarl.py] => Task 0, Epoch 58/200 => Loss 0.809, Loss_clf 0.809, Train_accy 68.63
2025-04-17 17:09:49,861 [icarl.py] => Task 0, Epoch 59/200 => Loss 0.789, Loss_clf 0.789, Train_accy 69.59
2025-04-17 17:09:53,129 [icarl.py] => Task 0, Epoch 60/200 => Loss 0.766, Loss_clf 0.766, Train_accy 70.41
2025-04-17 17:10:00,237 [icarl.py] => Task 0, Epoch 61/200 => Loss 0.863, Loss_clf 0.863, Train_accy 69.18, Test_accy {'Art': 63.16, 'Clipart': 64.1, 'Real World': 60.27, 'Product': 64.71}
2025-04-17 17:10:03,610 [icarl.py] => Task 0, Epoch 62/200 => Loss 0.774, Loss_clf 0.774, Train_accy 70.14
2025-04-17 17:10:07,026 [icarl.py] => Task 0, Epoch 63/200 => Loss 0.735, Loss_clf 0.735, Train_accy 73.01
2025-04-17 17:10:10,392 [icarl.py] => Task 0, Epoch 64/200 => Loss 0.742, Loss_clf 0.742, Train_accy 70.27
2025-04-17 17:10:13,554 [icarl.py] => Task 0, Epoch 65/200 => Loss 0.860, Loss_clf 0.860, Train_accy 67.26
2025-04-17 17:10:16,883 [icarl.py] => Task 0, Epoch 66/200 => Loss 0.785, Loss_clf 0.785, Train_accy 69.73
2025-04-17 17:10:19,996 [icarl.py] => Task 0, Epoch 67/200 => Loss 0.690, Loss_clf 0.690, Train_accy 74.38
2025-04-17 17:10:23,063 [icarl.py] => Task 0, Epoch 68/200 => Loss 0.744, Loss_clf 0.744, Train_accy 71.51
2025-04-17 17:10:26,211 [icarl.py] => Task 0, Epoch 69/200 => Loss 0.692, Loss_clf 0.692, Train_accy 72.74
2025-04-17 17:10:29,485 [icarl.py] => Task 0, Epoch 70/200 => Loss 0.681, Loss_clf 0.681, Train_accy 75.21
2025-04-17 17:10:32,995 [icarl.py] => Task 0, Epoch 71/200 => Loss 0.744, Loss_clf 0.744, Train_accy 72.33
2025-04-17 17:10:36,162 [icarl.py] => Task 0, Epoch 72/200 => Loss 0.673, Loss_clf 0.673, Train_accy 74.38
2025-04-17 17:10:39,287 [icarl.py] => Task 0, Epoch 73/200 => Loss 0.773, Loss_clf 0.773, Train_accy 70.82
2025-04-17 17:10:42,590 [icarl.py] => Task 0, Epoch 74/200 => Loss 0.715, Loss_clf 0.715, Train_accy 73.29
2025-04-17 17:10:46,064 [icarl.py] => Task 0, Epoch 75/200 => Loss 0.681, Loss_clf 0.681, Train_accy 74.11
2025-04-17 17:10:49,322 [icarl.py] => Task 0, Epoch 76/200 => Loss 0.642, Loss_clf 0.642, Train_accy 74.79
2025-04-17 17:10:52,531 [icarl.py] => Task 0, Epoch 77/200 => Loss 0.644, Loss_clf 0.644, Train_accy 75.75
2025-04-17 17:10:55,679 [icarl.py] => Task 0, Epoch 78/200 => Loss 0.670, Loss_clf 0.670, Train_accy 73.42
2025-04-17 17:10:58,923 [icarl.py] => Task 0, Epoch 79/200 => Loss 0.682, Loss_clf 0.682, Train_accy 74.66
2025-04-17 17:11:02,252 [icarl.py] => Task 0, Epoch 80/200 => Loss 0.688, Loss_clf 0.688, Train_accy 74.11
2025-04-17 17:11:09,771 [icarl.py] => Task 0, Epoch 81/200 => Loss 0.650, Loss_clf 0.650, Train_accy 75.75, Test_accy {'Art': 65.79, 'Clipart': 70.51, 'Real World': 64.38, 'Product': 62.35}
2025-04-17 17:11:12,995 [icarl.py] => Task 0, Epoch 82/200 => Loss 0.642, Loss_clf 0.642, Train_accy 72.33
2025-04-17 17:11:16,229 [icarl.py] => Task 0, Epoch 83/200 => Loss 0.589, Loss_clf 0.589, Train_accy 76.16
2025-04-17 17:11:19,383 [icarl.py] => Task 0, Epoch 84/200 => Loss 0.587, Loss_clf 0.587, Train_accy 77.81
2025-04-17 17:11:22,685 [icarl.py] => Task 0, Epoch 85/200 => Loss 0.575, Loss_clf 0.575, Train_accy 77.53
2025-04-17 17:11:25,882 [icarl.py] => Task 0, Epoch 86/200 => Loss 0.570, Loss_clf 0.570, Train_accy 76.99
2025-04-17 17:11:29,038 [icarl.py] => Task 0, Epoch 87/200 => Loss 0.576, Loss_clf 0.576, Train_accy 77.26
2025-04-17 17:11:32,342 [icarl.py] => Task 0, Epoch 88/200 => Loss 0.571, Loss_clf 0.571, Train_accy 77.12
2025-04-17 17:11:35,433 [icarl.py] => Task 0, Epoch 89/200 => Loss 0.581, Loss_clf 0.581, Train_accy 79.18
2025-04-17 17:11:38,770 [icarl.py] => Task 0, Epoch 90/200 => Loss 0.579, Loss_clf 0.579, Train_accy 76.99
2025-04-17 17:11:42,109 [icarl.py] => Task 0, Epoch 91/200 => Loss 0.523, Loss_clf 0.523, Train_accy 80.41
2025-04-17 17:11:45,328 [icarl.py] => Task 0, Epoch 92/200 => Loss 0.562, Loss_clf 0.562, Train_accy 78.77
2025-04-17 17:11:48,427 [icarl.py] => Task 0, Epoch 93/200 => Loss 0.561, Loss_clf 0.561, Train_accy 78.90
2025-04-17 17:11:51,464 [icarl.py] => Task 0, Epoch 94/200 => Loss 0.559, Loss_clf 0.559, Train_accy 78.49
2025-04-17 17:11:54,697 [icarl.py] => Task 0, Epoch 95/200 => Loss 0.543, Loss_clf 0.543, Train_accy 79.86
2025-04-17 17:11:58,066 [icarl.py] => Task 0, Epoch 96/200 => Loss 0.549, Loss_clf 0.549, Train_accy 80.96
2025-04-17 17:12:01,287 [icarl.py] => Task 0, Epoch 97/200 => Loss 0.524, Loss_clf 0.524, Train_accy 79.18
2025-04-17 17:12:04,448 [icarl.py] => Task 0, Epoch 98/200 => Loss 0.521, Loss_clf 0.521, Train_accy 79.45
2025-04-17 17:12:07,638 [icarl.py] => Task 0, Epoch 99/200 => Loss 0.491, Loss_clf 0.491, Train_accy 80.82
2025-04-17 17:12:10,851 [icarl.py] => Task 0, Epoch 100/200 => Loss 0.471, Loss_clf 0.471, Train_accy 82.88
2025-04-17 17:12:18,085 [icarl.py] => Task 0, Epoch 101/200 => Loss 0.517, Loss_clf 0.517, Train_accy 80.00, Test_accy {'Art': 68.42, 'Clipart': 69.23, 'Real World': 71.23, 'Product': 65.88}
2025-04-17 17:12:21,208 [icarl.py] => Task 0, Epoch 102/200 => Loss 0.482, Loss_clf 0.482, Train_accy 82.19
2025-04-17 17:12:24,725 [icarl.py] => Task 0, Epoch 103/200 => Loss 0.502, Loss_clf 0.502, Train_accy 80.68
2025-04-17 17:12:27,835 [icarl.py] => Task 0, Epoch 104/200 => Loss 0.495, Loss_clf 0.495, Train_accy 80.96
2025-04-17 17:12:30,983 [icarl.py] => Task 0, Epoch 105/200 => Loss 0.510, Loss_clf 0.510, Train_accy 78.63
2025-04-17 17:12:34,186 [icarl.py] => Task 0, Epoch 106/200 => Loss 0.553, Loss_clf 0.553, Train_accy 79.18
2025-04-17 17:12:37,237 [icarl.py] => Task 0, Epoch 107/200 => Loss 0.528, Loss_clf 0.528, Train_accy 81.23
2025-04-17 17:12:40,361 [icarl.py] => Task 0, Epoch 108/200 => Loss 0.465, Loss_clf 0.465, Train_accy 81.37
2025-04-17 17:12:43,622 [icarl.py] => Task 0, Epoch 109/200 => Loss 0.473, Loss_clf 0.473, Train_accy 81.64
2025-04-17 17:12:46,813 [icarl.py] => Task 0, Epoch 110/200 => Loss 0.426, Loss_clf 0.426, Train_accy 84.52
2025-04-17 17:12:50,299 [icarl.py] => Task 0, Epoch 111/200 => Loss 0.431, Loss_clf 0.431, Train_accy 83.56
2025-04-17 17:12:53,521 [icarl.py] => Task 0, Epoch 112/200 => Loss 0.470, Loss_clf 0.470, Train_accy 82.74
2025-04-17 17:12:56,929 [icarl.py] => Task 0, Epoch 113/200 => Loss 0.442, Loss_clf 0.442, Train_accy 83.70
2025-04-17 17:13:00,140 [icarl.py] => Task 0, Epoch 114/200 => Loss 0.466, Loss_clf 0.466, Train_accy 81.51
2025-04-17 17:13:03,346 [icarl.py] => Task 0, Epoch 115/200 => Loss 0.417, Loss_clf 0.417, Train_accy 83.70
2025-04-17 17:13:06,564 [icarl.py] => Task 0, Epoch 116/200 => Loss 0.360, Loss_clf 0.360, Train_accy 85.48
2025-04-17 17:13:09,963 [icarl.py] => Task 0, Epoch 117/200 => Loss 0.390, Loss_clf 0.390, Train_accy 86.71
2025-04-17 17:13:13,291 [icarl.py] => Task 0, Epoch 118/200 => Loss 0.443, Loss_clf 0.443, Train_accy 82.88
2025-04-17 17:13:16,415 [icarl.py] => Task 0, Epoch 119/200 => Loss 0.461, Loss_clf 0.461, Train_accy 82.19
2025-04-17 17:13:19,841 [icarl.py] => Task 0, Epoch 120/200 => Loss 0.457, Loss_clf 0.457, Train_accy 82.88
2025-04-17 17:13:27,107 [icarl.py] => Task 0, Epoch 121/200 => Loss 0.414, Loss_clf 0.414, Train_accy 84.38, Test_accy {'Art': 68.42, 'Clipart': 73.08, 'Real World': 71.23, 'Product': 62.35}
2025-04-17 17:13:30,422 [icarl.py] => Task 0, Epoch 122/200 => Loss 0.408, Loss_clf 0.408, Train_accy 84.25
2025-04-17 17:13:33,700 [icarl.py] => Task 0, Epoch 123/200 => Loss 0.402, Loss_clf 0.402, Train_accy 85.75
2025-04-17 17:13:36,845 [icarl.py] => Task 0, Epoch 124/200 => Loss 0.356, Loss_clf 0.356, Train_accy 87.67
2025-04-17 17:13:40,086 [icarl.py] => Task 0, Epoch 125/200 => Loss 0.383, Loss_clf 0.383, Train_accy 84.93
2025-04-17 17:13:43,272 [icarl.py] => Task 0, Epoch 126/200 => Loss 0.398, Loss_clf 0.398, Train_accy 86.30
2025-04-17 17:13:46,465 [icarl.py] => Task 0, Epoch 127/200 => Loss 0.403, Loss_clf 0.403, Train_accy 86.58
2025-04-17 17:13:49,611 [icarl.py] => Task 0, Epoch 128/200 => Loss 0.384, Loss_clf 0.384, Train_accy 83.97
2025-04-17 17:13:52,820 [icarl.py] => Task 0, Epoch 129/200 => Loss 0.339, Loss_clf 0.339, Train_accy 87.81
2025-04-17 17:13:56,074 [icarl.py] => Task 0, Epoch 130/200 => Loss 0.375, Loss_clf 0.375, Train_accy 84.52
2025-04-17 17:13:59,352 [icarl.py] => Task 0, Epoch 131/200 => Loss 0.361, Loss_clf 0.361, Train_accy 86.58
2025-04-17 17:14:02,584 [icarl.py] => Task 0, Epoch 132/200 => Loss 0.384, Loss_clf 0.384, Train_accy 86.99
2025-04-17 17:14:05,965 [icarl.py] => Task 0, Epoch 133/200 => Loss 0.333, Loss_clf 0.333, Train_accy 87.12
2025-04-17 17:14:09,514 [icarl.py] => Task 0, Epoch 134/200 => Loss 0.315, Loss_clf 0.315, Train_accy 88.36
2025-04-17 17:14:13,165 [icarl.py] => Task 0, Epoch 135/200 => Loss 0.346, Loss_clf 0.346, Train_accy 88.22
2025-04-17 17:14:16,407 [icarl.py] => Task 0, Epoch 136/200 => Loss 0.302, Loss_clf 0.302, Train_accy 89.45
2025-04-17 17:14:19,521 [icarl.py] => Task 0, Epoch 137/200 => Loss 0.299, Loss_clf 0.299, Train_accy 89.32
2025-04-17 17:14:22,675 [icarl.py] => Task 0, Epoch 138/200 => Loss 0.299, Loss_clf 0.299, Train_accy 89.59
2025-04-17 17:14:25,931 [icarl.py] => Task 0, Epoch 139/200 => Loss 0.352, Loss_clf 0.352, Train_accy 87.40
2025-04-17 17:14:28,966 [icarl.py] => Task 0, Epoch 140/200 => Loss 0.283, Loss_clf 0.283, Train_accy 89.32
2025-04-17 17:14:35,905 [icarl.py] => Task 0, Epoch 141/200 => Loss 0.291, Loss_clf 0.291, Train_accy 88.77, Test_accy {'Art': 65.79, 'Clipart': 71.79, 'Real World': 64.38, 'Product': 57.65}
2025-04-17 17:14:39,078 [icarl.py] => Task 0, Epoch 142/200 => Loss 0.271, Loss_clf 0.271, Train_accy 89.45
2025-04-17 17:14:42,336 [icarl.py] => Task 0, Epoch 143/200 => Loss 0.289, Loss_clf 0.289, Train_accy 89.04
2025-04-17 17:14:45,545 [icarl.py] => Task 0, Epoch 144/200 => Loss 0.297, Loss_clf 0.297, Train_accy 89.45
2025-04-17 17:14:48,894 [icarl.py] => Task 0, Epoch 145/200 => Loss 0.304, Loss_clf 0.304, Train_accy 88.77
2025-04-17 17:14:52,060 [icarl.py] => Task 0, Epoch 146/200 => Loss 0.277, Loss_clf 0.277, Train_accy 90.41
2025-04-17 17:14:55,250 [icarl.py] => Task 0, Epoch 147/200 => Loss 0.255, Loss_clf 0.255, Train_accy 90.00
2025-04-17 17:14:58,499 [icarl.py] => Task 0, Epoch 148/200 => Loss 0.268, Loss_clf 0.268, Train_accy 90.82
2025-04-17 17:15:01,756 [icarl.py] => Task 0, Epoch 149/200 => Loss 0.234, Loss_clf 0.234, Train_accy 91.51
2025-04-17 17:15:04,896 [icarl.py] => Task 0, Epoch 150/200 => Loss 0.229, Loss_clf 0.229, Train_accy 92.74
2025-04-17 17:15:08,120 [icarl.py] => Task 0, Epoch 151/200 => Loss 0.221, Loss_clf 0.221, Train_accy 92.60
2025-04-17 17:15:11,475 [icarl.py] => Task 0, Epoch 152/200 => Loss 0.265, Loss_clf 0.265, Train_accy 92.05
2025-04-17 17:15:14,724 [icarl.py] => Task 0, Epoch 153/200 => Loss 0.232, Loss_clf 0.232, Train_accy 91.51
2025-04-17 17:15:17,879 [icarl.py] => Task 0, Epoch 154/200 => Loss 0.217, Loss_clf 0.217, Train_accy 91.51
2025-04-17 17:15:21,101 [icarl.py] => Task 0, Epoch 155/200 => Loss 0.215, Loss_clf 0.215, Train_accy 93.29
2025-04-17 17:15:24,315 [icarl.py] => Task 0, Epoch 156/200 => Loss 0.257, Loss_clf 0.257, Train_accy 92.19
2025-04-17 17:15:29,181 [icarl.py] => Task 0, Epoch 157/200 => Loss 0.247, Loss_clf 0.247, Train_accy 91.51
2025-04-17 17:15:33,726 [icarl.py] => Task 0, Epoch 158/200 => Loss 0.207, Loss_clf 0.207, Train_accy 93.29
2025-04-17 17:15:37,274 [icarl.py] => Task 0, Epoch 159/200 => Loss 0.209, Loss_clf 0.209, Train_accy 92.88
2025-04-17 17:15:40,462 [icarl.py] => Task 0, Epoch 160/200 => Loss 0.224, Loss_clf 0.224, Train_accy 91.78
2025-04-17 17:15:47,921 [icarl.py] => Task 0, Epoch 161/200 => Loss 0.232, Loss_clf 0.232, Train_accy 91.78, Test_accy {'Art': 76.32, 'Clipart': 76.92, 'Real World': 64.38, 'Product': 69.41}
2025-04-17 17:15:53,628 [icarl.py] => Task 0, Epoch 162/200 => Loss 0.225, Loss_clf 0.225, Train_accy 93.01
2025-04-17 17:15:59,394 [icarl.py] => Task 0, Epoch 163/200 => Loss 0.200, Loss_clf 0.200, Train_accy 93.70
2025-04-17 17:16:02,861 [icarl.py] => Task 0, Epoch 164/200 => Loss 0.230, Loss_clf 0.230, Train_accy 91.78
2025-04-17 17:16:06,127 [icarl.py] => Task 0, Epoch 165/200 => Loss 0.182, Loss_clf 0.182, Train_accy 93.70
2025-04-17 17:16:09,453 [icarl.py] => Task 0, Epoch 166/200 => Loss 0.169, Loss_clf 0.169, Train_accy 94.66
2025-04-17 17:16:12,533 [icarl.py] => Task 0, Epoch 167/200 => Loss 0.231, Loss_clf 0.231, Train_accy 92.47
2025-04-17 17:16:15,770 [icarl.py] => Task 0, Epoch 168/200 => Loss 0.181, Loss_clf 0.181, Train_accy 94.11
2025-04-17 17:16:18,895 [icarl.py] => Task 0, Epoch 169/200 => Loss 0.172, Loss_clf 0.172, Train_accy 93.97
2025-04-17 17:16:21,974 [icarl.py] => Task 0, Epoch 170/200 => Loss 0.191, Loss_clf 0.191, Train_accy 93.15
2025-04-17 17:16:25,176 [icarl.py] => Task 0, Epoch 171/200 => Loss 0.183, Loss_clf 0.183, Train_accy 93.29
2025-04-17 17:16:28,403 [icarl.py] => Task 0, Epoch 172/200 => Loss 0.209, Loss_clf 0.209, Train_accy 91.78
2025-04-17 17:16:31,719 [icarl.py] => Task 0, Epoch 173/200 => Loss 0.151, Loss_clf 0.151, Train_accy 95.89
2025-04-17 17:16:35,043 [icarl.py] => Task 0, Epoch 174/200 => Loss 0.144, Loss_clf 0.144, Train_accy 95.62
2025-04-17 17:16:38,476 [icarl.py] => Task 0, Epoch 175/200 => Loss 0.157, Loss_clf 0.157, Train_accy 94.79
2025-04-17 17:16:41,664 [icarl.py] => Task 0, Epoch 176/200 => Loss 0.156, Loss_clf 0.156, Train_accy 95.34
2025-04-17 17:16:44,829 [icarl.py] => Task 0, Epoch 177/200 => Loss 0.169, Loss_clf 0.169, Train_accy 94.79
2025-04-17 17:16:48,088 [icarl.py] => Task 0, Epoch 178/200 => Loss 0.184, Loss_clf 0.184, Train_accy 94.25
2025-04-17 17:16:51,308 [icarl.py] => Task 0, Epoch 179/200 => Loss 0.118, Loss_clf 0.118, Train_accy 96.99
2025-04-17 17:16:54,456 [icarl.py] => Task 0, Epoch 180/200 => Loss 0.129, Loss_clf 0.129, Train_accy 95.62
2025-04-17 17:17:01,376 [icarl.py] => Task 0, Epoch 181/200 => Loss 0.138, Loss_clf 0.138, Train_accy 95.75, Test_accy {'Art': 73.68, 'Clipart': 80.77, 'Real World': 67.12, 'Product': 69.41}
2025-04-17 17:17:04,487 [icarl.py] => Task 0, Epoch 182/200 => Loss 0.143, Loss_clf 0.143, Train_accy 96.03
2025-04-17 17:17:07,620 [icarl.py] => Task 0, Epoch 183/200 => Loss 0.152, Loss_clf 0.152, Train_accy 94.66
2025-04-17 17:17:10,985 [icarl.py] => Task 0, Epoch 184/200 => Loss 0.136, Loss_clf 0.136, Train_accy 95.21
2025-04-17 17:17:14,269 [icarl.py] => Task 0, Epoch 185/200 => Loss 0.139, Loss_clf 0.139, Train_accy 96.03
2025-04-17 17:17:17,553 [icarl.py] => Task 0, Epoch 186/200 => Loss 0.125, Loss_clf 0.125, Train_accy 96.30
2025-04-17 17:17:20,841 [icarl.py] => Task 0, Epoch 187/200 => Loss 0.138, Loss_clf 0.138, Train_accy 95.21
2025-04-17 17:17:24,024 [icarl.py] => Task 0, Epoch 188/200 => Loss 0.155, Loss_clf 0.155, Train_accy 94.52
2025-04-17 17:17:27,041 [icarl.py] => Task 0, Epoch 189/200 => Loss 0.132, Loss_clf 0.132, Train_accy 95.75
2025-04-17 17:17:30,098 [icarl.py] => Task 0, Epoch 190/200 => Loss 0.185, Loss_clf 0.185, Train_accy 93.84
2025-04-17 17:17:33,577 [icarl.py] => Task 0, Epoch 191/200 => Loss 0.128, Loss_clf 0.128, Train_accy 96.99
2025-04-17 17:17:36,895 [icarl.py] => Task 0, Epoch 192/200 => Loss 0.161, Loss_clf 0.161, Train_accy 94.79
2025-04-17 17:17:40,110 [icarl.py] => Task 0, Epoch 193/200 => Loss 0.110, Loss_clf 0.110, Train_accy 96.71
2025-04-17 17:17:43,245 [icarl.py] => Task 0, Epoch 194/200 => Loss 0.114, Loss_clf 0.114, Train_accy 96.16
2025-04-17 17:17:46,551 [icarl.py] => Task 0, Epoch 195/200 => Loss 0.138, Loss_clf 0.138, Train_accy 95.34
2025-04-17 17:17:50,015 [icarl.py] => Task 0, Epoch 196/200 => Loss 0.130, Loss_clf 0.130, Train_accy 94.79
2025-04-17 17:17:53,117 [icarl.py] => Task 0, Epoch 197/200 => Loss 0.123, Loss_clf 0.123, Train_accy 95.21
2025-04-17 17:17:56,549 [icarl.py] => Task 0, Epoch 198/200 => Loss 0.149, Loss_clf 0.149, Train_accy 94.79
2025-04-17 17:17:59,651 [icarl.py] => Task 0, Epoch 199/200 => Loss 0.171, Loss_clf 0.171, Train_accy 94.38
2025-04-17 17:18:03,025 [icarl.py] => Task 0, Epoch 200/200 => Loss 0.134, Loss_clf 0.134, Train_accy 95.34
2025-04-17 17:18:03,027 [base.py] => Reducing exemplars...(260 per classes)
2025-04-17 17:18:03,027 [base.py] => Constructing exemplars...(260 per classes)
2025-04-17 17:18:29,519 [icarl.py] => Exemplar size: 1300
2025-04-17 17:18:30,278 [trainer.py] => CNN [Art]: {'total': 73.68, '00-04': 73.68, 'old': 0, 'new': 73.68}
2025-04-17 17:18:30,278 [trainer.py] => NME [Art]: {'total': 73.68, '00-04': 73.68, 'old': 0, 'new': 73.68}
2025-04-17 17:18:30,279 [trainer.py] => CNN [Art] top1 curve: [73.68]
2025-04-17 17:18:30,279 [trainer.py] => CNN [Art] top5 curve: [100.0]
2025-04-17 17:18:30,279 [trainer.py] => NME [Art] top1 curve: [73.68]
2025-04-17 17:18:30,279 [trainer.py] => NME [Art] top5 curve: [100.0]
2025-04-17 17:18:30,279 [trainer.py] => Average Accuracy [Art] (CNN): 73.68
2025-04-17 17:18:30,279 [trainer.py] => Average Accuracy [Art] (NME): 73.68
2025-04-17 17:18:30,279 [trainer.py] => CNN [Clipart]: {'total': 76.92, '00-04': 76.92, 'old': 0, 'new': 76.92}
2025-04-17 17:18:30,279 [trainer.py] => NME [Clipart]: {'total': 78.21, '00-04': 78.21, 'old': 0, 'new': 78.21}
2025-04-17 17:18:30,279 [trainer.py] => CNN [Clipart] top1 curve: [76.92]
2025-04-17 17:18:30,279 [trainer.py] => CNN [Clipart] top5 curve: [100.0]
2025-04-17 17:18:30,279 [trainer.py] => NME [Clipart] top1 curve: [78.21]
2025-04-17 17:18:30,279 [trainer.py] => NME [Clipart] top5 curve: [100.0]
2025-04-17 17:18:30,279 [trainer.py] => Average Accuracy [Clipart] (CNN): 76.92
2025-04-17 17:18:30,279 [trainer.py] => Average Accuracy [Clipart] (NME): 78.21
2025-04-17 17:18:30,279 [trainer.py] => CNN [Product]: {'total': 70.59, '00-04': 70.59, 'old': 0, 'new': 70.59}
2025-04-17 17:18:30,279 [trainer.py] => NME [Product]: {'total': 74.12, '00-04': 74.12, 'old': 0, 'new': 74.12}
2025-04-17 17:18:30,279 [trainer.py] => CNN [Product] top1 curve: [70.59]
2025-04-17 17:18:30,279 [trainer.py] => CNN [Product] top5 curve: [100.0]
2025-04-17 17:18:30,279 [trainer.py] => NME [Product] top1 curve: [74.12]
2025-04-17 17:18:30,280 [trainer.py] => NME [Product] top5 curve: [100.0]
2025-04-17 17:18:30,280 [trainer.py] => Average Accuracy [Product] (CNN): 70.59
2025-04-17 17:18:30,280 [trainer.py] => Average Accuracy [Product] (NME): 74.12
2025-04-17 17:18:30,280 [trainer.py] => CNN [Real World]: {'total': 68.49, '00-04': 68.49, 'old': 0, 'new': 68.49}
2025-04-17 17:18:30,280 [trainer.py] => NME [Real World]: {'total': 68.49, '00-04': 68.49, 'old': 0, 'new': 68.49}
2025-04-17 17:18:30,280 [trainer.py] => CNN [Real World] top1 curve: [68.49]
2025-04-17 17:18:30,280 [trainer.py] => CNN [Real World] top5 curve: [100.0]
2025-04-17 17:18:30,280 [trainer.py] => NME [Real World] top1 curve: [68.49]
2025-04-17 17:18:30,280 [trainer.py] => NME [Real World] top5 curve: [100.0]
2025-04-17 17:18:30,280 [trainer.py] => Average Accuracy [Real World] (CNN): 68.49
2025-04-17 17:18:30,280 [trainer.py] => Average Accuracy [Real World] (NME): 68.49
2025-04-17 17:18:30,280 [trainer.py] => NME Harmonic Mean : 73.7885
2025-04-17 17:18:30,280 [trainer.py] => NME Macro Mean : 73.6250
2025-04-17 17:18:30,280 [trainer.py] => CNN Harmonic Mean : 71.7893
2025-04-17 17:18:30,280 [trainer.py] => CNN Macro Mean : 72.4200
2025-04-17 17:18:30,281 [trainer.py] => All params: 21292367
2025-04-17 17:18:30,281 [trainer.py] => Trainable params: 21292367
2025-04-17 17:18:30,282 [icarl.py] => Learning on 5-10
2025-04-17 17:18:43,587 [icarl.py] => Task 1, Epoch 1/200 => Loss 3.901, Loss_clf 2.523, Loss_kd 1.378, Train_accy 32.71, Test_accy {'Art': 18.06, 'Clipart': 17.14, 'Real World': 19.86, 'Product': 22.42}
2025-04-17 17:18:52,308 [icarl.py] => Task 1, Epoch 2/200 => Loss 3.624, Loss_clf 2.175, Loss_kd 1.449, Train_accy 27.51
2025-04-17 17:18:58,047 [icarl.py] => Task 1, Epoch 3/200 => Loss 3.239, Loss_clf 1.941, Loss_kd 1.298, Train_accy 35.88
2025-04-17 17:19:04,220 [icarl.py] => Task 1, Epoch 4/200 => Loss 3.082, Loss_clf 1.825, Loss_kd 1.257, Train_accy 37.86
2025-04-17 17:19:10,146 [icarl.py] => Task 1, Epoch 5/200 => Loss 2.953, Loss_clf 1.740, Loss_kd 1.213, Train_accy 42.49
2025-04-17 17:19:16,155 [icarl.py] => Task 1, Epoch 6/200 => Loss 2.886, Loss_clf 1.700, Loss_kd 1.186, Train_accy 43.32
2025-04-17 17:19:22,155 [icarl.py] => Task 1, Epoch 7/200 => Loss 2.776, Loss_clf 1.621, Loss_kd 1.155, Train_accy 44.31
2025-04-17 17:19:28,699 [icarl.py] => Task 1, Epoch 8/200 => Loss 2.727, Loss_clf 1.579, Loss_kd 1.148, Train_accy 45.40
2025-04-17 17:19:34,516 [icarl.py] => Task 1, Epoch 9/200 => Loss 2.724, Loss_clf 1.570, Loss_kd 1.155, Train_accy 45.92
2025-04-17 17:19:40,499 [icarl.py] => Task 1, Epoch 10/200 => Loss 2.554, Loss_clf 1.459, Loss_kd 1.096, Train_accy 49.19
2025-04-17 17:19:46,596 [icarl.py] => Task 1, Epoch 11/200 => Loss 2.609, Loss_clf 1.493, Loss_kd 1.116, Train_accy 49.25
2025-04-17 17:19:52,618 [icarl.py] => Task 1, Epoch 12/200 => Loss 2.531, Loss_clf 1.447, Loss_kd 1.084, Train_accy 50.29
2025-04-17 17:19:58,613 [icarl.py] => Task 1, Epoch 13/200 => Loss 2.441, Loss_clf 1.369, Loss_kd 1.072, Train_accy 52.11
2025-04-17 17:20:04,801 [icarl.py] => Task 1, Epoch 14/200 => Loss 2.377, Loss_clf 1.329, Loss_kd 1.048, Train_accy 53.46
2025-04-17 17:20:10,715 [icarl.py] => Task 1, Epoch 15/200 => Loss 2.376, Loss_clf 1.322, Loss_kd 1.054, Train_accy 52.99
2025-04-17 17:20:16,625 [icarl.py] => Task 1, Epoch 16/200 => Loss 2.349, Loss_clf 1.307, Loss_kd 1.042, Train_accy 54.86
2025-04-17 17:20:22,363 [icarl.py] => Task 1, Epoch 17/200 => Loss 2.285, Loss_clf 1.259, Loss_kd 1.026, Train_accy 55.69
2025-04-17 17:20:28,465 [icarl.py] => Task 1, Epoch 18/200 => Loss 2.264, Loss_clf 1.239, Loss_kd 1.026, Train_accy 57.88
2025-04-17 17:20:33,999 [icarl.py] => Task 1, Epoch 19/200 => Loss 2.248, Loss_clf 1.222, Loss_kd 1.027, Train_accy 56.16
2025-04-17 17:20:39,704 [icarl.py] => Task 1, Epoch 20/200 => Loss 2.184, Loss_clf 1.182, Loss_kd 1.002, Train_accy 57.57
2025-04-17 17:20:49,799 [icarl.py] => Task 1, Epoch 21/200 => Loss 2.201, Loss_clf 1.187, Loss_kd 1.014, Train_accy 57.31, Test_accy {'Art': 45.83, 'Clipart': 55.71, 'Real World': 52.48, 'Product': 45.45}
2025-04-17 17:20:55,488 [icarl.py] => Task 1, Epoch 22/200 => Loss 2.108, Loss_clf 1.118, Loss_kd 0.990, Train_accy 60.27
2025-04-17 17:21:01,444 [icarl.py] => Task 1, Epoch 23/200 => Loss 2.107, Loss_clf 1.109, Loss_kd 0.998, Train_accy 60.01
2025-04-17 17:21:07,429 [icarl.py] => Task 1, Epoch 24/200 => Loss 2.093, Loss_clf 1.104, Loss_kd 0.989, Train_accy 61.00
2025-04-17 17:21:12,959 [icarl.py] => Task 1, Epoch 25/200 => Loss 2.072, Loss_clf 1.094, Loss_kd 0.978, Train_accy 61.57
2025-04-17 17:21:18,496 [icarl.py] => Task 1, Epoch 26/200 => Loss 2.004, Loss_clf 1.042, Loss_kd 0.962, Train_accy 63.81
2025-04-17 17:21:24,082 [icarl.py] => Task 1, Epoch 27/200 => Loss 2.038, Loss_clf 1.042, Loss_kd 0.995, Train_accy 63.44
2025-04-17 17:21:30,077 [icarl.py] => Task 1, Epoch 28/200 => Loss 1.974, Loss_clf 1.015, Loss_kd 0.959, Train_accy 63.86
2025-04-17 17:21:35,787 [icarl.py] => Task 1, Epoch 29/200 => Loss 1.996, Loss_clf 1.031, Loss_kd 0.965, Train_accy 63.65
2025-04-17 17:21:41,626 [icarl.py] => Task 1, Epoch 30/200 => Loss 1.945, Loss_clf 0.977, Loss_kd 0.968, Train_accy 66.15
2025-04-17 17:21:47,512 [icarl.py] => Task 1, Epoch 31/200 => Loss 1.883, Loss_clf 0.947, Loss_kd 0.936, Train_accy 67.24
2025-04-17 17:21:53,131 [icarl.py] => Task 1, Epoch 32/200 => Loss 1.891, Loss_clf 0.939, Loss_kd 0.952, Train_accy 66.82
2025-04-17 17:21:58,636 [icarl.py] => Task 1, Epoch 33/200 => Loss 1.837, Loss_clf 0.900, Loss_kd 0.937, Train_accy 68.23
2025-04-17 17:22:04,198 [icarl.py] => Task 1, Epoch 34/200 => Loss 1.820, Loss_clf 0.883, Loss_kd 0.937, Train_accy 69.06
2025-04-17 17:22:10,193 [icarl.py] => Task 1, Epoch 35/200 => Loss 1.819, Loss_clf 0.880, Loss_kd 0.939, Train_accy 69.47
2025-04-17 17:22:16,292 [icarl.py] => Task 1, Epoch 36/200 => Loss 1.806, Loss_clf 0.872, Loss_kd 0.934, Train_accy 69.89
2025-04-17 17:22:21,954 [icarl.py] => Task 1, Epoch 37/200 => Loss 1.781, Loss_clf 0.843, Loss_kd 0.938, Train_accy 71.35
2025-04-17 17:22:27,553 [icarl.py] => Task 1, Epoch 38/200 => Loss 1.779, Loss_clf 0.845, Loss_kd 0.935, Train_accy 70.46
2025-04-17 17:22:33,013 [icarl.py] => Task 1, Epoch 39/200 => Loss 1.778, Loss_clf 0.843, Loss_kd 0.934, Train_accy 69.99
2025-04-17 17:22:38,450 [icarl.py] => Task 1, Epoch 40/200 => Loss 1.716, Loss_clf 0.797, Loss_kd 0.919, Train_accy 72.28
2025-04-17 17:22:48,667 [icarl.py] => Task 1, Epoch 41/200 => Loss 1.691, Loss_clf 0.768, Loss_kd 0.923, Train_accy 72.96, Test_accy {'Art': 48.61, 'Clipart': 62.14, 'Real World': 58.16, 'Product': 49.09}
2025-04-17 17:22:54,510 [icarl.py] => Task 1, Epoch 42/200 => Loss 1.723, Loss_clf 0.794, Loss_kd 0.930, Train_accy 74.31
2025-04-17 17:23:00,468 [icarl.py] => Task 1, Epoch 43/200 => Loss 1.736, Loss_clf 0.821, Loss_kd 0.915, Train_accy 71.71
2025-04-17 17:23:06,194 [icarl.py] => Task 1, Epoch 44/200 => Loss 1.634, Loss_clf 0.725, Loss_kd 0.909, Train_accy 75.56
2025-04-17 17:23:12,105 [icarl.py] => Task 1, Epoch 45/200 => Loss 1.652, Loss_clf 0.734, Loss_kd 0.918, Train_accy 75.46
2025-04-17 17:23:18,089 [icarl.py] => Task 1, Epoch 46/200 => Loss 1.601, Loss_clf 0.687, Loss_kd 0.914, Train_accy 76.50
2025-04-17 17:23:24,253 [icarl.py] => Task 1, Epoch 47/200 => Loss 1.579, Loss_clf 0.688, Loss_kd 0.891, Train_accy 76.55
2025-04-17 17:23:30,275 [icarl.py] => Task 1, Epoch 48/200 => Loss 1.567, Loss_clf 0.650, Loss_kd 0.917, Train_accy 77.12
2025-04-17 17:23:36,141 [icarl.py] => Task 1, Epoch 49/200 => Loss 1.549, Loss_clf 0.641, Loss_kd 0.908, Train_accy 78.47
2025-04-17 17:23:42,154 [icarl.py] => Task 1, Epoch 50/200 => Loss 1.572, Loss_clf 0.673, Loss_kd 0.899, Train_accy 77.69
2025-04-17 17:23:47,977 [icarl.py] => Task 1, Epoch 51/200 => Loss 1.477, Loss_clf 0.592, Loss_kd 0.885, Train_accy 80.14
2025-04-17 17:23:54,149 [icarl.py] => Task 1, Epoch 52/200 => Loss 1.538, Loss_clf 0.622, Loss_kd 0.916, Train_accy 77.64
2025-04-17 17:24:00,361 [icarl.py] => Task 1, Epoch 53/200 => Loss 1.503, Loss_clf 0.599, Loss_kd 0.904, Train_accy 78.37
2025-04-17 17:24:06,208 [icarl.py] => Task 1, Epoch 54/200 => Loss 1.510, Loss_clf 0.605, Loss_kd 0.905, Train_accy 81.12
2025-04-17 17:24:12,202 [icarl.py] => Task 1, Epoch 55/200 => Loss 1.525, Loss_clf 0.615, Loss_kd 0.910, Train_accy 78.58
2025-04-17 17:24:18,170 [icarl.py] => Task 1, Epoch 56/200 => Loss 1.580, Loss_clf 0.660, Loss_kd 0.921, Train_accy 77.22
2025-04-17 17:24:24,011 [icarl.py] => Task 1, Epoch 57/200 => Loss 1.446, Loss_clf 0.537, Loss_kd 0.909, Train_accy 82.01
2025-04-17 17:24:29,957 [icarl.py] => Task 1, Epoch 58/200 => Loss 1.463, Loss_clf 0.570, Loss_kd 0.893, Train_accy 80.66
2025-04-17 17:24:35,731 [icarl.py] => Task 1, Epoch 59/200 => Loss 1.438, Loss_clf 0.541, Loss_kd 0.897, Train_accy 82.42
2025-04-17 17:24:41,440 [icarl.py] => Task 1, Epoch 60/200 => Loss 1.400, Loss_clf 0.516, Loss_kd 0.884, Train_accy 82.16
2025-04-17 17:24:51,780 [icarl.py] => Task 1, Epoch 61/200 => Loss 1.427, Loss_clf 0.537, Loss_kd 0.890, Train_accy 81.18, Test_accy {'Art': 52.78, 'Clipart': 59.29, 'Real World': 56.74, 'Product': 42.42}
2025-04-17 17:24:57,391 [icarl.py] => Task 1, Epoch 62/200 => Loss 1.385, Loss_clf 0.494, Loss_kd 0.891, Train_accy 82.06
2025-04-17 17:25:03,314 [icarl.py] => Task 1, Epoch 63/200 => Loss 1.368, Loss_clf 0.491, Loss_kd 0.877, Train_accy 83.05
2025-04-17 17:25:09,198 [icarl.py] => Task 1, Epoch 64/200 => Loss 1.389, Loss_clf 0.505, Loss_kd 0.884, Train_accy 83.41
2025-04-17 17:25:15,019 [icarl.py] => Task 1, Epoch 65/200 => Loss 1.386, Loss_clf 0.486, Loss_kd 0.900, Train_accy 83.98
2025-04-17 17:25:20,948 [icarl.py] => Task 1, Epoch 66/200 => Loss 1.478, Loss_clf 0.559, Loss_kd 0.919, Train_accy 80.71
2025-04-17 17:25:26,850 [icarl.py] => Task 1, Epoch 67/200 => Loss 1.334, Loss_clf 0.441, Loss_kd 0.892, Train_accy 84.82
2025-04-17 17:25:33,073 [icarl.py] => Task 1, Epoch 68/200 => Loss 1.371, Loss_clf 0.492, Loss_kd 0.879, Train_accy 83.10
2025-04-17 17:25:38,911 [icarl.py] => Task 1, Epoch 69/200 => Loss 1.326, Loss_clf 0.450, Loss_kd 0.876, Train_accy 84.92
2025-04-17 17:25:44,603 [icarl.py] => Task 1, Epoch 70/200 => Loss 1.336, Loss_clf 0.451, Loss_kd 0.885, Train_accy 86.01
2025-04-17 17:25:50,527 [icarl.py] => Task 1, Epoch 71/200 => Loss 1.288, Loss_clf 0.429, Loss_kd 0.858, Train_accy 85.91
2025-04-17 17:25:56,577 [icarl.py] => Task 1, Epoch 72/200 => Loss 1.315, Loss_clf 0.427, Loss_kd 0.888, Train_accy 85.86
2025-04-17 17:26:02,562 [icarl.py] => Task 1, Epoch 73/200 => Loss 1.262, Loss_clf 0.389, Loss_kd 0.873, Train_accy 87.00
2025-04-17 17:26:08,550 [icarl.py] => Task 1, Epoch 74/200 => Loss 1.272, Loss_clf 0.397, Loss_kd 0.875, Train_accy 87.26
2025-04-17 17:26:14,827 [icarl.py] => Task 1, Epoch 75/200 => Loss 1.268, Loss_clf 0.393, Loss_kd 0.875, Train_accy 86.69
2025-04-17 17:26:20,876 [icarl.py] => Task 1, Epoch 76/200 => Loss 1.250, Loss_clf 0.380, Loss_kd 0.870, Train_accy 88.20
2025-04-17 17:26:26,782 [icarl.py] => Task 1, Epoch 77/200 => Loss 1.256, Loss_clf 0.391, Loss_kd 0.865, Train_accy 87.31
2025-04-17 17:26:32,513 [icarl.py] => Task 1, Epoch 78/200 => Loss 1.238, Loss_clf 0.357, Loss_kd 0.881, Train_accy 88.56
2025-04-17 17:26:38,239 [icarl.py] => Task 1, Epoch 79/200 => Loss 1.232, Loss_clf 0.367, Loss_kd 0.865, Train_accy 88.20
2025-04-17 17:26:43,891 [icarl.py] => Task 1, Epoch 80/200 => Loss 1.241, Loss_clf 0.362, Loss_kd 0.879, Train_accy 87.68
2025-04-17 17:26:53,915 [icarl.py] => Task 1, Epoch 81/200 => Loss 1.241, Loss_clf 0.372, Loss_kd 0.869, Train_accy 87.68, Test_accy {'Art': 56.94, 'Clipart': 68.57, 'Real World': 60.99, 'Product': 60.0}
2025-04-17 17:26:59,659 [icarl.py] => Task 1, Epoch 82/200 => Loss 1.210, Loss_clf 0.347, Loss_kd 0.863, Train_accy 88.56
2025-04-17 17:27:05,538 [icarl.py] => Task 1, Epoch 83/200 => Loss 1.222, Loss_clf 0.349, Loss_kd 0.873, Train_accy 88.40
2025-04-17 17:27:11,389 [icarl.py] => Task 1, Epoch 84/200 => Loss 1.185, Loss_clf 0.319, Loss_kd 0.866, Train_accy 90.12
2025-04-17 17:27:17,081 [icarl.py] => Task 1, Epoch 85/200 => Loss 1.196, Loss_clf 0.336, Loss_kd 0.860, Train_accy 88.51
2025-04-17 17:27:23,149 [icarl.py] => Task 1, Epoch 86/200 => Loss 1.156, Loss_clf 0.300, Loss_kd 0.856, Train_accy 90.69
2025-04-17 17:27:28,995 [icarl.py] => Task 1, Epoch 87/200 => Loss 1.191, Loss_clf 0.322, Loss_kd 0.868, Train_accy 90.02
2025-04-17 17:27:34,703 [icarl.py] => Task 1, Epoch 88/200 => Loss 1.148, Loss_clf 0.307, Loss_kd 0.841, Train_accy 90.02
2025-04-17 17:27:40,427 [icarl.py] => Task 1, Epoch 89/200 => Loss 1.145, Loss_clf 0.298, Loss_kd 0.847, Train_accy 90.64
2025-04-17 17:27:46,330 [icarl.py] => Task 1, Epoch 90/200 => Loss 1.128, Loss_clf 0.271, Loss_kd 0.857, Train_accy 92.41
2025-04-17 17:27:51,963 [icarl.py] => Task 1, Epoch 91/200 => Loss 1.150, Loss_clf 0.284, Loss_kd 0.866, Train_accy 90.95
2025-04-17 17:27:57,846 [icarl.py] => Task 1, Epoch 92/200 => Loss 1.204, Loss_clf 0.337, Loss_kd 0.867, Train_accy 89.60
2025-04-17 17:28:03,754 [icarl.py] => Task 1, Epoch 93/200 => Loss 1.155, Loss_clf 0.304, Loss_kd 0.851, Train_accy 90.48
2025-04-17 17:28:09,669 [icarl.py] => Task 1, Epoch 94/200 => Loss 1.157, Loss_clf 0.296, Loss_kd 0.861, Train_accy 90.12
2025-04-17 17:28:15,356 [icarl.py] => Task 1, Epoch 95/200 => Loss 1.104, Loss_clf 0.264, Loss_kd 0.839, Train_accy 92.04
2025-04-17 17:28:20,814 [icarl.py] => Task 1, Epoch 96/200 => Loss 1.135, Loss_clf 0.280, Loss_kd 0.855, Train_accy 91.32
2025-04-17 17:28:26,740 [icarl.py] => Task 1, Epoch 97/200 => Loss 1.121, Loss_clf 0.269, Loss_kd 0.852, Train_accy 91.58
2025-04-17 17:28:32,223 [icarl.py] => Task 1, Epoch 98/200 => Loss 1.124, Loss_clf 0.266, Loss_kd 0.857, Train_accy 91.58
2025-04-17 17:28:37,777 [icarl.py] => Task 1, Epoch 99/200 => Loss 1.138, Loss_clf 0.275, Loss_kd 0.863, Train_accy 91.47
2025-04-17 17:28:43,297 [icarl.py] => Task 1, Epoch 100/200 => Loss 1.138, Loss_clf 0.276, Loss_kd 0.862, Train_accy 91.63
2025-04-17 17:28:53,392 [icarl.py] => Task 1, Epoch 101/200 => Loss 1.157, Loss_clf 0.278, Loss_kd 0.879, Train_accy 91.47, Test_accy {'Art': 52.78, 'Clipart': 65.71, 'Real World': 63.12, 'Product': 63.64}
2025-04-17 17:28:59,201 [icarl.py] => Task 1, Epoch 102/200 => Loss 1.169, Loss_clf 0.298, Loss_kd 0.871, Train_accy 89.91
2025-04-17 17:29:05,156 [icarl.py] => Task 1, Epoch 103/200 => Loss 1.119, Loss_clf 0.286, Loss_kd 0.833, Train_accy 91.63
2025-04-17 17:29:10,996 [icarl.py] => Task 1, Epoch 104/200 => Loss 1.093, Loss_clf 0.236, Loss_kd 0.857, Train_accy 92.88
2025-04-17 17:29:16,719 [icarl.py] => Task 1, Epoch 105/200 => Loss 1.116, Loss_clf 0.261, Loss_kd 0.855, Train_accy 92.62
2025-04-17 17:29:22,724 [icarl.py] => Task 1, Epoch 106/200 => Loss 1.117, Loss_clf 0.265, Loss_kd 0.852, Train_accy 92.56
2025-04-17 17:29:28,333 [icarl.py] => Task 1, Epoch 107/200 => Loss 1.073, Loss_clf 0.235, Loss_kd 0.838, Train_accy 92.82
2025-04-17 17:29:34,219 [icarl.py] => Task 1, Epoch 108/200 => Loss 1.057, Loss_clf 0.215, Loss_kd 0.842, Train_accy 93.29
2025-04-17 17:29:39,920 [icarl.py] => Task 1, Epoch 109/200 => Loss 1.068, Loss_clf 0.219, Loss_kd 0.849, Train_accy 93.24
2025-04-17 17:29:45,568 [icarl.py] => Task 1, Epoch 110/200 => Loss 1.078, Loss_clf 0.243, Loss_kd 0.836, Train_accy 93.29
2025-04-17 17:29:51,285 [icarl.py] => Task 1, Epoch 111/200 => Loss 1.061, Loss_clf 0.210, Loss_kd 0.851, Train_accy 93.86
2025-04-17 17:29:57,216 [icarl.py] => Task 1, Epoch 112/200 => Loss 1.049, Loss_clf 0.216, Loss_kd 0.833, Train_accy 93.76
2025-04-17 17:30:02,748 [icarl.py] => Task 1, Epoch 113/200 => Loss 1.038, Loss_clf 0.201, Loss_kd 0.837, Train_accy 94.02
2025-04-17 17:30:08,332 [icarl.py] => Task 1, Epoch 114/200 => Loss 1.061, Loss_clf 0.225, Loss_kd 0.835, Train_accy 93.19
2025-04-17 17:30:14,010 [icarl.py] => Task 1, Epoch 115/200 => Loss 1.048, Loss_clf 0.202, Loss_kd 0.846, Train_accy 93.24
2025-04-17 17:30:20,015 [icarl.py] => Task 1, Epoch 116/200 => Loss 1.012, Loss_clf 0.173, Loss_kd 0.839, Train_accy 94.54
2025-04-17 17:30:25,946 [icarl.py] => Task 1, Epoch 117/200 => Loss 1.017, Loss_clf 0.168, Loss_kd 0.848, Train_accy 95.11
2025-04-17 17:30:31,600 [icarl.py] => Task 1, Epoch 118/200 => Loss 1.008, Loss_clf 0.184, Loss_kd 0.824, Train_accy 94.49
2025-04-17 17:30:37,522 [icarl.py] => Task 1, Epoch 119/200 => Loss 0.998, Loss_clf 0.170, Loss_kd 0.828, Train_accy 95.42
2025-04-17 17:30:43,374 [icarl.py] => Task 1, Epoch 120/200 => Loss 1.030, Loss_clf 0.197, Loss_kd 0.833, Train_accy 94.54
2025-04-17 17:30:53,550 [icarl.py] => Task 1, Epoch 121/200 => Loss 1.012, Loss_clf 0.190, Loss_kd 0.822, Train_accy 94.85, Test_accy {'Art': 56.94, 'Clipart': 70.0, 'Real World': 65.25, 'Product': 57.58}
2025-04-17 17:30:59,522 [icarl.py] => Task 1, Epoch 122/200 => Loss 1.035, Loss_clf 0.196, Loss_kd 0.838, Train_accy 94.38
2025-04-17 17:31:05,236 [icarl.py] => Task 1, Epoch 123/200 => Loss 1.025, Loss_clf 0.182, Loss_kd 0.843, Train_accy 94.18
2025-04-17 17:31:11,573 [icarl.py] => Task 1, Epoch 124/200 => Loss 0.990, Loss_clf 0.174, Loss_kd 0.817, Train_accy 95.11
2025-04-17 17:31:17,594 [icarl.py] => Task 1, Epoch 125/200 => Loss 0.978, Loss_clf 0.148, Loss_kd 0.831, Train_accy 96.15
2025-04-17 17:31:23,518 [icarl.py] => Task 1, Epoch 126/200 => Loss 1.034, Loss_clf 0.199, Loss_kd 0.835, Train_accy 93.86
2025-04-17 17:31:29,317 [icarl.py] => Task 1, Epoch 127/200 => Loss 1.006, Loss_clf 0.167, Loss_kd 0.840, Train_accy 94.85
2025-04-17 17:31:35,387 [icarl.py] => Task 1, Epoch 128/200 => Loss 1.002, Loss_clf 0.176, Loss_kd 0.826, Train_accy 94.70
2025-04-17 17:31:41,223 [icarl.py] => Task 1, Epoch 129/200 => Loss 0.988, Loss_clf 0.175, Loss_kd 0.813, Train_accy 95.53
2025-04-17 17:31:46,724 [icarl.py] => Task 1, Epoch 130/200 => Loss 0.991, Loss_clf 0.169, Loss_kd 0.822, Train_accy 95.11
2025-04-17 17:31:52,573 [icarl.py] => Task 1, Epoch 131/200 => Loss 0.988, Loss_clf 0.151, Loss_kd 0.837, Train_accy 95.58
2025-04-17 17:31:58,259 [icarl.py] => Task 1, Epoch 132/200 => Loss 0.990, Loss_clf 0.172, Loss_kd 0.818, Train_accy 95.22
2025-04-17 17:32:04,139 [icarl.py] => Task 1, Epoch 133/200 => Loss 0.970, Loss_clf 0.149, Loss_kd 0.820, Train_accy 95.84
2025-04-17 17:32:09,736 [icarl.py] => Task 1, Epoch 134/200 => Loss 0.989, Loss_clf 0.158, Loss_kd 0.832, Train_accy 95.32
2025-04-17 17:32:15,602 [icarl.py] => Task 1, Epoch 135/200 => Loss 0.946, Loss_clf 0.140, Loss_kd 0.807, Train_accy 96.52
2025-04-17 17:32:21,455 [icarl.py] => Task 1, Epoch 136/200 => Loss 0.949, Loss_clf 0.142, Loss_kd 0.807, Train_accy 95.89
2025-04-17 17:32:27,325 [icarl.py] => Task 1, Epoch 137/200 => Loss 0.987, Loss_clf 0.148, Loss_kd 0.839, Train_accy 95.74
2025-04-17 17:32:32,971 [icarl.py] => Task 1, Epoch 138/200 => Loss 0.947, Loss_clf 0.137, Loss_kd 0.810, Train_accy 96.20
2025-04-17 17:32:38,890 [icarl.py] => Task 1, Epoch 139/200 => Loss 0.953, Loss_clf 0.131, Loss_kd 0.822, Train_accy 96.52
2025-04-17 17:32:44,566 [icarl.py] => Task 1, Epoch 140/200 => Loss 0.970, Loss_clf 0.158, Loss_kd 0.812, Train_accy 96.00
2025-04-17 17:32:55,015 [icarl.py] => Task 1, Epoch 141/200 => Loss 0.943, Loss_clf 0.138, Loss_kd 0.805, Train_accy 95.89, Test_accy {'Art': 55.56, 'Clipart': 73.57, 'Real World': 65.25, 'Product': 56.97}
2025-04-17 17:33:00,719 [icarl.py] => Task 1, Epoch 142/200 => Loss 0.949, Loss_clf 0.128, Loss_kd 0.821, Train_accy 96.93
2025-04-17 17:33:06,615 [icarl.py] => Task 1, Epoch 143/200 => Loss 0.933, Loss_clf 0.123, Loss_kd 0.810, Train_accy 96.78
2025-04-17 17:33:12,090 [icarl.py] => Task 1, Epoch 144/200 => Loss 0.923, Loss_clf 0.116, Loss_kd 0.807, Train_accy 96.78
2025-04-17 17:33:18,229 [icarl.py] => Task 1, Epoch 145/200 => Loss 0.939, Loss_clf 0.119, Loss_kd 0.820, Train_accy 96.52
2025-04-17 17:33:24,121 [icarl.py] => Task 1, Epoch 146/200 => Loss 0.954, Loss_clf 0.133, Loss_kd 0.822, Train_accy 96.67
2025-04-17 17:33:29,598 [icarl.py] => Task 1, Epoch 147/200 => Loss 0.941, Loss_clf 0.124, Loss_kd 0.817, Train_accy 96.52
2025-04-17 17:33:35,581 [icarl.py] => Task 1, Epoch 148/200 => Loss 0.938, Loss_clf 0.114, Loss_kd 0.824, Train_accy 96.57
2025-04-17 17:33:41,317 [icarl.py] => Task 1, Epoch 149/200 => Loss 0.917, Loss_clf 0.107, Loss_kd 0.810, Train_accy 97.09
2025-04-17 17:33:47,057 [icarl.py] => Task 1, Epoch 150/200 => Loss 0.926, Loss_clf 0.109, Loss_kd 0.817, Train_accy 96.78
2025-04-17 17:33:52,796 [icarl.py] => Task 1, Epoch 151/200 => Loss 0.920, Loss_clf 0.109, Loss_kd 0.811, Train_accy 97.24
2025-04-17 17:33:58,495 [icarl.py] => Task 1, Epoch 152/200 => Loss 0.920, Loss_clf 0.119, Loss_kd 0.802, Train_accy 97.09
2025-04-17 17:34:04,443 [icarl.py] => Task 1, Epoch 153/200 => Loss 0.924, Loss_clf 0.120, Loss_kd 0.804, Train_accy 96.93
2025-04-17 17:34:10,233 [icarl.py] => Task 1, Epoch 154/200 => Loss 0.908, Loss_clf 0.105, Loss_kd 0.802, Train_accy 96.93
2025-04-17 17:34:15,932 [icarl.py] => Task 1, Epoch 155/200 => Loss 0.917, Loss_clf 0.107, Loss_kd 0.810, Train_accy 97.24
2025-04-17 17:34:21,749 [icarl.py] => Task 1, Epoch 156/200 => Loss 0.911, Loss_clf 0.110, Loss_kd 0.801, Train_accy 97.04
2025-04-17 17:34:27,615 [icarl.py] => Task 1, Epoch 157/200 => Loss 0.914, Loss_clf 0.098, Loss_kd 0.816, Train_accy 97.71
2025-04-17 17:34:33,464 [icarl.py] => Task 1, Epoch 158/200 => Loss 0.886, Loss_clf 0.089, Loss_kd 0.797, Train_accy 97.87
2025-04-17 17:34:39,050 [icarl.py] => Task 1, Epoch 159/200 => Loss 0.910, Loss_clf 0.107, Loss_kd 0.803, Train_accy 97.24
2025-04-17 17:34:45,098 [icarl.py] => Task 1, Epoch 160/200 => Loss 0.912, Loss_clf 0.101, Loss_kd 0.811, Train_accy 97.50
2025-04-17 17:34:55,606 [icarl.py] => Task 1, Epoch 161/200 => Loss 0.880, Loss_clf 0.089, Loss_kd 0.792, Train_accy 97.71, Test_accy {'Art': 55.56, 'Clipart': 72.86, 'Real World': 65.96, 'Product': 53.94}
2025-04-17 17:35:01,666 [icarl.py] => Task 1, Epoch 162/200 => Loss 0.923, Loss_clf 0.110, Loss_kd 0.814, Train_accy 97.14
2025-04-17 17:35:07,400 [icarl.py] => Task 1, Epoch 163/200 => Loss 0.912, Loss_clf 0.099, Loss_kd 0.813, Train_accy 97.71
2025-04-17 17:35:13,142 [icarl.py] => Task 1, Epoch 164/200 => Loss 0.898, Loss_clf 0.097, Loss_kd 0.801, Train_accy 97.50
2025-04-17 17:35:18,873 [icarl.py] => Task 1, Epoch 165/200 => Loss 0.905, Loss_clf 0.102, Loss_kd 0.803, Train_accy 97.35
2025-04-17 17:35:24,564 [icarl.py] => Task 1, Epoch 166/200 => Loss 0.889, Loss_clf 0.098, Loss_kd 0.792, Train_accy 97.66
2025-04-17 17:35:30,196 [icarl.py] => Task 1, Epoch 167/200 => Loss 0.896, Loss_clf 0.089, Loss_kd 0.807, Train_accy 97.76
2025-04-17 17:35:35,686 [icarl.py] => Task 1, Epoch 168/200 => Loss 0.878, Loss_clf 0.092, Loss_kd 0.786, Train_accy 97.97
2025-04-17 17:35:41,182 [icarl.py] => Task 1, Epoch 169/200 => Loss 0.895, Loss_clf 0.103, Loss_kd 0.793, Train_accy 97.19
2025-04-17 17:35:46,595 [icarl.py] => Task 1, Epoch 170/200 => Loss 0.906, Loss_clf 0.096, Loss_kd 0.811, Train_accy 97.40
2025-04-17 17:35:52,583 [icarl.py] => Task 1, Epoch 171/200 => Loss 0.884, Loss_clf 0.083, Loss_kd 0.800, Train_accy 98.13
2025-04-17 17:35:58,303 [icarl.py] => Task 1, Epoch 172/200 => Loss 0.900, Loss_clf 0.093, Loss_kd 0.806, Train_accy 97.82
2025-04-17 17:36:04,038 [icarl.py] => Task 1, Epoch 173/200 => Loss 0.902, Loss_clf 0.102, Loss_kd 0.800, Train_accy 97.14
2025-04-17 17:36:09,642 [icarl.py] => Task 1, Epoch 174/200 => Loss 0.895, Loss_clf 0.092, Loss_kd 0.803, Train_accy 97.97
2025-04-17 17:36:15,408 [icarl.py] => Task 1, Epoch 175/200 => Loss 0.914, Loss_clf 0.098, Loss_kd 0.816, Train_accy 97.45
2025-04-17 17:36:21,267 [icarl.py] => Task 1, Epoch 176/200 => Loss 0.874, Loss_clf 0.089, Loss_kd 0.784, Train_accy 97.87
2025-04-17 17:36:27,118 [icarl.py] => Task 1, Epoch 177/200 => Loss 0.895, Loss_clf 0.102, Loss_kd 0.793, Train_accy 97.56
2025-04-17 17:36:33,034 [icarl.py] => Task 1, Epoch 178/200 => Loss 0.896, Loss_clf 0.097, Loss_kd 0.799, Train_accy 97.35
2025-04-17 17:36:38,784 [icarl.py] => Task 1, Epoch 179/200 => Loss 0.890, Loss_clf 0.090, Loss_kd 0.800, Train_accy 97.82
2025-04-17 17:36:44,516 [icarl.py] => Task 1, Epoch 180/200 => Loss 0.891, Loss_clf 0.094, Loss_kd 0.797, Train_accy 97.66
2025-04-17 17:36:54,555 [icarl.py] => Task 1, Epoch 181/200 => Loss 0.881, Loss_clf 0.094, Loss_kd 0.787, Train_accy 97.82, Test_accy {'Art': 58.33, 'Clipart': 72.14, 'Real World': 66.67, 'Product': 56.97}
2025-04-17 17:37:00,110 [icarl.py] => Task 1, Epoch 182/200 => Loss 0.901, Loss_clf 0.093, Loss_kd 0.808, Train_accy 97.56
2025-04-17 17:37:06,005 [icarl.py] => Task 1, Epoch 183/200 => Loss 0.910, Loss_clf 0.100, Loss_kd 0.811, Train_accy 97.30
2025-04-17 17:37:11,680 [icarl.py] => Task 1, Epoch 184/200 => Loss 0.877, Loss_clf 0.090, Loss_kd 0.787, Train_accy 97.56
2025-04-17 17:37:17,709 [icarl.py] => Task 1, Epoch 185/200 => Loss 0.895, Loss_clf 0.093, Loss_kd 0.802, Train_accy 97.82
2025-04-17 17:37:23,085 [icarl.py] => Task 1, Epoch 186/200 => Loss 0.883, Loss_clf 0.085, Loss_kd 0.798, Train_accy 97.87
2025-04-17 17:37:28,947 [icarl.py] => Task 1, Epoch 187/200 => Loss 0.896, Loss_clf 0.088, Loss_kd 0.807, Train_accy 97.97
2025-04-17 17:37:34,915 [icarl.py] => Task 1, Epoch 188/200 => Loss 0.880, Loss_clf 0.080, Loss_kd 0.800, Train_accy 98.49
2025-04-17 17:37:40,717 [icarl.py] => Task 1, Epoch 189/200 => Loss 0.874, Loss_clf 0.080, Loss_kd 0.794, Train_accy 98.23
2025-04-17 17:37:46,374 [icarl.py] => Task 1, Epoch 190/200 => Loss 0.895, Loss_clf 0.099, Loss_kd 0.796, Train_accy 97.71
2025-04-17 17:37:52,108 [icarl.py] => Task 1, Epoch 191/200 => Loss 0.883, Loss_clf 0.081, Loss_kd 0.802, Train_accy 97.82
2025-04-17 17:37:57,766 [icarl.py] => Task 1, Epoch 192/200 => Loss 0.860, Loss_clf 0.078, Loss_kd 0.783, Train_accy 98.18
2025-04-17 17:38:03,577 [icarl.py] => Task 1, Epoch 193/200 => Loss 0.887, Loss_clf 0.086, Loss_kd 0.801, Train_accy 98.02
2025-04-17 17:38:09,787 [icarl.py] => Task 1, Epoch 194/200 => Loss 0.886, Loss_clf 0.091, Loss_kd 0.795, Train_accy 97.45
2025-04-17 17:38:15,813 [icarl.py] => Task 1, Epoch 195/200 => Loss 0.885, Loss_clf 0.084, Loss_kd 0.801, Train_accy 98.28
2025-04-17 17:38:22,014 [icarl.py] => Task 1, Epoch 196/200 => Loss 0.893, Loss_clf 0.088, Loss_kd 0.805, Train_accy 97.87
2025-04-17 17:38:27,874 [icarl.py] => Task 1, Epoch 197/200 => Loss 0.901, Loss_clf 0.102, Loss_kd 0.799, Train_accy 97.40
2025-04-17 17:38:33,365 [icarl.py] => Task 1, Epoch 198/200 => Loss 0.887, Loss_clf 0.091, Loss_kd 0.796, Train_accy 97.82
2025-04-17 17:38:39,048 [icarl.py] => Task 1, Epoch 199/200 => Loss 0.867, Loss_clf 0.082, Loss_kd 0.784, Train_accy 97.76
2025-04-17 17:38:44,655 [icarl.py] => Task 1, Epoch 200/200 => Loss 0.907, Loss_clf 0.097, Loss_kd 0.810, Train_accy 97.14
2025-04-17 17:38:44,657 [base.py] => Reducing exemplars...(130 per classes)
2025-04-17 17:38:51,289 [base.py] => Constructing exemplars...(130 per classes)
2025-04-17 17:39:10,545 [icarl.py] => Exemplar size: 1300
2025-04-17 17:39:11,386 [trainer.py] => CNN [Art]: {'total': 61.11, '00-04': 65.79, '05-09': 55.88, 'old': 65.79, 'new': 55.88}
2025-04-17 17:39:11,386 [trainer.py] => NME [Art]: {'total': 55.56, '00-04': 57.89, '05-09': 52.94, 'old': 57.89, 'new': 52.94}
2025-04-17 17:39:11,386 [trainer.py] => CNN [Art] top1 curve: [73.68, 61.11]
2025-04-17 17:39:11,386 [trainer.py] => CNN [Art] top5 curve: [100.0, 88.89]
2025-04-17 17:39:11,387 [trainer.py] => NME [Art] top1 curve: [73.68, 55.56]
2025-04-17 17:39:11,387 [trainer.py] => NME [Art] top5 curve: [100.0, 91.67]
2025-04-17 17:39:11,387 [trainer.py] => Average Accuracy [Art] (CNN): 67.39500000000001
2025-04-17 17:39:11,387 [trainer.py] => Average Accuracy [Art] (NME): 64.62
2025-04-17 17:39:11,387 [trainer.py] => CNN [Clipart]: {'total': 70.0, '00-04': 75.64, '05-09': 62.9, 'old': 75.64, 'new': 62.9}
2025-04-17 17:39:11,387 [trainer.py] => NME [Clipart]: {'total': 70.0, '00-04': 73.08, '05-09': 66.13, 'old': 73.08, 'new': 66.13}
2025-04-17 17:39:11,387 [trainer.py] => CNN [Clipart] top1 curve: [76.92, 70.0]
2025-04-17 17:39:11,387 [trainer.py] => CNN [Clipart] top5 curve: [100.0, 93.57]
2025-04-17 17:39:11,387 [trainer.py] => NME [Clipart] top1 curve: [78.21, 70.0]
2025-04-17 17:39:11,387 [trainer.py] => NME [Clipart] top5 curve: [100.0, 92.14]
2025-04-17 17:39:11,387 [trainer.py] => Average Accuracy [Clipart] (CNN): 73.46000000000001
2025-04-17 17:39:11,387 [trainer.py] => Average Accuracy [Clipart] (NME): 74.10499999999999
2025-04-17 17:39:11,387 [trainer.py] => CNN [Product]: {'total': 54.55, '00-04': 64.71, '05-09': 43.75, 'old': 64.71, 'new': 43.75}
2025-04-17 17:39:11,387 [trainer.py] => NME [Product]: {'total': 53.94, '00-04': 61.18, '05-09': 46.25, 'old': 61.18, 'new': 46.25}
2025-04-17 17:39:11,387 [trainer.py] => CNN [Product] top1 curve: [70.59, 54.55]
2025-04-17 17:39:11,387 [trainer.py] => CNN [Product] top5 curve: [100.0, 88.48]
2025-04-17 17:39:11,387 [trainer.py] => NME [Product] top1 curve: [74.12, 53.94]
2025-04-17 17:39:11,387 [trainer.py] => NME [Product] top5 curve: [100.0, 92.73]
2025-04-17 17:39:11,387 [trainer.py] => Average Accuracy [Product] (CNN): 62.57
2025-04-17 17:39:11,387 [trainer.py] => Average Accuracy [Product] (NME): 64.03
2025-04-17 17:39:11,387 [trainer.py] => CNN [Real World]: {'total': 68.09, '00-04': 72.6, '05-09': 63.24, 'old': 72.6, 'new': 63.24}
2025-04-17 17:39:11,387 [trainer.py] => NME [Real World]: {'total': 67.38, '00-04': 71.23, '05-09': 63.24, 'old': 71.23, 'new': 63.24}
2025-04-17 17:39:11,387 [trainer.py] => CNN [Real World] top1 curve: [68.49, 68.09]
2025-04-17 17:39:11,387 [trainer.py] => CNN [Real World] top5 curve: [100.0, 91.49]
2025-04-17 17:39:11,387 [trainer.py] => NME [Real World] top1 curve: [68.49, 67.38]
2025-04-17 17:39:11,388 [trainer.py] => NME [Real World] top5 curve: [100.0, 94.33]
2025-04-17 17:39:11,388 [trainer.py] => Average Accuracy [Real World] (CNN): 68.28999999999999
2025-04-17 17:39:11,388 [trainer.py] => Average Accuracy [Real World] (NME): 67.935
2025-04-17 17:39:11,388 [trainer.py] => NME Harmonic Mean : 58.6717
2025-04-17 17:39:11,388 [trainer.py] => NME Macro Mean : 61.7200
2025-04-17 17:39:11,388 [trainer.py] => CNN Harmonic Mean : 59.8945
2025-04-17 17:39:11,388 [trainer.py] => CNN Macro Mean : 63.4375
2025-04-17 17:39:11,388 [trainer.py] => All params: 21294932
2025-04-17 17:39:11,389 [trainer.py] => Trainable params: 21294932
2025-04-17 17:39:11,390 [icarl.py] => Learning on 10-15
2025-04-17 17:39:21,832 [icarl.py] => Task 2, Epoch 1/200 => Loss 3.732, Loss_clf 2.212, Loss_kd 1.519, Train_accy 44.15, Test_accy {'Art': 24.77, 'Clipart': 28.16, 'Real World': 27.7, 'Product': 24.67}
2025-04-17 17:39:27,926 [icarl.py] => Task 2, Epoch 2/200 => Loss 3.276, Loss_clf 1.749, Loss_kd 1.527, Train_accy 43.80
2025-04-17 17:39:33,706 [icarl.py] => Task 2, Epoch 3/200 => Loss 2.971, Loss_clf 1.545, Loss_kd 1.426, Train_accy 50.89
2025-04-17 17:39:39,433 [icarl.py] => Task 2, Epoch 4/200 => Loss 2.862, Loss_clf 1.458, Loss_kd 1.403, Train_accy 53.01
2025-04-17 17:39:45,324 [icarl.py] => Task 2, Epoch 5/200 => Loss 2.758, Loss_clf 1.386, Loss_kd 1.372, Train_accy 56.41
2025-04-17 17:39:50,980 [icarl.py] => Task 2, Epoch 6/200 => Loss 2.672, Loss_clf 1.325, Loss_kd 1.347, Train_accy 57.37
2025-04-17 17:39:57,103 [icarl.py] => Task 2, Epoch 7/200 => Loss 2.572, Loss_clf 1.252, Loss_kd 1.320, Train_accy 60.05
2025-04-17 17:40:02,814 [icarl.py] => Task 2, Epoch 8/200 => Loss 2.516, Loss_clf 1.208, Loss_kd 1.308, Train_accy 60.86
2025-04-17 17:40:08,712 [icarl.py] => Task 2, Epoch 9/200 => Loss 2.433, Loss_clf 1.141, Loss_kd 1.292, Train_accy 64.66
2025-04-17 17:40:14,473 [icarl.py] => Task 2, Epoch 10/200 => Loss 2.336, Loss_clf 1.071, Loss_kd 1.265, Train_accy 66.28
2025-04-17 17:40:20,366 [icarl.py] => Task 2, Epoch 11/200 => Loss 2.308, Loss_clf 1.046, Loss_kd 1.263, Train_accy 66.23
2025-04-17 17:40:26,027 [icarl.py] => Task 2, Epoch 12/200 => Loss 2.329, Loss_clf 1.051, Loss_kd 1.277, Train_accy 65.47
2025-04-17 17:40:31,745 [icarl.py] => Task 2, Epoch 13/200 => Loss 2.272, Loss_clf 1.028, Loss_kd 1.244, Train_accy 67.59
2025-04-17 17:40:37,602 [icarl.py] => Task 2, Epoch 14/200 => Loss 2.260, Loss_clf 1.002, Loss_kd 1.258, Train_accy 68.00
2025-04-17 17:40:43,545 [icarl.py] => Task 2, Epoch 15/200 => Loss 2.177, Loss_clf 0.930, Loss_kd 1.247, Train_accy 71.14
2025-04-17 17:40:49,346 [icarl.py] => Task 2, Epoch 16/200 => Loss 2.156, Loss_clf 0.921, Loss_kd 1.235, Train_accy 70.53
2025-04-17 17:40:54,982 [icarl.py] => Task 2, Epoch 17/200 => Loss 2.077, Loss_clf 0.865, Loss_kd 1.212, Train_accy 72.00
2025-04-17 17:41:00,609 [icarl.py] => Task 2, Epoch 18/200 => Loss 2.024, Loss_clf 0.818, Loss_kd 1.206, Train_accy 74.38
2025-04-17 17:41:06,270 [icarl.py] => Task 2, Epoch 19/200 => Loss 2.058, Loss_clf 0.833, Loss_kd 1.225, Train_accy 73.82
2025-04-17 17:41:11,922 [icarl.py] => Task 2, Epoch 20/200 => Loss 1.988, Loss_clf 0.784, Loss_kd 1.204, Train_accy 74.73
2025-04-17 17:41:22,546 [icarl.py] => Task 2, Epoch 21/200 => Loss 1.909, Loss_clf 0.727, Loss_kd 1.182, Train_accy 76.71, Test_accy {'Art': 40.37, 'Clipart': 53.88, 'Real World': 46.95, 'Product': 48.02}
2025-04-17 17:41:28,204 [icarl.py] => Task 2, Epoch 22/200 => Loss 2.020, Loss_clf 0.805, Loss_kd 1.214, Train_accy 73.87
2025-04-17 17:41:34,083 [icarl.py] => Task 2, Epoch 23/200 => Loss 1.927, Loss_clf 0.733, Loss_kd 1.195, Train_accy 77.87
2025-04-17 17:41:40,137 [icarl.py] => Task 2, Epoch 24/200 => Loss 1.946, Loss_clf 0.745, Loss_kd 1.201, Train_accy 75.90
2025-04-17 17:41:46,063 [icarl.py] => Task 2, Epoch 25/200 => Loss 1.922, Loss_clf 0.719, Loss_kd 1.202, Train_accy 76.66
2025-04-17 17:41:51,742 [icarl.py] => Task 2, Epoch 26/200 => Loss 1.858, Loss_clf 0.684, Loss_kd 1.174, Train_accy 78.18
2025-04-17 17:41:57,360 [icarl.py] => Task 2, Epoch 27/200 => Loss 1.857, Loss_clf 0.678, Loss_kd 1.180, Train_accy 79.49
2025-04-17 17:42:03,136 [icarl.py] => Task 2, Epoch 28/200 => Loss 1.803, Loss_clf 0.625, Loss_kd 1.178, Train_accy 81.06
2025-04-17 17:42:08,889 [icarl.py] => Task 2, Epoch 29/200 => Loss 1.810, Loss_clf 0.635, Loss_kd 1.175, Train_accy 80.25
2025-04-17 17:42:14,662 [icarl.py] => Task 2, Epoch 30/200 => Loss 1.799, Loss_clf 0.628, Loss_kd 1.171, Train_accy 79.90
2025-04-17 17:42:20,332 [icarl.py] => Task 2, Epoch 31/200 => Loss 1.782, Loss_clf 0.606, Loss_kd 1.176, Train_accy 81.01
2025-04-17 17:42:25,872 [icarl.py] => Task 2, Epoch 32/200 => Loss 1.741, Loss_clf 0.566, Loss_kd 1.175, Train_accy 81.27
2025-04-17 17:42:31,625 [icarl.py] => Task 2, Epoch 33/200 => Loss 1.709, Loss_clf 0.559, Loss_kd 1.150, Train_accy 81.97
2025-04-17 17:42:37,412 [icarl.py] => Task 2, Epoch 34/200 => Loss 1.748, Loss_clf 0.584, Loss_kd 1.165, Train_accy 82.33
2025-04-17 17:42:43,060 [icarl.py] => Task 2, Epoch 35/200 => Loss 1.671, Loss_clf 0.526, Loss_kd 1.144, Train_accy 84.56
2025-04-17 17:42:48,513 [icarl.py] => Task 2, Epoch 36/200 => Loss 1.712, Loss_clf 0.549, Loss_kd 1.163, Train_accy 82.99
2025-04-17 17:42:54,249 [icarl.py] => Task 2, Epoch 37/200 => Loss 1.705, Loss_clf 0.534, Loss_kd 1.170, Train_accy 83.90
2025-04-17 17:43:00,093 [icarl.py] => Task 2, Epoch 38/200 => Loss 1.709, Loss_clf 0.542, Loss_kd 1.167, Train_accy 82.58
2025-04-17 17:43:05,912 [icarl.py] => Task 2, Epoch 39/200 => Loss 1.697, Loss_clf 0.524, Loss_kd 1.173, Train_accy 83.65
2025-04-17 17:43:11,592 [icarl.py] => Task 2, Epoch 40/200 => Loss 1.661, Loss_clf 0.510, Loss_kd 1.152, Train_accy 83.65
2025-04-17 17:43:22,005 [icarl.py] => Task 2, Epoch 41/200 => Loss 1.662, Loss_clf 0.508, Loss_kd 1.155, Train_accy 84.15, Test_accy {'Art': 43.12, 'Clipart': 66.02, 'Real World': 55.4, 'Product': 47.58}
2025-04-17 17:43:27,976 [icarl.py] => Task 2, Epoch 42/200 => Loss 1.556, Loss_clf 0.416, Loss_kd 1.139, Train_accy 86.48
2025-04-17 17:43:33,797 [icarl.py] => Task 2, Epoch 43/200 => Loss 1.664, Loss_clf 0.510, Loss_kd 1.153, Train_accy 84.41
2025-04-17 17:43:39,468 [icarl.py] => Task 2, Epoch 44/200 => Loss 1.591, Loss_clf 0.448, Loss_kd 1.143, Train_accy 86.18
2025-04-17 17:43:45,150 [icarl.py] => Task 2, Epoch 45/200 => Loss 1.608, Loss_clf 0.463, Loss_kd 1.145, Train_accy 86.13
2025-04-17 17:43:50,773 [icarl.py] => Task 2, Epoch 46/200 => Loss 1.545, Loss_clf 0.411, Loss_kd 1.134, Train_accy 87.85
2025-04-17 17:43:56,602 [icarl.py] => Task 2, Epoch 47/200 => Loss 1.513, Loss_clf 0.390, Loss_kd 1.124, Train_accy 87.14
2025-04-17 17:44:02,215 [icarl.py] => Task 2, Epoch 48/200 => Loss 1.584, Loss_clf 0.432, Loss_kd 1.153, Train_accy 87.70
2025-04-17 17:44:07,611 [icarl.py] => Task 2, Epoch 49/200 => Loss 1.490, Loss_clf 0.376, Loss_kd 1.114, Train_accy 87.85
2025-04-17 17:44:13,033 [icarl.py] => Task 2, Epoch 50/200 => Loss 1.441, Loss_clf 0.340, Loss_kd 1.101, Train_accy 90.13
2025-04-17 17:44:18,777 [icarl.py] => Task 2, Epoch 51/200 => Loss 1.522, Loss_clf 0.408, Loss_kd 1.114, Train_accy 87.29
2025-04-17 17:44:24,463 [icarl.py] => Task 2, Epoch 52/200 => Loss 1.568, Loss_clf 0.428, Loss_kd 1.140, Train_accy 86.53
2025-04-17 17:44:30,038 [icarl.py] => Task 2, Epoch 53/200 => Loss 1.528, Loss_clf 0.402, Loss_kd 1.126, Train_accy 88.05
2025-04-17 17:44:35,773 [icarl.py] => Task 2, Epoch 54/200 => Loss 1.521, Loss_clf 0.403, Loss_kd 1.118, Train_accy 87.80
2025-04-17 17:44:41,168 [icarl.py] => Task 2, Epoch 55/200 => Loss 1.443, Loss_clf 0.330, Loss_kd 1.114, Train_accy 89.37
2025-04-17 17:44:46,606 [icarl.py] => Task 2, Epoch 56/200 => Loss 1.482, Loss_clf 0.365, Loss_kd 1.117, Train_accy 89.22
2025-04-17 17:44:52,069 [icarl.py] => Task 2, Epoch 57/200 => Loss 1.461, Loss_clf 0.348, Loss_kd 1.114, Train_accy 89.11
2025-04-17 17:44:57,457 [icarl.py] => Task 2, Epoch 58/200 => Loss 1.469, Loss_clf 0.358, Loss_kd 1.111, Train_accy 88.81
2025-04-17 17:45:02,898 [icarl.py] => Task 2, Epoch 59/200 => Loss 1.398, Loss_clf 0.307, Loss_kd 1.090, Train_accy 90.73
2025-04-17 17:45:08,795 [icarl.py] => Task 2, Epoch 60/200 => Loss 1.403, Loss_clf 0.310, Loss_kd 1.093, Train_accy 89.72
2025-04-17 17:45:18,988 [icarl.py] => Task 2, Epoch 61/200 => Loss 1.436, Loss_clf 0.336, Loss_kd 1.100, Train_accy 89.67, Test_accy {'Art': 42.2, 'Clipart': 62.62, 'Real World': 49.77, 'Product': 49.34}
2025-04-17 17:45:24,639 [icarl.py] => Task 2, Epoch 62/200 => Loss 1.420, Loss_clf 0.318, Loss_kd 1.103, Train_accy 90.53
2025-04-17 17:45:30,306 [icarl.py] => Task 2, Epoch 63/200 => Loss 1.399, Loss_clf 0.306, Loss_kd 1.093, Train_accy 90.23
2025-04-17 17:45:36,128 [icarl.py] => Task 2, Epoch 64/200 => Loss 1.372, Loss_clf 0.286, Loss_kd 1.086, Train_accy 91.29
2025-04-17 17:45:42,063 [icarl.py] => Task 2, Epoch 65/200 => Loss 1.380, Loss_clf 0.288, Loss_kd 1.092, Train_accy 91.85
2025-04-17 17:45:47,877 [icarl.py] => Task 2, Epoch 66/200 => Loss 1.377, Loss_clf 0.282, Loss_kd 1.095, Train_accy 91.49
2025-04-17 17:45:53,749 [icarl.py] => Task 2, Epoch 67/200 => Loss 1.374, Loss_clf 0.276, Loss_kd 1.097, Train_accy 91.59
2025-04-17 17:45:59,411 [icarl.py] => Task 2, Epoch 68/200 => Loss 1.348, Loss_clf 0.272, Loss_kd 1.076, Train_accy 91.95
2025-04-17 17:46:05,165 [icarl.py] => Task 2, Epoch 69/200 => Loss 1.359, Loss_clf 0.276, Loss_kd 1.084, Train_accy 91.29
2025-04-17 17:46:10,803 [icarl.py] => Task 2, Epoch 70/200 => Loss 1.395, Loss_clf 0.304, Loss_kd 1.090, Train_accy 90.18
2025-04-17 17:46:16,504 [icarl.py] => Task 2, Epoch 71/200 => Loss 1.390, Loss_clf 0.284, Loss_kd 1.106, Train_accy 91.34
2025-04-17 17:46:22,406 [icarl.py] => Task 2, Epoch 72/200 => Loss 1.371, Loss_clf 0.270, Loss_kd 1.102, Train_accy 92.30
2025-04-17 17:46:28,128 [icarl.py] => Task 2, Epoch 73/200 => Loss 1.339, Loss_clf 0.250, Loss_kd 1.089, Train_accy 92.76
2025-04-17 17:46:33,904 [icarl.py] => Task 2, Epoch 74/200 => Loss 1.354, Loss_clf 0.260, Loss_kd 1.093, Train_accy 92.41
2025-04-17 17:46:39,743 [icarl.py] => Task 2, Epoch 75/200 => Loss 1.354, Loss_clf 0.270, Loss_kd 1.083, Train_accy 92.15
2025-04-17 17:46:45,500 [icarl.py] => Task 2, Epoch 76/200 => Loss 1.313, Loss_clf 0.249, Loss_kd 1.064, Train_accy 92.51
2025-04-17 17:46:51,563 [icarl.py] => Task 2, Epoch 77/200 => Loss 1.336, Loss_clf 0.261, Loss_kd 1.074, Train_accy 91.75
2025-04-17 17:46:57,425 [icarl.py] => Task 2, Epoch 78/200 => Loss 1.352, Loss_clf 0.289, Loss_kd 1.063, Train_accy 91.34
2025-04-17 17:47:03,303 [icarl.py] => Task 2, Epoch 79/200 => Loss 1.312, Loss_clf 0.240, Loss_kd 1.072, Train_accy 93.01
2025-04-17 17:47:09,022 [icarl.py] => Task 2, Epoch 80/200 => Loss 1.284, Loss_clf 0.218, Loss_kd 1.066, Train_accy 93.72
2025-04-17 17:47:19,296 [icarl.py] => Task 2, Epoch 81/200 => Loss 1.301, Loss_clf 0.227, Loss_kd 1.074, Train_accy 93.82, Test_accy {'Art': 48.62, 'Clipart': 70.87, 'Real World': 58.69, 'Product': 51.54}
2025-04-17 17:47:24,954 [icarl.py] => Task 2, Epoch 82/200 => Loss 1.321, Loss_clf 0.246, Loss_kd 1.075, Train_accy 92.46
2025-04-17 17:47:31,125 [icarl.py] => Task 2, Epoch 83/200 => Loss 1.323, Loss_clf 0.245, Loss_kd 1.079, Train_accy 93.42
2025-04-17 17:47:37,097 [icarl.py] => Task 2, Epoch 84/200 => Loss 1.288, Loss_clf 0.214, Loss_kd 1.074, Train_accy 94.28
2025-04-17 17:47:42,727 [icarl.py] => Task 2, Epoch 85/200 => Loss 1.288, Loss_clf 0.217, Loss_kd 1.071, Train_accy 93.22
2025-04-17 17:47:48,447 [icarl.py] => Task 2, Epoch 86/200 => Loss 1.278, Loss_clf 0.221, Loss_kd 1.057, Train_accy 93.77
2025-04-17 17:47:54,173 [icarl.py] => Task 2, Epoch 87/200 => Loss 1.282, Loss_clf 0.217, Loss_kd 1.065, Train_accy 93.52
2025-04-17 17:48:00,021 [icarl.py] => Task 2, Epoch 88/200 => Loss 1.269, Loss_clf 0.203, Loss_kd 1.066, Train_accy 93.87
2025-04-17 17:48:05,821 [icarl.py] => Task 2, Epoch 89/200 => Loss 1.283, Loss_clf 0.227, Loss_kd 1.056, Train_accy 93.01
2025-04-17 17:48:11,400 [icarl.py] => Task 2, Epoch 90/200 => Loss 1.279, Loss_clf 0.222, Loss_kd 1.056, Train_accy 93.57
2025-04-17 17:48:16,958 [icarl.py] => Task 2, Epoch 91/200 => Loss 1.262, Loss_clf 0.203, Loss_kd 1.059, Train_accy 93.47
2025-04-17 17:48:23,007 [icarl.py] => Task 2, Epoch 92/200 => Loss 1.348, Loss_clf 0.258, Loss_kd 1.090, Train_accy 92.61
2025-04-17 17:48:29,183 [icarl.py] => Task 2, Epoch 93/200 => Loss 1.303, Loss_clf 0.233, Loss_kd 1.070, Train_accy 93.01
2025-04-17 17:48:35,013 [icarl.py] => Task 2, Epoch 94/200 => Loss 1.265, Loss_clf 0.203, Loss_kd 1.062, Train_accy 93.87
2025-04-17 17:48:41,022 [icarl.py] => Task 2, Epoch 95/200 => Loss 1.222, Loss_clf 0.162, Loss_kd 1.060, Train_accy 95.49
2025-04-17 17:48:47,164 [icarl.py] => Task 2, Epoch 96/200 => Loss 1.197, Loss_clf 0.153, Loss_kd 1.044, Train_accy 95.19
2025-04-17 17:48:52,727 [icarl.py] => Task 2, Epoch 97/200 => Loss 1.238, Loss_clf 0.181, Loss_kd 1.058, Train_accy 94.94
2025-04-17 17:48:58,555 [icarl.py] => Task 2, Epoch 98/200 => Loss 1.218, Loss_clf 0.155, Loss_kd 1.063, Train_accy 95.65
2025-04-17 17:49:04,462 [icarl.py] => Task 2, Epoch 99/200 => Loss 1.217, Loss_clf 0.162, Loss_kd 1.054, Train_accy 95.09
2025-04-17 17:49:10,587 [icarl.py] => Task 2, Epoch 100/200 => Loss 1.243, Loss_clf 0.195, Loss_kd 1.048, Train_accy 94.68
2025-04-17 17:49:20,943 [icarl.py] => Task 2, Epoch 101/200 => Loss 1.221, Loss_clf 0.165, Loss_kd 1.056, Train_accy 95.44, Test_accy {'Art': 46.79, 'Clipart': 67.48, 'Real World': 56.81, 'Product': 52.42}
2025-04-17 17:49:26,547 [icarl.py] => Task 2, Epoch 102/200 => Loss 1.191, Loss_clf 0.156, Loss_kd 1.036, Train_accy 95.44
2025-04-17 17:49:32,300 [icarl.py] => Task 2, Epoch 103/200 => Loss 1.216, Loss_clf 0.165, Loss_kd 1.051, Train_accy 95.49
2025-04-17 17:49:38,375 [icarl.py] => Task 2, Epoch 104/200 => Loss 1.220, Loss_clf 0.170, Loss_kd 1.050, Train_accy 95.19
2025-04-17 17:49:43,905 [icarl.py] => Task 2, Epoch 105/200 => Loss 1.231, Loss_clf 0.182, Loss_kd 1.049, Train_accy 95.04
2025-04-17 17:49:49,638 [icarl.py] => Task 2, Epoch 106/200 => Loss 1.203, Loss_clf 0.160, Loss_kd 1.043, Train_accy 95.75
2025-04-17 17:49:55,585 [icarl.py] => Task 2, Epoch 107/200 => Loss 1.209, Loss_clf 0.165, Loss_kd 1.044, Train_accy 95.65
2025-04-17 17:50:01,484 [icarl.py] => Task 2, Epoch 108/200 => Loss 1.180, Loss_clf 0.144, Loss_kd 1.035, Train_accy 95.85
2025-04-17 17:50:07,181 [icarl.py] => Task 2, Epoch 109/200 => Loss 1.249, Loss_clf 0.186, Loss_kd 1.063, Train_accy 94.89
2025-04-17 17:50:12,829 [icarl.py] => Task 2, Epoch 110/200 => Loss 1.172, Loss_clf 0.130, Loss_kd 1.042, Train_accy 96.56
2025-04-17 17:50:18,373 [icarl.py] => Task 2, Epoch 111/200 => Loss 1.181, Loss_clf 0.141, Loss_kd 1.040, Train_accy 95.90
2025-04-17 17:50:23,752 [icarl.py] => Task 2, Epoch 112/200 => Loss 1.185, Loss_clf 0.152, Loss_kd 1.032, Train_accy 95.65
2025-04-17 17:50:29,326 [icarl.py] => Task 2, Epoch 113/200 => Loss 1.166, Loss_clf 0.129, Loss_kd 1.036, Train_accy 96.46
2025-04-17 17:50:35,079 [icarl.py] => Task 2, Epoch 114/200 => Loss 1.168, Loss_clf 0.126, Loss_kd 1.041, Train_accy 96.35
2025-04-17 17:50:41,063 [icarl.py] => Task 2, Epoch 115/200 => Loss 1.175, Loss_clf 0.141, Loss_kd 1.035, Train_accy 96.56
2025-04-17 17:50:46,510 [icarl.py] => Task 2, Epoch 116/200 => Loss 1.141, Loss_clf 0.115, Loss_kd 1.026, Train_accy 96.96
2025-04-17 17:50:52,132 [icarl.py] => Task 2, Epoch 117/200 => Loss 1.165, Loss_clf 0.126, Loss_kd 1.040, Train_accy 96.86
2025-04-17 17:50:58,372 [icarl.py] => Task 2, Epoch 118/200 => Loss 1.168, Loss_clf 0.129, Loss_kd 1.039, Train_accy 96.66
2025-04-17 17:51:04,250 [icarl.py] => Task 2, Epoch 119/200 => Loss 1.139, Loss_clf 0.106, Loss_kd 1.032, Train_accy 97.11
2025-04-17 17:51:10,066 [icarl.py] => Task 2, Epoch 120/200 => Loss 1.167, Loss_clf 0.137, Loss_kd 1.031, Train_accy 96.20
2025-04-17 17:51:20,343 [icarl.py] => Task 2, Epoch 121/200 => Loss 1.152, Loss_clf 0.120, Loss_kd 1.032, Train_accy 97.16, Test_accy {'Art': 45.87, 'Clipart': 69.9, 'Real World': 58.69, 'Product': 52.86}
2025-04-17 17:51:26,133 [icarl.py] => Task 2, Epoch 122/200 => Loss 1.143, Loss_clf 0.121, Loss_kd 1.022, Train_accy 97.06
2025-04-17 17:51:31,955 [icarl.py] => Task 2, Epoch 123/200 => Loss 1.140, Loss_clf 0.112, Loss_kd 1.029, Train_accy 96.91
2025-04-17 17:51:38,139 [icarl.py] => Task 2, Epoch 124/200 => Loss 1.124, Loss_clf 0.105, Loss_kd 1.018, Train_accy 97.77
2025-04-17 17:51:43,828 [icarl.py] => Task 2, Epoch 125/200 => Loss 1.132, Loss_clf 0.114, Loss_kd 1.018, Train_accy 96.76
2025-04-17 17:51:49,363 [icarl.py] => Task 2, Epoch 126/200 => Loss 1.145, Loss_clf 0.120, Loss_kd 1.025, Train_accy 96.76
2025-04-17 17:51:55,147 [icarl.py] => Task 2, Epoch 127/200 => Loss 1.163, Loss_clf 0.118, Loss_kd 1.046, Train_accy 97.06
2025-04-17 17:52:01,070 [icarl.py] => Task 2, Epoch 128/200 => Loss 1.151, Loss_clf 0.119, Loss_kd 1.032, Train_accy 96.66
2025-04-17 17:52:06,877 [icarl.py] => Task 2, Epoch 129/200 => Loss 1.148, Loss_clf 0.114, Loss_kd 1.033, Train_accy 97.01
2025-04-17 17:52:12,343 [icarl.py] => Task 2, Epoch 130/200 => Loss 1.148, Loss_clf 0.116, Loss_kd 1.032, Train_accy 96.91
2025-04-17 17:52:18,008 [icarl.py] => Task 2, Epoch 131/200 => Loss 1.156, Loss_clf 0.125, Loss_kd 1.031, Train_accy 96.76
2025-04-17 17:52:23,563 [icarl.py] => Task 2, Epoch 132/200 => Loss 1.144, Loss_clf 0.116, Loss_kd 1.028, Train_accy 96.76
2025-04-17 17:52:29,240 [icarl.py] => Task 2, Epoch 133/200 => Loss 1.138, Loss_clf 0.107, Loss_kd 1.031, Train_accy 96.91
2025-04-17 17:52:35,161 [icarl.py] => Task 2, Epoch 134/200 => Loss 1.148, Loss_clf 0.119, Loss_kd 1.028, Train_accy 97.01
2025-04-17 17:52:40,816 [icarl.py] => Task 2, Epoch 135/200 => Loss 1.109, Loss_clf 0.091, Loss_kd 1.018, Train_accy 97.52
2025-04-17 17:52:46,378 [icarl.py] => Task 2, Epoch 136/200 => Loss 1.120, Loss_clf 0.092, Loss_kd 1.027, Train_accy 97.72
2025-04-17 17:52:52,126 [icarl.py] => Task 2, Epoch 137/200 => Loss 1.133, Loss_clf 0.120, Loss_kd 1.012, Train_accy 96.86
2025-04-17 17:52:57,601 [icarl.py] => Task 2, Epoch 138/200 => Loss 1.143, Loss_clf 0.110, Loss_kd 1.033, Train_accy 97.11
2025-04-17 17:53:03,778 [icarl.py] => Task 2, Epoch 139/200 => Loss 1.124, Loss_clf 0.107, Loss_kd 1.017, Train_accy 97.32
2025-04-17 17:53:09,608 [icarl.py] => Task 2, Epoch 140/200 => Loss 1.123, Loss_clf 0.095, Loss_kd 1.028, Train_accy 97.47
2025-04-17 17:53:20,244 [icarl.py] => Task 2, Epoch 141/200 => Loss 1.138, Loss_clf 0.103, Loss_kd 1.034, Train_accy 97.52, Test_accy {'Art': 46.79, 'Clipart': 66.02, 'Real World': 56.34, 'Product': 56.83}
2025-04-17 17:53:26,037 [icarl.py] => Task 2, Epoch 142/200 => Loss 1.137, Loss_clf 0.106, Loss_kd 1.031, Train_accy 97.42
2025-04-17 17:53:32,085 [icarl.py] => Task 2, Epoch 143/200 => Loss 1.101, Loss_clf 0.086, Loss_kd 1.015, Train_accy 98.03
2025-04-17 17:53:37,950 [icarl.py] => Task 2, Epoch 144/200 => Loss 1.123, Loss_clf 0.100, Loss_kd 1.023, Train_accy 97.42
2025-04-17 17:53:43,610 [icarl.py] => Task 2, Epoch 145/200 => Loss 1.116, Loss_clf 0.093, Loss_kd 1.024, Train_accy 97.82
2025-04-17 17:53:49,623 [icarl.py] => Task 2, Epoch 146/200 => Loss 1.114, Loss_clf 0.086, Loss_kd 1.028, Train_accy 97.62
2025-04-17 17:53:55,327 [icarl.py] => Task 2, Epoch 147/200 => Loss 1.130, Loss_clf 0.097, Loss_kd 1.033, Train_accy 97.37
2025-04-17 17:54:00,899 [icarl.py] => Task 2, Epoch 148/200 => Loss 1.102, Loss_clf 0.092, Loss_kd 1.010, Train_accy 97.42
2025-04-17 17:54:06,536 [icarl.py] => Task 2, Epoch 149/200 => Loss 1.122, Loss_clf 0.095, Loss_kd 1.027, Train_accy 97.82
2025-04-17 17:54:12,240 [icarl.py] => Task 2, Epoch 150/200 => Loss 1.103, Loss_clf 0.093, Loss_kd 1.010, Train_accy 97.22
2025-04-17 17:54:18,386 [icarl.py] => Task 2, Epoch 151/200 => Loss 1.101, Loss_clf 0.085, Loss_kd 1.016, Train_accy 98.23
2025-04-17 17:54:24,009 [icarl.py] => Task 2, Epoch 152/200 => Loss 1.109, Loss_clf 0.091, Loss_kd 1.018, Train_accy 97.82
2025-04-17 17:54:29,546 [icarl.py] => Task 2, Epoch 153/200 => Loss 1.091, Loss_clf 0.088, Loss_kd 1.003, Train_accy 97.67
2025-04-17 17:54:35,922 [icarl.py] => Task 2, Epoch 154/200 => Loss 1.079, Loss_clf 0.075, Loss_kd 1.004, Train_accy 98.33
2025-04-17 17:54:41,737 [icarl.py] => Task 2, Epoch 155/200 => Loss 1.096, Loss_clf 0.080, Loss_kd 1.016, Train_accy 98.18
2025-04-17 17:54:47,458 [icarl.py] => Task 2, Epoch 156/200 => Loss 1.105, Loss_clf 0.098, Loss_kd 1.007, Train_accy 97.37
2025-04-17 17:54:53,262 [icarl.py] => Task 2, Epoch 157/200 => Loss 1.121, Loss_clf 0.093, Loss_kd 1.028, Train_accy 97.47
2025-04-17 17:54:59,130 [icarl.py] => Task 2, Epoch 158/200 => Loss 1.095, Loss_clf 0.082, Loss_kd 1.012, Train_accy 98.23
2025-04-17 17:55:04,778 [icarl.py] => Task 2, Epoch 159/200 => Loss 1.076, Loss_clf 0.069, Loss_kd 1.007, Train_accy 98.43
2025-04-17 17:55:10,714 [icarl.py] => Task 2, Epoch 160/200 => Loss 1.086, Loss_clf 0.076, Loss_kd 1.010, Train_accy 98.48
2025-04-17 17:55:20,747 [icarl.py] => Task 2, Epoch 161/200 => Loss 1.068, Loss_clf 0.072, Loss_kd 0.996, Train_accy 98.43, Test_accy {'Art': 49.54, 'Clipart': 70.39, 'Real World': 59.15, 'Product': 53.3}
2025-04-17 17:55:26,572 [icarl.py] => Task 2, Epoch 162/200 => Loss 1.093, Loss_clf 0.085, Loss_kd 1.008, Train_accy 97.87
2025-04-17 17:55:32,223 [icarl.py] => Task 2, Epoch 163/200 => Loss 1.099, Loss_clf 0.080, Loss_kd 1.019, Train_accy 97.77
2025-04-17 17:55:38,075 [icarl.py] => Task 2, Epoch 164/200 => Loss 1.102, Loss_clf 0.092, Loss_kd 1.010, Train_accy 97.42
2025-04-17 17:55:43,753 [icarl.py] => Task 2, Epoch 165/200 => Loss 1.073, Loss_clf 0.075, Loss_kd 0.998, Train_accy 98.08
2025-04-17 17:55:49,444 [icarl.py] => Task 2, Epoch 166/200 => Loss 1.070, Loss_clf 0.061, Loss_kd 1.009, Train_accy 98.68
2025-04-17 17:55:55,122 [icarl.py] => Task 2, Epoch 167/200 => Loss 1.092, Loss_clf 0.087, Loss_kd 1.005, Train_accy 97.97
2025-04-17 17:56:00,674 [icarl.py] => Task 2, Epoch 168/200 => Loss 1.071, Loss_clf 0.063, Loss_kd 1.009, Train_accy 98.53
2025-04-17 17:56:06,310 [icarl.py] => Task 2, Epoch 169/200 => Loss 1.082, Loss_clf 0.071, Loss_kd 1.011, Train_accy 98.58
2025-04-17 17:56:12,149 [icarl.py] => Task 2, Epoch 170/200 => Loss 1.083, Loss_clf 0.075, Loss_kd 1.008, Train_accy 98.08
2025-04-17 17:56:17,787 [icarl.py] => Task 2, Epoch 171/200 => Loss 1.069, Loss_clf 0.065, Loss_kd 1.004, Train_accy 98.63
2025-04-17 17:56:23,375 [icarl.py] => Task 2, Epoch 172/200 => Loss 1.056, Loss_clf 0.058, Loss_kd 0.998, Train_accy 98.63
2025-04-17 17:56:29,431 [icarl.py] => Task 2, Epoch 173/200 => Loss 1.085, Loss_clf 0.086, Loss_kd 0.999, Train_accy 97.72
2025-04-17 17:56:35,116 [icarl.py] => Task 2, Epoch 174/200 => Loss 1.084, Loss_clf 0.068, Loss_kd 1.016, Train_accy 98.38
2025-04-17 17:56:40,804 [icarl.py] => Task 2, Epoch 175/200 => Loss 1.096, Loss_clf 0.086, Loss_kd 1.009, Train_accy 98.08
2025-04-17 17:56:46,515 [icarl.py] => Task 2, Epoch 176/200 => Loss 1.090, Loss_clf 0.079, Loss_kd 1.012, Train_accy 98.33
2025-04-17 17:56:52,230 [icarl.py] => Task 2, Epoch 177/200 => Loss 1.098, Loss_clf 0.078, Loss_kd 1.020, Train_accy 98.08
2025-04-17 17:56:57,883 [icarl.py] => Task 2, Epoch 178/200 => Loss 1.072, Loss_clf 0.069, Loss_kd 1.003, Train_accy 98.38
2025-04-17 17:57:03,471 [icarl.py] => Task 2, Epoch 179/200 => Loss 1.071, Loss_clf 0.064, Loss_kd 1.007, Train_accy 98.58
2025-04-17 17:57:08,989 [icarl.py] => Task 2, Epoch 180/200 => Loss 1.067, Loss_clf 0.062, Loss_kd 1.005, Train_accy 98.58
2025-04-17 17:57:18,877 [icarl.py] => Task 2, Epoch 181/200 => Loss 1.089, Loss_clf 0.080, Loss_kd 1.009, Train_accy 97.92, Test_accy {'Art': 49.54, 'Clipart': 69.42, 'Real World': 59.15, 'Product': 54.63}
2025-04-17 17:57:24,630 [icarl.py] => Task 2, Epoch 182/200 => Loss 1.079, Loss_clf 0.066, Loss_kd 1.013, Train_accy 98.48
2025-04-17 17:57:30,197 [icarl.py] => Task 2, Epoch 183/200 => Loss 1.083, Loss_clf 0.076, Loss_kd 1.007, Train_accy 98.03
2025-04-17 17:57:35,908 [icarl.py] => Task 2, Epoch 184/200 => Loss 1.086, Loss_clf 0.070, Loss_kd 1.015, Train_accy 98.33
2025-04-17 17:57:41,869 [icarl.py] => Task 2, Epoch 185/200 => Loss 1.072, Loss_clf 0.074, Loss_kd 0.998, Train_accy 98.08
2025-04-17 17:57:48,343 [icarl.py] => Task 2, Epoch 186/200 => Loss 1.082, Loss_clf 0.069, Loss_kd 1.013, Train_accy 98.33
2025-04-17 17:57:54,013 [icarl.py] => Task 2, Epoch 187/200 => Loss 1.081, Loss_clf 0.068, Loss_kd 1.013, Train_accy 98.33
2025-04-17 17:57:59,525 [icarl.py] => Task 2, Epoch 188/200 => Loss 1.077, Loss_clf 0.070, Loss_kd 1.007, Train_accy 98.13
2025-04-17 17:58:05,212 [icarl.py] => Task 2, Epoch 189/200 => Loss 1.061, Loss_clf 0.060, Loss_kd 1.001, Train_accy 98.94
2025-04-17 17:58:11,236 [icarl.py] => Task 2, Epoch 190/200 => Loss 1.083, Loss_clf 0.073, Loss_kd 1.011, Train_accy 98.33
2025-04-17 17:58:16,800 [icarl.py] => Task 2, Epoch 191/200 => Loss 1.075, Loss_clf 0.071, Loss_kd 1.003, Train_accy 98.08
2025-04-17 17:58:22,811 [icarl.py] => Task 2, Epoch 192/200 => Loss 1.068, Loss_clf 0.066, Loss_kd 1.003, Train_accy 98.48
2025-04-17 17:58:28,861 [icarl.py] => Task 2, Epoch 193/200 => Loss 1.068, Loss_clf 0.062, Loss_kd 1.007, Train_accy 98.48
2025-04-17 17:58:34,508 [icarl.py] => Task 2, Epoch 194/200 => Loss 1.088, Loss_clf 0.073, Loss_kd 1.015, Train_accy 98.38
2025-04-17 17:58:40,135 [icarl.py] => Task 2, Epoch 195/200 => Loss 1.068, Loss_clf 0.062, Loss_kd 1.006, Train_accy 98.84
2025-04-17 17:58:45,734 [icarl.py] => Task 2, Epoch 196/200 => Loss 1.065, Loss_clf 0.064, Loss_kd 1.000, Train_accy 98.63
2025-04-17 17:58:51,285 [icarl.py] => Task 2, Epoch 197/200 => Loss 1.101, Loss_clf 0.078, Loss_kd 1.023, Train_accy 98.08
2025-04-17 17:58:57,257 [icarl.py] => Task 2, Epoch 198/200 => Loss 1.079, Loss_clf 0.061, Loss_kd 1.018, Train_accy 98.63
2025-04-17 17:59:03,010 [icarl.py] => Task 2, Epoch 199/200 => Loss 1.049, Loss_clf 0.068, Loss_kd 0.981, Train_accy 98.28
2025-04-17 17:59:08,798 [icarl.py] => Task 2, Epoch 200/200 => Loss 1.092, Loss_clf 0.078, Loss_kd 1.014, Train_accy 98.28
2025-04-17 17:59:08,799 [base.py] => Reducing exemplars...(86 per classes)
2025-04-17 17:59:18,468 [base.py] => Constructing exemplars...(86 per classes)
2025-04-17 17:59:39,140 [icarl.py] => Exemplar size: 1290
2025-04-17 17:59:39,843 [trainer.py] => CNN [Art]: {'total': 47.71, '00-04': 52.63, '05-09': 52.94, '10-14': 37.84, 'old': 52.78, 'new': 37.84}
2025-04-17 17:59:39,843 [trainer.py] => NME [Art]: {'total': 44.04, '00-04': 47.37, '05-09': 50.0, '10-14': 35.14, 'old': 48.61, 'new': 35.14}
2025-04-17 17:59:39,843 [trainer.py] => CNN [Art] top1 curve: [73.68, 61.11, 47.71]
2025-04-17 17:59:39,843 [trainer.py] => CNN [Art] top5 curve: [100.0, 88.89, 77.06]
2025-04-17 17:59:39,843 [trainer.py] => NME [Art] top1 curve: [73.68, 55.56, 44.04]
2025-04-17 17:59:39,843 [trainer.py] => NME [Art] top5 curve: [100.0, 91.67, 77.06]
2025-04-17 17:59:39,843 [trainer.py] => Average Accuracy [Art] (CNN): 60.833333333333336
2025-04-17 17:59:39,843 [trainer.py] => Average Accuracy [Art] (NME): 57.76
2025-04-17 17:59:39,843 [trainer.py] => CNN [Clipart]: {'total': 69.9, '00-04': 70.51, '05-09': 62.9, '10-14': 75.76, 'old': 67.14, 'new': 75.76}
2025-04-17 17:59:39,843 [trainer.py] => NME [Clipart]: {'total': 71.36, '00-04': 70.51, '05-09': 66.13, '10-14': 77.27, 'old': 68.57, 'new': 77.27}
2025-04-17 17:59:39,843 [trainer.py] => CNN [Clipart] top1 curve: [76.92, 70.0, 69.9]
2025-04-17 17:59:39,843 [trainer.py] => CNN [Clipart] top5 curve: [100.0, 93.57, 89.81]
2025-04-17 17:59:39,844 [trainer.py] => NME [Clipart] top1 curve: [78.21, 70.0, 71.36]
2025-04-17 17:59:39,844 [trainer.py] => NME [Clipart] top5 curve: [100.0, 92.14, 88.83]
2025-04-17 17:59:39,844 [trainer.py] => Average Accuracy [Clipart] (CNN): 72.27333333333333
2025-04-17 17:59:39,844 [trainer.py] => Average Accuracy [Clipart] (NME): 73.19
2025-04-17 17:59:39,844 [trainer.py] => CNN [Product]: {'total': 53.74, '00-04': 60.0, '05-09': 38.75, '10-14': 64.52, 'old': 49.7, 'new': 64.52}
2025-04-17 17:59:39,844 [trainer.py] => NME [Product]: {'total': 55.07, '00-04': 57.65, '05-09': 45.0, '10-14': 64.52, 'old': 51.52, 'new': 64.52}
2025-04-17 17:59:39,844 [trainer.py] => CNN [Product] top1 curve: [70.59, 54.55, 53.74]
2025-04-17 17:59:39,844 [trainer.py] => CNN [Product] top5 curve: [100.0, 88.48, 85.02]
2025-04-17 17:59:39,844 [trainer.py] => NME [Product] top1 curve: [74.12, 53.94, 55.07]
2025-04-17 17:59:39,844 [trainer.py] => NME [Product] top5 curve: [100.0, 92.73, 88.55]
2025-04-17 17:59:39,844 [trainer.py] => Average Accuracy [Product] (CNN): 59.626666666666665
2025-04-17 17:59:39,844 [trainer.py] => Average Accuracy [Product] (NME): 61.04333333333333
2025-04-17 17:59:39,844 [trainer.py] => CNN [Real World]: {'total': 58.69, '00-04': 65.75, '05-09': 61.76, '10-14': 48.61, 'old': 63.83, 'new': 48.61}
2025-04-17 17:59:39,844 [trainer.py] => NME [Real World]: {'total': 58.69, '00-04': 64.38, '05-09': 64.71, '10-14': 47.22, 'old': 64.54, 'new': 47.22}
2025-04-17 17:59:39,844 [trainer.py] => CNN [Real World] top1 curve: [68.49, 68.09, 58.69]
2025-04-17 17:59:39,844 [trainer.py] => CNN [Real World] top5 curve: [100.0, 91.49, 85.92]
2025-04-17 17:59:39,844 [trainer.py] => NME [Real World] top1 curve: [68.49, 67.38, 58.69]
2025-04-17 17:59:39,844 [trainer.py] => NME [Real World] top5 curve: [100.0, 94.33, 86.85]
2025-04-17 17:59:39,844 [trainer.py] => Average Accuracy [Real World] (CNN): 65.08999999999999
2025-04-17 17:59:39,844 [trainer.py] => Average Accuracy [Real World] (NME): 64.85333333333334
2025-04-17 17:59:39,844 [trainer.py] => NME Harmonic Mean : 56.5113
2025-04-17 17:59:39,844 [trainer.py] => NME Macro Mean : 57.2900
2025-04-17 17:59:39,844 [trainer.py] => CNN Harmonic Mean : 56.1410
2025-04-17 17:59:39,844 [trainer.py] => CNN Macro Mean : 57.5100
2025-04-17 17:59:39,845 [trainer.py] => All params: 21297497
2025-04-17 17:59:39,845 [trainer.py] => Trainable params: 21297497
2025-04-17 17:59:39,846 [icarl.py] => Learning on 15-20
2025-04-17 17:59:50,835 [icarl.py] => Task 3, Epoch 1/200 => Loss 3.716, Loss_clf 2.033, Loss_kd 1.683, Train_accy 50.65, Test_accy {'Art': 17.65, 'Clipart': 32.43, 'Real World': 28.93, 'Product': 24.01}
2025-04-17 17:59:56,610 [icarl.py] => Task 3, Epoch 2/200 => Loss 3.604, Loss_clf 1.782, Loss_kd 1.822, Train_accy 46.86
2025-04-17 18:00:02,258 [icarl.py] => Task 3, Epoch 3/200 => Loss 3.275, Loss_clf 1.549, Loss_kd 1.726, Train_accy 51.08
2025-04-17 18:00:07,888 [icarl.py] => Task 3, Epoch 4/200 => Loss 3.063, Loss_clf 1.398, Loss_kd 1.666, Train_accy 56.72
2025-04-17 18:00:13,401 [icarl.py] => Task 3, Epoch 5/200 => Loss 2.856, Loss_clf 1.246, Loss_kd 1.610, Train_accy 61.11
2025-04-17 18:00:19,048 [icarl.py] => Task 3, Epoch 6/200 => Loss 2.833, Loss_clf 1.228, Loss_kd 1.605, Train_accy 62.08
2025-04-17 18:00:24,644 [icarl.py] => Task 3, Epoch 7/200 => Loss 2.775, Loss_clf 1.194, Loss_kd 1.581, Train_accy 64.30
2025-04-17 18:00:30,370 [icarl.py] => Task 3, Epoch 8/200 => Loss 2.665, Loss_clf 1.120, Loss_kd 1.545, Train_accy 65.98
2025-04-17 18:00:36,372 [icarl.py] => Task 3, Epoch 9/200 => Loss 2.507, Loss_clf 0.997, Loss_kd 1.511, Train_accy 69.34
2025-04-17 18:00:42,049 [icarl.py] => Task 3, Epoch 10/200 => Loss 2.490, Loss_clf 0.978, Loss_kd 1.512, Train_accy 69.39
2025-04-17 18:00:47,659 [icarl.py] => Task 3, Epoch 11/200 => Loss 2.486, Loss_clf 0.968, Loss_kd 1.518, Train_accy 70.10
2025-04-17 18:00:53,449 [icarl.py] => Task 3, Epoch 12/200 => Loss 2.360, Loss_clf 0.875, Loss_kd 1.485, Train_accy 72.81
2025-04-17 18:00:58,974 [icarl.py] => Task 3, Epoch 13/200 => Loss 2.429, Loss_clf 0.914, Loss_kd 1.515, Train_accy 71.45
2025-04-17 18:01:04,486 [icarl.py] => Task 3, Epoch 14/200 => Loss 2.325, Loss_clf 0.836, Loss_kd 1.489, Train_accy 73.78
2025-04-17 18:01:10,095 [icarl.py] => Task 3, Epoch 15/200 => Loss 2.321, Loss_clf 0.838, Loss_kd 1.484, Train_accy 74.70
2025-04-17 18:01:15,579 [icarl.py] => Task 3, Epoch 16/200 => Loss 2.264, Loss_clf 0.785, Loss_kd 1.479, Train_accy 76.76
2025-04-17 18:01:21,341 [icarl.py] => Task 3, Epoch 17/200 => Loss 2.134, Loss_clf 0.701, Loss_kd 1.433, Train_accy 78.06
2025-04-17 18:01:26,936 [icarl.py] => Task 3, Epoch 18/200 => Loss 2.224, Loss_clf 0.745, Loss_kd 1.479, Train_accy 76.65
2025-04-17 18:01:32,524 [icarl.py] => Task 3, Epoch 19/200 => Loss 2.153, Loss_clf 0.701, Loss_kd 1.452, Train_accy 78.71
2025-04-17 18:01:38,211 [icarl.py] => Task 3, Epoch 20/200 => Loss 2.077, Loss_clf 0.663, Loss_kd 1.414, Train_accy 79.69
2025-04-17 18:01:49,030 [icarl.py] => Task 3, Epoch 21/200 => Loss 2.062, Loss_clf 0.651, Loss_kd 1.411, Train_accy 80.34, Test_accy {'Art': 35.29, 'Clipart': 57.53, 'Real World': 42.5, 'Product': 42.76}
2025-04-17 18:01:54,802 [icarl.py] => Task 3, Epoch 22/200 => Loss 2.086, Loss_clf 0.647, Loss_kd 1.439, Train_accy 80.88
2025-04-17 18:02:00,604 [icarl.py] => Task 3, Epoch 23/200 => Loss 2.050, Loss_clf 0.596, Loss_kd 1.454, Train_accy 81.64
2025-04-17 18:02:06,599 [icarl.py] => Task 3, Epoch 24/200 => Loss 2.115, Loss_clf 0.656, Loss_kd 1.459, Train_accy 80.12
2025-04-17 18:02:12,527 [icarl.py] => Task 3, Epoch 25/200 => Loss 2.016, Loss_clf 0.586, Loss_kd 1.430, Train_accy 82.50
2025-04-17 18:02:18,264 [icarl.py] => Task 3, Epoch 26/200 => Loss 1.958, Loss_clf 0.543, Loss_kd 1.415, Train_accy 83.53
2025-04-17 18:02:23,999 [icarl.py] => Task 3, Epoch 27/200 => Loss 1.935, Loss_clf 0.537, Loss_kd 1.398, Train_accy 84.62
2025-04-17 18:02:29,599 [icarl.py] => Task 3, Epoch 28/200 => Loss 1.941, Loss_clf 0.545, Loss_kd 1.397, Train_accy 83.10
2025-04-17 18:02:35,156 [icarl.py] => Task 3, Epoch 29/200 => Loss 1.947, Loss_clf 0.547, Loss_kd 1.400, Train_accy 83.32
2025-04-17 18:02:40,700 [icarl.py] => Task 3, Epoch 30/200 => Loss 1.856, Loss_clf 0.482, Loss_kd 1.374, Train_accy 85.10
2025-04-17 18:02:46,102 [icarl.py] => Task 3, Epoch 31/200 => Loss 1.845, Loss_clf 0.464, Loss_kd 1.381, Train_accy 85.48
2025-04-17 18:02:51,627 [icarl.py] => Task 3, Epoch 32/200 => Loss 1.867, Loss_clf 0.485, Loss_kd 1.382, Train_accy 85.59
2025-04-17 18:02:57,422 [icarl.py] => Task 3, Epoch 33/200 => Loss 1.828, Loss_clf 0.449, Loss_kd 1.379, Train_accy 86.51
2025-04-17 18:03:03,093 [icarl.py] => Task 3, Epoch 34/200 => Loss 1.898, Loss_clf 0.494, Loss_kd 1.405, Train_accy 85.10
2025-04-17 18:03:09,070 [icarl.py] => Task 3, Epoch 35/200 => Loss 1.819, Loss_clf 0.440, Loss_kd 1.379, Train_accy 87.11
2025-04-17 18:03:14,569 [icarl.py] => Task 3, Epoch 36/200 => Loss 1.773, Loss_clf 0.408, Loss_kd 1.365, Train_accy 87.16
2025-04-17 18:03:20,673 [icarl.py] => Task 3, Epoch 37/200 => Loss 1.776, Loss_clf 0.413, Loss_kd 1.362, Train_accy 87.00
2025-04-17 18:03:26,382 [icarl.py] => Task 3, Epoch 38/200 => Loss 1.816, Loss_clf 0.432, Loss_kd 1.384, Train_accy 87.59
2025-04-17 18:03:31,829 [icarl.py] => Task 3, Epoch 39/200 => Loss 1.728, Loss_clf 0.378, Loss_kd 1.350, Train_accy 89.54
2025-04-17 18:03:37,880 [icarl.py] => Task 3, Epoch 40/200 => Loss 1.709, Loss_clf 0.358, Loss_kd 1.351, Train_accy 89.27
2025-04-17 18:03:49,047 [icarl.py] => Task 3, Epoch 41/200 => Loss 1.685, Loss_clf 0.346, Loss_kd 1.339, Train_accy 90.25, Test_accy {'Art': 38.97, 'Clipart': 55.6, 'Real World': 50.36, 'Product': 39.47}
2025-04-17 18:03:54,880 [icarl.py] => Task 3, Epoch 42/200 => Loss 1.659, Loss_clf 0.333, Loss_kd 1.327, Train_accy 89.98
2025-04-17 18:04:00,673 [icarl.py] => Task 3, Epoch 43/200 => Loss 1.612, Loss_clf 0.311, Loss_kd 1.301, Train_accy 91.12
2025-04-17 18:04:06,374 [icarl.py] => Task 3, Epoch 44/200 => Loss 1.613, Loss_clf 0.299, Loss_kd 1.314, Train_accy 92.09
2025-04-17 18:04:11,907 [icarl.py] => Task 3, Epoch 45/200 => Loss 1.655, Loss_clf 0.319, Loss_kd 1.336, Train_accy 90.47
2025-04-17 18:04:17,498 [icarl.py] => Task 3, Epoch 46/200 => Loss 1.632, Loss_clf 0.306, Loss_kd 1.327, Train_accy 91.12
2025-04-17 18:04:23,405 [icarl.py] => Task 3, Epoch 47/200 => Loss 1.667, Loss_clf 0.318, Loss_kd 1.349, Train_accy 90.79
2025-04-17 18:04:28,985 [icarl.py] => Task 3, Epoch 48/200 => Loss 1.705, Loss_clf 0.368, Loss_kd 1.337, Train_accy 89.49
2025-04-17 18:04:34,608 [icarl.py] => Task 3, Epoch 49/200 => Loss 1.646, Loss_clf 0.326, Loss_kd 1.320, Train_accy 90.57
2025-04-17 18:04:40,321 [icarl.py] => Task 3, Epoch 50/200 => Loss 1.575, Loss_clf 0.275, Loss_kd 1.301, Train_accy 91.50
2025-04-17 18:04:46,244 [icarl.py] => Task 3, Epoch 51/200 => Loss 1.602, Loss_clf 0.291, Loss_kd 1.311, Train_accy 91.50
2025-04-17 18:04:51,812 [icarl.py] => Task 3, Epoch 52/200 => Loss 1.590, Loss_clf 0.272, Loss_kd 1.318, Train_accy 91.39
2025-04-17 18:04:57,526 [icarl.py] => Task 3, Epoch 53/200 => Loss 1.604, Loss_clf 0.278, Loss_kd 1.327, Train_accy 91.77
2025-04-17 18:05:03,178 [icarl.py] => Task 3, Epoch 54/200 => Loss 1.549, Loss_clf 0.241, Loss_kd 1.308, Train_accy 92.74
2025-04-17 18:05:09,154 [icarl.py] => Task 3, Epoch 55/200 => Loss 1.528, Loss_clf 0.239, Loss_kd 1.289, Train_accy 93.55
2025-04-17 18:05:14,571 [icarl.py] => Task 3, Epoch 56/200 => Loss 1.574, Loss_clf 0.266, Loss_kd 1.308, Train_accy 92.04
2025-04-17 18:05:20,593 [icarl.py] => Task 3, Epoch 57/200 => Loss 1.595, Loss_clf 0.272, Loss_kd 1.324, Train_accy 92.20
2025-04-17 18:05:26,430 [icarl.py] => Task 3, Epoch 58/200 => Loss 1.534, Loss_clf 0.240, Loss_kd 1.294, Train_accy 93.12
2025-04-17 18:05:32,290 [icarl.py] => Task 3, Epoch 59/200 => Loss 1.547, Loss_clf 0.244, Loss_kd 1.303, Train_accy 93.01
2025-04-17 18:05:37,903 [icarl.py] => Task 3, Epoch 60/200 => Loss 1.540, Loss_clf 0.240, Loss_kd 1.300, Train_accy 93.77
2025-04-17 18:05:48,814 [icarl.py] => Task 3, Epoch 61/200 => Loss 1.525, Loss_clf 0.246, Loss_kd 1.279, Train_accy 93.55, Test_accy {'Art': 43.38, 'Clipart': 64.86, 'Real World': 50.0, 'Product': 44.74}
2025-04-17 18:05:54,425 [icarl.py] => Task 3, Epoch 62/200 => Loss 1.526, Loss_clf 0.228, Loss_kd 1.299, Train_accy 93.45
2025-04-17 18:06:00,082 [icarl.py] => Task 3, Epoch 63/200 => Loss 1.520, Loss_clf 0.236, Loss_kd 1.284, Train_accy 93.61
2025-04-17 18:06:05,603 [icarl.py] => Task 3, Epoch 64/200 => Loss 1.516, Loss_clf 0.224, Loss_kd 1.291, Train_accy 93.07
2025-04-17 18:06:11,259 [icarl.py] => Task 3, Epoch 65/200 => Loss 1.466, Loss_clf 0.193, Loss_kd 1.273, Train_accy 94.75
2025-04-17 18:06:16,804 [icarl.py] => Task 3, Epoch 66/200 => Loss 1.424, Loss_clf 0.163, Loss_kd 1.260, Train_accy 95.45
2025-04-17 18:06:22,371 [icarl.py] => Task 3, Epoch 67/200 => Loss 1.435, Loss_clf 0.172, Loss_kd 1.263, Train_accy 94.85
2025-04-17 18:06:27,835 [icarl.py] => Task 3, Epoch 68/200 => Loss 1.461, Loss_clf 0.182, Loss_kd 1.279, Train_accy 94.64
2025-04-17 18:06:33,432 [icarl.py] => Task 3, Epoch 69/200 => Loss 1.489, Loss_clf 0.202, Loss_kd 1.288, Train_accy 94.31
2025-04-17 18:06:38,920 [icarl.py] => Task 3, Epoch 70/200 => Loss 1.471, Loss_clf 0.196, Loss_kd 1.275, Train_accy 94.15
2025-04-17 18:06:44,320 [icarl.py] => Task 3, Epoch 71/200 => Loss 1.491, Loss_clf 0.208, Loss_kd 1.283, Train_accy 94.31
2025-04-17 18:06:50,006 [icarl.py] => Task 3, Epoch 72/200 => Loss 1.459, Loss_clf 0.184, Loss_kd 1.275, Train_accy 94.53
2025-04-17 18:06:55,548 [icarl.py] => Task 3, Epoch 73/200 => Loss 1.409, Loss_clf 0.155, Loss_kd 1.254, Train_accy 95.72
2025-04-17 18:07:01,089 [icarl.py] => Task 3, Epoch 74/200 => Loss 1.411, Loss_clf 0.159, Loss_kd 1.253, Train_accy 95.50
2025-04-17 18:07:06,700 [icarl.py] => Task 3, Epoch 75/200 => Loss 1.428, Loss_clf 0.170, Loss_kd 1.258, Train_accy 95.34
2025-04-17 18:07:12,278 [icarl.py] => Task 3, Epoch 76/200 => Loss 1.459, Loss_clf 0.185, Loss_kd 1.274, Train_accy 94.96
2025-04-17 18:07:17,888 [icarl.py] => Task 3, Epoch 77/200 => Loss 1.448, Loss_clf 0.178, Loss_kd 1.270, Train_accy 94.91
2025-04-17 18:07:23,457 [icarl.py] => Task 3, Epoch 78/200 => Loss 1.439, Loss_clf 0.177, Loss_kd 1.262, Train_accy 94.96
2025-04-17 18:07:29,181 [icarl.py] => Task 3, Epoch 79/200 => Loss 1.447, Loss_clf 0.179, Loss_kd 1.269, Train_accy 95.50
2025-04-17 18:07:35,006 [icarl.py] => Task 3, Epoch 80/200 => Loss 1.412, Loss_clf 0.165, Loss_kd 1.247, Train_accy 95.94
2025-04-17 18:07:45,885 [icarl.py] => Task 3, Epoch 81/200 => Loss 1.426, Loss_clf 0.169, Loss_kd 1.258, Train_accy 95.12, Test_accy {'Art': 45.59, 'Clipart': 62.55, 'Real World': 55.0, 'Product': 48.36}
2025-04-17 18:07:51,803 [icarl.py] => Task 3, Epoch 82/200 => Loss 1.420, Loss_clf 0.154, Loss_kd 1.266, Train_accy 95.99
2025-04-17 18:07:57,360 [icarl.py] => Task 3, Epoch 83/200 => Loss 1.393, Loss_clf 0.160, Loss_kd 1.234, Train_accy 95.40
2025-04-17 18:08:03,035 [icarl.py] => Task 3, Epoch 84/200 => Loss 1.355, Loss_clf 0.133, Loss_kd 1.222, Train_accy 96.21
2025-04-17 18:08:08,864 [icarl.py] => Task 3, Epoch 85/200 => Loss 1.402, Loss_clf 0.135, Loss_kd 1.267, Train_accy 96.48
2025-04-17 18:08:14,849 [icarl.py] => Task 3, Epoch 86/200 => Loss 1.369, Loss_clf 0.129, Loss_kd 1.239, Train_accy 96.70
2025-04-17 18:08:20,665 [icarl.py] => Task 3, Epoch 87/200 => Loss 1.330, Loss_clf 0.117, Loss_kd 1.214, Train_accy 96.86
2025-04-17 18:08:26,089 [icarl.py] => Task 3, Epoch 88/200 => Loss 1.373, Loss_clf 0.117, Loss_kd 1.255, Train_accy 97.35
2025-04-17 18:08:31,467 [icarl.py] => Task 3, Epoch 89/200 => Loss 1.418, Loss_clf 0.144, Loss_kd 1.274, Train_accy 95.94
2025-04-17 18:08:37,093 [icarl.py] => Task 3, Epoch 90/200 => Loss 1.372, Loss_clf 0.128, Loss_kd 1.244, Train_accy 96.32
2025-04-17 18:08:42,504 [icarl.py] => Task 3, Epoch 91/200 => Loss 1.385, Loss_clf 0.148, Loss_kd 1.237, Train_accy 96.05
2025-04-17 18:08:48,056 [icarl.py] => Task 3, Epoch 92/200 => Loss 1.354, Loss_clf 0.122, Loss_kd 1.232, Train_accy 96.75
2025-04-17 18:08:53,655 [icarl.py] => Task 3, Epoch 93/200 => Loss 1.384, Loss_clf 0.147, Loss_kd 1.237, Train_accy 96.37
2025-04-17 18:08:59,269 [icarl.py] => Task 3, Epoch 94/200 => Loss 1.404, Loss_clf 0.150, Loss_kd 1.254, Train_accy 95.56
2025-04-17 18:09:04,742 [icarl.py] => Task 3, Epoch 95/200 => Loss 1.424, Loss_clf 0.175, Loss_kd 1.249, Train_accy 95.34
2025-04-17 18:09:10,396 [icarl.py] => Task 3, Epoch 96/200 => Loss 1.392, Loss_clf 0.152, Loss_kd 1.240, Train_accy 95.94
2025-04-17 18:09:16,121 [icarl.py] => Task 3, Epoch 97/200 => Loss 1.392, Loss_clf 0.139, Loss_kd 1.253, Train_accy 96.42
2025-04-17 18:09:21,949 [icarl.py] => Task 3, Epoch 98/200 => Loss 1.361, Loss_clf 0.127, Loss_kd 1.234, Train_accy 96.48
2025-04-17 18:09:27,630 [icarl.py] => Task 3, Epoch 99/200 => Loss 1.371, Loss_clf 0.133, Loss_kd 1.238, Train_accy 95.88
2025-04-17 18:09:33,223 [icarl.py] => Task 3, Epoch 100/200 => Loss 1.341, Loss_clf 0.113, Loss_kd 1.228, Train_accy 96.75
2025-04-17 18:09:44,471 [icarl.py] => Task 3, Epoch 101/200 => Loss 1.381, Loss_clf 0.135, Loss_kd 1.247, Train_accy 96.37, Test_accy {'Art': 44.85, 'Clipart': 65.64, 'Real World': 51.79, 'Product': 43.42}
2025-04-17 18:09:50,165 [icarl.py] => Task 3, Epoch 102/200 => Loss 1.387, Loss_clf 0.129, Loss_kd 1.258, Train_accy 96.70
2025-04-17 18:09:56,310 [icarl.py] => Task 3, Epoch 103/200 => Loss 1.327, Loss_clf 0.111, Loss_kd 1.215, Train_accy 96.91
2025-04-17 18:10:02,114 [icarl.py] => Task 3, Epoch 104/200 => Loss 1.334, Loss_clf 0.112, Loss_kd 1.222, Train_accy 97.02
2025-04-17 18:10:07,730 [icarl.py] => Task 3, Epoch 105/200 => Loss 1.374, Loss_clf 0.133, Loss_kd 1.240, Train_accy 96.26
2025-04-17 18:10:13,278 [icarl.py] => Task 3, Epoch 106/200 => Loss 1.370, Loss_clf 0.134, Loss_kd 1.237, Train_accy 96.32
2025-04-17 18:10:18,997 [icarl.py] => Task 3, Epoch 107/200 => Loss 1.342, Loss_clf 0.108, Loss_kd 1.234, Train_accy 97.13
2025-04-17 18:10:24,460 [icarl.py] => Task 3, Epoch 108/200 => Loss 1.375, Loss_clf 0.113, Loss_kd 1.263, Train_accy 97.13
2025-04-17 18:10:30,098 [icarl.py] => Task 3, Epoch 109/200 => Loss 1.337, Loss_clf 0.106, Loss_kd 1.231, Train_accy 97.40
2025-04-17 18:10:36,781 [icarl.py] => Task 3, Epoch 110/200 => Loss 1.311, Loss_clf 0.100, Loss_kd 1.211, Train_accy 97.56
2025-04-17 18:10:42,502 [icarl.py] => Task 3, Epoch 111/200 => Loss 1.316, Loss_clf 0.096, Loss_kd 1.220, Train_accy 97.56
2025-04-17 18:10:48,234 [icarl.py] => Task 3, Epoch 112/200 => Loss 1.319, Loss_clf 0.097, Loss_kd 1.222, Train_accy 97.51
2025-04-17 18:10:53,966 [icarl.py] => Task 3, Epoch 113/200 => Loss 1.311, Loss_clf 0.086, Loss_kd 1.225, Train_accy 97.78
2025-04-17 18:10:59,572 [icarl.py] => Task 3, Epoch 114/200 => Loss 1.309, Loss_clf 0.101, Loss_kd 1.208, Train_accy 97.62
2025-04-17 18:11:05,018 [icarl.py] => Task 3, Epoch 115/200 => Loss 1.304, Loss_clf 0.098, Loss_kd 1.206, Train_accy 97.62
2025-04-17 18:11:10,473 [icarl.py] => Task 3, Epoch 116/200 => Loss 1.322, Loss_clf 0.097, Loss_kd 1.226, Train_accy 97.29
2025-04-17 18:11:15,978 [icarl.py] => Task 3, Epoch 117/200 => Loss 1.308, Loss_clf 0.090, Loss_kd 1.218, Train_accy 98.00
2025-04-17 18:11:21,762 [icarl.py] => Task 3, Epoch 118/200 => Loss 1.310, Loss_clf 0.092, Loss_kd 1.218, Train_accy 97.72
2025-04-17 18:11:27,202 [icarl.py] => Task 3, Epoch 119/200 => Loss 1.334, Loss_clf 0.105, Loss_kd 1.229, Train_accy 97.62
2025-04-17 18:11:32,918 [icarl.py] => Task 3, Epoch 120/200 => Loss 1.299, Loss_clf 0.078, Loss_kd 1.221, Train_accy 98.16
2025-04-17 18:11:43,565 [icarl.py] => Task 3, Epoch 121/200 => Loss 1.385, Loss_clf 0.120, Loss_kd 1.266, Train_accy 96.91, Test_accy {'Art': 46.32, 'Clipart': 64.86, 'Real World': 52.5, 'Product': 48.36}
2025-04-17 18:11:49,770 [icarl.py] => Task 3, Epoch 122/200 => Loss 1.318, Loss_clf 0.094, Loss_kd 1.224, Train_accy 97.78
2025-04-17 18:11:55,273 [icarl.py] => Task 3, Epoch 123/200 => Loss 1.314, Loss_clf 0.078, Loss_kd 1.236, Train_accy 97.89
2025-04-17 18:12:00,726 [icarl.py] => Task 3, Epoch 124/200 => Loss 1.319, Loss_clf 0.104, Loss_kd 1.215, Train_accy 97.13
2025-04-17 18:12:06,654 [icarl.py] => Task 3, Epoch 125/200 => Loss 1.289, Loss_clf 0.073, Loss_kd 1.217, Train_accy 98.48
2025-04-17 18:12:12,334 [icarl.py] => Task 3, Epoch 126/200 => Loss 1.280, Loss_clf 0.077, Loss_kd 1.203, Train_accy 98.10
2025-04-17 18:12:18,129 [icarl.py] => Task 3, Epoch 127/200 => Loss 1.275, Loss_clf 0.073, Loss_kd 1.202, Train_accy 98.43
2025-04-17 18:12:23,890 [icarl.py] => Task 3, Epoch 128/200 => Loss 1.320, Loss_clf 0.087, Loss_kd 1.234, Train_accy 98.16
2025-04-17 18:12:29,717 [icarl.py] => Task 3, Epoch 129/200 => Loss 1.340, Loss_clf 0.108, Loss_kd 1.232, Train_accy 97.67
2025-04-17 18:12:35,442 [icarl.py] => Task 3, Epoch 130/200 => Loss 1.301, Loss_clf 0.087, Loss_kd 1.214, Train_accy 97.94
2025-04-17 18:12:41,008 [icarl.py] => Task 3, Epoch 131/200 => Loss 1.286, Loss_clf 0.075, Loss_kd 1.212, Train_accy 98.32
2025-04-17 18:12:46,696 [icarl.py] => Task 3, Epoch 132/200 => Loss 1.294, Loss_clf 0.084, Loss_kd 1.210, Train_accy 97.83
2025-04-17 18:12:52,251 [icarl.py] => Task 3, Epoch 133/200 => Loss 1.288, Loss_clf 0.064, Loss_kd 1.223, Train_accy 98.65
2025-04-17 18:12:58,630 [icarl.py] => Task 3, Epoch 134/200 => Loss 1.257, Loss_clf 0.067, Loss_kd 1.189, Train_accy 98.37
2025-04-17 18:13:04,702 [icarl.py] => Task 3, Epoch 135/200 => Loss 1.287, Loss_clf 0.079, Loss_kd 1.209, Train_accy 98.27
2025-04-17 18:13:10,425 [icarl.py] => Task 3, Epoch 136/200 => Loss 1.292, Loss_clf 0.074, Loss_kd 1.218, Train_accy 97.89
2025-04-17 18:13:16,068 [icarl.py] => Task 3, Epoch 137/200 => Loss 1.291, Loss_clf 0.078, Loss_kd 1.212, Train_accy 98.10
2025-04-17 18:13:21,472 [icarl.py] => Task 3, Epoch 138/200 => Loss 1.256, Loss_clf 0.056, Loss_kd 1.200, Train_accy 99.02
2025-04-17 18:13:27,309 [icarl.py] => Task 3, Epoch 139/200 => Loss 1.279, Loss_clf 0.067, Loss_kd 1.213, Train_accy 98.43
2025-04-17 18:13:33,110 [icarl.py] => Task 3, Epoch 140/200 => Loss 1.288, Loss_clf 0.071, Loss_kd 1.217, Train_accy 98.32
2025-04-17 18:13:43,773 [icarl.py] => Task 3, Epoch 141/200 => Loss 1.295, Loss_clf 0.075, Loss_kd 1.220, Train_accy 98.16, Test_accy {'Art': 43.38, 'Clipart': 65.64, 'Real World': 54.64, 'Product': 45.39}
2025-04-17 18:13:49,106 [icarl.py] => Task 3, Epoch 142/200 => Loss 1.280, Loss_clf 0.068, Loss_kd 1.212, Train_accy 98.65
2025-04-17 18:13:54,705 [icarl.py] => Task 3, Epoch 143/200 => Loss 1.273, Loss_clf 0.074, Loss_kd 1.199, Train_accy 98.54
2025-04-17 18:14:00,479 [icarl.py] => Task 3, Epoch 144/200 => Loss 1.287, Loss_clf 0.069, Loss_kd 1.218, Train_accy 98.65
2025-04-17 18:14:06,179 [icarl.py] => Task 3, Epoch 145/200 => Loss 1.297, Loss_clf 0.080, Loss_kd 1.216, Train_accy 98.43
2025-04-17 18:14:11,550 [icarl.py] => Task 3, Epoch 146/200 => Loss 1.301, Loss_clf 0.075, Loss_kd 1.226, Train_accy 98.21
2025-04-17 18:14:17,410 [icarl.py] => Task 3, Epoch 147/200 => Loss 1.249, Loss_clf 0.056, Loss_kd 1.194, Train_accy 98.97
2025-04-17 18:14:23,139 [icarl.py] => Task 3, Epoch 148/200 => Loss 1.265, Loss_clf 0.069, Loss_kd 1.196, Train_accy 98.16
2025-04-17 18:14:29,373 [icarl.py] => Task 3, Epoch 149/200 => Loss 1.264, Loss_clf 0.062, Loss_kd 1.202, Train_accy 98.81
2025-04-17 18:14:34,957 [icarl.py] => Task 3, Epoch 150/200 => Loss 1.290, Loss_clf 0.081, Loss_kd 1.210, Train_accy 98.32
2025-04-17 18:14:40,475 [icarl.py] => Task 3, Epoch 151/200 => Loss 1.264, Loss_clf 0.063, Loss_kd 1.201, Train_accy 98.81
2025-04-17 18:14:46,003 [icarl.py] => Task 3, Epoch 152/200 => Loss 1.266, Loss_clf 0.069, Loss_kd 1.197, Train_accy 98.43
2025-04-17 18:14:51,633 [icarl.py] => Task 3, Epoch 153/200 => Loss 1.269, Loss_clf 0.059, Loss_kd 1.210, Train_accy 99.13
2025-04-17 18:14:57,322 [icarl.py] => Task 3, Epoch 154/200 => Loss 1.259, Loss_clf 0.066, Loss_kd 1.193, Train_accy 98.81
2025-04-17 18:15:03,162 [icarl.py] => Task 3, Epoch 155/200 => Loss 1.271, Loss_clf 0.068, Loss_kd 1.204, Train_accy 98.48
2025-04-17 18:15:08,929 [icarl.py] => Task 3, Epoch 156/200 => Loss 1.265, Loss_clf 0.073, Loss_kd 1.192, Train_accy 98.54
2025-04-17 18:15:14,746 [icarl.py] => Task 3, Epoch 157/200 => Loss 1.260, Loss_clf 0.065, Loss_kd 1.195, Train_accy 98.59
2025-04-17 18:15:21,191 [icarl.py] => Task 3, Epoch 158/200 => Loss 1.283, Loss_clf 0.067, Loss_kd 1.215, Train_accy 98.54
2025-04-17 18:15:27,207 [icarl.py] => Task 3, Epoch 159/200 => Loss 1.258, Loss_clf 0.058, Loss_kd 1.201, Train_accy 98.65
2025-04-17 18:15:32,951 [icarl.py] => Task 3, Epoch 160/200 => Loss 1.305, Loss_clf 0.076, Loss_kd 1.230, Train_accy 98.27
2025-04-17 18:15:43,983 [icarl.py] => Task 3, Epoch 161/200 => Loss 1.259, Loss_clf 0.058, Loss_kd 1.200, Train_accy 98.97, Test_accy {'Art': 44.85, 'Clipart': 67.57, 'Real World': 53.57, 'Product': 47.04}
2025-04-17 18:15:49,607 [icarl.py] => Task 3, Epoch 162/200 => Loss 1.267, Loss_clf 0.068, Loss_kd 1.199, Train_accy 98.54
2025-04-17 18:15:55,333 [icarl.py] => Task 3, Epoch 163/200 => Loss 1.271, Loss_clf 0.070, Loss_kd 1.201, Train_accy 97.94
2025-04-17 18:16:01,500 [icarl.py] => Task 3, Epoch 164/200 => Loss 1.263, Loss_clf 0.060, Loss_kd 1.203, Train_accy 98.75
2025-04-17 18:16:07,686 [icarl.py] => Task 3, Epoch 165/200 => Loss 1.268, Loss_clf 0.061, Loss_kd 1.207, Train_accy 98.65
2025-04-17 18:16:13,055 [icarl.py] => Task 3, Epoch 166/200 => Loss 1.275, Loss_clf 0.065, Loss_kd 1.210, Train_accy 98.48
2025-04-17 18:16:18,588 [icarl.py] => Task 3, Epoch 167/200 => Loss 1.259, Loss_clf 0.062, Loss_kd 1.197, Train_accy 98.70
2025-04-17 18:16:24,275 [icarl.py] => Task 3, Epoch 168/200 => Loss 1.255, Loss_clf 0.052, Loss_kd 1.203, Train_accy 98.86
2025-04-17 18:16:29,870 [icarl.py] => Task 3, Epoch 169/200 => Loss 1.264, Loss_clf 0.064, Loss_kd 1.200, Train_accy 98.65
2025-04-17 18:16:35,692 [icarl.py] => Task 3, Epoch 170/200 => Loss 1.233, Loss_clf 0.055, Loss_kd 1.178, Train_accy 98.97
2025-04-17 18:16:41,209 [icarl.py] => Task 3, Epoch 171/200 => Loss 1.282, Loss_clf 0.061, Loss_kd 1.220, Train_accy 98.75
2025-04-17 18:16:46,867 [icarl.py] => Task 3, Epoch 172/200 => Loss 1.249, Loss_clf 0.064, Loss_kd 1.185, Train_accy 98.37
2025-04-17 18:16:52,718 [icarl.py] => Task 3, Epoch 173/200 => Loss 1.245, Loss_clf 0.055, Loss_kd 1.189, Train_accy 98.75
2025-04-17 18:16:58,421 [icarl.py] => Task 3, Epoch 174/200 => Loss 1.247, Loss_clf 0.054, Loss_kd 1.193, Train_accy 98.70
2025-04-17 18:17:04,032 [icarl.py] => Task 3, Epoch 175/200 => Loss 1.282, Loss_clf 0.064, Loss_kd 1.218, Train_accy 98.43
2025-04-17 18:17:09,906 [icarl.py] => Task 3, Epoch 176/200 => Loss 1.267, Loss_clf 0.052, Loss_kd 1.215, Train_accy 99.13
2025-04-17 18:17:15,514 [icarl.py] => Task 3, Epoch 177/200 => Loss 1.264, Loss_clf 0.063, Loss_kd 1.201, Train_accy 98.81
2025-04-17 18:17:21,828 [icarl.py] => Task 3, Epoch 178/200 => Loss 1.256, Loss_clf 0.056, Loss_kd 1.200, Train_accy 98.81
2025-04-17 18:17:27,435 [icarl.py] => Task 3, Epoch 179/200 => Loss 1.234, Loss_clf 0.050, Loss_kd 1.184, Train_accy 99.08
2025-04-17 18:17:33,398 [icarl.py] => Task 3, Epoch 180/200 => Loss 1.227, Loss_clf 0.051, Loss_kd 1.176, Train_accy 98.86
2025-04-17 18:17:44,268 [icarl.py] => Task 3, Epoch 181/200 => Loss 1.236, Loss_clf 0.048, Loss_kd 1.188, Train_accy 99.08, Test_accy {'Art': 45.59, 'Clipart': 65.25, 'Real World': 53.93, 'Product': 47.7}
2025-04-17 18:17:49,923 [icarl.py] => Task 3, Epoch 182/200 => Loss 1.239, Loss_clf 0.060, Loss_kd 1.179, Train_accy 98.75
2025-04-17 18:17:55,632 [icarl.py] => Task 3, Epoch 183/200 => Loss 1.257, Loss_clf 0.056, Loss_kd 1.201, Train_accy 99.13
2025-04-17 18:18:01,140 [icarl.py] => Task 3, Epoch 184/200 => Loss 1.236, Loss_clf 0.054, Loss_kd 1.182, Train_accy 98.70
2025-04-17 18:18:07,013 [icarl.py] => Task 3, Epoch 185/200 => Loss 1.253, Loss_clf 0.054, Loss_kd 1.198, Train_accy 98.75
2025-04-17 18:18:12,632 [icarl.py] => Task 3, Epoch 186/200 => Loss 1.294, Loss_clf 0.070, Loss_kd 1.224, Train_accy 98.59
2025-04-17 18:18:18,176 [icarl.py] => Task 3, Epoch 187/200 => Loss 1.265, Loss_clf 0.051, Loss_kd 1.215, Train_accy 98.81
2025-04-17 18:18:24,201 [icarl.py] => Task 3, Epoch 188/200 => Loss 1.230, Loss_clf 0.043, Loss_kd 1.187, Train_accy 99.24
2025-04-17 18:18:29,886 [icarl.py] => Task 3, Epoch 189/200 => Loss 1.233, Loss_clf 0.045, Loss_kd 1.188, Train_accy 99.24
2025-04-17 18:18:35,636 [icarl.py] => Task 3, Epoch 190/200 => Loss 1.248, Loss_clf 0.060, Loss_kd 1.188, Train_accy 98.54
2025-04-17 18:18:41,621 [icarl.py] => Task 3, Epoch 191/200 => Loss 1.241, Loss_clf 0.048, Loss_kd 1.193, Train_accy 99.13
2025-04-17 18:18:47,495 [icarl.py] => Task 3, Epoch 192/200 => Loss 1.243, Loss_clf 0.053, Loss_kd 1.190, Train_accy 98.70
2025-04-17 18:18:53,220 [icarl.py] => Task 3, Epoch 193/200 => Loss 1.236, Loss_clf 0.050, Loss_kd 1.186, Train_accy 99.02
2025-04-17 18:18:58,928 [icarl.py] => Task 3, Epoch 194/200 => Loss 1.255, Loss_clf 0.056, Loss_kd 1.199, Train_accy 98.81
2025-04-17 18:19:04,638 [icarl.py] => Task 3, Epoch 195/200 => Loss 1.259, Loss_clf 0.057, Loss_kd 1.202, Train_accy 98.48
2025-04-17 18:19:10,424 [icarl.py] => Task 3, Epoch 196/200 => Loss 1.258, Loss_clf 0.062, Loss_kd 1.195, Train_accy 98.81
2025-04-17 18:19:16,212 [icarl.py] => Task 3, Epoch 197/200 => Loss 1.240, Loss_clf 0.048, Loss_kd 1.191, Train_accy 98.92
2025-04-17 18:19:21,695 [icarl.py] => Task 3, Epoch 198/200 => Loss 1.264, Loss_clf 0.063, Loss_kd 1.201, Train_accy 98.65
2025-04-17 18:19:27,258 [icarl.py] => Task 3, Epoch 199/200 => Loss 1.247, Loss_clf 0.059, Loss_kd 1.189, Train_accy 98.65
2025-04-17 18:19:32,903 [icarl.py] => Task 3, Epoch 200/200 => Loss 1.241, Loss_clf 0.054, Loss_kd 1.187, Train_accy 98.86
2025-04-17 18:19:32,904 [base.py] => Reducing exemplars...(65 per classes)
2025-04-17 18:19:48,619 [base.py] => Constructing exemplars...(65 per classes)
2025-04-17 18:20:11,197 [icarl.py] => Exemplar size: 1300
2025-04-17 18:20:12,132 [trainer.py] => CNN [Art]: {'total': 43.38, '00-04': 50.0, '05-09': 50.0, '10-14': 37.84, '15-19': 33.33, 'old': 45.87, 'new': 33.33}
2025-04-17 18:20:12,132 [trainer.py] => NME [Art]: {'total': 47.79, '00-04': 52.63, '05-09': 50.0, '10-14': 43.24, '15-19': 44.44, 'old': 48.62, 'new': 44.44}
2025-04-17 18:20:12,132 [trainer.py] => CNN [Art] top1 curve: [73.68, 61.11, 47.71, 43.38]
2025-04-17 18:20:12,132 [trainer.py] => CNN [Art] top5 curve: [100.0, 88.89, 77.06, 75.0]
2025-04-17 18:20:12,132 [trainer.py] => NME [Art] top1 curve: [73.68, 55.56, 44.04, 47.79]
2025-04-17 18:20:12,133 [trainer.py] => NME [Art] top5 curve: [100.0, 91.67, 77.06, 73.53]
2025-04-17 18:20:12,133 [trainer.py] => Average Accuracy [Art] (CNN): 56.47
2025-04-17 18:20:12,133 [trainer.py] => Average Accuracy [Art] (NME): 55.2675
2025-04-17 18:20:12,133 [trainer.py] => CNN [Clipart]: {'total': 66.02, '00-04': 66.67, '05-09': 59.68, '10-14': 68.18, '15-19': 69.81, 'old': 65.05, 'new': 69.81}
2025-04-17 18:20:12,133 [trainer.py] => NME [Clipart]: {'total': 66.41, '00-04': 62.82, '05-09': 62.9, '10-14': 72.73, '15-19': 67.92, 'old': 66.02, 'new': 67.92}
2025-04-17 18:20:12,133 [trainer.py] => CNN [Clipart] top1 curve: [76.92, 70.0, 69.9, 66.02]
2025-04-17 18:20:12,133 [trainer.py] => CNN [Clipart] top5 curve: [100.0, 93.57, 89.81, 85.71]
2025-04-17 18:20:12,133 [trainer.py] => NME [Clipart] top1 curve: [78.21, 70.0, 71.36, 66.41]
2025-04-17 18:20:12,133 [trainer.py] => NME [Clipart] top5 curve: [100.0, 92.14, 88.83, 86.1]
2025-04-17 18:20:12,133 [trainer.py] => Average Accuracy [Clipart] (CNN): 70.71000000000001
2025-04-17 18:20:12,133 [trainer.py] => Average Accuracy [Clipart] (NME): 71.495
2025-04-17 18:20:12,133 [trainer.py] => CNN [Product]: {'total': 46.71, '00-04': 56.47, '05-09': 41.25, '10-14': 66.13, '15-19': 25.97, 'old': 53.74, 'new': 25.97}
2025-04-17 18:20:12,133 [trainer.py] => NME [Product]: {'total': 47.04, '00-04': 49.41, '05-09': 47.5, '10-14': 64.52, '15-19': 29.87, 'old': 52.86, 'new': 29.87}
2025-04-17 18:20:12,133 [trainer.py] => CNN [Product] top1 curve: [70.59, 54.55, 53.74, 46.71]
2025-04-17 18:20:12,133 [trainer.py] => CNN [Product] top5 curve: [100.0, 88.48, 85.02, 76.32]
2025-04-17 18:20:12,133 [trainer.py] => NME [Product] top1 curve: [74.12, 53.94, 55.07, 47.04]
2025-04-17 18:20:12,133 [trainer.py] => NME [Product] top5 curve: [100.0, 92.73, 88.55, 81.25]
2025-04-17 18:20:12,133 [trainer.py] => Average Accuracy [Product] (CNN): 56.3975
2025-04-17 18:20:12,133 [trainer.py] => Average Accuracy [Product] (NME): 57.542500000000004
2025-04-17 18:20:12,133 [trainer.py] => CNN [Real World]: {'total': 53.93, '00-04': 64.38, '05-09': 57.35, '10-14': 44.44, '15-19': 49.25, 'old': 55.4, 'new': 49.25}
2025-04-17 18:20:12,133 [trainer.py] => NME [Real World]: {'total': 54.64, '00-04': 61.64, '05-09': 57.35, '10-14': 48.61, '15-19': 50.75, 'old': 55.87, 'new': 50.75}
2025-04-17 18:20:12,133 [trainer.py] => CNN [Real World] top1 curve: [68.49, 68.09, 58.69, 53.93]
2025-04-17 18:20:12,133 [trainer.py] => CNN [Real World] top5 curve: [100.0, 91.49, 85.92, 83.21]
2025-04-17 18:20:12,133 [trainer.py] => NME [Real World] top1 curve: [68.49, 67.38, 58.69, 54.64]
2025-04-17 18:20:12,134 [trainer.py] => NME [Real World] top5 curve: [100.0, 94.33, 86.85, 82.14]
2025-04-17 18:20:12,134 [trainer.py] => Average Accuracy [Real World] (CNN): 62.3
2025-04-17 18:20:12,134 [trainer.py] => Average Accuracy [Real World] (NME): 62.3
2025-04-17 18:20:12,134 [trainer.py] => NME Harmonic Mean : 51.2468
2025-04-17 18:20:12,134 [trainer.py] => NME Macro Mean : 53.9700
2025-04-17 18:20:12,134 [trainer.py] => CNN Harmonic Mean : 50.2811
2025-04-17 18:20:12,134 [trainer.py] => CNN Macro Mean : 52.5100
2025-04-17 18:20:12,134 [trainer.py] => All params: 21300062
2025-04-17 18:20:12,134 [trainer.py] => Trainable params: 21300062
2025-04-17 18:20:12,135 [icarl.py] => Learning on 20-25
2025-04-17 18:20:24,914 [icarl.py] => Task 4, Epoch 1/200 => Loss 4.026, Loss_clf 2.105, Loss_kd 1.921, Train_accy 46.17, Test_accy {'Art': 18.97, 'Clipart': 31.61, 'Real World': 26.09, 'Product': 22.74}
2025-04-17 18:20:31,269 [icarl.py] => Task 4, Epoch 2/200 => Loss 3.867, Loss_clf 1.793, Loss_kd 2.074, Train_accy 45.98
2025-04-17 18:20:37,514 [icarl.py] => Task 4, Epoch 3/200 => Loss 3.398, Loss_clf 1.478, Loss_kd 1.920, Train_accy 54.56
2025-04-17 18:20:43,745 [icarl.py] => Task 4, Epoch 4/200 => Loss 3.350, Loss_clf 1.445, Loss_kd 1.905, Train_accy 56.28
2025-04-17 18:20:49,816 [icarl.py] => Task 4, Epoch 5/200 => Loss 3.226, Loss_clf 1.340, Loss_kd 1.886, Train_accy 59.18
2025-04-17 18:20:56,014 [icarl.py] => Task 4, Epoch 6/200 => Loss 3.087, Loss_clf 1.246, Loss_kd 1.841, Train_accy 61.04
2025-04-17 18:21:02,106 [icarl.py] => Task 4, Epoch 7/200 => Loss 3.003, Loss_clf 1.164, Loss_kd 1.838, Train_accy 62.90
2025-04-17 18:21:08,109 [icarl.py] => Task 4, Epoch 8/200 => Loss 2.899, Loss_clf 1.099, Loss_kd 1.800, Train_accy 66.00
2025-04-17 18:21:14,246 [icarl.py] => Task 4, Epoch 9/200 => Loss 2.882, Loss_clf 1.074, Loss_kd 1.808, Train_accy 66.68
2025-04-17 18:21:20,081 [icarl.py] => Task 4, Epoch 10/200 => Loss 2.848, Loss_clf 1.044, Loss_kd 1.804, Train_accy 68.25
2025-04-17 18:21:26,011 [icarl.py] => Task 4, Epoch 11/200 => Loss 2.780, Loss_clf 0.981, Loss_kd 1.800, Train_accy 69.68
2025-04-17 18:21:31,862 [icarl.py] => Task 4, Epoch 12/200 => Loss 2.651, Loss_clf 0.911, Loss_kd 1.739, Train_accy 72.57
2025-04-17 18:21:37,810 [icarl.py] => Task 4, Epoch 13/200 => Loss 2.558, Loss_clf 0.839, Loss_kd 1.720, Train_accy 71.98
2025-04-17 18:21:43,706 [icarl.py] => Task 4, Epoch 14/200 => Loss 2.536, Loss_clf 0.809, Loss_kd 1.727, Train_accy 74.73
2025-04-17 18:21:49,704 [icarl.py] => Task 4, Epoch 15/200 => Loss 2.458, Loss_clf 0.733, Loss_kd 1.725, Train_accy 76.50
2025-04-17 18:21:56,118 [icarl.py] => Task 4, Epoch 16/200 => Loss 2.441, Loss_clf 0.731, Loss_kd 1.710, Train_accy 77.67
2025-04-17 18:22:02,143 [icarl.py] => Task 4, Epoch 17/200 => Loss 2.435, Loss_clf 0.712, Loss_kd 1.723, Train_accy 77.82
2025-04-17 18:22:08,291 [icarl.py] => Task 4, Epoch 18/200 => Loss 2.477, Loss_clf 0.755, Loss_kd 1.722, Train_accy 76.84
2025-04-17 18:22:14,661 [icarl.py] => Task 4, Epoch 19/200 => Loss 2.356, Loss_clf 0.657, Loss_kd 1.699, Train_accy 79.00
2025-04-17 18:22:20,678 [icarl.py] => Task 4, Epoch 20/200 => Loss 2.288, Loss_clf 0.600, Loss_kd 1.687, Train_accy 81.26
2025-04-17 18:22:32,973 [icarl.py] => Task 4, Epoch 21/200 => Loss 2.276, Loss_clf 0.599, Loss_kd 1.677, Train_accy 81.55, Test_accy {'Art': 32.18, 'Clipart': 58.62, 'Real World': 38.84, 'Product': 40.0}
2025-04-17 18:22:39,257 [icarl.py] => Task 4, Epoch 22/200 => Loss 2.208, Loss_clf 0.544, Loss_kd 1.664, Train_accy 83.12
2025-04-17 18:22:45,094 [icarl.py] => Task 4, Epoch 23/200 => Loss 2.206, Loss_clf 0.552, Loss_kd 1.654, Train_accy 82.19
2025-04-17 18:22:51,648 [icarl.py] => Task 4, Epoch 24/200 => Loss 2.181, Loss_clf 0.535, Loss_kd 1.646, Train_accy 84.35
2025-04-17 18:22:57,683 [icarl.py] => Task 4, Epoch 25/200 => Loss 2.213, Loss_clf 0.551, Loss_kd 1.663, Train_accy 83.95
2025-04-17 18:23:03,924 [icarl.py] => Task 4, Epoch 26/200 => Loss 2.182, Loss_clf 0.526, Loss_kd 1.656, Train_accy 84.84
2025-04-17 18:23:09,951 [icarl.py] => Task 4, Epoch 27/200 => Loss 2.130, Loss_clf 0.500, Loss_kd 1.630, Train_accy 84.74
2025-04-17 18:23:16,145 [icarl.py] => Task 4, Epoch 28/200 => Loss 2.096, Loss_clf 0.464, Loss_kd 1.633, Train_accy 85.62
2025-04-17 18:23:22,211 [icarl.py] => Task 4, Epoch 29/200 => Loss 2.073, Loss_clf 0.452, Loss_kd 1.621, Train_accy 86.46
2025-04-17 18:23:28,428 [icarl.py] => Task 4, Epoch 30/200 => Loss 2.084, Loss_clf 0.460, Loss_kd 1.624, Train_accy 85.92
2025-04-17 18:23:34,727 [icarl.py] => Task 4, Epoch 31/200 => Loss 2.052, Loss_clf 0.425, Loss_kd 1.627, Train_accy 86.95
2025-04-17 18:23:40,666 [icarl.py] => Task 4, Epoch 32/200 => Loss 2.065, Loss_clf 0.427, Loss_kd 1.638, Train_accy 87.98
2025-04-17 18:23:46,959 [icarl.py] => Task 4, Epoch 33/200 => Loss 2.080, Loss_clf 0.445, Loss_kd 1.634, Train_accy 86.36
2025-04-17 18:23:53,108 [icarl.py] => Task 4, Epoch 34/200 => Loss 2.005, Loss_clf 0.392, Loss_kd 1.613, Train_accy 88.37
2025-04-17 18:23:59,001 [icarl.py] => Task 4, Epoch 35/200 => Loss 2.023, Loss_clf 0.419, Loss_kd 1.604, Train_accy 87.29
2025-04-17 18:24:04,821 [icarl.py] => Task 4, Epoch 36/200 => Loss 1.993, Loss_clf 0.375, Loss_kd 1.618, Train_accy 89.11
2025-04-17 18:24:10,900 [icarl.py] => Task 4, Epoch 37/200 => Loss 2.001, Loss_clf 0.392, Loss_kd 1.609, Train_accy 88.71
2025-04-17 18:24:17,177 [icarl.py] => Task 4, Epoch 38/200 => Loss 2.023, Loss_clf 0.416, Loss_kd 1.607, Train_accy 87.68
2025-04-17 18:24:23,431 [icarl.py] => Task 4, Epoch 39/200 => Loss 2.007, Loss_clf 0.392, Loss_kd 1.614, Train_accy 88.62
2025-04-17 18:24:29,747 [icarl.py] => Task 4, Epoch 40/200 => Loss 1.957, Loss_clf 0.353, Loss_kd 1.603, Train_accy 89.74
2025-04-17 18:24:41,787 [icarl.py] => Task 4, Epoch 41/200 => Loss 1.939, Loss_clf 0.342, Loss_kd 1.597, Train_accy 89.65, Test_accy {'Art': 35.63, 'Clipart': 56.32, 'Real World': 40.0, 'Product': 36.16}
2025-04-17 18:24:48,000 [icarl.py] => Task 4, Epoch 42/200 => Loss 1.910, Loss_clf 0.316, Loss_kd 1.594, Train_accy 90.58
2025-04-17 18:24:54,061 [icarl.py] => Task 4, Epoch 43/200 => Loss 1.942, Loss_clf 0.343, Loss_kd 1.599, Train_accy 90.09
2025-04-17 18:25:00,255 [icarl.py] => Task 4, Epoch 44/200 => Loss 1.911, Loss_clf 0.329, Loss_kd 1.582, Train_accy 90.04
2025-04-17 18:25:06,622 [icarl.py] => Task 4, Epoch 45/200 => Loss 1.939, Loss_clf 0.334, Loss_kd 1.605, Train_accy 89.79
2025-04-17 18:25:12,994 [icarl.py] => Task 4, Epoch 46/200 => Loss 1.913, Loss_clf 0.332, Loss_kd 1.582, Train_accy 90.87
2025-04-17 18:25:19,230 [icarl.py] => Task 4, Epoch 47/200 => Loss 1.935, Loss_clf 0.342, Loss_kd 1.593, Train_accy 89.89
2025-04-17 18:25:25,614 [icarl.py] => Task 4, Epoch 48/200 => Loss 1.901, Loss_clf 0.310, Loss_kd 1.590, Train_accy 90.78
2025-04-17 18:25:31,926 [icarl.py] => Task 4, Epoch 49/200 => Loss 1.928, Loss_clf 0.335, Loss_kd 1.594, Train_accy 90.87
2025-04-17 18:25:38,206 [icarl.py] => Task 4, Epoch 50/200 => Loss 1.868, Loss_clf 0.299, Loss_kd 1.569, Train_accy 90.92
2025-04-17 18:25:44,066 [icarl.py] => Task 4, Epoch 51/200 => Loss 1.856, Loss_clf 0.270, Loss_kd 1.586, Train_accy 92.25
2025-04-17 18:25:50,375 [icarl.py] => Task 4, Epoch 52/200 => Loss 1.798, Loss_clf 0.234, Loss_kd 1.564, Train_accy 92.93
2025-04-17 18:25:56,624 [icarl.py] => Task 4, Epoch 53/200 => Loss 1.805, Loss_clf 0.249, Loss_kd 1.555, Train_accy 92.49
2025-04-17 18:26:02,844 [icarl.py] => Task 4, Epoch 54/200 => Loss 1.815, Loss_clf 0.259, Loss_kd 1.556, Train_accy 92.30
2025-04-17 18:26:08,736 [icarl.py] => Task 4, Epoch 55/200 => Loss 1.860, Loss_clf 0.298, Loss_kd 1.562, Train_accy 91.41
2025-04-17 18:26:15,031 [icarl.py] => Task 4, Epoch 56/200 => Loss 1.833, Loss_clf 0.263, Loss_kd 1.571, Train_accy 92.49
2025-04-17 18:26:21,170 [icarl.py] => Task 4, Epoch 57/200 => Loss 1.797, Loss_clf 0.232, Loss_kd 1.565, Train_accy 93.72
2025-04-17 18:26:27,067 [icarl.py] => Task 4, Epoch 58/200 => Loss 1.796, Loss_clf 0.236, Loss_kd 1.561, Train_accy 93.67
2025-04-17 18:26:32,795 [icarl.py] => Task 4, Epoch 59/200 => Loss 1.779, Loss_clf 0.213, Loss_kd 1.566, Train_accy 94.06
2025-04-17 18:26:39,143 [icarl.py] => Task 4, Epoch 60/200 => Loss 1.804, Loss_clf 0.243, Loss_kd 1.560, Train_accy 93.33
2025-04-17 18:26:51,683 [icarl.py] => Task 4, Epoch 61/200 => Loss 1.732, Loss_clf 0.208, Loss_kd 1.524, Train_accy 94.16, Test_accy {'Art': 37.93, 'Clipart': 54.89, 'Real World': 42.32, 'Product': 36.99}
2025-04-17 18:26:57,947 [icarl.py] => Task 4, Epoch 62/200 => Loss 1.736, Loss_clf 0.193, Loss_kd 1.543, Train_accy 95.04
2025-04-17 18:27:04,293 [icarl.py] => Task 4, Epoch 63/200 => Loss 1.781, Loss_clf 0.235, Loss_kd 1.546, Train_accy 93.28
2025-04-17 18:27:10,411 [icarl.py] => Task 4, Epoch 64/200 => Loss 1.829, Loss_clf 0.259, Loss_kd 1.569, Train_accy 92.84
2025-04-17 18:27:16,645 [icarl.py] => Task 4, Epoch 65/200 => Loss 1.750, Loss_clf 0.203, Loss_kd 1.547, Train_accy 94.16
2025-04-17 18:27:22,972 [icarl.py] => Task 4, Epoch 66/200 => Loss 1.768, Loss_clf 0.235, Loss_kd 1.533, Train_accy 93.38
2025-04-17 18:27:29,040 [icarl.py] => Task 4, Epoch 67/200 => Loss 1.745, Loss_clf 0.211, Loss_kd 1.535, Train_accy 94.11
2025-04-17 18:27:35,095 [icarl.py] => Task 4, Epoch 68/200 => Loss 1.775, Loss_clf 0.238, Loss_kd 1.537, Train_accy 92.93
2025-04-17 18:27:41,267 [icarl.py] => Task 4, Epoch 69/200 => Loss 1.802, Loss_clf 0.249, Loss_kd 1.553, Train_accy 92.79
2025-04-17 18:27:47,462 [icarl.py] => Task 4, Epoch 70/200 => Loss 1.785, Loss_clf 0.237, Loss_kd 1.547, Train_accy 93.82
2025-04-17 18:27:53,499 [icarl.py] => Task 4, Epoch 71/200 => Loss 1.753, Loss_clf 0.209, Loss_kd 1.544, Train_accy 94.26
2025-04-17 18:27:59,726 [icarl.py] => Task 4, Epoch 72/200 => Loss 1.721, Loss_clf 0.182, Loss_kd 1.539, Train_accy 94.95
2025-04-17 18:28:05,933 [icarl.py] => Task 4, Epoch 73/200 => Loss 1.720, Loss_clf 0.197, Loss_kd 1.523, Train_accy 94.36
2025-04-17 18:28:11,843 [icarl.py] => Task 4, Epoch 74/200 => Loss 1.719, Loss_clf 0.201, Loss_kd 1.518, Train_accy 94.55
2025-04-17 18:28:17,706 [icarl.py] => Task 4, Epoch 75/200 => Loss 1.732, Loss_clf 0.189, Loss_kd 1.543, Train_accy 95.00
2025-04-17 18:28:23,994 [icarl.py] => Task 4, Epoch 76/200 => Loss 1.686, Loss_clf 0.171, Loss_kd 1.515, Train_accy 95.49
2025-04-17 18:28:30,216 [icarl.py] => Task 4, Epoch 77/200 => Loss 1.698, Loss_clf 0.175, Loss_kd 1.523, Train_accy 95.00
2025-04-17 18:28:36,578 [icarl.py] => Task 4, Epoch 78/200 => Loss 1.733, Loss_clf 0.196, Loss_kd 1.538, Train_accy 94.31
2025-04-17 18:28:42,613 [icarl.py] => Task 4, Epoch 79/200 => Loss 1.722, Loss_clf 0.191, Loss_kd 1.530, Train_accy 94.01
2025-04-17 18:28:48,682 [icarl.py] => Task 4, Epoch 80/200 => Loss 1.713, Loss_clf 0.198, Loss_kd 1.516, Train_accy 94.90
2025-04-17 18:29:01,396 [icarl.py] => Task 4, Epoch 81/200 => Loss 1.710, Loss_clf 0.188, Loss_kd 1.523, Train_accy 95.29, Test_accy {'Art': 41.95, 'Clipart': 62.36, 'Real World': 42.61, 'Product': 40.0}
2025-04-17 18:29:07,441 [icarl.py] => Task 4, Epoch 82/200 => Loss 1.686, Loss_clf 0.164, Loss_kd 1.523, Train_accy 95.73
2025-04-17 18:29:13,383 [icarl.py] => Task 4, Epoch 83/200 => Loss 1.660, Loss_clf 0.152, Loss_kd 1.507, Train_accy 95.88
2025-04-17 18:29:19,276 [icarl.py] => Task 4, Epoch 84/200 => Loss 1.659, Loss_clf 0.145, Loss_kd 1.513, Train_accy 96.37
2025-04-17 18:29:25,369 [icarl.py] => Task 4, Epoch 85/200 => Loss 1.686, Loss_clf 0.164, Loss_kd 1.522, Train_accy 95.58
2025-04-17 18:29:31,464 [icarl.py] => Task 4, Epoch 86/200 => Loss 1.704, Loss_clf 0.174, Loss_kd 1.530, Train_accy 95.24
2025-04-17 18:29:38,033 [icarl.py] => Task 4, Epoch 87/200 => Loss 1.692, Loss_clf 0.167, Loss_kd 1.525, Train_accy 95.83
2025-04-17 18:29:44,222 [icarl.py] => Task 4, Epoch 88/200 => Loss 1.716, Loss_clf 0.192, Loss_kd 1.524, Train_accy 94.65
2025-04-17 18:29:50,329 [icarl.py] => Task 4, Epoch 89/200 => Loss 1.656, Loss_clf 0.147, Loss_kd 1.509, Train_accy 96.07
2025-04-17 18:29:56,590 [icarl.py] => Task 4, Epoch 90/200 => Loss 1.669, Loss_clf 0.149, Loss_kd 1.520, Train_accy 95.88
2025-04-17 18:30:02,609 [icarl.py] => Task 4, Epoch 91/200 => Loss 1.658, Loss_clf 0.147, Loss_kd 1.512, Train_accy 96.17
2025-04-17 18:30:08,662 [icarl.py] => Task 4, Epoch 92/200 => Loss 1.623, Loss_clf 0.125, Loss_kd 1.499, Train_accy 96.66
2025-04-17 18:30:14,679 [icarl.py] => Task 4, Epoch 93/200 => Loss 1.654, Loss_clf 0.136, Loss_kd 1.517, Train_accy 95.88
2025-04-17 18:30:20,595 [icarl.py] => Task 4, Epoch 94/200 => Loss 1.667, Loss_clf 0.150, Loss_kd 1.517, Train_accy 95.73
2025-04-17 18:30:26,626 [icarl.py] => Task 4, Epoch 95/200 => Loss 1.670, Loss_clf 0.149, Loss_kd 1.521, Train_accy 96.47
2025-04-17 18:30:32,738 [icarl.py] => Task 4, Epoch 96/200 => Loss 1.664, Loss_clf 0.142, Loss_kd 1.523, Train_accy 96.52
2025-04-17 18:30:38,701 [icarl.py] => Task 4, Epoch 97/200 => Loss 1.646, Loss_clf 0.140, Loss_kd 1.506, Train_accy 96.27
2025-04-17 18:30:44,719 [icarl.py] => Task 4, Epoch 98/200 => Loss 1.679, Loss_clf 0.159, Loss_kd 1.520, Train_accy 96.03
2025-04-17 18:30:50,776 [icarl.py] => Task 4, Epoch 99/200 => Loss 1.658, Loss_clf 0.141, Loss_kd 1.517, Train_accy 96.27
2025-04-17 18:30:57,213 [icarl.py] => Task 4, Epoch 100/200 => Loss 1.634, Loss_clf 0.137, Loss_kd 1.497, Train_accy 96.22
2025-04-17 18:31:10,295 [icarl.py] => Task 4, Epoch 101/200 => Loss 1.681, Loss_clf 0.165, Loss_kd 1.515, Train_accy 95.68, Test_accy {'Art': 39.66, 'Clipart': 57.76, 'Real World': 46.09, 'Product': 45.21}
2025-04-17 18:31:16,586 [icarl.py] => Task 4, Epoch 102/200 => Loss 1.633, Loss_clf 0.128, Loss_kd 1.505, Train_accy 96.52
2025-04-17 18:31:22,729 [icarl.py] => Task 4, Epoch 103/200 => Loss 1.605, Loss_clf 0.124, Loss_kd 1.481, Train_accy 96.86
2025-04-17 18:31:28,843 [icarl.py] => Task 4, Epoch 104/200 => Loss 1.608, Loss_clf 0.105, Loss_kd 1.503, Train_accy 97.01
2025-04-17 18:31:34,968 [icarl.py] => Task 4, Epoch 105/200 => Loss 1.625, Loss_clf 0.131, Loss_kd 1.494, Train_accy 97.06
2025-04-17 18:31:41,335 [icarl.py] => Task 4, Epoch 106/200 => Loss 1.606, Loss_clf 0.106, Loss_kd 1.501, Train_accy 97.40
2025-04-17 18:31:47,596 [icarl.py] => Task 4, Epoch 107/200 => Loss 1.574, Loss_clf 0.095, Loss_kd 1.479, Train_accy 97.69
2025-04-17 18:31:53,997 [icarl.py] => Task 4, Epoch 108/200 => Loss 1.621, Loss_clf 0.112, Loss_kd 1.509, Train_accy 97.15
2025-04-17 18:32:00,124 [icarl.py] => Task 4, Epoch 109/200 => Loss 1.626, Loss_clf 0.121, Loss_kd 1.506, Train_accy 97.20
2025-04-17 18:32:06,325 [icarl.py] => Task 4, Epoch 110/200 => Loss 1.577, Loss_clf 0.102, Loss_kd 1.475, Train_accy 97.50
2025-04-17 18:32:12,614 [icarl.py] => Task 4, Epoch 111/200 => Loss 1.604, Loss_clf 0.101, Loss_kd 1.503, Train_accy 97.45
2025-04-17 18:32:18,800 [icarl.py] => Task 4, Epoch 112/200 => Loss 1.603, Loss_clf 0.109, Loss_kd 1.493, Train_accy 96.76
2025-04-17 18:32:24,749 [icarl.py] => Task 4, Epoch 113/200 => Loss 1.615, Loss_clf 0.107, Loss_kd 1.508, Train_accy 97.15
2025-04-17 18:32:31,155 [icarl.py] => Task 4, Epoch 114/200 => Loss 1.586, Loss_clf 0.114, Loss_kd 1.472, Train_accy 96.96
2025-04-17 18:32:37,134 [icarl.py] => Task 4, Epoch 115/200 => Loss 1.621, Loss_clf 0.125, Loss_kd 1.496, Train_accy 96.61
2025-04-17 18:32:43,631 [icarl.py] => Task 4, Epoch 116/200 => Loss 1.602, Loss_clf 0.110, Loss_kd 1.492, Train_accy 97.01
2025-04-17 18:32:49,998 [icarl.py] => Task 4, Epoch 117/200 => Loss 1.566, Loss_clf 0.092, Loss_kd 1.474, Train_accy 97.74
2025-04-17 18:32:55,987 [icarl.py] => Task 4, Epoch 118/200 => Loss 1.599, Loss_clf 0.106, Loss_kd 1.493, Train_accy 97.20
2025-04-17 18:33:02,025 [icarl.py] => Task 4, Epoch 119/200 => Loss 1.578, Loss_clf 0.094, Loss_kd 1.484, Train_accy 97.74
2025-04-17 18:33:08,328 [icarl.py] => Task 4, Epoch 120/200 => Loss 1.576, Loss_clf 0.093, Loss_kd 1.483, Train_accy 97.79
2025-04-17 18:33:21,113 [icarl.py] => Task 4, Epoch 121/200 => Loss 1.596, Loss_clf 0.110, Loss_kd 1.486, Train_accy 97.25, Test_accy {'Art': 41.95, 'Clipart': 59.77, 'Real World': 43.19, 'Product': 45.75}
2025-04-17 18:33:27,122 [icarl.py] => Task 4, Epoch 122/200 => Loss 1.583, Loss_clf 0.102, Loss_kd 1.481, Train_accy 97.45
2025-04-17 18:33:32,881 [icarl.py] => Task 4, Epoch 123/200 => Loss 1.572, Loss_clf 0.088, Loss_kd 1.484, Train_accy 97.84
2025-04-17 18:33:38,703 [icarl.py] => Task 4, Epoch 124/200 => Loss 1.573, Loss_clf 0.097, Loss_kd 1.476, Train_accy 97.55
2025-04-17 18:33:44,799 [icarl.py] => Task 4, Epoch 125/200 => Loss 1.583, Loss_clf 0.096, Loss_kd 1.486, Train_accy 97.60
2025-04-17 18:33:50,814 [icarl.py] => Task 4, Epoch 126/200 => Loss 1.595, Loss_clf 0.103, Loss_kd 1.492, Train_accy 97.45
2025-04-17 18:33:56,800 [icarl.py] => Task 4, Epoch 127/200 => Loss 1.556, Loss_clf 0.080, Loss_kd 1.476, Train_accy 98.18
2025-04-17 18:34:02,801 [icarl.py] => Task 4, Epoch 128/200 => Loss 1.571, Loss_clf 0.085, Loss_kd 1.486, Train_accy 98.04
2025-04-17 18:34:08,851 [icarl.py] => Task 4, Epoch 129/200 => Loss 1.558, Loss_clf 0.083, Loss_kd 1.475, Train_accy 97.69
2025-04-17 18:34:15,148 [icarl.py] => Task 4, Epoch 130/200 => Loss 1.569, Loss_clf 0.087, Loss_kd 1.482, Train_accy 97.79
2025-04-17 18:34:21,203 [icarl.py] => Task 4, Epoch 131/200 => Loss 1.557, Loss_clf 0.089, Loss_kd 1.468, Train_accy 97.89
2025-04-17 18:34:27,480 [icarl.py] => Task 4, Epoch 132/200 => Loss 1.564, Loss_clf 0.079, Loss_kd 1.485, Train_accy 97.94
2025-04-17 18:34:33,599 [icarl.py] => Task 4, Epoch 133/200 => Loss 1.579, Loss_clf 0.095, Loss_kd 1.484, Train_accy 97.64
2025-04-17 18:34:39,714 [icarl.py] => Task 4, Epoch 134/200 => Loss 1.562, Loss_clf 0.086, Loss_kd 1.476, Train_accy 97.69
2025-04-17 18:34:45,700 [icarl.py] => Task 4, Epoch 135/200 => Loss 1.564, Loss_clf 0.094, Loss_kd 1.470, Train_accy 97.94
2025-04-17 18:34:51,791 [icarl.py] => Task 4, Epoch 136/200 => Loss 1.569, Loss_clf 0.091, Loss_kd 1.477, Train_accy 98.04
2025-04-17 18:34:57,828 [icarl.py] => Task 4, Epoch 137/200 => Loss 1.562, Loss_clf 0.084, Loss_kd 1.478, Train_accy 97.64
2025-04-17 18:35:03,877 [icarl.py] => Task 4, Epoch 138/200 => Loss 1.545, Loss_clf 0.079, Loss_kd 1.467, Train_accy 97.89
2025-04-17 18:35:10,116 [icarl.py] => Task 4, Epoch 139/200 => Loss 1.566, Loss_clf 0.081, Loss_kd 1.485, Train_accy 97.94
2025-04-17 18:35:16,490 [icarl.py] => Task 4, Epoch 140/200 => Loss 1.549, Loss_clf 0.069, Loss_kd 1.480, Train_accy 98.82
2025-04-17 18:35:29,850 [icarl.py] => Task 4, Epoch 141/200 => Loss 1.542, Loss_clf 0.071, Loss_kd 1.470, Train_accy 98.58, Test_accy {'Art': 40.8, 'Clipart': 59.2, 'Real World': 47.25, 'Product': 44.93}
2025-04-17 18:35:35,907 [icarl.py] => Task 4, Epoch 142/200 => Loss 1.531, Loss_clf 0.074, Loss_kd 1.457, Train_accy 98.28
2025-04-17 18:35:41,795 [icarl.py] => Task 4, Epoch 143/200 => Loss 1.547, Loss_clf 0.071, Loss_kd 1.477, Train_accy 98.14
2025-04-17 18:35:47,890 [icarl.py] => Task 4, Epoch 144/200 => Loss 1.544, Loss_clf 0.082, Loss_kd 1.462, Train_accy 97.79
2025-04-17 18:35:54,085 [icarl.py] => Task 4, Epoch 145/200 => Loss 1.561, Loss_clf 0.084, Loss_kd 1.476, Train_accy 98.28
2025-04-17 18:36:00,335 [icarl.py] => Task 4, Epoch 146/200 => Loss 1.561, Loss_clf 0.085, Loss_kd 1.476, Train_accy 97.89
2025-04-17 18:36:06,305 [icarl.py] => Task 4, Epoch 147/200 => Loss 1.560, Loss_clf 0.091, Loss_kd 1.470, Train_accy 97.84
2025-04-17 18:36:12,418 [icarl.py] => Task 4, Epoch 148/200 => Loss 1.537, Loss_clf 0.075, Loss_kd 1.462, Train_accy 98.14
2025-04-17 18:36:18,570 [icarl.py] => Task 4, Epoch 149/200 => Loss 1.541, Loss_clf 0.068, Loss_kd 1.472, Train_accy 98.33
2025-04-17 18:36:24,610 [icarl.py] => Task 4, Epoch 150/200 => Loss 1.529, Loss_clf 0.069, Loss_kd 1.460, Train_accy 98.48
2025-04-17 18:36:30,987 [icarl.py] => Task 4, Epoch 151/200 => Loss 1.526, Loss_clf 0.072, Loss_kd 1.454, Train_accy 98.33
2025-04-17 18:36:37,390 [icarl.py] => Task 4, Epoch 152/200 => Loss 1.537, Loss_clf 0.067, Loss_kd 1.470, Train_accy 98.43
2025-04-17 18:36:43,325 [icarl.py] => Task 4, Epoch 153/200 => Loss 1.515, Loss_clf 0.061, Loss_kd 1.454, Train_accy 98.58
2025-04-17 18:36:49,354 [icarl.py] => Task 4, Epoch 154/200 => Loss 1.532, Loss_clf 0.051, Loss_kd 1.481, Train_accy 99.12
2025-04-17 18:36:55,917 [icarl.py] => Task 4, Epoch 155/200 => Loss 1.536, Loss_clf 0.067, Loss_kd 1.469, Train_accy 98.58
2025-04-17 18:37:01,982 [icarl.py] => Task 4, Epoch 156/200 => Loss 1.517, Loss_clf 0.062, Loss_kd 1.454, Train_accy 98.63
2025-04-17 18:37:08,220 [icarl.py] => Task 4, Epoch 157/200 => Loss 1.547, Loss_clf 0.075, Loss_kd 1.473, Train_accy 98.14
2025-04-17 18:37:14,503 [icarl.py] => Task 4, Epoch 158/200 => Loss 1.529, Loss_clf 0.070, Loss_kd 1.459, Train_accy 98.33
2025-04-17 18:37:20,764 [icarl.py] => Task 4, Epoch 159/200 => Loss 1.538, Loss_clf 0.068, Loss_kd 1.470, Train_accy 98.33
2025-04-17 18:37:26,806 [icarl.py] => Task 4, Epoch 160/200 => Loss 1.517, Loss_clf 0.060, Loss_kd 1.457, Train_accy 98.53
2025-04-17 18:37:39,189 [icarl.py] => Task 4, Epoch 161/200 => Loss 1.531, Loss_clf 0.073, Loss_kd 1.458, Train_accy 98.58, Test_accy {'Art': 39.66, 'Clipart': 61.78, 'Real World': 47.54, 'Product': 44.11}
2025-04-17 18:37:45,479 [icarl.py] => Task 4, Epoch 162/200 => Loss 1.552, Loss_clf 0.075, Loss_kd 1.477, Train_accy 98.38
2025-04-17 18:37:51,841 [icarl.py] => Task 4, Epoch 163/200 => Loss 1.537, Loss_clf 0.074, Loss_kd 1.463, Train_accy 98.18
2025-04-17 18:37:57,633 [icarl.py] => Task 4, Epoch 164/200 => Loss 1.522, Loss_clf 0.059, Loss_kd 1.463, Train_accy 98.68
2025-04-17 18:38:03,536 [icarl.py] => Task 4, Epoch 165/200 => Loss 1.541, Loss_clf 0.067, Loss_kd 1.474, Train_accy 98.48
2025-04-17 18:38:09,774 [icarl.py] => Task 4, Epoch 166/200 => Loss 1.553, Loss_clf 0.077, Loss_kd 1.476, Train_accy 98.28
2025-04-17 18:38:16,061 [icarl.py] => Task 4, Epoch 167/200 => Loss 1.529, Loss_clf 0.070, Loss_kd 1.459, Train_accy 98.33
2025-04-17 18:38:22,485 [icarl.py] => Task 4, Epoch 168/200 => Loss 1.532, Loss_clf 0.059, Loss_kd 1.473, Train_accy 98.77
2025-04-17 18:38:28,622 [icarl.py] => Task 4, Epoch 169/200 => Loss 1.506, Loss_clf 0.058, Loss_kd 1.448, Train_accy 98.53
2025-04-17 18:38:34,998 [icarl.py] => Task 4, Epoch 170/200 => Loss 1.523, Loss_clf 0.062, Loss_kd 1.460, Train_accy 98.63
2025-04-17 18:38:41,106 [icarl.py] => Task 4, Epoch 171/200 => Loss 1.557, Loss_clf 0.073, Loss_kd 1.484, Train_accy 98.28
2025-04-17 18:38:47,201 [icarl.py] => Task 4, Epoch 172/200 => Loss 1.532, Loss_clf 0.065, Loss_kd 1.467, Train_accy 98.58
2025-04-17 18:38:52,982 [icarl.py] => Task 4, Epoch 173/200 => Loss 1.489, Loss_clf 0.044, Loss_kd 1.445, Train_accy 99.31
2025-04-17 18:38:59,103 [icarl.py] => Task 4, Epoch 174/200 => Loss 1.508, Loss_clf 0.058, Loss_kd 1.450, Train_accy 98.77
2025-04-17 18:39:05,376 [icarl.py] => Task 4, Epoch 175/200 => Loss 1.496, Loss_clf 0.055, Loss_kd 1.441, Train_accy 98.87
2025-04-17 18:39:11,713 [icarl.py] => Task 4, Epoch 176/200 => Loss 1.541, Loss_clf 0.068, Loss_kd 1.473, Train_accy 98.68
2025-04-17 18:39:17,853 [icarl.py] => Task 4, Epoch 177/200 => Loss 1.526, Loss_clf 0.063, Loss_kd 1.463, Train_accy 98.63
2025-04-17 18:39:24,343 [icarl.py] => Task 4, Epoch 178/200 => Loss 1.536, Loss_clf 0.066, Loss_kd 1.470, Train_accy 98.38
2025-04-17 18:39:30,344 [icarl.py] => Task 4, Epoch 179/200 => Loss 1.537, Loss_clf 0.063, Loss_kd 1.475, Train_accy 98.53
2025-04-17 18:39:36,605 [icarl.py] => Task 4, Epoch 180/200 => Loss 1.528, Loss_clf 0.067, Loss_kd 1.461, Train_accy 98.53
2025-04-17 18:39:49,175 [icarl.py] => Task 4, Epoch 181/200 => Loss 1.519, Loss_clf 0.062, Loss_kd 1.456, Train_accy 98.77, Test_accy {'Art': 39.08, 'Clipart': 61.21, 'Real World': 48.41, 'Product': 43.56}
2025-04-17 18:39:55,486 [icarl.py] => Task 4, Epoch 182/200 => Loss 1.521, Loss_clf 0.060, Loss_kd 1.461, Train_accy 98.82
2025-04-17 18:40:01,668 [icarl.py] => Task 4, Epoch 183/200 => Loss 1.538, Loss_clf 0.065, Loss_kd 1.473, Train_accy 98.58
2025-04-17 18:40:07,618 [icarl.py] => Task 4, Epoch 184/200 => Loss 1.529, Loss_clf 0.062, Loss_kd 1.467, Train_accy 98.77
2025-04-17 18:40:13,862 [icarl.py] => Task 4, Epoch 185/200 => Loss 1.484, Loss_clf 0.051, Loss_kd 1.434, Train_accy 99.07
2025-04-17 18:40:20,040 [icarl.py] => Task 4, Epoch 186/200 => Loss 1.505, Loss_clf 0.052, Loss_kd 1.454, Train_accy 99.12
2025-04-17 18:40:26,261 [icarl.py] => Task 4, Epoch 187/200 => Loss 1.535, Loss_clf 0.064, Loss_kd 1.471, Train_accy 98.63
2025-04-17 18:40:32,499 [icarl.py] => Task 4, Epoch 188/200 => Loss 1.522, Loss_clf 0.058, Loss_kd 1.464, Train_accy 99.02
2025-04-17 18:40:38,639 [icarl.py] => Task 4, Epoch 189/200 => Loss 1.521, Loss_clf 0.070, Loss_kd 1.450, Train_accy 98.43
2025-04-17 18:40:44,696 [icarl.py] => Task 4, Epoch 190/200 => Loss 1.529, Loss_clf 0.066, Loss_kd 1.464, Train_accy 98.48
2025-04-17 18:40:50,970 [icarl.py] => Task 4, Epoch 191/200 => Loss 1.511, Loss_clf 0.063, Loss_kd 1.448, Train_accy 98.43
2025-04-17 18:40:57,042 [icarl.py] => Task 4, Epoch 192/200 => Loss 1.494, Loss_clf 0.052, Loss_kd 1.442, Train_accy 99.17
2025-04-17 18:41:02,919 [icarl.py] => Task 4, Epoch 193/200 => Loss 1.506, Loss_clf 0.054, Loss_kd 1.452, Train_accy 99.02
2025-04-17 18:41:09,084 [icarl.py] => Task 4, Epoch 194/200 => Loss 1.509, Loss_clf 0.053, Loss_kd 1.457, Train_accy 98.92
2025-04-17 18:41:15,041 [icarl.py] => Task 4, Epoch 195/200 => Loss 1.525, Loss_clf 0.054, Loss_kd 1.470, Train_accy 99.07
2025-04-17 18:41:20,846 [icarl.py] => Task 4, Epoch 196/200 => Loss 1.518, Loss_clf 0.060, Loss_kd 1.458, Train_accy 98.82
2025-04-17 18:41:26,847 [icarl.py] => Task 4, Epoch 197/200 => Loss 1.524, Loss_clf 0.053, Loss_kd 1.471, Train_accy 99.02
2025-04-17 18:41:33,042 [icarl.py] => Task 4, Epoch 198/200 => Loss 1.536, Loss_clf 0.071, Loss_kd 1.464, Train_accy 98.33
2025-04-17 18:41:39,827 [icarl.py] => Task 4, Epoch 199/200 => Loss 1.506, Loss_clf 0.057, Loss_kd 1.449, Train_accy 98.72
2025-04-17 18:41:45,736 [icarl.py] => Task 4, Epoch 200/200 => Loss 1.522, Loss_clf 0.060, Loss_kd 1.462, Train_accy 98.87
2025-04-17 18:41:45,737 [base.py] => Reducing exemplars...(52 per classes)
2025-04-17 18:42:04,279 [base.py] => Constructing exemplars...(52 per classes)
2025-04-17 18:42:28,914 [icarl.py] => Exemplar size: 1300
2025-04-17 18:42:29,750 [trainer.py] => CNN [Art]: {'total': 37.93, '00-04': 52.63, '05-09': 47.06, '10-14': 35.14, '15-19': 29.63, '20-24': 23.68, 'old': 41.91, 'new': 23.68}
2025-04-17 18:42:29,750 [trainer.py] => NME [Art]: {'total': 41.38, '00-04': 47.37, '05-09': 47.06, '10-14': 35.14, '15-19': 48.15, '20-24': 31.58, 'old': 44.12, 'new': 31.58}
2025-04-17 18:42:29,750 [trainer.py] => CNN [Art] top1 curve: [73.68, 61.11, 47.71, 43.38, 37.93]
2025-04-17 18:42:29,750 [trainer.py] => CNN [Art] top5 curve: [100.0, 88.89, 77.06, 75.0, 70.69]
2025-04-17 18:42:29,750 [trainer.py] => NME [Art] top1 curve: [73.68, 55.56, 44.04, 47.79, 41.38]
2025-04-17 18:42:29,750 [trainer.py] => NME [Art] top5 curve: [100.0, 91.67, 77.06, 73.53, 72.41]
2025-04-17 18:42:29,750 [trainer.py] => Average Accuracy [Art] (CNN): 52.762
2025-04-17 18:42:29,750 [trainer.py] => Average Accuracy [Art] (NME): 52.489999999999995
2025-04-17 18:42:29,750 [trainer.py] => CNN [Clipart]: {'total': 60.63, '00-04': 61.54, '05-09': 58.06, '10-14': 59.09, '15-19': 64.15, '20-24': 60.67, 'old': 60.62, 'new': 60.67}
2025-04-17 18:42:29,751 [trainer.py] => NME [Clipart]: {'total': 60.63, '00-04': 60.26, '05-09': 62.9, '10-14': 65.15, '15-19': 62.26, '20-24': 55.06, 'old': 62.55, 'new': 55.06}
2025-04-17 18:42:29,751 [trainer.py] => CNN [Clipart] top1 curve: [76.92, 70.0, 69.9, 66.02, 60.63]
2025-04-17 18:42:29,751 [trainer.py] => CNN [Clipart] top5 curve: [100.0, 93.57, 89.81, 85.71, 84.2]
2025-04-17 18:42:29,751 [trainer.py] => NME [Clipart] top1 curve: [78.21, 70.0, 71.36, 66.41, 60.63]
2025-04-17 18:42:29,751 [trainer.py] => NME [Clipart] top5 curve: [100.0, 92.14, 88.83, 86.1, 83.05]
2025-04-17 18:42:29,751 [trainer.py] => Average Accuracy [Clipart] (CNN): 68.694
2025-04-17 18:42:29,751 [trainer.py] => Average Accuracy [Clipart] (NME): 69.322
2025-04-17 18:42:29,751 [trainer.py] => CNN [Product]: {'total': 43.29, '00-04': 49.41, '05-09': 45.0, '10-14': 54.84, '15-19': 20.78, '20-24': 49.18, 'old': 42.11, 'new': 49.18}
2025-04-17 18:42:29,751 [trainer.py] => NME [Product]: {'total': 46.58, '00-04': 47.06, '05-09': 50.0, '10-14': 61.29, '15-19': 27.27, '20-24': 50.82, 'old': 45.72, 'new': 50.82}
2025-04-17 18:42:29,751 [trainer.py] => CNN [Product] top1 curve: [70.59, 54.55, 53.74, 46.71, 43.29]
2025-04-17 18:42:29,751 [trainer.py] => CNN [Product] top5 curve: [100.0, 88.48, 85.02, 76.32, 75.62]
2025-04-17 18:42:29,751 [trainer.py] => NME [Product] top1 curve: [74.12, 53.94, 55.07, 47.04, 46.58]
2025-04-17 18:42:29,751 [trainer.py] => NME [Product] top5 curve: [100.0, 92.73, 88.55, 81.25, 75.34]
2025-04-17 18:42:29,751 [trainer.py] => Average Accuracy [Product] (CNN): 53.775999999999996
2025-04-17 18:42:29,751 [trainer.py] => Average Accuracy [Product] (NME): 55.35
2025-04-17 18:42:29,751 [trainer.py] => CNN [Real World]: {'total': 46.67, '00-04': 61.64, '05-09': 58.82, '10-14': 40.28, '15-19': 37.31, '20-24': 33.85, 'old': 49.64, 'new': 33.85}
2025-04-17 18:42:29,751 [trainer.py] => NME [Real World]: {'total': 49.28, '00-04': 57.53, '05-09': 55.88, '10-14': 43.06, '15-19': 50.75, '20-24': 38.46, 'old': 51.79, 'new': 38.46}
2025-04-17 18:42:29,751 [trainer.py] => CNN [Real World] top1 curve: [68.49, 68.09, 58.69, 53.93, 46.67]
2025-04-17 18:42:29,751 [trainer.py] => CNN [Real World] top5 curve: [100.0, 91.49, 85.92, 83.21, 78.26]
2025-04-17 18:42:29,751 [trainer.py] => NME [Real World] top1 curve: [68.49, 67.38, 58.69, 54.64, 49.28]
2025-04-17 18:42:29,751 [trainer.py] => NME [Real World] top5 curve: [100.0, 94.33, 86.85, 82.14, 79.13]
2025-04-17 18:42:29,751 [trainer.py] => Average Accuracy [Real World] (CNN): 59.174
2025-04-17 18:42:29,751 [trainer.py] => Average Accuracy [Real World] (NME): 59.696000000000005
2025-04-17 18:42:29,751 [trainer.py] => NME Harmonic Mean : 48.4286
2025-04-17 18:42:29,751 [trainer.py] => NME Macro Mean : 49.4675
2025-04-17 18:42:29,751 [trainer.py] => CNN Harmonic Mean : 45.7071
2025-04-17 18:42:29,752 [trainer.py] => CNN Macro Mean : 47.1300
2025-04-17 18:42:29,752 [trainer.py] => All params: 21302627
2025-04-17 18:42:29,752 [trainer.py] => Trainable params: 21302627
2025-04-17 18:42:29,753 [icarl.py] => Learning on 25-30
2025-04-17 18:42:43,492 [icarl.py] => Task 5, Epoch 1/200 => Loss 3.904, Loss_clf 1.915, Loss_kd 1.988, Train_accy 52.22, Test_accy {'Art': 12.02, 'Clipart': 21.71, 'Real World': 19.19, 'Product': 15.54}
2025-04-17 18:42:49,677 [icarl.py] => Task 5, Epoch 2/200 => Loss 4.475, Loss_clf 2.088, Loss_kd 2.387, Train_accy 39.78
2025-04-17 18:42:56,068 [icarl.py] => Task 5, Epoch 3/200 => Loss 3.866, Loss_clf 1.684, Loss_kd 2.182, Train_accy 48.09
2025-04-17 18:43:02,524 [icarl.py] => Task 5, Epoch 4/200 => Loss 3.473, Loss_clf 1.414, Loss_kd 2.059, Train_accy 57.47
2025-04-17 18:43:08,678 [icarl.py] => Task 5, Epoch 5/200 => Loss 3.425, Loss_clf 1.360, Loss_kd 2.065, Train_accy 59.05
2025-04-17 18:43:15,157 [icarl.py] => Task 5, Epoch 6/200 => Loss 3.224, Loss_clf 1.219, Loss_kd 2.005, Train_accy 62.21
2025-04-17 18:43:22,359 [icarl.py] => Task 5, Epoch 7/200 => Loss 3.071, Loss_clf 1.112, Loss_kd 1.960, Train_accy 65.73
2025-04-17 18:43:29,062 [icarl.py] => Task 5, Epoch 8/200 => Loss 2.997, Loss_clf 1.032, Loss_kd 1.964, Train_accy 69.35
2025-04-17 18:43:35,463 [icarl.py] => Task 5, Epoch 9/200 => Loss 2.899, Loss_clf 0.980, Loss_kd 1.919, Train_accy 70.27
2025-04-17 18:43:41,975 [icarl.py] => Task 5, Epoch 10/200 => Loss 2.834, Loss_clf 0.914, Loss_kd 1.920, Train_accy 72.46
2025-04-17 18:43:48,580 [icarl.py] => Task 5, Epoch 11/200 => Loss 2.766, Loss_clf 0.866, Loss_kd 1.900, Train_accy 73.43
2025-04-17 18:43:55,287 [icarl.py] => Task 5, Epoch 12/200 => Loss 2.768, Loss_clf 0.847, Loss_kd 1.921, Train_accy 73.23
2025-04-17 18:44:01,881 [icarl.py] => Task 5, Epoch 13/200 => Loss 2.769, Loss_clf 0.858, Loss_kd 1.911, Train_accy 73.89
2025-04-17 18:44:08,113 [icarl.py] => Task 5, Epoch 14/200 => Loss 2.586, Loss_clf 0.722, Loss_kd 1.864, Train_accy 77.87
2025-04-17 18:44:14,761 [icarl.py] => Task 5, Epoch 15/200 => Loss 2.601, Loss_clf 0.719, Loss_kd 1.882, Train_accy 78.02
2025-04-17 18:44:21,407 [icarl.py] => Task 5, Epoch 16/200 => Loss 2.548, Loss_clf 0.680, Loss_kd 1.868, Train_accy 80.47
2025-04-17 18:44:28,401 [icarl.py] => Task 5, Epoch 17/200 => Loss 2.480, Loss_clf 0.645, Loss_kd 1.835, Train_accy 81.39
2025-04-17 18:44:35,419 [icarl.py] => Task 5, Epoch 18/200 => Loss 2.457, Loss_clf 0.624, Loss_kd 1.832, Train_accy 82.05
2025-04-17 18:44:41,574 [icarl.py] => Task 5, Epoch 19/200 => Loss 2.438, Loss_clf 0.597, Loss_kd 1.841, Train_accy 81.59
2025-04-17 18:44:47,633 [icarl.py] => Task 5, Epoch 20/200 => Loss 2.364, Loss_clf 0.548, Loss_kd 1.815, Train_accy 81.95
2025-04-17 18:45:01,138 [icarl.py] => Task 5, Epoch 21/200 => Loss 2.331, Loss_clf 0.522, Loss_kd 1.809, Train_accy 84.24, Test_accy {'Art': 21.15, 'Clipart': 40.98, 'Real World': 32.46, 'Product': 24.1}
2025-04-17 18:45:07,849 [icarl.py] => Task 5, Epoch 22/200 => Loss 2.325, Loss_clf 0.516, Loss_kd 1.809, Train_accy 84.80
2025-04-17 18:45:14,302 [icarl.py] => Task 5, Epoch 23/200 => Loss 2.176, Loss_clf 0.427, Loss_kd 1.750, Train_accy 87.05
2025-04-17 18:45:20,745 [icarl.py] => Task 5, Epoch 24/200 => Loss 2.179, Loss_clf 0.417, Loss_kd 1.762, Train_accy 88.07
2025-04-17 18:45:27,111 [icarl.py] => Task 5, Epoch 25/200 => Loss 2.101, Loss_clf 0.353, Loss_kd 1.748, Train_accy 89.90
2025-04-17 18:45:33,135 [icarl.py] => Task 5, Epoch 26/200 => Loss 2.170, Loss_clf 0.409, Loss_kd 1.761, Train_accy 87.20
2025-04-17 18:45:39,281 [icarl.py] => Task 5, Epoch 27/200 => Loss 2.164, Loss_clf 0.401, Loss_kd 1.763, Train_accy 88.53
2025-04-17 18:45:45,697 [icarl.py] => Task 5, Epoch 28/200 => Loss 2.102, Loss_clf 0.369, Loss_kd 1.733, Train_accy 89.19
2025-04-17 18:45:51,994 [icarl.py] => Task 5, Epoch 29/200 => Loss 2.073, Loss_clf 0.348, Loss_kd 1.726, Train_accy 89.19
2025-04-17 18:45:58,613 [icarl.py] => Task 5, Epoch 30/200 => Loss 2.124, Loss_clf 0.380, Loss_kd 1.744, Train_accy 88.42
2025-04-17 18:46:04,968 [icarl.py] => Task 5, Epoch 31/200 => Loss 2.123, Loss_clf 0.370, Loss_kd 1.753, Train_accy 88.99
2025-04-17 18:46:11,346 [icarl.py] => Task 5, Epoch 32/200 => Loss 2.122, Loss_clf 0.380, Loss_kd 1.742, Train_accy 88.78
2025-04-17 18:46:17,629 [icarl.py] => Task 5, Epoch 33/200 => Loss 2.106, Loss_clf 0.361, Loss_kd 1.744, Train_accy 89.80
2025-04-17 18:46:23,966 [icarl.py] => Task 5, Epoch 34/200 => Loss 2.094, Loss_clf 0.354, Loss_kd 1.740, Train_accy 89.19
2025-04-17 18:46:30,354 [icarl.py] => Task 5, Epoch 35/200 => Loss 2.089, Loss_clf 0.356, Loss_kd 1.733, Train_accy 89.75
2025-04-17 18:46:36,481 [icarl.py] => Task 5, Epoch 36/200 => Loss 2.082, Loss_clf 0.355, Loss_kd 1.728, Train_accy 89.44
2025-04-17 18:46:42,603 [icarl.py] => Task 5, Epoch 37/200 => Loss 2.058, Loss_clf 0.324, Loss_kd 1.734, Train_accy 90.92
2025-04-17 18:46:49,450 [icarl.py] => Task 5, Epoch 38/200 => Loss 2.018, Loss_clf 0.313, Loss_kd 1.705, Train_accy 91.23
2025-04-17 18:46:56,205 [icarl.py] => Task 5, Epoch 39/200 => Loss 1.959, Loss_clf 0.272, Loss_kd 1.687, Train_accy 92.76
2025-04-17 18:47:02,414 [icarl.py] => Task 5, Epoch 40/200 => Loss 1.963, Loss_clf 0.268, Loss_kd 1.695, Train_accy 92.10
2025-04-17 18:47:15,217 [icarl.py] => Task 5, Epoch 41/200 => Loss 1.961, Loss_clf 0.269, Loss_kd 1.691, Train_accy 92.66, Test_accy {'Art': 29.81, 'Clipart': 52.68, 'Real World': 38.63, 'Product': 35.36}
2025-04-17 18:47:21,457 [icarl.py] => Task 5, Epoch 42/200 => Loss 1.991, Loss_clf 0.282, Loss_kd 1.708, Train_accy 92.66
2025-04-17 18:47:27,599 [icarl.py] => Task 5, Epoch 43/200 => Loss 1.973, Loss_clf 0.265, Loss_kd 1.708, Train_accy 92.81
2025-04-17 18:47:34,326 [icarl.py] => Task 5, Epoch 44/200 => Loss 1.926, Loss_clf 0.234, Loss_kd 1.692, Train_accy 93.63
2025-04-17 18:47:41,227 [icarl.py] => Task 5, Epoch 45/200 => Loss 1.949, Loss_clf 0.264, Loss_kd 1.685, Train_accy 91.89
2025-04-17 18:47:48,138 [icarl.py] => Task 5, Epoch 46/200 => Loss 1.951, Loss_clf 0.256, Loss_kd 1.695, Train_accy 92.55
2025-04-17 18:47:54,925 [icarl.py] => Task 5, Epoch 47/200 => Loss 1.952, Loss_clf 0.257, Loss_kd 1.695, Train_accy 92.61
2025-04-17 18:48:01,404 [icarl.py] => Task 5, Epoch 48/200 => Loss 1.926, Loss_clf 0.240, Loss_kd 1.686, Train_accy 93.12
2025-04-17 18:48:08,045 [icarl.py] => Task 5, Epoch 49/200 => Loss 1.932, Loss_clf 0.240, Loss_kd 1.692, Train_accy 93.32
2025-04-17 18:48:14,473 [icarl.py] => Task 5, Epoch 50/200 => Loss 1.933, Loss_clf 0.248, Loss_kd 1.686, Train_accy 93.78
2025-04-17 18:48:20,746 [icarl.py] => Task 5, Epoch 51/200 => Loss 1.922, Loss_clf 0.234, Loss_kd 1.688, Train_accy 93.17
2025-04-17 18:48:27,129 [icarl.py] => Task 5, Epoch 52/200 => Loss 1.890, Loss_clf 0.217, Loss_kd 1.673, Train_accy 93.63
2025-04-17 18:48:33,625 [icarl.py] => Task 5, Epoch 53/200 => Loss 1.904, Loss_clf 0.240, Loss_kd 1.664, Train_accy 93.22
2025-04-17 18:48:40,377 [icarl.py] => Task 5, Epoch 54/200 => Loss 1.908, Loss_clf 0.232, Loss_kd 1.676, Train_accy 93.68
2025-04-17 18:48:46,815 [icarl.py] => Task 5, Epoch 55/200 => Loss 1.885, Loss_clf 0.215, Loss_kd 1.670, Train_accy 93.88
2025-04-17 18:48:53,537 [icarl.py] => Task 5, Epoch 56/200 => Loss 1.899, Loss_clf 0.229, Loss_kd 1.670, Train_accy 94.03
2025-04-17 18:48:59,719 [icarl.py] => Task 5, Epoch 57/200 => Loss 1.884, Loss_clf 0.208, Loss_kd 1.676, Train_accy 94.44
2025-04-17 18:49:06,280 [icarl.py] => Task 5, Epoch 58/200 => Loss 1.893, Loss_clf 0.220, Loss_kd 1.673, Train_accy 93.52
2025-04-17 18:49:12,689 [icarl.py] => Task 5, Epoch 59/200 => Loss 1.852, Loss_clf 0.200, Loss_kd 1.652, Train_accy 95.16
2025-04-17 18:49:19,291 [icarl.py] => Task 5, Epoch 60/200 => Loss 1.892, Loss_clf 0.227, Loss_kd 1.666, Train_accy 93.73
2025-04-17 18:49:32,910 [icarl.py] => Task 5, Epoch 61/200 => Loss 1.912, Loss_clf 0.226, Loss_kd 1.686, Train_accy 94.19, Test_accy {'Art': 30.77, 'Clipart': 48.05, 'Real World': 38.63, 'Product': 31.53}
2025-04-17 18:49:39,519 [icarl.py] => Task 5, Epoch 62/200 => Loss 1.900, Loss_clf 0.225, Loss_kd 1.675, Train_accy 93.42
2025-04-17 18:49:45,639 [icarl.py] => Task 5, Epoch 63/200 => Loss 1.845, Loss_clf 0.196, Loss_kd 1.649, Train_accy 94.54
2025-04-17 18:49:51,888 [icarl.py] => Task 5, Epoch 64/200 => Loss 1.854, Loss_clf 0.196, Loss_kd 1.658, Train_accy 94.80
2025-04-17 18:49:58,580 [icarl.py] => Task 5, Epoch 65/200 => Loss 1.879, Loss_clf 0.193, Loss_kd 1.686, Train_accy 95.00
2025-04-17 18:50:04,895 [icarl.py] => Task 5, Epoch 66/200 => Loss 1.861, Loss_clf 0.195, Loss_kd 1.666, Train_accy 95.10
2025-04-17 18:50:10,976 [icarl.py] => Task 5, Epoch 67/200 => Loss 1.860, Loss_clf 0.183, Loss_kd 1.677, Train_accy 95.36
2025-04-17 18:50:17,337 [icarl.py] => Task 5, Epoch 68/200 => Loss 1.829, Loss_clf 0.195, Loss_kd 1.634, Train_accy 94.75
2025-04-17 18:50:23,753 [icarl.py] => Task 5, Epoch 69/200 => Loss 1.850, Loss_clf 0.197, Loss_kd 1.654, Train_accy 94.59
2025-04-17 18:50:30,157 [icarl.py] => Task 5, Epoch 70/200 => Loss 1.859, Loss_clf 0.193, Loss_kd 1.666, Train_accy 94.70
2025-04-17 18:50:36,609 [icarl.py] => Task 5, Epoch 71/200 => Loss 1.779, Loss_clf 0.145, Loss_kd 1.634, Train_accy 96.58
2025-04-17 18:50:43,211 [icarl.py] => Task 5, Epoch 72/200 => Loss 1.796, Loss_clf 0.146, Loss_kd 1.650, Train_accy 96.23
2025-04-17 18:50:49,907 [icarl.py] => Task 5, Epoch 73/200 => Loss 1.776, Loss_clf 0.142, Loss_kd 1.634, Train_accy 96.53
2025-04-17 18:50:56,356 [icarl.py] => Task 5, Epoch 74/200 => Loss 1.768, Loss_clf 0.140, Loss_kd 1.629, Train_accy 96.43
2025-04-17 18:51:02,601 [icarl.py] => Task 5, Epoch 75/200 => Loss 1.815, Loss_clf 0.158, Loss_kd 1.657, Train_accy 95.51
2025-04-17 18:51:09,486 [icarl.py] => Task 5, Epoch 76/200 => Loss 1.788, Loss_clf 0.149, Loss_kd 1.639, Train_accy 95.51
2025-04-17 18:51:15,842 [icarl.py] => Task 5, Epoch 77/200 => Loss 1.846, Loss_clf 0.187, Loss_kd 1.660, Train_accy 95.05
2025-04-17 18:51:22,292 [icarl.py] => Task 5, Epoch 78/200 => Loss 1.792, Loss_clf 0.164, Loss_kd 1.628, Train_accy 95.61
2025-04-17 18:51:28,677 [icarl.py] => Task 5, Epoch 79/200 => Loss 1.804, Loss_clf 0.155, Loss_kd 1.649, Train_accy 95.72
2025-04-17 18:51:35,119 [icarl.py] => Task 5, Epoch 80/200 => Loss 1.816, Loss_clf 0.176, Loss_kd 1.641, Train_accy 95.31
2025-04-17 18:51:48,378 [icarl.py] => Task 5, Epoch 81/200 => Loss 1.776, Loss_clf 0.137, Loss_kd 1.639, Train_accy 96.43, Test_accy {'Art': 28.85, 'Clipart': 49.27, 'Real World': 42.65, 'Product': 34.91}
2025-04-17 18:51:54,716 [icarl.py] => Task 5, Epoch 82/200 => Loss 1.785, Loss_clf 0.155, Loss_kd 1.630, Train_accy 96.28
2025-04-17 18:52:00,920 [icarl.py] => Task 5, Epoch 83/200 => Loss 1.833, Loss_clf 0.172, Loss_kd 1.662, Train_accy 96.02
2025-04-17 18:52:07,042 [icarl.py] => Task 5, Epoch 84/200 => Loss 1.799, Loss_clf 0.151, Loss_kd 1.647, Train_accy 95.92
2025-04-17 18:52:13,232 [icarl.py] => Task 5, Epoch 85/200 => Loss 1.753, Loss_clf 0.132, Loss_kd 1.621, Train_accy 96.63
2025-04-17 18:52:19,546 [icarl.py] => Task 5, Epoch 86/200 => Loss 1.761, Loss_clf 0.130, Loss_kd 1.632, Train_accy 97.14
2025-04-17 18:52:26,086 [icarl.py] => Task 5, Epoch 87/200 => Loss 1.778, Loss_clf 0.142, Loss_kd 1.636, Train_accy 96.18
2025-04-17 18:52:32,378 [icarl.py] => Task 5, Epoch 88/200 => Loss 1.799, Loss_clf 0.152, Loss_kd 1.647, Train_accy 95.92
2025-04-17 18:52:39,060 [icarl.py] => Task 5, Epoch 89/200 => Loss 1.781, Loss_clf 0.145, Loss_kd 1.635, Train_accy 96.63
2025-04-17 18:52:45,847 [icarl.py] => Task 5, Epoch 90/200 => Loss 1.743, Loss_clf 0.122, Loss_kd 1.621, Train_accy 96.89
2025-04-17 18:52:52,010 [icarl.py] => Task 5, Epoch 91/200 => Loss 1.751, Loss_clf 0.127, Loss_kd 1.625, Train_accy 96.33
2025-04-17 18:52:58,209 [icarl.py] => Task 5, Epoch 92/200 => Loss 1.773, Loss_clf 0.135, Loss_kd 1.638, Train_accy 96.43
2025-04-17 18:53:04,689 [icarl.py] => Task 5, Epoch 93/200 => Loss 1.723, Loss_clf 0.099, Loss_kd 1.623, Train_accy 97.86
2025-04-17 18:53:11,502 [icarl.py] => Task 5, Epoch 94/200 => Loss 1.703, Loss_clf 0.096, Loss_kd 1.607, Train_accy 97.76
2025-04-17 18:53:17,887 [icarl.py] => Task 5, Epoch 95/200 => Loss 1.720, Loss_clf 0.112, Loss_kd 1.608, Train_accy 96.89
2025-04-17 18:53:24,423 [icarl.py] => Task 5, Epoch 96/200 => Loss 1.736, Loss_clf 0.112, Loss_kd 1.624, Train_accy 96.89
2025-04-17 18:53:31,103 [icarl.py] => Task 5, Epoch 97/200 => Loss 1.763, Loss_clf 0.138, Loss_kd 1.625, Train_accy 96.53
2025-04-17 18:53:37,405 [icarl.py] => Task 5, Epoch 98/200 => Loss 1.732, Loss_clf 0.121, Loss_kd 1.611, Train_accy 96.58
2025-04-17 18:53:43,808 [icarl.py] => Task 5, Epoch 99/200 => Loss 1.723, Loss_clf 0.124, Loss_kd 1.599, Train_accy 97.04
2025-04-17 18:53:50,373 [icarl.py] => Task 5, Epoch 100/200 => Loss 1.680, Loss_clf 0.098, Loss_kd 1.582, Train_accy 97.40
2025-04-17 18:54:03,710 [icarl.py] => Task 5, Epoch 101/200 => Loss 1.698, Loss_clf 0.102, Loss_kd 1.597, Train_accy 97.45, Test_accy {'Art': 34.13, 'Clipart': 51.22, 'Real World': 41.47, 'Product': 36.26}
2025-04-17 18:54:10,722 [icarl.py] => Task 5, Epoch 102/200 => Loss 1.724, Loss_clf 0.108, Loss_kd 1.615, Train_accy 97.14
2025-04-17 18:54:17,187 [icarl.py] => Task 5, Epoch 103/200 => Loss 1.686, Loss_clf 0.107, Loss_kd 1.579, Train_accy 97.09
2025-04-17 18:54:23,737 [icarl.py] => Task 5, Epoch 104/200 => Loss 1.718, Loss_clf 0.107, Loss_kd 1.611, Train_accy 97.45
2025-04-17 18:54:30,093 [icarl.py] => Task 5, Epoch 105/200 => Loss 1.688, Loss_clf 0.092, Loss_kd 1.596, Train_accy 97.76
2025-04-17 18:54:36,779 [icarl.py] => Task 5, Epoch 106/200 => Loss 1.744, Loss_clf 0.116, Loss_kd 1.628, Train_accy 97.09
2025-04-17 18:54:43,395 [icarl.py] => Task 5, Epoch 107/200 => Loss 1.699, Loss_clf 0.095, Loss_kd 1.604, Train_accy 97.91
2025-04-17 18:54:50,032 [icarl.py] => Task 5, Epoch 108/200 => Loss 1.704, Loss_clf 0.100, Loss_kd 1.604, Train_accy 97.50
2025-04-17 18:54:56,640 [icarl.py] => Task 5, Epoch 109/200 => Loss 1.662, Loss_clf 0.076, Loss_kd 1.587, Train_accy 98.37
2025-04-17 18:55:03,290 [icarl.py] => Task 5, Epoch 110/200 => Loss 1.688, Loss_clf 0.093, Loss_kd 1.595, Train_accy 97.40
2025-04-17 18:55:09,630 [icarl.py] => Task 5, Epoch 111/200 => Loss 1.661, Loss_clf 0.093, Loss_kd 1.568, Train_accy 97.71
2025-04-17 18:55:16,392 [icarl.py] => Task 5, Epoch 112/200 => Loss 1.669, Loss_clf 0.082, Loss_kd 1.587, Train_accy 98.37
2025-04-17 18:55:22,847 [icarl.py] => Task 5, Epoch 113/200 => Loss 1.707, Loss_clf 0.089, Loss_kd 1.618, Train_accy 97.76
2025-04-17 18:55:29,239 [icarl.py] => Task 5, Epoch 114/200 => Loss 1.684, Loss_clf 0.087, Loss_kd 1.596, Train_accy 97.86
2025-04-17 18:55:35,832 [icarl.py] => Task 5, Epoch 115/200 => Loss 1.701, Loss_clf 0.088, Loss_kd 1.613, Train_accy 97.81
2025-04-17 18:55:42,524 [icarl.py] => Task 5, Epoch 116/200 => Loss 1.682, Loss_clf 0.090, Loss_kd 1.592, Train_accy 97.65
2025-04-17 18:55:49,900 [icarl.py] => Task 5, Epoch 117/200 => Loss 1.682, Loss_clf 0.092, Loss_kd 1.590, Train_accy 97.76
2025-04-17 18:55:56,586 [icarl.py] => Task 5, Epoch 118/200 => Loss 1.674, Loss_clf 0.083, Loss_kd 1.591, Train_accy 97.76
2025-04-17 18:56:02,636 [icarl.py] => Task 5, Epoch 119/200 => Loss 1.670, Loss_clf 0.087, Loss_kd 1.583, Train_accy 97.81
2025-04-17 18:56:08,679 [icarl.py] => Task 5, Epoch 120/200 => Loss 1.686, Loss_clf 0.092, Loss_kd 1.594, Train_accy 97.91
2025-04-17 18:56:22,042 [icarl.py] => Task 5, Epoch 121/200 => Loss 1.694, Loss_clf 0.101, Loss_kd 1.593, Train_accy 97.76, Test_accy {'Art': 32.69, 'Clipart': 52.93, 'Real World': 42.42, 'Product': 34.46}
2025-04-17 18:56:28,565 [icarl.py] => Task 5, Epoch 122/200 => Loss 1.682, Loss_clf 0.091, Loss_kd 1.591, Train_accy 97.96
2025-04-17 18:56:35,423 [icarl.py] => Task 5, Epoch 123/200 => Loss 1.691, Loss_clf 0.093, Loss_kd 1.598, Train_accy 97.91
2025-04-17 18:56:41,921 [icarl.py] => Task 5, Epoch 124/200 => Loss 1.681, Loss_clf 0.091, Loss_kd 1.590, Train_accy 97.76
2025-04-17 18:56:48,358 [icarl.py] => Task 5, Epoch 125/200 => Loss 1.691, Loss_clf 0.099, Loss_kd 1.592, Train_accy 97.71
2025-04-17 18:56:55,102 [icarl.py] => Task 5, Epoch 126/200 => Loss 1.683, Loss_clf 0.076, Loss_kd 1.607, Train_accy 98.16
2025-04-17 18:57:01,324 [icarl.py] => Task 5, Epoch 127/200 => Loss 1.651, Loss_clf 0.078, Loss_kd 1.572, Train_accy 98.06
2025-04-17 18:57:08,170 [icarl.py] => Task 5, Epoch 128/200 => Loss 1.667, Loss_clf 0.080, Loss_kd 1.586, Train_accy 98.16
2025-04-17 18:57:14,410 [icarl.py] => Task 5, Epoch 129/200 => Loss 1.675, Loss_clf 0.080, Loss_kd 1.595, Train_accy 98.42
2025-04-17 18:57:21,097 [icarl.py] => Task 5, Epoch 130/200 => Loss 1.667, Loss_clf 0.078, Loss_kd 1.588, Train_accy 98.11
2025-04-17 18:57:27,717 [icarl.py] => Task 5, Epoch 131/200 => Loss 1.651, Loss_clf 0.070, Loss_kd 1.582, Train_accy 98.27
2025-04-17 18:57:34,198 [icarl.py] => Task 5, Epoch 132/200 => Loss 1.640, Loss_clf 0.063, Loss_kd 1.577, Train_accy 98.57
2025-04-17 18:57:40,387 [icarl.py] => Task 5, Epoch 133/200 => Loss 1.636, Loss_clf 0.072, Loss_kd 1.564, Train_accy 98.32
2025-04-17 18:57:46,945 [icarl.py] => Task 5, Epoch 134/200 => Loss 1.672, Loss_clf 0.073, Loss_kd 1.599, Train_accy 98.32
2025-04-17 18:57:53,665 [icarl.py] => Task 5, Epoch 135/200 => Loss 1.664, Loss_clf 0.070, Loss_kd 1.593, Train_accy 98.57
2025-04-17 18:58:00,494 [icarl.py] => Task 5, Epoch 136/200 => Loss 1.659, Loss_clf 0.067, Loss_kd 1.592, Train_accy 98.37
2025-04-17 18:58:07,101 [icarl.py] => Task 5, Epoch 137/200 => Loss 1.666, Loss_clf 0.083, Loss_kd 1.583, Train_accy 98.22
2025-04-17 18:58:13,789 [icarl.py] => Task 5, Epoch 138/200 => Loss 1.680, Loss_clf 0.090, Loss_kd 1.590, Train_accy 97.96
2025-04-17 18:58:20,146 [icarl.py] => Task 5, Epoch 139/200 => Loss 1.666, Loss_clf 0.072, Loss_kd 1.594, Train_accy 98.42
2025-04-17 18:58:26,447 [icarl.py] => Task 5, Epoch 140/200 => Loss 1.643, Loss_clf 0.073, Loss_kd 1.570, Train_accy 98.37
2025-04-17 18:58:39,872 [icarl.py] => Task 5, Epoch 141/200 => Loss 1.651, Loss_clf 0.070, Loss_kd 1.581, Train_accy 98.78, Test_accy {'Art': 33.65, 'Clipart': 54.39, 'Real World': 44.31, 'Product': 37.16}
2025-04-17 18:58:46,604 [icarl.py] => Task 5, Epoch 142/200 => Loss 1.640, Loss_clf 0.071, Loss_kd 1.568, Train_accy 98.47
2025-04-17 18:58:52,984 [icarl.py] => Task 5, Epoch 143/200 => Loss 1.667, Loss_clf 0.071, Loss_kd 1.596, Train_accy 98.62
2025-04-17 18:58:59,535 [icarl.py] => Task 5, Epoch 144/200 => Loss 1.647, Loss_clf 0.071, Loss_kd 1.576, Train_accy 98.57
2025-04-17 18:59:05,932 [icarl.py] => Task 5, Epoch 145/200 => Loss 1.635, Loss_clf 0.058, Loss_kd 1.577, Train_accy 98.88
2025-04-17 18:59:12,730 [icarl.py] => Task 5, Epoch 146/200 => Loss 1.652, Loss_clf 0.068, Loss_kd 1.585, Train_accy 98.42
2025-04-17 18:59:19,287 [icarl.py] => Task 5, Epoch 147/200 => Loss 1.631, Loss_clf 0.066, Loss_kd 1.565, Train_accy 98.57
2025-04-17 18:59:25,833 [icarl.py] => Task 5, Epoch 148/200 => Loss 1.668, Loss_clf 0.074, Loss_kd 1.595, Train_accy 98.47
2025-04-17 18:59:32,375 [icarl.py] => Task 5, Epoch 149/200 => Loss 1.651, Loss_clf 0.070, Loss_kd 1.580, Train_accy 98.47
2025-04-17 18:59:38,733 [icarl.py] => Task 5, Epoch 150/200 => Loss 1.622, Loss_clf 0.050, Loss_kd 1.572, Train_accy 98.93
2025-04-17 18:59:45,135 [icarl.py] => Task 5, Epoch 151/200 => Loss 1.639, Loss_clf 0.070, Loss_kd 1.569, Train_accy 98.73
2025-04-17 18:59:51,537 [icarl.py] => Task 5, Epoch 152/200 => Loss 1.633, Loss_clf 0.063, Loss_kd 1.571, Train_accy 98.78
2025-04-17 18:59:57,939 [icarl.py] => Task 5, Epoch 153/200 => Loss 1.619, Loss_clf 0.057, Loss_kd 1.562, Train_accy 98.83
2025-04-17 19:00:04,369 [icarl.py] => Task 5, Epoch 154/200 => Loss 1.631, Loss_clf 0.057, Loss_kd 1.575, Train_accy 98.73
2025-04-17 19:00:11,131 [icarl.py] => Task 5, Epoch 155/200 => Loss 1.636, Loss_clf 0.063, Loss_kd 1.573, Train_accy 98.73
2025-04-17 19:00:17,508 [icarl.py] => Task 5, Epoch 156/200 => Loss 1.621, Loss_clf 0.054, Loss_kd 1.567, Train_accy 99.03
2025-04-17 19:00:24,503 [icarl.py] => Task 5, Epoch 157/200 => Loss 1.613, Loss_clf 0.049, Loss_kd 1.565, Train_accy 99.08
2025-04-17 19:00:31,164 [icarl.py] => Task 5, Epoch 158/200 => Loss 1.643, Loss_clf 0.065, Loss_kd 1.577, Train_accy 98.52
2025-04-17 19:00:37,644 [icarl.py] => Task 5, Epoch 159/200 => Loss 1.643, Loss_clf 0.065, Loss_kd 1.579, Train_accy 98.32
2025-04-17 19:00:44,363 [icarl.py] => Task 5, Epoch 160/200 => Loss 1.632, Loss_clf 0.064, Loss_kd 1.567, Train_accy 98.47
2025-04-17 19:00:57,809 [icarl.py] => Task 5, Epoch 161/200 => Loss 1.633, Loss_clf 0.063, Loss_kd 1.571, Train_accy 98.73, Test_accy {'Art': 31.25, 'Clipart': 54.15, 'Real World': 44.55, 'Product': 37.16}
2025-04-17 19:01:04,467 [icarl.py] => Task 5, Epoch 162/200 => Loss 1.638, Loss_clf 0.055, Loss_kd 1.582, Train_accy 98.98
2025-04-17 19:01:11,055 [icarl.py] => Task 5, Epoch 163/200 => Loss 1.615, Loss_clf 0.053, Loss_kd 1.562, Train_accy 99.03
2025-04-17 19:01:17,341 [icarl.py] => Task 5, Epoch 164/200 => Loss 1.608, Loss_clf 0.054, Loss_kd 1.553, Train_accy 99.08
2025-04-17 19:01:23,942 [icarl.py] => Task 5, Epoch 165/200 => Loss 1.625, Loss_clf 0.050, Loss_kd 1.575, Train_accy 99.39
2025-04-17 19:01:30,422 [icarl.py] => Task 5, Epoch 166/200 => Loss 1.596, Loss_clf 0.045, Loss_kd 1.551, Train_accy 99.39
2025-04-17 19:01:36,923 [icarl.py] => Task 5, Epoch 167/200 => Loss 1.642, Loss_clf 0.064, Loss_kd 1.578, Train_accy 98.73
2025-04-17 19:01:43,552 [icarl.py] => Task 5, Epoch 168/200 => Loss 1.632, Loss_clf 0.060, Loss_kd 1.571, Train_accy 98.47
2025-04-17 19:01:49,956 [icarl.py] => Task 5, Epoch 169/200 => Loss 1.624, Loss_clf 0.051, Loss_kd 1.573, Train_accy 98.98
2025-04-17 19:01:56,550 [icarl.py] => Task 5, Epoch 170/200 => Loss 1.640, Loss_clf 0.062, Loss_kd 1.579, Train_accy 99.03
2025-04-17 19:02:03,027 [icarl.py] => Task 5, Epoch 171/200 => Loss 1.629, Loss_clf 0.059, Loss_kd 1.570, Train_accy 99.03
2025-04-17 19:02:09,654 [icarl.py] => Task 5, Epoch 172/200 => Loss 1.623, Loss_clf 0.054, Loss_kd 1.570, Train_accy 98.83
2025-04-17 19:02:16,041 [icarl.py] => Task 5, Epoch 173/200 => Loss 1.636, Loss_clf 0.055, Loss_kd 1.581, Train_accy 98.78
2025-04-17 19:02:22,383 [icarl.py] => Task 5, Epoch 174/200 => Loss 1.640, Loss_clf 0.052, Loss_kd 1.588, Train_accy 98.98
2025-04-17 19:02:29,454 [icarl.py] => Task 5, Epoch 175/200 => Loss 1.628, Loss_clf 0.061, Loss_kd 1.567, Train_accy 98.73
2025-04-17 19:02:35,936 [icarl.py] => Task 5, Epoch 176/200 => Loss 1.630, Loss_clf 0.052, Loss_kd 1.578, Train_accy 99.18
2025-04-17 19:02:42,812 [icarl.py] => Task 5, Epoch 177/200 => Loss 1.640, Loss_clf 0.054, Loss_kd 1.586, Train_accy 99.08
2025-04-17 19:02:49,181 [icarl.py] => Task 5, Epoch 178/200 => Loss 1.616, Loss_clf 0.052, Loss_kd 1.564, Train_accy 99.03
2025-04-17 19:02:55,738 [icarl.py] => Task 5, Epoch 179/200 => Loss 1.635, Loss_clf 0.057, Loss_kd 1.578, Train_accy 98.88
2025-04-17 19:03:02,099 [icarl.py] => Task 5, Epoch 180/200 => Loss 1.629, Loss_clf 0.054, Loss_kd 1.575, Train_accy 98.98
2025-04-17 19:03:15,224 [icarl.py] => Task 5, Epoch 181/200 => Loss 1.620, Loss_clf 0.059, Loss_kd 1.561, Train_accy 98.93, Test_accy {'Art': 34.13, 'Clipart': 56.34, 'Real World': 43.84, 'Product': 38.29}
2025-04-17 19:03:21,714 [icarl.py] => Task 5, Epoch 182/200 => Loss 1.637, Loss_clf 0.066, Loss_kd 1.572, Train_accy 98.47
2025-04-17 19:03:28,100 [icarl.py] => Task 5, Epoch 183/200 => Loss 1.624, Loss_clf 0.046, Loss_kd 1.578, Train_accy 99.13
2025-04-17 19:03:34,769 [icarl.py] => Task 5, Epoch 184/200 => Loss 1.651, Loss_clf 0.069, Loss_kd 1.581, Train_accy 98.42
2025-04-17 19:03:41,448 [icarl.py] => Task 5, Epoch 185/200 => Loss 1.629, Loss_clf 0.049, Loss_kd 1.580, Train_accy 99.13
2025-04-17 19:03:48,112 [icarl.py] => Task 5, Epoch 186/200 => Loss 1.622, Loss_clf 0.051, Loss_kd 1.570, Train_accy 99.34
2025-04-17 19:03:54,466 [icarl.py] => Task 5, Epoch 187/200 => Loss 1.621, Loss_clf 0.050, Loss_kd 1.572, Train_accy 99.13
2025-04-17 19:04:01,326 [icarl.py] => Task 5, Epoch 188/200 => Loss 1.622, Loss_clf 0.058, Loss_kd 1.565, Train_accy 98.83
2025-04-17 19:04:07,916 [icarl.py] => Task 5, Epoch 189/200 => Loss 1.601, Loss_clf 0.040, Loss_kd 1.561, Train_accy 99.29
2025-04-17 19:04:14,812 [icarl.py] => Task 5, Epoch 190/200 => Loss 1.608, Loss_clf 0.042, Loss_kd 1.566, Train_accy 99.44
2025-04-17 19:04:21,832 [icarl.py] => Task 5, Epoch 191/200 => Loss 1.615, Loss_clf 0.052, Loss_kd 1.563, Train_accy 98.93
2025-04-17 19:04:28,485 [icarl.py] => Task 5, Epoch 192/200 => Loss 1.606, Loss_clf 0.041, Loss_kd 1.564, Train_accy 99.29
2025-04-17 19:04:35,633 [icarl.py] => Task 5, Epoch 193/200 => Loss 1.652, Loss_clf 0.056, Loss_kd 1.597, Train_accy 98.83
2025-04-17 19:04:42,484 [icarl.py] => Task 5, Epoch 194/200 => Loss 1.632, Loss_clf 0.060, Loss_kd 1.572, Train_accy 99.03
2025-04-17 19:04:48,612 [icarl.py] => Task 5, Epoch 195/200 => Loss 1.630, Loss_clf 0.055, Loss_kd 1.574, Train_accy 99.08
2025-04-17 19:04:55,177 [icarl.py] => Task 5, Epoch 196/200 => Loss 1.638, Loss_clf 0.057, Loss_kd 1.581, Train_accy 99.18
2025-04-17 19:05:01,942 [icarl.py] => Task 5, Epoch 197/200 => Loss 1.613, Loss_clf 0.046, Loss_kd 1.568, Train_accy 98.88
2025-04-17 19:05:08,669 [icarl.py] => Task 5, Epoch 198/200 => Loss 1.623, Loss_clf 0.050, Loss_kd 1.573, Train_accy 98.98
2025-04-17 19:05:15,538 [icarl.py] => Task 5, Epoch 199/200 => Loss 1.606, Loss_clf 0.051, Loss_kd 1.555, Train_accy 99.24
2025-04-17 19:05:22,019 [icarl.py] => Task 5, Epoch 200/200 => Loss 1.636, Loss_clf 0.058, Loss_kd 1.579, Train_accy 98.93
2025-04-17 19:05:22,020 [base.py] => Reducing exemplars...(43 per classes)
2025-04-17 19:05:42,217 [base.py] => Constructing exemplars...(43 per classes)
2025-04-17 19:06:05,640 [icarl.py] => Exemplar size: 1290
2025-04-17 19:06:06,358 [trainer.py] => CNN [Art]: {'total': 34.13, '00-04': 50.0, '05-09': 44.12, '10-14': 21.62, '15-19': 25.93, '20-24': 23.68, '25-29': 38.24, 'old': 33.33, 'new': 38.24}
2025-04-17 19:06:06,359 [trainer.py] => NME [Art]: {'total': 34.13, '00-04': 44.74, '05-09': 47.06, '10-14': 24.32, '15-19': 25.93, '20-24': 28.95, '25-29': 32.35, 'old': 34.48, 'new': 32.35}
2025-04-17 19:06:06,359 [trainer.py] => CNN [Art] top1 curve: [73.68, 61.11, 47.71, 43.38, 37.93, 34.13]
2025-04-17 19:06:06,359 [trainer.py] => CNN [Art] top5 curve: [100.0, 88.89, 77.06, 75.0, 70.69, 60.58]
2025-04-17 19:06:06,359 [trainer.py] => NME [Art] top1 curve: [73.68, 55.56, 44.04, 47.79, 41.38, 34.13]
2025-04-17 19:06:06,359 [trainer.py] => NME [Art] top5 curve: [100.0, 91.67, 77.06, 73.53, 72.41, 62.02]
2025-04-17 19:06:06,359 [trainer.py] => Average Accuracy [Art] (CNN): 49.656666666666666
2025-04-17 19:06:06,359 [trainer.py] => Average Accuracy [Art] (NME): 49.43000000000001
2025-04-17 19:06:06,359 [trainer.py] => CNN [Clipart]: {'total': 56.34, '00-04': 57.69, '05-09': 58.06, '10-14': 57.58, '15-19': 58.49, '20-24': 49.44, '25-29': 59.68, 'old': 55.75, 'new': 59.68}
2025-04-17 19:06:06,359 [trainer.py] => NME [Clipart]: {'total': 55.61, '00-04': 57.69, '05-09': 59.68, '10-14': 56.06, '15-19': 58.49, '20-24': 47.19, '25-29': 58.06, 'old': 55.17, 'new': 58.06}
2025-04-17 19:06:06,359 [trainer.py] => CNN [Clipart] top1 curve: [76.92, 70.0, 69.9, 66.02, 60.63, 56.34]
2025-04-17 19:06:06,359 [trainer.py] => CNN [Clipart] top5 curve: [100.0, 93.57, 89.81, 85.71, 84.2, 79.76]
2025-04-17 19:06:06,359 [trainer.py] => NME [Clipart] top1 curve: [78.21, 70.0, 71.36, 66.41, 60.63, 55.61]
2025-04-17 19:06:06,359 [trainer.py] => NME [Clipart] top5 curve: [100.0, 92.14, 88.83, 86.1, 83.05, 81.22]
2025-04-17 19:06:06,359 [trainer.py] => Average Accuracy [Clipart] (CNN): 66.635
2025-04-17 19:06:06,359 [trainer.py] => Average Accuracy [Clipart] (NME): 67.03666666666666
2025-04-17 19:06:06,359 [trainer.py] => CNN [Product]: {'total': 37.84, '00-04': 38.82, '05-09': 32.5, '10-14': 50.0, '15-19': 19.48, '20-24': 40.98, '25-29': 48.1, 'old': 35.62, 'new': 48.1}
2025-04-17 19:06:06,360 [trainer.py] => NME [Product]: {'total': 40.32, '00-04': 41.18, '05-09': 35.0, '10-14': 56.45, '15-19': 19.48, '20-24': 42.62, '25-29': 50.63, 'old': 38.08, 'new': 50.63}
2025-04-17 19:06:06,360 [trainer.py] => CNN [Product] top1 curve: [70.59, 54.55, 53.74, 46.71, 43.29, 37.84]
2025-04-17 19:06:06,360 [trainer.py] => CNN [Product] top5 curve: [100.0, 88.48, 85.02, 76.32, 75.62, 72.07]
2025-04-17 19:06:06,360 [trainer.py] => NME [Product] top1 curve: [74.12, 53.94, 55.07, 47.04, 46.58, 40.32]
2025-04-17 19:06:06,360 [trainer.py] => NME [Product] top5 curve: [100.0, 92.73, 88.55, 81.25, 75.34, 72.52]
2025-04-17 19:06:06,360 [trainer.py] => Average Accuracy [Product] (CNN): 51.120000000000005
2025-04-17 19:06:06,360 [trainer.py] => Average Accuracy [Product] (NME): 52.845
2025-04-17 19:06:06,360 [trainer.py] => CNN [Real World]: {'total': 43.84, '00-04': 50.68, '05-09': 48.53, '10-14': 31.94, '15-19': 44.78, '20-24': 21.54, '25-29': 62.34, 'old': 39.71, 'new': 62.34}
2025-04-17 19:06:06,360 [trainer.py] => NME [Real World]: {'total': 46.45, '00-04': 50.68, '05-09': 51.47, '10-14': 33.33, '15-19': 47.76, '20-24': 26.15, '25-29': 66.23, 'old': 42.03, 'new': 66.23}
2025-04-17 19:06:06,360 [trainer.py] => CNN [Real World] top1 curve: [68.49, 68.09, 58.69, 53.93, 46.67, 43.84]
2025-04-17 19:06:06,360 [trainer.py] => CNN [Real World] top5 curve: [100.0, 91.49, 85.92, 83.21, 78.26, 75.12]
2025-04-17 19:06:06,360 [trainer.py] => NME [Real World] top1 curve: [68.49, 67.38, 58.69, 54.64, 49.28, 46.45]
2025-04-17 19:06:06,360 [trainer.py] => NME [Real World] top5 curve: [100.0, 94.33, 86.85, 82.14, 79.13, 76.3]
2025-04-17 19:06:06,360 [trainer.py] => Average Accuracy [Real World] (CNN): 56.61833333333333
2025-04-17 19:06:06,360 [trainer.py] => Average Accuracy [Real World] (NME): 57.48833333333334
2025-04-17 19:06:06,360 [trainer.py] => NME Harmonic Mean : 42.7080
2025-04-17 19:06:06,360 [trainer.py] => NME Macro Mean : 44.1275
2025-04-17 19:06:06,360 [trainer.py] => CNN Harmonic Mean : 41.0143
2025-04-17 19:06:06,360 [trainer.py] => CNN Macro Mean : 43.0375
2025-04-17 19:06:06,361 [trainer.py] => All params: 21305192
2025-04-17 19:06:06,361 [trainer.py] => Trainable params: 21305192
2025-04-17 19:06:06,362 [icarl.py] => Learning on 30-35
2025-04-17 19:06:20,609 [icarl.py] => Task 6, Epoch 1/200 => Loss 4.180, Loss_clf 1.953, Loss_kd 2.226, Train_accy 48.40, Test_accy {'Art': 8.75, 'Clipart': 18.78, 'Real World': 15.49, 'Product': 15.07}
2025-04-17 19:06:27,164 [icarl.py] => Task 6, Epoch 2/200 => Loss 4.684, Loss_clf 2.100, Loss_kd 2.585, Train_accy 38.27
2025-04-17 19:06:33,532 [icarl.py] => Task 6, Epoch 3/200 => Loss 4.055, Loss_clf 1.679, Loss_kd 2.376, Train_accy 50.42
2025-04-17 19:06:39,939 [icarl.py] => Task 6, Epoch 4/200 => Loss 3.710, Loss_clf 1.418, Loss_kd 2.292, Train_accy 57.45
2025-04-17 19:06:46,399 [icarl.py] => Task 6, Epoch 5/200 => Loss 3.707, Loss_clf 1.416, Loss_kd 2.291, Train_accy 58.98
2025-04-17 19:06:52,924 [icarl.py] => Task 6, Epoch 6/200 => Loss 3.496, Loss_clf 1.262, Loss_kd 2.234, Train_accy 62.32
2025-04-17 19:06:59,939 [icarl.py] => Task 6, Epoch 7/200 => Loss 3.382, Loss_clf 1.184, Loss_kd 2.198, Train_accy 63.40
2025-04-17 19:07:06,594 [icarl.py] => Task 6, Epoch 8/200 => Loss 3.273, Loss_clf 1.083, Loss_kd 2.190, Train_accy 66.31
2025-04-17 19:07:13,043 [icarl.py] => Task 6, Epoch 9/200 => Loss 3.181, Loss_clf 1.031, Loss_kd 2.150, Train_accy 69.21
2025-04-17 19:07:19,552 [icarl.py] => Task 6, Epoch 10/200 => Loss 3.019, Loss_clf 0.900, Loss_kd 2.119, Train_accy 74.77
2025-04-17 19:07:26,170 [icarl.py] => Task 6, Epoch 11/200 => Loss 2.987, Loss_clf 0.872, Loss_kd 2.114, Train_accy 73.83
2025-04-17 19:07:33,197 [icarl.py] => Task 6, Epoch 12/200 => Loss 2.842, Loss_clf 0.770, Loss_kd 2.072, Train_accy 76.64
2025-04-17 19:07:40,083 [icarl.py] => Task 6, Epoch 13/200 => Loss 2.715, Loss_clf 0.660, Loss_kd 2.055, Train_accy 80.77
2025-04-17 19:07:46,416 [icarl.py] => Task 6, Epoch 14/200 => Loss 2.762, Loss_clf 0.715, Loss_kd 2.046, Train_accy 78.50
2025-04-17 19:07:53,129 [icarl.py] => Task 6, Epoch 15/200 => Loss 2.702, Loss_clf 0.662, Loss_kd 2.040, Train_accy 79.78
2025-04-17 19:07:59,265 [icarl.py] => Task 6, Epoch 16/200 => Loss 2.618, Loss_clf 0.603, Loss_kd 2.014, Train_accy 82.88
2025-04-17 19:08:06,170 [icarl.py] => Task 6, Epoch 17/200 => Loss 2.638, Loss_clf 0.609, Loss_kd 2.029, Train_accy 81.85
2025-04-17 19:08:13,087 [icarl.py] => Task 6, Epoch 18/200 => Loss 2.575, Loss_clf 0.569, Loss_kd 2.006, Train_accy 83.77
2025-04-17 19:08:19,736 [icarl.py] => Task 6, Epoch 19/200 => Loss 2.532, Loss_clf 0.541, Loss_kd 1.990, Train_accy 83.67
2025-04-17 19:08:26,587 [icarl.py] => Task 6, Epoch 20/200 => Loss 2.505, Loss_clf 0.527, Loss_kd 1.977, Train_accy 84.65
2025-04-17 19:08:40,636 [icarl.py] => Task 6, Epoch 21/200 => Loss 2.476, Loss_clf 0.499, Loss_kd 1.978, Train_accy 85.15, Test_accy {'Art': 23.95, 'Clipart': 41.98, 'Real World': 35.41, 'Product': 28.18}
2025-04-17 19:08:47,208 [icarl.py] => Task 6, Epoch 22/200 => Loss 2.391, Loss_clf 0.424, Loss_kd 1.967, Train_accy 87.46
2025-04-17 19:08:53,736 [icarl.py] => Task 6, Epoch 23/200 => Loss 2.309, Loss_clf 0.376, Loss_kd 1.933, Train_accy 88.69
2025-04-17 19:09:00,316 [icarl.py] => Task 6, Epoch 24/200 => Loss 2.341, Loss_clf 0.395, Loss_kd 1.946, Train_accy 88.93
2025-04-17 19:09:07,112 [icarl.py] => Task 6, Epoch 25/200 => Loss 2.322, Loss_clf 0.394, Loss_kd 1.928, Train_accy 87.95
2025-04-17 19:09:13,501 [icarl.py] => Task 6, Epoch 26/200 => Loss 2.364, Loss_clf 0.404, Loss_kd 1.961, Train_accy 88.39
2025-04-17 19:09:19,816 [icarl.py] => Task 6, Epoch 27/200 => Loss 2.371, Loss_clf 0.411, Loss_kd 1.960, Train_accy 88.34
2025-04-17 19:09:26,283 [icarl.py] => Task 6, Epoch 28/200 => Loss 2.283, Loss_clf 0.347, Loss_kd 1.936, Train_accy 90.31
2025-04-17 19:09:32,608 [icarl.py] => Task 6, Epoch 29/200 => Loss 2.348, Loss_clf 0.396, Loss_kd 1.952, Train_accy 88.39
2025-04-17 19:09:38,882 [icarl.py] => Task 6, Epoch 30/200 => Loss 2.346, Loss_clf 0.385, Loss_kd 1.962, Train_accy 89.57
2025-04-17 19:09:45,118 [icarl.py] => Task 6, Epoch 31/200 => Loss 2.251, Loss_clf 0.333, Loss_kd 1.918, Train_accy 90.36
2025-04-17 19:09:51,433 [icarl.py] => Task 6, Epoch 32/200 => Loss 2.259, Loss_clf 0.345, Loss_kd 1.913, Train_accy 89.82
2025-04-17 19:09:57,862 [icarl.py] => Task 6, Epoch 33/200 => Loss 2.243, Loss_clf 0.324, Loss_kd 1.919, Train_accy 90.70
2025-04-17 19:10:04,312 [icarl.py] => Task 6, Epoch 34/200 => Loss 2.283, Loss_clf 0.374, Loss_kd 1.910, Train_accy 89.77
2025-04-17 19:10:10,728 [icarl.py] => Task 6, Epoch 35/200 => Loss 2.271, Loss_clf 0.335, Loss_kd 1.936, Train_accy 91.05
2025-04-17 19:10:17,542 [icarl.py] => Task 6, Epoch 36/200 => Loss 2.184, Loss_clf 0.284, Loss_kd 1.900, Train_accy 92.23
2025-04-17 19:10:24,550 [icarl.py] => Task 6, Epoch 37/200 => Loss 2.221, Loss_clf 0.319, Loss_kd 1.902, Train_accy 90.95
2025-04-17 19:10:31,430 [icarl.py] => Task 6, Epoch 38/200 => Loss 2.231, Loss_clf 0.316, Loss_kd 1.915, Train_accy 90.65
2025-04-17 19:10:38,610 [icarl.py] => Task 6, Epoch 39/200 => Loss 2.209, Loss_clf 0.301, Loss_kd 1.908, Train_accy 92.52
2025-04-17 19:10:45,803 [icarl.py] => Task 6, Epoch 40/200 => Loss 2.129, Loss_clf 0.246, Loss_kd 1.883, Train_accy 93.11
2025-04-17 19:11:00,335 [icarl.py] => Task 6, Epoch 41/200 => Loss 2.207, Loss_clf 0.306, Loss_kd 1.901, Train_accy 91.24, Test_accy {'Art': 23.19, 'Clipart': 47.05, 'Real World': 36.62, 'Product': 29.55}
2025-04-17 19:11:07,053 [icarl.py] => Task 6, Epoch 42/200 => Loss 2.169, Loss_clf 0.273, Loss_kd 1.896, Train_accy 92.03
2025-04-17 19:11:13,779 [icarl.py] => Task 6, Epoch 43/200 => Loss 2.236, Loss_clf 0.308, Loss_kd 1.928, Train_accy 91.49
2025-04-17 19:11:20,554 [icarl.py] => Task 6, Epoch 44/200 => Loss 2.189, Loss_clf 0.291, Loss_kd 1.898, Train_accy 92.47
2025-04-17 19:11:27,211 [icarl.py] => Task 6, Epoch 45/200 => Loss 2.199, Loss_clf 0.303, Loss_kd 1.896, Train_accy 92.03
2025-04-17 19:11:34,149 [icarl.py] => Task 6, Epoch 46/200 => Loss 2.153, Loss_clf 0.269, Loss_kd 1.884, Train_accy 93.02
2025-04-17 19:11:40,474 [icarl.py] => Task 6, Epoch 47/200 => Loss 2.156, Loss_clf 0.287, Loss_kd 1.870, Train_accy 91.83
2025-04-17 19:11:46,866 [icarl.py] => Task 6, Epoch 48/200 => Loss 2.164, Loss_clf 0.264, Loss_kd 1.900, Train_accy 92.33
2025-04-17 19:11:53,328 [icarl.py] => Task 6, Epoch 49/200 => Loss 2.122, Loss_clf 0.238, Loss_kd 1.884, Train_accy 93.65
2025-04-17 19:11:59,684 [icarl.py] => Task 6, Epoch 50/200 => Loss 2.139, Loss_clf 0.248, Loss_kd 1.891, Train_accy 93.41
2025-04-17 19:12:06,005 [icarl.py] => Task 6, Epoch 51/200 => Loss 2.127, Loss_clf 0.241, Loss_kd 1.886, Train_accy 93.46
2025-04-17 19:12:12,394 [icarl.py] => Task 6, Epoch 52/200 => Loss 2.119, Loss_clf 0.242, Loss_kd 1.877, Train_accy 93.11
2025-04-17 19:12:19,043 [icarl.py] => Task 6, Epoch 53/200 => Loss 2.138, Loss_clf 0.249, Loss_kd 1.889, Train_accy 93.21
2025-04-17 19:12:25,168 [icarl.py] => Task 6, Epoch 54/200 => Loss 2.133, Loss_clf 0.258, Loss_kd 1.876, Train_accy 92.77
2025-04-17 19:12:31,388 [icarl.py] => Task 6, Epoch 55/200 => Loss 2.119, Loss_clf 0.248, Loss_kd 1.871, Train_accy 93.06
2025-04-17 19:12:37,922 [icarl.py] => Task 6, Epoch 56/200 => Loss 2.101, Loss_clf 0.228, Loss_kd 1.873, Train_accy 93.95
2025-04-17 19:12:44,192 [icarl.py] => Task 6, Epoch 57/200 => Loss 2.106, Loss_clf 0.246, Loss_kd 1.860, Train_accy 93.46
2025-04-17 19:12:50,446 [icarl.py] => Task 6, Epoch 58/200 => Loss 2.099, Loss_clf 0.223, Loss_kd 1.875, Train_accy 93.90
2025-04-17 19:12:56,611 [icarl.py] => Task 6, Epoch 59/200 => Loss 2.049, Loss_clf 0.201, Loss_kd 1.848, Train_accy 94.49
2025-04-17 19:13:03,482 [icarl.py] => Task 6, Epoch 60/200 => Loss 2.062, Loss_clf 0.203, Loss_kd 1.859, Train_accy 94.74
2025-04-17 19:13:17,531 [icarl.py] => Task 6, Epoch 61/200 => Loss 2.068, Loss_clf 0.206, Loss_kd 1.862, Train_accy 94.44, Test_accy {'Art': 28.52, 'Clipart': 43.25, 'Real World': 34.41, 'Product': 25.05}
2025-04-17 19:13:23,979 [icarl.py] => Task 6, Epoch 62/200 => Loss 2.025, Loss_clf 0.184, Loss_kd 1.840, Train_accy 94.93
2025-04-17 19:13:30,638 [icarl.py] => Task 6, Epoch 63/200 => Loss 2.069, Loss_clf 0.204, Loss_kd 1.864, Train_accy 94.59
2025-04-17 19:13:36,929 [icarl.py] => Task 6, Epoch 64/200 => Loss 2.052, Loss_clf 0.198, Loss_kd 1.854, Train_accy 94.59
2025-04-17 19:13:43,538 [icarl.py] => Task 6, Epoch 65/200 => Loss 2.041, Loss_clf 0.185, Loss_kd 1.856, Train_accy 95.03
2025-04-17 19:13:50,526 [icarl.py] => Task 6, Epoch 66/200 => Loss 2.058, Loss_clf 0.204, Loss_kd 1.854, Train_accy 94.49
2025-04-17 19:13:57,640 [icarl.py] => Task 6, Epoch 67/200 => Loss 2.007, Loss_clf 0.174, Loss_kd 1.833, Train_accy 95.52
2025-04-17 19:14:04,058 [icarl.py] => Task 6, Epoch 68/200 => Loss 2.026, Loss_clf 0.167, Loss_kd 1.859, Train_accy 95.72
2025-04-17 19:14:10,180 [icarl.py] => Task 6, Epoch 69/200 => Loss 2.037, Loss_clf 0.189, Loss_kd 1.848, Train_accy 95.18
2025-04-17 19:14:16,443 [icarl.py] => Task 6, Epoch 70/200 => Loss 2.006, Loss_clf 0.174, Loss_kd 1.832, Train_accy 95.28
2025-04-17 19:14:22,793 [icarl.py] => Task 6, Epoch 71/200 => Loss 2.037, Loss_clf 0.185, Loss_kd 1.852, Train_accy 95.57
2025-04-17 19:14:29,528 [icarl.py] => Task 6, Epoch 72/200 => Loss 2.019, Loss_clf 0.182, Loss_kd 1.837, Train_accy 95.13
2025-04-17 19:14:36,016 [icarl.py] => Task 6, Epoch 73/200 => Loss 1.983, Loss_clf 0.154, Loss_kd 1.829, Train_accy 95.82
2025-04-17 19:14:42,416 [icarl.py] => Task 6, Epoch 74/200 => Loss 1.993, Loss_clf 0.165, Loss_kd 1.827, Train_accy 95.92
2025-04-17 19:14:48,708 [icarl.py] => Task 6, Epoch 75/200 => Loss 1.943, Loss_clf 0.140, Loss_kd 1.803, Train_accy 96.70
2025-04-17 19:14:55,109 [icarl.py] => Task 6, Epoch 76/200 => Loss 2.004, Loss_clf 0.168, Loss_kd 1.836, Train_accy 95.87
2025-04-17 19:15:01,427 [icarl.py] => Task 6, Epoch 77/200 => Loss 1.979, Loss_clf 0.156, Loss_kd 1.823, Train_accy 96.36
2025-04-17 19:15:08,171 [icarl.py] => Task 6, Epoch 78/200 => Loss 1.948, Loss_clf 0.129, Loss_kd 1.819, Train_accy 97.10
2025-04-17 19:15:14,987 [icarl.py] => Task 6, Epoch 79/200 => Loss 1.964, Loss_clf 0.142, Loss_kd 1.822, Train_accy 96.61
2025-04-17 19:15:21,578 [icarl.py] => Task 6, Epoch 80/200 => Loss 1.984, Loss_clf 0.152, Loss_kd 1.831, Train_accy 95.92
2025-04-17 19:15:36,331 [icarl.py] => Task 6, Epoch 81/200 => Loss 1.959, Loss_clf 0.139, Loss_kd 1.820, Train_accy 96.80, Test_accy {'Art': 28.9, 'Clipart': 48.73, 'Real World': 39.84, 'Product': 31.31}
2025-04-17 19:15:43,198 [icarl.py] => Task 6, Epoch 82/200 => Loss 1.941, Loss_clf 0.148, Loss_kd 1.793, Train_accy 96.41
2025-04-17 19:15:50,082 [icarl.py] => Task 6, Epoch 83/200 => Loss 1.978, Loss_clf 0.160, Loss_kd 1.818, Train_accy 95.67
2025-04-17 19:15:57,250 [icarl.py] => Task 6, Epoch 84/200 => Loss 1.956, Loss_clf 0.127, Loss_kd 1.828, Train_accy 97.00
2025-04-17 19:16:03,921 [icarl.py] => Task 6, Epoch 85/200 => Loss 1.919, Loss_clf 0.116, Loss_kd 1.802, Train_accy 97.20
2025-04-17 19:16:10,941 [icarl.py] => Task 6, Epoch 86/200 => Loss 1.963, Loss_clf 0.140, Loss_kd 1.823, Train_accy 96.41
2025-04-17 19:16:17,577 [icarl.py] => Task 6, Epoch 87/200 => Loss 1.959, Loss_clf 0.144, Loss_kd 1.814, Train_accy 96.36
2025-04-17 19:16:24,683 [icarl.py] => Task 6, Epoch 88/200 => Loss 1.948, Loss_clf 0.134, Loss_kd 1.814, Train_accy 96.56
2025-04-17 19:16:31,015 [icarl.py] => Task 6, Epoch 89/200 => Loss 1.937, Loss_clf 0.126, Loss_kd 1.812, Train_accy 96.56
2025-04-17 19:16:37,295 [icarl.py] => Task 6, Epoch 90/200 => Loss 1.936, Loss_clf 0.125, Loss_kd 1.812, Train_accy 96.75
2025-04-17 19:16:44,372 [icarl.py] => Task 6, Epoch 91/200 => Loss 1.907, Loss_clf 0.110, Loss_kd 1.798, Train_accy 97.49
2025-04-17 19:16:51,000 [icarl.py] => Task 6, Epoch 92/200 => Loss 1.938, Loss_clf 0.123, Loss_kd 1.814, Train_accy 97.00
2025-04-17 19:16:57,624 [icarl.py] => Task 6, Epoch 93/200 => Loss 1.936, Loss_clf 0.126, Loss_kd 1.810, Train_accy 97.20
2025-04-17 19:17:05,026 [icarl.py] => Task 6, Epoch 94/200 => Loss 1.907, Loss_clf 0.110, Loss_kd 1.798, Train_accy 97.34
2025-04-17 19:17:11,834 [icarl.py] => Task 6, Epoch 95/200 => Loss 1.914, Loss_clf 0.124, Loss_kd 1.790, Train_accy 97.25
2025-04-17 19:17:18,450 [icarl.py] => Task 6, Epoch 96/200 => Loss 1.949, Loss_clf 0.124, Loss_kd 1.824, Train_accy 96.95
2025-04-17 19:17:25,248 [icarl.py] => Task 6, Epoch 97/200 => Loss 1.917, Loss_clf 0.124, Loss_kd 1.793, Train_accy 96.90
2025-04-17 19:17:31,449 [icarl.py] => Task 6, Epoch 98/200 => Loss 1.958, Loss_clf 0.135, Loss_kd 1.823, Train_accy 96.75
2025-04-17 19:17:37,748 [icarl.py] => Task 6, Epoch 99/200 => Loss 1.905, Loss_clf 0.114, Loss_kd 1.791, Train_accy 96.90
2025-04-17 19:17:44,036 [icarl.py] => Task 6, Epoch 100/200 => Loss 1.912, Loss_clf 0.102, Loss_kd 1.810, Train_accy 97.74
2025-04-17 19:17:57,158 [icarl.py] => Task 6, Epoch 101/200 => Loss 1.894, Loss_clf 0.101, Loss_kd 1.793, Train_accy 97.84, Test_accy {'Art': 27.38, 'Clipart': 46.41, 'Real World': 40.44, 'Product': 30.53}
2025-04-17 19:18:03,422 [icarl.py] => Task 6, Epoch 102/200 => Loss 1.933, Loss_clf 0.117, Loss_kd 1.816, Train_accy 96.85
2025-04-17 19:18:09,963 [icarl.py] => Task 6, Epoch 103/200 => Loss 1.913, Loss_clf 0.116, Loss_kd 1.796, Train_accy 96.95
2025-04-17 19:18:16,242 [icarl.py] => Task 6, Epoch 104/200 => Loss 1.929, Loss_clf 0.122, Loss_kd 1.807, Train_accy 96.95
2025-04-17 19:18:22,675 [icarl.py] => Task 6, Epoch 105/200 => Loss 1.897, Loss_clf 0.098, Loss_kd 1.800, Train_accy 97.84
2025-04-17 19:18:29,022 [icarl.py] => Task 6, Epoch 106/200 => Loss 1.875, Loss_clf 0.084, Loss_kd 1.792, Train_accy 97.93
2025-04-17 19:18:35,930 [icarl.py] => Task 6, Epoch 107/200 => Loss 1.887, Loss_clf 0.096, Loss_kd 1.791, Train_accy 97.64
2025-04-17 19:18:42,630 [icarl.py] => Task 6, Epoch 108/200 => Loss 1.879, Loss_clf 0.092, Loss_kd 1.788, Train_accy 97.54
2025-04-17 19:18:48,814 [icarl.py] => Task 6, Epoch 109/200 => Loss 1.877, Loss_clf 0.096, Loss_kd 1.781, Train_accy 97.64
2025-04-17 19:18:55,020 [icarl.py] => Task 6, Epoch 110/200 => Loss 1.909, Loss_clf 0.103, Loss_kd 1.806, Train_accy 97.54
2025-04-17 19:19:01,168 [icarl.py] => Task 6, Epoch 111/200 => Loss 1.865, Loss_clf 0.091, Loss_kd 1.774, Train_accy 98.03
2025-04-17 19:19:07,467 [icarl.py] => Task 6, Epoch 112/200 => Loss 1.893, Loss_clf 0.104, Loss_kd 1.789, Train_accy 97.54
2025-04-17 19:19:13,897 [icarl.py] => Task 6, Epoch 113/200 => Loss 1.898, Loss_clf 0.103, Loss_kd 1.795, Train_accy 97.44
2025-04-17 19:19:20,177 [icarl.py] => Task 6, Epoch 114/200 => Loss 1.890, Loss_clf 0.097, Loss_kd 1.792, Train_accy 97.74
2025-04-17 19:19:26,754 [icarl.py] => Task 6, Epoch 115/200 => Loss 1.875, Loss_clf 0.092, Loss_kd 1.783, Train_accy 97.74
2025-04-17 19:19:33,725 [icarl.py] => Task 6, Epoch 116/200 => Loss 1.893, Loss_clf 0.099, Loss_kd 1.794, Train_accy 97.54
2025-04-17 19:19:40,310 [icarl.py] => Task 6, Epoch 117/200 => Loss 1.874, Loss_clf 0.083, Loss_kd 1.791, Train_accy 98.33
2025-04-17 19:19:47,326 [icarl.py] => Task 6, Epoch 118/200 => Loss 1.865, Loss_clf 0.092, Loss_kd 1.773, Train_accy 97.64
2025-04-17 19:19:53,970 [icarl.py] => Task 6, Epoch 119/200 => Loss 1.884, Loss_clf 0.091, Loss_kd 1.793, Train_accy 98.13
2025-04-17 19:20:00,531 [icarl.py] => Task 6, Epoch 120/200 => Loss 1.853, Loss_clf 0.090, Loss_kd 1.763, Train_accy 97.88
2025-04-17 19:20:14,495 [icarl.py] => Task 6, Epoch 121/200 => Loss 1.879, Loss_clf 0.086, Loss_kd 1.793, Train_accy 98.08, Test_accy {'Art': 27.38, 'Clipart': 50.84, 'Real World': 43.66, 'Product': 32.09}
2025-04-17 19:20:21,102 [icarl.py] => Task 6, Epoch 122/200 => Loss 1.868, Loss_clf 0.085, Loss_kd 1.783, Train_accy 98.28
2025-04-17 19:20:27,462 [icarl.py] => Task 6, Epoch 123/200 => Loss 1.863, Loss_clf 0.075, Loss_kd 1.788, Train_accy 98.13
2025-04-17 19:20:33,863 [icarl.py] => Task 6, Epoch 124/200 => Loss 1.837, Loss_clf 0.076, Loss_kd 1.761, Train_accy 98.23
2025-04-17 19:20:39,996 [icarl.py] => Task 6, Epoch 125/200 => Loss 1.850, Loss_clf 0.075, Loss_kd 1.774, Train_accy 98.43
2025-04-17 19:20:46,239 [icarl.py] => Task 6, Epoch 126/200 => Loss 1.850, Loss_clf 0.074, Loss_kd 1.776, Train_accy 98.38
2025-04-17 19:20:53,291 [icarl.py] => Task 6, Epoch 127/200 => Loss 1.872, Loss_clf 0.078, Loss_kd 1.794, Train_accy 98.43
2025-04-17 19:20:59,710 [icarl.py] => Task 6, Epoch 128/200 => Loss 1.836, Loss_clf 0.079, Loss_kd 1.757, Train_accy 98.43
2025-04-17 19:21:06,265 [icarl.py] => Task 6, Epoch 129/200 => Loss 1.873, Loss_clf 0.083, Loss_kd 1.789, Train_accy 98.13
2025-04-17 19:21:12,653 [icarl.py] => Task 6, Epoch 130/200 => Loss 1.838, Loss_clf 0.076, Loss_kd 1.762, Train_accy 98.18
2025-04-17 19:21:19,400 [icarl.py] => Task 6, Epoch 131/200 => Loss 1.852, Loss_clf 0.075, Loss_kd 1.777, Train_accy 98.18
2025-04-17 19:21:25,678 [icarl.py] => Task 6, Epoch 132/200 => Loss 1.864, Loss_clf 0.076, Loss_kd 1.788, Train_accy 98.33
2025-04-17 19:21:32,137 [icarl.py] => Task 6, Epoch 133/200 => Loss 1.839, Loss_clf 0.068, Loss_kd 1.771, Train_accy 98.67
2025-04-17 19:21:39,014 [icarl.py] => Task 6, Epoch 134/200 => Loss 1.841, Loss_clf 0.066, Loss_kd 1.775, Train_accy 98.77
2025-04-17 19:21:45,500 [icarl.py] => Task 6, Epoch 135/200 => Loss 1.845, Loss_clf 0.082, Loss_kd 1.763, Train_accy 98.23
2025-04-17 19:21:51,719 [icarl.py] => Task 6, Epoch 136/200 => Loss 1.838, Loss_clf 0.074, Loss_kd 1.764, Train_accy 98.72
2025-04-17 19:21:58,325 [icarl.py] => Task 6, Epoch 137/200 => Loss 1.827, Loss_clf 0.062, Loss_kd 1.766, Train_accy 98.52
2025-04-17 19:22:05,146 [icarl.py] => Task 6, Epoch 138/200 => Loss 1.845, Loss_clf 0.070, Loss_kd 1.775, Train_accy 98.43
2025-04-17 19:22:11,565 [icarl.py] => Task 6, Epoch 139/200 => Loss 1.827, Loss_clf 0.071, Loss_kd 1.756, Train_accy 98.13
2025-04-17 19:22:18,507 [icarl.py] => Task 6, Epoch 140/200 => Loss 1.846, Loss_clf 0.071, Loss_kd 1.775, Train_accy 98.33
2025-04-17 19:22:32,500 [icarl.py] => Task 6, Epoch 141/200 => Loss 1.836, Loss_clf 0.072, Loss_kd 1.764, Train_accy 98.67, Test_accy {'Art': 26.24, 'Clipart': 50.21, 'Real World': 40.85, 'Product': 34.44}
2025-04-17 19:22:39,348 [icarl.py] => Task 6, Epoch 142/200 => Loss 1.825, Loss_clf 0.064, Loss_kd 1.761, Train_accy 98.67
2025-04-17 19:22:45,935 [icarl.py] => Task 6, Epoch 143/200 => Loss 1.836, Loss_clf 0.064, Loss_kd 1.772, Train_accy 98.33
2025-04-17 19:22:52,410 [icarl.py] => Task 6, Epoch 144/200 => Loss 1.819, Loss_clf 0.062, Loss_kd 1.757, Train_accy 98.77
2025-04-17 19:22:58,877 [icarl.py] => Task 6, Epoch 145/200 => Loss 1.834, Loss_clf 0.066, Loss_kd 1.769, Train_accy 98.87
2025-04-17 19:23:05,885 [icarl.py] => Task 6, Epoch 146/200 => Loss 1.814, Loss_clf 0.057, Loss_kd 1.757, Train_accy 99.02
2025-04-17 19:23:12,565 [icarl.py] => Task 6, Epoch 147/200 => Loss 1.829, Loss_clf 0.065, Loss_kd 1.764, Train_accy 98.52
2025-04-17 19:23:18,964 [icarl.py] => Task 6, Epoch 148/200 => Loss 1.830, Loss_clf 0.063, Loss_kd 1.767, Train_accy 98.62
2025-04-17 19:23:25,373 [icarl.py] => Task 6, Epoch 149/200 => Loss 1.827, Loss_clf 0.066, Loss_kd 1.760, Train_accy 98.72
2025-04-17 19:23:32,247 [icarl.py] => Task 6, Epoch 150/200 => Loss 1.839, Loss_clf 0.056, Loss_kd 1.783, Train_accy 98.87
2025-04-17 19:23:39,002 [icarl.py] => Task 6, Epoch 151/200 => Loss 1.807, Loss_clf 0.048, Loss_kd 1.759, Train_accy 99.26
2025-04-17 19:23:45,533 [icarl.py] => Task 6, Epoch 152/200 => Loss 1.812, Loss_clf 0.060, Loss_kd 1.752, Train_accy 98.82
2025-04-17 19:23:52,095 [icarl.py] => Task 6, Epoch 153/200 => Loss 1.831, Loss_clf 0.060, Loss_kd 1.771, Train_accy 99.02
2025-04-17 19:23:58,640 [icarl.py] => Task 6, Epoch 154/200 => Loss 1.846, Loss_clf 0.073, Loss_kd 1.773, Train_accy 98.67
2025-04-17 19:24:05,304 [icarl.py] => Task 6, Epoch 155/200 => Loss 1.829, Loss_clf 0.063, Loss_kd 1.766, Train_accy 98.48
2025-04-17 19:24:11,875 [icarl.py] => Task 6, Epoch 156/200 => Loss 1.795, Loss_clf 0.048, Loss_kd 1.748, Train_accy 99.21
2025-04-17 19:24:18,743 [icarl.py] => Task 6, Epoch 157/200 => Loss 1.836, Loss_clf 0.060, Loss_kd 1.776, Train_accy 98.77
2025-04-17 19:24:25,343 [icarl.py] => Task 6, Epoch 158/200 => Loss 1.810, Loss_clf 0.050, Loss_kd 1.760, Train_accy 98.97
2025-04-17 19:24:32,063 [icarl.py] => Task 6, Epoch 159/200 => Loss 1.833, Loss_clf 0.061, Loss_kd 1.772, Train_accy 98.92
2025-04-17 19:24:38,718 [icarl.py] => Task 6, Epoch 160/200 => Loss 1.831, Loss_clf 0.060, Loss_kd 1.771, Train_accy 99.07
2025-04-17 19:24:52,724 [icarl.py] => Task 6, Epoch 161/200 => Loss 1.834, Loss_clf 0.066, Loss_kd 1.768, Train_accy 98.62, Test_accy {'Art': 27.38, 'Clipart': 48.95, 'Real World': 42.25, 'Product': 34.25}
2025-04-17 19:24:59,449 [icarl.py] => Task 6, Epoch 162/200 => Loss 1.813, Loss_clf 0.059, Loss_kd 1.754, Train_accy 98.67
2025-04-17 19:25:06,303 [icarl.py] => Task 6, Epoch 163/200 => Loss 1.823, Loss_clf 0.056, Loss_kd 1.766, Train_accy 98.72
2025-04-17 19:25:12,978 [icarl.py] => Task 6, Epoch 164/200 => Loss 1.804, Loss_clf 0.050, Loss_kd 1.754, Train_accy 99.16
2025-04-17 19:25:19,470 [icarl.py] => Task 6, Epoch 165/200 => Loss 1.804, Loss_clf 0.041, Loss_kd 1.763, Train_accy 99.51
2025-04-17 19:25:26,055 [icarl.py] => Task 6, Epoch 166/200 => Loss 1.795, Loss_clf 0.042, Loss_kd 1.753, Train_accy 99.31
2025-04-17 19:25:32,347 [icarl.py] => Task 6, Epoch 167/200 => Loss 1.820, Loss_clf 0.058, Loss_kd 1.762, Train_accy 98.87
2025-04-17 19:25:39,045 [icarl.py] => Task 6, Epoch 168/200 => Loss 1.832, Loss_clf 0.059, Loss_kd 1.773, Train_accy 98.72
2025-04-17 19:25:45,717 [icarl.py] => Task 6, Epoch 169/200 => Loss 1.794, Loss_clf 0.048, Loss_kd 1.746, Train_accy 99.26
2025-04-17 19:25:52,116 [icarl.py] => Task 6, Epoch 170/200 => Loss 1.843, Loss_clf 0.068, Loss_kd 1.776, Train_accy 98.62
2025-04-17 19:25:58,661 [icarl.py] => Task 6, Epoch 171/200 => Loss 1.805, Loss_clf 0.053, Loss_kd 1.752, Train_accy 98.92
2025-04-17 19:26:05,272 [icarl.py] => Task 6, Epoch 172/200 => Loss 1.782, Loss_clf 0.048, Loss_kd 1.734, Train_accy 99.16
2025-04-17 19:26:11,982 [icarl.py] => Task 6, Epoch 173/200 => Loss 1.776, Loss_clf 0.050, Loss_kd 1.726, Train_accy 99.07
2025-04-17 19:26:18,730 [icarl.py] => Task 6, Epoch 174/200 => Loss 1.806, Loss_clf 0.055, Loss_kd 1.751, Train_accy 98.87
2025-04-17 19:26:25,446 [icarl.py] => Task 6, Epoch 175/200 => Loss 1.797, Loss_clf 0.048, Loss_kd 1.749, Train_accy 99.26
2025-04-17 19:26:32,404 [icarl.py] => Task 6, Epoch 176/200 => Loss 1.781, Loss_clf 0.039, Loss_kd 1.743, Train_accy 99.31
2025-04-17 19:26:39,138 [icarl.py] => Task 6, Epoch 177/200 => Loss 1.811, Loss_clf 0.051, Loss_kd 1.760, Train_accy 99.16
2025-04-17 19:26:45,987 [icarl.py] => Task 6, Epoch 178/200 => Loss 1.795, Loss_clf 0.051, Loss_kd 1.745, Train_accy 99.02
2025-04-17 19:26:52,675 [icarl.py] => Task 6, Epoch 179/200 => Loss 1.802, Loss_clf 0.047, Loss_kd 1.755, Train_accy 99.26
2025-04-17 19:26:59,534 [icarl.py] => Task 6, Epoch 180/200 => Loss 1.795, Loss_clf 0.045, Loss_kd 1.750, Train_accy 99.11
2025-04-17 19:27:13,642 [icarl.py] => Task 6, Epoch 181/200 => Loss 1.807, Loss_clf 0.055, Loss_kd 1.752, Train_accy 99.07, Test_accy {'Art': 28.9, 'Clipart': 49.79, 'Real World': 42.66, 'Product': 35.23}
2025-04-17 19:27:20,011 [icarl.py] => Task 6, Epoch 182/200 => Loss 1.829, Loss_clf 0.068, Loss_kd 1.760, Train_accy 98.52
2025-04-17 19:27:26,637 [icarl.py] => Task 6, Epoch 183/200 => Loss 1.802, Loss_clf 0.044, Loss_kd 1.758, Train_accy 99.26
2025-04-17 19:27:33,246 [icarl.py] => Task 6, Epoch 184/200 => Loss 1.816, Loss_clf 0.056, Loss_kd 1.760, Train_accy 98.87
2025-04-17 19:27:39,468 [icarl.py] => Task 6, Epoch 185/200 => Loss 1.782, Loss_clf 0.042, Loss_kd 1.740, Train_accy 99.26
2025-04-17 19:27:45,876 [icarl.py] => Task 6, Epoch 186/200 => Loss 1.813, Loss_clf 0.056, Loss_kd 1.757, Train_accy 99.02
2025-04-17 19:27:52,293 [icarl.py] => Task 6, Epoch 187/200 => Loss 1.805, Loss_clf 0.052, Loss_kd 1.752, Train_accy 98.92
2025-04-17 19:27:58,704 [icarl.py] => Task 6, Epoch 188/200 => Loss 1.791, Loss_clf 0.050, Loss_kd 1.740, Train_accy 98.92
2025-04-17 19:28:05,589 [icarl.py] => Task 6, Epoch 189/200 => Loss 1.808, Loss_clf 0.053, Loss_kd 1.755, Train_accy 99.02
2025-04-17 19:28:12,701 [icarl.py] => Task 6, Epoch 190/200 => Loss 1.793, Loss_clf 0.050, Loss_kd 1.743, Train_accy 99.11
2025-04-17 19:28:19,400 [icarl.py] => Task 6, Epoch 191/200 => Loss 1.807, Loss_clf 0.049, Loss_kd 1.758, Train_accy 98.92
2025-04-17 19:28:25,877 [icarl.py] => Task 6, Epoch 192/200 => Loss 1.781, Loss_clf 0.038, Loss_kd 1.743, Train_accy 99.46
2025-04-17 19:28:32,419 [icarl.py] => Task 6, Epoch 193/200 => Loss 1.816, Loss_clf 0.049, Loss_kd 1.767, Train_accy 99.21
2025-04-17 19:28:38,981 [icarl.py] => Task 6, Epoch 194/200 => Loss 1.787, Loss_clf 0.045, Loss_kd 1.742, Train_accy 99.26
2025-04-17 19:28:45,407 [icarl.py] => Task 6, Epoch 195/200 => Loss 1.788, Loss_clf 0.042, Loss_kd 1.746, Train_accy 99.51
2025-04-17 19:28:52,051 [icarl.py] => Task 6, Epoch 196/200 => Loss 1.812, Loss_clf 0.052, Loss_kd 1.760, Train_accy 98.97
2025-04-17 19:28:58,727 [icarl.py] => Task 6, Epoch 197/200 => Loss 1.811, Loss_clf 0.061, Loss_kd 1.751, Train_accy 98.92
2025-04-17 19:29:05,124 [icarl.py] => Task 6, Epoch 198/200 => Loss 1.785, Loss_clf 0.041, Loss_kd 1.744, Train_accy 99.41
2025-04-17 19:29:11,689 [icarl.py] => Task 6, Epoch 199/200 => Loss 1.835, Loss_clf 0.063, Loss_kd 1.771, Train_accy 98.77
2025-04-17 19:29:18,101 [icarl.py] => Task 6, Epoch 200/200 => Loss 1.802, Loss_clf 0.052, Loss_kd 1.749, Train_accy 99.07
2025-04-17 19:29:18,103 [base.py] => Reducing exemplars...(37 per classes)
2025-04-17 19:29:40,582 [base.py] => Constructing exemplars...(37 per classes)
2025-04-17 19:30:05,588 [icarl.py] => Exemplar size: 1295
2025-04-17 19:30:06,452 [trainer.py] => CNN [Art]: {'total': 29.28, '00-04': 36.84, '05-09': 35.29, '10-14': 27.03, '15-19': 25.93, '20-24': 10.53, '25-29': 20.59, '30-34': 41.82, 'old': 25.96, 'new': 41.82}
2025-04-17 19:30:06,452 [trainer.py] => NME [Art]: {'total': 28.14, '00-04': 39.47, '05-09': 29.41, '10-14': 21.62, '15-19': 25.93, '20-24': 13.16, '25-29': 23.53, '30-34': 38.18, 'old': 25.48, 'new': 38.18}
2025-04-17 19:30:06,452 [trainer.py] => CNN [Art] top1 curve: [73.68, 61.11, 47.71, 43.38, 37.93, 34.13, 29.28]
2025-04-17 19:30:06,452 [trainer.py] => CNN [Art] top5 curve: [100.0, 88.89, 77.06, 75.0, 70.69, 60.58, 53.99]
2025-04-17 19:30:06,452 [trainer.py] => NME [Art] top1 curve: [73.68, 55.56, 44.04, 47.79, 41.38, 34.13, 28.14]
2025-04-17 19:30:06,452 [trainer.py] => NME [Art] top5 curve: [100.0, 91.67, 77.06, 73.53, 72.41, 62.02, 56.27]
2025-04-17 19:30:06,452 [trainer.py] => Average Accuracy [Art] (CNN): 46.74571428571429
2025-04-17 19:30:06,452 [trainer.py] => Average Accuracy [Art] (NME): 46.38857142857143
2025-04-17 19:30:06,452 [trainer.py] => CNN [Clipart]: {'total': 50.84, '00-04': 55.13, '05-09': 50.0, '10-14': 48.48, '15-19': 60.38, '20-24': 39.33, '25-29': 43.55, '30-34': 64.06, 'old': 48.78, 'new': 64.06}
2025-04-17 19:30:06,452 [trainer.py] => NME [Clipart]: {'total': 51.69, '00-04': 52.56, '05-09': 53.23, '10-14': 48.48, '15-19': 62.26, '20-24': 39.33, '25-29': 46.77, '30-34': 65.62, 'old': 49.51, 'new': 65.62}
2025-04-17 19:30:06,452 [trainer.py] => CNN [Clipart] top1 curve: [76.92, 70.0, 69.9, 66.02, 60.63, 56.34, 50.84]
2025-04-17 19:30:06,452 [trainer.py] => CNN [Clipart] top5 curve: [100.0, 93.57, 89.81, 85.71, 84.2, 79.76, 74.68]
2025-04-17 19:30:06,453 [trainer.py] => NME [Clipart] top1 curve: [78.21, 70.0, 71.36, 66.41, 60.63, 55.61, 51.69]
2025-04-17 19:30:06,453 [trainer.py] => NME [Clipart] top5 curve: [100.0, 92.14, 88.83, 86.1, 83.05, 81.22, 76.37]
2025-04-17 19:30:06,453 [trainer.py] => Average Accuracy [Clipart] (CNN): 64.37857142857143
2025-04-17 19:30:06,453 [trainer.py] => Average Accuracy [Clipart] (NME): 64.8442857142857
2025-04-17 19:30:06,453 [trainer.py] => CNN [Product]: {'total': 34.83, '00-04': 32.94, '05-09': 28.75, '10-14': 58.06, '15-19': 20.78, '20-24': 34.43, '25-29': 30.38, '30-34': 44.78, 'old': 33.33, 'new': 44.78}
2025-04-17 19:30:06,453 [trainer.py] => NME [Product]: {'total': 35.62, '00-04': 35.29, '05-09': 30.0, '10-14': 51.61, '15-19': 23.38, '20-24': 36.07, '25-29': 37.97, '30-34': 38.81, 'old': 35.14, 'new': 38.81}
2025-04-17 19:30:06,453 [trainer.py] => CNN [Product] top1 curve: [70.59, 54.55, 53.74, 46.71, 43.29, 37.84, 34.83]
2025-04-17 19:30:06,453 [trainer.py] => CNN [Product] top5 curve: [100.0, 88.48, 85.02, 76.32, 75.62, 72.07, 66.73]
2025-04-17 19:30:06,453 [trainer.py] => NME [Product] top1 curve: [74.12, 53.94, 55.07, 47.04, 46.58, 40.32, 35.62]
2025-04-17 19:30:06,453 [trainer.py] => NME [Product] top5 curve: [100.0, 92.73, 88.55, 81.25, 75.34, 72.52, 67.71]
2025-04-17 19:30:06,453 [trainer.py] => Average Accuracy [Product] (CNN): 48.792857142857144
2025-04-17 19:30:06,453 [trainer.py] => Average Accuracy [Product] (NME): 50.38428571428572
2025-04-17 19:30:06,453 [trainer.py] => CNN [Real World]: {'total': 43.86, '00-04': 42.47, '05-09': 47.06, '10-14': 34.72, '15-19': 37.31, '20-24': 23.08, '25-29': 51.95, '30-34': 66.67, 'old': 39.81, 'new': 66.67}
2025-04-17 19:30:06,453 [trainer.py] => NME [Real World]: {'total': 45.67, '00-04': 42.47, '05-09': 44.12, '10-14': 34.72, '15-19': 43.28, '20-24': 26.15, '25-29': 61.04, '30-34': 64.0, 'old': 42.42, 'new': 64.0}
2025-04-17 19:30:06,453 [trainer.py] => CNN [Real World] top1 curve: [68.49, 68.09, 58.69, 53.93, 46.67, 43.84, 43.86]
2025-04-17 19:30:06,453 [trainer.py] => CNN [Real World] top5 curve: [100.0, 91.49, 85.92, 83.21, 78.26, 75.12, 71.03]
2025-04-17 19:30:06,453 [trainer.py] => NME [Real World] top1 curve: [68.49, 67.38, 58.69, 54.64, 49.28, 46.45, 45.67]
2025-04-17 19:30:06,453 [trainer.py] => NME [Real World] top5 curve: [100.0, 94.33, 86.85, 82.14, 79.13, 76.3, 71.23]
2025-04-17 19:30:06,453 [trainer.py] => Average Accuracy [Real World] (CNN): 54.79571428571428
2025-04-17 19:30:06,453 [trainer.py] => Average Accuracy [Real World] (NME): 55.800000000000004
2025-04-17 19:30:06,453 [trainer.py] => NME Harmonic Mean : 38.4774
2025-04-17 19:30:06,453 [trainer.py] => NME Macro Mean : 40.2800
2025-04-17 19:30:06,453 [trainer.py] => CNN Harmonic Mean : 37.8012
2025-04-17 19:30:06,453 [trainer.py] => CNN Macro Mean : 39.7025
2025-04-17 19:30:06,454 [trainer.py] => All params: 21307757
2025-04-17 19:30:06,454 [trainer.py] => Trainable params: 21307757
2025-04-17 19:30:06,455 [icarl.py] => Learning on 35-40
2025-04-17 19:30:20,506 [icarl.py] => Task 7, Epoch 1/200 => Loss 3.892, Loss_clf 1.746, Loss_kd 2.147, Train_accy 54.90, Test_accy {'Art': 13.16, 'Clipart': 20.37, 'Real World': 19.6, 'Product': 16.29}
2025-04-17 19:30:26,221 [icarl.py] => Task 7, Epoch 2/200 => Loss 4.758, Loss_clf 2.122, Loss_kd 2.636, Train_accy 40.98
2025-04-17 19:30:32,191 [icarl.py] => Task 7, Epoch 3/200 => Loss 4.217, Loss_clf 1.725, Loss_kd 2.493, Train_accy 49.27
2025-04-17 19:30:38,032 [icarl.py] => Task 7, Epoch 4/200 => Loss 3.873, Loss_clf 1.501, Loss_kd 2.372, Train_accy 56.41
2025-04-17 19:30:43,871 [icarl.py] => Task 7, Epoch 5/200 => Loss 3.693, Loss_clf 1.370, Loss_kd 2.323, Train_accy 58.97
2025-04-17 19:30:49,975 [icarl.py] => Task 7, Epoch 6/200 => Loss 3.513, Loss_clf 1.223, Loss_kd 2.290, Train_accy 64.29
2025-04-17 19:30:55,629 [icarl.py] => Task 7, Epoch 7/200 => Loss 3.360, Loss_clf 1.121, Loss_kd 2.238, Train_accy 67.21
2025-04-17 19:31:01,927 [icarl.py] => Task 7, Epoch 8/200 => Loss 3.242, Loss_clf 1.038, Loss_kd 2.204, Train_accy 69.71
2025-04-17 19:31:07,969 [icarl.py] => Task 7, Epoch 9/200 => Loss 3.199, Loss_clf 0.984, Loss_kd 2.215, Train_accy 71.12
2025-04-17 19:31:14,325 [icarl.py] => Task 7, Epoch 10/200 => Loss 2.992, Loss_clf 0.845, Loss_kd 2.148, Train_accy 75.08
2025-04-17 19:31:20,320 [icarl.py] => Task 7, Epoch 11/200 => Loss 2.932, Loss_clf 0.789, Loss_kd 2.143, Train_accy 75.03
2025-04-17 19:31:26,500 [icarl.py] => Task 7, Epoch 12/200 => Loss 2.876, Loss_clf 0.756, Loss_kd 2.121, Train_accy 77.16
2025-04-17 19:31:32,526 [icarl.py] => Task 7, Epoch 13/200 => Loss 2.775, Loss_clf 0.688, Loss_kd 2.087, Train_accy 79.77
2025-04-17 19:31:38,515 [icarl.py] => Task 7, Epoch 14/200 => Loss 2.700, Loss_clf 0.634, Loss_kd 2.067, Train_accy 80.55
2025-04-17 19:31:44,626 [icarl.py] => Task 7, Epoch 15/200 => Loss 2.716, Loss_clf 0.628, Loss_kd 2.088, Train_accy 81.96
2025-04-17 19:31:51,104 [icarl.py] => Task 7, Epoch 16/200 => Loss 2.678, Loss_clf 0.587, Loss_kd 2.091, Train_accy 83.11
2025-04-17 19:31:56,640 [icarl.py] => Task 7, Epoch 17/200 => Loss 2.563, Loss_clf 0.523, Loss_kd 2.039, Train_accy 83.94
2025-04-17 19:32:02,369 [icarl.py] => Task 7, Epoch 18/200 => Loss 2.535, Loss_clf 0.515, Loss_kd 2.020, Train_accy 84.93
2025-04-17 19:32:08,603 [icarl.py] => Task 7, Epoch 19/200 => Loss 2.529, Loss_clf 0.498, Loss_kd 2.032, Train_accy 86.08
2025-04-17 19:32:15,264 [icarl.py] => Task 7, Epoch 20/200 => Loss 2.436, Loss_clf 0.432, Loss_kd 2.005, Train_accy 87.54
2025-04-17 19:32:29,752 [icarl.py] => Task 7, Epoch 21/200 => Loss 2.359, Loss_clf 0.383, Loss_kd 1.976, Train_accy 88.01, Test_accy {'Art': 17.11, 'Clipart': 34.02, 'Real World': 29.14, 'Product': 20.62}
2025-04-17 19:32:35,748 [icarl.py] => Task 7, Epoch 22/200 => Loss 2.445, Loss_clf 0.433, Loss_kd 2.012, Train_accy 87.43
2025-04-17 19:32:41,538 [icarl.py] => Task 7, Epoch 23/200 => Loss 2.411, Loss_clf 0.399, Loss_kd 2.012, Train_accy 88.63
2025-04-17 19:32:47,735 [icarl.py] => Task 7, Epoch 24/200 => Loss 2.360, Loss_clf 0.383, Loss_kd 1.976, Train_accy 88.74
2025-04-17 19:32:53,888 [icarl.py] => Task 7, Epoch 25/200 => Loss 2.448, Loss_clf 0.429, Loss_kd 2.019, Train_accy 88.16
2025-04-17 19:33:00,097 [icarl.py] => Task 7, Epoch 26/200 => Loss 2.397, Loss_clf 0.406, Loss_kd 1.991, Train_accy 89.10
2025-04-17 19:33:06,445 [icarl.py] => Task 7, Epoch 27/200 => Loss 2.360, Loss_clf 0.381, Loss_kd 1.978, Train_accy 89.10
2025-04-17 19:33:12,323 [icarl.py] => Task 7, Epoch 28/200 => Loss 2.319, Loss_clf 0.354, Loss_kd 1.965, Train_accy 90.20
2025-04-17 19:33:18,611 [icarl.py] => Task 7, Epoch 29/200 => Loss 2.297, Loss_clf 0.346, Loss_kd 1.951, Train_accy 90.98
2025-04-17 19:33:24,873 [icarl.py] => Task 7, Epoch 30/200 => Loss 2.325, Loss_clf 0.346, Loss_kd 1.979, Train_accy 90.82
2025-04-17 19:33:30,674 [icarl.py] => Task 7, Epoch 31/200 => Loss 2.281, Loss_clf 0.322, Loss_kd 1.959, Train_accy 90.67
2025-04-17 19:33:36,529 [icarl.py] => Task 7, Epoch 32/200 => Loss 2.240, Loss_clf 0.307, Loss_kd 1.933, Train_accy 91.71
2025-04-17 19:33:42,832 [icarl.py] => Task 7, Epoch 33/200 => Loss 2.237, Loss_clf 0.285, Loss_kd 1.952, Train_accy 92.34
2025-04-17 19:33:48,688 [icarl.py] => Task 7, Epoch 34/200 => Loss 2.220, Loss_clf 0.265, Loss_kd 1.955, Train_accy 92.81
2025-04-17 19:33:54,597 [icarl.py] => Task 7, Epoch 35/200 => Loss 2.216, Loss_clf 0.289, Loss_kd 1.927, Train_accy 92.02
2025-04-17 19:34:00,632 [icarl.py] => Task 7, Epoch 36/200 => Loss 2.208, Loss_clf 0.279, Loss_kd 1.930, Train_accy 92.44
2025-04-17 19:34:06,795 [icarl.py] => Task 7, Epoch 37/200 => Loss 2.187, Loss_clf 0.264, Loss_kd 1.923, Train_accy 92.86
2025-04-17 19:34:12,767 [icarl.py] => Task 7, Epoch 38/200 => Loss 2.174, Loss_clf 0.264, Loss_kd 1.910, Train_accy 93.33
2025-04-17 19:34:18,874 [icarl.py] => Task 7, Epoch 39/200 => Loss 2.233, Loss_clf 0.299, Loss_kd 1.935, Train_accy 91.76
2025-04-17 19:34:24,687 [icarl.py] => Task 7, Epoch 40/200 => Loss 2.216, Loss_clf 0.276, Loss_kd 1.940, Train_accy 92.28
2025-04-17 19:34:38,727 [icarl.py] => Task 7, Epoch 41/200 => Loss 2.165, Loss_clf 0.256, Loss_kd 1.909, Train_accy 93.17, Test_accy {'Art': 24.34, 'Clipart': 42.99, 'Real World': 36.33, 'Product': 27.9}
2025-04-17 19:34:44,974 [icarl.py] => Task 7, Epoch 42/200 => Loss 2.169, Loss_clf 0.250, Loss_kd 1.919, Train_accy 93.01
2025-04-17 19:34:51,491 [icarl.py] => Task 7, Epoch 43/200 => Loss 2.162, Loss_clf 0.242, Loss_kd 1.920, Train_accy 93.22
2025-04-17 19:34:57,491 [icarl.py] => Task 7, Epoch 44/200 => Loss 2.207, Loss_clf 0.269, Loss_kd 1.938, Train_accy 93.07
2025-04-17 19:35:03,555 [icarl.py] => Task 7, Epoch 45/200 => Loss 2.204, Loss_clf 0.270, Loss_kd 1.935, Train_accy 92.28
2025-04-17 19:35:09,592 [icarl.py] => Task 7, Epoch 46/200 => Loss 2.153, Loss_clf 0.223, Loss_kd 1.930, Train_accy 94.32
2025-04-17 19:35:15,647 [icarl.py] => Task 7, Epoch 47/200 => Loss 2.152, Loss_clf 0.222, Loss_kd 1.930, Train_accy 94.00
2025-04-17 19:35:21,566 [icarl.py] => Task 7, Epoch 48/200 => Loss 2.160, Loss_clf 0.250, Loss_kd 1.910, Train_accy 93.22
2025-04-17 19:35:27,488 [icarl.py] => Task 7, Epoch 49/200 => Loss 2.122, Loss_clf 0.226, Loss_kd 1.896, Train_accy 93.64
2025-04-17 19:35:33,686 [icarl.py] => Task 7, Epoch 50/200 => Loss 2.108, Loss_clf 0.219, Loss_kd 1.889, Train_accy 93.90
2025-04-17 19:35:39,993 [icarl.py] => Task 7, Epoch 51/200 => Loss 2.120, Loss_clf 0.207, Loss_kd 1.913, Train_accy 94.11
2025-04-17 19:35:46,201 [icarl.py] => Task 7, Epoch 52/200 => Loss 2.163, Loss_clf 0.243, Loss_kd 1.920, Train_accy 93.74
2025-04-17 19:35:52,337 [icarl.py] => Task 7, Epoch 53/200 => Loss 2.146, Loss_clf 0.224, Loss_kd 1.922, Train_accy 93.74
2025-04-17 19:35:58,345 [icarl.py] => Task 7, Epoch 54/200 => Loss 2.119, Loss_clf 0.220, Loss_kd 1.899, Train_accy 93.43
2025-04-17 19:36:04,405 [icarl.py] => Task 7, Epoch 55/200 => Loss 2.110, Loss_clf 0.221, Loss_kd 1.889, Train_accy 93.85
2025-04-17 19:36:10,428 [icarl.py] => Task 7, Epoch 56/200 => Loss 2.128, Loss_clf 0.216, Loss_kd 1.912, Train_accy 94.84
2025-04-17 19:36:17,088 [icarl.py] => Task 7, Epoch 57/200 => Loss 2.044, Loss_clf 0.168, Loss_kd 1.876, Train_accy 95.46
2025-04-17 19:36:23,517 [icarl.py] => Task 7, Epoch 58/200 => Loss 2.102, Loss_clf 0.197, Loss_kd 1.905, Train_accy 95.36
2025-04-17 19:36:29,638 [icarl.py] => Task 7, Epoch 59/200 => Loss 2.068, Loss_clf 0.191, Loss_kd 1.877, Train_accy 94.89
2025-04-17 19:36:35,455 [icarl.py] => Task 7, Epoch 60/200 => Loss 2.093, Loss_clf 0.191, Loss_kd 1.902, Train_accy 94.94
2025-04-17 19:36:49,469 [icarl.py] => Task 7, Epoch 61/200 => Loss 2.085, Loss_clf 0.179, Loss_kd 1.906, Train_accy 95.62, Test_accy {'Art': 24.01, 'Clipart': 36.26, 'Real World': 31.12, 'Product': 23.22}
2025-04-17 19:36:55,694 [icarl.py] => Task 7, Epoch 62/200 => Loss 2.105, Loss_clf 0.201, Loss_kd 1.905, Train_accy 94.63
2025-04-17 19:37:01,378 [icarl.py] => Task 7, Epoch 63/200 => Loss 2.041, Loss_clf 0.182, Loss_kd 1.859, Train_accy 95.05
2025-04-17 19:37:07,351 [icarl.py] => Task 7, Epoch 64/200 => Loss 2.063, Loss_clf 0.176, Loss_kd 1.887, Train_accy 95.31
2025-04-17 19:37:13,602 [icarl.py] => Task 7, Epoch 65/200 => Loss 2.057, Loss_clf 0.177, Loss_kd 1.880, Train_accy 95.52
2025-04-17 19:37:19,824 [icarl.py] => Task 7, Epoch 66/200 => Loss 2.036, Loss_clf 0.165, Loss_kd 1.870, Train_accy 95.93
2025-04-17 19:37:25,791 [icarl.py] => Task 7, Epoch 67/200 => Loss 2.074, Loss_clf 0.195, Loss_kd 1.879, Train_accy 94.58
2025-04-17 19:37:31,532 [icarl.py] => Task 7, Epoch 68/200 => Loss 2.048, Loss_clf 0.169, Loss_kd 1.879, Train_accy 95.62
2025-04-17 19:37:37,598 [icarl.py] => Task 7, Epoch 69/200 => Loss 2.065, Loss_clf 0.175, Loss_kd 1.890, Train_accy 95.46
2025-04-17 19:37:43,390 [icarl.py] => Task 7, Epoch 70/200 => Loss 2.049, Loss_clf 0.170, Loss_kd 1.879, Train_accy 95.46
2025-04-17 19:37:49,466 [icarl.py] => Task 7, Epoch 71/200 => Loss 2.027, Loss_clf 0.164, Loss_kd 1.862, Train_accy 95.67
2025-04-17 19:37:55,567 [icarl.py] => Task 7, Epoch 72/200 => Loss 2.003, Loss_clf 0.147, Loss_kd 1.857, Train_accy 96.25
2025-04-17 19:38:01,633 [icarl.py] => Task 7, Epoch 73/200 => Loss 2.046, Loss_clf 0.159, Loss_kd 1.887, Train_accy 95.67
2025-04-17 19:38:07,672 [icarl.py] => Task 7, Epoch 74/200 => Loss 2.014, Loss_clf 0.157, Loss_kd 1.857, Train_accy 95.93
2025-04-17 19:38:13,907 [icarl.py] => Task 7, Epoch 75/200 => Loss 2.002, Loss_clf 0.139, Loss_kd 1.863, Train_accy 96.30
2025-04-17 19:38:20,358 [icarl.py] => Task 7, Epoch 76/200 => Loss 1.968, Loss_clf 0.125, Loss_kd 1.843, Train_accy 97.03
2025-04-17 19:38:26,514 [icarl.py] => Task 7, Epoch 77/200 => Loss 2.027, Loss_clf 0.156, Loss_kd 1.871, Train_accy 95.57
2025-04-17 19:38:32,547 [icarl.py] => Task 7, Epoch 78/200 => Loss 2.016, Loss_clf 0.149, Loss_kd 1.867, Train_accy 95.88
2025-04-17 19:38:38,399 [icarl.py] => Task 7, Epoch 79/200 => Loss 2.039, Loss_clf 0.162, Loss_kd 1.877, Train_accy 96.14
2025-04-17 19:38:44,527 [icarl.py] => Task 7, Epoch 80/200 => Loss 2.015, Loss_clf 0.134, Loss_kd 1.882, Train_accy 97.03
2025-04-17 19:38:58,909 [icarl.py] => Task 7, Epoch 81/200 => Loss 2.027, Loss_clf 0.150, Loss_kd 1.877, Train_accy 96.14, Test_accy {'Art': 23.36, 'Clipart': 43.93, 'Real World': 35.79, 'Product': 27.56}
2025-04-17 19:39:05,133 [icarl.py] => Task 7, Epoch 82/200 => Loss 2.004, Loss_clf 0.148, Loss_kd 1.856, Train_accy 96.82
2025-04-17 19:39:11,113 [icarl.py] => Task 7, Epoch 83/200 => Loss 2.003, Loss_clf 0.133, Loss_kd 1.870, Train_accy 96.98
2025-04-17 19:39:17,269 [icarl.py] => Task 7, Epoch 84/200 => Loss 2.011, Loss_clf 0.162, Loss_kd 1.849, Train_accy 95.57
2025-04-17 19:39:23,309 [icarl.py] => Task 7, Epoch 85/200 => Loss 2.019, Loss_clf 0.144, Loss_kd 1.874, Train_accy 96.25
2025-04-17 19:39:29,709 [icarl.py] => Task 7, Epoch 86/200 => Loss 2.006, Loss_clf 0.129, Loss_kd 1.876, Train_accy 97.03
2025-04-17 19:39:35,791 [icarl.py] => Task 7, Epoch 87/200 => Loss 2.000, Loss_clf 0.135, Loss_kd 1.865, Train_accy 96.25
2025-04-17 19:39:41,640 [icarl.py] => Task 7, Epoch 88/200 => Loss 1.980, Loss_clf 0.113, Loss_kd 1.868, Train_accy 97.65
2025-04-17 19:39:47,489 [icarl.py] => Task 7, Epoch 89/200 => Loss 1.970, Loss_clf 0.129, Loss_kd 1.842, Train_accy 96.66
2025-04-17 19:39:53,649 [icarl.py] => Task 7, Epoch 90/200 => Loss 1.947, Loss_clf 0.110, Loss_kd 1.837, Train_accy 97.50
2025-04-17 19:39:59,627 [icarl.py] => Task 7, Epoch 91/200 => Loss 1.975, Loss_clf 0.122, Loss_kd 1.853, Train_accy 96.82
2025-04-17 19:40:05,918 [icarl.py] => Task 7, Epoch 92/200 => Loss 1.986, Loss_clf 0.129, Loss_kd 1.857, Train_accy 96.92
2025-04-17 19:40:12,101 [icarl.py] => Task 7, Epoch 93/200 => Loss 1.988, Loss_clf 0.134, Loss_kd 1.855, Train_accy 96.77
2025-04-17 19:40:18,104 [icarl.py] => Task 7, Epoch 94/200 => Loss 1.993, Loss_clf 0.132, Loss_kd 1.861, Train_accy 96.51
2025-04-17 19:40:23,937 [icarl.py] => Task 7, Epoch 95/200 => Loss 1.962, Loss_clf 0.109, Loss_kd 1.853, Train_accy 97.50
2025-04-17 19:40:29,755 [icarl.py] => Task 7, Epoch 96/200 => Loss 1.922, Loss_clf 0.097, Loss_kd 1.825, Train_accy 97.81
2025-04-17 19:40:35,791 [icarl.py] => Task 7, Epoch 97/200 => Loss 1.942, Loss_clf 0.104, Loss_kd 1.838, Train_accy 97.50
2025-04-17 19:40:41,573 [icarl.py] => Task 7, Epoch 98/200 => Loss 1.990, Loss_clf 0.135, Loss_kd 1.855, Train_accy 96.77
2025-04-17 19:40:47,662 [icarl.py] => Task 7, Epoch 99/200 => Loss 1.924, Loss_clf 0.098, Loss_kd 1.826, Train_accy 98.07
2025-04-17 19:40:53,719 [icarl.py] => Task 7, Epoch 100/200 => Loss 1.922, Loss_clf 0.086, Loss_kd 1.835, Train_accy 98.12
2025-04-17 19:41:08,164 [icarl.py] => Task 7, Epoch 101/200 => Loss 1.938, Loss_clf 0.102, Loss_kd 1.836, Train_accy 97.76, Test_accy {'Art': 24.01, 'Clipart': 44.11, 'Real World': 38.31, 'Product': 27.73}
2025-04-17 19:41:14,098 [icarl.py] => Task 7, Epoch 102/200 => Loss 1.917, Loss_clf 0.090, Loss_kd 1.827, Train_accy 97.91
2025-04-17 19:41:19,970 [icarl.py] => Task 7, Epoch 103/200 => Loss 1.949, Loss_clf 0.106, Loss_kd 1.843, Train_accy 97.39
2025-04-17 19:41:25,905 [icarl.py] => Task 7, Epoch 104/200 => Loss 1.918, Loss_clf 0.091, Loss_kd 1.827, Train_accy 97.71
2025-04-17 19:41:32,015 [icarl.py] => Task 7, Epoch 105/200 => Loss 1.911, Loss_clf 0.096, Loss_kd 1.815, Train_accy 97.65
2025-04-17 19:41:37,939 [icarl.py] => Task 7, Epoch 106/200 => Loss 1.914, Loss_clf 0.103, Loss_kd 1.812, Train_accy 97.76
2025-04-17 19:41:44,017 [icarl.py] => Task 7, Epoch 107/200 => Loss 1.923, Loss_clf 0.105, Loss_kd 1.818, Train_accy 97.39
2025-04-17 19:41:49,920 [icarl.py] => Task 7, Epoch 108/200 => Loss 1.945, Loss_clf 0.115, Loss_kd 1.830, Train_accy 97.34
2025-04-17 19:41:55,818 [icarl.py] => Task 7, Epoch 109/200 => Loss 1.923, Loss_clf 0.088, Loss_kd 1.835, Train_accy 97.71
2025-04-17 19:42:01,848 [icarl.py] => Task 7, Epoch 110/200 => Loss 1.914, Loss_clf 0.088, Loss_kd 1.826, Train_accy 98.18
2025-04-17 19:42:08,021 [icarl.py] => Task 7, Epoch 111/200 => Loss 1.926, Loss_clf 0.093, Loss_kd 1.833, Train_accy 97.91
2025-04-17 19:42:14,243 [icarl.py] => Task 7, Epoch 112/200 => Loss 1.948, Loss_clf 0.102, Loss_kd 1.846, Train_accy 96.98
2025-04-17 19:42:20,114 [icarl.py] => Task 7, Epoch 113/200 => Loss 1.913, Loss_clf 0.095, Loss_kd 1.817, Train_accy 97.71
2025-04-17 19:42:26,585 [icarl.py] => Task 7, Epoch 114/200 => Loss 1.921, Loss_clf 0.098, Loss_kd 1.823, Train_accy 97.60
2025-04-17 19:42:32,766 [icarl.py] => Task 7, Epoch 115/200 => Loss 1.878, Loss_clf 0.079, Loss_kd 1.799, Train_accy 98.12
2025-04-17 19:42:39,381 [icarl.py] => Task 7, Epoch 116/200 => Loss 1.903, Loss_clf 0.086, Loss_kd 1.817, Train_accy 98.23
2025-04-17 19:42:45,659 [icarl.py] => Task 7, Epoch 117/200 => Loss 1.907, Loss_clf 0.090, Loss_kd 1.818, Train_accy 98.12
2025-04-17 19:42:51,617 [icarl.py] => Task 7, Epoch 118/200 => Loss 1.906, Loss_clf 0.085, Loss_kd 1.821, Train_accy 98.12
2025-04-17 19:42:57,610 [icarl.py] => Task 7, Epoch 119/200 => Loss 1.868, Loss_clf 0.063, Loss_kd 1.805, Train_accy 98.75
2025-04-17 19:43:03,809 [icarl.py] => Task 7, Epoch 120/200 => Loss 1.883, Loss_clf 0.086, Loss_kd 1.797, Train_accy 98.02
2025-04-17 19:43:18,492 [icarl.py] => Task 7, Epoch 121/200 => Loss 1.897, Loss_clf 0.075, Loss_kd 1.822, Train_accy 98.38, Test_accy {'Art': 25.99, 'Clipart': 45.98, 'Real World': 38.13, 'Product': 30.5}
2025-04-17 19:43:24,429 [icarl.py] => Task 7, Epoch 122/200 => Loss 1.888, Loss_clf 0.071, Loss_kd 1.817, Train_accy 98.28
2025-04-17 19:43:30,494 [icarl.py] => Task 7, Epoch 123/200 => Loss 1.875, Loss_clf 0.075, Loss_kd 1.799, Train_accy 98.33
2025-04-17 19:43:36,539 [icarl.py] => Task 7, Epoch 124/200 => Loss 1.872, Loss_clf 0.061, Loss_kd 1.811, Train_accy 98.96
2025-04-17 19:43:42,339 [icarl.py] => Task 7, Epoch 125/200 => Loss 1.885, Loss_clf 0.074, Loss_kd 1.811, Train_accy 98.38
2025-04-17 19:43:48,144 [icarl.py] => Task 7, Epoch 126/200 => Loss 1.902, Loss_clf 0.083, Loss_kd 1.819, Train_accy 98.18
2025-04-17 19:43:54,264 [icarl.py] => Task 7, Epoch 127/200 => Loss 1.899, Loss_clf 0.078, Loss_kd 1.822, Train_accy 98.28
2025-04-17 19:44:00,112 [icarl.py] => Task 7, Epoch 128/200 => Loss 1.880, Loss_clf 0.075, Loss_kd 1.806, Train_accy 98.59
2025-04-17 19:44:06,313 [icarl.py] => Task 7, Epoch 129/200 => Loss 1.865, Loss_clf 0.071, Loss_kd 1.795, Train_accy 98.44
2025-04-17 19:44:11,886 [icarl.py] => Task 7, Epoch 130/200 => Loss 1.888, Loss_clf 0.069, Loss_kd 1.819, Train_accy 98.54
2025-04-17 19:44:17,686 [icarl.py] => Task 7, Epoch 131/200 => Loss 1.866, Loss_clf 0.069, Loss_kd 1.797, Train_accy 98.59
2025-04-17 19:44:23,528 [icarl.py] => Task 7, Epoch 132/200 => Loss 1.889, Loss_clf 0.077, Loss_kd 1.811, Train_accy 98.38
2025-04-17 19:44:29,242 [icarl.py] => Task 7, Epoch 133/200 => Loss 1.859, Loss_clf 0.065, Loss_kd 1.795, Train_accy 98.33
2025-04-17 19:44:35,020 [icarl.py] => Task 7, Epoch 134/200 => Loss 1.876, Loss_clf 0.072, Loss_kd 1.803, Train_accy 98.59
2025-04-17 19:44:41,029 [icarl.py] => Task 7, Epoch 135/200 => Loss 1.878, Loss_clf 0.079, Loss_kd 1.799, Train_accy 98.28
2025-04-17 19:44:46,901 [icarl.py] => Task 7, Epoch 136/200 => Loss 1.895, Loss_clf 0.078, Loss_kd 1.816, Train_accy 98.59
2025-04-17 19:44:52,828 [icarl.py] => Task 7, Epoch 137/200 => Loss 1.880, Loss_clf 0.066, Loss_kd 1.813, Train_accy 98.80
2025-04-17 19:44:58,711 [icarl.py] => Task 7, Epoch 138/200 => Loss 1.867, Loss_clf 0.061, Loss_kd 1.806, Train_accy 98.70
2025-04-17 19:45:04,717 [icarl.py] => Task 7, Epoch 139/200 => Loss 1.916, Loss_clf 0.078, Loss_kd 1.837, Train_accy 98.33
2025-04-17 19:45:10,606 [icarl.py] => Task 7, Epoch 140/200 => Loss 1.867, Loss_clf 0.069, Loss_kd 1.798, Train_accy 98.59
2025-04-17 19:45:25,173 [icarl.py] => Task 7, Epoch 141/200 => Loss 1.878, Loss_clf 0.064, Loss_kd 1.814, Train_accy 98.70, Test_accy {'Art': 25.66, 'Clipart': 45.98, 'Real World': 38.13, 'Product': 30.33}
2025-04-17 19:45:31,216 [icarl.py] => Task 7, Epoch 142/200 => Loss 1.875, Loss_clf 0.062, Loss_kd 1.813, Train_accy 98.96
2025-04-17 19:45:37,147 [icarl.py] => Task 7, Epoch 143/200 => Loss 1.865, Loss_clf 0.068, Loss_kd 1.797, Train_accy 98.75
2025-04-17 19:45:43,130 [icarl.py] => Task 7, Epoch 144/200 => Loss 1.888, Loss_clf 0.073, Loss_kd 1.815, Train_accy 98.38
2025-04-17 19:45:49,141 [icarl.py] => Task 7, Epoch 145/200 => Loss 1.857, Loss_clf 0.057, Loss_kd 1.800, Train_accy 98.85
2025-04-17 19:45:54,850 [icarl.py] => Task 7, Epoch 146/200 => Loss 1.906, Loss_clf 0.077, Loss_kd 1.829, Train_accy 98.44
2025-04-17 19:46:01,254 [icarl.py] => Task 7, Epoch 147/200 => Loss 1.881, Loss_clf 0.062, Loss_kd 1.819, Train_accy 98.75
2025-04-17 19:46:07,284 [icarl.py] => Task 7, Epoch 148/200 => Loss 1.882, Loss_clf 0.074, Loss_kd 1.808, Train_accy 98.38
2025-04-17 19:46:13,326 [icarl.py] => Task 7, Epoch 149/200 => Loss 1.860, Loss_clf 0.069, Loss_kd 1.791, Train_accy 98.59
2025-04-17 19:46:19,403 [icarl.py] => Task 7, Epoch 150/200 => Loss 1.864, Loss_clf 0.056, Loss_kd 1.809, Train_accy 99.01
2025-04-17 19:46:25,814 [icarl.py] => Task 7, Epoch 151/200 => Loss 1.852, Loss_clf 0.063, Loss_kd 1.790, Train_accy 98.70
2025-04-17 19:46:31,828 [icarl.py] => Task 7, Epoch 152/200 => Loss 1.857, Loss_clf 0.052, Loss_kd 1.804, Train_accy 98.96
2025-04-17 19:46:37,881 [icarl.py] => Task 7, Epoch 153/200 => Loss 1.840, Loss_clf 0.051, Loss_kd 1.789, Train_accy 98.96
2025-04-17 19:46:43,834 [icarl.py] => Task 7, Epoch 154/200 => Loss 1.846, Loss_clf 0.062, Loss_kd 1.784, Train_accy 98.64
2025-04-17 19:46:49,675 [icarl.py] => Task 7, Epoch 155/200 => Loss 1.868, Loss_clf 0.067, Loss_kd 1.801, Train_accy 98.59
2025-04-17 19:46:55,601 [icarl.py] => Task 7, Epoch 156/200 => Loss 1.858, Loss_clf 0.060, Loss_kd 1.799, Train_accy 98.70
2025-04-17 19:47:01,433 [icarl.py] => Task 7, Epoch 157/200 => Loss 1.853, Loss_clf 0.055, Loss_kd 1.798, Train_accy 98.96
2025-04-17 19:47:07,350 [icarl.py] => Task 7, Epoch 158/200 => Loss 1.850, Loss_clf 0.052, Loss_kd 1.797, Train_accy 99.37
2025-04-17 19:47:13,335 [icarl.py] => Task 7, Epoch 159/200 => Loss 1.842, Loss_clf 0.054, Loss_kd 1.788, Train_accy 98.85
2025-04-17 19:47:19,003 [icarl.py] => Task 7, Epoch 160/200 => Loss 1.873, Loss_clf 0.069, Loss_kd 1.804, Train_accy 98.80
2025-04-17 19:47:32,777 [icarl.py] => Task 7, Epoch 161/200 => Loss 1.873, Loss_clf 0.058, Loss_kd 1.816, Train_accy 98.75, Test_accy {'Art': 27.3, 'Clipart': 46.17, 'Real World': 41.19, 'Product': 32.24}
2025-04-17 19:47:38,572 [icarl.py] => Task 7, Epoch 162/200 => Loss 1.857, Loss_clf 0.059, Loss_kd 1.797, Train_accy 98.91
2025-04-17 19:47:44,707 [icarl.py] => Task 7, Epoch 163/200 => Loss 1.857, Loss_clf 0.058, Loss_kd 1.799, Train_accy 99.01
2025-04-17 19:47:51,279 [icarl.py] => Task 7, Epoch 164/200 => Loss 1.823, Loss_clf 0.058, Loss_kd 1.765, Train_accy 99.01
2025-04-17 19:47:57,298 [icarl.py] => Task 7, Epoch 165/200 => Loss 1.846, Loss_clf 0.061, Loss_kd 1.785, Train_accy 98.59
2025-04-17 19:48:03,383 [icarl.py] => Task 7, Epoch 166/200 => Loss 1.860, Loss_clf 0.053, Loss_kd 1.807, Train_accy 99.22
2025-04-17 19:48:09,706 [icarl.py] => Task 7, Epoch 167/200 => Loss 1.845, Loss_clf 0.059, Loss_kd 1.786, Train_accy 98.80
2025-04-17 19:48:16,133 [icarl.py] => Task 7, Epoch 168/200 => Loss 1.837, Loss_clf 0.051, Loss_kd 1.785, Train_accy 99.17
2025-04-17 19:48:22,275 [icarl.py] => Task 7, Epoch 169/200 => Loss 1.861, Loss_clf 0.057, Loss_kd 1.804, Train_accy 98.96
2025-04-17 19:48:28,256 [icarl.py] => Task 7, Epoch 170/200 => Loss 1.844, Loss_clf 0.048, Loss_kd 1.796, Train_accy 99.17
2025-04-17 19:48:34,696 [icarl.py] => Task 7, Epoch 171/200 => Loss 1.867, Loss_clf 0.057, Loss_kd 1.811, Train_accy 99.11
2025-04-17 19:48:40,708 [icarl.py] => Task 7, Epoch 172/200 => Loss 1.851, Loss_clf 0.045, Loss_kd 1.805, Train_accy 99.32
2025-04-17 19:48:46,788 [icarl.py] => Task 7, Epoch 173/200 => Loss 1.858, Loss_clf 0.062, Loss_kd 1.796, Train_accy 99.06
2025-04-17 19:48:52,646 [icarl.py] => Task 7, Epoch 174/200 => Loss 1.863, Loss_clf 0.055, Loss_kd 1.808, Train_accy 99.17
2025-04-17 19:48:58,887 [icarl.py] => Task 7, Epoch 175/200 => Loss 1.851, Loss_clf 0.048, Loss_kd 1.803, Train_accy 99.11
2025-04-17 19:49:04,966 [icarl.py] => Task 7, Epoch 176/200 => Loss 1.870, Loss_clf 0.057, Loss_kd 1.813, Train_accy 99.17
2025-04-17 19:49:11,395 [icarl.py] => Task 7, Epoch 177/200 => Loss 1.854, Loss_clf 0.054, Loss_kd 1.800, Train_accy 98.96
2025-04-17 19:49:17,376 [icarl.py] => Task 7, Epoch 178/200 => Loss 1.850, Loss_clf 0.054, Loss_kd 1.796, Train_accy 98.96
2025-04-17 19:49:23,348 [icarl.py] => Task 7, Epoch 179/200 => Loss 1.841, Loss_clf 0.053, Loss_kd 1.788, Train_accy 99.11
2025-04-17 19:49:29,611 [icarl.py] => Task 7, Epoch 180/200 => Loss 1.827, Loss_clf 0.048, Loss_kd 1.779, Train_accy 99.32
2025-04-17 19:49:43,808 [icarl.py] => Task 7, Epoch 181/200 => Loss 1.838, Loss_clf 0.049, Loss_kd 1.789, Train_accy 99.32, Test_accy {'Art': 27.96, 'Clipart': 46.73, 'Real World': 40.65, 'Product': 31.02}
2025-04-17 19:49:50,188 [icarl.py] => Task 7, Epoch 182/200 => Loss 1.843, Loss_clf 0.051, Loss_kd 1.792, Train_accy 99.32
2025-04-17 19:49:56,084 [icarl.py] => Task 7, Epoch 183/200 => Loss 1.842, Loss_clf 0.042, Loss_kd 1.800, Train_accy 99.37
2025-04-17 19:50:02,016 [icarl.py] => Task 7, Epoch 184/200 => Loss 1.824, Loss_clf 0.039, Loss_kd 1.785, Train_accy 99.43
2025-04-17 19:50:07,803 [icarl.py] => Task 7, Epoch 185/200 => Loss 1.845, Loss_clf 0.048, Loss_kd 1.797, Train_accy 99.11
2025-04-17 19:50:13,738 [icarl.py] => Task 7, Epoch 186/200 => Loss 1.848, Loss_clf 0.054, Loss_kd 1.794, Train_accy 99.17
2025-04-17 19:50:19,703 [icarl.py] => Task 7, Epoch 187/200 => Loss 1.847, Loss_clf 0.048, Loss_kd 1.799, Train_accy 99.32
2025-04-17 19:50:25,563 [icarl.py] => Task 7, Epoch 188/200 => Loss 1.844, Loss_clf 0.046, Loss_kd 1.798, Train_accy 99.27
2025-04-17 19:50:31,432 [icarl.py] => Task 7, Epoch 189/200 => Loss 1.842, Loss_clf 0.048, Loss_kd 1.793, Train_accy 99.01
2025-04-17 19:50:37,921 [icarl.py] => Task 7, Epoch 190/200 => Loss 1.860, Loss_clf 0.052, Loss_kd 1.808, Train_accy 99.06
2025-04-17 19:50:44,473 [icarl.py] => Task 7, Epoch 191/200 => Loss 1.871, Loss_clf 0.053, Loss_kd 1.817, Train_accy 99.22
2025-04-17 19:50:50,602 [icarl.py] => Task 7, Epoch 192/200 => Loss 1.849, Loss_clf 0.058, Loss_kd 1.790, Train_accy 98.96
2025-04-17 19:50:56,609 [icarl.py] => Task 7, Epoch 193/200 => Loss 1.833, Loss_clf 0.050, Loss_kd 1.783, Train_accy 99.17
2025-04-17 19:51:02,613 [icarl.py] => Task 7, Epoch 194/200 => Loss 1.853, Loss_clf 0.053, Loss_kd 1.801, Train_accy 99.11
2025-04-17 19:51:08,707 [icarl.py] => Task 7, Epoch 195/200 => Loss 1.833, Loss_clf 0.047, Loss_kd 1.786, Train_accy 99.22
2025-04-17 19:51:14,670 [icarl.py] => Task 7, Epoch 196/200 => Loss 1.821, Loss_clf 0.043, Loss_kd 1.777, Train_accy 99.43
2025-04-17 19:51:20,693 [icarl.py] => Task 7, Epoch 197/200 => Loss 1.841, Loss_clf 0.049, Loss_kd 1.793, Train_accy 99.22
2025-04-17 19:51:26,672 [icarl.py] => Task 7, Epoch 198/200 => Loss 1.851, Loss_clf 0.057, Loss_kd 1.794, Train_accy 98.91
2025-04-17 19:51:32,422 [icarl.py] => Task 7, Epoch 199/200 => Loss 1.847, Loss_clf 0.058, Loss_kd 1.789, Train_accy 98.75
2025-04-17 19:51:38,291 [icarl.py] => Task 7, Epoch 200/200 => Loss 1.841, Loss_clf 0.044, Loss_kd 1.796, Train_accy 99.32
2025-04-17 19:51:38,292 [base.py] => Reducing exemplars...(32 per classes)
2025-04-17 19:52:02,756 [base.py] => Constructing exemplars...(32 per classes)
2025-04-17 19:52:28,758 [icarl.py] => Exemplar size: 1280
2025-04-17 19:52:29,656 [trainer.py] => CNN [Art]: {'total': 27.63, '00-04': 34.21, '05-09': 41.18, '10-14': 24.32, '15-19': 11.11, '20-24': 10.53, '25-29': 14.71, '30-34': 29.09, '35-39': 48.78, 'old': 24.33, 'new': 48.78}
2025-04-17 19:52:29,656 [trainer.py] => NME [Art]: {'total': 28.95, '00-04': 34.21, '05-09': 32.35, '10-14': 21.62, '15-19': 22.22, '20-24': 13.16, '25-29': 14.71, '30-34': 38.18, '35-39': 46.34, 'old': 26.24, 'new': 46.34}
2025-04-17 19:52:29,656 [trainer.py] => CNN [Art] top1 curve: [73.68, 61.11, 47.71, 43.38, 37.93, 34.13, 29.28, 27.63]
2025-04-17 19:52:29,656 [trainer.py] => CNN [Art] top5 curve: [100.0, 88.89, 77.06, 75.0, 70.69, 60.58, 53.99, 56.58]
2025-04-17 19:52:29,657 [trainer.py] => NME [Art] top1 curve: [73.68, 55.56, 44.04, 47.79, 41.38, 34.13, 28.14, 28.95]
2025-04-17 19:52:29,657 [trainer.py] => NME [Art] top5 curve: [100.0, 91.67, 77.06, 73.53, 72.41, 62.02, 56.27, 55.92]
2025-04-17 19:52:29,657 [trainer.py] => Average Accuracy [Art] (CNN): 44.35625
2025-04-17 19:52:29,657 [trainer.py] => Average Accuracy [Art] (NME): 44.20875
2025-04-17 19:52:29,657 [trainer.py] => CNN [Clipart]: {'total': 46.73, '00-04': 57.69, '05-09': 53.23, '10-14': 42.42, '15-19': 54.72, '20-24': 31.46, '25-29': 40.32, '30-34': 42.19, '35-39': 57.38, 'old': 45.36, 'new': 57.38}
2025-04-17 19:52:29,657 [trainer.py] => NME [Clipart]: {'total': 45.79, '00-04': 52.56, '05-09': 53.23, '10-14': 37.88, '15-19': 54.72, '20-24': 33.71, '25-29': 38.71, '30-34': 42.19, '35-39': 59.02, 'old': 44.09, 'new': 59.02}
2025-04-17 19:52:29,657 [trainer.py] => CNN [Clipart] top1 curve: [76.92, 70.0, 69.9, 66.02, 60.63, 56.34, 50.84, 46.73]
2025-04-17 19:52:29,657 [trainer.py] => CNN [Clipart] top5 curve: [100.0, 93.57, 89.81, 85.71, 84.2, 79.76, 74.68, 72.71]
2025-04-17 19:52:29,657 [trainer.py] => NME [Clipart] top1 curve: [78.21, 70.0, 71.36, 66.41, 60.63, 55.61, 51.69, 45.79]
2025-04-17 19:52:29,657 [trainer.py] => NME [Clipart] top5 curve: [100.0, 92.14, 88.83, 86.1, 83.05, 81.22, 76.37, 73.83]
2025-04-17 19:52:29,657 [trainer.py] => Average Accuracy [Clipart] (CNN): 62.1725
2025-04-17 19:52:29,657 [trainer.py] => Average Accuracy [Clipart] (NME): 62.4625
2025-04-17 19:52:29,657 [trainer.py] => CNN [Product]: {'total': 30.33, '00-04': 35.29, '05-09': 26.25, '10-14': 40.32, '15-19': 20.78, '20-24': 34.43, '25-29': 30.38, '30-34': 22.39, '35-39': 34.85, 'old': 29.75, 'new': 34.85}
2025-04-17 19:52:29,657 [trainer.py] => NME [Product]: {'total': 33.45, '00-04': 30.59, '05-09': 30.0, '10-14': 50.0, '15-19': 24.68, '20-24': 31.15, '25-29': 32.91, '30-34': 28.36, '35-39': 43.94, 'old': 32.09, 'new': 43.94}
2025-04-17 19:52:29,657 [trainer.py] => CNN [Product] top1 curve: [70.59, 54.55, 53.74, 46.71, 43.29, 37.84, 34.83, 30.33]
2025-04-17 19:52:29,657 [trainer.py] => CNN [Product] top5 curve: [100.0, 88.48, 85.02, 76.32, 75.62, 72.07, 66.73, 64.47]
2025-04-17 19:52:29,657 [trainer.py] => NME [Product] top1 curve: [74.12, 53.94, 55.07, 47.04, 46.58, 40.32, 35.62, 33.45]
2025-04-17 19:52:29,657 [trainer.py] => NME [Product] top5 curve: [100.0, 92.73, 88.55, 81.25, 75.34, 72.52, 67.71, 64.12]
2025-04-17 19:52:29,657 [trainer.py] => Average Accuracy [Product] (CNN): 46.485
2025-04-17 19:52:29,657 [trainer.py] => Average Accuracy [Product] (NME): 48.2675
2025-04-17 19:52:29,657 [trainer.py] => CNN [Real World]: {'total': 40.83, '00-04': 46.58, '05-09': 48.53, '10-14': 23.61, '15-19': 37.31, '20-24': 13.85, '25-29': 45.45, '30-34': 50.67, '35-39': 61.02, 'old': 38.43, 'new': 61.02}
2025-04-17 19:52:29,657 [trainer.py] => NME [Real World]: {'total': 41.01, '00-04': 42.47, '05-09': 47.06, '10-14': 25.0, '15-19': 35.82, '20-24': 10.77, '25-29': 49.35, '30-34': 54.67, '35-39': 62.71, 'old': 38.43, 'new': 62.71}
2025-04-17 19:52:29,658 [trainer.py] => CNN [Real World] top1 curve: [68.49, 68.09, 58.69, 53.93, 46.67, 43.84, 43.86, 40.83]
2025-04-17 19:52:29,658 [trainer.py] => CNN [Real World] top5 curve: [100.0, 91.49, 85.92, 83.21, 78.26, 75.12, 71.03, 71.58]
2025-04-17 19:52:29,658 [trainer.py] => NME [Real World] top1 curve: [68.49, 67.38, 58.69, 54.64, 49.28, 46.45, 45.67, 41.01]
2025-04-17 19:52:29,658 [trainer.py] => NME [Real World] top5 curve: [100.0, 94.33, 86.85, 82.14, 79.13, 76.3, 71.23, 70.32]
2025-04-17 19:52:29,658 [trainer.py] => Average Accuracy [Real World] (CNN): 53.05
2025-04-17 19:52:29,658 [trainer.py] => Average Accuracy [Real World] (NME): 53.95125
2025-04-17 19:52:29,658 [trainer.py] => NME Harmonic Mean : 35.8338
2025-04-17 19:52:29,658 [trainer.py] => NME Macro Mean : 37.3000
2025-04-17 19:52:29,658 [trainer.py] => CNN Harmonic Mean : 33.8899
2025-04-17 19:52:29,658 [trainer.py] => CNN Macro Mean : 36.3800
2025-04-17 19:52:29,659 [trainer.py] => All params: 21310322
2025-04-17 19:52:29,659 [trainer.py] => Trainable params: 21310322
2025-04-17 19:52:29,660 [icarl.py] => Learning on 40-45
2025-04-17 19:52:46,223 [icarl.py] => Task 8, Epoch 1/200 => Loss 4.151, Loss_clf 1.846, Loss_kd 2.305, Train_accy 54.76, Test_accy {'Art': 7.31, 'Clipart': 8.99, 'Real World': 8.39, 'Product': 5.56}
2025-04-17 19:52:53,303 [icarl.py] => Task 8, Epoch 2/200 => Loss 6.463, Loss_clf 3.138, Loss_kd 3.325, Train_accy 20.96
2025-04-17 19:52:59,997 [icarl.py] => Task 8, Epoch 3/200 => Loss 5.747, Loss_clf 2.671, Loss_kd 3.076, Train_accy 28.55
2025-04-17 19:53:06,351 [icarl.py] => Task 8, Epoch 4/200 => Loss 5.174, Loss_clf 2.283, Loss_kd 2.891, Train_accy 36.19
2025-04-17 19:53:12,724 [icarl.py] => Task 8, Epoch 5/200 => Loss 4.634, Loss_clf 1.924, Loss_kd 2.709, Train_accy 43.84
2025-04-17 19:53:19,528 [icarl.py] => Task 8, Epoch 6/200 => Loss 4.171, Loss_clf 1.610, Loss_kd 2.561, Train_accy 52.26
2025-04-17 19:53:26,644 [icarl.py] => Task 8, Epoch 7/200 => Loss 3.993, Loss_clf 1.473, Loss_kd 2.520, Train_accy 56.68
2025-04-17 19:53:34,009 [icarl.py] => Task 8, Epoch 8/200 => Loss 4.442, Loss_clf 1.785, Loss_kd 2.657, Train_accy 49.71
2025-04-17 19:53:40,697 [icarl.py] => Task 8, Epoch 9/200 => Loss 4.086, Loss_clf 1.533, Loss_kd 2.553, Train_accy 55.23
2025-04-17 19:53:47,239 [icarl.py] => Task 8, Epoch 10/200 => Loss 3.483, Loss_clf 1.133, Loss_kd 2.350, Train_accy 65.00
2025-04-17 19:53:54,122 [icarl.py] => Task 8, Epoch 11/200 => Loss 3.408, Loss_clf 1.065, Loss_kd 2.342, Train_accy 68.12
2025-04-17 19:54:01,049 [icarl.py] => Task 8, Epoch 12/200 => Loss 3.298, Loss_clf 0.971, Loss_kd 2.327, Train_accy 71.61
2025-04-17 19:54:08,169 [icarl.py] => Task 8, Epoch 13/200 => Loss 3.065, Loss_clf 0.817, Loss_kd 2.248, Train_accy 75.46
2025-04-17 19:54:14,864 [icarl.py] => Task 8, Epoch 14/200 => Loss 3.082, Loss_clf 0.807, Loss_kd 2.275, Train_accy 76.03
2025-04-17 19:54:21,482 [icarl.py] => Task 8, Epoch 15/200 => Loss 2.972, Loss_clf 0.747, Loss_kd 2.225, Train_accy 77.12
2025-04-17 19:54:28,126 [icarl.py] => Task 8, Epoch 16/200 => Loss 3.019, Loss_clf 0.781, Loss_kd 2.237, Train_accy 76.18
2025-04-17 19:54:35,155 [icarl.py] => Task 8, Epoch 17/200 => Loss 2.829, Loss_clf 0.632, Loss_kd 2.197, Train_accy 81.49
2025-04-17 19:54:41,829 [icarl.py] => Task 8, Epoch 18/200 => Loss 2.721, Loss_clf 0.575, Loss_kd 2.146, Train_accy 82.63
2025-04-17 19:54:48,658 [icarl.py] => Task 8, Epoch 19/200 => Loss 2.760, Loss_clf 0.596, Loss_kd 2.164, Train_accy 82.58
2025-04-17 19:54:55,006 [icarl.py] => Task 8, Epoch 20/200 => Loss 2.677, Loss_clf 0.528, Loss_kd 2.149, Train_accy 85.28
2025-04-17 19:55:11,105 [icarl.py] => Task 8, Epoch 21/200 => Loss 2.727, Loss_clf 0.587, Loss_kd 2.140, Train_accy 81.90, Test_accy {'Art': 14.91, 'Clipart': 28.12, 'Real World': 25.0, 'Product': 16.07}
2025-04-17 19:55:17,707 [icarl.py] => Task 8, Epoch 22/200 => Loss 2.648, Loss_clf 0.545, Loss_kd 2.103, Train_accy 83.67
2025-04-17 19:55:24,605 [icarl.py] => Task 8, Epoch 23/200 => Loss 2.586, Loss_clf 0.458, Loss_kd 2.128, Train_accy 87.10
2025-04-17 19:55:31,205 [icarl.py] => Task 8, Epoch 24/200 => Loss 2.562, Loss_clf 0.469, Loss_kd 2.093, Train_accy 87.57
2025-04-17 19:55:37,697 [icarl.py] => Task 8, Epoch 25/200 => Loss 2.501, Loss_clf 0.393, Loss_kd 2.108, Train_accy 89.08
2025-04-17 19:55:44,274 [icarl.py] => Task 8, Epoch 26/200 => Loss 2.442, Loss_clf 0.380, Loss_kd 2.063, Train_accy 90.22
2025-04-17 19:55:50,636 [icarl.py] => Task 8, Epoch 27/200 => Loss 2.531, Loss_clf 0.427, Loss_kd 2.105, Train_accy 87.62
2025-04-17 19:55:57,463 [icarl.py] => Task 8, Epoch 28/200 => Loss 2.478, Loss_clf 0.411, Loss_kd 2.068, Train_accy 88.51
2025-04-17 19:56:04,215 [icarl.py] => Task 8, Epoch 29/200 => Loss 2.413, Loss_clf 0.364, Loss_kd 2.049, Train_accy 89.65
2025-04-17 19:56:10,757 [icarl.py] => Task 8, Epoch 30/200 => Loss 2.514, Loss_clf 0.388, Loss_kd 2.126, Train_accy 89.24
2025-04-17 19:56:17,251 [icarl.py] => Task 8, Epoch 31/200 => Loss 2.405, Loss_clf 0.344, Loss_kd 2.061, Train_accy 90.22
2025-04-17 19:56:24,170 [icarl.py] => Task 8, Epoch 32/200 => Loss 2.392, Loss_clf 0.360, Loss_kd 2.032, Train_accy 89.08
2025-04-17 19:56:31,124 [icarl.py] => Task 8, Epoch 33/200 => Loss 2.386, Loss_clf 0.341, Loss_kd 2.046, Train_accy 91.26
2025-04-17 19:56:37,716 [icarl.py] => Task 8, Epoch 34/200 => Loss 2.336, Loss_clf 0.285, Loss_kd 2.051, Train_accy 93.14
2025-04-17 19:56:44,424 [icarl.py] => Task 8, Epoch 35/200 => Loss 2.333, Loss_clf 0.294, Loss_kd 2.038, Train_accy 91.99
2025-04-17 19:56:50,961 [icarl.py] => Task 8, Epoch 36/200 => Loss 2.322, Loss_clf 0.302, Loss_kd 2.020, Train_accy 91.37
2025-04-17 19:56:57,592 [icarl.py] => Task 8, Epoch 37/200 => Loss 2.319, Loss_clf 0.316, Loss_kd 2.002, Train_accy 91.16
2025-04-17 19:57:03,935 [icarl.py] => Task 8, Epoch 38/200 => Loss 2.348, Loss_clf 0.295, Loss_kd 2.054, Train_accy 91.78
2025-04-17 19:57:10,423 [icarl.py] => Task 8, Epoch 39/200 => Loss 2.317, Loss_clf 0.296, Loss_kd 2.021, Train_accy 91.68
2025-04-17 19:57:16,862 [icarl.py] => Task 8, Epoch 40/200 => Loss 2.312, Loss_clf 0.278, Loss_kd 2.034, Train_accy 93.03
2025-04-17 19:57:32,775 [icarl.py] => Task 8, Epoch 41/200 => Loss 2.291, Loss_clf 0.277, Loss_kd 2.014, Train_accy 91.94, Test_accy {'Art': 20.47, 'Clipart': 35.11, 'Real World': 28.23, 'Product': 23.03}
2025-04-17 19:57:39,582 [icarl.py] => Task 8, Epoch 42/200 => Loss 2.274, Loss_clf 0.237, Loss_kd 2.037, Train_accy 93.97
2025-04-17 19:57:46,387 [icarl.py] => Task 8, Epoch 43/200 => Loss 2.215, Loss_clf 0.237, Loss_kd 1.978, Train_accy 93.03
2025-04-17 19:57:53,055 [icarl.py] => Task 8, Epoch 44/200 => Loss 2.282, Loss_clf 0.267, Loss_kd 2.016, Train_accy 92.46
2025-04-17 19:57:59,877 [icarl.py] => Task 8, Epoch 45/200 => Loss 2.259, Loss_clf 0.252, Loss_kd 2.008, Train_accy 93.08
2025-04-17 19:58:06,273 [icarl.py] => Task 8, Epoch 46/200 => Loss 2.289, Loss_clf 0.278, Loss_kd 2.011, Train_accy 92.72
2025-04-17 19:58:12,781 [icarl.py] => Task 8, Epoch 47/200 => Loss 2.237, Loss_clf 0.251, Loss_kd 1.986, Train_accy 93.19
2025-04-17 19:58:19,448 [icarl.py] => Task 8, Epoch 48/200 => Loss 2.205, Loss_clf 0.206, Loss_kd 1.998, Train_accy 94.49
2025-04-17 19:58:26,449 [icarl.py] => Task 8, Epoch 49/200 => Loss 2.140, Loss_clf 0.199, Loss_kd 1.941, Train_accy 95.22
2025-04-17 19:58:32,913 [icarl.py] => Task 8, Epoch 50/200 => Loss 2.187, Loss_clf 0.197, Loss_kd 1.989, Train_accy 95.11
2025-04-17 19:58:39,490 [icarl.py] => Task 8, Epoch 51/200 => Loss 2.169, Loss_clf 0.210, Loss_kd 1.959, Train_accy 94.64
2025-04-17 19:58:46,108 [icarl.py] => Task 8, Epoch 52/200 => Loss 2.186, Loss_clf 0.202, Loss_kd 1.984, Train_accy 95.06
2025-04-17 19:58:52,758 [icarl.py] => Task 8, Epoch 53/200 => Loss 2.175, Loss_clf 0.207, Loss_kd 1.968, Train_accy 94.44
2025-04-17 19:58:59,162 [icarl.py] => Task 8, Epoch 54/200 => Loss 2.217, Loss_clf 0.222, Loss_kd 1.995, Train_accy 94.28
2025-04-17 19:59:05,702 [icarl.py] => Task 8, Epoch 55/200 => Loss 2.150, Loss_clf 0.187, Loss_kd 1.963, Train_accy 94.75
2025-04-17 19:59:12,108 [icarl.py] => Task 8, Epoch 56/200 => Loss 2.187, Loss_clf 0.196, Loss_kd 1.991, Train_accy 94.96
2025-04-17 19:59:18,822 [icarl.py] => Task 8, Epoch 57/200 => Loss 2.154, Loss_clf 0.170, Loss_kd 1.984, Train_accy 95.42
2025-04-17 19:59:25,785 [icarl.py] => Task 8, Epoch 58/200 => Loss 2.188, Loss_clf 0.184, Loss_kd 2.005, Train_accy 95.42
2025-04-17 19:59:32,457 [icarl.py] => Task 8, Epoch 59/200 => Loss 2.160, Loss_clf 0.185, Loss_kd 1.975, Train_accy 94.96
2025-04-17 19:59:39,323 [icarl.py] => Task 8, Epoch 60/200 => Loss 2.155, Loss_clf 0.188, Loss_kd 1.967, Train_accy 95.37
2025-04-17 19:59:55,861 [icarl.py] => Task 8, Epoch 61/200 => Loss 2.159, Loss_clf 0.180, Loss_kd 1.979, Train_accy 95.16, Test_accy {'Art': 16.67, 'Clipart': 42.6, 'Real World': 34.19, 'Product': 27.36}
2025-04-17 20:00:02,382 [icarl.py] => Task 8, Epoch 62/200 => Loss 2.182, Loss_clf 0.194, Loss_kd 1.988, Train_accy 95.01
2025-04-17 20:00:09,011 [icarl.py] => Task 8, Epoch 63/200 => Loss 2.159, Loss_clf 0.191, Loss_kd 1.968, Train_accy 94.85
2025-04-17 20:00:15,513 [icarl.py] => Task 8, Epoch 64/200 => Loss 2.134, Loss_clf 0.181, Loss_kd 1.953, Train_accy 95.11
2025-04-17 20:00:22,158 [icarl.py] => Task 8, Epoch 65/200 => Loss 2.157, Loss_clf 0.181, Loss_kd 1.977, Train_accy 95.11
2025-04-17 20:00:29,179 [icarl.py] => Task 8, Epoch 66/200 => Loss 2.143, Loss_clf 0.164, Loss_kd 1.978, Train_accy 95.63
2025-04-17 20:00:35,964 [icarl.py] => Task 8, Epoch 67/200 => Loss 2.141, Loss_clf 0.184, Loss_kd 1.957, Train_accy 95.27
2025-04-17 20:00:42,522 [icarl.py] => Task 8, Epoch 68/200 => Loss 2.083, Loss_clf 0.149, Loss_kd 1.934, Train_accy 96.46
2025-04-17 20:00:49,359 [icarl.py] => Task 8, Epoch 69/200 => Loss 2.096, Loss_clf 0.160, Loss_kd 1.936, Train_accy 96.00
2025-04-17 20:00:55,726 [icarl.py] => Task 8, Epoch 70/200 => Loss 2.116, Loss_clf 0.158, Loss_kd 1.958, Train_accy 96.05
2025-04-17 20:01:02,216 [icarl.py] => Task 8, Epoch 71/200 => Loss 2.105, Loss_clf 0.166, Loss_kd 1.938, Train_accy 95.58
2025-04-17 20:01:08,775 [icarl.py] => Task 8, Epoch 72/200 => Loss 2.106, Loss_clf 0.148, Loss_kd 1.958, Train_accy 96.67
2025-04-17 20:01:15,407 [icarl.py] => Task 8, Epoch 73/200 => Loss 2.111, Loss_clf 0.140, Loss_kd 1.971, Train_accy 97.09
2025-04-17 20:01:22,057 [icarl.py] => Task 8, Epoch 74/200 => Loss 2.085, Loss_clf 0.152, Loss_kd 1.933, Train_accy 96.00
2025-04-17 20:01:28,599 [icarl.py] => Task 8, Epoch 75/200 => Loss 2.072, Loss_clf 0.150, Loss_kd 1.922, Train_accy 95.94
2025-04-17 20:01:35,186 [icarl.py] => Task 8, Epoch 76/200 => Loss 2.092, Loss_clf 0.147, Loss_kd 1.945, Train_accy 96.05
2025-04-17 20:01:41,979 [icarl.py] => Task 8, Epoch 77/200 => Loss 2.107, Loss_clf 0.150, Loss_kd 1.958, Train_accy 96.20
2025-04-17 20:01:48,148 [icarl.py] => Task 8, Epoch 78/200 => Loss 2.073, Loss_clf 0.139, Loss_kd 1.934, Train_accy 96.67
2025-04-17 20:01:55,211 [icarl.py] => Task 8, Epoch 79/200 => Loss 2.116, Loss_clf 0.145, Loss_kd 1.971, Train_accy 96.52
2025-04-17 20:02:01,525 [icarl.py] => Task 8, Epoch 80/200 => Loss 2.059, Loss_clf 0.134, Loss_kd 1.925, Train_accy 96.26
2025-04-17 20:02:16,834 [icarl.py] => Task 8, Epoch 81/200 => Loss 2.122, Loss_clf 0.143, Loss_kd 1.978, Train_accy 96.62, Test_accy {'Art': 20.76, 'Clipart': 40.43, 'Real World': 33.39, 'Product': 29.98}
2025-04-17 20:02:23,528 [icarl.py] => Task 8, Epoch 82/200 => Loss 2.049, Loss_clf 0.126, Loss_kd 1.923, Train_accy 96.93
2025-04-17 20:02:30,460 [icarl.py] => Task 8, Epoch 83/200 => Loss 2.066, Loss_clf 0.118, Loss_kd 1.948, Train_accy 97.24
2025-04-17 20:02:36,902 [icarl.py] => Task 8, Epoch 84/200 => Loss 2.092, Loss_clf 0.156, Loss_kd 1.936, Train_accy 96.72
2025-04-17 20:02:43,425 [icarl.py] => Task 8, Epoch 85/200 => Loss 2.173, Loss_clf 0.170, Loss_kd 2.002, Train_accy 95.22
2025-04-17 20:02:50,475 [icarl.py] => Task 8, Epoch 86/200 => Loss 2.084, Loss_clf 0.148, Loss_kd 1.936, Train_accy 95.94
2025-04-17 20:02:56,883 [icarl.py] => Task 8, Epoch 87/200 => Loss 2.101, Loss_clf 0.149, Loss_kd 1.952, Train_accy 96.10
2025-04-17 20:03:03,720 [icarl.py] => Task 8, Epoch 88/200 => Loss 2.076, Loss_clf 0.122, Loss_kd 1.954, Train_accy 97.24
2025-04-17 20:03:10,260 [icarl.py] => Task 8, Epoch 89/200 => Loss 2.063, Loss_clf 0.132, Loss_kd 1.932, Train_accy 96.67
2025-04-17 20:03:16,939 [icarl.py] => Task 8, Epoch 90/200 => Loss 2.066, Loss_clf 0.116, Loss_kd 1.949, Train_accy 97.19
2025-04-17 20:03:23,451 [icarl.py] => Task 8, Epoch 91/200 => Loss 2.051, Loss_clf 0.127, Loss_kd 1.923, Train_accy 96.83
2025-04-17 20:03:29,747 [icarl.py] => Task 8, Epoch 92/200 => Loss 2.062, Loss_clf 0.125, Loss_kd 1.936, Train_accy 96.78
2025-04-17 20:03:36,186 [icarl.py] => Task 8, Epoch 93/200 => Loss 2.030, Loss_clf 0.109, Loss_kd 1.921, Train_accy 96.78
2025-04-17 20:03:42,858 [icarl.py] => Task 8, Epoch 94/200 => Loss 2.045, Loss_clf 0.111, Loss_kd 1.934, Train_accy 97.24
2025-04-17 20:03:49,825 [icarl.py] => Task 8, Epoch 95/200 => Loss 2.073, Loss_clf 0.123, Loss_kd 1.950, Train_accy 96.72
2025-04-17 20:03:56,389 [icarl.py] => Task 8, Epoch 96/200 => Loss 2.036, Loss_clf 0.109, Loss_kd 1.926, Train_accy 97.45
2025-04-17 20:04:03,107 [icarl.py] => Task 8, Epoch 97/200 => Loss 2.030, Loss_clf 0.116, Loss_kd 1.913, Train_accy 97.40
2025-04-17 20:04:09,810 [icarl.py] => Task 8, Epoch 98/200 => Loss 2.035, Loss_clf 0.108, Loss_kd 1.927, Train_accy 97.09
2025-04-17 20:04:16,672 [icarl.py] => Task 8, Epoch 99/200 => Loss 2.055, Loss_clf 0.115, Loss_kd 1.940, Train_accy 97.14
2025-04-17 20:04:22,968 [icarl.py] => Task 8, Epoch 100/200 => Loss 2.026, Loss_clf 0.107, Loss_kd 1.920, Train_accy 97.30
2025-04-17 20:04:39,721 [icarl.py] => Task 8, Epoch 101/200 => Loss 2.067, Loss_clf 0.124, Loss_kd 1.944, Train_accy 96.83, Test_accy {'Art': 18.42, 'Clipart': 41.1, 'Real World': 36.77, 'Product': 29.37}
2025-04-17 20:04:46,211 [icarl.py] => Task 8, Epoch 102/200 => Loss 2.006, Loss_clf 0.103, Loss_kd 1.904, Train_accy 97.92
2025-04-17 20:04:52,801 [icarl.py] => Task 8, Epoch 103/200 => Loss 2.023, Loss_clf 0.100, Loss_kd 1.923, Train_accy 97.76
2025-04-17 20:04:59,169 [icarl.py] => Task 8, Epoch 104/200 => Loss 2.093, Loss_clf 0.131, Loss_kd 1.963, Train_accy 96.62
2025-04-17 20:05:05,642 [icarl.py] => Task 8, Epoch 105/200 => Loss 2.000, Loss_clf 0.097, Loss_kd 1.903, Train_accy 97.92
2025-04-17 20:05:12,299 [icarl.py] => Task 8, Epoch 106/200 => Loss 2.015, Loss_clf 0.097, Loss_kd 1.918, Train_accy 97.87
2025-04-17 20:05:18,664 [icarl.py] => Task 8, Epoch 107/200 => Loss 2.033, Loss_clf 0.094, Loss_kd 1.940, Train_accy 97.92
2025-04-17 20:05:26,009 [icarl.py] => Task 8, Epoch 108/200 => Loss 2.021, Loss_clf 0.110, Loss_kd 1.911, Train_accy 97.50
2025-04-17 20:05:33,150 [icarl.py] => Task 8, Epoch 109/200 => Loss 1.990, Loss_clf 0.094, Loss_kd 1.896, Train_accy 97.66
2025-04-17 20:05:39,622 [icarl.py] => Task 8, Epoch 110/200 => Loss 2.041, Loss_clf 0.108, Loss_kd 1.933, Train_accy 97.45
2025-04-17 20:05:45,796 [icarl.py] => Task 8, Epoch 111/200 => Loss 2.021, Loss_clf 0.106, Loss_kd 1.915, Train_accy 97.71
2025-04-17 20:05:52,134 [icarl.py] => Task 8, Epoch 112/200 => Loss 2.022, Loss_clf 0.119, Loss_kd 1.903, Train_accy 96.88
2025-04-17 20:05:58,723 [icarl.py] => Task 8, Epoch 113/200 => Loss 2.017, Loss_clf 0.105, Loss_kd 1.912, Train_accy 97.76
2025-04-17 20:06:05,192 [icarl.py] => Task 8, Epoch 114/200 => Loss 1.976, Loss_clf 0.078, Loss_kd 1.898, Train_accy 98.49
2025-04-17 20:06:11,713 [icarl.py] => Task 8, Epoch 115/200 => Loss 2.027, Loss_clf 0.098, Loss_kd 1.929, Train_accy 97.61
2025-04-17 20:06:18,081 [icarl.py] => Task 8, Epoch 116/200 => Loss 1.975, Loss_clf 0.073, Loss_kd 1.902, Train_accy 98.23
2025-04-17 20:06:24,955 [icarl.py] => Task 8, Epoch 117/200 => Loss 2.011, Loss_clf 0.088, Loss_kd 1.923, Train_accy 98.02
2025-04-17 20:06:31,559 [icarl.py] => Task 8, Epoch 118/200 => Loss 1.956, Loss_clf 0.083, Loss_kd 1.873, Train_accy 97.92
2025-04-17 20:06:38,006 [icarl.py] => Task 8, Epoch 119/200 => Loss 1.983, Loss_clf 0.072, Loss_kd 1.911, Train_accy 98.70
2025-04-17 20:06:44,690 [icarl.py] => Task 8, Epoch 120/200 => Loss 2.025, Loss_clf 0.086, Loss_kd 1.938, Train_accy 97.92
2025-04-17 20:07:01,142 [icarl.py] => Task 8, Epoch 121/200 => Loss 2.006, Loss_clf 0.088, Loss_kd 1.918, Train_accy 98.54, Test_accy {'Art': 21.35, 'Clipart': 42.6, 'Real World': 35.48, 'Product': 26.89}
2025-04-17 20:07:07,596 [icarl.py] => Task 8, Epoch 122/200 => Loss 2.040, Loss_clf 0.106, Loss_kd 1.934, Train_accy 97.66
2025-04-17 20:07:14,123 [icarl.py] => Task 8, Epoch 123/200 => Loss 1.997, Loss_clf 0.099, Loss_kd 1.898, Train_accy 97.56
2025-04-17 20:07:20,345 [icarl.py] => Task 8, Epoch 124/200 => Loss 2.005, Loss_clf 0.088, Loss_kd 1.916, Train_accy 97.92
2025-04-17 20:07:26,550 [icarl.py] => Task 8, Epoch 125/200 => Loss 1.985, Loss_clf 0.073, Loss_kd 1.913, Train_accy 98.86
2025-04-17 20:07:33,200 [icarl.py] => Task 8, Epoch 126/200 => Loss 2.001, Loss_clf 0.083, Loss_kd 1.918, Train_accy 98.34
2025-04-17 20:07:39,918 [icarl.py] => Task 8, Epoch 127/200 => Loss 1.984, Loss_clf 0.077, Loss_kd 1.907, Train_accy 98.08
2025-04-17 20:07:46,005 [icarl.py] => Task 8, Epoch 128/200 => Loss 1.982, Loss_clf 0.073, Loss_kd 1.909, Train_accy 98.28
2025-04-17 20:07:52,687 [icarl.py] => Task 8, Epoch 129/200 => Loss 2.004, Loss_clf 0.087, Loss_kd 1.917, Train_accy 97.87
2025-04-17 20:07:59,414 [icarl.py] => Task 8, Epoch 130/200 => Loss 1.978, Loss_clf 0.091, Loss_kd 1.887, Train_accy 98.18
2025-04-17 20:08:05,969 [icarl.py] => Task 8, Epoch 131/200 => Loss 2.021, Loss_clf 0.081, Loss_kd 1.940, Train_accy 98.44
2025-04-17 20:08:12,458 [icarl.py] => Task 8, Epoch 132/200 => Loss 1.988, Loss_clf 0.075, Loss_kd 1.913, Train_accy 98.28
2025-04-17 20:08:18,958 [icarl.py] => Task 8, Epoch 133/200 => Loss 1.958, Loss_clf 0.077, Loss_kd 1.880, Train_accy 98.23
2025-04-17 20:08:25,200 [icarl.py] => Task 8, Epoch 134/200 => Loss 1.997, Loss_clf 0.072, Loss_kd 1.925, Train_accy 98.44
2025-04-17 20:08:31,980 [icarl.py] => Task 8, Epoch 135/200 => Loss 1.972, Loss_clf 0.073, Loss_kd 1.899, Train_accy 98.80
2025-04-17 20:08:38,552 [icarl.py] => Task 8, Epoch 136/200 => Loss 1.958, Loss_clf 0.066, Loss_kd 1.892, Train_accy 98.44
2025-04-17 20:08:44,956 [icarl.py] => Task 8, Epoch 137/200 => Loss 1.931, Loss_clf 0.060, Loss_kd 1.871, Train_accy 98.75
2025-04-17 20:08:51,430 [icarl.py] => Task 8, Epoch 138/200 => Loss 1.933, Loss_clf 0.067, Loss_kd 1.866, Train_accy 98.54
2025-04-17 20:08:58,109 [icarl.py] => Task 8, Epoch 139/200 => Loss 1.989, Loss_clf 0.077, Loss_kd 1.912, Train_accy 98.23
2025-04-17 20:09:05,283 [icarl.py] => Task 8, Epoch 140/200 => Loss 1.921, Loss_clf 0.060, Loss_kd 1.861, Train_accy 99.01
2025-04-17 20:09:21,606 [icarl.py] => Task 8, Epoch 141/200 => Loss 1.978, Loss_clf 0.075, Loss_kd 1.903, Train_accy 98.60, Test_accy {'Art': 20.76, 'Clipart': 43.43, 'Real World': 37.26, 'Product': 29.06}
2025-04-17 20:09:28,600 [icarl.py] => Task 8, Epoch 142/200 => Loss 1.928, Loss_clf 0.064, Loss_kd 1.865, Train_accy 98.75
2025-04-17 20:09:35,303 [icarl.py] => Task 8, Epoch 143/200 => Loss 1.990, Loss_clf 0.076, Loss_kd 1.915, Train_accy 98.44
2025-04-17 20:09:41,665 [icarl.py] => Task 8, Epoch 144/200 => Loss 1.956, Loss_clf 0.078, Loss_kd 1.879, Train_accy 98.13
2025-04-17 20:09:48,081 [icarl.py] => Task 8, Epoch 145/200 => Loss 1.976, Loss_clf 0.074, Loss_kd 1.901, Train_accy 98.23
2025-04-17 20:09:54,508 [icarl.py] => Task 8, Epoch 146/200 => Loss 1.965, Loss_clf 0.067, Loss_kd 1.898, Train_accy 98.60
2025-04-17 20:10:01,373 [icarl.py] => Task 8, Epoch 147/200 => Loss 1.931, Loss_clf 0.054, Loss_kd 1.877, Train_accy 98.91
2025-04-17 20:10:08,262 [icarl.py] => Task 8, Epoch 148/200 => Loss 1.975, Loss_clf 0.060, Loss_kd 1.916, Train_accy 98.75
2025-04-17 20:10:14,689 [icarl.py] => Task 8, Epoch 149/200 => Loss 1.980, Loss_clf 0.070, Loss_kd 1.910, Train_accy 98.75
2025-04-17 20:10:21,624 [icarl.py] => Task 8, Epoch 150/200 => Loss 1.936, Loss_clf 0.061, Loss_kd 1.875, Train_accy 98.75
2025-04-17 20:10:28,265 [icarl.py] => Task 8, Epoch 151/200 => Loss 1.923, Loss_clf 0.058, Loss_kd 1.865, Train_accy 98.91
2025-04-17 20:10:35,420 [icarl.py] => Task 8, Epoch 152/200 => Loss 1.961, Loss_clf 0.067, Loss_kd 1.895, Train_accy 98.91
2025-04-17 20:10:42,186 [icarl.py] => Task 8, Epoch 153/200 => Loss 1.926, Loss_clf 0.071, Loss_kd 1.855, Train_accy 98.65
2025-04-17 20:10:49,091 [icarl.py] => Task 8, Epoch 154/200 => Loss 1.953, Loss_clf 0.072, Loss_kd 1.881, Train_accy 98.60
2025-04-17 20:10:55,727 [icarl.py] => Task 8, Epoch 155/200 => Loss 1.916, Loss_clf 0.058, Loss_kd 1.859, Train_accy 98.86
2025-04-17 20:11:02,526 [icarl.py] => Task 8, Epoch 156/200 => Loss 1.977, Loss_clf 0.061, Loss_kd 1.916, Train_accy 99.01
2025-04-17 20:11:09,226 [icarl.py] => Task 8, Epoch 157/200 => Loss 1.931, Loss_clf 0.058, Loss_kd 1.873, Train_accy 98.96
2025-04-17 20:11:15,663 [icarl.py] => Task 8, Epoch 158/200 => Loss 1.954, Loss_clf 0.064, Loss_kd 1.890, Train_accy 98.75
2025-04-17 20:11:22,202 [icarl.py] => Task 8, Epoch 159/200 => Loss 1.948, Loss_clf 0.071, Loss_kd 1.877, Train_accy 98.80
2025-04-17 20:11:29,115 [icarl.py] => Task 8, Epoch 160/200 => Loss 1.987, Loss_clf 0.066, Loss_kd 1.921, Train_accy 98.75
2025-04-17 20:11:45,489 [icarl.py] => Task 8, Epoch 161/200 => Loss 1.909, Loss_clf 0.045, Loss_kd 1.864, Train_accy 99.22, Test_accy {'Art': 21.05, 'Clipart': 42.43, 'Real World': 37.1, 'Product': 30.45}
2025-04-17 20:11:51,897 [icarl.py] => Task 8, Epoch 162/200 => Loss 1.974, Loss_clf 0.065, Loss_kd 1.908, Train_accy 98.54
2025-04-17 20:11:58,240 [icarl.py] => Task 8, Epoch 163/200 => Loss 1.950, Loss_clf 0.056, Loss_kd 1.895, Train_accy 98.91
2025-04-17 20:12:04,954 [icarl.py] => Task 8, Epoch 164/200 => Loss 1.918, Loss_clf 0.049, Loss_kd 1.869, Train_accy 99.01
2025-04-17 20:12:11,447 [icarl.py] => Task 8, Epoch 165/200 => Loss 1.929, Loss_clf 0.049, Loss_kd 1.880, Train_accy 99.12
2025-04-17 20:12:17,899 [icarl.py] => Task 8, Epoch 166/200 => Loss 1.940, Loss_clf 0.049, Loss_kd 1.891, Train_accy 99.12
2025-04-17 20:12:24,341 [icarl.py] => Task 8, Epoch 167/200 => Loss 1.961, Loss_clf 0.058, Loss_kd 1.904, Train_accy 98.86
2025-04-17 20:12:30,754 [icarl.py] => Task 8, Epoch 168/200 => Loss 1.929, Loss_clf 0.049, Loss_kd 1.880, Train_accy 99.12
2025-04-17 20:12:37,554 [icarl.py] => Task 8, Epoch 169/200 => Loss 1.900, Loss_clf 0.052, Loss_kd 1.848, Train_accy 99.06
2025-04-17 20:12:44,398 [icarl.py] => Task 8, Epoch 170/200 => Loss 1.947, Loss_clf 0.060, Loss_kd 1.887, Train_accy 98.80
2025-04-17 20:12:50,977 [icarl.py] => Task 8, Epoch 171/200 => Loss 1.942, Loss_clf 0.065, Loss_kd 1.877, Train_accy 98.75
2025-04-17 20:12:58,280 [icarl.py] => Task 8, Epoch 172/200 => Loss 1.960, Loss_clf 0.051, Loss_kd 1.909, Train_accy 99.01
2025-04-17 20:13:05,186 [icarl.py] => Task 8, Epoch 173/200 => Loss 1.911, Loss_clf 0.047, Loss_kd 1.864, Train_accy 99.17
2025-04-17 20:13:12,321 [icarl.py] => Task 8, Epoch 174/200 => Loss 1.956, Loss_clf 0.058, Loss_kd 1.898, Train_accy 98.75
2025-04-17 20:13:18,987 [icarl.py] => Task 8, Epoch 175/200 => Loss 1.921, Loss_clf 0.047, Loss_kd 1.874, Train_accy 99.32
2025-04-17 20:13:25,562 [icarl.py] => Task 8, Epoch 176/200 => Loss 1.919, Loss_clf 0.056, Loss_kd 1.862, Train_accy 98.80
2025-04-17 20:13:32,248 [icarl.py] => Task 8, Epoch 177/200 => Loss 1.909, Loss_clf 0.059, Loss_kd 1.850, Train_accy 98.70
2025-04-17 20:13:39,308 [icarl.py] => Task 8, Epoch 178/200 => Loss 1.951, Loss_clf 0.055, Loss_kd 1.896, Train_accy 98.91
2025-04-17 20:13:46,045 [icarl.py] => Task 8, Epoch 179/200 => Loss 1.948, Loss_clf 0.055, Loss_kd 1.893, Train_accy 99.12
2025-04-17 20:13:52,608 [icarl.py] => Task 8, Epoch 180/200 => Loss 1.920, Loss_clf 0.051, Loss_kd 1.868, Train_accy 99.22
2025-04-17 20:14:09,716 [icarl.py] => Task 8, Epoch 181/200 => Loss 1.948, Loss_clf 0.052, Loss_kd 1.895, Train_accy 99.17, Test_accy {'Art': 21.05, 'Clipart': 42.43, 'Real World': 37.26, 'Product': 31.07}
2025-04-17 20:14:16,339 [icarl.py] => Task 8, Epoch 182/200 => Loss 1.935, Loss_clf 0.065, Loss_kd 1.870, Train_accy 98.60
2025-04-17 20:14:22,622 [icarl.py] => Task 8, Epoch 183/200 => Loss 1.922, Loss_clf 0.053, Loss_kd 1.870, Train_accy 99.06
2025-04-17 20:14:28,847 [icarl.py] => Task 8, Epoch 184/200 => Loss 1.891, Loss_clf 0.041, Loss_kd 1.850, Train_accy 99.48
2025-04-17 20:14:35,115 [icarl.py] => Task 8, Epoch 185/200 => Loss 1.940, Loss_clf 0.060, Loss_kd 1.881, Train_accy 98.91
2025-04-17 20:14:42,023 [icarl.py] => Task 8, Epoch 186/200 => Loss 1.910, Loss_clf 0.051, Loss_kd 1.859, Train_accy 98.96
2025-04-17 20:14:48,664 [icarl.py] => Task 8, Epoch 187/200 => Loss 1.934, Loss_clf 0.055, Loss_kd 1.879, Train_accy 99.06
2025-04-17 20:14:55,464 [icarl.py] => Task 8, Epoch 188/200 => Loss 1.909, Loss_clf 0.045, Loss_kd 1.864, Train_accy 99.17
2025-04-17 20:15:01,834 [icarl.py] => Task 8, Epoch 189/200 => Loss 1.948, Loss_clf 0.052, Loss_kd 1.896, Train_accy 99.12
2025-04-17 20:15:08,634 [icarl.py] => Task 8, Epoch 190/200 => Loss 1.904, Loss_clf 0.052, Loss_kd 1.852, Train_accy 99.12
2025-04-17 20:15:15,569 [icarl.py] => Task 8, Epoch 191/200 => Loss 1.905, Loss_clf 0.053, Loss_kd 1.852, Train_accy 99.17
2025-04-17 20:15:22,533 [icarl.py] => Task 8, Epoch 192/200 => Loss 1.899, Loss_clf 0.049, Loss_kd 1.850, Train_accy 99.32
2025-04-17 20:15:28,954 [icarl.py] => Task 8, Epoch 193/200 => Loss 1.919, Loss_clf 0.045, Loss_kd 1.875, Train_accy 99.17
2025-04-17 20:15:35,560 [icarl.py] => Task 8, Epoch 194/200 => Loss 1.916, Loss_clf 0.052, Loss_kd 1.864, Train_accy 99.12
2025-04-17 20:15:42,314 [icarl.py] => Task 8, Epoch 195/200 => Loss 1.965, Loss_clf 0.076, Loss_kd 1.889, Train_accy 98.44
2025-04-17 20:15:48,813 [icarl.py] => Task 8, Epoch 196/200 => Loss 1.928, Loss_clf 0.049, Loss_kd 1.879, Train_accy 99.12
2025-04-17 20:15:55,319 [icarl.py] => Task 8, Epoch 197/200 => Loss 1.897, Loss_clf 0.041, Loss_kd 1.856, Train_accy 99.32
2025-04-17 20:16:01,970 [icarl.py] => Task 8, Epoch 198/200 => Loss 1.903, Loss_clf 0.059, Loss_kd 1.844, Train_accy 99.06
2025-04-17 20:16:08,473 [icarl.py] => Task 8, Epoch 199/200 => Loss 1.949, Loss_clf 0.051, Loss_kd 1.898, Train_accy 98.91
2025-04-17 20:16:15,084 [icarl.py] => Task 8, Epoch 200/200 => Loss 1.926, Loss_clf 0.058, Loss_kd 1.868, Train_accy 98.75
2025-04-17 20:16:15,086 [base.py] => Reducing exemplars...(28 per classes)
2025-04-17 20:16:40,484 [base.py] => Constructing exemplars...(28 per classes)
2025-04-17 20:17:09,795 [icarl.py] => Exemplar size: 1260
2025-04-17 20:17:10,497 [trainer.py] => CNN [Art]: {'total': 21.64, '00-04': 31.58, '05-09': 29.41, '10-14': 18.92, '15-19': 18.52, '20-24': 7.89, '25-29': 5.88, '30-34': 25.45, '35-39': 17.07, '40-44': 36.84, 'old': 19.74, 'new': 36.84}
2025-04-17 20:17:10,498 [trainer.py] => NME [Art]: {'total': 21.93, '00-04': 28.95, '05-09': 26.47, '10-14': 21.62, '15-19': 22.22, '20-24': 7.89, '25-29': 11.76, '30-34': 27.27, '35-39': 17.07, '40-44': 31.58, 'old': 20.72, 'new': 31.58}
2025-04-17 20:17:10,498 [trainer.py] => CNN [Art] top1 curve: [73.68, 61.11, 47.71, 43.38, 37.93, 34.13, 29.28, 27.63, 21.64]
2025-04-17 20:17:10,498 [trainer.py] => CNN [Art] top5 curve: [100.0, 88.89, 77.06, 75.0, 70.69, 60.58, 53.99, 56.58, 50.0]
2025-04-17 20:17:10,498 [trainer.py] => NME [Art] top1 curve: [73.68, 55.56, 44.04, 47.79, 41.38, 34.13, 28.14, 28.95, 21.93]
2025-04-17 20:17:10,498 [trainer.py] => NME [Art] top5 curve: [100.0, 91.67, 77.06, 73.53, 72.41, 62.02, 56.27, 55.92, 48.25]
2025-04-17 20:17:10,498 [trainer.py] => Average Accuracy [Art] (CNN): 41.83222222222222
2025-04-17 20:17:10,498 [trainer.py] => Average Accuracy [Art] (NME): 41.733333333333334
2025-04-17 20:17:10,498 [trainer.py] => CNN [Clipart]: {'total': 42.6, '00-04': 50.0, '05-09': 43.55, '10-14': 37.88, '15-19': 47.17, '20-24': 30.34, '25-29': 32.26, '30-34': 29.69, '35-39': 37.7, '40-44': 77.27, 'old': 38.32, 'new': 77.27}
2025-04-17 20:17:10,498 [trainer.py] => NME [Clipart]: {'total': 43.59, '00-04': 46.15, '05-09': 48.39, '10-14': 37.88, '15-19': 50.94, '20-24': 34.83, '25-29': 40.32, '30-34': 28.12, '35-39': 37.7, '40-44': 71.21, 'old': 40.19, 'new': 71.21}
2025-04-17 20:17:10,498 [trainer.py] => CNN [Clipart] top1 curve: [76.92, 70.0, 69.9, 66.02, 60.63, 56.34, 50.84, 46.73, 42.6]
2025-04-17 20:17:10,498 [trainer.py] => CNN [Clipart] top5 curve: [100.0, 93.57, 89.81, 85.71, 84.2, 79.76, 74.68, 72.71, 69.22]
2025-04-17 20:17:10,498 [trainer.py] => NME [Clipart] top1 curve: [78.21, 70.0, 71.36, 66.41, 60.63, 55.61, 51.69, 45.79, 43.59]
2025-04-17 20:17:10,499 [trainer.py] => NME [Clipart] top5 curve: [100.0, 92.14, 88.83, 86.1, 83.05, 81.22, 76.37, 73.83, 71.38]
2025-04-17 20:17:10,499 [trainer.py] => Average Accuracy [Clipart] (CNN): 59.99777777777778
2025-04-17 20:17:10,499 [trainer.py] => Average Accuracy [Clipart] (NME): 60.36555555555555
2025-04-17 20:17:10,499 [trainer.py] => CNN [Product]: {'total': 29.98, '00-04': 32.94, '05-09': 21.25, '10-14': 46.77, '15-19': 19.48, '20-24': 27.87, '25-29': 24.05, '30-34': 13.43, '35-39': 21.21, '40-44': 65.71, 'old': 25.65, 'new': 65.71}
2025-04-17 20:17:10,499 [trainer.py] => NME [Product]: {'total': 32.46, '00-04': 30.59, '05-09': 25.0, '10-14': 56.45, '15-19': 25.97, '20-24': 27.87, '25-29': 30.38, '30-34': 22.39, '35-39': 27.27, '40-44': 50.0, 'old': 30.33, 'new': 50.0}
2025-04-17 20:17:10,499 [trainer.py] => CNN [Product] top1 curve: [70.59, 54.55, 53.74, 46.71, 43.29, 37.84, 34.83, 30.33, 29.98]
2025-04-17 20:17:10,499 [trainer.py] => CNN [Product] top5 curve: [100.0, 88.48, 85.02, 76.32, 75.62, 72.07, 66.73, 64.47, 58.11]
2025-04-17 20:17:10,499 [trainer.py] => NME [Product] top1 curve: [74.12, 53.94, 55.07, 47.04, 46.58, 40.32, 35.62, 33.45, 32.46]
2025-04-17 20:17:10,499 [trainer.py] => NME [Product] top5 curve: [100.0, 92.73, 88.55, 81.25, 75.34, 72.52, 67.71, 64.12, 59.35]
2025-04-17 20:17:10,499 [trainer.py] => Average Accuracy [Product] (CNN): 44.65111111111111
2025-04-17 20:17:10,499 [trainer.py] => Average Accuracy [Product] (NME): 46.51111111111111
2025-04-17 20:17:10,499 [trainer.py] => CNN [Real World]: {'total': 37.58, '00-04': 41.1, '05-09': 44.12, '10-14': 26.39, '15-19': 40.3, '20-24': 6.15, '25-29': 41.56, '30-34': 40.0, '35-39': 32.2, '40-44': 65.62, 'old': 34.35, 'new': 65.62}
2025-04-17 20:17:10,499 [trainer.py] => NME [Real World]: {'total': 41.13, '00-04': 43.84, '05-09': 42.65, '10-14': 26.39, '15-19': 38.81, '20-24': 12.31, '25-29': 50.65, '30-34': 48.0, '35-39': 38.98, '40-44': 67.19, 'old': 38.13, 'new': 67.19}
2025-04-17 20:17:10,499 [trainer.py] => CNN [Real World] top1 curve: [68.49, 68.09, 58.69, 53.93, 46.67, 43.84, 43.86, 40.83, 37.58]
2025-04-17 20:17:10,499 [trainer.py] => CNN [Real World] top5 curve: [100.0, 91.49, 85.92, 83.21, 78.26, 75.12, 71.03, 71.58, 65.81]
2025-04-17 20:17:10,499 [trainer.py] => NME [Real World] top1 curve: [68.49, 67.38, 58.69, 54.64, 49.28, 46.45, 45.67, 41.01, 41.13]
2025-04-17 20:17:10,499 [trainer.py] => NME [Real World] top5 curve: [100.0, 94.33, 86.85, 82.14, 79.13, 76.3, 71.23, 70.32, 65.0]
2025-04-17 20:17:10,499 [trainer.py] => Average Accuracy [Real World] (CNN): 51.33111111111111
2025-04-17 20:17:10,499 [trainer.py] => Average Accuracy [Real World] (NME): 52.52666666666667
2025-04-17 20:17:10,499 [trainer.py] => NME Harmonic Mean : 33.9348
2025-04-17 20:17:10,499 [trainer.py] => NME Macro Mean : 34.7775
2025-04-17 20:17:10,499 [trainer.py] => CNN Harmonic Mean : 31.8373
2025-04-17 20:17:10,499 [trainer.py] => CNN Macro Mean : 32.9500
2025-04-17 20:17:10,500 [trainer.py] => All params: 21312887
2025-04-17 20:17:10,500 [trainer.py] => Trainable params: 21312887
2025-04-17 20:17:10,501 [icarl.py] => Learning on 45-50
2025-04-17 20:17:26,855 [icarl.py] => Task 9, Epoch 1/200 => Loss 3.975, Loss_clf 1.618, Loss_kd 2.357, Train_accy 57.11, Test_accy {'Art': 9.95, 'Clipart': 21.35, 'Real World': 19.51, 'Product': 13.79}
2025-04-17 20:17:32,829 [icarl.py] => Task 9, Epoch 2/200 => Loss 4.882, Loss_clf 2.023, Loss_kd 2.859, Train_accy 41.68
2025-04-17 20:17:39,049 [icarl.py] => Task 9, Epoch 3/200 => Loss 4.673, Loss_clf 1.876, Loss_kd 2.797, Train_accy 47.28
2025-04-17 20:17:45,369 [icarl.py] => Task 9, Epoch 4/200 => Loss 4.237, Loss_clf 1.565, Loss_kd 2.672, Train_accy 53.58
2025-04-17 20:17:52,022 [icarl.py] => Task 9, Epoch 5/200 => Loss 3.970, Loss_clf 1.368, Loss_kd 2.602, Train_accy 59.74
2025-04-17 20:17:58,307 [icarl.py] => Task 9, Epoch 6/200 => Loss 3.903, Loss_clf 1.319, Loss_kd 2.584, Train_accy 61.86
2025-04-17 20:18:04,862 [icarl.py] => Task 9, Epoch 7/200 => Loss 3.622, Loss_clf 1.124, Loss_kd 2.498, Train_accy 65.79
2025-04-17 20:18:11,154 [icarl.py] => Task 9, Epoch 8/200 => Loss 3.494, Loss_clf 1.018, Loss_kd 2.476, Train_accy 70.79
2025-04-17 20:18:17,373 [icarl.py] => Task 9, Epoch 9/200 => Loss 3.342, Loss_clf 0.904, Loss_kd 2.438, Train_accy 73.66
2025-04-17 20:18:23,956 [icarl.py] => Task 9, Epoch 10/200 => Loss 3.203, Loss_clf 0.806, Loss_kd 2.397, Train_accy 76.64
2025-04-17 20:18:30,199 [icarl.py] => Task 9, Epoch 11/200 => Loss 3.082, Loss_clf 0.710, Loss_kd 2.373, Train_accy 78.96
2025-04-17 20:18:36,632 [icarl.py] => Task 9, Epoch 12/200 => Loss 3.079, Loss_clf 0.709, Loss_kd 2.370, Train_accy 78.96
2025-04-17 20:18:43,575 [icarl.py] => Task 9, Epoch 13/200 => Loss 2.986, Loss_clf 0.631, Loss_kd 2.355, Train_accy 82.29
2025-04-17 20:18:49,679 [icarl.py] => Task 9, Epoch 14/200 => Loss 2.960, Loss_clf 0.608, Loss_kd 2.351, Train_accy 81.94
2025-04-17 20:18:56,098 [icarl.py] => Task 9, Epoch 15/200 => Loss 2.894, Loss_clf 0.556, Loss_kd 2.338, Train_accy 84.06
2025-04-17 20:19:01,998 [icarl.py] => Task 9, Epoch 16/200 => Loss 2.862, Loss_clf 0.544, Loss_kd 2.317, Train_accy 84.51
2025-04-17 20:19:08,738 [icarl.py] => Task 9, Epoch 17/200 => Loss 2.887, Loss_clf 0.543, Loss_kd 2.344, Train_accy 85.17
2025-04-17 20:19:15,243 [icarl.py] => Task 9, Epoch 18/200 => Loss 2.765, Loss_clf 0.482, Loss_kd 2.284, Train_accy 86.88
2025-04-17 20:19:21,621 [icarl.py] => Task 9, Epoch 19/200 => Loss 2.752, Loss_clf 0.447, Loss_kd 2.305, Train_accy 86.98
2025-04-17 20:19:28,205 [icarl.py] => Task 9, Epoch 20/200 => Loss 2.714, Loss_clf 0.428, Loss_kd 2.286, Train_accy 87.74
2025-04-17 20:19:44,161 [icarl.py] => Task 9, Epoch 21/200 => Loss 2.660, Loss_clf 0.391, Loss_kd 2.269, Train_accy 89.35, Test_accy {'Art': 17.6, 'Clipart': 36.24, 'Real World': 26.88, 'Product': 24.37}
2025-04-17 20:19:50,503 [icarl.py] => Task 9, Epoch 22/200 => Loss 2.707, Loss_clf 0.414, Loss_kd 2.293, Train_accy 88.29
2025-04-17 20:19:57,127 [icarl.py] => Task 9, Epoch 23/200 => Loss 2.702, Loss_clf 0.426, Loss_kd 2.276, Train_accy 88.60
2025-04-17 20:20:03,656 [icarl.py] => Task 9, Epoch 24/200 => Loss 2.653, Loss_clf 0.372, Loss_kd 2.282, Train_accy 89.71
2025-04-17 20:20:10,232 [icarl.py] => Task 9, Epoch 25/200 => Loss 2.610, Loss_clf 0.370, Loss_kd 2.240, Train_accy 89.10
2025-04-17 20:20:16,210 [icarl.py] => Task 9, Epoch 26/200 => Loss 2.663, Loss_clf 0.391, Loss_kd 2.272, Train_accy 89.35
2025-04-17 20:20:22,274 [icarl.py] => Task 9, Epoch 27/200 => Loss 2.594, Loss_clf 0.334, Loss_kd 2.260, Train_accy 90.72
2025-04-17 20:20:28,677 [icarl.py] => Task 9, Epoch 28/200 => Loss 2.552, Loss_clf 0.310, Loss_kd 2.242, Train_accy 92.18
2025-04-17 20:20:35,192 [icarl.py] => Task 9, Epoch 29/200 => Loss 2.586, Loss_clf 0.339, Loss_kd 2.246, Train_accy 89.96
2025-04-17 20:20:41,648 [icarl.py] => Task 9, Epoch 30/200 => Loss 2.550, Loss_clf 0.316, Loss_kd 2.235, Train_accy 91.73
2025-04-17 20:20:48,043 [icarl.py] => Task 9, Epoch 31/200 => Loss 2.567, Loss_clf 0.325, Loss_kd 2.242, Train_accy 91.02
2025-04-17 20:20:54,124 [icarl.py] => Task 9, Epoch 32/200 => Loss 2.572, Loss_clf 0.348, Loss_kd 2.224, Train_accy 90.26
2025-04-17 20:21:00,696 [icarl.py] => Task 9, Epoch 33/200 => Loss 2.472, Loss_clf 0.255, Loss_kd 2.217, Train_accy 93.29
2025-04-17 20:21:06,742 [icarl.py] => Task 9, Epoch 34/200 => Loss 2.519, Loss_clf 0.289, Loss_kd 2.230, Train_accy 92.13
2025-04-17 20:21:12,837 [icarl.py] => Task 9, Epoch 35/200 => Loss 2.516, Loss_clf 0.291, Loss_kd 2.225, Train_accy 92.23
2025-04-17 20:21:18,835 [icarl.py] => Task 9, Epoch 36/200 => Loss 2.490, Loss_clf 0.277, Loss_kd 2.213, Train_accy 92.73
2025-04-17 20:21:25,384 [icarl.py] => Task 9, Epoch 37/200 => Loss 2.541, Loss_clf 0.305, Loss_kd 2.237, Train_accy 91.78
2025-04-17 20:21:31,450 [icarl.py] => Task 9, Epoch 38/200 => Loss 2.564, Loss_clf 0.320, Loss_kd 2.244, Train_accy 91.27
2025-04-17 20:21:38,269 [icarl.py] => Task 9, Epoch 39/200 => Loss 2.495, Loss_clf 0.287, Loss_kd 2.208, Train_accy 92.79
2025-04-17 20:21:44,731 [icarl.py] => Task 9, Epoch 40/200 => Loss 2.513, Loss_clf 0.295, Loss_kd 2.218, Train_accy 92.03
2025-04-17 20:22:00,662 [icarl.py] => Task 9, Epoch 41/200 => Loss 2.491, Loss_clf 0.276, Loss_kd 2.215, Train_accy 92.23, Test_accy {'Art': 17.6, 'Clipart': 35.79, 'Real World': 28.18, 'Product': 22.28}
2025-04-17 20:22:06,813 [icarl.py] => Task 9, Epoch 42/200 => Loss 2.476, Loss_clf 0.271, Loss_kd 2.206, Train_accy 92.58
2025-04-17 20:22:13,155 [icarl.py] => Task 9, Epoch 43/200 => Loss 2.420, Loss_clf 0.217, Loss_kd 2.202, Train_accy 94.60
2025-04-17 20:22:19,722 [icarl.py] => Task 9, Epoch 44/200 => Loss 2.495, Loss_clf 0.253, Loss_kd 2.242, Train_accy 93.19
2025-04-17 20:22:25,846 [icarl.py] => Task 9, Epoch 45/200 => Loss 2.473, Loss_clf 0.255, Loss_kd 2.218, Train_accy 93.34
2025-04-17 20:22:32,430 [icarl.py] => Task 9, Epoch 46/200 => Loss 2.395, Loss_clf 0.212, Loss_kd 2.182, Train_accy 94.90
2025-04-17 20:22:38,736 [icarl.py] => Task 9, Epoch 47/200 => Loss 2.426, Loss_clf 0.234, Loss_kd 2.192, Train_accy 94.10
2025-04-17 20:22:45,066 [icarl.py] => Task 9, Epoch 48/200 => Loss 2.412, Loss_clf 0.228, Loss_kd 2.184, Train_accy 93.59
2025-04-17 20:22:51,265 [icarl.py] => Task 9, Epoch 49/200 => Loss 2.439, Loss_clf 0.247, Loss_kd 2.192, Train_accy 93.49
2025-04-17 20:22:57,551 [icarl.py] => Task 9, Epoch 50/200 => Loss 2.397, Loss_clf 0.218, Loss_kd 2.179, Train_accy 94.45
2025-04-17 20:23:03,931 [icarl.py] => Task 9, Epoch 51/200 => Loss 2.391, Loss_clf 0.199, Loss_kd 2.192, Train_accy 95.01
2025-04-17 20:23:10,513 [icarl.py] => Task 9, Epoch 52/200 => Loss 2.392, Loss_clf 0.201, Loss_kd 2.190, Train_accy 94.65
2025-04-17 20:23:16,737 [icarl.py] => Task 9, Epoch 53/200 => Loss 2.398, Loss_clf 0.218, Loss_kd 2.180, Train_accy 94.10
2025-04-17 20:23:22,870 [icarl.py] => Task 9, Epoch 54/200 => Loss 2.397, Loss_clf 0.210, Loss_kd 2.187, Train_accy 94.60
2025-04-17 20:23:29,119 [icarl.py] => Task 9, Epoch 55/200 => Loss 2.405, Loss_clf 0.223, Loss_kd 2.182, Train_accy 94.20
2025-04-17 20:23:35,557 [icarl.py] => Task 9, Epoch 56/200 => Loss 2.376, Loss_clf 0.209, Loss_kd 2.167, Train_accy 94.60
2025-04-17 20:23:41,863 [icarl.py] => Task 9, Epoch 57/200 => Loss 2.405, Loss_clf 0.232, Loss_kd 2.173, Train_accy 94.35
2025-04-17 20:23:48,449 [icarl.py] => Task 9, Epoch 58/200 => Loss 2.374, Loss_clf 0.200, Loss_kd 2.174, Train_accy 94.75
2025-04-17 20:23:54,300 [icarl.py] => Task 9, Epoch 59/200 => Loss 2.347, Loss_clf 0.177, Loss_kd 2.170, Train_accy 96.01
2025-04-17 20:24:00,669 [icarl.py] => Task 9, Epoch 60/200 => Loss 2.352, Loss_clf 0.178, Loss_kd 2.174, Train_accy 95.46
2025-04-17 20:24:15,957 [icarl.py] => Task 9, Epoch 61/200 => Loss 2.377, Loss_clf 0.188, Loss_kd 2.189, Train_accy 95.21, Test_accy {'Art': 16.33, 'Clipart': 36.24, 'Real World': 30.64, 'Product': 22.28}
2025-04-17 20:24:22,206 [icarl.py] => Task 9, Epoch 62/200 => Loss 2.357, Loss_clf 0.184, Loss_kd 2.173, Train_accy 95.01
2025-04-17 20:24:28,372 [icarl.py] => Task 9, Epoch 63/200 => Loss 2.331, Loss_clf 0.178, Loss_kd 2.153, Train_accy 95.56
2025-04-17 20:24:34,750 [icarl.py] => Task 9, Epoch 64/200 => Loss 2.348, Loss_clf 0.182, Loss_kd 2.166, Train_accy 95.01
2025-04-17 20:24:41,010 [icarl.py] => Task 9, Epoch 65/200 => Loss 2.358, Loss_clf 0.183, Loss_kd 2.176, Train_accy 95.86
2025-04-17 20:24:47,481 [icarl.py] => Task 9, Epoch 66/200 => Loss 2.329, Loss_clf 0.172, Loss_kd 2.157, Train_accy 96.01
2025-04-17 20:24:53,753 [icarl.py] => Task 9, Epoch 67/200 => Loss 2.333, Loss_clf 0.180, Loss_kd 2.153, Train_accy 95.26
2025-04-17 20:24:59,749 [icarl.py] => Task 9, Epoch 68/200 => Loss 2.304, Loss_clf 0.152, Loss_kd 2.151, Train_accy 96.17
2025-04-17 20:25:05,644 [icarl.py] => Task 9, Epoch 69/200 => Loss 2.342, Loss_clf 0.168, Loss_kd 2.174, Train_accy 95.91
2025-04-17 20:25:11,596 [icarl.py] => Task 9, Epoch 70/200 => Loss 2.314, Loss_clf 0.160, Loss_kd 2.155, Train_accy 95.61
2025-04-17 20:25:17,682 [icarl.py] => Task 9, Epoch 71/200 => Loss 2.363, Loss_clf 0.184, Loss_kd 2.179, Train_accy 95.46
2025-04-17 20:25:23,644 [icarl.py] => Task 9, Epoch 72/200 => Loss 2.310, Loss_clf 0.163, Loss_kd 2.147, Train_accy 96.06
2025-04-17 20:25:29,972 [icarl.py] => Task 9, Epoch 73/200 => Loss 2.325, Loss_clf 0.152, Loss_kd 2.173, Train_accy 96.22
2025-04-17 20:25:35,920 [icarl.py] => Task 9, Epoch 74/200 => Loss 2.299, Loss_clf 0.156, Loss_kd 2.144, Train_accy 96.22
2025-04-17 20:25:42,277 [icarl.py] => Task 9, Epoch 75/200 => Loss 2.309, Loss_clf 0.152, Loss_kd 2.157, Train_accy 95.96
2025-04-17 20:25:48,201 [icarl.py] => Task 9, Epoch 76/200 => Loss 2.255, Loss_clf 0.118, Loss_kd 2.137, Train_accy 97.48
2025-04-17 20:25:54,373 [icarl.py] => Task 9, Epoch 77/200 => Loss 2.339, Loss_clf 0.165, Loss_kd 2.174, Train_accy 95.36
2025-04-17 20:26:00,465 [icarl.py] => Task 9, Epoch 78/200 => Loss 2.299, Loss_clf 0.154, Loss_kd 2.144, Train_accy 96.32
2025-04-17 20:26:06,621 [icarl.py] => Task 9, Epoch 79/200 => Loss 2.263, Loss_clf 0.120, Loss_kd 2.143, Train_accy 97.28
2025-04-17 20:26:12,922 [icarl.py] => Task 9, Epoch 80/200 => Loss 2.268, Loss_clf 0.127, Loss_kd 2.140, Train_accy 97.12
2025-04-17 20:26:28,746 [icarl.py] => Task 9, Epoch 81/200 => Loss 2.292, Loss_clf 0.145, Loss_kd 2.147, Train_accy 96.27, Test_accy {'Art': 18.62, 'Clipart': 35.34, 'Real World': 28.32, 'Product': 24.37}
2025-04-17 20:26:35,003 [icarl.py] => Task 9, Epoch 82/200 => Loss 2.296, Loss_clf 0.163, Loss_kd 2.133, Train_accy 96.32
2025-04-17 20:26:41,204 [icarl.py] => Task 9, Epoch 83/200 => Loss 2.309, Loss_clf 0.148, Loss_kd 2.161, Train_accy 96.37
2025-04-17 20:26:47,252 [icarl.py] => Task 9, Epoch 84/200 => Loss 2.267, Loss_clf 0.134, Loss_kd 2.134, Train_accy 96.92
2025-04-17 20:26:53,296 [icarl.py] => Task 9, Epoch 85/200 => Loss 2.282, Loss_clf 0.134, Loss_kd 2.148, Train_accy 96.72
2025-04-17 20:26:59,537 [icarl.py] => Task 9, Epoch 86/200 => Loss 2.259, Loss_clf 0.120, Loss_kd 2.139, Train_accy 97.38
2025-04-17 20:27:05,753 [icarl.py] => Task 9, Epoch 87/200 => Loss 2.263, Loss_clf 0.134, Loss_kd 2.129, Train_accy 96.52
2025-04-17 20:27:12,180 [icarl.py] => Task 9, Epoch 88/200 => Loss 2.266, Loss_clf 0.137, Loss_kd 2.129, Train_accy 96.57
2025-04-17 20:27:18,506 [icarl.py] => Task 9, Epoch 89/200 => Loss 2.265, Loss_clf 0.127, Loss_kd 2.138, Train_accy 97.12
2025-04-17 20:27:24,856 [icarl.py] => Task 9, Epoch 90/200 => Loss 2.272, Loss_clf 0.125, Loss_kd 2.146, Train_accy 96.82
2025-04-17 20:27:31,107 [icarl.py] => Task 9, Epoch 91/200 => Loss 2.252, Loss_clf 0.118, Loss_kd 2.134, Train_accy 97.12
2025-04-17 20:27:37,307 [icarl.py] => Task 9, Epoch 92/200 => Loss 2.225, Loss_clf 0.105, Loss_kd 2.120, Train_accy 97.33
2025-04-17 20:27:43,662 [icarl.py] => Task 9, Epoch 93/200 => Loss 2.228, Loss_clf 0.101, Loss_kd 2.127, Train_accy 98.03
2025-04-17 20:27:49,826 [icarl.py] => Task 9, Epoch 94/200 => Loss 2.209, Loss_clf 0.107, Loss_kd 2.102, Train_accy 97.73
2025-04-17 20:27:55,882 [icarl.py] => Task 9, Epoch 95/200 => Loss 2.250, Loss_clf 0.123, Loss_kd 2.127, Train_accy 97.07
2025-04-17 20:28:02,112 [icarl.py] => Task 9, Epoch 96/200 => Loss 2.251, Loss_clf 0.113, Loss_kd 2.138, Train_accy 97.48
2025-04-17 20:28:08,606 [icarl.py] => Task 9, Epoch 97/200 => Loss 2.225, Loss_clf 0.096, Loss_kd 2.128, Train_accy 98.13
2025-04-17 20:28:14,907 [icarl.py] => Task 9, Epoch 98/200 => Loss 2.252, Loss_clf 0.111, Loss_kd 2.141, Train_accy 97.53
2025-04-17 20:28:21,409 [icarl.py] => Task 9, Epoch 99/200 => Loss 2.233, Loss_clf 0.120, Loss_kd 2.113, Train_accy 97.28
2025-04-17 20:28:27,448 [icarl.py] => Task 9, Epoch 100/200 => Loss 2.245, Loss_clf 0.131, Loss_kd 2.113, Train_accy 96.77
2025-04-17 20:28:43,110 [icarl.py] => Task 9, Epoch 101/200 => Loss 2.254, Loss_clf 0.126, Loss_kd 2.128, Train_accy 97.07, Test_accy {'Art': 17.09, 'Clipart': 36.24, 'Real World': 27.6, 'Product': 22.42}
2025-04-17 20:28:49,393 [icarl.py] => Task 9, Epoch 102/200 => Loss 2.219, Loss_clf 0.099, Loss_kd 2.120, Train_accy 97.68
2025-04-17 20:28:55,265 [icarl.py] => Task 9, Epoch 103/200 => Loss 2.253, Loss_clf 0.128, Loss_kd 2.125, Train_accy 96.52
2025-04-17 20:29:01,148 [icarl.py] => Task 9, Epoch 104/200 => Loss 2.211, Loss_clf 0.100, Loss_kd 2.111, Train_accy 97.68
2025-04-17 20:29:07,007 [icarl.py] => Task 9, Epoch 105/200 => Loss 2.205, Loss_clf 0.093, Loss_kd 2.111, Train_accy 98.23
2025-04-17 20:29:13,373 [icarl.py] => Task 9, Epoch 106/200 => Loss 2.182, Loss_clf 0.082, Loss_kd 2.099, Train_accy 98.18
2025-04-17 20:29:19,772 [icarl.py] => Task 9, Epoch 107/200 => Loss 2.205, Loss_clf 0.096, Loss_kd 2.108, Train_accy 97.68
2025-04-17 20:29:26,046 [icarl.py] => Task 9, Epoch 108/200 => Loss 2.195, Loss_clf 0.080, Loss_kd 2.115, Train_accy 98.23
2025-04-17 20:29:32,121 [icarl.py] => Task 9, Epoch 109/200 => Loss 2.209, Loss_clf 0.095, Loss_kd 2.114, Train_accy 98.08
2025-04-17 20:29:38,288 [icarl.py] => Task 9, Epoch 110/200 => Loss 2.225, Loss_clf 0.110, Loss_kd 2.115, Train_accy 97.48
2025-04-17 20:29:44,176 [icarl.py] => Task 9, Epoch 111/200 => Loss 2.172, Loss_clf 0.081, Loss_kd 2.090, Train_accy 98.28
2025-04-17 20:29:50,211 [icarl.py] => Task 9, Epoch 112/200 => Loss 2.184, Loss_clf 0.084, Loss_kd 2.100, Train_accy 97.98
2025-04-17 20:29:56,525 [icarl.py] => Task 9, Epoch 113/200 => Loss 2.168, Loss_clf 0.070, Loss_kd 2.097, Train_accy 98.49
2025-04-17 20:30:02,745 [icarl.py] => Task 9, Epoch 114/200 => Loss 2.199, Loss_clf 0.083, Loss_kd 2.116, Train_accy 98.28
2025-04-17 20:30:09,070 [icarl.py] => Task 9, Epoch 115/200 => Loss 2.169, Loss_clf 0.076, Loss_kd 2.093, Train_accy 98.49
2025-04-17 20:30:15,266 [icarl.py] => Task 9, Epoch 116/200 => Loss 2.200, Loss_clf 0.094, Loss_kd 2.106, Train_accy 97.93
2025-04-17 20:30:21,762 [icarl.py] => Task 9, Epoch 117/200 => Loss 2.190, Loss_clf 0.075, Loss_kd 2.115, Train_accy 98.23
2025-04-17 20:30:27,900 [icarl.py] => Task 9, Epoch 118/200 => Loss 2.181, Loss_clf 0.093, Loss_kd 2.089, Train_accy 97.88
2025-04-17 20:30:34,372 [icarl.py] => Task 9, Epoch 119/200 => Loss 2.186, Loss_clf 0.088, Loss_kd 2.098, Train_accy 98.18
2025-04-17 20:30:40,843 [icarl.py] => Task 9, Epoch 120/200 => Loss 2.184, Loss_clf 0.088, Loss_kd 2.097, Train_accy 97.73
2025-04-17 20:30:56,442 [icarl.py] => Task 9, Epoch 121/200 => Loss 2.180, Loss_clf 0.066, Loss_kd 2.114, Train_accy 98.79, Test_accy {'Art': 18.88, 'Clipart': 36.09, 'Real World': 29.62, 'Product': 23.26}
2025-04-17 20:31:02,972 [icarl.py] => Task 9, Epoch 122/200 => Loss 2.163, Loss_clf 0.069, Loss_kd 2.094, Train_accy 98.64
2025-04-17 20:31:09,305 [icarl.py] => Task 9, Epoch 123/200 => Loss 2.177, Loss_clf 0.076, Loss_kd 2.100, Train_accy 98.34
2025-04-17 20:31:15,382 [icarl.py] => Task 9, Epoch 124/200 => Loss 2.153, Loss_clf 0.062, Loss_kd 2.091, Train_accy 99.09
2025-04-17 20:31:21,887 [icarl.py] => Task 9, Epoch 125/200 => Loss 2.162, Loss_clf 0.070, Loss_kd 2.091, Train_accy 98.64
2025-04-17 20:31:27,899 [icarl.py] => Task 9, Epoch 126/200 => Loss 2.163, Loss_clf 0.073, Loss_kd 2.090, Train_accy 98.54
2025-04-17 20:31:33,769 [icarl.py] => Task 9, Epoch 127/200 => Loss 2.174, Loss_clf 0.072, Loss_kd 2.102, Train_accy 98.84
2025-04-17 20:31:39,931 [icarl.py] => Task 9, Epoch 128/200 => Loss 2.168, Loss_clf 0.072, Loss_kd 2.096, Train_accy 98.44
2025-04-17 20:31:45,866 [icarl.py] => Task 9, Epoch 129/200 => Loss 2.186, Loss_clf 0.080, Loss_kd 2.106, Train_accy 98.34
2025-04-17 20:31:51,783 [icarl.py] => Task 9, Epoch 130/200 => Loss 2.171, Loss_clf 0.077, Loss_kd 2.094, Train_accy 98.39
2025-04-17 20:31:57,822 [icarl.py] => Task 9, Epoch 131/200 => Loss 2.177, Loss_clf 0.061, Loss_kd 2.116, Train_accy 98.89
2025-04-17 20:32:03,874 [icarl.py] => Task 9, Epoch 132/200 => Loss 2.168, Loss_clf 0.078, Loss_kd 2.090, Train_accy 98.64
2025-04-17 20:32:10,134 [icarl.py] => Task 9, Epoch 133/200 => Loss 2.171, Loss_clf 0.067, Loss_kd 2.104, Train_accy 98.59
2025-04-17 20:32:16,372 [icarl.py] => Task 9, Epoch 134/200 => Loss 2.147, Loss_clf 0.056, Loss_kd 2.091, Train_accy 99.19
2025-04-17 20:32:22,451 [icarl.py] => Task 9, Epoch 135/200 => Loss 2.145, Loss_clf 0.074, Loss_kd 2.071, Train_accy 98.59
2025-04-17 20:32:28,380 [icarl.py] => Task 9, Epoch 136/200 => Loss 2.173, Loss_clf 0.065, Loss_kd 2.108, Train_accy 98.74
2025-04-17 20:32:34,638 [icarl.py] => Task 9, Epoch 137/200 => Loss 2.160, Loss_clf 0.066, Loss_kd 2.094, Train_accy 98.64
2025-04-17 20:32:40,536 [icarl.py] => Task 9, Epoch 138/200 => Loss 2.162, Loss_clf 0.070, Loss_kd 2.092, Train_accy 98.69
2025-04-17 20:32:46,904 [icarl.py] => Task 9, Epoch 139/200 => Loss 2.134, Loss_clf 0.065, Loss_kd 2.069, Train_accy 98.84
2025-04-17 20:32:52,778 [icarl.py] => Task 9, Epoch 140/200 => Loss 2.156, Loss_clf 0.069, Loss_kd 2.087, Train_accy 98.39
2025-04-17 20:33:08,459 [icarl.py] => Task 9, Epoch 141/200 => Loss 2.162, Loss_clf 0.068, Loss_kd 2.094, Train_accy 98.59, Test_accy {'Art': 20.41, 'Clipart': 40.15, 'Real World': 31.5, 'Product': 24.93}
2025-04-17 20:33:14,606 [icarl.py] => Task 9, Epoch 142/200 => Loss 2.132, Loss_clf 0.055, Loss_kd 2.077, Train_accy 98.74
2025-04-17 20:33:21,066 [icarl.py] => Task 9, Epoch 143/200 => Loss 2.173, Loss_clf 0.077, Loss_kd 2.096, Train_accy 98.34
2025-04-17 20:33:27,093 [icarl.py] => Task 9, Epoch 144/200 => Loss 2.151, Loss_clf 0.069, Loss_kd 2.082, Train_accy 98.64
2025-04-17 20:33:33,299 [icarl.py] => Task 9, Epoch 145/200 => Loss 2.159, Loss_clf 0.068, Loss_kd 2.091, Train_accy 98.74
2025-04-17 20:33:39,469 [icarl.py] => Task 9, Epoch 146/200 => Loss 2.136, Loss_clf 0.059, Loss_kd 2.076, Train_accy 98.74
2025-04-17 20:33:45,723 [icarl.py] => Task 9, Epoch 147/200 => Loss 2.127, Loss_clf 0.058, Loss_kd 2.069, Train_accy 98.99
2025-04-17 20:33:51,716 [icarl.py] => Task 9, Epoch 148/200 => Loss 2.112, Loss_clf 0.048, Loss_kd 2.064, Train_accy 99.24
2025-04-17 20:33:57,983 [icarl.py] => Task 9, Epoch 149/200 => Loss 2.163, Loss_clf 0.061, Loss_kd 2.102, Train_accy 98.79
2025-04-17 20:34:04,203 [icarl.py] => Task 9, Epoch 150/200 => Loss 2.139, Loss_clf 0.055, Loss_kd 2.084, Train_accy 98.84
2025-04-17 20:34:10,683 [icarl.py] => Task 9, Epoch 151/200 => Loss 2.130, Loss_clf 0.069, Loss_kd 2.061, Train_accy 98.54
2025-04-17 20:34:16,658 [icarl.py] => Task 9, Epoch 152/200 => Loss 2.160, Loss_clf 0.063, Loss_kd 2.098, Train_accy 99.04
2025-04-17 20:34:22,935 [icarl.py] => Task 9, Epoch 153/200 => Loss 2.147, Loss_clf 0.062, Loss_kd 2.084, Train_accy 98.89
2025-04-17 20:34:29,253 [icarl.py] => Task 9, Epoch 154/200 => Loss 2.131, Loss_clf 0.052, Loss_kd 2.078, Train_accy 99.04
2025-04-17 20:34:35,546 [icarl.py] => Task 9, Epoch 155/200 => Loss 2.118, Loss_clf 0.054, Loss_kd 2.064, Train_accy 98.84
2025-04-17 20:34:41,923 [icarl.py] => Task 9, Epoch 156/200 => Loss 2.152, Loss_clf 0.048, Loss_kd 2.104, Train_accy 99.14
2025-04-17 20:34:47,873 [icarl.py] => Task 9, Epoch 157/200 => Loss 2.160, Loss_clf 0.065, Loss_kd 2.095, Train_accy 98.79
2025-04-17 20:34:53,909 [icarl.py] => Task 9, Epoch 158/200 => Loss 2.141, Loss_clf 0.050, Loss_kd 2.091, Train_accy 99.19
2025-04-17 20:35:00,042 [icarl.py] => Task 9, Epoch 159/200 => Loss 2.132, Loss_clf 0.055, Loss_kd 2.077, Train_accy 99.04
2025-04-17 20:35:06,312 [icarl.py] => Task 9, Epoch 160/200 => Loss 2.128, Loss_clf 0.050, Loss_kd 2.078, Train_accy 98.84
2025-04-17 20:35:22,117 [icarl.py] => Task 9, Epoch 161/200 => Loss 2.131, Loss_clf 0.056, Loss_kd 2.075, Train_accy 98.64, Test_accy {'Art': 17.86, 'Clipart': 40.75, 'Real World': 32.8, 'Product': 26.18}
2025-04-17 20:35:28,585 [icarl.py] => Task 9, Epoch 162/200 => Loss 2.153, Loss_clf 0.058, Loss_kd 2.095, Train_accy 99.14
2025-04-17 20:35:35,066 [icarl.py] => Task 9, Epoch 163/200 => Loss 2.152, Loss_clf 0.064, Loss_kd 2.088, Train_accy 98.59
2025-04-17 20:35:41,356 [icarl.py] => Task 9, Epoch 164/200 => Loss 2.144, Loss_clf 0.061, Loss_kd 2.083, Train_accy 98.89
2025-04-17 20:35:47,762 [icarl.py] => Task 9, Epoch 165/200 => Loss 2.129, Loss_clf 0.053, Loss_kd 2.077, Train_accy 99.09
2025-04-17 20:35:54,041 [icarl.py] => Task 9, Epoch 166/200 => Loss 2.122, Loss_clf 0.048, Loss_kd 2.074, Train_accy 98.99
2025-04-17 20:36:00,223 [icarl.py] => Task 9, Epoch 167/200 => Loss 2.122, Loss_clf 0.057, Loss_kd 2.065, Train_accy 99.04
2025-04-17 20:36:06,627 [icarl.py] => Task 9, Epoch 168/200 => Loss 2.163, Loss_clf 0.059, Loss_kd 2.104, Train_accy 99.04
2025-04-17 20:36:13,060 [icarl.py] => Task 9, Epoch 169/200 => Loss 2.121, Loss_clf 0.057, Loss_kd 2.065, Train_accy 99.29
2025-04-17 20:36:19,137 [icarl.py] => Task 9, Epoch 170/200 => Loss 2.137, Loss_clf 0.058, Loss_kd 2.079, Train_accy 98.99
2025-04-17 20:36:24,935 [icarl.py] => Task 9, Epoch 171/200 => Loss 2.127, Loss_clf 0.055, Loss_kd 2.072, Train_accy 98.89
2025-04-17 20:36:31,162 [icarl.py] => Task 9, Epoch 172/200 => Loss 2.138, Loss_clf 0.058, Loss_kd 2.080, Train_accy 98.89
2025-04-17 20:36:37,521 [icarl.py] => Task 9, Epoch 173/200 => Loss 2.106, Loss_clf 0.045, Loss_kd 2.061, Train_accy 99.34
2025-04-17 20:36:43,527 [icarl.py] => Task 9, Epoch 174/200 => Loss 2.142, Loss_clf 0.054, Loss_kd 2.087, Train_accy 98.94
2025-04-17 20:36:49,522 [icarl.py] => Task 9, Epoch 175/200 => Loss 2.119, Loss_clf 0.049, Loss_kd 2.070, Train_accy 99.04
2025-04-17 20:36:55,607 [icarl.py] => Task 9, Epoch 176/200 => Loss 2.136, Loss_clf 0.050, Loss_kd 2.086, Train_accy 99.19
2025-04-17 20:37:01,913 [icarl.py] => Task 9, Epoch 177/200 => Loss 2.134, Loss_clf 0.056, Loss_kd 2.078, Train_accy 99.19
2025-04-17 20:37:08,312 [icarl.py] => Task 9, Epoch 178/200 => Loss 2.137, Loss_clf 0.051, Loss_kd 2.085, Train_accy 98.99
2025-04-17 20:37:14,725 [icarl.py] => Task 9, Epoch 179/200 => Loss 2.144, Loss_clf 0.057, Loss_kd 2.088, Train_accy 98.74
2025-04-17 20:37:20,826 [icarl.py] => Task 9, Epoch 180/200 => Loss 2.154, Loss_clf 0.047, Loss_kd 2.107, Train_accy 99.29
2025-04-17 20:37:36,852 [icarl.py] => Task 9, Epoch 181/200 => Loss 2.139, Loss_clf 0.055, Loss_kd 2.084, Train_accy 99.04, Test_accy {'Art': 19.64, 'Clipart': 40.3, 'Real World': 32.23, 'Product': 27.16}
2025-04-17 20:37:42,917 [icarl.py] => Task 9, Epoch 182/200 => Loss 2.128, Loss_clf 0.045, Loss_kd 2.084, Train_accy 99.29
2025-04-17 20:37:49,164 [icarl.py] => Task 9, Epoch 183/200 => Loss 2.138, Loss_clf 0.057, Loss_kd 2.081, Train_accy 98.94
2025-04-17 20:37:55,224 [icarl.py] => Task 9, Epoch 184/200 => Loss 2.128, Loss_clf 0.052, Loss_kd 2.076, Train_accy 99.04
2025-04-17 20:38:01,667 [icarl.py] => Task 9, Epoch 185/200 => Loss 2.133, Loss_clf 0.051, Loss_kd 2.082, Train_accy 99.14
2025-04-17 20:38:07,642 [icarl.py] => Task 9, Epoch 186/200 => Loss 2.148, Loss_clf 0.051, Loss_kd 2.097, Train_accy 99.24
2025-04-17 20:38:14,015 [icarl.py] => Task 9, Epoch 187/200 => Loss 2.149, Loss_clf 0.055, Loss_kd 2.094, Train_accy 98.99
2025-04-17 20:38:20,045 [icarl.py] => Task 9, Epoch 188/200 => Loss 2.127, Loss_clf 0.058, Loss_kd 2.069, Train_accy 98.99
2025-04-17 20:38:26,333 [icarl.py] => Task 9, Epoch 189/200 => Loss 2.128, Loss_clf 0.048, Loss_kd 2.080, Train_accy 99.24
2025-04-17 20:38:32,789 [icarl.py] => Task 9, Epoch 190/200 => Loss 2.124, Loss_clf 0.044, Loss_kd 2.080, Train_accy 99.39
2025-04-17 20:38:39,085 [icarl.py] => Task 9, Epoch 191/200 => Loss 2.123, Loss_clf 0.053, Loss_kd 2.069, Train_accy 98.94
2025-04-17 20:38:45,216 [icarl.py] => Task 9, Epoch 192/200 => Loss 2.120, Loss_clf 0.038, Loss_kd 2.083, Train_accy 99.75
2025-04-17 20:38:51,346 [icarl.py] => Task 9, Epoch 193/200 => Loss 2.125, Loss_clf 0.050, Loss_kd 2.075, Train_accy 99.04
2025-04-17 20:38:57,389 [icarl.py] => Task 9, Epoch 194/200 => Loss 2.104, Loss_clf 0.040, Loss_kd 2.064, Train_accy 99.45
2025-04-17 20:39:03,551 [icarl.py] => Task 9, Epoch 195/200 => Loss 2.148, Loss_clf 0.060, Loss_kd 2.088, Train_accy 99.04
2025-04-17 20:39:09,921 [icarl.py] => Task 9, Epoch 196/200 => Loss 2.136, Loss_clf 0.056, Loss_kd 2.080, Train_accy 98.94
2025-04-17 20:39:16,610 [icarl.py] => Task 9, Epoch 197/200 => Loss 2.111, Loss_clf 0.047, Loss_kd 2.064, Train_accy 99.14
2025-04-17 20:39:22,915 [icarl.py] => Task 9, Epoch 198/200 => Loss 2.136, Loss_clf 0.054, Loss_kd 2.082, Train_accy 99.04
2025-04-17 20:39:29,236 [icarl.py] => Task 9, Epoch 199/200 => Loss 2.113, Loss_clf 0.048, Loss_kd 2.065, Train_accy 99.24
2025-04-17 20:39:35,559 [icarl.py] => Task 9, Epoch 200/200 => Loss 2.165, Loss_clf 0.053, Loss_kd 2.112, Train_accy 98.99
2025-04-17 20:39:35,560 [base.py] => Reducing exemplars...(26 per classes)
2025-04-17 20:40:01,828 [base.py] => Constructing exemplars...(26 per classes)
2025-04-17 20:40:30,346 [icarl.py] => Exemplar size: 1300
2025-04-17 20:40:31,187 [trainer.py] => CNN [Art]: {'total': 19.9, '00-04': 26.32, '05-09': 20.59, '10-14': 13.51, '15-19': 18.52, '20-24': 5.26, '25-29': 0.0, '30-34': 16.36, '35-39': 14.63, '40-44': 18.42, '45-49': 54.0, 'old': 14.91, 'new': 54.0}
2025-04-17 20:40:31,188 [trainer.py] => NME [Art]: {'total': 21.17, '00-04': 28.95, '05-09': 23.53, '10-14': 13.51, '15-19': 18.52, '20-24': 7.89, '25-29': 2.94, '30-34': 23.64, '35-39': 14.63, '40-44': 13.16, '45-49': 52.0, 'old': 16.67, 'new': 52.0}
2025-04-17 20:40:31,188 [trainer.py] => CNN [Art] top1 curve: [73.68, 61.11, 47.71, 43.38, 37.93, 34.13, 29.28, 27.63, 21.64, 19.9]
2025-04-17 20:40:31,188 [trainer.py] => CNN [Art] top5 curve: [100.0, 88.89, 77.06, 75.0, 70.69, 60.58, 53.99, 56.58, 50.0, 47.19]
2025-04-17 20:40:31,188 [trainer.py] => NME [Art] top1 curve: [73.68, 55.56, 44.04, 47.79, 41.38, 34.13, 28.14, 28.95, 21.93, 21.17]
2025-04-17 20:40:31,188 [trainer.py] => NME [Art] top5 curve: [100.0, 91.67, 77.06, 73.53, 72.41, 62.02, 56.27, 55.92, 48.25, 46.17]
2025-04-17 20:40:31,188 [trainer.py] => Average Accuracy [Art] (CNN): 39.638999999999996
2025-04-17 20:40:31,188 [trainer.py] => Average Accuracy [Art] (NME): 39.67700000000001
2025-04-17 20:40:31,188 [trainer.py] => CNN [Clipart]: {'total': 40.45, '00-04': 50.0, '05-09': 40.32, '10-14': 34.85, '15-19': 45.28, '20-24': 24.72, '25-29': 33.87, '30-34': 31.25, '35-39': 24.59, '40-44': 56.06, '45-49': 67.19, 'old': 37.6, 'new': 67.19}
2025-04-17 20:40:31,188 [trainer.py] => NME [Clipart]: {'total': 42.11, '00-04': 46.15, '05-09': 45.16, '10-14': 30.3, '15-19': 49.06, '20-24': 28.09, '25-29': 38.71, '30-34': 26.56, '35-39': 34.43, '40-44': 66.67, '45-49': 60.94, 'old': 40.1, 'new': 60.94}
2025-04-17 20:40:31,188 [trainer.py] => CNN [Clipart] top1 curve: [76.92, 70.0, 69.9, 66.02, 60.63, 56.34, 50.84, 46.73, 42.6, 40.45]
2025-04-17 20:40:31,188 [trainer.py] => CNN [Clipart] top5 curve: [100.0, 93.57, 89.81, 85.71, 84.2, 79.76, 74.68, 72.71, 69.22, 65.86]
2025-04-17 20:40:31,188 [trainer.py] => NME [Clipart] top1 curve: [78.21, 70.0, 71.36, 66.41, 60.63, 55.61, 51.69, 45.79, 43.59, 42.11]
2025-04-17 20:40:31,188 [trainer.py] => NME [Clipart] top5 curve: [100.0, 92.14, 88.83, 86.1, 83.05, 81.22, 76.37, 73.83, 71.38, 66.32]
2025-04-17 20:40:31,188 [trainer.py] => Average Accuracy [Clipart] (CNN): 58.043000000000006
2025-04-17 20:40:31,188 [trainer.py] => Average Accuracy [Clipart] (NME): 58.54
2025-04-17 20:40:31,188 [trainer.py] => CNN [Product]: {'total': 26.6, '00-04': 22.35, '05-09': 20.0, '10-14': 40.32, '15-19': 16.88, '20-24': 19.67, '25-29': 22.78, '30-34': 10.45, '35-39': 15.15, '40-44': 44.29, '45-49': 56.34, 'old': 23.34, 'new': 56.34}
2025-04-17 20:40:31,188 [trainer.py] => NME [Product]: {'total': 27.3, '00-04': 18.82, '05-09': 21.25, '10-14': 43.55, '15-19': 14.29, '20-24': 27.87, '25-29': 21.52, '30-34': 13.43, '35-39': 18.18, '40-44': 41.43, '45-49': 57.75, 'old': 23.96, 'new': 57.75}
2025-04-17 20:40:31,188 [trainer.py] => CNN [Product] top1 curve: [70.59, 54.55, 53.74, 46.71, 43.29, 37.84, 34.83, 30.33, 29.98, 26.6]
2025-04-17 20:40:31,188 [trainer.py] => CNN [Product] top5 curve: [100.0, 88.48, 85.02, 76.32, 75.62, 72.07, 66.73, 64.47, 58.11, 55.43]
2025-04-17 20:40:31,188 [trainer.py] => NME [Product] top1 curve: [74.12, 53.94, 55.07, 47.04, 46.58, 40.32, 35.62, 33.45, 32.46, 27.3]
2025-04-17 20:40:31,189 [trainer.py] => NME [Product] top5 curve: [100.0, 92.73, 88.55, 81.25, 75.34, 72.52, 67.71, 64.12, 59.35, 54.46]
2025-04-17 20:40:31,189 [trainer.py] => Average Accuracy [Product] (CNN): 42.846
2025-04-17 20:40:31,189 [trainer.py] => Average Accuracy [Product] (NME): 44.589999999999996
2025-04-17 20:40:31,189 [trainer.py] => CNN [Real World]: {'total': 32.37, '00-04': 38.36, '05-09': 36.76, '10-14': 20.83, '15-19': 23.88, '20-24': 9.23, '25-29': 36.36, '30-34': 37.33, '35-39': 16.95, '40-44': 39.06, '45-49': 59.72, 'old': 29.19, 'new': 59.72}
2025-04-17 20:40:31,189 [trainer.py] => NME [Real World]: {'total': 33.24, '00-04': 38.36, '05-09': 35.29, '10-14': 22.22, '15-19': 26.87, '20-24': 7.69, '25-29': 36.36, '30-34': 40.0, '35-39': 20.34, '40-44': 43.75, '45-49': 56.94, 'old': 30.48, 'new': 56.94}
2025-04-17 20:40:31,189 [trainer.py] => CNN [Real World] top1 curve: [68.49, 68.09, 58.69, 53.93, 46.67, 43.84, 43.86, 40.83, 37.58, 32.37]
2025-04-17 20:40:31,189 [trainer.py] => CNN [Real World] top5 curve: [100.0, 91.49, 85.92, 83.21, 78.26, 75.12, 71.03, 71.58, 65.81, 63.29]
2025-04-17 20:40:31,189 [trainer.py] => NME [Real World] top1 curve: [68.49, 67.38, 58.69, 54.64, 49.28, 46.45, 45.67, 41.01, 41.13, 33.24]
2025-04-17 20:40:31,189 [trainer.py] => NME [Real World] top5 curve: [100.0, 94.33, 86.85, 82.14, 79.13, 76.3, 71.23, 70.32, 65.0, 62.28]
2025-04-17 20:40:31,189 [trainer.py] => Average Accuracy [Real World] (CNN): 49.435
2025-04-17 20:40:31,189 [trainer.py] => Average Accuracy [Real World] (NME): 50.598
2025-04-17 20:40:31,189 [trainer.py] => NME Harmonic Mean : 29.5370
2025-04-17 20:40:31,189 [trainer.py] => NME Macro Mean : 30.9550
2025-04-17 20:40:31,189 [trainer.py] => CNN Harmonic Mean : 28.5921
2025-04-17 20:40:31,189 [trainer.py] => CNN Macro Mean : 29.8300
2025-04-17 20:40:31,189 [trainer.py] => All params: 21315452
2025-04-17 20:40:31,190 [trainer.py] => Trainable params: 21315452
2025-04-17 20:40:31,191 [icarl.py] => Learning on 50-55
2025-04-17 20:40:47,788 [icarl.py] => Task 10, Epoch 1/200 => Loss 4.346, Loss_clf 1.720, Loss_kd 2.627, Train_accy 56.48, Test_accy {'Art': 7.26, 'Clipart': 10.53, 'Real World': 10.52, 'Product': 7.66}
2025-04-17 20:40:54,574 [icarl.py] => Task 10, Epoch 2/200 => Loss 5.027, Loss_clf 2.007, Loss_kd 3.020, Train_accy 45.69
2025-04-17 20:41:01,346 [icarl.py] => Task 10, Epoch 3/200 => Loss 4.811, Loss_clf 1.836, Loss_kd 2.975, Train_accy 48.41
2025-04-17 20:41:07,910 [icarl.py] => Task 10, Epoch 4/200 => Loss 4.313, Loss_clf 1.482, Loss_kd 2.831, Train_accy 57.81
2025-04-17 20:41:15,002 [icarl.py] => Task 10, Epoch 5/200 => Loss 3.983, Loss_clf 1.258, Loss_kd 2.725, Train_accy 63.12
2025-04-17 20:41:22,035 [icarl.py] => Task 10, Epoch 6/200 => Loss 3.818, Loss_clf 1.129, Loss_kd 2.689, Train_accy 67.08
2025-04-17 20:41:28,808 [icarl.py] => Task 10, Epoch 7/200 => Loss 3.736, Loss_clf 1.054, Loss_kd 2.681, Train_accy 69.89
2025-04-17 20:41:35,480 [icarl.py] => Task 10, Epoch 8/200 => Loss 3.668, Loss_clf 0.991, Loss_kd 2.677, Train_accy 72.15
2025-04-17 20:41:42,239 [icarl.py] => Task 10, Epoch 9/200 => Loss 3.538, Loss_clf 0.915, Loss_kd 2.624, Train_accy 73.86
2025-04-17 20:41:48,955 [icarl.py] => Task 10, Epoch 10/200 => Loss 3.386, Loss_clf 0.794, Loss_kd 2.593, Train_accy 76.53
2025-04-17 20:41:55,566 [icarl.py] => Task 10, Epoch 11/200 => Loss 3.307, Loss_clf 0.734, Loss_kd 2.574, Train_accy 78.75
2025-04-17 20:42:02,726 [icarl.py] => Task 10, Epoch 12/200 => Loss 3.261, Loss_clf 0.704, Loss_kd 2.557, Train_accy 80.04
2025-04-17 20:42:09,720 [icarl.py] => Task 10, Epoch 13/200 => Loss 3.141, Loss_clf 0.618, Loss_kd 2.522, Train_accy 82.48
2025-04-17 20:42:16,525 [icarl.py] => Task 10, Epoch 14/200 => Loss 3.002, Loss_clf 0.534, Loss_kd 2.467, Train_accy 85.38
2025-04-17 20:42:23,497 [icarl.py] => Task 10, Epoch 15/200 => Loss 2.997, Loss_clf 0.519, Loss_kd 2.478, Train_accy 85.06
2025-04-17 20:42:30,125 [icarl.py] => Task 10, Epoch 16/200 => Loss 2.874, Loss_clf 0.427, Loss_kd 2.447, Train_accy 88.15
2025-04-17 20:42:36,730 [icarl.py] => Task 10, Epoch 17/200 => Loss 2.917, Loss_clf 0.459, Loss_kd 2.459, Train_accy 87.00
2025-04-17 20:42:43,686 [icarl.py] => Task 10, Epoch 18/200 => Loss 2.902, Loss_clf 0.451, Loss_kd 2.452, Train_accy 87.23
2025-04-17 20:42:50,672 [icarl.py] => Task 10, Epoch 19/200 => Loss 2.843, Loss_clf 0.405, Loss_kd 2.438, Train_accy 88.93
2025-04-17 20:42:57,445 [icarl.py] => Task 10, Epoch 20/200 => Loss 2.748, Loss_clf 0.338, Loss_kd 2.410, Train_accy 91.19
2025-04-17 20:43:14,187 [icarl.py] => Task 10, Epoch 21/200 => Loss 2.685, Loss_clf 0.306, Loss_kd 2.379, Train_accy 91.38, Test_accy {'Art': 14.97, 'Clipart': 36.05, 'Real World': 29.74, 'Product': 21.84}
2025-04-17 20:43:20,869 [icarl.py] => Task 10, Epoch 22/200 => Loss 2.739, Loss_clf 0.329, Loss_kd 2.411, Train_accy 90.64
2025-04-17 20:43:27,569 [icarl.py] => Task 10, Epoch 23/200 => Loss 2.718, Loss_clf 0.331, Loss_kd 2.387, Train_accy 91.10
2025-04-17 20:43:34,093 [icarl.py] => Task 10, Epoch 24/200 => Loss 2.746, Loss_clf 0.338, Loss_kd 2.408, Train_accy 90.78
2025-04-17 20:43:40,874 [icarl.py] => Task 10, Epoch 25/200 => Loss 2.796, Loss_clf 0.371, Loss_kd 2.425, Train_accy 90.83
2025-04-17 20:43:47,901 [icarl.py] => Task 10, Epoch 26/200 => Loss 2.792, Loss_clf 0.375, Loss_kd 2.416, Train_accy 89.81
2025-04-17 20:43:54,626 [icarl.py] => Task 10, Epoch 27/200 => Loss 2.680, Loss_clf 0.300, Loss_kd 2.380, Train_accy 92.35
2025-04-17 20:44:01,208 [icarl.py] => Task 10, Epoch 28/200 => Loss 2.700, Loss_clf 0.306, Loss_kd 2.394, Train_accy 92.07
2025-04-17 20:44:07,888 [icarl.py] => Task 10, Epoch 29/200 => Loss 2.724, Loss_clf 0.327, Loss_kd 2.396, Train_accy 90.78
2025-04-17 20:44:14,519 [icarl.py] => Task 10, Epoch 30/200 => Loss 2.673, Loss_clf 0.297, Loss_kd 2.376, Train_accy 92.30
2025-04-17 20:44:21,696 [icarl.py] => Task 10, Epoch 31/200 => Loss 2.667, Loss_clf 0.291, Loss_kd 2.376, Train_accy 92.30
2025-04-17 20:44:28,340 [icarl.py] => Task 10, Epoch 32/200 => Loss 2.647, Loss_clf 0.285, Loss_kd 2.362, Train_accy 92.49
2025-04-17 20:44:34,880 [icarl.py] => Task 10, Epoch 33/200 => Loss 2.643, Loss_clf 0.284, Loss_kd 2.359, Train_accy 92.44
2025-04-17 20:44:41,532 [icarl.py] => Task 10, Epoch 34/200 => Loss 2.649, Loss_clf 0.266, Loss_kd 2.383, Train_accy 92.81
2025-04-17 20:44:48,550 [icarl.py] => Task 10, Epoch 35/200 => Loss 2.630, Loss_clf 0.271, Loss_kd 2.359, Train_accy 92.39
2025-04-17 20:44:55,241 [icarl.py] => Task 10, Epoch 36/200 => Loss 2.673, Loss_clf 0.300, Loss_kd 2.373, Train_accy 92.02
2025-04-17 20:45:02,144 [icarl.py] => Task 10, Epoch 37/200 => Loss 2.643, Loss_clf 0.264, Loss_kd 2.379, Train_accy 92.85
2025-04-17 20:45:09,055 [icarl.py] => Task 10, Epoch 38/200 => Loss 2.608, Loss_clf 0.251, Loss_kd 2.357, Train_accy 93.41
2025-04-17 20:45:16,013 [icarl.py] => Task 10, Epoch 39/200 => Loss 2.596, Loss_clf 0.242, Loss_kd 2.353, Train_accy 93.87
2025-04-17 20:45:22,795 [icarl.py] => Task 10, Epoch 40/200 => Loss 2.575, Loss_clf 0.223, Loss_kd 2.352, Train_accy 94.61
2025-04-17 20:45:39,219 [icarl.py] => Task 10, Epoch 41/200 => Loss 2.571, Loss_clf 0.240, Loss_kd 2.331, Train_accy 93.59, Test_accy {'Art': 17.01, 'Clipart': 37.11, 'Real World': 31.04, 'Product': 21.71}
2025-04-17 20:45:46,169 [icarl.py] => Task 10, Epoch 42/200 => Loss 2.601, Loss_clf 0.253, Loss_kd 2.348, Train_accy 93.73
2025-04-17 20:45:52,928 [icarl.py] => Task 10, Epoch 43/200 => Loss 2.578, Loss_clf 0.232, Loss_kd 2.346, Train_accy 94.33
2025-04-17 20:45:59,603 [icarl.py] => Task 10, Epoch 44/200 => Loss 2.650, Loss_clf 0.282, Loss_kd 2.368, Train_accy 92.53
2025-04-17 20:46:06,224 [icarl.py] => Task 10, Epoch 45/200 => Loss 2.611, Loss_clf 0.243, Loss_kd 2.368, Train_accy 93.41
2025-04-17 20:46:13,128 [icarl.py] => Task 10, Epoch 46/200 => Loss 2.615, Loss_clf 0.273, Loss_kd 2.341, Train_accy 92.81
2025-04-17 20:46:19,828 [icarl.py] => Task 10, Epoch 47/200 => Loss 2.617, Loss_clf 0.275, Loss_kd 2.342, Train_accy 93.18
2025-04-17 20:46:26,905 [icarl.py] => Task 10, Epoch 48/200 => Loss 2.535, Loss_clf 0.208, Loss_kd 2.327, Train_accy 94.47
2025-04-17 20:46:33,579 [icarl.py] => Task 10, Epoch 49/200 => Loss 2.590, Loss_clf 0.240, Loss_kd 2.350, Train_accy 93.91
2025-04-17 20:46:40,493 [icarl.py] => Task 10, Epoch 50/200 => Loss 2.564, Loss_clf 0.218, Loss_kd 2.346, Train_accy 94.01
2025-04-17 20:46:47,069 [icarl.py] => Task 10, Epoch 51/200 => Loss 2.491, Loss_clf 0.177, Loss_kd 2.314, Train_accy 95.02
2025-04-17 20:46:54,261 [icarl.py] => Task 10, Epoch 52/200 => Loss 2.553, Loss_clf 0.216, Loss_kd 2.337, Train_accy 94.38
2025-04-17 20:47:01,091 [icarl.py] => Task 10, Epoch 53/200 => Loss 2.530, Loss_clf 0.208, Loss_kd 2.322, Train_accy 94.61
2025-04-17 20:47:08,019 [icarl.py] => Task 10, Epoch 54/200 => Loss 2.543, Loss_clf 0.198, Loss_kd 2.345, Train_accy 94.88
2025-04-17 20:47:14,957 [icarl.py] => Task 10, Epoch 55/200 => Loss 2.534, Loss_clf 0.194, Loss_kd 2.340, Train_accy 94.88
2025-04-17 20:47:21,781 [icarl.py] => Task 10, Epoch 56/200 => Loss 2.506, Loss_clf 0.198, Loss_kd 2.308, Train_accy 94.93
2025-04-17 20:47:28,398 [icarl.py] => Task 10, Epoch 57/200 => Loss 2.538, Loss_clf 0.206, Loss_kd 2.332, Train_accy 95.02
2025-04-17 20:47:35,041 [icarl.py] => Task 10, Epoch 58/200 => Loss 2.483, Loss_clf 0.167, Loss_kd 2.316, Train_accy 96.13
2025-04-17 20:47:41,726 [icarl.py] => Task 10, Epoch 59/200 => Loss 2.552, Loss_clf 0.209, Loss_kd 2.343, Train_accy 94.74
2025-04-17 20:47:48,399 [icarl.py] => Task 10, Epoch 60/200 => Loss 2.536, Loss_clf 0.213, Loss_kd 2.323, Train_accy 94.88
2025-04-17 20:48:05,827 [icarl.py] => Task 10, Epoch 61/200 => Loss 2.521, Loss_clf 0.196, Loss_kd 2.324, Train_accy 95.16, Test_accy {'Art': 17.91, 'Clipart': 34.47, 'Real World': 30.26, 'Product': 19.03}
2025-04-17 20:48:12,599 [icarl.py] => Task 10, Epoch 62/200 => Loss 2.478, Loss_clf 0.155, Loss_kd 2.323, Train_accy 96.04
2025-04-17 20:48:19,274 [icarl.py] => Task 10, Epoch 63/200 => Loss 2.541, Loss_clf 0.196, Loss_kd 2.344, Train_accy 95.16
2025-04-17 20:48:25,966 [icarl.py] => Task 10, Epoch 64/200 => Loss 2.545, Loss_clf 0.211, Loss_kd 2.335, Train_accy 94.65
2025-04-17 20:48:33,006 [icarl.py] => Task 10, Epoch 65/200 => Loss 2.493, Loss_clf 0.174, Loss_kd 2.319, Train_accy 95.85
2025-04-17 20:48:39,951 [icarl.py] => Task 10, Epoch 66/200 => Loss 2.514, Loss_clf 0.189, Loss_kd 2.324, Train_accy 95.21
2025-04-17 20:48:46,693 [icarl.py] => Task 10, Epoch 67/200 => Loss 2.474, Loss_clf 0.161, Loss_kd 2.313, Train_accy 95.48
2025-04-17 20:48:53,589 [icarl.py] => Task 10, Epoch 68/200 => Loss 2.510, Loss_clf 0.189, Loss_kd 2.321, Train_accy 95.21
2025-04-17 20:49:00,434 [icarl.py] => Task 10, Epoch 69/200 => Loss 2.482, Loss_clf 0.175, Loss_kd 2.308, Train_accy 95.67
2025-04-17 20:49:07,072 [icarl.py] => Task 10, Epoch 70/200 => Loss 2.493, Loss_clf 0.178, Loss_kd 2.315, Train_accy 95.62
2025-04-17 20:49:13,853 [icarl.py] => Task 10, Epoch 71/200 => Loss 2.463, Loss_clf 0.158, Loss_kd 2.306, Train_accy 96.22
2025-04-17 20:49:20,880 [icarl.py] => Task 10, Epoch 72/200 => Loss 2.485, Loss_clf 0.162, Loss_kd 2.323, Train_accy 95.48
2025-04-17 20:49:27,613 [icarl.py] => Task 10, Epoch 73/200 => Loss 2.443, Loss_clf 0.150, Loss_kd 2.293, Train_accy 96.17
2025-04-17 20:49:34,537 [icarl.py] => Task 10, Epoch 74/200 => Loss 2.444, Loss_clf 0.139, Loss_kd 2.306, Train_accy 96.73
2025-04-17 20:49:41,552 [icarl.py] => Task 10, Epoch 75/200 => Loss 2.439, Loss_clf 0.133, Loss_kd 2.306, Train_accy 96.63
2025-04-17 20:49:48,008 [icarl.py] => Task 10, Epoch 76/200 => Loss 2.454, Loss_clf 0.150, Loss_kd 2.304, Train_accy 96.45
2025-04-17 20:49:54,880 [icarl.py] => Task 10, Epoch 77/200 => Loss 2.468, Loss_clf 0.147, Loss_kd 2.321, Train_accy 96.45
2025-04-17 20:50:01,535 [icarl.py] => Task 10, Epoch 78/200 => Loss 2.480, Loss_clf 0.161, Loss_kd 2.319, Train_accy 95.94
2025-04-17 20:50:08,229 [icarl.py] => Task 10, Epoch 79/200 => Loss 2.446, Loss_clf 0.148, Loss_kd 2.298, Train_accy 96.59
2025-04-17 20:50:14,989 [icarl.py] => Task 10, Epoch 80/200 => Loss 2.434, Loss_clf 0.150, Loss_kd 2.284, Train_accy 96.54
2025-04-17 20:50:31,581 [icarl.py] => Task 10, Epoch 81/200 => Loss 2.446, Loss_clf 0.146, Loss_kd 2.300, Train_accy 96.68, Test_accy {'Art': 17.01, 'Clipart': 36.18, 'Real World': 27.4, 'Product': 20.56}
2025-04-17 20:50:38,343 [icarl.py] => Task 10, Epoch 82/200 => Loss 2.401, Loss_clf 0.136, Loss_kd 2.264, Train_accy 96.77
2025-04-17 20:50:45,081 [icarl.py] => Task 10, Epoch 83/200 => Loss 2.383, Loss_clf 0.116, Loss_kd 2.266, Train_accy 97.33
2025-04-17 20:50:51,911 [icarl.py] => Task 10, Epoch 84/200 => Loss 2.386, Loss_clf 0.124, Loss_kd 2.263, Train_accy 96.82
2025-04-17 20:50:58,743 [icarl.py] => Task 10, Epoch 85/200 => Loss 2.405, Loss_clf 0.128, Loss_kd 2.277, Train_accy 96.86
2025-04-17 20:51:05,303 [icarl.py] => Task 10, Epoch 86/200 => Loss 2.415, Loss_clf 0.124, Loss_kd 2.291, Train_accy 96.96
2025-04-17 20:51:11,968 [icarl.py] => Task 10, Epoch 87/200 => Loss 2.381, Loss_clf 0.111, Loss_kd 2.270, Train_accy 97.28
2025-04-17 20:51:18,596 [icarl.py] => Task 10, Epoch 88/200 => Loss 2.401, Loss_clf 0.117, Loss_kd 2.284, Train_accy 97.42
2025-04-17 20:51:25,240 [icarl.py] => Task 10, Epoch 89/200 => Loss 2.418, Loss_clf 0.124, Loss_kd 2.294, Train_accy 97.05
2025-04-17 20:51:31,864 [icarl.py] => Task 10, Epoch 90/200 => Loss 2.403, Loss_clf 0.127, Loss_kd 2.276, Train_accy 97.19
2025-04-17 20:51:38,570 [icarl.py] => Task 10, Epoch 91/200 => Loss 2.424, Loss_clf 0.130, Loss_kd 2.294, Train_accy 96.73
2025-04-17 20:51:45,316 [icarl.py] => Task 10, Epoch 92/200 => Loss 2.378, Loss_clf 0.110, Loss_kd 2.268, Train_accy 97.56
2025-04-17 20:51:52,066 [icarl.py] => Task 10, Epoch 93/200 => Loss 2.417, Loss_clf 0.121, Loss_kd 2.296, Train_accy 97.10
2025-04-17 20:51:58,777 [icarl.py] => Task 10, Epoch 94/200 => Loss 2.364, Loss_clf 0.101, Loss_kd 2.264, Train_accy 97.37
2025-04-17 20:52:05,434 [icarl.py] => Task 10, Epoch 95/200 => Loss 2.374, Loss_clf 0.112, Loss_kd 2.261, Train_accy 97.33
2025-04-17 20:52:12,072 [icarl.py] => Task 10, Epoch 96/200 => Loss 2.393, Loss_clf 0.118, Loss_kd 2.275, Train_accy 97.46
2025-04-17 20:52:18,910 [icarl.py] => Task 10, Epoch 97/200 => Loss 2.387, Loss_clf 0.101, Loss_kd 2.286, Train_accy 97.56
2025-04-17 20:52:25,782 [icarl.py] => Task 10, Epoch 98/200 => Loss 2.371, Loss_clf 0.110, Loss_kd 2.260, Train_accy 97.42
2025-04-17 20:52:32,428 [icarl.py] => Task 10, Epoch 99/200 => Loss 2.388, Loss_clf 0.110, Loss_kd 2.278, Train_accy 97.19
2025-04-17 20:52:39,162 [icarl.py] => Task 10, Epoch 100/200 => Loss 2.416, Loss_clf 0.121, Loss_kd 2.295, Train_accy 97.19
2025-04-17 20:52:55,876 [icarl.py] => Task 10, Epoch 101/200 => Loss 2.376, Loss_clf 0.102, Loss_kd 2.275, Train_accy 97.42, Test_accy {'Art': 16.33, 'Clipart': 38.42, 'Real World': 31.3, 'Product': 23.63}
2025-04-17 20:53:02,557 [icarl.py] => Task 10, Epoch 102/200 => Loss 2.368, Loss_clf 0.102, Loss_kd 2.267, Train_accy 97.42
2025-04-17 20:53:09,355 [icarl.py] => Task 10, Epoch 103/200 => Loss 2.359, Loss_clf 0.097, Loss_kd 2.263, Train_accy 97.88
2025-04-17 20:53:16,111 [icarl.py] => Task 10, Epoch 104/200 => Loss 2.345, Loss_clf 0.086, Loss_kd 2.260, Train_accy 98.39
2025-04-17 20:53:22,959 [icarl.py] => Task 10, Epoch 105/200 => Loss 2.355, Loss_clf 0.096, Loss_kd 2.259, Train_accy 97.51
2025-04-17 20:53:30,004 [icarl.py] => Task 10, Epoch 106/200 => Loss 2.364, Loss_clf 0.098, Loss_kd 2.266, Train_accy 97.56
2025-04-17 20:53:36,864 [icarl.py] => Task 10, Epoch 107/200 => Loss 2.346, Loss_clf 0.103, Loss_kd 2.244, Train_accy 98.02
2025-04-17 20:53:43,729 [icarl.py] => Task 10, Epoch 108/200 => Loss 2.346, Loss_clf 0.079, Loss_kd 2.267, Train_accy 98.20
2025-04-17 20:53:50,940 [icarl.py] => Task 10, Epoch 109/200 => Loss 2.339, Loss_clf 0.083, Loss_kd 2.256, Train_accy 98.34
2025-04-17 20:53:57,714 [icarl.py] => Task 10, Epoch 110/200 => Loss 2.302, Loss_clf 0.076, Loss_kd 2.226, Train_accy 98.34
2025-04-17 20:54:04,529 [icarl.py] => Task 10, Epoch 111/200 => Loss 2.313, Loss_clf 0.074, Loss_kd 2.238, Train_accy 98.52
2025-04-17 20:54:11,125 [icarl.py] => Task 10, Epoch 112/200 => Loss 2.307, Loss_clf 0.073, Loss_kd 2.234, Train_accy 98.39
2025-04-17 20:54:18,003 [icarl.py] => Task 10, Epoch 113/200 => Loss 2.351, Loss_clf 0.096, Loss_kd 2.255, Train_accy 98.02
2025-04-17 20:54:24,622 [icarl.py] => Task 10, Epoch 114/200 => Loss 2.346, Loss_clf 0.090, Loss_kd 2.256, Train_accy 98.11
2025-04-17 20:54:31,428 [icarl.py] => Task 10, Epoch 115/200 => Loss 2.335, Loss_clf 0.086, Loss_kd 2.249, Train_accy 98.02
2025-04-17 20:54:38,179 [icarl.py] => Task 10, Epoch 116/200 => Loss 2.330, Loss_clf 0.085, Loss_kd 2.245, Train_accy 98.16
2025-04-17 20:54:45,185 [icarl.py] => Task 10, Epoch 117/200 => Loss 2.338, Loss_clf 0.089, Loss_kd 2.250, Train_accy 97.79
2025-04-17 20:54:51,998 [icarl.py] => Task 10, Epoch 118/200 => Loss 2.331, Loss_clf 0.073, Loss_kd 2.257, Train_accy 98.43
2025-04-17 20:54:58,874 [icarl.py] => Task 10, Epoch 119/200 => Loss 2.330, Loss_clf 0.075, Loss_kd 2.255, Train_accy 98.34
2025-04-17 20:55:05,777 [icarl.py] => Task 10, Epoch 120/200 => Loss 2.343, Loss_clf 0.094, Loss_kd 2.249, Train_accy 97.79
2025-04-17 20:55:23,284 [icarl.py] => Task 10, Epoch 121/200 => Loss 2.319, Loss_clf 0.078, Loss_kd 2.240, Train_accy 98.16, Test_accy {'Art': 16.78, 'Clipart': 39.61, 'Real World': 32.47, 'Product': 22.61}
2025-04-17 20:55:30,070 [icarl.py] => Task 10, Epoch 122/200 => Loss 2.344, Loss_clf 0.083, Loss_kd 2.261, Train_accy 98.20
2025-04-17 20:55:36,960 [icarl.py] => Task 10, Epoch 123/200 => Loss 2.326, Loss_clf 0.076, Loss_kd 2.249, Train_accy 98.52
2025-04-17 20:55:43,734 [icarl.py] => Task 10, Epoch 124/200 => Loss 2.302, Loss_clf 0.079, Loss_kd 2.222, Train_accy 98.29
2025-04-17 20:55:50,533 [icarl.py] => Task 10, Epoch 125/200 => Loss 2.332, Loss_clf 0.082, Loss_kd 2.250, Train_accy 98.16
2025-04-17 20:55:57,410 [icarl.py] => Task 10, Epoch 126/200 => Loss 2.303, Loss_clf 0.074, Loss_kd 2.228, Train_accy 98.43
2025-04-17 20:56:04,340 [icarl.py] => Task 10, Epoch 127/200 => Loss 2.335, Loss_clf 0.082, Loss_kd 2.252, Train_accy 98.11
2025-04-17 20:56:11,441 [icarl.py] => Task 10, Epoch 128/200 => Loss 2.324, Loss_clf 0.073, Loss_kd 2.251, Train_accy 98.62
2025-04-17 20:56:18,284 [icarl.py] => Task 10, Epoch 129/200 => Loss 2.310, Loss_clf 0.086, Loss_kd 2.224, Train_accy 98.06
2025-04-17 20:56:24,995 [icarl.py] => Task 10, Epoch 130/200 => Loss 2.329, Loss_clf 0.081, Loss_kd 2.248, Train_accy 98.39
2025-04-17 20:56:31,699 [icarl.py] => Task 10, Epoch 131/200 => Loss 2.302, Loss_clf 0.069, Loss_kd 2.233, Train_accy 98.34
2025-04-17 20:56:38,350 [icarl.py] => Task 10, Epoch 132/200 => Loss 2.289, Loss_clf 0.064, Loss_kd 2.225, Train_accy 98.57
2025-04-17 20:56:45,346 [icarl.py] => Task 10, Epoch 133/200 => Loss 2.309, Loss_clf 0.068, Loss_kd 2.241, Train_accy 98.43
2025-04-17 20:56:52,183 [icarl.py] => Task 10, Epoch 134/200 => Loss 2.345, Loss_clf 0.086, Loss_kd 2.259, Train_accy 98.29
2025-04-17 20:56:58,891 [icarl.py] => Task 10, Epoch 135/200 => Loss 2.289, Loss_clf 0.067, Loss_kd 2.223, Train_accy 98.71
2025-04-17 20:57:05,564 [icarl.py] => Task 10, Epoch 136/200 => Loss 2.279, Loss_clf 0.066, Loss_kd 2.213, Train_accy 98.71
2025-04-17 20:57:12,811 [icarl.py] => Task 10, Epoch 137/200 => Loss 2.310, Loss_clf 0.075, Loss_kd 2.235, Train_accy 98.11
2025-04-17 20:57:19,715 [icarl.py] => Task 10, Epoch 138/200 => Loss 2.283, Loss_clf 0.057, Loss_kd 2.227, Train_accy 98.94
2025-04-17 20:57:26,687 [icarl.py] => Task 10, Epoch 139/200 => Loss 2.314, Loss_clf 0.075, Loss_kd 2.238, Train_accy 98.57
2025-04-17 20:57:33,851 [icarl.py] => Task 10, Epoch 140/200 => Loss 2.314, Loss_clf 0.073, Loss_kd 2.240, Train_accy 98.62
2025-04-17 20:57:50,922 [icarl.py] => Task 10, Epoch 141/200 => Loss 2.301, Loss_clf 0.060, Loss_kd 2.241, Train_accy 98.66, Test_accy {'Art': 19.73, 'Clipart': 40.39, 'Real World': 32.99, 'Product': 23.88}
2025-04-17 20:57:57,771 [icarl.py] => Task 10, Epoch 142/200 => Loss 2.301, Loss_clf 0.068, Loss_kd 2.233, Train_accy 98.52
2025-04-17 20:58:04,797 [icarl.py] => Task 10, Epoch 143/200 => Loss 2.294, Loss_clf 0.065, Loss_kd 2.229, Train_accy 98.80
2025-04-17 20:58:11,573 [icarl.py] => Task 10, Epoch 144/200 => Loss 2.275, Loss_clf 0.051, Loss_kd 2.224, Train_accy 99.26
2025-04-17 20:58:18,427 [icarl.py] => Task 10, Epoch 145/200 => Loss 2.300, Loss_clf 0.074, Loss_kd 2.226, Train_accy 98.62
2025-04-17 20:58:25,198 [icarl.py] => Task 10, Epoch 146/200 => Loss 2.305, Loss_clf 0.066, Loss_kd 2.239, Train_accy 98.80
2025-04-17 20:58:32,219 [icarl.py] => Task 10, Epoch 147/200 => Loss 2.310, Loss_clf 0.071, Loss_kd 2.239, Train_accy 98.71
2025-04-17 20:58:38,996 [icarl.py] => Task 10, Epoch 148/200 => Loss 2.276, Loss_clf 0.053, Loss_kd 2.224, Train_accy 99.03
2025-04-17 20:58:45,661 [icarl.py] => Task 10, Epoch 149/200 => Loss 2.287, Loss_clf 0.061, Loss_kd 2.226, Train_accy 98.76
2025-04-17 20:58:52,555 [icarl.py] => Task 10, Epoch 150/200 => Loss 2.273, Loss_clf 0.056, Loss_kd 2.216, Train_accy 98.94
2025-04-17 20:58:59,385 [icarl.py] => Task 10, Epoch 151/200 => Loss 2.298, Loss_clf 0.060, Loss_kd 2.238, Train_accy 98.94
2025-04-17 20:59:06,218 [icarl.py] => Task 10, Epoch 152/200 => Loss 2.295, Loss_clf 0.068, Loss_kd 2.227, Train_accy 98.71
2025-04-17 20:59:13,167 [icarl.py] => Task 10, Epoch 153/200 => Loss 2.302, Loss_clf 0.069, Loss_kd 2.233, Train_accy 98.76
2025-04-17 20:59:20,146 [icarl.py] => Task 10, Epoch 154/200 => Loss 2.275, Loss_clf 0.054, Loss_kd 2.221, Train_accy 99.08
2025-04-17 20:59:27,217 [icarl.py] => Task 10, Epoch 155/200 => Loss 2.316, Loss_clf 0.071, Loss_kd 2.246, Train_accy 98.34
2025-04-17 20:59:33,861 [icarl.py] => Task 10, Epoch 156/200 => Loss 2.308, Loss_clf 0.061, Loss_kd 2.247, Train_accy 98.94
2025-04-17 20:59:40,482 [icarl.py] => Task 10, Epoch 157/200 => Loss 2.312, Loss_clf 0.064, Loss_kd 2.248, Train_accy 98.52
2025-04-17 20:59:47,417 [icarl.py] => Task 10, Epoch 158/200 => Loss 2.282, Loss_clf 0.058, Loss_kd 2.224, Train_accy 98.85
2025-04-17 20:59:54,252 [icarl.py] => Task 10, Epoch 159/200 => Loss 2.272, Loss_clf 0.055, Loss_kd 2.217, Train_accy 98.94
2025-04-17 21:00:01,177 [icarl.py] => Task 10, Epoch 160/200 => Loss 2.274, Loss_clf 0.052, Loss_kd 2.221, Train_accy 99.08
2025-04-17 21:00:18,893 [icarl.py] => Task 10, Epoch 161/200 => Loss 2.274, Loss_clf 0.054, Loss_kd 2.220, Train_accy 99.03, Test_accy {'Art': 18.82, 'Clipart': 40.92, 'Real World': 33.77, 'Product': 25.29}
2025-04-17 21:00:25,611 [icarl.py] => Task 10, Epoch 162/200 => Loss 2.299, Loss_clf 0.057, Loss_kd 2.242, Train_accy 98.89
2025-04-17 21:00:32,576 [icarl.py] => Task 10, Epoch 163/200 => Loss 2.272, Loss_clf 0.053, Loss_kd 2.218, Train_accy 98.99
2025-04-17 21:00:39,358 [icarl.py] => Task 10, Epoch 164/200 => Loss 2.294, Loss_clf 0.055, Loss_kd 2.240, Train_accy 98.94
2025-04-17 21:00:45,874 [icarl.py] => Task 10, Epoch 165/200 => Loss 2.283, Loss_clf 0.061, Loss_kd 2.221, Train_accy 98.62
2025-04-17 21:00:52,551 [icarl.py] => Task 10, Epoch 166/200 => Loss 2.255, Loss_clf 0.048, Loss_kd 2.207, Train_accy 99.03
2025-04-17 21:00:59,308 [icarl.py] => Task 10, Epoch 167/200 => Loss 2.280, Loss_clf 0.050, Loss_kd 2.230, Train_accy 99.12
2025-04-17 21:01:06,099 [icarl.py] => Task 10, Epoch 168/200 => Loss 2.298, Loss_clf 0.056, Loss_kd 2.242, Train_accy 99.03
2025-04-17 21:01:12,805 [icarl.py] => Task 10, Epoch 169/200 => Loss 2.266, Loss_clf 0.049, Loss_kd 2.217, Train_accy 99.22
2025-04-17 21:01:19,954 [icarl.py] => Task 10, Epoch 170/200 => Loss 2.280, Loss_clf 0.054, Loss_kd 2.226, Train_accy 98.71
2025-04-17 21:01:27,223 [icarl.py] => Task 10, Epoch 171/200 => Loss 2.270, Loss_clf 0.053, Loss_kd 2.216, Train_accy 98.99
2025-04-17 21:01:34,252 [icarl.py] => Task 10, Epoch 172/200 => Loss 2.314, Loss_clf 0.063, Loss_kd 2.251, Train_accy 98.80
2025-04-17 21:01:41,089 [icarl.py] => Task 10, Epoch 173/200 => Loss 2.269, Loss_clf 0.049, Loss_kd 2.220, Train_accy 99.26
2025-04-17 21:01:48,103 [icarl.py] => Task 10, Epoch 174/200 => Loss 2.276, Loss_clf 0.047, Loss_kd 2.229, Train_accy 99.17
2025-04-17 21:01:55,563 [icarl.py] => Task 10, Epoch 175/200 => Loss 2.282, Loss_clf 0.051, Loss_kd 2.231, Train_accy 99.03
2025-04-17 21:02:02,289 [icarl.py] => Task 10, Epoch 176/200 => Loss 2.286, Loss_clf 0.066, Loss_kd 2.220, Train_accy 98.76
2025-04-17 21:02:09,011 [icarl.py] => Task 10, Epoch 177/200 => Loss 2.276, Loss_clf 0.049, Loss_kd 2.227, Train_accy 98.99
2025-04-17 21:02:15,682 [icarl.py] => Task 10, Epoch 178/200 => Loss 2.277, Loss_clf 0.050, Loss_kd 2.226, Train_accy 99.22
2025-04-17 21:02:22,295 [icarl.py] => Task 10, Epoch 179/200 => Loss 2.286, Loss_clf 0.057, Loss_kd 2.229, Train_accy 98.62
2025-04-17 21:02:28,960 [icarl.py] => Task 10, Epoch 180/200 => Loss 2.279, Loss_clf 0.050, Loss_kd 2.228, Train_accy 98.99
2025-04-17 21:02:46,197 [icarl.py] => Task 10, Epoch 181/200 => Loss 2.263, Loss_clf 0.045, Loss_kd 2.218, Train_accy 99.17, Test_accy {'Art': 17.91, 'Clipart': 40.53, 'Real World': 32.99, 'Product': 23.37}
2025-04-17 21:02:52,919 [icarl.py] => Task 10, Epoch 182/200 => Loss 2.287, Loss_clf 0.056, Loss_kd 2.230, Train_accy 98.89
2025-04-17 21:02:59,539 [icarl.py] => Task 10, Epoch 183/200 => Loss 2.278, Loss_clf 0.050, Loss_kd 2.228, Train_accy 99.22
2025-04-17 21:03:06,256 [icarl.py] => Task 10, Epoch 184/200 => Loss 2.272, Loss_clf 0.049, Loss_kd 2.223, Train_accy 99.03
2025-04-17 21:03:12,829 [icarl.py] => Task 10, Epoch 185/200 => Loss 2.283, Loss_clf 0.053, Loss_kd 2.230, Train_accy 98.89
2025-04-17 21:03:19,459 [icarl.py] => Task 10, Epoch 186/200 => Loss 2.284, Loss_clf 0.055, Loss_kd 2.229, Train_accy 98.85
2025-04-17 21:03:26,442 [icarl.py] => Task 10, Epoch 187/200 => Loss 2.270, Loss_clf 0.049, Loss_kd 2.221, Train_accy 99.26
2025-04-17 21:03:33,416 [icarl.py] => Task 10, Epoch 188/200 => Loss 2.279, Loss_clf 0.048, Loss_kd 2.231, Train_accy 99.31
2025-04-17 21:03:40,022 [icarl.py] => Task 10, Epoch 189/200 => Loss 2.266, Loss_clf 0.041, Loss_kd 2.226, Train_accy 99.31
2025-04-17 21:03:46,568 [icarl.py] => Task 10, Epoch 190/200 => Loss 2.301, Loss_clf 0.060, Loss_kd 2.241, Train_accy 98.89
2025-04-17 21:03:53,474 [icarl.py] => Task 10, Epoch 191/200 => Loss 2.293, Loss_clf 0.057, Loss_kd 2.236, Train_accy 98.99
2025-04-17 21:04:00,250 [icarl.py] => Task 10, Epoch 192/200 => Loss 2.309, Loss_clf 0.060, Loss_kd 2.249, Train_accy 99.03
2025-04-17 21:04:07,186 [icarl.py] => Task 10, Epoch 193/200 => Loss 2.246, Loss_clf 0.041, Loss_kd 2.204, Train_accy 99.31
2025-04-17 21:04:14,115 [icarl.py] => Task 10, Epoch 194/200 => Loss 2.258, Loss_clf 0.049, Loss_kd 2.209, Train_accy 99.08
2025-04-17 21:04:21,036 [icarl.py] => Task 10, Epoch 195/200 => Loss 2.261, Loss_clf 0.037, Loss_kd 2.224, Train_accy 99.49
2025-04-17 21:04:27,822 [icarl.py] => Task 10, Epoch 196/200 => Loss 2.289, Loss_clf 0.061, Loss_kd 2.227, Train_accy 98.76
2025-04-17 21:04:35,193 [icarl.py] => Task 10, Epoch 197/200 => Loss 2.275, Loss_clf 0.045, Loss_kd 2.231, Train_accy 99.12
2025-04-17 21:04:42,082 [icarl.py] => Task 10, Epoch 198/200 => Loss 2.272, Loss_clf 0.048, Loss_kd 2.224, Train_accy 99.22
2025-04-17 21:04:48,772 [icarl.py] => Task 10, Epoch 199/200 => Loss 2.278, Loss_clf 0.052, Loss_kd 2.226, Train_accy 98.99
2025-04-17 21:04:55,480 [icarl.py] => Task 10, Epoch 200/200 => Loss 2.235, Loss_clf 0.049, Loss_kd 2.186, Train_accy 99.08
2025-04-17 21:04:55,481 [base.py] => Reducing exemplars...(23 per classes)
2025-04-17 21:05:23,193 [base.py] => Constructing exemplars...(23 per classes)
2025-04-17 21:05:53,767 [icarl.py] => Exemplar size: 1265
2025-04-17 21:05:54,534 [trainer.py] => CNN [Art]: {'total': 18.59, '00-04': 21.05, '05-09': 17.65, '10-14': 18.92, '15-19': 14.81, '20-24': 2.63, '25-29': 2.94, '30-34': 9.09, '35-39': 2.44, '40-44': 13.16, '45-49': 32.0, '50-54': 57.14, 'old': 13.78, 'new': 57.14}
2025-04-17 21:05:54,534 [trainer.py] => NME [Art]: {'total': 20.86, '00-04': 26.32, '05-09': 20.59, '10-14': 18.92, '15-19': 18.52, '20-24': 7.89, '25-29': 5.88, '30-34': 14.55, '35-39': 2.44, '40-44': 13.16, '45-49': 38.0, '50-54': 51.02, 'old': 17.09, 'new': 51.02}
2025-04-17 21:05:54,534 [trainer.py] => CNN [Art] top1 curve: [73.68, 61.11, 47.71, 43.38, 37.93, 34.13, 29.28, 27.63, 21.64, 19.9, 18.59]
2025-04-17 21:05:54,535 [trainer.py] => CNN [Art] top5 curve: [100.0, 88.89, 77.06, 75.0, 70.69, 60.58, 53.99, 56.58, 50.0, 47.19, 44.67]
2025-04-17 21:05:54,535 [trainer.py] => NME [Art] top1 curve: [73.68, 55.56, 44.04, 47.79, 41.38, 34.13, 28.14, 28.95, 21.93, 21.17, 20.86]
2025-04-17 21:05:54,535 [trainer.py] => NME [Art] top5 curve: [100.0, 91.67, 77.06, 73.53, 72.41, 62.02, 56.27, 55.92, 48.25, 46.17, 44.22]
2025-04-17 21:05:54,535 [trainer.py] => Average Accuracy [Art] (CNN): 37.72545454545455
2025-04-17 21:05:54,535 [trainer.py] => Average Accuracy [Art] (NME): 37.96636363636364
2025-04-17 21:05:54,535 [trainer.py] => CNN [Clipart]: {'total': 41.45, '00-04': 44.87, '05-09': 40.32, '10-14': 30.3, '15-19': 47.17, '20-24': 23.6, '25-29': 27.42, '30-34': 28.12, '35-39': 26.23, '40-44': 46.97, '45-49': 48.44, '50-54': 80.0, 'old': 35.94, 'new': 80.0}
2025-04-17 21:05:54,535 [trainer.py] => NME [Clipart]: {'total': 42.89, '00-04': 43.59, '05-09': 43.55, '10-14': 30.3, '15-19': 49.06, '20-24': 28.09, '25-29': 30.65, '30-34': 29.69, '35-39': 27.87, '40-44': 51.52, '45-49': 53.12, '50-54': 74.74, 'old': 38.35, 'new': 74.74}
2025-04-17 21:05:54,535 [trainer.py] => CNN [Clipart] top1 curve: [76.92, 70.0, 69.9, 66.02, 60.63, 56.34, 50.84, 46.73, 42.6, 40.45, 41.45]
2025-04-17 21:05:54,535 [trainer.py] => CNN [Clipart] top5 curve: [100.0, 93.57, 89.81, 85.71, 84.2, 79.76, 74.68, 72.71, 69.22, 65.86, 64.61]
2025-04-17 21:05:54,535 [trainer.py] => NME [Clipart] top1 curve: [78.21, 70.0, 71.36, 66.41, 60.63, 55.61, 51.69, 45.79, 43.59, 42.11, 42.89]
2025-04-17 21:05:54,535 [trainer.py] => NME [Clipart] top5 curve: [100.0, 92.14, 88.83, 86.1, 83.05, 81.22, 76.37, 73.83, 71.38, 66.32, 64.34]
2025-04-17 21:05:54,535 [trainer.py] => Average Accuracy [Clipart] (CNN): 56.53454545454545
2025-04-17 21:05:54,535 [trainer.py] => Average Accuracy [Clipart] (NME): 57.11727272727273
2025-04-17 21:05:54,535 [trainer.py] => CNN [Product]: {'total': 24.01, '00-04': 29.41, '05-09': 25.0, '10-14': 33.87, '15-19': 11.69, '20-24': 14.75, '25-29': 22.78, '30-34': 8.96, '35-39': 9.09, '40-44': 35.71, '45-49': 32.39, '50-54': 40.0, 'old': 22.56, 'new': 40.0}
2025-04-17 21:05:54,535 [trainer.py] => NME [Product]: {'total': 24.14, '00-04': 20.0, '05-09': 28.75, '10-14': 37.1, '15-19': 15.58, '20-24': 24.59, '25-29': 22.78, '30-34': 11.94, '35-39': 12.12, '40-44': 28.57, '45-49': 28.17, '50-54': 38.46, 'old': 22.84, 'new': 38.46}
2025-04-17 21:05:54,535 [trainer.py] => CNN [Product] top1 curve: [70.59, 54.55, 53.74, 46.71, 43.29, 37.84, 34.83, 30.33, 29.98, 26.6, 24.01]
2025-04-17 21:05:54,535 [trainer.py] => CNN [Product] top5 curve: [100.0, 88.48, 85.02, 76.32, 75.62, 72.07, 66.73, 64.47, 58.11, 55.43, 54.79]
2025-04-17 21:05:54,535 [trainer.py] => NME [Product] top1 curve: [74.12, 53.94, 55.07, 47.04, 46.58, 40.32, 35.62, 33.45, 32.46, 27.3, 24.14]
2025-04-17 21:05:54,535 [trainer.py] => NME [Product] top5 curve: [100.0, 92.73, 88.55, 81.25, 75.34, 72.52, 67.71, 64.12, 59.35, 54.46, 53.13]
2025-04-17 21:05:54,535 [trainer.py] => Average Accuracy [Product] (CNN): 41.13363636363636
2025-04-17 21:05:54,535 [trainer.py] => Average Accuracy [Product] (NME): 42.730909090909094
2025-04-17 21:05:54,535 [trainer.py] => CNN [Real World]: {'total': 32.99, '00-04': 31.51, '05-09': 39.71, '10-14': 15.28, '15-19': 23.88, '20-24': 7.69, '25-29': 31.17, '30-34': 36.0, '35-39': 13.56, '40-44': 32.81, '45-49': 45.83, '50-54': 75.64, 'old': 28.18, 'new': 75.64}
2025-04-17 21:05:54,535 [trainer.py] => NME [Real World]: {'total': 36.1, '00-04': 36.99, '05-09': 44.12, '10-14': 20.83, '15-19': 25.37, '20-24': 9.23, '25-29': 38.96, '30-34': 37.33, '35-39': 15.25, '40-44': 37.5, '45-49': 45.83, '50-54': 75.64, 'old': 31.65, 'new': 75.64}
2025-04-17 21:05:54,536 [trainer.py] => CNN [Real World] top1 curve: [68.49, 68.09, 58.69, 53.93, 46.67, 43.84, 43.86, 40.83, 37.58, 32.37, 32.99]
2025-04-17 21:05:54,536 [trainer.py] => CNN [Real World] top5 curve: [100.0, 91.49, 85.92, 83.21, 78.26, 75.12, 71.03, 71.58, 65.81, 63.29, 62.08]
2025-04-17 21:05:54,536 [trainer.py] => NME [Real World] top1 curve: [68.49, 67.38, 58.69, 54.64, 49.28, 46.45, 45.67, 41.01, 41.13, 33.24, 36.1]
2025-04-17 21:05:54,536 [trainer.py] => NME [Real World] top5 curve: [100.0, 94.33, 86.85, 82.14, 79.13, 76.3, 71.23, 70.32, 65.0, 62.28, 61.82]
2025-04-17 21:05:54,536 [trainer.py] => Average Accuracy [Real World] (CNN): 47.940000000000005
2025-04-17 21:05:54,536 [trainer.py] => Average Accuracy [Real World] (NME): 49.28
2025-04-17 21:05:54,536 [trainer.py] => NME Harmonic Mean : 27.9837
2025-04-17 21:05:54,536 [trainer.py] => NME Macro Mean : 30.9975
2025-04-17 21:05:54,536 [trainer.py] => CNN Harmonic Mean : 27.0647
2025-04-17 21:05:54,536 [trainer.py] => CNN Macro Mean : 29.2600
2025-04-17 21:05:54,536 [trainer.py] => All params: 21318017
2025-04-17 21:05:54,537 [trainer.py] => Trainable params: 21318017
2025-04-17 21:05:54,538 [icarl.py] => Learning on 55-60
2025-04-17 21:06:12,065 [icarl.py] => Task 11, Epoch 1/200 => Loss 4.340, Loss_clf 1.735, Loss_kd 2.605, Train_accy 54.72, Test_accy {'Art': 5.6, 'Clipart': 12.14, 'Real World': 9.32, 'Product': 7.13}
2025-04-17 21:06:18,543 [icarl.py] => Task 11, Epoch 2/200 => Loss 5.173, Loss_clf 2.114, Loss_kd 3.059, Train_accy 40.95
2025-04-17 21:06:24,978 [icarl.py] => Task 11, Epoch 3/200 => Loss 5.235, Loss_clf 2.137, Loss_kd 3.097, Train_accy 40.19
2025-04-17 21:06:31,438 [icarl.py] => Task 11, Epoch 4/200 => Loss 4.603, Loss_clf 1.710, Loss_kd 2.893, Train_accy 50.63
2025-04-17 21:06:37,890 [icarl.py] => Task 11, Epoch 5/200 => Loss 4.253, Loss_clf 1.458, Loss_kd 2.795, Train_accy 57.09
2025-04-17 21:06:44,807 [icarl.py] => Task 11, Epoch 6/200 => Loss 4.028, Loss_clf 1.292, Loss_kd 2.736, Train_accy 61.42
2025-04-17 21:06:51,702 [icarl.py] => Task 11, Epoch 7/200 => Loss 3.829, Loss_clf 1.140, Loss_kd 2.690, Train_accy 66.46
2025-04-17 21:06:58,320 [icarl.py] => Task 11, Epoch 8/200 => Loss 3.696, Loss_clf 1.046, Loss_kd 2.650, Train_accy 70.05
2025-04-17 21:07:05,071 [icarl.py] => Task 11, Epoch 9/200 => Loss 3.516, Loss_clf 0.905, Loss_kd 2.611, Train_accy 74.63
2025-04-17 21:07:11,799 [icarl.py] => Task 11, Epoch 10/200 => Loss 3.466, Loss_clf 0.867, Loss_kd 2.600, Train_accy 74.94
2025-04-17 21:07:18,579 [icarl.py] => Task 11, Epoch 11/200 => Loss 3.370, Loss_clf 0.786, Loss_kd 2.584, Train_accy 77.66
2025-04-17 21:07:25,293 [icarl.py] => Task 11, Epoch 12/200 => Loss 3.251, Loss_clf 0.715, Loss_kd 2.536, Train_accy 79.68
2025-04-17 21:07:31,747 [icarl.py] => Task 11, Epoch 13/200 => Loss 3.203, Loss_clf 0.659, Loss_kd 2.544, Train_accy 81.49
2025-04-17 21:07:38,404 [icarl.py] => Task 11, Epoch 14/200 => Loss 3.097, Loss_clf 0.601, Loss_kd 2.495, Train_accy 82.50
2025-04-17 21:07:44,976 [icarl.py] => Task 11, Epoch 15/200 => Loss 3.019, Loss_clf 0.539, Loss_kd 2.480, Train_accy 84.82
2025-04-17 21:07:51,594 [icarl.py] => Task 11, Epoch 16/200 => Loss 2.934, Loss_clf 0.475, Loss_kd 2.459, Train_accy 86.43
2025-04-17 21:07:58,098 [icarl.py] => Task 11, Epoch 17/200 => Loss 2.986, Loss_clf 0.507, Loss_kd 2.479, Train_accy 86.18
2025-04-17 21:08:04,583 [icarl.py] => Task 11, Epoch 18/200 => Loss 2.951, Loss_clf 0.492, Loss_kd 2.458, Train_accy 85.98
2025-04-17 21:08:11,178 [icarl.py] => Task 11, Epoch 19/200 => Loss 2.917, Loss_clf 0.459, Loss_kd 2.458, Train_accy 87.29
2025-04-17 21:08:17,927 [icarl.py] => Task 11, Epoch 20/200 => Loss 2.914, Loss_clf 0.462, Loss_kd 2.452, Train_accy 87.14
2025-04-17 21:08:35,617 [icarl.py] => Task 11, Epoch 21/200 => Loss 2.998, Loss_clf 0.517, Loss_kd 2.481, Train_accy 86.23, Test_accy {'Art': 12.45, 'Clipart': 29.85, 'Real World': 24.06, 'Product': 17.84}
2025-04-17 21:08:42,283 [icarl.py] => Task 11, Epoch 22/200 => Loss 2.848, Loss_clf 0.418, Loss_kd 2.431, Train_accy 88.40
2025-04-17 21:08:48,720 [icarl.py] => Task 11, Epoch 23/200 => Loss 2.799, Loss_clf 0.394, Loss_kd 2.405, Train_accy 89.21
2025-04-17 21:08:55,127 [icarl.py] => Task 11, Epoch 24/200 => Loss 2.776, Loss_clf 0.363, Loss_kd 2.414, Train_accy 90.42
2025-04-17 21:09:01,440 [icarl.py] => Task 11, Epoch 25/200 => Loss 2.780, Loss_clf 0.380, Loss_kd 2.400, Train_accy 89.61
2025-04-17 21:09:07,762 [icarl.py] => Task 11, Epoch 26/200 => Loss 2.757, Loss_clf 0.362, Loss_kd 2.395, Train_accy 90.62
2025-04-17 21:09:14,173 [icarl.py] => Task 11, Epoch 27/200 => Loss 2.770, Loss_clf 0.372, Loss_kd 2.398, Train_accy 89.56
2025-04-17 21:09:21,084 [icarl.py] => Task 11, Epoch 28/200 => Loss 2.773, Loss_clf 0.353, Loss_kd 2.421, Train_accy 89.96
2025-04-17 21:09:27,818 [icarl.py] => Task 11, Epoch 29/200 => Loss 2.743, Loss_clf 0.337, Loss_kd 2.406, Train_accy 90.77
2025-04-17 21:09:34,373 [icarl.py] => Task 11, Epoch 30/200 => Loss 2.721, Loss_clf 0.322, Loss_kd 2.399, Train_accy 91.02
2025-04-17 21:09:41,071 [icarl.py] => Task 11, Epoch 31/200 => Loss 2.640, Loss_clf 0.274, Loss_kd 2.366, Train_accy 93.24
2025-04-17 21:09:47,934 [icarl.py] => Task 11, Epoch 32/200 => Loss 2.707, Loss_clf 0.304, Loss_kd 2.403, Train_accy 92.08
2025-04-17 21:09:54,467 [icarl.py] => Task 11, Epoch 33/200 => Loss 2.719, Loss_clf 0.330, Loss_kd 2.389, Train_accy 91.12
2025-04-17 21:10:00,927 [icarl.py] => Task 11, Epoch 34/200 => Loss 2.687, Loss_clf 0.304, Loss_kd 2.384, Train_accy 91.83
2025-04-17 21:10:07,332 [icarl.py] => Task 11, Epoch 35/200 => Loss 2.742, Loss_clf 0.339, Loss_kd 2.403, Train_accy 91.33
2025-04-17 21:10:13,881 [icarl.py] => Task 11, Epoch 36/200 => Loss 2.680, Loss_clf 0.291, Loss_kd 2.389, Train_accy 92.08
2025-04-17 21:10:20,348 [icarl.py] => Task 11, Epoch 37/200 => Loss 2.688, Loss_clf 0.290, Loss_kd 2.398, Train_accy 92.69
2025-04-17 21:10:26,911 [icarl.py] => Task 11, Epoch 38/200 => Loss 2.658, Loss_clf 0.278, Loss_kd 2.380, Train_accy 92.44
2025-04-17 21:10:33,481 [icarl.py] => Task 11, Epoch 39/200 => Loss 2.709, Loss_clf 0.307, Loss_kd 2.403, Train_accy 91.93
2025-04-17 21:10:40,121 [icarl.py] => Task 11, Epoch 40/200 => Loss 2.644, Loss_clf 0.283, Loss_kd 2.361, Train_accy 93.09
2025-04-17 21:10:57,909 [icarl.py] => Task 11, Epoch 41/200 => Loss 2.611, Loss_clf 0.245, Loss_kd 2.367, Train_accy 93.85, Test_accy {'Art': 16.8, 'Clipart': 33.62, 'Real World': 24.88, 'Product': 18.67}
2025-04-17 21:11:04,389 [icarl.py] => Task 11, Epoch 42/200 => Loss 2.639, Loss_clf 0.272, Loss_kd 2.366, Train_accy 93.04
2025-04-17 21:11:10,648 [icarl.py] => Task 11, Epoch 43/200 => Loss 2.629, Loss_clf 0.268, Loss_kd 2.360, Train_accy 93.39
2025-04-17 21:11:16,999 [icarl.py] => Task 11, Epoch 44/200 => Loss 2.574, Loss_clf 0.236, Loss_kd 2.337, Train_accy 93.70
2025-04-17 21:11:23,639 [icarl.py] => Task 11, Epoch 45/200 => Loss 2.656, Loss_clf 0.282, Loss_kd 2.374, Train_accy 92.39
2025-04-17 21:11:29,967 [icarl.py] => Task 11, Epoch 46/200 => Loss 2.600, Loss_clf 0.258, Loss_kd 2.343, Train_accy 93.14
2025-04-17 21:11:36,901 [icarl.py] => Task 11, Epoch 47/200 => Loss 2.575, Loss_clf 0.215, Loss_kd 2.360, Train_accy 94.25
2025-04-17 21:11:43,664 [icarl.py] => Task 11, Epoch 48/200 => Loss 2.594, Loss_clf 0.244, Loss_kd 2.350, Train_accy 93.80
2025-04-17 21:11:50,250 [icarl.py] => Task 11, Epoch 49/200 => Loss 2.603, Loss_clf 0.241, Loss_kd 2.362, Train_accy 93.44
2025-04-17 21:11:56,949 [icarl.py] => Task 11, Epoch 50/200 => Loss 2.561, Loss_clf 0.221, Loss_kd 2.340, Train_accy 94.40
2025-04-17 21:12:03,884 [icarl.py] => Task 11, Epoch 51/200 => Loss 2.594, Loss_clf 0.233, Loss_kd 2.361, Train_accy 94.25
2025-04-17 21:12:10,698 [icarl.py] => Task 11, Epoch 52/200 => Loss 2.581, Loss_clf 0.227, Loss_kd 2.354, Train_accy 94.25
2025-04-17 21:12:16,988 [icarl.py] => Task 11, Epoch 53/200 => Loss 2.560, Loss_clf 0.212, Loss_kd 2.348, Train_accy 94.96
2025-04-17 21:12:23,405 [icarl.py] => Task 11, Epoch 54/200 => Loss 2.547, Loss_clf 0.214, Loss_kd 2.334, Train_accy 94.40
2025-04-17 21:12:29,881 [icarl.py] => Task 11, Epoch 55/200 => Loss 2.558, Loss_clf 0.207, Loss_kd 2.352, Train_accy 95.31
2025-04-17 21:12:36,387 [icarl.py] => Task 11, Epoch 56/200 => Loss 2.520, Loss_clf 0.190, Loss_kd 2.330, Train_accy 95.06
2025-04-17 21:12:42,962 [icarl.py] => Task 11, Epoch 57/200 => Loss 2.510, Loss_clf 0.200, Loss_kd 2.311, Train_accy 95.01
2025-04-17 21:12:49,391 [icarl.py] => Task 11, Epoch 58/200 => Loss 2.565, Loss_clf 0.203, Loss_kd 2.362, Train_accy 94.86
2025-04-17 21:12:55,699 [icarl.py] => Task 11, Epoch 59/200 => Loss 2.591, Loss_clf 0.233, Loss_kd 2.358, Train_accy 93.95
2025-04-17 21:13:02,637 [icarl.py] => Task 11, Epoch 60/200 => Loss 2.566, Loss_clf 0.214, Loss_kd 2.351, Train_accy 94.70
2025-04-17 21:13:20,199 [icarl.py] => Task 11, Epoch 61/200 => Loss 2.524, Loss_clf 0.182, Loss_kd 2.342, Train_accy 95.21, Test_accy {'Art': 15.35, 'Clipart': 34.95, 'Real World': 27.24, 'Product': 19.62}
2025-04-17 21:13:26,634 [icarl.py] => Task 11, Epoch 62/200 => Loss 2.520, Loss_clf 0.191, Loss_kd 2.329, Train_accy 95.06
2025-04-17 21:13:33,142 [icarl.py] => Task 11, Epoch 63/200 => Loss 2.512, Loss_clf 0.194, Loss_kd 2.319, Train_accy 94.55
2025-04-17 21:13:39,556 [icarl.py] => Task 11, Epoch 64/200 => Loss 2.520, Loss_clf 0.195, Loss_kd 2.325, Train_accy 94.91
2025-04-17 21:13:46,003 [icarl.py] => Task 11, Epoch 65/200 => Loss 2.496, Loss_clf 0.169, Loss_kd 2.326, Train_accy 95.97
2025-04-17 21:13:52,610 [icarl.py] => Task 11, Epoch 66/200 => Loss 2.530, Loss_clf 0.194, Loss_kd 2.336, Train_accy 95.31
2025-04-17 21:13:59,252 [icarl.py] => Task 11, Epoch 67/200 => Loss 2.462, Loss_clf 0.160, Loss_kd 2.302, Train_accy 96.12
2025-04-17 21:14:05,576 [icarl.py] => Task 11, Epoch 68/200 => Loss 2.448, Loss_clf 0.151, Loss_kd 2.297, Train_accy 96.87
2025-04-17 21:14:11,920 [icarl.py] => Task 11, Epoch 69/200 => Loss 2.481, Loss_clf 0.164, Loss_kd 2.317, Train_accy 95.56
2025-04-17 21:14:18,334 [icarl.py] => Task 11, Epoch 70/200 => Loss 2.483, Loss_clf 0.166, Loss_kd 2.317, Train_accy 95.97
2025-04-17 21:14:24,853 [icarl.py] => Task 11, Epoch 71/200 => Loss 2.481, Loss_clf 0.161, Loss_kd 2.321, Train_accy 95.97
2025-04-17 21:14:31,536 [icarl.py] => Task 11, Epoch 72/200 => Loss 2.494, Loss_clf 0.157, Loss_kd 2.336, Train_accy 96.32
2025-04-17 21:14:37,969 [icarl.py] => Task 11, Epoch 73/200 => Loss 2.437, Loss_clf 0.144, Loss_kd 2.292, Train_accy 96.82
2025-04-17 21:14:44,300 [icarl.py] => Task 11, Epoch 74/200 => Loss 2.498, Loss_clf 0.178, Loss_kd 2.320, Train_accy 95.61
2025-04-17 21:14:50,959 [icarl.py] => Task 11, Epoch 75/200 => Loss 2.444, Loss_clf 0.148, Loss_kd 2.296, Train_accy 96.87
2025-04-17 21:14:57,754 [icarl.py] => Task 11, Epoch 76/200 => Loss 2.439, Loss_clf 0.136, Loss_kd 2.303, Train_accy 97.02
2025-04-17 21:15:04,261 [icarl.py] => Task 11, Epoch 77/200 => Loss 2.395, Loss_clf 0.123, Loss_kd 2.272, Train_accy 97.58
2025-04-17 21:15:10,866 [icarl.py] => Task 11, Epoch 78/200 => Loss 2.434, Loss_clf 0.132, Loss_kd 2.302, Train_accy 97.02
2025-04-17 21:15:17,302 [icarl.py] => Task 11, Epoch 79/200 => Loss 2.419, Loss_clf 0.131, Loss_kd 2.287, Train_accy 96.82
2025-04-17 21:15:23,558 [icarl.py] => Task 11, Epoch 80/200 => Loss 2.429, Loss_clf 0.136, Loss_kd 2.293, Train_accy 97.13
2025-04-17 21:15:41,171 [icarl.py] => Task 11, Epoch 81/200 => Loss 2.387, Loss_clf 0.116, Loss_kd 2.271, Train_accy 97.58, Test_accy {'Art': 16.18, 'Clipart': 34.1, 'Real World': 25.12, 'Product': 19.26}
2025-04-17 21:15:47,713 [icarl.py] => Task 11, Epoch 82/200 => Loss 2.413, Loss_clf 0.124, Loss_kd 2.289, Train_accy 97.48
2025-04-17 21:15:54,319 [icarl.py] => Task 11, Epoch 83/200 => Loss 2.402, Loss_clf 0.123, Loss_kd 2.279, Train_accy 97.33
2025-04-17 21:16:01,155 [icarl.py] => Task 11, Epoch 84/200 => Loss 2.403, Loss_clf 0.120, Loss_kd 2.284, Train_accy 96.77
2025-04-17 21:16:07,825 [icarl.py] => Task 11, Epoch 85/200 => Loss 2.403, Loss_clf 0.120, Loss_kd 2.283, Train_accy 97.18
2025-04-17 21:16:14,421 [icarl.py] => Task 11, Epoch 86/200 => Loss 2.429, Loss_clf 0.126, Loss_kd 2.303, Train_accy 97.18
2025-04-17 21:16:20,820 [icarl.py] => Task 11, Epoch 87/200 => Loss 2.396, Loss_clf 0.111, Loss_kd 2.285, Train_accy 97.83
2025-04-17 21:16:27,367 [icarl.py] => Task 11, Epoch 88/200 => Loss 2.408, Loss_clf 0.122, Loss_kd 2.286, Train_accy 97.08
2025-04-17 21:16:33,677 [icarl.py] => Task 11, Epoch 89/200 => Loss 2.409, Loss_clf 0.125, Loss_kd 2.285, Train_accy 97.18
2025-04-17 21:16:40,045 [icarl.py] => Task 11, Epoch 90/200 => Loss 2.395, Loss_clf 0.118, Loss_kd 2.278, Train_accy 97.28
2025-04-17 21:16:47,011 [icarl.py] => Task 11, Epoch 91/200 => Loss 2.392, Loss_clf 0.115, Loss_kd 2.278, Train_accy 97.38
2025-04-17 21:16:53,355 [icarl.py] => Task 11, Epoch 92/200 => Loss 2.397, Loss_clf 0.114, Loss_kd 2.283, Train_accy 97.58
2025-04-17 21:16:59,786 [icarl.py] => Task 11, Epoch 93/200 => Loss 2.422, Loss_clf 0.132, Loss_kd 2.290, Train_accy 97.13
2025-04-17 21:17:06,347 [icarl.py] => Task 11, Epoch 94/200 => Loss 2.391, Loss_clf 0.119, Loss_kd 2.272, Train_accy 97.48
2025-04-17 21:17:12,897 [icarl.py] => Task 11, Epoch 95/200 => Loss 2.363, Loss_clf 0.097, Loss_kd 2.266, Train_accy 97.88
2025-04-17 21:17:19,374 [icarl.py] => Task 11, Epoch 96/200 => Loss 2.392, Loss_clf 0.103, Loss_kd 2.289, Train_accy 98.03
2025-04-17 21:17:25,793 [icarl.py] => Task 11, Epoch 97/200 => Loss 2.379, Loss_clf 0.113, Loss_kd 2.266, Train_accy 97.53
2025-04-17 21:17:32,253 [icarl.py] => Task 11, Epoch 98/200 => Loss 2.413, Loss_clf 0.117, Loss_kd 2.296, Train_accy 97.58
2025-04-17 21:17:38,746 [icarl.py] => Task 11, Epoch 99/200 => Loss 2.389, Loss_clf 0.108, Loss_kd 2.281, Train_accy 97.58
2025-04-17 21:17:45,354 [icarl.py] => Task 11, Epoch 100/200 => Loss 2.394, Loss_clf 0.112, Loss_kd 2.282, Train_accy 97.33
2025-04-17 21:18:02,907 [icarl.py] => Task 11, Epoch 101/200 => Loss 2.384, Loss_clf 0.112, Loss_kd 2.272, Train_accy 97.13, Test_accy {'Art': 16.18, 'Clipart': 37.01, 'Real World': 27.24, 'Product': 19.62}
2025-04-17 21:18:09,814 [icarl.py] => Task 11, Epoch 102/200 => Loss 2.369, Loss_clf 0.100, Loss_kd 2.270, Train_accy 98.13
2025-04-17 21:18:16,350 [icarl.py] => Task 11, Epoch 103/200 => Loss 2.378, Loss_clf 0.109, Loss_kd 2.269, Train_accy 98.08
2025-04-17 21:18:23,020 [icarl.py] => Task 11, Epoch 104/200 => Loss 2.399, Loss_clf 0.115, Loss_kd 2.284, Train_accy 97.13
2025-04-17 21:18:29,795 [icarl.py] => Task 11, Epoch 105/200 => Loss 2.363, Loss_clf 0.086, Loss_kd 2.277, Train_accy 98.29
2025-04-17 21:18:36,353 [icarl.py] => Task 11, Epoch 106/200 => Loss 2.378, Loss_clf 0.100, Loss_kd 2.279, Train_accy 98.29
2025-04-17 21:18:42,985 [icarl.py] => Task 11, Epoch 107/200 => Loss 2.359, Loss_clf 0.103, Loss_kd 2.257, Train_accy 97.73
2025-04-17 21:18:49,705 [icarl.py] => Task 11, Epoch 108/200 => Loss 2.378, Loss_clf 0.104, Loss_kd 2.274, Train_accy 97.88
2025-04-17 21:18:56,194 [icarl.py] => Task 11, Epoch 109/200 => Loss 2.379, Loss_clf 0.100, Loss_kd 2.279, Train_accy 98.08
2025-04-17 21:19:02,627 [icarl.py] => Task 11, Epoch 110/200 => Loss 2.368, Loss_clf 0.095, Loss_kd 2.273, Train_accy 97.98
2025-04-17 21:19:09,052 [icarl.py] => Task 11, Epoch 111/200 => Loss 2.366, Loss_clf 0.087, Loss_kd 2.278, Train_accy 98.29
2025-04-17 21:19:15,765 [icarl.py] => Task 11, Epoch 112/200 => Loss 2.344, Loss_clf 0.095, Loss_kd 2.250, Train_accy 97.73
2025-04-17 21:19:22,321 [icarl.py] => Task 11, Epoch 113/200 => Loss 2.367, Loss_clf 0.092, Loss_kd 2.275, Train_accy 98.13
2025-04-17 21:19:28,773 [icarl.py] => Task 11, Epoch 114/200 => Loss 2.337, Loss_clf 0.093, Loss_kd 2.244, Train_accy 98.03
2025-04-17 21:19:35,286 [icarl.py] => Task 11, Epoch 115/200 => Loss 2.303, Loss_clf 0.067, Loss_kd 2.236, Train_accy 98.44
2025-04-17 21:19:41,672 [icarl.py] => Task 11, Epoch 116/200 => Loss 2.325, Loss_clf 0.083, Loss_kd 2.242, Train_accy 98.29
2025-04-17 21:19:48,455 [icarl.py] => Task 11, Epoch 117/200 => Loss 2.357, Loss_clf 0.090, Loss_kd 2.266, Train_accy 98.39
2025-04-17 21:19:55,134 [icarl.py] => Task 11, Epoch 118/200 => Loss 2.329, Loss_clf 0.088, Loss_kd 2.241, Train_accy 98.23
2025-04-17 21:20:01,893 [icarl.py] => Task 11, Epoch 119/200 => Loss 2.362, Loss_clf 0.097, Loss_kd 2.265, Train_accy 97.78
2025-04-17 21:20:08,761 [icarl.py] => Task 11, Epoch 120/200 => Loss 2.345, Loss_clf 0.081, Loss_kd 2.263, Train_accy 98.34
2025-04-17 21:20:26,179 [icarl.py] => Task 11, Epoch 121/200 => Loss 2.345, Loss_clf 0.086, Loss_kd 2.260, Train_accy 98.23, Test_accy {'Art': 16.6, 'Clipart': 35.19, 'Real World': 27.71, 'Product': 22.35}
2025-04-17 21:20:32,559 [icarl.py] => Task 11, Epoch 122/200 => Loss 2.327, Loss_clf 0.073, Loss_kd 2.253, Train_accy 98.29
2025-04-17 21:20:39,011 [icarl.py] => Task 11, Epoch 123/200 => Loss 2.362, Loss_clf 0.101, Loss_kd 2.262, Train_accy 98.13
2025-04-17 21:20:45,580 [icarl.py] => Task 11, Epoch 124/200 => Loss 2.354, Loss_clf 0.077, Loss_kd 2.277, Train_accy 98.59
2025-04-17 21:20:52,306 [icarl.py] => Task 11, Epoch 125/200 => Loss 2.297, Loss_clf 0.065, Loss_kd 2.232, Train_accy 98.94
2025-04-17 21:20:58,654 [icarl.py] => Task 11, Epoch 126/200 => Loss 2.323, Loss_clf 0.074, Loss_kd 2.248, Train_accy 98.64
2025-04-17 21:21:05,439 [icarl.py] => Task 11, Epoch 127/200 => Loss 2.325, Loss_clf 0.084, Loss_kd 2.241, Train_accy 98.03
2025-04-17 21:21:11,983 [icarl.py] => Task 11, Epoch 128/200 => Loss 2.362, Loss_clf 0.086, Loss_kd 2.276, Train_accy 97.93
2025-04-17 21:21:18,427 [icarl.py] => Task 11, Epoch 129/200 => Loss 2.307, Loss_clf 0.063, Loss_kd 2.244, Train_accy 98.84
2025-04-17 21:21:24,893 [icarl.py] => Task 11, Epoch 130/200 => Loss 2.319, Loss_clf 0.061, Loss_kd 2.258, Train_accy 99.09
2025-04-17 21:21:31,409 [icarl.py] => Task 11, Epoch 131/200 => Loss 2.320, Loss_clf 0.070, Loss_kd 2.250, Train_accy 98.64
2025-04-17 21:21:38,199 [icarl.py] => Task 11, Epoch 132/200 => Loss 2.279, Loss_clf 0.052, Loss_kd 2.227, Train_accy 99.29
2025-04-17 21:21:44,762 [icarl.py] => Task 11, Epoch 133/200 => Loss 2.324, Loss_clf 0.078, Loss_kd 2.246, Train_accy 98.59
2025-04-17 21:21:51,320 [icarl.py] => Task 11, Epoch 134/200 => Loss 2.332, Loss_clf 0.068, Loss_kd 2.264, Train_accy 99.04
2025-04-17 21:21:57,698 [icarl.py] => Task 11, Epoch 135/200 => Loss 2.349, Loss_clf 0.078, Loss_kd 2.272, Train_accy 98.54
2025-04-17 21:22:04,554 [icarl.py] => Task 11, Epoch 136/200 => Loss 2.320, Loss_clf 0.066, Loss_kd 2.254, Train_accy 98.79
2025-04-17 21:22:11,111 [icarl.py] => Task 11, Epoch 137/200 => Loss 2.283, Loss_clf 0.054, Loss_kd 2.229, Train_accy 99.09
2025-04-17 21:22:17,532 [icarl.py] => Task 11, Epoch 138/200 => Loss 2.302, Loss_clf 0.073, Loss_kd 2.229, Train_accy 98.54
2025-04-17 21:22:24,027 [icarl.py] => Task 11, Epoch 139/200 => Loss 2.315, Loss_clf 0.071, Loss_kd 2.244, Train_accy 98.74
2025-04-17 21:22:30,808 [icarl.py] => Task 11, Epoch 140/200 => Loss 2.340, Loss_clf 0.084, Loss_kd 2.256, Train_accy 98.18
2025-04-17 21:22:48,232 [icarl.py] => Task 11, Epoch 141/200 => Loss 2.307, Loss_clf 0.059, Loss_kd 2.248, Train_accy 98.69, Test_accy {'Art': 15.77, 'Clipart': 36.77, 'Real World': 29.13, 'Product': 21.64}
2025-04-17 21:22:54,719 [icarl.py] => Task 11, Epoch 142/200 => Loss 2.316, Loss_clf 0.065, Loss_kd 2.251, Train_accy 98.94
2025-04-17 21:23:01,542 [icarl.py] => Task 11, Epoch 143/200 => Loss 2.321, Loss_clf 0.069, Loss_kd 2.253, Train_accy 98.69
2025-04-17 21:23:08,106 [icarl.py] => Task 11, Epoch 144/200 => Loss 2.283, Loss_clf 0.055, Loss_kd 2.229, Train_accy 98.99
2025-04-17 21:23:15,122 [icarl.py] => Task 11, Epoch 145/200 => Loss 2.286, Loss_clf 0.063, Loss_kd 2.223, Train_accy 98.99
2025-04-17 21:23:21,810 [icarl.py] => Task 11, Epoch 146/200 => Loss 2.324, Loss_clf 0.069, Loss_kd 2.255, Train_accy 98.44
2025-04-17 21:23:28,791 [icarl.py] => Task 11, Epoch 147/200 => Loss 2.335, Loss_clf 0.076, Loss_kd 2.259, Train_accy 98.34
2025-04-17 21:23:35,198 [icarl.py] => Task 11, Epoch 148/200 => Loss 2.276, Loss_clf 0.055, Loss_kd 2.221, Train_accy 98.94
2025-04-17 21:23:41,481 [icarl.py] => Task 11, Epoch 149/200 => Loss 2.308, Loss_clf 0.065, Loss_kd 2.243, Train_accy 98.64
2025-04-17 21:23:47,875 [icarl.py] => Task 11, Epoch 150/200 => Loss 2.299, Loss_clf 0.054, Loss_kd 2.245, Train_accy 99.09
2025-04-17 21:23:54,710 [icarl.py] => Task 11, Epoch 151/200 => Loss 2.315, Loss_clf 0.056, Loss_kd 2.259, Train_accy 98.94
2025-04-17 21:24:01,186 [icarl.py] => Task 11, Epoch 152/200 => Loss 2.300, Loss_clf 0.059, Loss_kd 2.240, Train_accy 98.79
2025-04-17 21:24:07,593 [icarl.py] => Task 11, Epoch 153/200 => Loss 2.328, Loss_clf 0.072, Loss_kd 2.256, Train_accy 98.44
2025-04-17 21:24:14,000 [icarl.py] => Task 11, Epoch 154/200 => Loss 2.338, Loss_clf 0.071, Loss_kd 2.266, Train_accy 98.34
2025-04-17 21:24:20,518 [icarl.py] => Task 11, Epoch 155/200 => Loss 2.313, Loss_clf 0.059, Loss_kd 2.254, Train_accy 98.59
2025-04-17 21:24:26,983 [icarl.py] => Task 11, Epoch 156/200 => Loss 2.303, Loss_clf 0.052, Loss_kd 2.251, Train_accy 99.14
2025-04-17 21:24:33,899 [icarl.py] => Task 11, Epoch 157/200 => Loss 2.300, Loss_clf 0.053, Loss_kd 2.247, Train_accy 98.94
2025-04-17 21:24:40,414 [icarl.py] => Task 11, Epoch 158/200 => Loss 2.306, Loss_clf 0.053, Loss_kd 2.253, Train_accy 99.09
2025-04-17 21:24:46,942 [icarl.py] => Task 11, Epoch 159/200 => Loss 2.295, Loss_clf 0.055, Loss_kd 2.241, Train_accy 99.04
2025-04-17 21:24:53,683 [icarl.py] => Task 11, Epoch 160/200 => Loss 2.301, Loss_clf 0.057, Loss_kd 2.244, Train_accy 99.29
2025-04-17 21:25:11,427 [icarl.py] => Task 11, Epoch 161/200 => Loss 2.290, Loss_clf 0.053, Loss_kd 2.237, Train_accy 99.09, Test_accy {'Art': 16.18, 'Clipart': 37.38, 'Real World': 28.42, 'Product': 21.88}
2025-04-17 21:25:17,968 [icarl.py] => Task 11, Epoch 162/200 => Loss 2.280, Loss_clf 0.051, Loss_kd 2.229, Train_accy 99.09
2025-04-17 21:25:24,392 [icarl.py] => Task 11, Epoch 163/200 => Loss 2.301, Loss_clf 0.044, Loss_kd 2.256, Train_accy 99.19
2025-04-17 21:25:30,956 [icarl.py] => Task 11, Epoch 164/200 => Loss 2.274, Loss_clf 0.044, Loss_kd 2.230, Train_accy 99.34
2025-04-17 21:25:37,802 [icarl.py] => Task 11, Epoch 165/200 => Loss 2.273, Loss_clf 0.056, Loss_kd 2.216, Train_accy 99.14
2025-04-17 21:25:44,295 [icarl.py] => Task 11, Epoch 166/200 => Loss 2.311, Loss_clf 0.051, Loss_kd 2.261, Train_accy 99.29
2025-04-17 21:25:50,872 [icarl.py] => Task 11, Epoch 167/200 => Loss 2.259, Loss_clf 0.040, Loss_kd 2.219, Train_accy 99.65
2025-04-17 21:25:57,492 [icarl.py] => Task 11, Epoch 168/200 => Loss 2.314, Loss_clf 0.059, Loss_kd 2.255, Train_accy 99.04
2025-04-17 21:26:03,877 [icarl.py] => Task 11, Epoch 169/200 => Loss 2.265, Loss_clf 0.051, Loss_kd 2.214, Train_accy 99.34
2025-04-17 21:26:10,267 [icarl.py] => Task 11, Epoch 170/200 => Loss 2.275, Loss_clf 0.044, Loss_kd 2.231, Train_accy 99.55
2025-04-17 21:26:17,175 [icarl.py] => Task 11, Epoch 171/200 => Loss 2.297, Loss_clf 0.056, Loss_kd 2.241, Train_accy 98.99
2025-04-17 21:26:23,487 [icarl.py] => Task 11, Epoch 172/200 => Loss 2.252, Loss_clf 0.037, Loss_kd 2.216, Train_accy 99.50
2025-04-17 21:26:29,999 [icarl.py] => Task 11, Epoch 173/200 => Loss 2.303, Loss_clf 0.052, Loss_kd 2.252, Train_accy 99.19
2025-04-17 21:26:36,535 [icarl.py] => Task 11, Epoch 174/200 => Loss 2.285, Loss_clf 0.053, Loss_kd 2.232, Train_accy 99.29
2025-04-17 21:26:42,984 [icarl.py] => Task 11, Epoch 175/200 => Loss 2.285, Loss_clf 0.060, Loss_kd 2.225, Train_accy 98.79
2025-04-17 21:26:49,352 [icarl.py] => Task 11, Epoch 176/200 => Loss 2.277, Loss_clf 0.054, Loss_kd 2.224, Train_accy 98.94
2025-04-17 21:26:55,657 [icarl.py] => Task 11, Epoch 177/200 => Loss 2.279, Loss_clf 0.053, Loss_kd 2.225, Train_accy 98.79
2025-04-17 21:27:02,100 [icarl.py] => Task 11, Epoch 178/200 => Loss 2.308, Loss_clf 0.056, Loss_kd 2.252, Train_accy 98.74
2025-04-17 21:27:08,674 [icarl.py] => Task 11, Epoch 179/200 => Loss 2.288, Loss_clf 0.048, Loss_kd 2.239, Train_accy 99.39
2025-04-17 21:27:15,399 [icarl.py] => Task 11, Epoch 180/200 => Loss 2.283, Loss_clf 0.044, Loss_kd 2.239, Train_accy 99.45
2025-04-17 21:27:32,910 [icarl.py] => Task 11, Epoch 181/200 => Loss 2.277, Loss_clf 0.048, Loss_kd 2.229, Train_accy 99.09, Test_accy {'Art': 14.94, 'Clipart': 37.14, 'Real World': 29.25, 'Product': 21.17}
2025-04-17 21:27:39,322 [icarl.py] => Task 11, Epoch 182/200 => Loss 2.322, Loss_clf 0.066, Loss_kd 2.256, Train_accy 98.54
2025-04-17 21:27:45,869 [icarl.py] => Task 11, Epoch 183/200 => Loss 2.275, Loss_clf 0.050, Loss_kd 2.225, Train_accy 98.94
2025-04-17 21:27:52,274 [icarl.py] => Task 11, Epoch 184/200 => Loss 2.268, Loss_clf 0.043, Loss_kd 2.226, Train_accy 99.19
2025-04-17 21:27:59,177 [icarl.py] => Task 11, Epoch 185/200 => Loss 2.272, Loss_clf 0.053, Loss_kd 2.219, Train_accy 98.89
2025-04-17 21:28:05,587 [icarl.py] => Task 11, Epoch 186/200 => Loss 2.291, Loss_clf 0.056, Loss_kd 2.235, Train_accy 99.04
2025-04-17 21:28:12,126 [icarl.py] => Task 11, Epoch 187/200 => Loss 2.292, Loss_clf 0.053, Loss_kd 2.239, Train_accy 99.14
2025-04-17 21:28:19,046 [icarl.py] => Task 11, Epoch 188/200 => Loss 2.274, Loss_clf 0.040, Loss_kd 2.233, Train_accy 99.45
2025-04-17 21:28:25,272 [icarl.py] => Task 11, Epoch 189/200 => Loss 2.273, Loss_clf 0.043, Loss_kd 2.230, Train_accy 99.34
2025-04-17 21:28:31,749 [icarl.py] => Task 11, Epoch 190/200 => Loss 2.267, Loss_clf 0.046, Loss_kd 2.221, Train_accy 99.24
2025-04-17 21:28:38,876 [icarl.py] => Task 11, Epoch 191/200 => Loss 2.269, Loss_clf 0.040, Loss_kd 2.229, Train_accy 99.50
2025-04-17 21:28:45,365 [icarl.py] => Task 11, Epoch 192/200 => Loss 2.286, Loss_clf 0.054, Loss_kd 2.233, Train_accy 99.09
2025-04-17 21:28:51,738 [icarl.py] => Task 11, Epoch 193/200 => Loss 2.266, Loss_clf 0.042, Loss_kd 2.224, Train_accy 99.29
2025-04-17 21:28:58,242 [icarl.py] => Task 11, Epoch 194/200 => Loss 2.269, Loss_clf 0.043, Loss_kd 2.225, Train_accy 99.39
2025-04-17 21:29:04,732 [icarl.py] => Task 11, Epoch 195/200 => Loss 2.270, Loss_clf 0.044, Loss_kd 2.226, Train_accy 99.29
2025-04-17 21:29:11,215 [icarl.py] => Task 11, Epoch 196/200 => Loss 2.319, Loss_clf 0.057, Loss_kd 2.262, Train_accy 98.99
2025-04-17 21:29:17,683 [icarl.py] => Task 11, Epoch 197/200 => Loss 2.294, Loss_clf 0.055, Loss_kd 2.239, Train_accy 99.14
2025-04-17 21:29:24,119 [icarl.py] => Task 11, Epoch 198/200 => Loss 2.305, Loss_clf 0.051, Loss_kd 2.254, Train_accy 98.89
2025-04-17 21:29:30,687 [icarl.py] => Task 11, Epoch 199/200 => Loss 2.295, Loss_clf 0.058, Loss_kd 2.237, Train_accy 99.09
2025-04-17 21:29:37,158 [icarl.py] => Task 11, Epoch 200/200 => Loss 2.281, Loss_clf 0.052, Loss_kd 2.229, Train_accy 98.89
2025-04-17 21:29:37,159 [base.py] => Reducing exemplars...(21 per classes)
2025-04-17 21:30:06,711 [base.py] => Constructing exemplars...(21 per classes)
2025-04-17 21:30:38,641 [icarl.py] => Exemplar size: 1260
2025-04-17 21:30:39,478 [trainer.py] => CNN [Art]: {'total': 15.35, '00-04': 18.42, '05-09': 8.82, '10-14': 16.22, '15-19': 7.41, '20-24': 2.63, '25-29': 0.0, '30-34': 14.55, '35-39': 4.88, '40-44': 10.53, '45-49': 10.0, '50-54': 30.61, '55-59': 51.22, 'old': 12.02, 'new': 51.22}
2025-04-17 21:30:39,479 [trainer.py] => NME [Art]: {'total': 19.09, '00-04': 26.32, '05-09': 23.53, '10-14': 18.92, '15-19': 7.41, '20-24': 2.63, '25-29': 5.88, '30-34': 16.36, '35-39': 7.32, '40-44': 10.53, '45-49': 18.0, '50-54': 38.78, '55-59': 43.9, 'old': 16.78, 'new': 43.9}
2025-04-17 21:30:39,479 [trainer.py] => CNN [Art] top1 curve: [73.68, 61.11, 47.71, 43.38, 37.93, 34.13, 29.28, 27.63, 21.64, 19.9, 18.59, 15.35]
2025-04-17 21:30:39,479 [trainer.py] => CNN [Art] top5 curve: [100.0, 88.89, 77.06, 75.0, 70.69, 60.58, 53.99, 56.58, 50.0, 47.19, 44.67, 39.63]
2025-04-17 21:30:39,479 [trainer.py] => NME [Art] top1 curve: [73.68, 55.56, 44.04, 47.79, 41.38, 34.13, 28.14, 28.95, 21.93, 21.17, 20.86, 19.09]
2025-04-17 21:30:39,479 [trainer.py] => NME [Art] top5 curve: [100.0, 91.67, 77.06, 73.53, 72.41, 62.02, 56.27, 55.92, 48.25, 46.17, 44.22, 39.0]
2025-04-17 21:30:39,479 [trainer.py] => Average Accuracy [Art] (CNN): 35.86083333333333
2025-04-17 21:30:39,479 [trainer.py] => Average Accuracy [Art] (NME): 36.39333333333334
2025-04-17 21:30:39,479 [trainer.py] => CNN [Clipart]: {'total': 37.26, '00-04': 44.87, '05-09': 41.94, '10-14': 30.3, '15-19': 45.28, '20-24': 17.98, '25-29': 24.19, '30-34': 25.0, '35-39': 19.67, '40-44': 33.33, '45-49': 37.5, '50-54': 61.05, '55-59': 60.94, 'old': 35.26, 'new': 60.94}
2025-04-17 21:30:39,479 [trainer.py] => NME [Clipart]: {'total': 36.29, '00-04': 41.03, '05-09': 46.77, '10-14': 31.82, '15-19': 37.74, '20-24': 20.22, '25-29': 24.19, '30-34': 25.0, '35-39': 22.95, '40-44': 37.88, '45-49': 37.5, '50-54': 54.74, '55-59': 51.56, 'old': 35.0, 'new': 51.56}
2025-04-17 21:30:39,479 [trainer.py] => CNN [Clipart] top1 curve: [76.92, 70.0, 69.9, 66.02, 60.63, 56.34, 50.84, 46.73, 42.6, 40.45, 41.45, 37.26]
2025-04-17 21:30:39,479 [trainer.py] => CNN [Clipart] top5 curve: [100.0, 93.57, 89.81, 85.71, 84.2, 79.76, 74.68, 72.71, 69.22, 65.86, 64.61, 63.11]
2025-04-17 21:30:39,479 [trainer.py] => NME [Clipart] top1 curve: [78.21, 70.0, 71.36, 66.41, 60.63, 55.61, 51.69, 45.79, 43.59, 42.11, 42.89, 36.29]
2025-04-17 21:30:39,479 [trainer.py] => NME [Clipart] top5 curve: [100.0, 92.14, 88.83, 86.1, 83.05, 81.22, 76.37, 73.83, 71.38, 66.32, 64.34, 63.47]
2025-04-17 21:30:39,479 [trainer.py] => Average Accuracy [Clipart] (CNN): 54.928333333333335
2025-04-17 21:30:39,479 [trainer.py] => Average Accuracy [Clipart] (NME): 55.38166666666667
2025-04-17 21:30:39,479 [trainer.py] => CNN [Product]: {'total': 21.17, '00-04': 22.35, '05-09': 18.75, '10-14': 35.48, '15-19': 12.99, '20-24': 6.56, '25-29': 13.92, '30-34': 5.97, '35-39': 9.09, '40-44': 25.71, '45-49': 25.35, '50-54': 30.77, '55-59': 53.45, 'old': 18.77, 'new': 53.45}
2025-04-17 21:30:39,480 [trainer.py] => NME [Product]: {'total': 24.38, '00-04': 22.35, '05-09': 18.75, '10-14': 37.1, '15-19': 15.58, '20-24': 19.67, '25-29': 18.99, '30-34': 10.45, '35-39': 15.15, '40-44': 28.57, '45-49': 28.17, '50-54': 32.31, '55-59': 53.45, 'old': 22.22, 'new': 53.45}
2025-04-17 21:30:39,480 [trainer.py] => CNN [Product] top1 curve: [70.59, 54.55, 53.74, 46.71, 43.29, 37.84, 34.83, 30.33, 29.98, 26.6, 24.01, 21.17]
2025-04-17 21:30:39,480 [trainer.py] => CNN [Product] top5 curve: [100.0, 88.48, 85.02, 76.32, 75.62, 72.07, 66.73, 64.47, 58.11, 55.43, 54.79, 49.58]
2025-04-17 21:30:39,480 [trainer.py] => NME [Product] top1 curve: [74.12, 53.94, 55.07, 47.04, 46.58, 40.32, 35.62, 33.45, 32.46, 27.3, 24.14, 24.38]
2025-04-17 21:30:39,480 [trainer.py] => NME [Product] top5 curve: [100.0, 92.73, 88.55, 81.25, 75.34, 72.52, 67.71, 64.12, 59.35, 54.46, 53.13, 48.63]
2025-04-17 21:30:39,480 [trainer.py] => Average Accuracy [Product] (CNN): 39.47
2025-04-17 21:30:39,480 [trainer.py] => Average Accuracy [Product] (NME): 41.20166666666667
2025-04-17 21:30:39,480 [trainer.py] => CNN [Real World]: {'total': 29.95, '00-04': 31.51, '05-09': 38.24, '10-14': 13.89, '15-19': 16.42, '20-24': 4.62, '25-29': 36.36, '30-34': 21.33, '35-39': 13.56, '40-44': 28.12, '45-49': 33.33, '50-54': 55.13, '55-59': 56.41, 'old': 27.27, 'new': 56.41}
2025-04-17 21:30:39,480 [trainer.py] => NME [Real World]: {'total': 32.08, '00-04': 34.25, '05-09': 36.76, '10-14': 19.44, '15-19': 17.91, '20-24': 4.62, '25-29': 33.77, '30-34': 28.0, '35-39': 22.03, '40-44': 29.69, '45-49': 34.72, '50-54': 62.82, '55-59': 51.28, 'old': 30.13, 'new': 51.28}
2025-04-17 21:30:39,480 [trainer.py] => CNN [Real World] top1 curve: [68.49, 68.09, 58.69, 53.93, 46.67, 43.84, 43.86, 40.83, 37.58, 32.37, 32.99, 29.95]
2025-04-17 21:30:39,480 [trainer.py] => CNN [Real World] top5 curve: [100.0, 91.49, 85.92, 83.21, 78.26, 75.12, 71.03, 71.58, 65.81, 63.29, 62.08, 58.02]
2025-04-17 21:30:39,480 [trainer.py] => NME [Real World] top1 curve: [68.49, 67.38, 58.69, 54.64, 49.28, 46.45, 45.67, 41.01, 41.13, 33.24, 36.1, 32.08]
2025-04-17 21:30:39,480 [trainer.py] => NME [Real World] top5 curve: [100.0, 94.33, 86.85, 82.14, 79.13, 76.3, 71.23, 70.32, 65.0, 62.28, 61.82, 57.43]
2025-04-17 21:30:39,480 [trainer.py] => Average Accuracy [Real World] (CNN): 46.44083333333333
2025-04-17 21:30:39,480 [trainer.py] => Average Accuracy [Real World] (NME): 47.846666666666664
2025-04-17 21:30:39,480 [trainer.py] => NME Harmonic Mean : 26.5539
2025-04-17 21:30:39,480 [trainer.py] => NME Macro Mean : 27.9600
2025-04-17 21:30:39,480 [trainer.py] => CNN Harmonic Mean : 23.9309
2025-04-17 21:30:39,480 [trainer.py] => CNN Macro Mean : 25.9325
2025-04-17 21:30:39,481 [trainer.py] => All params: 21320582
2025-04-17 21:30:39,481 [trainer.py] => Trainable params: 21320582
2025-04-17 21:30:39,482 [icarl.py] => Learning on 60-65
2025-04-17 21:30:55,917 [icarl.py] => Task 12, Epoch 1/200 => Loss 4.108, Loss_clf 1.572, Loss_kd 2.535, Train_accy 60.22, Test_accy {'Art': 7.89, 'Clipart': 14.67, 'Real World': 12.25, 'Product': 6.56}
2025-04-17 21:31:01,413 [icarl.py] => Task 12, Epoch 2/200 => Loss 5.151, Loss_clf 2.081, Loss_kd 3.070, Train_accy 43.65
2025-04-17 21:31:07,067 [icarl.py] => Task 12, Epoch 3/200 => Loss 5.299, Loss_clf 2.165, Loss_kd 3.134, Train_accy 40.22
2025-04-17 21:31:12,377 [icarl.py] => Task 12, Epoch 4/200 => Loss 4.632, Loss_clf 1.690, Loss_kd 2.942, Train_accy 51.55
2025-04-17 21:31:17,999 [icarl.py] => Task 12, Epoch 5/200 => Loss 4.202, Loss_clf 1.401, Loss_kd 2.801, Train_accy 58.34
2025-04-17 21:31:23,489 [icarl.py] => Task 12, Epoch 6/200 => Loss 3.926, Loss_clf 1.203, Loss_kd 2.723, Train_accy 66.91
2025-04-17 21:31:29,144 [icarl.py] => Task 12, Epoch 7/200 => Loss 3.695, Loss_clf 1.060, Loss_kd 2.636, Train_accy 69.78
2025-04-17 21:31:34,668 [icarl.py] => Task 12, Epoch 8/200 => Loss 3.465, Loss_clf 0.874, Loss_kd 2.591, Train_accy 74.48
2025-04-17 21:31:40,146 [icarl.py] => Task 12, Epoch 9/200 => Loss 3.368, Loss_clf 0.805, Loss_kd 2.563, Train_accy 77.57
2025-04-17 21:31:45,759 [icarl.py] => Task 12, Epoch 10/200 => Loss 3.189, Loss_clf 0.674, Loss_kd 2.515, Train_accy 80.33
2025-04-17 21:31:51,073 [icarl.py] => Task 12, Epoch 11/200 => Loss 3.228, Loss_clf 0.697, Loss_kd 2.531, Train_accy 80.28
2025-04-17 21:31:56,316 [icarl.py] => Task 12, Epoch 12/200 => Loss 3.130, Loss_clf 0.625, Loss_kd 2.505, Train_accy 82.82
2025-04-17 21:32:01,664 [icarl.py] => Task 12, Epoch 13/200 => Loss 3.032, Loss_clf 0.575, Loss_kd 2.457, Train_accy 83.98
2025-04-17 21:32:07,156 [icarl.py] => Task 12, Epoch 14/200 => Loss 3.056, Loss_clf 0.584, Loss_kd 2.472, Train_accy 83.87
2025-04-17 21:32:12,806 [icarl.py] => Task 12, Epoch 15/200 => Loss 2.894, Loss_clf 0.462, Loss_kd 2.432, Train_accy 86.80
2025-04-17 21:32:18,541 [icarl.py] => Task 12, Epoch 16/200 => Loss 2.900, Loss_clf 0.479, Loss_kd 2.421, Train_accy 87.24
2025-04-17 21:32:23,817 [icarl.py] => Task 12, Epoch 17/200 => Loss 2.848, Loss_clf 0.435, Loss_kd 2.413, Train_accy 87.46
2025-04-17 21:32:29,389 [icarl.py] => Task 12, Epoch 18/200 => Loss 2.854, Loss_clf 0.454, Loss_kd 2.400, Train_accy 88.23
2025-04-17 21:32:34,840 [icarl.py] => Task 12, Epoch 19/200 => Loss 2.767, Loss_clf 0.394, Loss_kd 2.374, Train_accy 89.17
2025-04-17 21:32:40,836 [icarl.py] => Task 12, Epoch 20/200 => Loss 2.762, Loss_clf 0.359, Loss_kd 2.403, Train_accy 90.39
2025-04-17 21:32:57,900 [icarl.py] => Task 12, Epoch 21/200 => Loss 2.659, Loss_clf 0.310, Loss_kd 2.349, Train_accy 91.60, Test_accy {'Art': 12.43, 'Clipart': 30.46, 'Real World': 22.27, 'Product': 18.8}
2025-04-17 21:33:03,539 [icarl.py] => Task 12, Epoch 22/200 => Loss 2.624, Loss_clf 0.286, Loss_kd 2.338, Train_accy 91.55
2025-04-17 21:33:08,992 [icarl.py] => Task 12, Epoch 23/200 => Loss 2.656, Loss_clf 0.287, Loss_kd 2.368, Train_accy 92.49
2025-04-17 21:33:14,826 [icarl.py] => Task 12, Epoch 24/200 => Loss 2.601, Loss_clf 0.264, Loss_kd 2.338, Train_accy 93.04
2025-04-17 21:33:20,346 [icarl.py] => Task 12, Epoch 25/200 => Loss 2.660, Loss_clf 0.308, Loss_kd 2.352, Train_accy 92.32
2025-04-17 21:33:25,723 [icarl.py] => Task 12, Epoch 26/200 => Loss 2.566, Loss_clf 0.255, Loss_kd 2.311, Train_accy 93.26
2025-04-17 21:33:31,191 [icarl.py] => Task 12, Epoch 27/200 => Loss 2.584, Loss_clf 0.284, Loss_kd 2.300, Train_accy 92.98
2025-04-17 21:33:36,841 [icarl.py] => Task 12, Epoch 28/200 => Loss 2.550, Loss_clf 0.232, Loss_kd 2.317, Train_accy 94.09
2025-04-17 21:33:42,589 [icarl.py] => Task 12, Epoch 29/200 => Loss 2.557, Loss_clf 0.235, Loss_kd 2.321, Train_accy 93.98
2025-04-17 21:33:48,046 [icarl.py] => Task 12, Epoch 30/200 => Loss 2.597, Loss_clf 0.284, Loss_kd 2.313, Train_accy 93.20
2025-04-17 21:33:53,809 [icarl.py] => Task 12, Epoch 31/200 => Loss 2.593, Loss_clf 0.260, Loss_kd 2.333, Train_accy 93.15
2025-04-17 21:33:59,203 [icarl.py] => Task 12, Epoch 32/200 => Loss 2.557, Loss_clf 0.244, Loss_kd 2.313, Train_accy 94.25
2025-04-17 21:34:04,915 [icarl.py] => Task 12, Epoch 33/200 => Loss 2.528, Loss_clf 0.212, Loss_kd 2.316, Train_accy 94.92
2025-04-17 21:34:10,229 [icarl.py] => Task 12, Epoch 34/200 => Loss 2.541, Loss_clf 0.239, Loss_kd 2.303, Train_accy 93.98
2025-04-17 21:34:15,837 [icarl.py] => Task 12, Epoch 35/200 => Loss 2.503, Loss_clf 0.210, Loss_kd 2.293, Train_accy 94.81
2025-04-17 21:34:21,407 [icarl.py] => Task 12, Epoch 36/200 => Loss 2.504, Loss_clf 0.214, Loss_kd 2.290, Train_accy 94.64
2025-04-17 21:34:27,248 [icarl.py] => Task 12, Epoch 37/200 => Loss 2.503, Loss_clf 0.207, Loss_kd 2.297, Train_accy 95.25
2025-04-17 21:34:32,877 [icarl.py] => Task 12, Epoch 38/200 => Loss 2.544, Loss_clf 0.233, Loss_kd 2.311, Train_accy 94.09
2025-04-17 21:34:38,546 [icarl.py] => Task 12, Epoch 39/200 => Loss 2.496, Loss_clf 0.213, Loss_kd 2.283, Train_accy 94.86
2025-04-17 21:34:44,104 [icarl.py] => Task 12, Epoch 40/200 => Loss 2.525, Loss_clf 0.228, Loss_kd 2.297, Train_accy 94.31
2025-04-17 21:35:00,839 [icarl.py] => Task 12, Epoch 41/200 => Loss 2.520, Loss_clf 0.217, Loss_kd 2.303, Train_accy 94.59, Test_accy {'Art': 15.38, 'Clipart': 31.69, 'Real World': 26.5, 'Product': 20.98}
2025-04-17 21:35:06,505 [icarl.py] => Task 12, Epoch 42/200 => Loss 2.457, Loss_clf 0.174, Loss_kd 2.283, Train_accy 95.80
2025-04-17 21:35:12,289 [icarl.py] => Task 12, Epoch 43/200 => Loss 2.464, Loss_clf 0.175, Loss_kd 2.290, Train_accy 95.52
2025-04-17 21:35:17,784 [icarl.py] => Task 12, Epoch 44/200 => Loss 2.456, Loss_clf 0.179, Loss_kd 2.277, Train_accy 95.36
2025-04-17 21:35:23,339 [icarl.py] => Task 12, Epoch 45/200 => Loss 2.487, Loss_clf 0.194, Loss_kd 2.293, Train_accy 95.14
2025-04-17 21:35:28,578 [icarl.py] => Task 12, Epoch 46/200 => Loss 2.485, Loss_clf 0.193, Loss_kd 2.292, Train_accy 95.30
2025-04-17 21:35:34,314 [icarl.py] => Task 12, Epoch 47/200 => Loss 2.478, Loss_clf 0.181, Loss_kd 2.297, Train_accy 95.75
2025-04-17 21:35:40,024 [icarl.py] => Task 12, Epoch 48/200 => Loss 2.481, Loss_clf 0.179, Loss_kd 2.303, Train_accy 95.41
2025-04-17 21:35:45,304 [icarl.py] => Task 12, Epoch 49/200 => Loss 2.459, Loss_clf 0.187, Loss_kd 2.272, Train_accy 95.86
2025-04-17 21:35:50,744 [icarl.py] => Task 12, Epoch 50/200 => Loss 2.468, Loss_clf 0.183, Loss_kd 2.285, Train_accy 95.08
2025-04-17 21:35:56,156 [icarl.py] => Task 12, Epoch 51/200 => Loss 2.410, Loss_clf 0.160, Loss_kd 2.249, Train_accy 95.86
2025-04-17 21:36:01,481 [icarl.py] => Task 12, Epoch 52/200 => Loss 2.430, Loss_clf 0.171, Loss_kd 2.259, Train_accy 96.19
2025-04-17 21:36:06,828 [icarl.py] => Task 12, Epoch 53/200 => Loss 2.438, Loss_clf 0.164, Loss_kd 2.274, Train_accy 96.08
2025-04-17 21:36:12,266 [icarl.py] => Task 12, Epoch 54/200 => Loss 2.419, Loss_clf 0.180, Loss_kd 2.239, Train_accy 95.75
2025-04-17 21:36:17,617 [icarl.py] => Task 12, Epoch 55/200 => Loss 2.460, Loss_clf 0.181, Loss_kd 2.279, Train_accy 95.47
2025-04-17 21:36:22,838 [icarl.py] => Task 12, Epoch 56/200 => Loss 2.448, Loss_clf 0.183, Loss_kd 2.265, Train_accy 95.52
2025-04-17 21:36:28,356 [icarl.py] => Task 12, Epoch 57/200 => Loss 2.445, Loss_clf 0.162, Loss_kd 2.283, Train_accy 96.57
2025-04-17 21:36:33,788 [icarl.py] => Task 12, Epoch 58/200 => Loss 2.378, Loss_clf 0.149, Loss_kd 2.229, Train_accy 96.08
2025-04-17 21:36:39,159 [icarl.py] => Task 12, Epoch 59/200 => Loss 2.426, Loss_clf 0.163, Loss_kd 2.262, Train_accy 96.24
2025-04-17 21:36:44,836 [icarl.py] => Task 12, Epoch 60/200 => Loss 2.426, Loss_clf 0.159, Loss_kd 2.267, Train_accy 96.02
2025-04-17 21:37:01,642 [icarl.py] => Task 12, Epoch 61/200 => Loss 2.417, Loss_clf 0.158, Loss_kd 2.259, Train_accy 96.02, Test_accy {'Art': 15.98, 'Clipart': 33.93, 'Real World': 25.5, 'Product': 20.87}
2025-04-17 21:37:07,323 [icarl.py] => Task 12, Epoch 62/200 => Loss 2.356, Loss_clf 0.127, Loss_kd 2.229, Train_accy 97.35
2025-04-17 21:37:12,808 [icarl.py] => Task 12, Epoch 63/200 => Loss 2.358, Loss_clf 0.120, Loss_kd 2.238, Train_accy 97.40
2025-04-17 21:37:18,618 [icarl.py] => Task 12, Epoch 64/200 => Loss 2.383, Loss_clf 0.145, Loss_kd 2.238, Train_accy 96.80
2025-04-17 21:37:24,199 [icarl.py] => Task 12, Epoch 65/200 => Loss 2.343, Loss_clf 0.129, Loss_kd 2.214, Train_accy 96.91
2025-04-17 21:37:29,970 [icarl.py] => Task 12, Epoch 66/200 => Loss 2.328, Loss_clf 0.099, Loss_kd 2.229, Train_accy 98.07
2025-04-17 21:37:35,546 [icarl.py] => Task 12, Epoch 67/200 => Loss 2.382, Loss_clf 0.131, Loss_kd 2.251, Train_accy 97.02
2025-04-17 21:37:40,953 [icarl.py] => Task 12, Epoch 68/200 => Loss 2.347, Loss_clf 0.121, Loss_kd 2.226, Train_accy 97.07
2025-04-17 21:37:46,750 [icarl.py] => Task 12, Epoch 69/200 => Loss 2.375, Loss_clf 0.153, Loss_kd 2.222, Train_accy 96.46
2025-04-17 21:37:52,346 [icarl.py] => Task 12, Epoch 70/200 => Loss 2.394, Loss_clf 0.122, Loss_kd 2.272, Train_accy 97.18
2025-04-17 21:37:57,881 [icarl.py] => Task 12, Epoch 71/200 => Loss 2.360, Loss_clf 0.112, Loss_kd 2.248, Train_accy 97.40
2025-04-17 21:38:03,423 [icarl.py] => Task 12, Epoch 72/200 => Loss 2.332, Loss_clf 0.111, Loss_kd 2.222, Train_accy 97.90
2025-04-17 21:38:08,884 [icarl.py] => Task 12, Epoch 73/200 => Loss 2.374, Loss_clf 0.137, Loss_kd 2.237, Train_accy 96.46
2025-04-17 21:38:14,240 [icarl.py] => Task 12, Epoch 74/200 => Loss 2.345, Loss_clf 0.124, Loss_kd 2.221, Train_accy 97.40
2025-04-17 21:38:19,921 [icarl.py] => Task 12, Epoch 75/200 => Loss 2.331, Loss_clf 0.113, Loss_kd 2.218, Train_accy 97.40
2025-04-17 21:38:25,508 [icarl.py] => Task 12, Epoch 76/200 => Loss 2.345, Loss_clf 0.112, Loss_kd 2.233, Train_accy 97.46
2025-04-17 21:38:30,859 [icarl.py] => Task 12, Epoch 77/200 => Loss 2.344, Loss_clf 0.110, Loss_kd 2.234, Train_accy 97.46
2025-04-17 21:38:36,556 [icarl.py] => Task 12, Epoch 78/200 => Loss 2.323, Loss_clf 0.119, Loss_kd 2.203, Train_accy 97.18
2025-04-17 21:38:41,915 [icarl.py] => Task 12, Epoch 79/200 => Loss 2.314, Loss_clf 0.106, Loss_kd 2.208, Train_accy 97.73
2025-04-17 21:38:47,463 [icarl.py] => Task 12, Epoch 80/200 => Loss 2.423, Loss_clf 0.141, Loss_kd 2.282, Train_accy 96.96
2025-04-17 21:39:04,259 [icarl.py] => Task 12, Epoch 81/200 => Loss 2.302, Loss_clf 0.111, Loss_kd 2.191, Train_accy 97.62, Test_accy {'Art': 17.36, 'Clipart': 30.57, 'Real World': 24.05, 'Product': 19.45}
2025-04-17 21:39:09,769 [icarl.py] => Task 12, Epoch 82/200 => Loss 2.354, Loss_clf 0.108, Loss_kd 2.246, Train_accy 97.96
2025-04-17 21:39:15,206 [icarl.py] => Task 12, Epoch 83/200 => Loss 2.327, Loss_clf 0.119, Loss_kd 2.208, Train_accy 97.62
2025-04-17 21:39:20,515 [icarl.py] => Task 12, Epoch 84/200 => Loss 2.345, Loss_clf 0.107, Loss_kd 2.238, Train_accy 97.13
2025-04-17 21:39:26,250 [icarl.py] => Task 12, Epoch 85/200 => Loss 2.342, Loss_clf 0.119, Loss_kd 2.223, Train_accy 97.51
2025-04-17 21:39:31,713 [icarl.py] => Task 12, Epoch 86/200 => Loss 2.363, Loss_clf 0.117, Loss_kd 2.247, Train_accy 97.85
2025-04-17 21:39:37,079 [icarl.py] => Task 12, Epoch 87/200 => Loss 2.325, Loss_clf 0.112, Loss_kd 2.213, Train_accy 97.35
2025-04-17 21:39:42,825 [icarl.py] => Task 12, Epoch 88/200 => Loss 2.337, Loss_clf 0.112, Loss_kd 2.225, Train_accy 97.18
2025-04-17 21:39:48,460 [icarl.py] => Task 12, Epoch 89/200 => Loss 2.324, Loss_clf 0.103, Loss_kd 2.221, Train_accy 97.85
2025-04-17 21:39:54,005 [icarl.py] => Task 12, Epoch 90/200 => Loss 2.289, Loss_clf 0.100, Loss_kd 2.189, Train_accy 97.90
2025-04-17 21:39:59,599 [icarl.py] => Task 12, Epoch 91/200 => Loss 2.302, Loss_clf 0.101, Loss_kd 2.201, Train_accy 98.07
2025-04-17 21:40:05,023 [icarl.py] => Task 12, Epoch 92/200 => Loss 2.284, Loss_clf 0.089, Loss_kd 2.195, Train_accy 98.23
2025-04-17 21:40:10,665 [icarl.py] => Task 12, Epoch 93/200 => Loss 2.350, Loss_clf 0.114, Loss_kd 2.236, Train_accy 97.24
2025-04-17 21:40:16,395 [icarl.py] => Task 12, Epoch 94/200 => Loss 2.302, Loss_clf 0.089, Loss_kd 2.213, Train_accy 98.07
2025-04-17 21:40:21,881 [icarl.py] => Task 12, Epoch 95/200 => Loss 2.304, Loss_clf 0.094, Loss_kd 2.210, Train_accy 98.18
2025-04-17 21:40:27,306 [icarl.py] => Task 12, Epoch 96/200 => Loss 2.288, Loss_clf 0.078, Loss_kd 2.210, Train_accy 98.56
2025-04-17 21:40:32,939 [icarl.py] => Task 12, Epoch 97/200 => Loss 2.322, Loss_clf 0.102, Loss_kd 2.220, Train_accy 97.79
2025-04-17 21:40:38,357 [icarl.py] => Task 12, Epoch 98/200 => Loss 2.299, Loss_clf 0.084, Loss_kd 2.215, Train_accy 97.96
2025-04-17 21:40:44,196 [icarl.py] => Task 12, Epoch 99/200 => Loss 2.249, Loss_clf 0.074, Loss_kd 2.175, Train_accy 98.51
2025-04-17 21:40:49,528 [icarl.py] => Task 12, Epoch 100/200 => Loss 2.304, Loss_clf 0.091, Loss_kd 2.213, Train_accy 98.12
2025-04-17 21:41:06,186 [icarl.py] => Task 12, Epoch 101/200 => Loss 2.308, Loss_clf 0.084, Loss_kd 2.225, Train_accy 98.29, Test_accy {'Art': 16.17, 'Clipart': 32.47, 'Real World': 25.72, 'Product': 20.77}
2025-04-17 21:41:11,781 [icarl.py] => Task 12, Epoch 102/200 => Loss 2.305, Loss_clf 0.091, Loss_kd 2.215, Train_accy 98.12
2025-04-17 21:41:17,159 [icarl.py] => Task 12, Epoch 103/200 => Loss 2.265, Loss_clf 0.072, Loss_kd 2.193, Train_accy 98.51
2025-04-17 21:41:22,460 [icarl.py] => Task 12, Epoch 104/200 => Loss 2.276, Loss_clf 0.075, Loss_kd 2.201, Train_accy 98.56
2025-04-17 21:41:27,720 [icarl.py] => Task 12, Epoch 105/200 => Loss 2.277, Loss_clf 0.080, Loss_kd 2.197, Train_accy 98.29
2025-04-17 21:41:33,082 [icarl.py] => Task 12, Epoch 106/200 => Loss 2.254, Loss_clf 0.066, Loss_kd 2.188, Train_accy 98.62
2025-04-17 21:41:38,422 [icarl.py] => Task 12, Epoch 107/200 => Loss 2.259, Loss_clf 0.080, Loss_kd 2.178, Train_accy 98.34
2025-04-17 21:41:43,879 [icarl.py] => Task 12, Epoch 108/200 => Loss 2.277, Loss_clf 0.082, Loss_kd 2.195, Train_accy 98.56
2025-04-17 21:41:49,724 [icarl.py] => Task 12, Epoch 109/200 => Loss 2.300, Loss_clf 0.094, Loss_kd 2.206, Train_accy 98.23
2025-04-17 21:41:55,318 [icarl.py] => Task 12, Epoch 110/200 => Loss 2.244, Loss_clf 0.072, Loss_kd 2.173, Train_accy 98.73
2025-04-17 21:42:00,822 [icarl.py] => Task 12, Epoch 111/200 => Loss 2.259, Loss_clf 0.079, Loss_kd 2.180, Train_accy 98.23
2025-04-17 21:42:06,166 [icarl.py] => Task 12, Epoch 112/200 => Loss 2.286, Loss_clf 0.082, Loss_kd 2.205, Train_accy 98.34
2025-04-17 21:42:11,773 [icarl.py] => Task 12, Epoch 113/200 => Loss 2.256, Loss_clf 0.075, Loss_kd 2.181, Train_accy 98.51
2025-04-17 21:42:17,116 [icarl.py] => Task 12, Epoch 114/200 => Loss 2.257, Loss_clf 0.072, Loss_kd 2.185, Train_accy 98.34
2025-04-17 21:42:22,604 [icarl.py] => Task 12, Epoch 115/200 => Loss 2.266, Loss_clf 0.069, Loss_kd 2.197, Train_accy 99.06
2025-04-17 21:42:28,157 [icarl.py] => Task 12, Epoch 116/200 => Loss 2.253, Loss_clf 0.081, Loss_kd 2.173, Train_accy 98.45
2025-04-17 21:42:33,576 [icarl.py] => Task 12, Epoch 117/200 => Loss 2.285, Loss_clf 0.083, Loss_kd 2.201, Train_accy 98.67
2025-04-17 21:42:38,949 [icarl.py] => Task 12, Epoch 118/200 => Loss 2.233, Loss_clf 0.067, Loss_kd 2.166, Train_accy 98.84
2025-04-17 21:42:44,440 [icarl.py] => Task 12, Epoch 119/200 => Loss 2.237, Loss_clf 0.066, Loss_kd 2.172, Train_accy 98.95
2025-04-17 21:42:50,248 [icarl.py] => Task 12, Epoch 120/200 => Loss 2.269, Loss_clf 0.069, Loss_kd 2.200, Train_accy 98.67
2025-04-17 21:43:07,132 [icarl.py] => Task 12, Epoch 121/200 => Loss 2.250, Loss_clf 0.063, Loss_kd 2.186, Train_accy 98.73, Test_accy {'Art': 19.72, 'Clipart': 33.82, 'Real World': 26.84, 'Product': 21.64}
2025-04-17 21:43:12,646 [icarl.py] => Task 12, Epoch 122/200 => Loss 2.242, Loss_clf 0.061, Loss_kd 2.181, Train_accy 98.90
2025-04-17 21:43:18,005 [icarl.py] => Task 12, Epoch 123/200 => Loss 2.262, Loss_clf 0.076, Loss_kd 2.185, Train_accy 98.45
2025-04-17 21:43:23,459 [icarl.py] => Task 12, Epoch 124/200 => Loss 2.259, Loss_clf 0.062, Loss_kd 2.197, Train_accy 98.78
2025-04-17 21:43:29,007 [icarl.py] => Task 12, Epoch 125/200 => Loss 2.248, Loss_clf 0.064, Loss_kd 2.184, Train_accy 99.06
2025-04-17 21:43:34,700 [icarl.py] => Task 12, Epoch 126/200 => Loss 2.239, Loss_clf 0.056, Loss_kd 2.183, Train_accy 98.84
2025-04-17 21:43:40,237 [icarl.py] => Task 12, Epoch 127/200 => Loss 2.245, Loss_clf 0.054, Loss_kd 2.192, Train_accy 99.06
2025-04-17 21:43:45,681 [icarl.py] => Task 12, Epoch 128/200 => Loss 2.280, Loss_clf 0.064, Loss_kd 2.217, Train_accy 98.95
2025-04-17 21:43:51,204 [icarl.py] => Task 12, Epoch 129/200 => Loss 2.253, Loss_clf 0.056, Loss_kd 2.198, Train_accy 99.23
2025-04-17 21:43:56,656 [icarl.py] => Task 12, Epoch 130/200 => Loss 2.261, Loss_clf 0.061, Loss_kd 2.201, Train_accy 99.01
2025-04-17 21:44:02,184 [icarl.py] => Task 12, Epoch 131/200 => Loss 2.257, Loss_clf 0.068, Loss_kd 2.189, Train_accy 98.78
2025-04-17 21:44:07,544 [icarl.py] => Task 12, Epoch 132/200 => Loss 2.254, Loss_clf 0.064, Loss_kd 2.189, Train_accy 98.67
2025-04-17 21:44:13,389 [icarl.py] => Task 12, Epoch 133/200 => Loss 2.237, Loss_clf 0.051, Loss_kd 2.186, Train_accy 99.28
2025-04-17 21:44:18,951 [icarl.py] => Task 12, Epoch 134/200 => Loss 2.260, Loss_clf 0.059, Loss_kd 2.201, Train_accy 99.12
2025-04-17 21:44:24,554 [icarl.py] => Task 12, Epoch 135/200 => Loss 2.252, Loss_clf 0.055, Loss_kd 2.197, Train_accy 99.17
2025-04-17 21:44:29,831 [icarl.py] => Task 12, Epoch 136/200 => Loss 2.251, Loss_clf 0.082, Loss_kd 2.169, Train_accy 98.78
2025-04-17 21:44:35,194 [icarl.py] => Task 12, Epoch 137/200 => Loss 2.242, Loss_clf 0.065, Loss_kd 2.178, Train_accy 98.67
2025-04-17 21:44:40,507 [icarl.py] => Task 12, Epoch 138/200 => Loss 2.224, Loss_clf 0.045, Loss_kd 2.179, Train_accy 99.39
2025-04-17 21:44:46,037 [icarl.py] => Task 12, Epoch 139/200 => Loss 2.241, Loss_clf 0.057, Loss_kd 2.184, Train_accy 99.23
2025-04-17 21:44:51,514 [icarl.py] => Task 12, Epoch 140/200 => Loss 2.236, Loss_clf 0.052, Loss_kd 2.184, Train_accy 99.45
2025-04-17 21:45:08,033 [icarl.py] => Task 12, Epoch 141/200 => Loss 2.219, Loss_clf 0.056, Loss_kd 2.163, Train_accy 99.12, Test_accy {'Art': 16.37, 'Clipart': 33.71, 'Real World': 26.73, 'Product': 22.3}
2025-04-17 21:45:13,523 [icarl.py] => Task 12, Epoch 142/200 => Loss 2.223, Loss_clf 0.051, Loss_kd 2.172, Train_accy 99.12
2025-04-17 21:45:18,886 [icarl.py] => Task 12, Epoch 143/200 => Loss 2.198, Loss_clf 0.044, Loss_kd 2.153, Train_accy 99.17
2025-04-17 21:45:24,241 [icarl.py] => Task 12, Epoch 144/200 => Loss 2.247, Loss_clf 0.059, Loss_kd 2.188, Train_accy 98.90
2025-04-17 21:45:29,871 [icarl.py] => Task 12, Epoch 145/200 => Loss 2.202, Loss_clf 0.046, Loss_kd 2.156, Train_accy 99.23
2025-04-17 21:45:35,678 [icarl.py] => Task 12, Epoch 146/200 => Loss 2.228, Loss_clf 0.056, Loss_kd 2.172, Train_accy 98.78
2025-04-17 21:45:41,151 [icarl.py] => Task 12, Epoch 147/200 => Loss 2.229, Loss_clf 0.058, Loss_kd 2.171, Train_accy 98.84
2025-04-17 21:45:46,461 [icarl.py] => Task 12, Epoch 148/200 => Loss 2.253, Loss_clf 0.063, Loss_kd 2.190, Train_accy 98.78
2025-04-17 21:45:51,749 [icarl.py] => Task 12, Epoch 149/200 => Loss 2.209, Loss_clf 0.054, Loss_kd 2.155, Train_accy 99.12
2025-04-17 21:45:57,044 [icarl.py] => Task 12, Epoch 150/200 => Loss 2.232, Loss_clf 0.053, Loss_kd 2.178, Train_accy 99.12
2025-04-17 21:46:02,336 [icarl.py] => Task 12, Epoch 151/200 => Loss 2.240, Loss_clf 0.054, Loss_kd 2.186, Train_accy 99.23
2025-04-17 21:46:07,868 [icarl.py] => Task 12, Epoch 152/200 => Loss 2.218, Loss_clf 0.048, Loss_kd 2.170, Train_accy 99.34
2025-04-17 21:46:13,261 [icarl.py] => Task 12, Epoch 153/200 => Loss 2.210, Loss_clf 0.046, Loss_kd 2.165, Train_accy 99.45
2025-04-17 21:46:18,700 [icarl.py] => Task 12, Epoch 154/200 => Loss 2.229, Loss_clf 0.046, Loss_kd 2.183, Train_accy 99.34
2025-04-17 21:46:24,212 [icarl.py] => Task 12, Epoch 155/200 => Loss 2.238, Loss_clf 0.062, Loss_kd 2.176, Train_accy 98.73
2025-04-17 21:46:29,930 [icarl.py] => Task 12, Epoch 156/200 => Loss 2.230, Loss_clf 0.037, Loss_kd 2.193, Train_accy 99.72
2025-04-17 21:46:35,607 [icarl.py] => Task 12, Epoch 157/200 => Loss 2.198, Loss_clf 0.046, Loss_kd 2.151, Train_accy 99.39
2025-04-17 21:46:41,146 [icarl.py] => Task 12, Epoch 158/200 => Loss 2.227, Loss_clf 0.052, Loss_kd 2.175, Train_accy 99.34
2025-04-17 21:46:46,656 [icarl.py] => Task 12, Epoch 159/200 => Loss 2.248, Loss_clf 0.057, Loss_kd 2.191, Train_accy 99.23
2025-04-17 21:46:52,075 [icarl.py] => Task 12, Epoch 160/200 => Loss 2.222, Loss_clf 0.059, Loss_kd 2.163, Train_accy 98.78
2025-04-17 21:47:09,071 [icarl.py] => Task 12, Epoch 161/200 => Loss 2.224, Loss_clf 0.053, Loss_kd 2.171, Train_accy 99.12, Test_accy {'Art': 17.75, 'Clipart': 34.27, 'Real World': 27.17, 'Product': 21.86}
2025-04-17 21:47:14,856 [icarl.py] => Task 12, Epoch 162/200 => Loss 2.224, Loss_clf 0.047, Loss_kd 2.177, Train_accy 99.28
2025-04-17 21:47:20,213 [icarl.py] => Task 12, Epoch 163/200 => Loss 2.230, Loss_clf 0.051, Loss_kd 2.179, Train_accy 99.39
2025-04-17 21:47:25,642 [icarl.py] => Task 12, Epoch 164/200 => Loss 2.217, Loss_clf 0.051, Loss_kd 2.166, Train_accy 99.17
2025-04-17 21:47:31,080 [icarl.py] => Task 12, Epoch 165/200 => Loss 2.245, Loss_clf 0.062, Loss_kd 2.183, Train_accy 98.62
2025-04-17 21:47:36,503 [icarl.py] => Task 12, Epoch 166/200 => Loss 2.175, Loss_clf 0.044, Loss_kd 2.131, Train_accy 99.34
2025-04-17 21:47:41,947 [icarl.py] => Task 12, Epoch 167/200 => Loss 2.192, Loss_clf 0.044, Loss_kd 2.148, Train_accy 99.34
2025-04-17 21:47:47,671 [icarl.py] => Task 12, Epoch 168/200 => Loss 2.285, Loss_clf 0.071, Loss_kd 2.214, Train_accy 98.73
2025-04-17 21:47:53,207 [icarl.py] => Task 12, Epoch 169/200 => Loss 2.225, Loss_clf 0.060, Loss_kd 2.165, Train_accy 98.95
2025-04-17 21:47:58,570 [icarl.py] => Task 12, Epoch 170/200 => Loss 2.208, Loss_clf 0.041, Loss_kd 2.167, Train_accy 99.34
2025-04-17 21:48:04,077 [icarl.py] => Task 12, Epoch 171/200 => Loss 2.195, Loss_clf 0.044, Loss_kd 2.150, Train_accy 99.34
2025-04-17 21:48:09,600 [icarl.py] => Task 12, Epoch 172/200 => Loss 2.250, Loss_clf 0.050, Loss_kd 2.199, Train_accy 99.34
2025-04-17 21:48:14,963 [icarl.py] => Task 12, Epoch 173/200 => Loss 2.247, Loss_clf 0.060, Loss_kd 2.188, Train_accy 98.84
2025-04-17 21:48:20,707 [icarl.py] => Task 12, Epoch 174/200 => Loss 2.207, Loss_clf 0.050, Loss_kd 2.157, Train_accy 99.23
2025-04-17 21:48:26,445 [icarl.py] => Task 12, Epoch 175/200 => Loss 2.230, Loss_clf 0.051, Loss_kd 2.179, Train_accy 99.39
2025-04-17 21:48:32,165 [icarl.py] => Task 12, Epoch 176/200 => Loss 2.218, Loss_clf 0.048, Loss_kd 2.170, Train_accy 99.28
2025-04-17 21:48:37,572 [icarl.py] => Task 12, Epoch 177/200 => Loss 2.221, Loss_clf 0.038, Loss_kd 2.183, Train_accy 99.67
2025-04-17 21:48:43,192 [icarl.py] => Task 12, Epoch 178/200 => Loss 2.194, Loss_clf 0.039, Loss_kd 2.154, Train_accy 99.50
2025-04-17 21:48:48,650 [icarl.py] => Task 12, Epoch 179/200 => Loss 2.223, Loss_clf 0.054, Loss_kd 2.169, Train_accy 99.01
2025-04-17 21:48:54,180 [icarl.py] => Task 12, Epoch 180/200 => Loss 2.195, Loss_clf 0.044, Loss_kd 2.151, Train_accy 99.39
2025-04-17 21:49:10,759 [icarl.py] => Task 12, Epoch 181/200 => Loss 2.204, Loss_clf 0.054, Loss_kd 2.151, Train_accy 99.06, Test_accy {'Art': 17.16, 'Clipart': 34.04, 'Real World': 27.51, 'Product': 21.97}
2025-04-17 21:49:16,373 [icarl.py] => Task 12, Epoch 182/200 => Loss 2.205, Loss_clf 0.048, Loss_kd 2.156, Train_accy 99.45
2025-04-17 21:49:21,894 [icarl.py] => Task 12, Epoch 183/200 => Loss 2.222, Loss_clf 0.054, Loss_kd 2.168, Train_accy 99.06
2025-04-17 21:49:27,435 [icarl.py] => Task 12, Epoch 184/200 => Loss 2.215, Loss_clf 0.048, Loss_kd 2.167, Train_accy 99.39
2025-04-17 21:49:33,035 [icarl.py] => Task 12, Epoch 185/200 => Loss 2.218, Loss_clf 0.050, Loss_kd 2.168, Train_accy 99.39
2025-04-17 21:49:38,543 [icarl.py] => Task 12, Epoch 186/200 => Loss 2.216, Loss_clf 0.039, Loss_kd 2.177, Train_accy 99.45
2025-04-17 21:49:44,158 [icarl.py] => Task 12, Epoch 187/200 => Loss 2.233, Loss_clf 0.059, Loss_kd 2.173, Train_accy 98.90
2025-04-17 21:49:49,755 [icarl.py] => Task 12, Epoch 188/200 => Loss 2.213, Loss_clf 0.052, Loss_kd 2.160, Train_accy 99.23
2025-04-17 21:49:55,267 [icarl.py] => Task 12, Epoch 189/200 => Loss 2.206, Loss_clf 0.046, Loss_kd 2.160, Train_accy 99.39
2025-04-17 21:50:00,868 [icarl.py] => Task 12, Epoch 190/200 => Loss 2.202, Loss_clf 0.041, Loss_kd 2.161, Train_accy 99.61
2025-04-17 21:50:06,386 [icarl.py] => Task 12, Epoch 191/200 => Loss 2.229, Loss_clf 0.046, Loss_kd 2.183, Train_accy 99.45
2025-04-17 21:50:12,136 [icarl.py] => Task 12, Epoch 192/200 => Loss 2.232, Loss_clf 0.046, Loss_kd 2.186, Train_accy 99.45
2025-04-17 21:50:17,499 [icarl.py] => Task 12, Epoch 193/200 => Loss 2.227, Loss_clf 0.049, Loss_kd 2.178, Train_accy 99.17
2025-04-17 21:50:22,980 [icarl.py] => Task 12, Epoch 194/200 => Loss 2.205, Loss_clf 0.042, Loss_kd 2.163, Train_accy 99.39
2025-04-17 21:50:28,313 [icarl.py] => Task 12, Epoch 195/200 => Loss 2.236, Loss_clf 0.054, Loss_kd 2.182, Train_accy 99.01
2025-04-17 21:50:33,640 [icarl.py] => Task 12, Epoch 196/200 => Loss 2.205, Loss_clf 0.050, Loss_kd 2.155, Train_accy 99.34
2025-04-17 21:50:38,936 [icarl.py] => Task 12, Epoch 197/200 => Loss 2.211, Loss_clf 0.037, Loss_kd 2.175, Train_accy 99.67
2025-04-17 21:50:44,366 [icarl.py] => Task 12, Epoch 198/200 => Loss 2.233, Loss_clf 0.057, Loss_kd 2.176, Train_accy 98.90
2025-04-17 21:50:49,964 [icarl.py] => Task 12, Epoch 199/200 => Loss 2.196, Loss_clf 0.045, Loss_kd 2.152, Train_accy 99.23
2025-04-17 21:50:55,591 [icarl.py] => Task 12, Epoch 200/200 => Loss 2.205, Loss_clf 0.042, Loss_kd 2.163, Train_accy 99.45
2025-04-17 21:50:55,592 [base.py] => Reducing exemplars...(20 per classes)
2025-04-17 21:51:27,079 [base.py] => Constructing exemplars...(20 per classes)
2025-04-17 21:51:58,067 [icarl.py] => Exemplar size: 1300
2025-04-17 21:51:58,916 [trainer.py] => CNN [Art]: {'total': 17.75, '00-04': 23.68, '05-09': 11.76, '10-14': 18.92, '15-19': 7.41, '20-24': 2.63, '25-29': 0.0, '30-34': 14.55, '35-39': 7.32, '40-44': 10.53, '45-49': 20.0, '50-54': 32.65, '55-59': 26.83, '60-64': 60.0, 'old': 15.56, 'new': 60.0}
2025-04-17 21:51:58,916 [trainer.py] => NME [Art]: {'total': 18.34, '00-04': 31.58, '05-09': 14.71, '10-14': 18.92, '15-19': 11.11, '20-24': 2.63, '25-29': 0.0, '30-34': 14.55, '35-39': 2.44, '40-44': 10.53, '45-49': 16.0, '50-54': 38.78, '55-59': 29.27, '60-64': 52.0, 'old': 16.6, 'new': 52.0}
2025-04-17 21:51:58,916 [trainer.py] => CNN [Art] top1 curve: [73.68, 61.11, 47.71, 43.38, 37.93, 34.13, 29.28, 27.63, 21.64, 19.9, 18.59, 15.35, 17.75]
2025-04-17 21:51:58,916 [trainer.py] => CNN [Art] top5 curve: [100.0, 88.89, 77.06, 75.0, 70.69, 60.58, 53.99, 56.58, 50.0, 47.19, 44.67, 39.63, 39.45]
2025-04-17 21:51:58,916 [trainer.py] => NME [Art] top1 curve: [73.68, 55.56, 44.04, 47.79, 41.38, 34.13, 28.14, 28.95, 21.93, 21.17, 20.86, 19.09, 18.34]
2025-04-17 21:51:58,916 [trainer.py] => NME [Art] top5 curve: [100.0, 91.67, 77.06, 73.53, 72.41, 62.02, 56.27, 55.92, 48.25, 46.17, 44.22, 39.0, 38.26]
2025-04-17 21:51:58,916 [trainer.py] => Average Accuracy [Art] (CNN): 34.4676923076923
2025-04-17 21:51:58,916 [trainer.py] => Average Accuracy [Art] (NME): 35.004615384615384
2025-04-17 21:51:58,916 [trainer.py] => CNN [Clipart]: {'total': 33.93, '00-04': 38.46, '05-09': 38.71, '10-14': 30.3, '15-19': 45.28, '20-24': 15.73, '25-29': 27.42, '30-34': 26.56, '35-39': 16.39, '40-44': 25.76, '45-49': 23.44, '50-54': 45.26, '55-59': 39.06, '60-64': 68.12, 'old': 31.07, 'new': 68.12}
2025-04-17 21:51:58,916 [trainer.py] => NME [Clipart]: {'total': 36.39, '00-04': 43.59, '05-09': 43.55, '10-14': 30.3, '15-19': 45.28, '20-24': 20.22, '25-29': 25.81, '30-34': 29.69, '35-39': 19.67, '40-44': 30.3, '45-49': 37.5, '50-54': 47.37, '55-59': 40.62, '60-64': 57.97, 'old': 34.59, 'new': 57.97}
2025-04-17 21:51:58,916 [trainer.py] => CNN [Clipart] top1 curve: [76.92, 70.0, 69.9, 66.02, 60.63, 56.34, 50.84, 46.73, 42.6, 40.45, 41.45, 37.26, 33.93]
2025-04-17 21:51:58,916 [trainer.py] => CNN [Clipart] top5 curve: [100.0, 93.57, 89.81, 85.71, 84.2, 79.76, 74.68, 72.71, 69.22, 65.86, 64.61, 63.11, 58.68]
2025-04-17 21:51:58,916 [trainer.py] => NME [Clipart] top1 curve: [78.21, 70.0, 71.36, 66.41, 60.63, 55.61, 51.69, 45.79, 43.59, 42.11, 42.89, 36.29, 36.39]
2025-04-17 21:51:58,917 [trainer.py] => NME [Clipart] top5 curve: [100.0, 92.14, 88.83, 86.1, 83.05, 81.22, 76.37, 73.83, 71.38, 66.32, 64.34, 63.47, 58.9]
2025-04-17 21:51:58,917 [trainer.py] => Average Accuracy [Clipart] (CNN): 53.31307692307693
2025-04-17 21:51:58,917 [trainer.py] => Average Accuracy [Clipart] (NME): 53.92076923076923
2025-04-17 21:51:58,917 [trainer.py] => CNN [Product]: {'total': 22.08, '00-04': 24.71, '05-09': 20.0, '10-14': 32.26, '15-19': 14.29, '20-24': 8.2, '25-29': 15.19, '30-34': 5.97, '35-39': 12.12, '40-44': 24.29, '45-49': 18.31, '50-54': 20.0, '55-59': 32.76, '60-64': 58.11, 'old': 18.91, 'new': 58.11}
2025-04-17 21:51:58,917 [trainer.py] => NME [Product]: {'total': 23.39, '00-04': 18.82, '05-09': 22.5, '10-14': 33.87, '15-19': 15.58, '20-24': 19.67, '25-29': 15.19, '30-34': 8.96, '35-39': 15.15, '40-44': 22.86, '45-49': 16.9, '50-54': 23.08, '55-59': 37.93, '60-64': 56.76, 'old': 20.45, 'new': 56.76}
2025-04-17 21:51:58,917 [trainer.py] => CNN [Product] top1 curve: [70.59, 54.55, 53.74, 46.71, 43.29, 37.84, 34.83, 30.33, 29.98, 26.6, 24.01, 21.17, 22.08]
2025-04-17 21:51:58,917 [trainer.py] => CNN [Product] top5 curve: [100.0, 88.48, 85.02, 76.32, 75.62, 72.07, 66.73, 64.47, 58.11, 55.43, 54.79, 49.58, 47.87]
2025-04-17 21:51:58,917 [trainer.py] => NME [Product] top1 curve: [74.12, 53.94, 55.07, 47.04, 46.58, 40.32, 35.62, 33.45, 32.46, 27.3, 24.14, 24.38, 23.39]
2025-04-17 21:51:58,917 [trainer.py] => NME [Product] top5 curve: [100.0, 92.73, 88.55, 81.25, 75.34, 72.52, 67.71, 64.12, 59.35, 54.46, 53.13, 48.63, 47.54]
2025-04-17 21:51:58,917 [trainer.py] => Average Accuracy [Product] (CNN): 38.13230769230769
2025-04-17 21:51:58,917 [trainer.py] => Average Accuracy [Product] (NME): 39.83153846153846
2025-04-17 21:51:58,917 [trainer.py] => CNN [Real World]: {'total': 27.28, '00-04': 27.4, '05-09': 33.82, '10-14': 16.67, '15-19': 16.42, '20-24': 10.77, '25-29': 24.68, '30-34': 22.67, '35-39': 13.56, '40-44': 23.44, '45-49': 25.0, '50-54': 47.44, '55-59': 39.74, '60-64': 54.0, 'old': 25.71, 'new': 54.0}
2025-04-17 21:51:58,917 [trainer.py] => NME [Real World]: {'total': 30.07, '00-04': 32.88, '05-09': 36.76, '10-14': 22.22, '15-19': 19.4, '20-24': 9.23, '25-29': 29.87, '30-34': 28.0, '35-39': 15.25, '40-44': 23.44, '45-49': 25.0, '50-54': 52.56, '55-59': 41.03, '60-64': 54.0, 'old': 28.66, 'new': 54.0}
2025-04-17 21:51:58,917 [trainer.py] => CNN [Real World] top1 curve: [68.49, 68.09, 58.69, 53.93, 46.67, 43.84, 43.86, 40.83, 37.58, 32.37, 32.99, 29.95, 27.28]
2025-04-17 21:51:58,917 [trainer.py] => CNN [Real World] top5 curve: [100.0, 91.49, 85.92, 83.21, 78.26, 75.12, 71.03, 71.58, 65.81, 63.29, 62.08, 58.02, 56.01]
2025-04-17 21:51:58,917 [trainer.py] => NME [Real World] top1 curve: [68.49, 67.38, 58.69, 54.64, 49.28, 46.45, 45.67, 41.01, 41.13, 33.24, 36.1, 32.08, 30.07]
2025-04-17 21:51:58,917 [trainer.py] => NME [Real World] top5 curve: [100.0, 94.33, 86.85, 82.14, 79.13, 76.3, 71.23, 70.32, 65.0, 62.28, 61.82, 57.43, 55.23]
2025-04-17 21:51:58,917 [trainer.py] => Average Accuracy [Real World] (CNN): 44.96692307692308
2025-04-17 21:51:58,917 [trainer.py] => Average Accuracy [Real World] (NME): 46.47923076923077
2025-04-17 21:51:58,917 [trainer.py] => NME Harmonic Mean : 25.5981
2025-04-17 21:51:58,917 [trainer.py] => NME Macro Mean : 27.0475
2025-04-17 21:51:58,917 [trainer.py] => CNN Harmonic Mean : 24.0143
2025-04-17 21:51:58,917 [trainer.py] => CNN Macro Mean : 25.2600
2025-04-17 21:51:58,919 [trainer.py] => Forgetting (CNN) [Art]: 31.3475
2025-04-17 21:51:58,920 [trainer.py] => Forgetting (CNN) [Clipart]: 36.68416666666667
2025-04-17 21:51:58,921 [trainer.py] => Forgetting (CNN) [Product]: 31.000000000000004
2025-04-17 21:51:58,922 [trainer.py] => Forgetting (CNN) [Real World]: 34.446666666666665
2025-04-17 21:51:58,922 [trainer.py] => Forgetting (NME) [Art]: 29.536666666666665
2025-04-17 21:51:58,922 [trainer.py] => Forgetting (NME) [Clipart]: 30.986666666666668
2025-04-17 21:51:58,922 [trainer.py] => Forgetting (NME) [Product]: 29.32166666666667
2025-04-17 21:51:58,922 [trainer.py] => Forgetting (NME) [Real World]: 31.8425
'5_product_art_top1':[73.68, 61.11, 47.71, 43.38, 37.93, 34.13, 29.28, 27.63, 21.64, 19.9, 18.59, 15.35, 17.75],
'5_product_art_top5':[100.0, 88.89, 77.06, 75.0, 70.69, 60.58, 53.99, 56.58, 50.0, 47.19, 44.67, 39.63, 39.45],
'5_product_clipart_top1':[76.92, 70.0, 69.9, 66.02, 60.63, 56.34, 50.84, 46.73, 42.6, 40.45, 41.45, 37.26, 33.93],
'5_product_clipart_top5':[100.0, 93.57, 89.81, 85.71, 84.2, 79.76, 74.68, 72.71, 69.22, 65.86, 64.61, 63.11, 58.68],
'5_product_product_top1':[70.59, 54.55, 53.74, 46.71, 43.29, 37.84, 34.83, 30.33, 29.98, 26.6, 24.01, 21.17, 22.08],
'5_product_product_top5':[100.0, 88.48, 85.02, 76.32, 75.62, 72.07, 66.73, 64.47, 58.11, 55.43, 54.79, 49.58, 47.87],
'5_product_real world_top1':[68.49, 68.09, 58.69, 53.93, 46.67, 43.84, 43.86, 40.83, 37.58, 32.37, 32.99, 29.95, 27.28],
'5_product_real world_top5':[100.0, 91.49, 85.92, 83.21, 78.26, 75.12, 71.03, 71.58, 65.81, 63.29, 62.08, 58.02, 56.01],
