2025-04-17 20:08:48,403 [trainer.py] => config: ./exps/icarl.json
2025-04-17 20:08:48,403 [trainer.py] => prefix: reproduce
2025-04-17 20:08:48,403 [trainer.py] => dataset: officehome
2025-04-17 20:08:48,403 [trainer.py] => device: [device(type='cuda', index=2)]
2025-04-17 20:08:48,403 [trainer.py] => use_rm: False
2025-04-17 20:08:48,403 [trainer.py] => topk: 5
2025-04-17 20:08:48,403 [trainer.py] => augmentation: False
2025-04-17 20:08:48,403 [trainer.py] => refinement: False
2025-04-17 20:08:48,403 [trainer.py] => flat: False
2025-04-17 20:08:48,404 [trainer.py] => P: 0.2
2025-04-17 20:08:48,404 [trainer.py] => N: 5
2025-04-17 20:08:48,404 [trainer.py] => random_times: 10
2025-04-17 20:08:48,404 [trainer.py] => random_weight: 0.1
2025-04-17 20:08:48,404 [trainer.py] => batch_size: 64
2025-04-17 20:08:48,404 [trainer.py] => init_epoch: 200
2025-04-17 20:08:48,404 [trainer.py] => epochs: 200
2025-04-17 20:08:48,404 [trainer.py] => memory_size: 1300
2025-04-17 20:08:48,404 [trainer.py] => memory_per_class: 20
2025-04-17 20:08:48,404 [trainer.py] => learning_rate: 0.1
2025-04-17 20:08:48,404 [trainer.py] => init_weight_decay: 0.0005
2025-04-17 20:08:48,404 [trainer.py] => weight_decay: 0.0002
2025-04-17 20:08:48,404 [trainer.py] => T: 2
2025-04-17 20:08:48,404 [trainer.py] => num_workers: 4
2025-04-17 20:08:48,404 [trainer.py] => fixed_memory: False
2025-04-17 20:08:48,404 [trainer.py] => shuffle: True
2025-04-17 20:08:48,404 [trainer.py] => init_cls: 5
2025-04-17 20:08:48,404 [trainer.py] => increment: 5
2025-04-17 20:08:48,404 [trainer.py] => model_name: icarl
2025-04-17 20:08:48,404 [trainer.py] => convnet_type: resnet34
2025-04-17 20:08:48,404 [trainer.py] => seed: 1993
2025-04-17 20:08:48,404 [trainer.py] => source_domain: ['Art', 'Clipart', 'Product']
2025-04-17 20:08:48,404 [trainer.py] => target_domain: Real World
2025-04-17 20:08:48,404 [trainer.py] => resume: False
2025-04-17 20:08:48,450 [data_manager.py] => [22, 56, 44, 45, 13, 8, 23, 54, 35, 52, 34, 61, 16, 6, 55, 20, 14, 38, 17, 63, 42, 10, 59, 43, 24, 2, 62, 21, 1, 15, 0, 37, 53, 27, 18, 46, 12, 25, 40, 30, 19, 47, 26, 36, 7, 28, 11, 5, 32, 41, 50, 4, 51, 58, 9, 60, 39, 31, 48, 3, 29, 64, 49, 57, 33]
2025-04-17 20:08:49,132 [trainer.py] => Training from scratch
2025-04-17 20:08:49,133 [trainer.py] => All params: 21284672
2025-04-17 20:08:49,133 [trainer.py] => Trainable params: 21284672
2025-04-17 20:08:49,134 [icarl.py] => Learning on 0-5
2025-04-17 20:08:55,706 [icarl.py] => Task 0, Epoch 1/200 => Loss 7.911, Loss_clf 7.911, Train_accy 20.72, Test_accy {'Art': 10.53, 'Clipart': 11.54, 'Real World': 19.18, 'Product': 9.41}
2025-04-17 20:08:57,377 [icarl.py] => Task 0, Epoch 2/200 => Loss 5.011, Loss_clf 5.011, Train_accy 20.84
2025-04-17 20:08:58,869 [icarl.py] => Task 0, Epoch 3/200 => Loss 2.121, Loss_clf 2.121, Train_accy 26.21
2025-04-17 20:09:00,543 [icarl.py] => Task 0, Epoch 4/200 => Loss 1.895, Loss_clf 1.895, Train_accy 23.79
2025-04-17 20:09:02,165 [icarl.py] => Task 0, Epoch 5/200 => Loss 1.991, Loss_clf 1.991, Train_accy 26.21
2025-04-17 20:09:03,721 [icarl.py] => Task 0, Epoch 6/200 => Loss 2.039, Loss_clf 2.039, Train_accy 23.40
2025-04-17 20:09:05,250 [icarl.py] => Task 0, Epoch 7/200 => Loss 1.817, Loss_clf 1.817, Train_accy 24.81
2025-04-17 20:09:06,848 [icarl.py] => Task 0, Epoch 8/200 => Loss 1.634, Loss_clf 1.634, Train_accy 29.92
2025-04-17 20:09:08,408 [icarl.py] => Task 0, Epoch 9/200 => Loss 1.664, Loss_clf 1.664, Train_accy 30.82
2025-04-17 20:09:10,049 [icarl.py] => Task 0, Epoch 10/200 => Loss 1.549, Loss_clf 1.549, Train_accy 32.35
2025-04-17 20:09:11,598 [icarl.py] => Task 0, Epoch 11/200 => Loss 1.539, Loss_clf 1.539, Train_accy 28.64
2025-04-17 20:09:13,196 [icarl.py] => Task 0, Epoch 12/200 => Loss 1.495, Loss_clf 1.495, Train_accy 31.97
2025-04-17 20:09:14,767 [icarl.py] => Task 0, Epoch 13/200 => Loss 1.445, Loss_clf 1.445, Train_accy 35.81
2025-04-17 20:09:16,306 [icarl.py] => Task 0, Epoch 14/200 => Loss 1.441, Loss_clf 1.441, Train_accy 36.45
2025-04-17 20:09:17,870 [icarl.py] => Task 0, Epoch 15/200 => Loss 1.440, Loss_clf 1.440, Train_accy 37.21
2025-04-17 20:09:19,376 [icarl.py] => Task 0, Epoch 16/200 => Loss 1.436, Loss_clf 1.436, Train_accy 36.96
2025-04-17 20:09:20,919 [icarl.py] => Task 0, Epoch 17/200 => Loss 1.470, Loss_clf 1.470, Train_accy 36.83
2025-04-17 20:09:22,482 [icarl.py] => Task 0, Epoch 18/200 => Loss 1.408, Loss_clf 1.408, Train_accy 38.36
2025-04-17 20:09:24,024 [icarl.py] => Task 0, Epoch 19/200 => Loss 1.384, Loss_clf 1.384, Train_accy 40.66
2025-04-17 20:09:25,606 [icarl.py] => Task 0, Epoch 20/200 => Loss 1.383, Loss_clf 1.383, Train_accy 39.26
2025-04-17 20:09:30,930 [icarl.py] => Task 0, Epoch 21/200 => Loss 1.378, Loss_clf 1.378, Train_accy 38.36, Test_accy {'Art': 39.47, 'Clipart': 42.31, 'Real World': 34.25, 'Product': 37.65}
2025-04-17 20:09:32,525 [icarl.py] => Task 0, Epoch 22/200 => Loss 1.361, Loss_clf 1.361, Train_accy 42.33
2025-04-17 20:09:34,246 [icarl.py] => Task 0, Epoch 23/200 => Loss 1.367, Loss_clf 1.367, Train_accy 40.41
2025-04-17 20:09:35,793 [icarl.py] => Task 0, Epoch 24/200 => Loss 1.392, Loss_clf 1.392, Train_accy 39.39
2025-04-17 20:09:37,396 [icarl.py] => Task 0, Epoch 25/200 => Loss 1.372, Loss_clf 1.372, Train_accy 41.82
2025-04-17 20:09:38,976 [icarl.py] => Task 0, Epoch 26/200 => Loss 1.357, Loss_clf 1.357, Train_accy 41.56
2025-04-17 20:09:40,631 [icarl.py] => Task 0, Epoch 27/200 => Loss 1.340, Loss_clf 1.340, Train_accy 42.33
2025-04-17 20:09:42,183 [icarl.py] => Task 0, Epoch 28/200 => Loss 1.351, Loss_clf 1.351, Train_accy 42.33
2025-04-17 20:09:43,740 [icarl.py] => Task 0, Epoch 29/200 => Loss 1.304, Loss_clf 1.304, Train_accy 43.22
2025-04-17 20:09:45,375 [icarl.py] => Task 0, Epoch 30/200 => Loss 1.293, Loss_clf 1.293, Train_accy 42.46
2025-04-17 20:09:47,000 [icarl.py] => Task 0, Epoch 31/200 => Loss 1.302, Loss_clf 1.302, Train_accy 46.55
2025-04-17 20:09:48,503 [icarl.py] => Task 0, Epoch 32/200 => Loss 1.317, Loss_clf 1.317, Train_accy 42.84
2025-04-17 20:09:50,078 [icarl.py] => Task 0, Epoch 33/200 => Loss 1.295, Loss_clf 1.295, Train_accy 46.04
2025-04-17 20:09:51,613 [icarl.py] => Task 0, Epoch 34/200 => Loss 1.349, Loss_clf 1.349, Train_accy 42.46
2025-04-17 20:09:53,206 [icarl.py] => Task 0, Epoch 35/200 => Loss 1.281, Loss_clf 1.281, Train_accy 45.40
2025-04-17 20:09:54,735 [icarl.py] => Task 0, Epoch 36/200 => Loss 1.262, Loss_clf 1.262, Train_accy 46.93
2025-04-17 20:09:56,309 [icarl.py] => Task 0, Epoch 37/200 => Loss 1.275, Loss_clf 1.275, Train_accy 45.40
2025-04-17 20:09:57,892 [icarl.py] => Task 0, Epoch 38/200 => Loss 1.264, Loss_clf 1.264, Train_accy 46.80
2025-04-17 20:09:59,592 [icarl.py] => Task 0, Epoch 39/200 => Loss 1.218, Loss_clf 1.218, Train_accy 48.85
2025-04-17 20:10:01,258 [icarl.py] => Task 0, Epoch 40/200 => Loss 1.235, Loss_clf 1.235, Train_accy 47.57
2025-04-17 20:10:06,525 [icarl.py] => Task 0, Epoch 41/200 => Loss 1.222, Loss_clf 1.222, Train_accy 47.95, Test_accy {'Art': 52.63, 'Clipart': 32.05, 'Real World': 28.77, 'Product': 31.76}
2025-04-17 20:10:08,033 [icarl.py] => Task 0, Epoch 42/200 => Loss 1.299, Loss_clf 1.299, Train_accy 44.76
2025-04-17 20:10:09,565 [icarl.py] => Task 0, Epoch 43/200 => Loss 1.190, Loss_clf 1.190, Train_accy 48.98
2025-04-17 20:10:11,212 [icarl.py] => Task 0, Epoch 44/200 => Loss 1.151, Loss_clf 1.151, Train_accy 52.69
2025-04-17 20:10:12,816 [icarl.py] => Task 0, Epoch 45/200 => Loss 1.225, Loss_clf 1.225, Train_accy 46.80
2025-04-17 20:10:14,350 [icarl.py] => Task 0, Epoch 46/200 => Loss 1.184, Loss_clf 1.184, Train_accy 52.43
2025-04-17 20:10:15,909 [icarl.py] => Task 0, Epoch 47/200 => Loss 1.146, Loss_clf 1.146, Train_accy 51.66
2025-04-17 20:10:17,447 [icarl.py] => Task 0, Epoch 48/200 => Loss 1.163, Loss_clf 1.163, Train_accy 50.77
2025-04-17 20:10:18,995 [icarl.py] => Task 0, Epoch 49/200 => Loss 1.140, Loss_clf 1.140, Train_accy 50.26
2025-04-17 20:10:20,733 [icarl.py] => Task 0, Epoch 50/200 => Loss 1.178, Loss_clf 1.178, Train_accy 52.05
2025-04-17 20:10:22,276 [icarl.py] => Task 0, Epoch 51/200 => Loss 1.151, Loss_clf 1.151, Train_accy 52.56
2025-04-17 20:10:23,840 [icarl.py] => Task 0, Epoch 52/200 => Loss 1.092, Loss_clf 1.092, Train_accy 53.71
2025-04-17 20:10:25,527 [icarl.py] => Task 0, Epoch 53/200 => Loss 1.114, Loss_clf 1.114, Train_accy 54.22
2025-04-17 20:10:27,163 [icarl.py] => Task 0, Epoch 54/200 => Loss 1.074, Loss_clf 1.074, Train_accy 55.37
2025-04-17 20:10:28,703 [icarl.py] => Task 0, Epoch 55/200 => Loss 1.086, Loss_clf 1.086, Train_accy 56.52
2025-04-17 20:10:30,320 [icarl.py] => Task 0, Epoch 56/200 => Loss 1.085, Loss_clf 1.085, Train_accy 55.75
2025-04-17 20:10:32,039 [icarl.py] => Task 0, Epoch 57/200 => Loss 1.052, Loss_clf 1.052, Train_accy 55.50
2025-04-17 20:10:33,671 [icarl.py] => Task 0, Epoch 58/200 => Loss 1.071, Loss_clf 1.071, Train_accy 55.24
2025-04-17 20:10:35,338 [icarl.py] => Task 0, Epoch 59/200 => Loss 1.062, Loss_clf 1.062, Train_accy 55.12
2025-04-17 20:10:36,934 [icarl.py] => Task 0, Epoch 60/200 => Loss 1.033, Loss_clf 1.033, Train_accy 57.80
2025-04-17 20:10:42,513 [icarl.py] => Task 0, Epoch 61/200 => Loss 1.025, Loss_clf 1.025, Train_accy 57.16, Test_accy {'Art': 39.47, 'Clipart': 56.41, 'Real World': 54.79, 'Product': 56.47}
2025-04-17 20:10:44,096 [icarl.py] => Task 0, Epoch 62/200 => Loss 0.993, Loss_clf 0.993, Train_accy 58.31
2025-04-17 20:10:45,644 [icarl.py] => Task 0, Epoch 63/200 => Loss 1.004, Loss_clf 1.004, Train_accy 59.97
2025-04-17 20:10:47,248 [icarl.py] => Task 0, Epoch 64/200 => Loss 0.998, Loss_clf 0.998, Train_accy 60.36
2025-04-17 20:10:48,792 [icarl.py] => Task 0, Epoch 65/200 => Loss 0.980, Loss_clf 0.980, Train_accy 59.46
2025-04-17 20:10:50,402 [icarl.py] => Task 0, Epoch 66/200 => Loss 0.951, Loss_clf 0.951, Train_accy 61.51
2025-04-17 20:10:51,976 [icarl.py] => Task 0, Epoch 67/200 => Loss 0.915, Loss_clf 0.915, Train_accy 61.38
2025-04-17 20:10:53,597 [icarl.py] => Task 0, Epoch 68/200 => Loss 0.931, Loss_clf 0.931, Train_accy 60.74
2025-04-17 20:10:55,211 [icarl.py] => Task 0, Epoch 69/200 => Loss 1.010, Loss_clf 1.010, Train_accy 58.82
2025-04-17 20:10:56,766 [icarl.py] => Task 0, Epoch 70/200 => Loss 0.866, Loss_clf 0.866, Train_accy 62.28
2025-04-17 20:10:58,419 [icarl.py] => Task 0, Epoch 71/200 => Loss 0.887, Loss_clf 0.887, Train_accy 63.55
2025-04-17 20:11:00,069 [icarl.py] => Task 0, Epoch 72/200 => Loss 0.837, Loss_clf 0.837, Train_accy 65.98
2025-04-17 20:11:01,819 [icarl.py] => Task 0, Epoch 73/200 => Loss 0.877, Loss_clf 0.877, Train_accy 63.81
2025-04-17 20:11:03,395 [icarl.py] => Task 0, Epoch 74/200 => Loss 0.892, Loss_clf 0.892, Train_accy 63.04
2025-04-17 20:11:04,984 [icarl.py] => Task 0, Epoch 75/200 => Loss 0.910, Loss_clf 0.910, Train_accy 62.66
2025-04-17 20:11:06,644 [icarl.py] => Task 0, Epoch 76/200 => Loss 0.943, Loss_clf 0.943, Train_accy 61.51
2025-04-17 20:11:08,241 [icarl.py] => Task 0, Epoch 77/200 => Loss 0.871, Loss_clf 0.871, Train_accy 64.83
2025-04-17 20:11:09,760 [icarl.py] => Task 0, Epoch 78/200 => Loss 0.902, Loss_clf 0.902, Train_accy 63.30
2025-04-17 20:11:11,308 [icarl.py] => Task 0, Epoch 79/200 => Loss 0.918, Loss_clf 0.918, Train_accy 61.25
2025-04-17 20:11:12,903 [icarl.py] => Task 0, Epoch 80/200 => Loss 0.980, Loss_clf 0.980, Train_accy 59.34
2025-04-17 20:11:18,201 [icarl.py] => Task 0, Epoch 81/200 => Loss 0.954, Loss_clf 0.954, Train_accy 63.04, Test_accy {'Art': 63.16, 'Clipart': 61.54, 'Real World': 56.16, 'Product': 61.18}
2025-04-17 20:11:19,775 [icarl.py] => Task 0, Epoch 82/200 => Loss 0.940, Loss_clf 0.940, Train_accy 60.87
2025-04-17 20:11:21,344 [icarl.py] => Task 0, Epoch 83/200 => Loss 0.864, Loss_clf 0.864, Train_accy 65.09
2025-04-17 20:11:22,885 [icarl.py] => Task 0, Epoch 84/200 => Loss 0.846, Loss_clf 0.846, Train_accy 65.35
2025-04-17 20:11:24,513 [icarl.py] => Task 0, Epoch 85/200 => Loss 0.832, Loss_clf 0.832, Train_accy 66.11
2025-04-17 20:11:26,159 [icarl.py] => Task 0, Epoch 86/200 => Loss 0.783, Loss_clf 0.783, Train_accy 69.82
2025-04-17 20:11:27,690 [icarl.py] => Task 0, Epoch 87/200 => Loss 0.853, Loss_clf 0.853, Train_accy 66.62
2025-04-17 20:11:29,190 [icarl.py] => Task 0, Epoch 88/200 => Loss 0.779, Loss_clf 0.779, Train_accy 67.01
2025-04-17 20:11:30,781 [icarl.py] => Task 0, Epoch 89/200 => Loss 0.768, Loss_clf 0.768, Train_accy 68.67
2025-04-17 20:11:32,369 [icarl.py] => Task 0, Epoch 90/200 => Loss 0.806, Loss_clf 0.806, Train_accy 67.90
2025-04-17 20:11:34,090 [icarl.py] => Task 0, Epoch 91/200 => Loss 0.760, Loss_clf 0.760, Train_accy 68.29
2025-04-17 20:11:35,681 [icarl.py] => Task 0, Epoch 92/200 => Loss 0.771, Loss_clf 0.771, Train_accy 69.57
2025-04-17 20:11:37,224 [icarl.py] => Task 0, Epoch 93/200 => Loss 0.733, Loss_clf 0.733, Train_accy 71.36
2025-04-17 20:11:38,722 [icarl.py] => Task 0, Epoch 94/200 => Loss 0.748, Loss_clf 0.748, Train_accy 69.44
2025-04-17 20:11:40,243 [icarl.py] => Task 0, Epoch 95/200 => Loss 0.736, Loss_clf 0.736, Train_accy 68.93
2025-04-17 20:11:41,813 [icarl.py] => Task 0, Epoch 96/200 => Loss 0.700, Loss_clf 0.700, Train_accy 69.44
2025-04-17 20:11:43,345 [icarl.py] => Task 0, Epoch 97/200 => Loss 0.725, Loss_clf 0.725, Train_accy 71.36
2025-04-17 20:11:44,880 [icarl.py] => Task 0, Epoch 98/200 => Loss 0.672, Loss_clf 0.672, Train_accy 72.51
2025-04-17 20:11:46,452 [icarl.py] => Task 0, Epoch 99/200 => Loss 0.764, Loss_clf 0.764, Train_accy 71.23
2025-04-17 20:11:47,988 [icarl.py] => Task 0, Epoch 100/200 => Loss 0.735, Loss_clf 0.735, Train_accy 70.59
2025-04-17 20:11:53,432 [icarl.py] => Task 0, Epoch 101/200 => Loss 0.703, Loss_clf 0.703, Train_accy 71.87, Test_accy {'Art': 52.63, 'Clipart': 62.82, 'Real World': 57.53, 'Product': 67.06}
2025-04-17 20:11:54,987 [icarl.py] => Task 0, Epoch 102/200 => Loss 0.693, Loss_clf 0.693, Train_accy 71.48
2025-04-17 20:11:56,657 [icarl.py] => Task 0, Epoch 103/200 => Loss 0.712, Loss_clf 0.712, Train_accy 71.99
2025-04-17 20:11:58,216 [icarl.py] => Task 0, Epoch 104/200 => Loss 0.732, Loss_clf 0.732, Train_accy 69.18
2025-04-17 20:11:59,745 [icarl.py] => Task 0, Epoch 105/200 => Loss 0.653, Loss_clf 0.653, Train_accy 74.55
2025-04-17 20:12:01,282 [icarl.py] => Task 0, Epoch 106/200 => Loss 0.663, Loss_clf 0.663, Train_accy 74.17
2025-04-17 20:12:02,891 [icarl.py] => Task 0, Epoch 107/200 => Loss 0.619, Loss_clf 0.619, Train_accy 74.94
2025-04-17 20:12:04,489 [icarl.py] => Task 0, Epoch 108/200 => Loss 0.661, Loss_clf 0.661, Train_accy 71.99
2025-04-17 20:12:06,037 [icarl.py] => Task 0, Epoch 109/200 => Loss 0.621, Loss_clf 0.621, Train_accy 74.17
2025-04-17 20:12:07,608 [icarl.py] => Task 0, Epoch 110/200 => Loss 0.675, Loss_clf 0.675, Train_accy 71.61
2025-04-17 20:12:09,152 [icarl.py] => Task 0, Epoch 111/200 => Loss 0.590, Loss_clf 0.590, Train_accy 75.32
2025-04-17 20:12:10,729 [icarl.py] => Task 0, Epoch 112/200 => Loss 0.614, Loss_clf 0.614, Train_accy 75.83
2025-04-17 20:12:12,291 [icarl.py] => Task 0, Epoch 113/200 => Loss 0.585, Loss_clf 0.585, Train_accy 74.81
2025-04-17 20:12:13,827 [icarl.py] => Task 0, Epoch 114/200 => Loss 0.602, Loss_clf 0.602, Train_accy 76.34
2025-04-17 20:12:15,429 [icarl.py] => Task 0, Epoch 115/200 => Loss 0.580, Loss_clf 0.580, Train_accy 76.85
2025-04-17 20:12:16,962 [icarl.py] => Task 0, Epoch 116/200 => Loss 0.567, Loss_clf 0.567, Train_accy 76.73
2025-04-17 20:12:18,530 [icarl.py] => Task 0, Epoch 117/200 => Loss 0.596, Loss_clf 0.596, Train_accy 77.37
2025-04-17 20:12:20,082 [icarl.py] => Task 0, Epoch 118/200 => Loss 0.646, Loss_clf 0.646, Train_accy 74.55
2025-04-17 20:12:21,641 [icarl.py] => Task 0, Epoch 119/200 => Loss 0.647, Loss_clf 0.647, Train_accy 74.55
2025-04-17 20:12:23,175 [icarl.py] => Task 0, Epoch 120/200 => Loss 0.588, Loss_clf 0.588, Train_accy 76.47
2025-04-17 20:12:28,558 [icarl.py] => Task 0, Epoch 121/200 => Loss 0.553, Loss_clf 0.553, Train_accy 78.90, Test_accy {'Art': 55.26, 'Clipart': 75.64, 'Real World': 56.16, 'Product': 74.12}
2025-04-17 20:12:30,141 [icarl.py] => Task 0, Epoch 122/200 => Loss 0.555, Loss_clf 0.555, Train_accy 78.90
2025-04-17 20:12:31,664 [icarl.py] => Task 0, Epoch 123/200 => Loss 0.542, Loss_clf 0.542, Train_accy 76.85
2025-04-17 20:12:33,195 [icarl.py] => Task 0, Epoch 124/200 => Loss 0.542, Loss_clf 0.542, Train_accy 78.26
2025-04-17 20:12:34,796 [icarl.py] => Task 0, Epoch 125/200 => Loss 0.506, Loss_clf 0.506, Train_accy 79.92
2025-04-17 20:12:36,327 [icarl.py] => Task 0, Epoch 126/200 => Loss 0.489, Loss_clf 0.489, Train_accy 81.71
2025-04-17 20:12:37,856 [icarl.py] => Task 0, Epoch 127/200 => Loss 0.488, Loss_clf 0.488, Train_accy 79.92
2025-04-17 20:12:39,478 [icarl.py] => Task 0, Epoch 128/200 => Loss 0.508, Loss_clf 0.508, Train_accy 78.77
2025-04-17 20:12:41,083 [icarl.py] => Task 0, Epoch 129/200 => Loss 0.516, Loss_clf 0.516, Train_accy 79.54
2025-04-17 20:12:42,636 [icarl.py] => Task 0, Epoch 130/200 => Loss 0.546, Loss_clf 0.546, Train_accy 77.11
2025-04-17 20:12:44,191 [icarl.py] => Task 0, Epoch 131/200 => Loss 0.510, Loss_clf 0.510, Train_accy 81.07
2025-04-17 20:12:45,770 [icarl.py] => Task 0, Epoch 132/200 => Loss 0.494, Loss_clf 0.494, Train_accy 80.43
2025-04-17 20:12:47,309 [icarl.py] => Task 0, Epoch 133/200 => Loss 0.491, Loss_clf 0.491, Train_accy 79.80
2025-04-17 20:12:48,888 [icarl.py] => Task 0, Epoch 134/200 => Loss 0.502, Loss_clf 0.502, Train_accy 79.92
2025-04-17 20:12:50,410 [icarl.py] => Task 0, Epoch 135/200 => Loss 0.473, Loss_clf 0.473, Train_accy 83.12
2025-04-17 20:12:52,032 [icarl.py] => Task 0, Epoch 136/200 => Loss 0.474, Loss_clf 0.474, Train_accy 81.97
2025-04-17 20:12:53,722 [icarl.py] => Task 0, Epoch 137/200 => Loss 0.432, Loss_clf 0.432, Train_accy 83.12
2025-04-17 20:12:55,344 [icarl.py] => Task 0, Epoch 138/200 => Loss 0.442, Loss_clf 0.442, Train_accy 80.82
2025-04-17 20:12:56,929 [icarl.py] => Task 0, Epoch 139/200 => Loss 0.474, Loss_clf 0.474, Train_accy 82.35
2025-04-17 20:12:58,483 [icarl.py] => Task 0, Epoch 140/200 => Loss 0.430, Loss_clf 0.430, Train_accy 82.86
2025-04-17 20:13:04,033 [icarl.py] => Task 0, Epoch 141/200 => Loss 0.449, Loss_clf 0.449, Train_accy 81.59, Test_accy {'Art': 68.42, 'Clipart': 70.51, 'Real World': 63.01, 'Product': 88.24}
2025-04-17 20:13:05,591 [icarl.py] => Task 0, Epoch 142/200 => Loss 0.447, Loss_clf 0.447, Train_accy 82.35
2025-04-17 20:13:07,216 [icarl.py] => Task 0, Epoch 143/200 => Loss 0.402, Loss_clf 0.402, Train_accy 85.04
2025-04-17 20:13:08,771 [icarl.py] => Task 0, Epoch 144/200 => Loss 0.404, Loss_clf 0.404, Train_accy 83.12
2025-04-17 20:13:10,488 [icarl.py] => Task 0, Epoch 145/200 => Loss 0.431, Loss_clf 0.431, Train_accy 82.35
2025-04-17 20:13:12,063 [icarl.py] => Task 0, Epoch 146/200 => Loss 0.396, Loss_clf 0.396, Train_accy 85.17
2025-04-17 20:13:13,628 [icarl.py] => Task 0, Epoch 147/200 => Loss 0.390, Loss_clf 0.390, Train_accy 84.91
2025-04-17 20:13:15,169 [icarl.py] => Task 0, Epoch 148/200 => Loss 0.346, Loss_clf 0.346, Train_accy 87.34
2025-04-17 20:13:16,791 [icarl.py] => Task 0, Epoch 149/200 => Loss 0.349, Loss_clf 0.349, Train_accy 86.70
2025-04-17 20:13:18,390 [icarl.py] => Task 0, Epoch 150/200 => Loss 0.361, Loss_clf 0.361, Train_accy 84.91
2025-04-17 20:13:19,942 [icarl.py] => Task 0, Epoch 151/200 => Loss 0.351, Loss_clf 0.351, Train_accy 87.72
2025-04-17 20:13:21,545 [icarl.py] => Task 0, Epoch 152/200 => Loss 0.380, Loss_clf 0.380, Train_accy 85.29
2025-04-17 20:13:23,053 [icarl.py] => Task 0, Epoch 153/200 => Loss 0.301, Loss_clf 0.301, Train_accy 87.85
2025-04-17 20:13:24,598 [icarl.py] => Task 0, Epoch 154/200 => Loss 0.352, Loss_clf 0.352, Train_accy 85.42
2025-04-17 20:13:26,106 [icarl.py] => Task 0, Epoch 155/200 => Loss 0.314, Loss_clf 0.314, Train_accy 86.57
2025-04-17 20:13:27,664 [icarl.py] => Task 0, Epoch 156/200 => Loss 0.327, Loss_clf 0.327, Train_accy 87.60
2025-04-17 20:13:29,308 [icarl.py] => Task 0, Epoch 157/200 => Loss 0.361, Loss_clf 0.361, Train_accy 86.32
2025-04-17 20:13:30,894 [icarl.py] => Task 0, Epoch 158/200 => Loss 0.378, Loss_clf 0.378, Train_accy 84.02
2025-04-17 20:13:32,408 [icarl.py] => Task 0, Epoch 159/200 => Loss 0.310, Loss_clf 0.310, Train_accy 86.96
2025-04-17 20:13:34,047 [icarl.py] => Task 0, Epoch 160/200 => Loss 0.320, Loss_clf 0.320, Train_accy 88.24
2025-04-17 20:13:39,499 [icarl.py] => Task 0, Epoch 161/200 => Loss 0.340, Loss_clf 0.340, Train_accy 87.98, Test_accy {'Art': 57.89, 'Clipart': 69.23, 'Real World': 60.27, 'Product': 88.24}
2025-04-17 20:13:41,098 [icarl.py] => Task 0, Epoch 162/200 => Loss 0.308, Loss_clf 0.308, Train_accy 89.90
2025-04-17 20:13:42,705 [icarl.py] => Task 0, Epoch 163/200 => Loss 0.319, Loss_clf 0.319, Train_accy 88.36
2025-04-17 20:13:44,239 [icarl.py] => Task 0, Epoch 164/200 => Loss 0.311, Loss_clf 0.311, Train_accy 88.87
2025-04-17 20:13:45,803 [icarl.py] => Task 0, Epoch 165/200 => Loss 0.310, Loss_clf 0.310, Train_accy 89.26
2025-04-17 20:13:47,340 [icarl.py] => Task 0, Epoch 166/200 => Loss 0.334, Loss_clf 0.334, Train_accy 89.90
2025-04-17 20:13:48,974 [icarl.py] => Task 0, Epoch 167/200 => Loss 0.274, Loss_clf 0.274, Train_accy 90.28
2025-04-17 20:13:50,554 [icarl.py] => Task 0, Epoch 168/200 => Loss 0.305, Loss_clf 0.305, Train_accy 88.49
2025-04-17 20:13:52,134 [icarl.py] => Task 0, Epoch 169/200 => Loss 0.285, Loss_clf 0.285, Train_accy 88.62
2025-04-17 20:13:53,631 [icarl.py] => Task 0, Epoch 170/200 => Loss 0.292, Loss_clf 0.292, Train_accy 89.64
2025-04-17 20:13:55,171 [icarl.py] => Task 0, Epoch 171/200 => Loss 0.261, Loss_clf 0.261, Train_accy 89.13
2025-04-17 20:13:56,723 [icarl.py] => Task 0, Epoch 172/200 => Loss 0.283, Loss_clf 0.283, Train_accy 90.79
2025-04-17 20:13:58,241 [icarl.py] => Task 0, Epoch 173/200 => Loss 0.280, Loss_clf 0.280, Train_accy 89.90
2025-04-17 20:13:59,770 [icarl.py] => Task 0, Epoch 174/200 => Loss 0.266, Loss_clf 0.266, Train_accy 91.56
2025-04-17 20:14:01,324 [icarl.py] => Task 0, Epoch 175/200 => Loss 0.260, Loss_clf 0.260, Train_accy 89.77
2025-04-17 20:14:02,910 [icarl.py] => Task 0, Epoch 176/200 => Loss 0.276, Loss_clf 0.276, Train_accy 89.77
2025-04-17 20:14:04,504 [icarl.py] => Task 0, Epoch 177/200 => Loss 0.295, Loss_clf 0.295, Train_accy 89.26
2025-04-17 20:14:06,233 [icarl.py] => Task 0, Epoch 178/200 => Loss 0.272, Loss_clf 0.272, Train_accy 89.26
2025-04-17 20:14:07,809 [icarl.py] => Task 0, Epoch 179/200 => Loss 0.233, Loss_clf 0.233, Train_accy 92.07
2025-04-17 20:14:09,359 [icarl.py] => Task 0, Epoch 180/200 => Loss 0.257, Loss_clf 0.257, Train_accy 91.43
2025-04-17 20:14:14,822 [icarl.py] => Task 0, Epoch 181/200 => Loss 0.262, Loss_clf 0.262, Train_accy 90.28, Test_accy {'Art': 57.89, 'Clipart': 73.08, 'Real World': 61.64, 'Product': 83.53}
2025-04-17 20:14:16,452 [icarl.py] => Task 0, Epoch 182/200 => Loss 0.293, Loss_clf 0.293, Train_accy 92.46
2025-04-17 20:14:18,109 [icarl.py] => Task 0, Epoch 183/200 => Loss 0.247, Loss_clf 0.247, Train_accy 92.46
2025-04-17 20:14:19,714 [icarl.py] => Task 0, Epoch 184/200 => Loss 0.214, Loss_clf 0.214, Train_accy 91.69
2025-04-17 20:14:21,279 [icarl.py] => Task 0, Epoch 185/200 => Loss 0.223, Loss_clf 0.223, Train_accy 92.71
2025-04-17 20:14:22,841 [icarl.py] => Task 0, Epoch 186/200 => Loss 0.242, Loss_clf 0.242, Train_accy 91.30
2025-04-17 20:14:24,367 [icarl.py] => Task 0, Epoch 187/200 => Loss 0.233, Loss_clf 0.233, Train_accy 91.18
2025-04-17 20:14:26,008 [icarl.py] => Task 0, Epoch 188/200 => Loss 0.245, Loss_clf 0.245, Train_accy 92.07
2025-04-17 20:14:27,576 [icarl.py] => Task 0, Epoch 189/200 => Loss 0.245, Loss_clf 0.245, Train_accy 90.54
2025-04-17 20:14:29,149 [icarl.py] => Task 0, Epoch 190/200 => Loss 0.241, Loss_clf 0.241, Train_accy 92.20
2025-04-17 20:14:30,654 [icarl.py] => Task 0, Epoch 191/200 => Loss 0.216, Loss_clf 0.216, Train_accy 92.84
2025-04-17 20:14:32,246 [icarl.py] => Task 0, Epoch 192/200 => Loss 0.240, Loss_clf 0.240, Train_accy 90.92
2025-04-17 20:14:33,824 [icarl.py] => Task 0, Epoch 193/200 => Loss 0.225, Loss_clf 0.225, Train_accy 92.46
2025-04-17 20:14:35,397 [icarl.py] => Task 0, Epoch 194/200 => Loss 0.257, Loss_clf 0.257, Train_accy 91.18
2025-04-17 20:14:37,046 [icarl.py] => Task 0, Epoch 195/200 => Loss 0.242, Loss_clf 0.242, Train_accy 93.09
2025-04-17 20:14:38,704 [icarl.py] => Task 0, Epoch 196/200 => Loss 0.236, Loss_clf 0.236, Train_accy 92.33
2025-04-17 20:14:40,266 [icarl.py] => Task 0, Epoch 197/200 => Loss 0.262, Loss_clf 0.262, Train_accy 91.43
2025-04-17 20:14:41,816 [icarl.py] => Task 0, Epoch 198/200 => Loss 0.233, Loss_clf 0.233, Train_accy 92.71
2025-04-17 20:14:43,425 [icarl.py] => Task 0, Epoch 199/200 => Loss 0.241, Loss_clf 0.241, Train_accy 91.56
2025-04-17 20:14:45,025 [icarl.py] => Task 0, Epoch 200/200 => Loss 0.223, Loss_clf 0.223, Train_accy 93.09
2025-04-17 20:14:45,026 [base.py] => Reducing exemplars...(260 per classes)
2025-04-17 20:14:45,026 [base.py] => Constructing exemplars...(260 per classes)
2025-04-17 20:15:01,982 [icarl.py] => Exemplar size: 1300
2025-04-17 20:15:02,855 [trainer.py] => CNN [Art]: {'total': 60.53, '00-04': 60.53, 'old': 0, 'new': 60.53}
2025-04-17 20:15:02,856 [trainer.py] => NME [Art]: {'total': 57.89, '00-04': 57.89, 'old': 0, 'new': 57.89}
2025-04-17 20:15:02,856 [trainer.py] => CNN [Art] top1 curve: [60.53]
2025-04-17 20:15:02,856 [trainer.py] => CNN [Art] top5 curve: [100.0]
2025-04-17 20:15:02,856 [trainer.py] => NME [Art] top1 curve: [57.89]
2025-04-17 20:15:02,856 [trainer.py] => NME [Art] top5 curve: [100.0]
2025-04-17 20:15:02,856 [trainer.py] => Average Accuracy [Art] (CNN): 60.53
2025-04-17 20:15:02,856 [trainer.py] => Average Accuracy [Art] (NME): 57.89
2025-04-17 20:15:02,856 [trainer.py] => CNN [Clipart]: {'total': 76.92, '00-04': 76.92, 'old': 0, 'new': 76.92}
2025-04-17 20:15:02,856 [trainer.py] => NME [Clipart]: {'total': 73.08, '00-04': 73.08, 'old': 0, 'new': 73.08}
2025-04-17 20:15:02,856 [trainer.py] => CNN [Clipart] top1 curve: [76.92]
2025-04-17 20:15:02,856 [trainer.py] => CNN [Clipart] top5 curve: [100.0]
2025-04-17 20:15:02,856 [trainer.py] => NME [Clipart] top1 curve: [73.08]
2025-04-17 20:15:02,856 [trainer.py] => NME [Clipart] top5 curve: [100.0]
2025-04-17 20:15:02,856 [trainer.py] => Average Accuracy [Clipart] (CNN): 76.92
2025-04-17 20:15:02,856 [trainer.py] => Average Accuracy [Clipart] (NME): 73.08
2025-04-17 20:15:02,856 [trainer.py] => CNN [Product]: {'total': 88.24, '00-04': 88.24, 'old': 0, 'new': 88.24}
2025-04-17 20:15:02,856 [trainer.py] => NME [Product]: {'total': 87.06, '00-04': 87.06, 'old': 0, 'new': 87.06}
2025-04-17 20:15:02,856 [trainer.py] => CNN [Product] top1 curve: [88.24]
2025-04-17 20:15:02,856 [trainer.py] => CNN [Product] top5 curve: [100.0]
2025-04-17 20:15:02,856 [trainer.py] => NME [Product] top1 curve: [87.06]
2025-04-17 20:15:02,856 [trainer.py] => NME [Product] top5 curve: [100.0]
2025-04-17 20:15:02,857 [trainer.py] => Average Accuracy [Product] (CNN): 88.24
2025-04-17 20:15:02,857 [trainer.py] => Average Accuracy [Product] (NME): 87.06
2025-04-17 20:15:02,857 [trainer.py] => CNN [Real World]: {'total': 64.38, '00-04': 64.38, 'old': 0, 'new': 64.38}
2025-04-17 20:15:02,857 [trainer.py] => NME [Real World]: {'total': 63.01, '00-04': 63.01, 'old': 0, 'new': 63.01}
2025-04-17 20:15:02,857 [trainer.py] => CNN [Real World] top1 curve: [64.38]
2025-04-17 20:15:02,857 [trainer.py] => CNN [Real World] top5 curve: [100.0]
2025-04-17 20:15:02,857 [trainer.py] => NME [Real World] top1 curve: [63.01]
2025-04-17 20:15:02,857 [trainer.py] => NME [Real World] top5 curve: [100.0]
2025-04-17 20:15:02,857 [trainer.py] => Average Accuracy [Real World] (CNN): 64.38
2025-04-17 20:15:02,857 [trainer.py] => Average Accuracy [Real World] (NME): 63.01
2025-04-17 20:15:02,857 [trainer.py] => NME Harmonic Mean : 67.4990
2025-04-17 20:15:02,857 [trainer.py] => NME Macro Mean : 70.2600
2025-04-17 20:15:02,857 [trainer.py] => CNN Harmonic Mean : 69.3834
2025-04-17 20:15:02,857 [trainer.py] => CNN Macro Mean : 72.5175
2025-04-17 20:15:02,857 [trainer.py] => All params: 21292367
2025-04-17 20:15:02,858 [trainer.py] => Trainable params: 21292367
2025-04-17 20:15:02,859 [icarl.py] => Learning on 5-10
2025-04-17 20:15:10,947 [icarl.py] => Task 1, Epoch 1/200 => Loss 3.758, Loss_clf 2.363, Loss_kd 1.394, Train_accy 32.57, Test_accy {'Art': 23.61, 'Clipart': 27.14, 'Real World': 29.79, 'Product': 32.12}
2025-04-17 20:15:14,831 [icarl.py] => Task 1, Epoch 2/200 => Loss 3.136, Loss_clf 1.844, Loss_kd 1.291, Train_accy 37.58
2025-04-17 20:15:18,699 [icarl.py] => Task 1, Epoch 3/200 => Loss 2.979, Loss_clf 1.743, Loss_kd 1.236, Train_accy 41.43
2025-04-17 20:15:22,594 [icarl.py] => Task 1, Epoch 4/200 => Loss 2.913, Loss_clf 1.692, Loss_kd 1.221, Train_accy 43.55
2025-04-17 20:15:26,471 [icarl.py] => Task 1, Epoch 5/200 => Loss 2.785, Loss_clf 1.606, Loss_kd 1.179, Train_accy 45.62
2025-04-17 20:15:30,376 [icarl.py] => Task 1, Epoch 6/200 => Loss 2.743, Loss_clf 1.581, Loss_kd 1.161, Train_accy 46.94
2025-04-17 20:15:34,288 [icarl.py] => Task 1, Epoch 7/200 => Loss 2.675, Loss_clf 1.536, Loss_kd 1.139, Train_accy 49.67
2025-04-17 20:15:38,248 [icarl.py] => Task 1, Epoch 8/200 => Loss 2.608, Loss_clf 1.482, Loss_kd 1.125, Train_accy 51.34
2025-04-17 20:15:42,206 [icarl.py] => Task 1, Epoch 9/200 => Loss 2.561, Loss_clf 1.445, Loss_kd 1.116, Train_accy 51.90
2025-04-17 20:15:46,126 [icarl.py] => Task 1, Epoch 10/200 => Loss 2.564, Loss_clf 1.430, Loss_kd 1.133, Train_accy 51.95
2025-04-17 20:15:50,128 [icarl.py] => Task 1, Epoch 11/200 => Loss 2.431, Loss_clf 1.333, Loss_kd 1.098, Train_accy 55.64
2025-04-17 20:15:54,138 [icarl.py] => Task 1, Epoch 12/200 => Loss 2.426, Loss_clf 1.329, Loss_kd 1.097, Train_accy 54.88
2025-04-17 20:15:58,021 [icarl.py] => Task 1, Epoch 13/200 => Loss 2.380, Loss_clf 1.307, Loss_kd 1.074, Train_accy 56.80
2025-04-17 20:16:01,998 [icarl.py] => Task 1, Epoch 14/200 => Loss 2.342, Loss_clf 1.257, Loss_kd 1.085, Train_accy 57.41
2025-04-17 20:16:05,884 [icarl.py] => Task 1, Epoch 15/200 => Loss 2.347, Loss_clf 1.277, Loss_kd 1.070, Train_accy 57.97
2025-04-17 20:16:09,839 [icarl.py] => Task 1, Epoch 16/200 => Loss 2.321, Loss_clf 1.250, Loss_kd 1.071, Train_accy 57.71
2025-04-17 20:16:13,748 [icarl.py] => Task 1, Epoch 17/200 => Loss 2.250, Loss_clf 1.185, Loss_kd 1.065, Train_accy 60.04
2025-04-17 20:16:17,633 [icarl.py] => Task 1, Epoch 18/200 => Loss 2.223, Loss_clf 1.164, Loss_kd 1.058, Train_accy 61.81
2025-04-17 20:16:21,519 [icarl.py] => Task 1, Epoch 19/200 => Loss 2.223, Loss_clf 1.163, Loss_kd 1.060, Train_accy 61.41
2025-04-17 20:16:25,462 [icarl.py] => Task 1, Epoch 20/200 => Loss 2.141, Loss_clf 1.101, Loss_kd 1.040, Train_accy 63.13
2025-04-17 20:16:33,515 [icarl.py] => Task 1, Epoch 21/200 => Loss 2.138, Loss_clf 1.081, Loss_kd 1.057, Train_accy 64.09, Test_accy {'Art': 30.56, 'Clipart': 56.43, 'Real World': 46.1, 'Product': 53.94}
2025-04-17 20:16:37,392 [icarl.py] => Task 1, Epoch 22/200 => Loss 2.114, Loss_clf 1.071, Loss_kd 1.042, Train_accy 64.29
2025-04-17 20:16:41,291 [icarl.py] => Task 1, Epoch 23/200 => Loss 2.096, Loss_clf 1.054, Loss_kd 1.042, Train_accy 64.95
2025-04-17 20:16:45,159 [icarl.py] => Task 1, Epoch 24/200 => Loss 2.134, Loss_clf 1.084, Loss_kd 1.051, Train_accy 63.43
2025-04-17 20:16:49,052 [icarl.py] => Task 1, Epoch 25/200 => Loss 2.065, Loss_clf 1.020, Loss_kd 1.045, Train_accy 66.46
2025-04-17 20:16:53,026 [icarl.py] => Task 1, Epoch 26/200 => Loss 2.018, Loss_clf 0.979, Loss_kd 1.039, Train_accy 67.58
2025-04-17 20:16:57,017 [icarl.py] => Task 1, Epoch 27/200 => Loss 1.990, Loss_clf 0.963, Loss_kd 1.027, Train_accy 67.27
2025-04-17 20:17:00,938 [icarl.py] => Task 1, Epoch 28/200 => Loss 1.953, Loss_clf 0.927, Loss_kd 1.026, Train_accy 69.40
2025-04-17 20:17:04,948 [icarl.py] => Task 1, Epoch 29/200 => Loss 1.984, Loss_clf 0.954, Loss_kd 1.030, Train_accy 68.39
2025-04-17 20:17:08,901 [icarl.py] => Task 1, Epoch 30/200 => Loss 1.908, Loss_clf 0.879, Loss_kd 1.029, Train_accy 69.70
2025-04-17 20:17:12,820 [icarl.py] => Task 1, Epoch 31/200 => Loss 1.934, Loss_clf 0.904, Loss_kd 1.030, Train_accy 69.50
2025-04-17 20:17:16,750 [icarl.py] => Task 1, Epoch 32/200 => Loss 1.930, Loss_clf 0.893, Loss_kd 1.038, Train_accy 69.60
2025-04-17 20:17:20,664 [icarl.py] => Task 1, Epoch 33/200 => Loss 1.914, Loss_clf 0.880, Loss_kd 1.034, Train_accy 70.31
2025-04-17 20:17:24,564 [icarl.py] => Task 1, Epoch 34/200 => Loss 1.882, Loss_clf 0.853, Loss_kd 1.028, Train_accy 71.52
2025-04-17 20:17:28,494 [icarl.py] => Task 1, Epoch 35/200 => Loss 1.836, Loss_clf 0.805, Loss_kd 1.031, Train_accy 73.65
2025-04-17 20:17:32,429 [icarl.py] => Task 1, Epoch 36/200 => Loss 1.819, Loss_clf 0.800, Loss_kd 1.020, Train_accy 73.50
2025-04-17 20:17:36,397 [icarl.py] => Task 1, Epoch 37/200 => Loss 1.766, Loss_clf 0.757, Loss_kd 1.008, Train_accy 74.30
2025-04-17 20:17:40,296 [icarl.py] => Task 1, Epoch 38/200 => Loss 1.811, Loss_clf 0.790, Loss_kd 1.022, Train_accy 72.99
2025-04-17 20:17:44,200 [icarl.py] => Task 1, Epoch 39/200 => Loss 1.756, Loss_clf 0.737, Loss_kd 1.019, Train_accy 76.68
2025-04-17 20:17:48,138 [icarl.py] => Task 1, Epoch 40/200 => Loss 1.734, Loss_clf 0.721, Loss_kd 1.013, Train_accy 76.63
2025-04-17 20:17:56,622 [icarl.py] => Task 1, Epoch 41/200 => Loss 1.737, Loss_clf 0.708, Loss_kd 1.029, Train_accy 76.07, Test_accy {'Art': 47.22, 'Clipart': 54.29, 'Real World': 46.81, 'Product': 58.79}
2025-04-17 20:18:00,549 [icarl.py] => Task 1, Epoch 42/200 => Loss 1.748, Loss_clf 0.720, Loss_kd 1.029, Train_accy 75.82
2025-04-17 20:18:04,492 [icarl.py] => Task 1, Epoch 43/200 => Loss 1.677, Loss_clf 0.665, Loss_kd 1.012, Train_accy 78.76
2025-04-17 20:18:08,433 [icarl.py] => Task 1, Epoch 44/200 => Loss 1.704, Loss_clf 0.681, Loss_kd 1.023, Train_accy 76.73
2025-04-17 20:18:12,348 [icarl.py] => Task 1, Epoch 45/200 => Loss 1.728, Loss_clf 0.703, Loss_kd 1.025, Train_accy 76.43
2025-04-17 20:18:16,253 [icarl.py] => Task 1, Epoch 46/200 => Loss 1.696, Loss_clf 0.685, Loss_kd 1.011, Train_accy 77.44
2025-04-17 20:18:20,257 [icarl.py] => Task 1, Epoch 47/200 => Loss 1.683, Loss_clf 0.674, Loss_kd 1.009, Train_accy 77.54
2025-04-17 20:18:24,169 [icarl.py] => Task 1, Epoch 48/200 => Loss 1.668, Loss_clf 0.653, Loss_kd 1.016, Train_accy 79.21
2025-04-17 20:18:28,072 [icarl.py] => Task 1, Epoch 49/200 => Loss 1.618, Loss_clf 0.607, Loss_kd 1.011, Train_accy 80.48
2025-04-17 20:18:32,009 [icarl.py] => Task 1, Epoch 50/200 => Loss 1.620, Loss_clf 0.606, Loss_kd 1.014, Train_accy 80.07
2025-04-17 20:18:35,921 [icarl.py] => Task 1, Epoch 51/200 => Loss 1.642, Loss_clf 0.623, Loss_kd 1.018, Train_accy 79.62
2025-04-17 20:18:39,812 [icarl.py] => Task 1, Epoch 52/200 => Loss 1.626, Loss_clf 0.604, Loss_kd 1.021, Train_accy 79.92
2025-04-17 20:18:43,780 [icarl.py] => Task 1, Epoch 53/200 => Loss 1.635, Loss_clf 0.627, Loss_kd 1.008, Train_accy 79.72
2025-04-17 20:18:47,714 [icarl.py] => Task 1, Epoch 54/200 => Loss 1.620, Loss_clf 0.610, Loss_kd 1.010, Train_accy 80.58
2025-04-17 20:18:51,728 [icarl.py] => Task 1, Epoch 55/200 => Loss 1.615, Loss_clf 0.596, Loss_kd 1.020, Train_accy 80.37
2025-04-17 20:18:55,783 [icarl.py] => Task 1, Epoch 56/200 => Loss 1.549, Loss_clf 0.541, Loss_kd 1.008, Train_accy 82.80
2025-04-17 20:18:59,702 [icarl.py] => Task 1, Epoch 57/200 => Loss 1.551, Loss_clf 0.538, Loss_kd 1.013, Train_accy 82.65
2025-04-17 20:19:03,686 [icarl.py] => Task 1, Epoch 58/200 => Loss 1.546, Loss_clf 0.539, Loss_kd 1.007, Train_accy 82.65
2025-04-17 20:19:07,654 [icarl.py] => Task 1, Epoch 59/200 => Loss 1.521, Loss_clf 0.514, Loss_kd 1.007, Train_accy 84.07
2025-04-17 20:19:11,589 [icarl.py] => Task 1, Epoch 60/200 => Loss 1.496, Loss_clf 0.495, Loss_kd 1.001, Train_accy 83.97
2025-04-17 20:19:19,943 [icarl.py] => Task 1, Epoch 61/200 => Loss 1.483, Loss_clf 0.480, Loss_kd 1.003, Train_accy 85.63, Test_accy {'Art': 48.61, 'Clipart': 60.71, 'Real World': 53.19, 'Product': 62.42}
2025-04-17 20:19:23,825 [icarl.py] => Task 1, Epoch 62/200 => Loss 1.503, Loss_clf 0.501, Loss_kd 1.001, Train_accy 84.07
2025-04-17 20:19:27,754 [icarl.py] => Task 1, Epoch 63/200 => Loss 1.492, Loss_clf 0.487, Loss_kd 1.005, Train_accy 84.52
2025-04-17 20:19:31,659 [icarl.py] => Task 1, Epoch 64/200 => Loss 1.475, Loss_clf 0.474, Loss_kd 1.002, Train_accy 84.57
2025-04-17 20:19:35,625 [icarl.py] => Task 1, Epoch 65/200 => Loss 1.470, Loss_clf 0.466, Loss_kd 1.005, Train_accy 85.13
2025-04-17 20:19:39,554 [icarl.py] => Task 1, Epoch 66/200 => Loss 1.424, Loss_clf 0.435, Loss_kd 0.989, Train_accy 85.84
2025-04-17 20:19:43,467 [icarl.py] => Task 1, Epoch 67/200 => Loss 1.406, Loss_clf 0.419, Loss_kd 0.987, Train_accy 86.90
2025-04-17 20:19:47,402 [icarl.py] => Task 1, Epoch 68/200 => Loss 1.484, Loss_clf 0.478, Loss_kd 1.006, Train_accy 85.53
2025-04-17 20:19:51,353 [icarl.py] => Task 1, Epoch 69/200 => Loss 1.465, Loss_clf 0.458, Loss_kd 1.007, Train_accy 85.69
2025-04-17 20:19:55,323 [icarl.py] => Task 1, Epoch 70/200 => Loss 1.417, Loss_clf 0.421, Loss_kd 0.996, Train_accy 86.55
2025-04-17 20:19:59,278 [icarl.py] => Task 1, Epoch 71/200 => Loss 1.419, Loss_clf 0.412, Loss_kd 1.007, Train_accy 86.19
2025-04-17 20:20:03,202 [icarl.py] => Task 1, Epoch 72/200 => Loss 1.402, Loss_clf 0.411, Loss_kd 0.991, Train_accy 87.61
2025-04-17 20:20:07,160 [icarl.py] => Task 1, Epoch 73/200 => Loss 1.405, Loss_clf 0.397, Loss_kd 1.008, Train_accy 87.30
2025-04-17 20:20:11,086 [icarl.py] => Task 1, Epoch 74/200 => Loss 1.393, Loss_clf 0.395, Loss_kd 0.998, Train_accy 87.86
2025-04-17 20:20:15,045 [icarl.py] => Task 1, Epoch 75/200 => Loss 1.397, Loss_clf 0.398, Loss_kd 0.999, Train_accy 88.21
2025-04-17 20:20:18,974 [icarl.py] => Task 1, Epoch 76/200 => Loss 1.416, Loss_clf 0.422, Loss_kd 0.994, Train_accy 86.90
2025-04-17 20:20:22,890 [icarl.py] => Task 1, Epoch 77/200 => Loss 1.387, Loss_clf 0.392, Loss_kd 0.995, Train_accy 87.66
2025-04-17 20:20:26,852 [icarl.py] => Task 1, Epoch 78/200 => Loss 1.366, Loss_clf 0.375, Loss_kd 0.991, Train_accy 87.76
2025-04-17 20:20:30,893 [icarl.py] => Task 1, Epoch 79/200 => Loss 1.345, Loss_clf 0.364, Loss_kd 0.982, Train_accy 89.43
2025-04-17 20:20:34,857 [icarl.py] => Task 1, Epoch 80/200 => Loss 1.342, Loss_clf 0.351, Loss_kd 0.991, Train_accy 89.98
2025-04-17 20:20:43,219 [icarl.py] => Task 1, Epoch 81/200 => Loss 1.395, Loss_clf 0.395, Loss_kd 1.000, Train_accy 88.67, Test_accy {'Art': 44.44, 'Clipart': 62.86, 'Real World': 55.32, 'Product': 76.36}
2025-04-17 20:20:47,133 [icarl.py] => Task 1, Epoch 82/200 => Loss 1.364, Loss_clf 0.373, Loss_kd 0.991, Train_accy 88.72
2025-04-17 20:20:51,020 [icarl.py] => Task 1, Epoch 83/200 => Loss 1.361, Loss_clf 0.370, Loss_kd 0.992, Train_accy 88.97
2025-04-17 20:20:54,983 [icarl.py] => Task 1, Epoch 84/200 => Loss 1.305, Loss_clf 0.323, Loss_kd 0.982, Train_accy 90.74
2025-04-17 20:20:59,016 [icarl.py] => Task 1, Epoch 85/200 => Loss 1.310, Loss_clf 0.324, Loss_kd 0.987, Train_accy 90.44
2025-04-17 20:21:02,995 [icarl.py] => Task 1, Epoch 86/200 => Loss 1.301, Loss_clf 0.325, Loss_kd 0.975, Train_accy 90.64
2025-04-17 20:21:06,969 [icarl.py] => Task 1, Epoch 87/200 => Loss 1.326, Loss_clf 0.325, Loss_kd 1.002, Train_accy 90.29
2025-04-17 20:21:10,891 [icarl.py] => Task 1, Epoch 88/200 => Loss 1.308, Loss_clf 0.321, Loss_kd 0.987, Train_accy 89.88
2025-04-17 20:21:14,918 [icarl.py] => Task 1, Epoch 89/200 => Loss 1.288, Loss_clf 0.305, Loss_kd 0.983, Train_accy 90.24
2025-04-17 20:21:18,860 [icarl.py] => Task 1, Epoch 90/200 => Loss 1.312, Loss_clf 0.331, Loss_kd 0.982, Train_accy 90.24
2025-04-17 20:21:22,829 [icarl.py] => Task 1, Epoch 91/200 => Loss 1.302, Loss_clf 0.315, Loss_kd 0.987, Train_accy 90.79
2025-04-17 20:21:26,798 [icarl.py] => Task 1, Epoch 92/200 => Loss 1.317, Loss_clf 0.334, Loss_kd 0.983, Train_accy 89.43
2025-04-17 20:21:30,796 [icarl.py] => Task 1, Epoch 93/200 => Loss 1.275, Loss_clf 0.296, Loss_kd 0.979, Train_accy 90.84
2025-04-17 20:21:34,768 [icarl.py] => Task 1, Epoch 94/200 => Loss 1.278, Loss_clf 0.292, Loss_kd 0.987, Train_accy 91.25
2025-04-17 20:21:38,745 [icarl.py] => Task 1, Epoch 95/200 => Loss 1.275, Loss_clf 0.286, Loss_kd 0.989, Train_accy 91.50
2025-04-17 20:21:42,655 [icarl.py] => Task 1, Epoch 96/200 => Loss 1.247, Loss_clf 0.265, Loss_kd 0.982, Train_accy 91.70
2025-04-17 20:21:46,687 [icarl.py] => Task 1, Epoch 97/200 => Loss 1.263, Loss_clf 0.272, Loss_kd 0.991, Train_accy 91.60
2025-04-17 20:21:50,628 [icarl.py] => Task 1, Epoch 98/200 => Loss 1.222, Loss_clf 0.241, Loss_kd 0.982, Train_accy 92.72
2025-04-17 20:21:54,578 [icarl.py] => Task 1, Epoch 99/200 => Loss 1.228, Loss_clf 0.253, Loss_kd 0.975, Train_accy 92.31
2025-04-17 20:21:58,466 [icarl.py] => Task 1, Epoch 100/200 => Loss 1.254, Loss_clf 0.279, Loss_kd 0.975, Train_accy 91.70
2025-04-17 20:22:06,641 [icarl.py] => Task 1, Epoch 101/200 => Loss 1.246, Loss_clf 0.268, Loss_kd 0.978, Train_accy 93.37, Test_accy {'Art': 50.0, 'Clipart': 70.0, 'Real World': 50.35, 'Product': 72.12}
2025-04-17 20:22:10,523 [icarl.py] => Task 1, Epoch 102/200 => Loss 1.230, Loss_clf 0.247, Loss_kd 0.983, Train_accy 92.51
2025-04-17 20:22:14,511 [icarl.py] => Task 1, Epoch 103/200 => Loss 1.257, Loss_clf 0.270, Loss_kd 0.987, Train_accy 92.21
2025-04-17 20:22:18,519 [icarl.py] => Task 1, Epoch 104/200 => Loss 1.268, Loss_clf 0.280, Loss_kd 0.988, Train_accy 91.45
2025-04-17 20:22:22,472 [icarl.py] => Task 1, Epoch 105/200 => Loss 1.232, Loss_clf 0.255, Loss_kd 0.976, Train_accy 92.51
2025-04-17 20:22:26,473 [icarl.py] => Task 1, Epoch 106/200 => Loss 1.221, Loss_clf 0.241, Loss_kd 0.980, Train_accy 92.97
2025-04-17 20:22:30,418 [icarl.py] => Task 1, Epoch 107/200 => Loss 1.204, Loss_clf 0.228, Loss_kd 0.976, Train_accy 93.93
2025-04-17 20:22:34,313 [icarl.py] => Task 1, Epoch 108/200 => Loss 1.171, Loss_clf 0.195, Loss_kd 0.976, Train_accy 94.84
2025-04-17 20:22:38,271 [icarl.py] => Task 1, Epoch 109/200 => Loss 1.212, Loss_clf 0.244, Loss_kd 0.969, Train_accy 93.02
2025-04-17 20:22:42,191 [icarl.py] => Task 1, Epoch 110/200 => Loss 1.186, Loss_clf 0.211, Loss_kd 0.975, Train_accy 94.23
2025-04-17 20:22:46,115 [icarl.py] => Task 1, Epoch 111/200 => Loss 1.190, Loss_clf 0.216, Loss_kd 0.975, Train_accy 94.13
2025-04-17 20:22:50,114 [icarl.py] => Task 1, Epoch 112/200 => Loss 1.207, Loss_clf 0.225, Loss_kd 0.981, Train_accy 93.63
2025-04-17 20:22:54,099 [icarl.py] => Task 1, Epoch 113/200 => Loss 1.217, Loss_clf 0.238, Loss_kd 0.979, Train_accy 93.47
2025-04-17 20:22:58,095 [icarl.py] => Task 1, Epoch 114/200 => Loss 1.195, Loss_clf 0.222, Loss_kd 0.973, Train_accy 93.37
2025-04-17 20:23:02,017 [icarl.py] => Task 1, Epoch 115/200 => Loss 1.196, Loss_clf 0.221, Loss_kd 0.975, Train_accy 93.37
2025-04-17 20:23:05,946 [icarl.py] => Task 1, Epoch 116/200 => Loss 1.186, Loss_clf 0.213, Loss_kd 0.973, Train_accy 94.23
2025-04-17 20:23:09,924 [icarl.py] => Task 1, Epoch 117/200 => Loss 1.193, Loss_clf 0.220, Loss_kd 0.973, Train_accy 93.37
2025-04-17 20:23:13,828 [icarl.py] => Task 1, Epoch 118/200 => Loss 1.183, Loss_clf 0.212, Loss_kd 0.970, Train_accy 93.53
2025-04-17 20:23:17,812 [icarl.py] => Task 1, Epoch 119/200 => Loss 1.169, Loss_clf 0.197, Loss_kd 0.972, Train_accy 94.49
2025-04-17 20:23:21,749 [icarl.py] => Task 1, Epoch 120/200 => Loss 1.165, Loss_clf 0.194, Loss_kd 0.972, Train_accy 94.28
2025-04-17 20:23:30,072 [icarl.py] => Task 1, Epoch 121/200 => Loss 1.190, Loss_clf 0.220, Loss_kd 0.970, Train_accy 93.73, Test_accy {'Art': 55.56, 'Clipart': 71.43, 'Real World': 57.45, 'Product': 81.21}
2025-04-17 20:23:34,040 [icarl.py] => Task 1, Epoch 122/200 => Loss 1.148, Loss_clf 0.178, Loss_kd 0.970, Train_accy 95.40
2025-04-17 20:23:37,937 [icarl.py] => Task 1, Epoch 123/200 => Loss 1.138, Loss_clf 0.176, Loss_kd 0.963, Train_accy 95.40
2025-04-17 20:23:41,844 [icarl.py] => Task 1, Epoch 124/200 => Loss 1.141, Loss_clf 0.170, Loss_kd 0.971, Train_accy 94.89
2025-04-17 20:23:45,762 [icarl.py] => Task 1, Epoch 125/200 => Loss 1.138, Loss_clf 0.177, Loss_kd 0.961, Train_accy 95.65
2025-04-17 20:23:49,697 [icarl.py] => Task 1, Epoch 126/200 => Loss 1.137, Loss_clf 0.178, Loss_kd 0.959, Train_accy 95.19
2025-04-17 20:23:53,587 [icarl.py] => Task 1, Epoch 127/200 => Loss 1.131, Loss_clf 0.174, Loss_kd 0.958, Train_accy 95.19
2025-04-17 20:23:57,526 [icarl.py] => Task 1, Epoch 128/200 => Loss 1.114, Loss_clf 0.148, Loss_kd 0.967, Train_accy 96.00
2025-04-17 20:24:01,469 [icarl.py] => Task 1, Epoch 129/200 => Loss 1.129, Loss_clf 0.161, Loss_kd 0.968, Train_accy 95.70
2025-04-17 20:24:05,371 [icarl.py] => Task 1, Epoch 130/200 => Loss 1.126, Loss_clf 0.162, Loss_kd 0.964, Train_accy 95.60
2025-04-17 20:24:09,295 [icarl.py] => Task 1, Epoch 131/200 => Loss 1.110, Loss_clf 0.154, Loss_kd 0.956, Train_accy 95.65
2025-04-17 20:24:13,199 [icarl.py] => Task 1, Epoch 132/200 => Loss 1.119, Loss_clf 0.164, Loss_kd 0.955, Train_accy 95.45
2025-04-17 20:24:17,115 [icarl.py] => Task 1, Epoch 133/200 => Loss 1.114, Loss_clf 0.148, Loss_kd 0.966, Train_accy 96.31
2025-04-17 20:24:21,051 [icarl.py] => Task 1, Epoch 134/200 => Loss 1.142, Loss_clf 0.179, Loss_kd 0.963, Train_accy 95.45
2025-04-17 20:24:25,034 [icarl.py] => Task 1, Epoch 135/200 => Loss 1.110, Loss_clf 0.152, Loss_kd 0.958, Train_accy 95.80
2025-04-17 20:24:29,015 [icarl.py] => Task 1, Epoch 136/200 => Loss 1.112, Loss_clf 0.146, Loss_kd 0.965, Train_accy 96.05
2025-04-17 20:24:32,980 [icarl.py] => Task 1, Epoch 137/200 => Loss 1.106, Loss_clf 0.148, Loss_kd 0.958, Train_accy 96.05
2025-04-17 20:24:36,898 [icarl.py] => Task 1, Epoch 138/200 => Loss 1.115, Loss_clf 0.154, Loss_kd 0.961, Train_accy 95.50
2025-04-17 20:24:40,849 [icarl.py] => Task 1, Epoch 139/200 => Loss 1.095, Loss_clf 0.134, Loss_kd 0.961, Train_accy 96.86
2025-04-17 20:24:44,783 [icarl.py] => Task 1, Epoch 140/200 => Loss 1.090, Loss_clf 0.133, Loss_kd 0.957, Train_accy 96.71
2025-04-17 20:24:52,998 [icarl.py] => Task 1, Epoch 141/200 => Loss 1.095, Loss_clf 0.141, Loss_kd 0.953, Train_accy 95.90, Test_accy {'Art': 50.0, 'Clipart': 70.71, 'Real World': 61.7, 'Product': 83.64}
2025-04-17 20:24:56,892 [icarl.py] => Task 1, Epoch 142/200 => Loss 1.096, Loss_clf 0.140, Loss_kd 0.956, Train_accy 96.81
2025-04-17 20:25:00,800 [icarl.py] => Task 1, Epoch 143/200 => Loss 1.066, Loss_clf 0.125, Loss_kd 0.941, Train_accy 97.12
2025-04-17 20:25:04,730 [icarl.py] => Task 1, Epoch 144/200 => Loss 1.087, Loss_clf 0.131, Loss_kd 0.956, Train_accy 96.46
2025-04-17 20:25:08,615 [icarl.py] => Task 1, Epoch 145/200 => Loss 1.092, Loss_clf 0.128, Loss_kd 0.964, Train_accy 97.02
2025-04-17 20:25:12,500 [icarl.py] => Task 1, Epoch 146/200 => Loss 1.067, Loss_clf 0.115, Loss_kd 0.952, Train_accy 96.97
2025-04-17 20:25:16,414 [icarl.py] => Task 1, Epoch 147/200 => Loss 1.051, Loss_clf 0.104, Loss_kd 0.946, Train_accy 97.88
2025-04-17 20:25:20,296 [icarl.py] => Task 1, Epoch 148/200 => Loss 1.070, Loss_clf 0.118, Loss_kd 0.952, Train_accy 97.32
2025-04-17 20:25:24,190 [icarl.py] => Task 1, Epoch 149/200 => Loss 1.061, Loss_clf 0.115, Loss_kd 0.946, Train_accy 97.42
2025-04-17 20:25:28,094 [icarl.py] => Task 1, Epoch 150/200 => Loss 1.094, Loss_clf 0.139, Loss_kd 0.955, Train_accy 96.46
2025-04-17 20:25:31,979 [icarl.py] => Task 1, Epoch 151/200 => Loss 1.078, Loss_clf 0.125, Loss_kd 0.952, Train_accy 96.56
2025-04-17 20:25:35,977 [icarl.py] => Task 1, Epoch 152/200 => Loss 1.080, Loss_clf 0.122, Loss_kd 0.958, Train_accy 97.52
2025-04-17 20:25:39,886 [icarl.py] => Task 1, Epoch 153/200 => Loss 1.079, Loss_clf 0.122, Loss_kd 0.957, Train_accy 96.76
2025-04-17 20:25:43,792 [icarl.py] => Task 1, Epoch 154/200 => Loss 1.080, Loss_clf 0.123, Loss_kd 0.957, Train_accy 97.22
2025-04-17 20:25:47,688 [icarl.py] => Task 1, Epoch 155/200 => Loss 1.063, Loss_clf 0.117, Loss_kd 0.946, Train_accy 97.17
2025-04-17 20:25:51,625 [icarl.py] => Task 1, Epoch 156/200 => Loss 1.055, Loss_clf 0.107, Loss_kd 0.948, Train_accy 97.67
2025-04-17 20:25:55,532 [icarl.py] => Task 1, Epoch 157/200 => Loss 1.079, Loss_clf 0.122, Loss_kd 0.957, Train_accy 97.22
2025-04-17 20:25:59,473 [icarl.py] => Task 1, Epoch 158/200 => Loss 1.065, Loss_clf 0.108, Loss_kd 0.957, Train_accy 97.27
2025-04-17 20:26:03,352 [icarl.py] => Task 1, Epoch 159/200 => Loss 1.059, Loss_clf 0.109, Loss_kd 0.949, Train_accy 97.88
2025-04-17 20:26:07,276 [icarl.py] => Task 1, Epoch 160/200 => Loss 1.066, Loss_clf 0.119, Loss_kd 0.947, Train_accy 97.42
2025-04-17 20:26:15,409 [icarl.py] => Task 1, Epoch 161/200 => Loss 1.053, Loss_clf 0.108, Loss_kd 0.945, Train_accy 97.47, Test_accy {'Art': 48.61, 'Clipart': 71.43, 'Real World': 56.74, 'Product': 83.64}
2025-04-17 20:26:19,344 [icarl.py] => Task 1, Epoch 162/200 => Loss 1.062, Loss_clf 0.114, Loss_kd 0.948, Train_accy 97.67
2025-04-17 20:26:23,254 [icarl.py] => Task 1, Epoch 163/200 => Loss 1.066, Loss_clf 0.113, Loss_kd 0.953, Train_accy 97.27
2025-04-17 20:26:27,191 [icarl.py] => Task 1, Epoch 164/200 => Loss 1.068, Loss_clf 0.115, Loss_kd 0.953, Train_accy 97.32
2025-04-17 20:26:31,095 [icarl.py] => Task 1, Epoch 165/200 => Loss 1.051, Loss_clf 0.101, Loss_kd 0.950, Train_accy 98.18
2025-04-17 20:26:34,998 [icarl.py] => Task 1, Epoch 166/200 => Loss 1.058, Loss_clf 0.102, Loss_kd 0.956, Train_accy 97.77
2025-04-17 20:26:38,919 [icarl.py] => Task 1, Epoch 167/200 => Loss 1.068, Loss_clf 0.122, Loss_kd 0.947, Train_accy 97.07
2025-04-17 20:26:42,865 [icarl.py] => Task 1, Epoch 168/200 => Loss 1.047, Loss_clf 0.095, Loss_kd 0.953, Train_accy 97.93
2025-04-17 20:26:46,782 [icarl.py] => Task 1, Epoch 169/200 => Loss 1.048, Loss_clf 0.102, Loss_kd 0.946, Train_accy 97.72
2025-04-17 20:26:50,733 [icarl.py] => Task 1, Epoch 170/200 => Loss 1.025, Loss_clf 0.088, Loss_kd 0.937, Train_accy 98.03
2025-04-17 20:26:54,704 [icarl.py] => Task 1, Epoch 171/200 => Loss 1.051, Loss_clf 0.103, Loss_kd 0.948, Train_accy 97.62
2025-04-17 20:26:58,652 [icarl.py] => Task 1, Epoch 172/200 => Loss 1.061, Loss_clf 0.109, Loss_kd 0.953, Train_accy 97.22
2025-04-17 20:27:02,577 [icarl.py] => Task 1, Epoch 173/200 => Loss 1.051, Loss_clf 0.099, Loss_kd 0.952, Train_accy 97.77
2025-04-17 20:27:06,480 [icarl.py] => Task 1, Epoch 174/200 => Loss 1.053, Loss_clf 0.105, Loss_kd 0.948, Train_accy 97.52
2025-04-17 20:27:10,432 [icarl.py] => Task 1, Epoch 175/200 => Loss 1.040, Loss_clf 0.093, Loss_kd 0.946, Train_accy 97.98
2025-04-17 20:27:14,321 [icarl.py] => Task 1, Epoch 176/200 => Loss 1.073, Loss_clf 0.123, Loss_kd 0.949, Train_accy 96.66
2025-04-17 20:27:18,246 [icarl.py] => Task 1, Epoch 177/200 => Loss 1.060, Loss_clf 0.107, Loss_kd 0.952, Train_accy 97.67
2025-04-17 20:27:22,168 [icarl.py] => Task 1, Epoch 178/200 => Loss 1.051, Loss_clf 0.101, Loss_kd 0.950, Train_accy 97.62
2025-04-17 20:27:26,141 [icarl.py] => Task 1, Epoch 179/200 => Loss 1.043, Loss_clf 0.094, Loss_kd 0.949, Train_accy 97.72
2025-04-17 20:27:30,055 [icarl.py] => Task 1, Epoch 180/200 => Loss 1.056, Loss_clf 0.101, Loss_kd 0.954, Train_accy 97.62
2025-04-17 20:27:38,190 [icarl.py] => Task 1, Epoch 181/200 => Loss 1.037, Loss_clf 0.095, Loss_kd 0.942, Train_accy 98.08, Test_accy {'Art': 47.22, 'Clipart': 72.14, 'Real World': 57.45, 'Product': 85.45}
2025-04-17 20:27:42,128 [icarl.py] => Task 1, Epoch 182/200 => Loss 1.064, Loss_clf 0.104, Loss_kd 0.960, Train_accy 97.62
2025-04-17 20:27:46,053 [icarl.py] => Task 1, Epoch 183/200 => Loss 1.064, Loss_clf 0.104, Loss_kd 0.960, Train_accy 97.77
2025-04-17 20:27:49,918 [icarl.py] => Task 1, Epoch 184/200 => Loss 1.041, Loss_clf 0.098, Loss_kd 0.943, Train_accy 97.77
2025-04-17 20:27:53,830 [icarl.py] => Task 1, Epoch 185/200 => Loss 1.047, Loss_clf 0.101, Loss_kd 0.946, Train_accy 97.88
2025-04-17 20:27:57,765 [icarl.py] => Task 1, Epoch 186/200 => Loss 1.038, Loss_clf 0.089, Loss_kd 0.949, Train_accy 98.13
2025-04-17 20:28:01,683 [icarl.py] => Task 1, Epoch 187/200 => Loss 1.041, Loss_clf 0.101, Loss_kd 0.939, Train_accy 97.82
2025-04-17 20:28:05,577 [icarl.py] => Task 1, Epoch 188/200 => Loss 1.069, Loss_clf 0.111, Loss_kd 0.958, Train_accy 97.72
2025-04-17 20:28:09,472 [icarl.py] => Task 1, Epoch 189/200 => Loss 1.047, Loss_clf 0.097, Loss_kd 0.949, Train_accy 97.88
2025-04-17 20:28:13,418 [icarl.py] => Task 1, Epoch 190/200 => Loss 1.038, Loss_clf 0.094, Loss_kd 0.944, Train_accy 97.77
2025-04-17 20:28:17,310 [icarl.py] => Task 1, Epoch 191/200 => Loss 1.055, Loss_clf 0.101, Loss_kd 0.954, Train_accy 97.88
2025-04-17 20:28:21,197 [icarl.py] => Task 1, Epoch 192/200 => Loss 1.023, Loss_clf 0.086, Loss_kd 0.937, Train_accy 98.03
2025-04-17 20:28:25,099 [icarl.py] => Task 1, Epoch 193/200 => Loss 1.026, Loss_clf 0.088, Loss_kd 0.939, Train_accy 98.38
2025-04-17 20:28:29,082 [icarl.py] => Task 1, Epoch 194/200 => Loss 1.033, Loss_clf 0.094, Loss_kd 0.938, Train_accy 97.98
2025-04-17 20:28:33,023 [icarl.py] => Task 1, Epoch 195/200 => Loss 1.047, Loss_clf 0.097, Loss_kd 0.950, Train_accy 97.98
2025-04-17 20:28:36,931 [icarl.py] => Task 1, Epoch 196/200 => Loss 1.021, Loss_clf 0.078, Loss_kd 0.943, Train_accy 98.48
2025-04-17 20:28:40,813 [icarl.py] => Task 1, Epoch 197/200 => Loss 1.050, Loss_clf 0.096, Loss_kd 0.954, Train_accy 97.77
2025-04-17 20:28:44,709 [icarl.py] => Task 1, Epoch 198/200 => Loss 1.045, Loss_clf 0.095, Loss_kd 0.950, Train_accy 97.93
2025-04-17 20:28:48,651 [icarl.py] => Task 1, Epoch 199/200 => Loss 1.055, Loss_clf 0.106, Loss_kd 0.949, Train_accy 97.88
2025-04-17 20:28:52,547 [icarl.py] => Task 1, Epoch 200/200 => Loss 1.029, Loss_clf 0.089, Loss_kd 0.940, Train_accy 97.93
2025-04-17 20:28:52,548 [base.py] => Reducing exemplars...(130 per classes)
2025-04-17 20:28:55,909 [base.py] => Constructing exemplars...(130 per classes)
2025-04-17 20:29:11,978 [icarl.py] => Exemplar size: 1300
2025-04-17 20:29:12,831 [trainer.py] => CNN [Art]: {'total': 47.22, '00-04': 50.0, '05-09': 44.12, 'old': 50.0, 'new': 44.12}
2025-04-17 20:29:12,831 [trainer.py] => NME [Art]: {'total': 51.39, '00-04': 50.0, '05-09': 52.94, 'old': 50.0, 'new': 52.94}
2025-04-17 20:29:12,832 [trainer.py] => CNN [Art] top1 curve: [60.53, 47.22]
2025-04-17 20:29:12,832 [trainer.py] => CNN [Art] top5 curve: [100.0, 84.72]
2025-04-17 20:29:12,832 [trainer.py] => NME [Art] top1 curve: [57.89, 51.39]
2025-04-17 20:29:12,832 [trainer.py] => NME [Art] top5 curve: [100.0, 86.11]
2025-04-17 20:29:12,832 [trainer.py] => Average Accuracy [Art] (CNN): 53.875
2025-04-17 20:29:12,832 [trainer.py] => Average Accuracy [Art] (NME): 54.64
2025-04-17 20:29:12,832 [trainer.py] => CNN [Clipart]: {'total': 71.43, '00-04': 79.49, '05-09': 61.29, 'old': 79.49, 'new': 61.29}
2025-04-17 20:29:12,832 [trainer.py] => NME [Clipart]: {'total': 68.57, '00-04': 73.08, '05-09': 62.9, 'old': 73.08, 'new': 62.9}
2025-04-17 20:29:12,832 [trainer.py] => CNN [Clipart] top1 curve: [76.92, 71.43]
2025-04-17 20:29:12,832 [trainer.py] => CNN [Clipart] top5 curve: [100.0, 92.14]
2025-04-17 20:29:12,832 [trainer.py] => NME [Clipart] top1 curve: [73.08, 68.57]
2025-04-17 20:29:12,832 [trainer.py] => NME [Clipart] top5 curve: [100.0, 89.29]
2025-04-17 20:29:12,832 [trainer.py] => Average Accuracy [Clipart] (CNN): 74.17500000000001
2025-04-17 20:29:12,832 [trainer.py] => Average Accuracy [Clipart] (NME): 70.82499999999999
2025-04-17 20:29:12,832 [trainer.py] => CNN [Product]: {'total': 85.45, '00-04': 92.94, '05-09': 77.5, 'old': 92.94, 'new': 77.5}
2025-04-17 20:29:12,832 [trainer.py] => NME [Product]: {'total': 85.45, '00-04': 91.76, '05-09': 78.75, 'old': 91.76, 'new': 78.75}
2025-04-17 20:29:12,832 [trainer.py] => CNN [Product] top1 curve: [88.24, 85.45]
2025-04-17 20:29:12,832 [trainer.py] => CNN [Product] top5 curve: [100.0, 99.39]
2025-04-17 20:29:12,832 [trainer.py] => NME [Product] top1 curve: [87.06, 85.45]
2025-04-17 20:29:12,832 [trainer.py] => NME [Product] top5 curve: [100.0, 99.39]
2025-04-17 20:29:12,832 [trainer.py] => Average Accuracy [Product] (CNN): 86.845
2025-04-17 20:29:12,832 [trainer.py] => Average Accuracy [Product] (NME): 86.255
2025-04-17 20:29:12,832 [trainer.py] => CNN [Real World]: {'total': 58.16, '00-04': 63.01, '05-09': 52.94, 'old': 63.01, 'new': 52.94}
2025-04-17 20:29:12,833 [trainer.py] => NME [Real World]: {'total': 58.16, '00-04': 63.01, '05-09': 52.94, 'old': 63.01, 'new': 52.94}
2025-04-17 20:29:12,833 [trainer.py] => CNN [Real World] top1 curve: [64.38, 58.16]
2025-04-17 20:29:12,833 [trainer.py] => CNN [Real World] top5 curve: [100.0, 88.65]
2025-04-17 20:29:12,833 [trainer.py] => NME [Real World] top1 curve: [63.01, 58.16]
2025-04-17 20:29:12,833 [trainer.py] => NME [Real World] top5 curve: [100.0, 91.49]
2025-04-17 20:29:12,833 [trainer.py] => Average Accuracy [Real World] (CNN): 61.269999999999996
2025-04-17 20:29:12,833 [trainer.py] => Average Accuracy [Real World] (NME): 60.584999999999994
2025-04-17 20:29:12,833 [trainer.py] => NME Harmonic Mean : 62.8953
2025-04-17 20:29:12,833 [trainer.py] => NME Macro Mean : 65.8925
2025-04-17 20:29:12,833 [trainer.py] => CNN Harmonic Mean : 62.7104
2025-04-17 20:29:12,833 [trainer.py] => CNN Macro Mean : 65.5650
2025-04-17 20:29:12,833 [trainer.py] => All params: 21294932
2025-04-17 20:29:12,834 [trainer.py] => Trainable params: 21294932
2025-04-17 20:29:12,835 [icarl.py] => Learning on 10-15
2025-04-17 20:29:21,284 [icarl.py] => Task 2, Epoch 1/200 => Loss 3.835, Loss_clf 2.215, Loss_kd 1.620, Train_accy 44.25, Test_accy {'Art': 22.94, 'Clipart': 27.18, 'Real World': 23.94, 'Product': 30.4}
2025-04-17 20:29:25,168 [icarl.py] => Task 2, Epoch 2/200 => Loss 3.605, Loss_clf 1.923, Loss_kd 1.682, Train_accy 40.27
2025-04-17 20:29:28,991 [icarl.py] => Task 2, Epoch 3/200 => Loss 3.168, Loss_clf 1.625, Loss_kd 1.543, Train_accy 47.83
2025-04-17 20:29:32,814 [icarl.py] => Task 2, Epoch 4/200 => Loss 3.031, Loss_clf 1.530, Loss_kd 1.501, Train_accy 51.35
2025-04-17 20:29:36,690 [icarl.py] => Task 2, Epoch 5/200 => Loss 2.879, Loss_clf 1.414, Loss_kd 1.465, Train_accy 54.81
2025-04-17 20:29:40,589 [icarl.py] => Task 2, Epoch 6/200 => Loss 2.844, Loss_clf 1.403, Loss_kd 1.441, Train_accy 55.69
2025-04-17 20:29:44,479 [icarl.py] => Task 2, Epoch 7/200 => Loss 2.717, Loss_clf 1.292, Loss_kd 1.425, Train_accy 59.21
2025-04-17 20:29:48,361 [icarl.py] => Task 2, Epoch 8/200 => Loss 2.603, Loss_clf 1.219, Loss_kd 1.384, Train_accy 61.13
2025-04-17 20:29:52,282 [icarl.py] => Task 2, Epoch 9/200 => Loss 2.610, Loss_clf 1.223, Loss_kd 1.387, Train_accy 61.80
2025-04-17 20:29:56,193 [icarl.py] => Task 2, Epoch 10/200 => Loss 2.479, Loss_clf 1.117, Loss_kd 1.363, Train_accy 62.73
2025-04-17 20:30:00,082 [icarl.py] => Task 2, Epoch 11/200 => Loss 2.451, Loss_clf 1.092, Loss_kd 1.358, Train_accy 65.17
2025-04-17 20:30:03,955 [icarl.py] => Task 2, Epoch 12/200 => Loss 2.386, Loss_clf 1.036, Loss_kd 1.350, Train_accy 67.60
2025-04-17 20:30:07,878 [icarl.py] => Task 2, Epoch 13/200 => Loss 2.396, Loss_clf 1.047, Loss_kd 1.349, Train_accy 65.63
2025-04-17 20:30:11,763 [icarl.py] => Task 2, Epoch 14/200 => Loss 2.321, Loss_clf 0.995, Loss_kd 1.325, Train_accy 68.79
2025-04-17 20:30:15,649 [icarl.py] => Task 2, Epoch 15/200 => Loss 2.310, Loss_clf 0.970, Loss_kd 1.340, Train_accy 67.86
2025-04-17 20:30:19,519 [icarl.py] => Task 2, Epoch 16/200 => Loss 2.225, Loss_clf 0.920, Loss_kd 1.304, Train_accy 68.94
2025-04-17 20:30:23,427 [icarl.py] => Task 2, Epoch 17/200 => Loss 2.226, Loss_clf 0.918, Loss_kd 1.308, Train_accy 70.70
2025-04-17 20:30:27,329 [icarl.py] => Task 2, Epoch 18/200 => Loss 2.136, Loss_clf 0.844, Loss_kd 1.292, Train_accy 72.52
2025-04-17 20:30:31,223 [icarl.py] => Task 2, Epoch 19/200 => Loss 2.154, Loss_clf 0.847, Loss_kd 1.306, Train_accy 72.93
2025-04-17 20:30:35,106 [icarl.py] => Task 2, Epoch 20/200 => Loss 2.193, Loss_clf 0.862, Loss_kd 1.331, Train_accy 71.69
2025-04-17 20:30:43,501 [icarl.py] => Task 2, Epoch 21/200 => Loss 2.075, Loss_clf 0.782, Loss_kd 1.292, Train_accy 74.84, Test_accy {'Art': 30.28, 'Clipart': 60.19, 'Real World': 38.5, 'Product': 67.4}
2025-04-17 20:30:47,418 [icarl.py] => Task 2, Epoch 22/200 => Loss 2.051, Loss_clf 0.770, Loss_kd 1.280, Train_accy 75.16
2025-04-17 20:30:51,285 [icarl.py] => Task 2, Epoch 23/200 => Loss 2.041, Loss_clf 0.756, Loss_kd 1.285, Train_accy 75.57
2025-04-17 20:30:55,177 [icarl.py] => Task 2, Epoch 24/200 => Loss 1.977, Loss_clf 0.720, Loss_kd 1.257, Train_accy 77.12
2025-04-17 20:30:59,094 [icarl.py] => Task 2, Epoch 25/200 => Loss 1.971, Loss_clf 0.711, Loss_kd 1.260, Train_accy 77.28
2025-04-17 20:31:03,020 [icarl.py] => Task 2, Epoch 26/200 => Loss 1.916, Loss_clf 0.673, Loss_kd 1.243, Train_accy 78.47
2025-04-17 20:31:06,913 [icarl.py] => Task 2, Epoch 27/200 => Loss 1.899, Loss_clf 0.658, Loss_kd 1.241, Train_accy 78.42
2025-04-17 20:31:10,821 [icarl.py] => Task 2, Epoch 28/200 => Loss 1.866, Loss_clf 0.629, Loss_kd 1.237, Train_accy 80.33
2025-04-17 20:31:14,697 [icarl.py] => Task 2, Epoch 29/200 => Loss 1.846, Loss_clf 0.608, Loss_kd 1.239, Train_accy 80.23
2025-04-17 20:31:18,595 [icarl.py] => Task 2, Epoch 30/200 => Loss 1.849, Loss_clf 0.607, Loss_kd 1.243, Train_accy 80.90
2025-04-17 20:31:22,509 [icarl.py] => Task 2, Epoch 31/200 => Loss 1.942, Loss_clf 0.669, Loss_kd 1.273, Train_accy 78.42
2025-04-17 20:31:26,428 [icarl.py] => Task 2, Epoch 32/200 => Loss 1.880, Loss_clf 0.622, Loss_kd 1.258, Train_accy 80.75
2025-04-17 20:31:30,385 [icarl.py] => Task 2, Epoch 33/200 => Loss 1.858, Loss_clf 0.600, Loss_kd 1.258, Train_accy 81.26
2025-04-17 20:31:34,282 [icarl.py] => Task 2, Epoch 34/200 => Loss 1.818, Loss_clf 0.578, Loss_kd 1.240, Train_accy 82.56
2025-04-17 20:31:38,186 [icarl.py] => Task 2, Epoch 35/200 => Loss 1.835, Loss_clf 0.595, Loss_kd 1.240, Train_accy 81.16
2025-04-17 20:31:42,073 [icarl.py] => Task 2, Epoch 36/200 => Loss 1.759, Loss_clf 0.535, Loss_kd 1.225, Train_accy 83.39
2025-04-17 20:31:45,988 [icarl.py] => Task 2, Epoch 37/200 => Loss 1.759, Loss_clf 0.537, Loss_kd 1.222, Train_accy 83.59
2025-04-17 20:31:49,874 [icarl.py] => Task 2, Epoch 38/200 => Loss 1.782, Loss_clf 0.544, Loss_kd 1.238, Train_accy 82.87
2025-04-17 20:31:53,744 [icarl.py] => Task 2, Epoch 39/200 => Loss 1.773, Loss_clf 0.539, Loss_kd 1.234, Train_accy 83.49
2025-04-17 20:31:57,609 [icarl.py] => Task 2, Epoch 40/200 => Loss 1.742, Loss_clf 0.510, Loss_kd 1.232, Train_accy 83.70
2025-04-17 20:32:05,979 [icarl.py] => Task 2, Epoch 41/200 => Loss 1.729, Loss_clf 0.491, Loss_kd 1.238, Train_accy 85.40, Test_accy {'Art': 40.37, 'Clipart': 60.68, 'Real World': 44.13, 'Product': 68.72}
2025-04-17 20:32:09,840 [icarl.py] => Task 2, Epoch 42/200 => Loss 1.684, Loss_clf 0.459, Loss_kd 1.225, Train_accy 84.63
2025-04-17 20:32:13,700 [icarl.py] => Task 2, Epoch 43/200 => Loss 1.723, Loss_clf 0.500, Loss_kd 1.222, Train_accy 84.58
2025-04-17 20:32:17,611 [icarl.py] => Task 2, Epoch 44/200 => Loss 1.712, Loss_clf 0.481, Loss_kd 1.231, Train_accy 84.89
2025-04-17 20:32:21,484 [icarl.py] => Task 2, Epoch 45/200 => Loss 1.670, Loss_clf 0.467, Loss_kd 1.203, Train_accy 85.30
2025-04-17 20:32:25,335 [icarl.py] => Task 2, Epoch 46/200 => Loss 1.603, Loss_clf 0.405, Loss_kd 1.198, Train_accy 87.27
2025-04-17 20:32:29,238 [icarl.py] => Task 2, Epoch 47/200 => Loss 1.714, Loss_clf 0.496, Loss_kd 1.218, Train_accy 85.40
2025-04-17 20:32:33,179 [icarl.py] => Task 2, Epoch 48/200 => Loss 1.752, Loss_clf 0.512, Loss_kd 1.239, Train_accy 84.42
2025-04-17 20:32:37,068 [icarl.py] => Task 2, Epoch 49/200 => Loss 1.719, Loss_clf 0.491, Loss_kd 1.228, Train_accy 85.25
2025-04-17 20:32:40,947 [icarl.py] => Task 2, Epoch 50/200 => Loss 1.688, Loss_clf 0.466, Loss_kd 1.221, Train_accy 85.92
2025-04-17 20:32:44,868 [icarl.py] => Task 2, Epoch 51/200 => Loss 1.653, Loss_clf 0.445, Loss_kd 1.208, Train_accy 86.18
2025-04-17 20:32:48,749 [icarl.py] => Task 2, Epoch 52/200 => Loss 1.609, Loss_clf 0.411, Loss_kd 1.198, Train_accy 86.59
2025-04-17 20:32:52,648 [icarl.py] => Task 2, Epoch 53/200 => Loss 1.605, Loss_clf 0.395, Loss_kd 1.210, Train_accy 87.11
2025-04-17 20:32:56,550 [icarl.py] => Task 2, Epoch 54/200 => Loss 1.569, Loss_clf 0.384, Loss_kd 1.185, Train_accy 88.10
2025-04-17 20:33:00,455 [icarl.py] => Task 2, Epoch 55/200 => Loss 1.585, Loss_clf 0.382, Loss_kd 1.203, Train_accy 87.53
2025-04-17 20:33:04,354 [icarl.py] => Task 2, Epoch 56/200 => Loss 1.592, Loss_clf 0.395, Loss_kd 1.197, Train_accy 87.32
2025-04-17 20:33:08,224 [icarl.py] => Task 2, Epoch 57/200 => Loss 1.558, Loss_clf 0.364, Loss_kd 1.194, Train_accy 89.29
2025-04-17 20:33:12,121 [icarl.py] => Task 2, Epoch 58/200 => Loss 1.514, Loss_clf 0.330, Loss_kd 1.184, Train_accy 89.86
2025-04-17 20:33:16,030 [icarl.py] => Task 2, Epoch 59/200 => Loss 1.538, Loss_clf 0.349, Loss_kd 1.189, Train_accy 89.08
2025-04-17 20:33:19,921 [icarl.py] => Task 2, Epoch 60/200 => Loss 1.565, Loss_clf 0.373, Loss_kd 1.192, Train_accy 88.46
2025-04-17 20:33:28,290 [icarl.py] => Task 2, Epoch 61/200 => Loss 1.510, Loss_clf 0.328, Loss_kd 1.182, Train_accy 89.13, Test_accy {'Art': 39.45, 'Clipart': 62.62, 'Real World': 50.7, 'Product': 74.89}
2025-04-17 20:33:32,177 [icarl.py] => Task 2, Epoch 62/200 => Loss 1.503, Loss_clf 0.332, Loss_kd 1.171, Train_accy 90.32
2025-04-17 20:33:36,052 [icarl.py] => Task 2, Epoch 63/200 => Loss 1.478, Loss_clf 0.310, Loss_kd 1.168, Train_accy 90.27
2025-04-17 20:33:39,953 [icarl.py] => Task 2, Epoch 64/200 => Loss 1.449, Loss_clf 0.280, Loss_kd 1.169, Train_accy 91.10
2025-04-17 20:33:43,845 [icarl.py] => Task 2, Epoch 65/200 => Loss 1.483, Loss_clf 0.310, Loss_kd 1.172, Train_accy 90.06
2025-04-17 20:33:47,704 [icarl.py] => Task 2, Epoch 66/200 => Loss 1.453, Loss_clf 0.283, Loss_kd 1.171, Train_accy 91.87
2025-04-17 20:33:51,582 [icarl.py] => Task 2, Epoch 67/200 => Loss 1.460, Loss_clf 0.282, Loss_kd 1.178, Train_accy 90.79
2025-04-17 20:33:55,481 [icarl.py] => Task 2, Epoch 68/200 => Loss 1.447, Loss_clf 0.287, Loss_kd 1.160, Train_accy 91.77
2025-04-17 20:33:59,380 [icarl.py] => Task 2, Epoch 69/200 => Loss 1.382, Loss_clf 0.230, Loss_kd 1.152, Train_accy 92.70
2025-04-17 20:34:03,263 [icarl.py] => Task 2, Epoch 70/200 => Loss 1.445, Loss_clf 0.276, Loss_kd 1.169, Train_accy 91.41
2025-04-17 20:34:07,129 [icarl.py] => Task 2, Epoch 71/200 => Loss 1.427, Loss_clf 0.270, Loss_kd 1.157, Train_accy 92.39
2025-04-17 20:34:11,050 [icarl.py] => Task 2, Epoch 72/200 => Loss 1.446, Loss_clf 0.281, Loss_kd 1.165, Train_accy 91.15
2025-04-17 20:34:14,918 [icarl.py] => Task 2, Epoch 73/200 => Loss 1.436, Loss_clf 0.280, Loss_kd 1.157, Train_accy 91.93
2025-04-17 20:34:18,807 [icarl.py] => Task 2, Epoch 74/200 => Loss 1.403, Loss_clf 0.255, Loss_kd 1.148, Train_accy 92.60
2025-04-17 20:34:22,718 [icarl.py] => Task 2, Epoch 75/200 => Loss 1.458, Loss_clf 0.283, Loss_kd 1.175, Train_accy 91.87
2025-04-17 20:34:26,619 [icarl.py] => Task 2, Epoch 76/200 => Loss 1.420, Loss_clf 0.246, Loss_kd 1.174, Train_accy 92.49
2025-04-17 20:34:30,533 [icarl.py] => Task 2, Epoch 77/200 => Loss 1.388, Loss_clf 0.239, Loss_kd 1.148, Train_accy 93.48
2025-04-17 20:34:34,473 [icarl.py] => Task 2, Epoch 78/200 => Loss 1.366, Loss_clf 0.226, Loss_kd 1.140, Train_accy 92.96
2025-04-17 20:34:38,363 [icarl.py] => Task 2, Epoch 79/200 => Loss 1.355, Loss_clf 0.213, Loss_kd 1.142, Train_accy 93.89
2025-04-17 20:34:42,263 [icarl.py] => Task 2, Epoch 80/200 => Loss 1.365, Loss_clf 0.221, Loss_kd 1.144, Train_accy 93.79
2025-04-17 20:34:50,736 [icarl.py] => Task 2, Epoch 81/200 => Loss 1.376, Loss_clf 0.225, Loss_kd 1.150, Train_accy 93.32, Test_accy {'Art': 42.2, 'Clipart': 65.53, 'Real World': 46.48, 'Product': 81.06}
2025-04-17 20:34:54,636 [icarl.py] => Task 2, Epoch 82/200 => Loss 1.370, Loss_clf 0.216, Loss_kd 1.154, Train_accy 93.37
2025-04-17 20:34:58,511 [icarl.py] => Task 2, Epoch 83/200 => Loss 1.370, Loss_clf 0.225, Loss_kd 1.146, Train_accy 93.69
2025-04-17 20:35:02,389 [icarl.py] => Task 2, Epoch 84/200 => Loss 1.349, Loss_clf 0.209, Loss_kd 1.140, Train_accy 93.94
2025-04-17 20:35:06,267 [icarl.py] => Task 2, Epoch 85/200 => Loss 1.336, Loss_clf 0.200, Loss_kd 1.136, Train_accy 94.15
2025-04-17 20:35:10,182 [icarl.py] => Task 2, Epoch 86/200 => Loss 1.373, Loss_clf 0.229, Loss_kd 1.144, Train_accy 93.17
2025-04-17 20:35:14,082 [icarl.py] => Task 2, Epoch 87/200 => Loss 1.359, Loss_clf 0.227, Loss_kd 1.132, Train_accy 93.17
2025-04-17 20:35:17,976 [icarl.py] => Task 2, Epoch 88/200 => Loss 1.374, Loss_clf 0.234, Loss_kd 1.140, Train_accy 93.32
2025-04-17 20:35:21,831 [icarl.py] => Task 2, Epoch 89/200 => Loss 1.390, Loss_clf 0.248, Loss_kd 1.142, Train_accy 92.49
2025-04-17 20:35:25,663 [icarl.py] => Task 2, Epoch 90/200 => Loss 1.357, Loss_clf 0.218, Loss_kd 1.139, Train_accy 93.74
2025-04-17 20:35:29,520 [icarl.py] => Task 2, Epoch 91/200 => Loss 1.336, Loss_clf 0.185, Loss_kd 1.150, Train_accy 95.13
2025-04-17 20:35:33,423 [icarl.py] => Task 2, Epoch 92/200 => Loss 1.348, Loss_clf 0.199, Loss_kd 1.149, Train_accy 94.41
2025-04-17 20:35:37,325 [icarl.py] => Task 2, Epoch 93/200 => Loss 1.294, Loss_clf 0.162, Loss_kd 1.132, Train_accy 95.76
2025-04-17 20:35:41,228 [icarl.py] => Task 2, Epoch 94/200 => Loss 1.272, Loss_clf 0.145, Loss_kd 1.127, Train_accy 96.07
2025-04-17 20:35:45,119 [icarl.py] => Task 2, Epoch 95/200 => Loss 1.333, Loss_clf 0.195, Loss_kd 1.138, Train_accy 94.36
2025-04-17 20:35:49,035 [icarl.py] => Task 2, Epoch 96/200 => Loss 1.247, Loss_clf 0.144, Loss_kd 1.103, Train_accy 96.17
2025-04-17 20:35:52,913 [icarl.py] => Task 2, Epoch 97/200 => Loss 1.331, Loss_clf 0.194, Loss_kd 1.137, Train_accy 94.88
2025-04-17 20:35:56,810 [icarl.py] => Task 2, Epoch 98/200 => Loss 1.311, Loss_clf 0.187, Loss_kd 1.124, Train_accy 94.31
2025-04-17 20:36:00,686 [icarl.py] => Task 2, Epoch 99/200 => Loss 1.311, Loss_clf 0.181, Loss_kd 1.130, Train_accy 94.82
2025-04-17 20:36:04,597 [icarl.py] => Task 2, Epoch 100/200 => Loss 1.300, Loss_clf 0.173, Loss_kd 1.127, Train_accy 94.88
2025-04-17 20:36:13,186 [icarl.py] => Task 2, Epoch 101/200 => Loss 1.318, Loss_clf 0.182, Loss_kd 1.135, Train_accy 94.93, Test_accy {'Art': 41.28, 'Clipart': 66.02, 'Real World': 45.54, 'Product': 83.7}
2025-04-17 20:36:17,070 [icarl.py] => Task 2, Epoch 102/200 => Loss 1.281, Loss_clf 0.175, Loss_kd 1.106, Train_accy 95.24
2025-04-17 20:36:20,985 [icarl.py] => Task 2, Epoch 103/200 => Loss 1.280, Loss_clf 0.169, Loss_kd 1.111, Train_accy 95.34
2025-04-17 20:36:24,901 [icarl.py] => Task 2, Epoch 104/200 => Loss 1.340, Loss_clf 0.201, Loss_kd 1.138, Train_accy 94.00
2025-04-17 20:36:28,791 [icarl.py] => Task 2, Epoch 105/200 => Loss 1.293, Loss_clf 0.186, Loss_kd 1.107, Train_accy 94.62
2025-04-17 20:36:32,691 [icarl.py] => Task 2, Epoch 106/200 => Loss 1.316, Loss_clf 0.186, Loss_kd 1.130, Train_accy 94.77
2025-04-17 20:36:36,562 [icarl.py] => Task 2, Epoch 107/200 => Loss 1.276, Loss_clf 0.168, Loss_kd 1.108, Train_accy 95.24
2025-04-17 20:36:40,423 [icarl.py] => Task 2, Epoch 108/200 => Loss 1.324, Loss_clf 0.199, Loss_kd 1.125, Train_accy 94.93
2025-04-17 20:36:44,376 [icarl.py] => Task 2, Epoch 109/200 => Loss 1.290, Loss_clf 0.164, Loss_kd 1.126, Train_accy 95.13
2025-04-17 20:36:48,289 [icarl.py] => Task 2, Epoch 110/200 => Loss 1.239, Loss_clf 0.137, Loss_kd 1.102, Train_accy 96.48
2025-04-17 20:36:52,218 [icarl.py] => Task 2, Epoch 111/200 => Loss 1.269, Loss_clf 0.146, Loss_kd 1.123, Train_accy 95.45
2025-04-17 20:36:56,108 [icarl.py] => Task 2, Epoch 112/200 => Loss 1.230, Loss_clf 0.129, Loss_kd 1.101, Train_accy 96.38
2025-04-17 20:36:59,997 [icarl.py] => Task 2, Epoch 113/200 => Loss 1.240, Loss_clf 0.141, Loss_kd 1.100, Train_accy 96.38
2025-04-17 20:37:03,884 [icarl.py] => Task 2, Epoch 114/200 => Loss 1.263, Loss_clf 0.154, Loss_kd 1.109, Train_accy 95.86
2025-04-17 20:37:07,741 [icarl.py] => Task 2, Epoch 115/200 => Loss 1.266, Loss_clf 0.152, Loss_kd 1.114, Train_accy 95.60
2025-04-17 20:37:11,648 [icarl.py] => Task 2, Epoch 116/200 => Loss 1.284, Loss_clf 0.170, Loss_kd 1.114, Train_accy 95.29
2025-04-17 20:37:15,537 [icarl.py] => Task 2, Epoch 117/200 => Loss 1.260, Loss_clf 0.149, Loss_kd 1.111, Train_accy 95.91
2025-04-17 20:37:19,453 [icarl.py] => Task 2, Epoch 118/200 => Loss 1.238, Loss_clf 0.131, Loss_kd 1.106, Train_accy 96.33
2025-04-17 20:37:23,447 [icarl.py] => Task 2, Epoch 119/200 => Loss 1.232, Loss_clf 0.123, Loss_kd 1.109, Train_accy 96.89
2025-04-17 20:37:27,310 [icarl.py] => Task 2, Epoch 120/200 => Loss 1.222, Loss_clf 0.114, Loss_kd 1.108, Train_accy 96.95
2025-04-17 20:37:35,831 [icarl.py] => Task 2, Epoch 121/200 => Loss 1.240, Loss_clf 0.129, Loss_kd 1.111, Train_accy 96.33, Test_accy {'Art': 40.37, 'Clipart': 67.48, 'Real World': 46.01, 'Product': 85.46}
2025-04-17 20:37:39,735 [icarl.py] => Task 2, Epoch 122/200 => Loss 1.208, Loss_clf 0.112, Loss_kd 1.096, Train_accy 96.84
2025-04-17 20:37:43,629 [icarl.py] => Task 2, Epoch 123/200 => Loss 1.218, Loss_clf 0.125, Loss_kd 1.093, Train_accy 96.64
2025-04-17 20:37:47,539 [icarl.py] => Task 2, Epoch 124/200 => Loss 1.250, Loss_clf 0.133, Loss_kd 1.117, Train_accy 96.27
2025-04-17 20:37:51,389 [icarl.py] => Task 2, Epoch 125/200 => Loss 1.193, Loss_clf 0.102, Loss_kd 1.090, Train_accy 97.05
2025-04-17 20:37:55,258 [icarl.py] => Task 2, Epoch 126/200 => Loss 1.219, Loss_clf 0.117, Loss_kd 1.102, Train_accy 97.36
2025-04-17 20:37:59,145 [icarl.py] => Task 2, Epoch 127/200 => Loss 1.219, Loss_clf 0.120, Loss_kd 1.099, Train_accy 96.74
2025-04-17 20:38:03,013 [icarl.py] => Task 2, Epoch 128/200 => Loss 1.211, Loss_clf 0.107, Loss_kd 1.104, Train_accy 97.46
2025-04-17 20:38:06,912 [icarl.py] => Task 2, Epoch 129/200 => Loss 1.198, Loss_clf 0.099, Loss_kd 1.099, Train_accy 97.52
2025-04-17 20:38:10,791 [icarl.py] => Task 2, Epoch 130/200 => Loss 1.229, Loss_clf 0.121, Loss_kd 1.107, Train_accy 96.58
2025-04-17 20:38:14,677 [icarl.py] => Task 2, Epoch 131/200 => Loss 1.210, Loss_clf 0.100, Loss_kd 1.110, Train_accy 97.41
2025-04-17 20:38:18,601 [icarl.py] => Task 2, Epoch 132/200 => Loss 1.227, Loss_clf 0.125, Loss_kd 1.102, Train_accy 96.64
2025-04-17 20:38:22,507 [icarl.py] => Task 2, Epoch 133/200 => Loss 1.212, Loss_clf 0.118, Loss_kd 1.094, Train_accy 96.53
2025-04-17 20:38:26,424 [icarl.py] => Task 2, Epoch 134/200 => Loss 1.222, Loss_clf 0.118, Loss_kd 1.104, Train_accy 96.69
2025-04-17 20:38:30,293 [icarl.py] => Task 2, Epoch 135/200 => Loss 1.210, Loss_clf 0.102, Loss_kd 1.109, Train_accy 97.62
2025-04-17 20:38:34,145 [icarl.py] => Task 2, Epoch 136/200 => Loss 1.191, Loss_clf 0.104, Loss_kd 1.087, Train_accy 97.10
2025-04-17 20:38:38,063 [icarl.py] => Task 2, Epoch 137/200 => Loss 1.193, Loss_clf 0.099, Loss_kd 1.094, Train_accy 97.36
2025-04-17 20:38:42,004 [icarl.py] => Task 2, Epoch 138/200 => Loss 1.207, Loss_clf 0.113, Loss_kd 1.095, Train_accy 97.36
2025-04-17 20:38:45,915 [icarl.py] => Task 2, Epoch 139/200 => Loss 1.156, Loss_clf 0.085, Loss_kd 1.071, Train_accy 97.72
2025-04-17 20:38:49,800 [icarl.py] => Task 2, Epoch 140/200 => Loss 1.209, Loss_clf 0.105, Loss_kd 1.104, Train_accy 97.46
2025-04-17 20:38:58,200 [icarl.py] => Task 2, Epoch 141/200 => Loss 1.197, Loss_clf 0.104, Loss_kd 1.093, Train_accy 97.20, Test_accy {'Art': 45.87, 'Clipart': 65.05, 'Real World': 47.42, 'Product': 83.7}
2025-04-17 20:39:02,107 [icarl.py] => Task 2, Epoch 142/200 => Loss 1.193, Loss_clf 0.104, Loss_kd 1.089, Train_accy 97.57
2025-04-17 20:39:05,940 [icarl.py] => Task 2, Epoch 143/200 => Loss 1.213, Loss_clf 0.107, Loss_kd 1.105, Train_accy 97.26
2025-04-17 20:39:09,786 [icarl.py] => Task 2, Epoch 144/200 => Loss 1.193, Loss_clf 0.106, Loss_kd 1.087, Train_accy 96.74
2025-04-17 20:39:13,687 [icarl.py] => Task 2, Epoch 145/200 => Loss 1.189, Loss_clf 0.104, Loss_kd 1.085, Train_accy 97.52
2025-04-17 20:39:17,627 [icarl.py] => Task 2, Epoch 146/200 => Loss 1.214, Loss_clf 0.111, Loss_kd 1.103, Train_accy 97.10
2025-04-17 20:39:21,595 [icarl.py] => Task 2, Epoch 147/200 => Loss 1.183, Loss_clf 0.090, Loss_kd 1.094, Train_accy 97.52
2025-04-17 20:39:25,483 [icarl.py] => Task 2, Epoch 148/200 => Loss 1.167, Loss_clf 0.085, Loss_kd 1.081, Train_accy 98.03
2025-04-17 20:39:29,438 [icarl.py] => Task 2, Epoch 149/200 => Loss 1.177, Loss_clf 0.083, Loss_kd 1.094, Train_accy 98.29
2025-04-17 20:39:33,316 [icarl.py] => Task 2, Epoch 150/200 => Loss 1.182, Loss_clf 0.088, Loss_kd 1.094, Train_accy 97.83
2025-04-17 20:39:37,204 [icarl.py] => Task 2, Epoch 151/200 => Loss 1.187, Loss_clf 0.103, Loss_kd 1.085, Train_accy 97.52
2025-04-17 20:39:41,046 [icarl.py] => Task 2, Epoch 152/200 => Loss 1.222, Loss_clf 0.114, Loss_kd 1.109, Train_accy 97.00
2025-04-17 20:39:44,933 [icarl.py] => Task 2, Epoch 153/200 => Loss 1.173, Loss_clf 0.091, Loss_kd 1.082, Train_accy 97.62
2025-04-17 20:39:48,835 [icarl.py] => Task 2, Epoch 154/200 => Loss 1.171, Loss_clf 0.078, Loss_kd 1.094, Train_accy 98.40
2025-04-17 20:39:52,722 [icarl.py] => Task 2, Epoch 155/200 => Loss 1.171, Loss_clf 0.089, Loss_kd 1.082, Train_accy 97.93
2025-04-17 20:39:56,579 [icarl.py] => Task 2, Epoch 156/200 => Loss 1.151, Loss_clf 0.078, Loss_kd 1.073, Train_accy 98.19
2025-04-17 20:40:00,456 [icarl.py] => Task 2, Epoch 157/200 => Loss 1.174, Loss_clf 0.078, Loss_kd 1.096, Train_accy 98.24
2025-04-17 20:40:04,321 [icarl.py] => Task 2, Epoch 158/200 => Loss 1.173, Loss_clf 0.083, Loss_kd 1.090, Train_accy 97.72
2025-04-17 20:40:08,199 [icarl.py] => Task 2, Epoch 159/200 => Loss 1.149, Loss_clf 0.088, Loss_kd 1.061, Train_accy 97.88
2025-04-17 20:40:12,108 [icarl.py] => Task 2, Epoch 160/200 => Loss 1.169, Loss_clf 0.079, Loss_kd 1.091, Train_accy 98.19
2025-04-17 20:40:20,407 [icarl.py] => Task 2, Epoch 161/200 => Loss 1.153, Loss_clf 0.073, Loss_kd 1.079, Train_accy 98.19, Test_accy {'Art': 43.12, 'Clipart': 66.99, 'Real World': 46.95, 'Product': 85.46}
2025-04-17 20:40:24,295 [icarl.py] => Task 2, Epoch 162/200 => Loss 1.199, Loss_clf 0.103, Loss_kd 1.097, Train_accy 96.89
2025-04-17 20:40:28,214 [icarl.py] => Task 2, Epoch 163/200 => Loss 1.160, Loss_clf 0.075, Loss_kd 1.085, Train_accy 98.08
2025-04-17 20:40:32,077 [icarl.py] => Task 2, Epoch 164/200 => Loss 1.192, Loss_clf 0.101, Loss_kd 1.091, Train_accy 96.89
2025-04-17 20:40:36,005 [icarl.py] => Task 2, Epoch 165/200 => Loss 1.156, Loss_clf 0.081, Loss_kd 1.075, Train_accy 98.03
2025-04-17 20:40:39,928 [icarl.py] => Task 2, Epoch 166/200 => Loss 1.169, Loss_clf 0.083, Loss_kd 1.085, Train_accy 98.08
2025-04-17 20:40:43,838 [icarl.py] => Task 2, Epoch 167/200 => Loss 1.167, Loss_clf 0.075, Loss_kd 1.092, Train_accy 98.19
2025-04-17 20:40:47,710 [icarl.py] => Task 2, Epoch 168/200 => Loss 1.167, Loss_clf 0.081, Loss_kd 1.086, Train_accy 98.19
2025-04-17 20:40:51,604 [icarl.py] => Task 2, Epoch 169/200 => Loss 1.149, Loss_clf 0.084, Loss_kd 1.065, Train_accy 98.03
2025-04-17 20:40:55,518 [icarl.py] => Task 2, Epoch 170/200 => Loss 1.191, Loss_clf 0.095, Loss_kd 1.096, Train_accy 97.46
2025-04-17 20:40:59,418 [icarl.py] => Task 2, Epoch 171/200 => Loss 1.150, Loss_clf 0.073, Loss_kd 1.077, Train_accy 98.40
2025-04-17 20:41:03,312 [icarl.py] => Task 2, Epoch 172/200 => Loss 1.163, Loss_clf 0.076, Loss_kd 1.087, Train_accy 98.24
2025-04-17 20:41:07,202 [icarl.py] => Task 2, Epoch 173/200 => Loss 1.150, Loss_clf 0.077, Loss_kd 1.073, Train_accy 98.03
2025-04-17 20:41:11,055 [icarl.py] => Task 2, Epoch 174/200 => Loss 1.174, Loss_clf 0.101, Loss_kd 1.073, Train_accy 97.26
2025-04-17 20:41:14,944 [icarl.py] => Task 2, Epoch 175/200 => Loss 1.158, Loss_clf 0.091, Loss_kd 1.067, Train_accy 97.72
2025-04-17 20:41:18,859 [icarl.py] => Task 2, Epoch 176/200 => Loss 1.162, Loss_clf 0.073, Loss_kd 1.089, Train_accy 98.50
2025-04-17 20:41:22,746 [icarl.py] => Task 2, Epoch 177/200 => Loss 1.142, Loss_clf 0.071, Loss_kd 1.071, Train_accy 98.65
2025-04-17 20:41:26,642 [icarl.py] => Task 2, Epoch 178/200 => Loss 1.158, Loss_clf 0.074, Loss_kd 1.084, Train_accy 98.24
2025-04-17 20:41:30,495 [icarl.py] => Task 2, Epoch 179/200 => Loss 1.186, Loss_clf 0.083, Loss_kd 1.102, Train_accy 97.72
2025-04-17 20:41:34,385 [icarl.py] => Task 2, Epoch 180/200 => Loss 1.178, Loss_clf 0.086, Loss_kd 1.092, Train_accy 97.93
2025-04-17 20:41:42,688 [icarl.py] => Task 2, Epoch 181/200 => Loss 1.155, Loss_clf 0.070, Loss_kd 1.085, Train_accy 98.50, Test_accy {'Art': 44.95, 'Clipart': 65.05, 'Real World': 46.01, 'Product': 85.9}
2025-04-17 20:41:46,567 [icarl.py] => Task 2, Epoch 182/200 => Loss 1.144, Loss_clf 0.071, Loss_kd 1.073, Train_accy 98.50
2025-04-17 20:41:50,468 [icarl.py] => Task 2, Epoch 183/200 => Loss 1.135, Loss_clf 0.063, Loss_kd 1.071, Train_accy 98.50
2025-04-17 20:41:54,333 [icarl.py] => Task 2, Epoch 184/200 => Loss 1.171, Loss_clf 0.084, Loss_kd 1.086, Train_accy 98.19
2025-04-17 20:41:58,197 [icarl.py] => Task 2, Epoch 185/200 => Loss 1.160, Loss_clf 0.074, Loss_kd 1.086, Train_accy 98.29
2025-04-17 20:42:02,092 [icarl.py] => Task 2, Epoch 186/200 => Loss 1.148, Loss_clf 0.080, Loss_kd 1.068, Train_accy 97.83
2025-04-17 20:42:05,968 [icarl.py] => Task 2, Epoch 187/200 => Loss 1.153, Loss_clf 0.076, Loss_kd 1.077, Train_accy 98.40
2025-04-17 20:42:09,874 [icarl.py] => Task 2, Epoch 188/200 => Loss 1.163, Loss_clf 0.072, Loss_kd 1.091, Train_accy 98.45
2025-04-17 20:42:13,776 [icarl.py] => Task 2, Epoch 189/200 => Loss 1.143, Loss_clf 0.066, Loss_kd 1.077, Train_accy 98.65
2025-04-17 20:42:17,720 [icarl.py] => Task 2, Epoch 190/200 => Loss 1.150, Loss_clf 0.080, Loss_kd 1.069, Train_accy 97.98
2025-04-17 20:42:21,639 [icarl.py] => Task 2, Epoch 191/200 => Loss 1.156, Loss_clf 0.078, Loss_kd 1.078, Train_accy 98.19
2025-04-17 20:42:25,532 [icarl.py] => Task 2, Epoch 192/200 => Loss 1.167, Loss_clf 0.083, Loss_kd 1.084, Train_accy 98.19
2025-04-17 20:42:29,395 [icarl.py] => Task 2, Epoch 193/200 => Loss 1.158, Loss_clf 0.074, Loss_kd 1.083, Train_accy 98.34
2025-04-17 20:42:33,257 [icarl.py] => Task 2, Epoch 194/200 => Loss 1.153, Loss_clf 0.071, Loss_kd 1.081, Train_accy 98.45
2025-04-17 20:42:37,142 [icarl.py] => Task 2, Epoch 195/200 => Loss 1.138, Loss_clf 0.072, Loss_kd 1.066, Train_accy 98.19
2025-04-17 20:42:40,998 [icarl.py] => Task 2, Epoch 196/200 => Loss 1.174, Loss_clf 0.081, Loss_kd 1.093, Train_accy 98.14
2025-04-17 20:42:44,881 [icarl.py] => Task 2, Epoch 197/200 => Loss 1.156, Loss_clf 0.071, Loss_kd 1.084, Train_accy 98.50
2025-04-17 20:42:48,730 [icarl.py] => Task 2, Epoch 198/200 => Loss 1.150, Loss_clf 0.077, Loss_kd 1.073, Train_accy 98.14
2025-04-17 20:42:52,627 [icarl.py] => Task 2, Epoch 199/200 => Loss 1.164, Loss_clf 0.078, Loss_kd 1.086, Train_accy 97.83
2025-04-17 20:42:56,528 [icarl.py] => Task 2, Epoch 200/200 => Loss 1.153, Loss_clf 0.082, Loss_kd 1.071, Train_accy 98.14
2025-04-17 20:42:56,529 [base.py] => Reducing exemplars...(86 per classes)
2025-04-17 20:43:03,058 [base.py] => Constructing exemplars...(86 per classes)
2025-04-17 20:43:19,462 [icarl.py] => Exemplar size: 1290
2025-04-17 20:43:20,342 [trainer.py] => CNN [Art]: {'total': 44.95, '00-04': 55.26, '05-09': 50.0, '10-14': 29.73, 'old': 52.78, 'new': 29.73}
2025-04-17 20:43:20,342 [trainer.py] => NME [Art]: {'total': 43.12, '00-04': 55.26, '05-09': 44.12, '10-14': 29.73, 'old': 50.0, 'new': 29.73}
2025-04-17 20:43:20,342 [trainer.py] => CNN [Art] top1 curve: [60.53, 47.22, 44.95]
2025-04-17 20:43:20,342 [trainer.py] => CNN [Art] top5 curve: [100.0, 84.72, 74.31]
2025-04-17 20:43:20,342 [trainer.py] => NME [Art] top1 curve: [57.89, 51.39, 43.12]
2025-04-17 20:43:20,342 [trainer.py] => NME [Art] top5 curve: [100.0, 86.11, 76.15]
2025-04-17 20:43:20,342 [trainer.py] => Average Accuracy [Art] (CNN): 50.9
2025-04-17 20:43:20,342 [trainer.py] => Average Accuracy [Art] (NME): 50.800000000000004
2025-04-17 20:43:20,342 [trainer.py] => CNN [Clipart]: {'total': 65.53, '00-04': 74.36, '05-09': 53.23, '10-14': 66.67, 'old': 65.0, 'new': 66.67}
2025-04-17 20:43:20,342 [trainer.py] => NME [Clipart]: {'total': 68.45, '00-04': 71.79, '05-09': 59.68, '10-14': 72.73, 'old': 66.43, 'new': 72.73}
2025-04-17 20:43:20,342 [trainer.py] => CNN [Clipart] top1 curve: [76.92, 71.43, 65.53]
2025-04-17 20:43:20,343 [trainer.py] => CNN [Clipart] top5 curve: [100.0, 92.14, 87.38]
2025-04-17 20:43:20,343 [trainer.py] => NME [Clipart] top1 curve: [73.08, 68.57, 68.45]
2025-04-17 20:43:20,343 [trainer.py] => NME [Clipart] top5 curve: [100.0, 89.29, 88.35]
2025-04-17 20:43:20,343 [trainer.py] => Average Accuracy [Clipart] (CNN): 71.29333333333334
2025-04-17 20:43:20,343 [trainer.py] => Average Accuracy [Clipart] (NME): 70.03333333333333
2025-04-17 20:43:20,343 [trainer.py] => CNN [Product]: {'total': 86.78, '00-04': 91.76, '05-09': 81.25, '10-14': 87.1, 'old': 86.67, 'new': 87.1}
2025-04-17 20:43:20,343 [trainer.py] => NME [Product]: {'total': 88.11, '00-04': 94.12, '05-09': 78.75, '10-14': 91.94, 'old': 86.67, 'new': 91.94}
2025-04-17 20:43:20,343 [trainer.py] => CNN [Product] top1 curve: [88.24, 85.45, 86.78]
2025-04-17 20:43:20,343 [trainer.py] => CNN [Product] top5 curve: [100.0, 99.39, 98.24]
2025-04-17 20:43:20,343 [trainer.py] => NME [Product] top1 curve: [87.06, 85.45, 88.11]
2025-04-17 20:43:20,343 [trainer.py] => NME [Product] top5 curve: [100.0, 99.39, 98.68]
2025-04-17 20:43:20,343 [trainer.py] => Average Accuracy [Product] (CNN): 86.82333333333334
2025-04-17 20:43:20,343 [trainer.py] => Average Accuracy [Product] (NME): 86.87333333333333
2025-04-17 20:43:20,343 [trainer.py] => CNN [Real World]: {'total': 47.89, '00-04': 56.16, '05-09': 48.53, '10-14': 38.89, 'old': 52.48, 'new': 38.89}
2025-04-17 20:43:20,343 [trainer.py] => NME [Real World]: {'total': 48.36, '00-04': 52.05, '05-09': 52.94, '10-14': 40.28, 'old': 52.48, 'new': 40.28}
2025-04-17 20:43:20,343 [trainer.py] => CNN [Real World] top1 curve: [64.38, 58.16, 47.89]
2025-04-17 20:43:20,343 [trainer.py] => CNN [Real World] top5 curve: [100.0, 88.65, 79.34]
2025-04-17 20:43:20,343 [trainer.py] => NME [Real World] top1 curve: [63.01, 58.16, 48.36]
2025-04-17 20:43:20,343 [trainer.py] => NME [Real World] top5 curve: [100.0, 91.49, 81.22]
2025-04-17 20:43:20,343 [trainer.py] => Average Accuracy [Real World] (CNN): 56.81
2025-04-17 20:43:20,343 [trainer.py] => Average Accuracy [Real World] (NME): 56.51
2025-04-17 20:43:20,343 [trainer.py] => NME Harmonic Mean : 56.0188
2025-04-17 20:43:20,343 [trainer.py] => NME Macro Mean : 62.0100
2025-04-17 20:43:20,343 [trainer.py] => CNN Harmonic Mean : 55.4177
2025-04-17 20:43:20,343 [trainer.py] => CNN Macro Mean : 61.2875
2025-04-17 20:43:20,344 [trainer.py] => All params: 21297497
2025-04-17 20:43:20,344 [trainer.py] => Trainable params: 21297497
2025-04-17 20:43:20,345 [icarl.py] => Learning on 15-20
2025-04-17 20:43:29,174 [icarl.py] => Task 3, Epoch 1/200 => Loss 3.676, Loss_clf 1.997, Loss_kd 1.679, Train_accy 49.89, Test_accy {'Art': 18.38, 'Clipart': 42.08, 'Real World': 26.07, 'Product': 43.42}
2025-04-17 20:43:32,924 [icarl.py] => Task 3, Epoch 2/200 => Loss 3.920, Loss_clf 1.961, Loss_kd 1.959, Train_accy 43.64
2025-04-17 20:43:36,708 [icarl.py] => Task 3, Epoch 3/200 => Loss 3.273, Loss_clf 1.524, Loss_kd 1.748, Train_accy 52.07
2025-04-17 20:43:40,497 [icarl.py] => Task 3, Epoch 4/200 => Loss 3.109, Loss_clf 1.403, Loss_kd 1.706, Train_accy 56.79
2025-04-17 20:43:44,246 [icarl.py] => Task 3, Epoch 5/200 => Loss 2.891, Loss_clf 1.241, Loss_kd 1.650, Train_accy 60.29
2025-04-17 20:43:48,067 [icarl.py] => Task 3, Epoch 6/200 => Loss 2.758, Loss_clf 1.147, Loss_kd 1.611, Train_accy 64.69
2025-04-17 20:43:51,902 [icarl.py] => Task 3, Epoch 7/200 => Loss 2.700, Loss_clf 1.114, Loss_kd 1.586, Train_accy 65.96
2025-04-17 20:43:55,687 [icarl.py] => Task 3, Epoch 8/200 => Loss 2.607, Loss_clf 1.042, Loss_kd 1.565, Train_accy 67.23
2025-04-17 20:43:59,498 [icarl.py] => Task 3, Epoch 9/200 => Loss 2.633, Loss_clf 1.058, Loss_kd 1.575, Train_accy 66.38
2025-04-17 20:44:03,306 [icarl.py] => Task 3, Epoch 10/200 => Loss 2.530, Loss_clf 0.975, Loss_kd 1.555, Train_accy 69.62
2025-04-17 20:44:07,106 [icarl.py] => Task 3, Epoch 11/200 => Loss 2.437, Loss_clf 0.896, Loss_kd 1.541, Train_accy 71.69
2025-04-17 20:44:10,895 [icarl.py] => Task 3, Epoch 12/200 => Loss 2.315, Loss_clf 0.822, Loss_kd 1.493, Train_accy 74.97
2025-04-17 20:44:14,696 [icarl.py] => Task 3, Epoch 13/200 => Loss 2.341, Loss_clf 0.825, Loss_kd 1.516, Train_accy 73.70
2025-04-17 20:44:18,478 [icarl.py] => Task 3, Epoch 14/200 => Loss 2.370, Loss_clf 0.845, Loss_kd 1.525, Train_accy 74.02
2025-04-17 20:44:22,312 [icarl.py] => Task 3, Epoch 15/200 => Loss 2.283, Loss_clf 0.777, Loss_kd 1.506, Train_accy 75.45
2025-04-17 20:44:26,135 [icarl.py] => Task 3, Epoch 16/200 => Loss 2.227, Loss_clf 0.734, Loss_kd 1.493, Train_accy 76.51
2025-04-17 20:44:29,918 [icarl.py] => Task 3, Epoch 17/200 => Loss 2.117, Loss_clf 0.656, Loss_kd 1.461, Train_accy 79.06
2025-04-17 20:44:33,772 [icarl.py] => Task 3, Epoch 18/200 => Loss 2.073, Loss_clf 0.636, Loss_kd 1.437, Train_accy 79.32
2025-04-17 20:44:37,571 [icarl.py] => Task 3, Epoch 19/200 => Loss 2.109, Loss_clf 0.633, Loss_kd 1.476, Train_accy 80.12
2025-04-17 20:44:41,360 [icarl.py] => Task 3, Epoch 20/200 => Loss 2.103, Loss_clf 0.630, Loss_kd 1.473, Train_accy 80.38
2025-04-17 20:44:50,230 [icarl.py] => Task 3, Epoch 21/200 => Loss 2.098, Loss_clf 0.625, Loss_kd 1.472, Train_accy 80.49, Test_accy {'Art': 27.94, 'Clipart': 53.28, 'Real World': 33.57, 'Product': 55.92}
2025-04-17 20:44:54,062 [icarl.py] => Task 3, Epoch 22/200 => Loss 2.032, Loss_clf 0.571, Loss_kd 1.461, Train_accy 82.56
2025-04-17 20:44:57,946 [icarl.py] => Task 3, Epoch 23/200 => Loss 2.016, Loss_clf 0.579, Loss_kd 1.437, Train_accy 81.44
2025-04-17 20:45:01,724 [icarl.py] => Task 3, Epoch 24/200 => Loss 2.033, Loss_clf 0.578, Loss_kd 1.455, Train_accy 82.40
2025-04-17 20:45:05,533 [icarl.py] => Task 3, Epoch 25/200 => Loss 2.041, Loss_clf 0.584, Loss_kd 1.458, Train_accy 81.07
2025-04-17 20:45:09,324 [icarl.py] => Task 3, Epoch 26/200 => Loss 1.965, Loss_clf 0.535, Loss_kd 1.429, Train_accy 83.19
2025-04-17 20:45:13,203 [icarl.py] => Task 3, Epoch 27/200 => Loss 1.903, Loss_clf 0.462, Loss_kd 1.441, Train_accy 86.53
2025-04-17 20:45:17,023 [icarl.py] => Task 3, Epoch 28/200 => Loss 1.985, Loss_clf 0.529, Loss_kd 1.456, Train_accy 83.99
2025-04-17 20:45:20,819 [icarl.py] => Task 3, Epoch 29/200 => Loss 1.930, Loss_clf 0.494, Loss_kd 1.437, Train_accy 84.99
2025-04-17 20:45:24,667 [icarl.py] => Task 3, Epoch 30/200 => Loss 1.876, Loss_clf 0.453, Loss_kd 1.423, Train_accy 85.31
2025-04-17 20:45:28,454 [icarl.py] => Task 3, Epoch 31/200 => Loss 1.924, Loss_clf 0.482, Loss_kd 1.442, Train_accy 84.62
2025-04-17 20:45:32,205 [icarl.py] => Task 3, Epoch 32/200 => Loss 1.877, Loss_clf 0.455, Loss_kd 1.422, Train_accy 86.06
2025-04-17 20:45:35,986 [icarl.py] => Task 3, Epoch 33/200 => Loss 1.891, Loss_clf 0.450, Loss_kd 1.442, Train_accy 86.74
2025-04-17 20:45:39,770 [icarl.py] => Task 3, Epoch 34/200 => Loss 1.869, Loss_clf 0.449, Loss_kd 1.420, Train_accy 86.21
2025-04-17 20:45:43,560 [icarl.py] => Task 3, Epoch 35/200 => Loss 1.861, Loss_clf 0.437, Loss_kd 1.424, Train_accy 86.96
2025-04-17 20:45:47,369 [icarl.py] => Task 3, Epoch 36/200 => Loss 1.856, Loss_clf 0.452, Loss_kd 1.405, Train_accy 85.26
2025-04-17 20:45:51,230 [icarl.py] => Task 3, Epoch 37/200 => Loss 1.835, Loss_clf 0.423, Loss_kd 1.413, Train_accy 86.53
2025-04-17 20:45:55,080 [icarl.py] => Task 3, Epoch 38/200 => Loss 1.807, Loss_clf 0.390, Loss_kd 1.417, Train_accy 88.65
2025-04-17 20:45:58,910 [icarl.py] => Task 3, Epoch 39/200 => Loss 1.770, Loss_clf 0.370, Loss_kd 1.401, Train_accy 89.29
2025-04-17 20:46:02,721 [icarl.py] => Task 3, Epoch 40/200 => Loss 1.721, Loss_clf 0.348, Loss_kd 1.373, Train_accy 89.34
2025-04-17 20:46:11,667 [icarl.py] => Task 3, Epoch 41/200 => Loss 1.739, Loss_clf 0.353, Loss_kd 1.386, Train_accy 90.08, Test_accy {'Art': 31.62, 'Clipart': 60.23, 'Real World': 36.79, 'Product': 70.07}
2025-04-17 20:46:15,485 [icarl.py] => Task 3, Epoch 42/200 => Loss 1.698, Loss_clf 0.319, Loss_kd 1.379, Train_accy 90.40
2025-04-17 20:46:19,319 [icarl.py] => Task 3, Epoch 43/200 => Loss 1.742, Loss_clf 0.362, Loss_kd 1.380, Train_accy 88.97
2025-04-17 20:46:23,126 [icarl.py] => Task 3, Epoch 44/200 => Loss 1.719, Loss_clf 0.347, Loss_kd 1.371, Train_accy 89.98
2025-04-17 20:46:26,904 [icarl.py] => Task 3, Epoch 45/200 => Loss 1.693, Loss_clf 0.317, Loss_kd 1.376, Train_accy 90.35
2025-04-17 20:46:30,692 [icarl.py] => Task 3, Epoch 46/200 => Loss 1.690, Loss_clf 0.314, Loss_kd 1.377, Train_accy 90.83
2025-04-17 20:46:34,489 [icarl.py] => Task 3, Epoch 47/200 => Loss 1.696, Loss_clf 0.316, Loss_kd 1.380, Train_accy 90.14
2025-04-17 20:46:38,325 [icarl.py] => Task 3, Epoch 48/200 => Loss 1.686, Loss_clf 0.316, Loss_kd 1.370, Train_accy 89.71
2025-04-17 20:46:42,131 [icarl.py] => Task 3, Epoch 49/200 => Loss 1.659, Loss_clf 0.289, Loss_kd 1.370, Train_accy 90.83
2025-04-17 20:46:45,977 [icarl.py] => Task 3, Epoch 50/200 => Loss 1.644, Loss_clf 0.292, Loss_kd 1.353, Train_accy 91.36
2025-04-17 20:46:49,816 [icarl.py] => Task 3, Epoch 51/200 => Loss 1.648, Loss_clf 0.288, Loss_kd 1.360, Train_accy 92.05
2025-04-17 20:46:53,629 [icarl.py] => Task 3, Epoch 52/200 => Loss 1.598, Loss_clf 0.256, Loss_kd 1.342, Train_accy 91.89
2025-04-17 20:46:57,427 [icarl.py] => Task 3, Epoch 53/200 => Loss 1.629, Loss_clf 0.265, Loss_kd 1.364, Train_accy 92.42
2025-04-17 20:47:01,368 [icarl.py] => Task 3, Epoch 54/200 => Loss 1.631, Loss_clf 0.277, Loss_kd 1.355, Train_accy 92.05
2025-04-17 20:47:05,176 [icarl.py] => Task 3, Epoch 55/200 => Loss 1.647, Loss_clf 0.294, Loss_kd 1.353, Train_accy 91.41
2025-04-17 20:47:09,011 [icarl.py] => Task 3, Epoch 56/200 => Loss 1.647, Loss_clf 0.286, Loss_kd 1.361, Train_accy 91.36
2025-04-17 20:47:12,856 [icarl.py] => Task 3, Epoch 57/200 => Loss 1.602, Loss_clf 0.263, Loss_kd 1.339, Train_accy 92.63
2025-04-17 20:47:16,729 [icarl.py] => Task 3, Epoch 58/200 => Loss 1.582, Loss_clf 0.245, Loss_kd 1.337, Train_accy 92.31
2025-04-17 20:47:20,539 [icarl.py] => Task 3, Epoch 59/200 => Loss 1.560, Loss_clf 0.234, Loss_kd 1.326, Train_accy 93.00
2025-04-17 20:47:24,341 [icarl.py] => Task 3, Epoch 60/200 => Loss 1.569, Loss_clf 0.226, Loss_kd 1.342, Train_accy 93.53
2025-04-17 20:47:33,184 [icarl.py] => Task 3, Epoch 61/200 => Loss 1.545, Loss_clf 0.218, Loss_kd 1.327, Train_accy 93.74, Test_accy {'Art': 27.94, 'Clipart': 57.14, 'Real World': 38.57, 'Product': 71.71}
2025-04-17 20:47:37,018 [icarl.py] => Task 3, Epoch 62/200 => Loss 1.556, Loss_clf 0.233, Loss_kd 1.324, Train_accy 93.64
2025-04-17 20:47:40,834 [icarl.py] => Task 3, Epoch 63/200 => Loss 1.565, Loss_clf 0.230, Loss_kd 1.335, Train_accy 93.48
2025-04-17 20:47:44,646 [icarl.py] => Task 3, Epoch 64/200 => Loss 1.564, Loss_clf 0.240, Loss_kd 1.323, Train_accy 93.16
2025-04-17 20:47:48,456 [icarl.py] => Task 3, Epoch 65/200 => Loss 1.535, Loss_clf 0.203, Loss_kd 1.332, Train_accy 93.96
2025-04-17 20:47:52,292 [icarl.py] => Task 3, Epoch 66/200 => Loss 1.557, Loss_clf 0.218, Loss_kd 1.338, Train_accy 93.96
2025-04-17 20:47:56,115 [icarl.py] => Task 3, Epoch 67/200 => Loss 1.526, Loss_clf 0.204, Loss_kd 1.322, Train_accy 93.69
2025-04-17 20:47:59,931 [icarl.py] => Task 3, Epoch 68/200 => Loss 1.520, Loss_clf 0.204, Loss_kd 1.317, Train_accy 94.38
2025-04-17 20:48:03,774 [icarl.py] => Task 3, Epoch 69/200 => Loss 1.538, Loss_clf 0.206, Loss_kd 1.332, Train_accy 94.01
2025-04-17 20:48:07,608 [icarl.py] => Task 3, Epoch 70/200 => Loss 1.538, Loss_clf 0.209, Loss_kd 1.328, Train_accy 93.96
2025-04-17 20:48:11,434 [icarl.py] => Task 3, Epoch 71/200 => Loss 1.476, Loss_clf 0.166, Loss_kd 1.310, Train_accy 95.44
2025-04-17 20:48:15,243 [icarl.py] => Task 3, Epoch 72/200 => Loss 1.527, Loss_clf 0.199, Loss_kd 1.328, Train_accy 94.80
2025-04-17 20:48:19,070 [icarl.py] => Task 3, Epoch 73/200 => Loss 1.472, Loss_clf 0.171, Loss_kd 1.301, Train_accy 95.12
2025-04-17 20:48:22,854 [icarl.py] => Task 3, Epoch 74/200 => Loss 1.496, Loss_clf 0.184, Loss_kd 1.312, Train_accy 94.86
2025-04-17 20:48:26,672 [icarl.py] => Task 3, Epoch 75/200 => Loss 1.477, Loss_clf 0.166, Loss_kd 1.311, Train_accy 95.12
2025-04-17 20:48:30,569 [icarl.py] => Task 3, Epoch 76/200 => Loss 1.568, Loss_clf 0.232, Loss_kd 1.336, Train_accy 93.11
2025-04-17 20:48:34,391 [icarl.py] => Task 3, Epoch 77/200 => Loss 1.511, Loss_clf 0.185, Loss_kd 1.326, Train_accy 94.75
2025-04-17 20:48:38,209 [icarl.py] => Task 3, Epoch 78/200 => Loss 1.476, Loss_clf 0.175, Loss_kd 1.301, Train_accy 95.33
2025-04-17 20:48:42,042 [icarl.py] => Task 3, Epoch 79/200 => Loss 1.510, Loss_clf 0.187, Loss_kd 1.323, Train_accy 94.96
2025-04-17 20:48:45,805 [icarl.py] => Task 3, Epoch 80/200 => Loss 1.474, Loss_clf 0.173, Loss_kd 1.301, Train_accy 95.02
2025-04-17 20:48:54,624 [icarl.py] => Task 3, Epoch 81/200 => Loss 1.495, Loss_clf 0.174, Loss_kd 1.321, Train_accy 95.28, Test_accy {'Art': 33.82, 'Clipart': 61.78, 'Real World': 37.5, 'Product': 72.7}
2025-04-17 20:48:58,404 [icarl.py] => Task 3, Epoch 82/200 => Loss 1.459, Loss_clf 0.149, Loss_kd 1.310, Train_accy 95.86
2025-04-17 20:49:02,196 [icarl.py] => Task 3, Epoch 83/200 => Loss 1.491, Loss_clf 0.171, Loss_kd 1.320, Train_accy 95.65
2025-04-17 20:49:06,034 [icarl.py] => Task 3, Epoch 84/200 => Loss 1.463, Loss_clf 0.168, Loss_kd 1.295, Train_accy 95.76
2025-04-17 20:49:09,850 [icarl.py] => Task 3, Epoch 85/200 => Loss 1.472, Loss_clf 0.159, Loss_kd 1.313, Train_accy 95.81
2025-04-17 20:49:13,663 [icarl.py] => Task 3, Epoch 86/200 => Loss 1.420, Loss_clf 0.131, Loss_kd 1.288, Train_accy 96.39
2025-04-17 20:49:17,467 [icarl.py] => Task 3, Epoch 87/200 => Loss 1.420, Loss_clf 0.124, Loss_kd 1.295, Train_accy 96.45
2025-04-17 20:49:21,319 [icarl.py] => Task 3, Epoch 88/200 => Loss 1.434, Loss_clf 0.144, Loss_kd 1.290, Train_accy 96.34
2025-04-17 20:49:25,231 [icarl.py] => Task 3, Epoch 89/200 => Loss 1.456, Loss_clf 0.150, Loss_kd 1.306, Train_accy 95.92
2025-04-17 20:49:29,042 [icarl.py] => Task 3, Epoch 90/200 => Loss 1.426, Loss_clf 0.125, Loss_kd 1.301, Train_accy 96.71
2025-04-17 20:49:32,868 [icarl.py] => Task 3, Epoch 91/200 => Loss 1.426, Loss_clf 0.133, Loss_kd 1.293, Train_accy 95.97
2025-04-17 20:49:36,671 [icarl.py] => Task 3, Epoch 92/200 => Loss 1.424, Loss_clf 0.130, Loss_kd 1.295, Train_accy 96.45
2025-04-17 20:49:40,469 [icarl.py] => Task 3, Epoch 93/200 => Loss 1.450, Loss_clf 0.143, Loss_kd 1.307, Train_accy 96.18
2025-04-17 20:49:44,267 [icarl.py] => Task 3, Epoch 94/200 => Loss 1.448, Loss_clf 0.140, Loss_kd 1.309, Train_accy 96.34
2025-04-17 20:49:48,095 [icarl.py] => Task 3, Epoch 95/200 => Loss 1.430, Loss_clf 0.139, Loss_kd 1.291, Train_accy 96.50
2025-04-17 20:49:51,935 [icarl.py] => Task 3, Epoch 96/200 => Loss 1.404, Loss_clf 0.121, Loss_kd 1.282, Train_accy 96.71
2025-04-17 20:49:55,767 [icarl.py] => Task 3, Epoch 97/200 => Loss 1.458, Loss_clf 0.168, Loss_kd 1.290, Train_accy 95.33
2025-04-17 20:49:59,596 [icarl.py] => Task 3, Epoch 98/200 => Loss 1.386, Loss_clf 0.117, Loss_kd 1.269, Train_accy 96.77
2025-04-17 20:50:03,420 [icarl.py] => Task 3, Epoch 99/200 => Loss 1.418, Loss_clf 0.136, Loss_kd 1.283, Train_accy 96.61
2025-04-17 20:50:07,232 [icarl.py] => Task 3, Epoch 100/200 => Loss 1.411, Loss_clf 0.128, Loss_kd 1.283, Train_accy 97.03
2025-04-17 20:50:16,039 [icarl.py] => Task 3, Epoch 101/200 => Loss 1.402, Loss_clf 0.127, Loss_kd 1.275, Train_accy 96.87, Test_accy {'Art': 29.41, 'Clipart': 60.62, 'Real World': 35.71, 'Product': 71.38}
2025-04-17 20:50:19,897 [icarl.py] => Task 3, Epoch 102/200 => Loss 1.429, Loss_clf 0.149, Loss_kd 1.281, Train_accy 95.92
2025-04-17 20:50:23,680 [icarl.py] => Task 3, Epoch 103/200 => Loss 1.400, Loss_clf 0.114, Loss_kd 1.287, Train_accy 96.55
2025-04-17 20:50:27,491 [icarl.py] => Task 3, Epoch 104/200 => Loss 1.424, Loss_clf 0.142, Loss_kd 1.281, Train_accy 95.81
2025-04-17 20:50:31,287 [icarl.py] => Task 3, Epoch 105/200 => Loss 1.399, Loss_clf 0.101, Loss_kd 1.298, Train_accy 97.45
2025-04-17 20:50:35,050 [icarl.py] => Task 3, Epoch 106/200 => Loss 1.401, Loss_clf 0.122, Loss_kd 1.278, Train_accy 97.14
2025-04-17 20:50:38,841 [icarl.py] => Task 3, Epoch 107/200 => Loss 1.416, Loss_clf 0.124, Loss_kd 1.292, Train_accy 96.61
2025-04-17 20:50:42,658 [icarl.py] => Task 3, Epoch 108/200 => Loss 1.369, Loss_clf 0.105, Loss_kd 1.264, Train_accy 97.51
2025-04-17 20:50:46,489 [icarl.py] => Task 3, Epoch 109/200 => Loss 1.382, Loss_clf 0.116, Loss_kd 1.266, Train_accy 97.08
2025-04-17 20:50:50,341 [icarl.py] => Task 3, Epoch 110/200 => Loss 1.393, Loss_clf 0.115, Loss_kd 1.278, Train_accy 96.98
2025-04-17 20:50:54,141 [icarl.py] => Task 3, Epoch 111/200 => Loss 1.383, Loss_clf 0.115, Loss_kd 1.268, Train_accy 97.24
2025-04-17 20:50:57,904 [icarl.py] => Task 3, Epoch 112/200 => Loss 1.401, Loss_clf 0.121, Loss_kd 1.280, Train_accy 97.03
2025-04-17 20:51:01,671 [icarl.py] => Task 3, Epoch 113/200 => Loss 1.397, Loss_clf 0.120, Loss_kd 1.277, Train_accy 97.08
2025-04-17 20:51:05,513 [icarl.py] => Task 3, Epoch 114/200 => Loss 1.391, Loss_clf 0.110, Loss_kd 1.282, Train_accy 97.51
2025-04-17 20:51:09,301 [icarl.py] => Task 3, Epoch 115/200 => Loss 1.393, Loss_clf 0.116, Loss_kd 1.277, Train_accy 97.03
2025-04-17 20:51:13,140 [icarl.py] => Task 3, Epoch 116/200 => Loss 1.397, Loss_clf 0.116, Loss_kd 1.281, Train_accy 97.08
2025-04-17 20:51:16,978 [icarl.py] => Task 3, Epoch 117/200 => Loss 1.394, Loss_clf 0.110, Loss_kd 1.284, Train_accy 97.03
2025-04-17 20:51:20,790 [icarl.py] => Task 3, Epoch 118/200 => Loss 1.352, Loss_clf 0.080, Loss_kd 1.271, Train_accy 98.09
2025-04-17 20:51:24,594 [icarl.py] => Task 3, Epoch 119/200 => Loss 1.375, Loss_clf 0.100, Loss_kd 1.275, Train_accy 97.88
2025-04-17 20:51:28,372 [icarl.py] => Task 3, Epoch 120/200 => Loss 1.356, Loss_clf 0.095, Loss_kd 1.261, Train_accy 97.61
2025-04-17 20:51:37,093 [icarl.py] => Task 3, Epoch 121/200 => Loss 1.372, Loss_clf 0.097, Loss_kd 1.275, Train_accy 97.88, Test_accy {'Art': 41.91, 'Clipart': 66.02, 'Real World': 37.86, 'Product': 79.28}
2025-04-17 20:51:40,929 [icarl.py] => Task 3, Epoch 122/200 => Loss 1.338, Loss_clf 0.082, Loss_kd 1.256, Train_accy 98.25
2025-04-17 20:51:44,738 [icarl.py] => Task 3, Epoch 123/200 => Loss 1.334, Loss_clf 0.075, Loss_kd 1.259, Train_accy 98.20
2025-04-17 20:51:48,529 [icarl.py] => Task 3, Epoch 124/200 => Loss 1.384, Loss_clf 0.099, Loss_kd 1.285, Train_accy 97.67
2025-04-17 20:51:52,322 [icarl.py] => Task 3, Epoch 125/200 => Loss 1.384, Loss_clf 0.107, Loss_kd 1.277, Train_accy 97.35
2025-04-17 20:51:56,160 [icarl.py] => Task 3, Epoch 126/200 => Loss 1.388, Loss_clf 0.107, Loss_kd 1.280, Train_accy 97.14
2025-04-17 20:52:00,023 [icarl.py] => Task 3, Epoch 127/200 => Loss 1.373, Loss_clf 0.088, Loss_kd 1.285, Train_accy 97.67
2025-04-17 20:52:03,867 [icarl.py] => Task 3, Epoch 128/200 => Loss 1.339, Loss_clf 0.073, Loss_kd 1.266, Train_accy 98.41
2025-04-17 20:52:07,695 [icarl.py] => Task 3, Epoch 129/200 => Loss 1.338, Loss_clf 0.085, Loss_kd 1.252, Train_accy 97.88
2025-04-17 20:52:11,498 [icarl.py] => Task 3, Epoch 130/200 => Loss 1.331, Loss_clf 0.085, Loss_kd 1.245, Train_accy 97.61
2025-04-17 20:52:15,300 [icarl.py] => Task 3, Epoch 131/200 => Loss 1.343, Loss_clf 0.080, Loss_kd 1.263, Train_accy 98.46
2025-04-17 20:52:19,074 [icarl.py] => Task 3, Epoch 132/200 => Loss 1.340, Loss_clf 0.077, Loss_kd 1.263, Train_accy 97.93
2025-04-17 20:52:22,870 [icarl.py] => Task 3, Epoch 133/200 => Loss 1.369, Loss_clf 0.096, Loss_kd 1.273, Train_accy 97.56
2025-04-17 20:52:26,678 [icarl.py] => Task 3, Epoch 134/200 => Loss 1.345, Loss_clf 0.083, Loss_kd 1.262, Train_accy 97.88
2025-04-17 20:52:30,554 [icarl.py] => Task 3, Epoch 135/200 => Loss 1.345, Loss_clf 0.083, Loss_kd 1.262, Train_accy 97.72
2025-04-17 20:52:34,362 [icarl.py] => Task 3, Epoch 136/200 => Loss 1.350, Loss_clf 0.090, Loss_kd 1.260, Train_accy 97.88
2025-04-17 20:52:38,189 [icarl.py] => Task 3, Epoch 137/200 => Loss 1.336, Loss_clf 0.077, Loss_kd 1.259, Train_accy 98.09
2025-04-17 20:52:41,966 [icarl.py] => Task 3, Epoch 138/200 => Loss 1.360, Loss_clf 0.080, Loss_kd 1.280, Train_accy 98.14
2025-04-17 20:52:45,718 [icarl.py] => Task 3, Epoch 139/200 => Loss 1.337, Loss_clf 0.080, Loss_kd 1.257, Train_accy 97.99
2025-04-17 20:52:49,545 [icarl.py] => Task 3, Epoch 140/200 => Loss 1.322, Loss_clf 0.075, Loss_kd 1.247, Train_accy 98.09
2025-04-17 20:52:58,676 [icarl.py] => Task 3, Epoch 141/200 => Loss 1.308, Loss_clf 0.063, Loss_kd 1.245, Train_accy 98.78, Test_accy {'Art': 40.44, 'Clipart': 64.86, 'Real World': 38.21, 'Product': 79.61}
2025-04-17 20:53:02,496 [icarl.py] => Task 3, Epoch 142/200 => Loss 1.333, Loss_clf 0.070, Loss_kd 1.263, Train_accy 97.93
2025-04-17 20:53:06,258 [icarl.py] => Task 3, Epoch 143/200 => Loss 1.313, Loss_clf 0.069, Loss_kd 1.243, Train_accy 98.30
2025-04-17 20:53:10,061 [icarl.py] => Task 3, Epoch 144/200 => Loss 1.322, Loss_clf 0.065, Loss_kd 1.257, Train_accy 98.52
2025-04-17 20:53:13,864 [icarl.py] => Task 3, Epoch 145/200 => Loss 1.345, Loss_clf 0.091, Loss_kd 1.255, Train_accy 97.56
2025-04-17 20:53:17,668 [icarl.py] => Task 3, Epoch 146/200 => Loss 1.324, Loss_clf 0.067, Loss_kd 1.258, Train_accy 98.78
2025-04-17 20:53:21,457 [icarl.py] => Task 3, Epoch 147/200 => Loss 1.341, Loss_clf 0.080, Loss_kd 1.261, Train_accy 98.14
2025-04-17 20:53:25,241 [icarl.py] => Task 3, Epoch 148/200 => Loss 1.328, Loss_clf 0.077, Loss_kd 1.250, Train_accy 98.09
2025-04-17 20:53:29,054 [icarl.py] => Task 3, Epoch 149/200 => Loss 1.329, Loss_clf 0.077, Loss_kd 1.253, Train_accy 98.09
2025-04-17 20:53:32,853 [icarl.py] => Task 3, Epoch 150/200 => Loss 1.342, Loss_clf 0.075, Loss_kd 1.268, Train_accy 98.36
2025-04-17 20:53:36,614 [icarl.py] => Task 3, Epoch 151/200 => Loss 1.335, Loss_clf 0.069, Loss_kd 1.266, Train_accy 98.57
2025-04-17 20:53:40,373 [icarl.py] => Task 3, Epoch 152/200 => Loss 1.323, Loss_clf 0.069, Loss_kd 1.254, Train_accy 98.36
2025-04-17 20:53:44,243 [icarl.py] => Task 3, Epoch 153/200 => Loss 1.332, Loss_clf 0.072, Loss_kd 1.260, Train_accy 98.25
2025-04-17 20:53:48,067 [icarl.py] => Task 3, Epoch 154/200 => Loss 1.317, Loss_clf 0.071, Loss_kd 1.246, Train_accy 98.25
2025-04-17 20:53:51,915 [icarl.py] => Task 3, Epoch 155/200 => Loss 1.327, Loss_clf 0.077, Loss_kd 1.250, Train_accy 98.20
2025-04-17 20:53:55,757 [icarl.py] => Task 3, Epoch 156/200 => Loss 1.306, Loss_clf 0.063, Loss_kd 1.243, Train_accy 98.73
2025-04-17 20:53:59,525 [icarl.py] => Task 3, Epoch 157/200 => Loss 1.322, Loss_clf 0.067, Loss_kd 1.255, Train_accy 98.41
2025-04-17 20:54:03,297 [icarl.py] => Task 3, Epoch 158/200 => Loss 1.310, Loss_clf 0.063, Loss_kd 1.246, Train_accy 98.52
2025-04-17 20:54:07,090 [icarl.py] => Task 3, Epoch 159/200 => Loss 1.308, Loss_clf 0.061, Loss_kd 1.247, Train_accy 98.67
2025-04-17 20:54:10,899 [icarl.py] => Task 3, Epoch 160/200 => Loss 1.303, Loss_clf 0.058, Loss_kd 1.245, Train_accy 98.83
2025-04-17 20:54:19,592 [icarl.py] => Task 3, Epoch 161/200 => Loss 1.291, Loss_clf 0.058, Loss_kd 1.234, Train_accy 98.73, Test_accy {'Art': 37.5, 'Clipart': 64.48, 'Real World': 37.5, 'Product': 79.28}
2025-04-17 20:54:23,346 [icarl.py] => Task 3, Epoch 162/200 => Loss 1.297, Loss_clf 0.057, Loss_kd 1.239, Train_accy 98.78
2025-04-17 20:54:27,174 [icarl.py] => Task 3, Epoch 163/200 => Loss 1.322, Loss_clf 0.066, Loss_kd 1.256, Train_accy 98.46
2025-04-17 20:54:30,988 [icarl.py] => Task 3, Epoch 164/200 => Loss 1.310, Loss_clf 0.065, Loss_kd 1.245, Train_accy 98.57
2025-04-17 20:54:34,808 [icarl.py] => Task 3, Epoch 165/200 => Loss 1.324, Loss_clf 0.057, Loss_kd 1.266, Train_accy 98.83
2025-04-17 20:54:38,588 [icarl.py] => Task 3, Epoch 166/200 => Loss 1.329, Loss_clf 0.067, Loss_kd 1.262, Train_accy 98.36
2025-04-17 20:54:42,367 [icarl.py] => Task 3, Epoch 167/200 => Loss 1.313, Loss_clf 0.057, Loss_kd 1.256, Train_accy 98.67
2025-04-17 20:54:46,203 [icarl.py] => Task 3, Epoch 168/200 => Loss 1.335, Loss_clf 0.070, Loss_kd 1.265, Train_accy 98.36
2025-04-17 20:54:49,999 [icarl.py] => Task 3, Epoch 169/200 => Loss 1.300, Loss_clf 0.063, Loss_kd 1.237, Train_accy 98.52
2025-04-17 20:54:53,817 [icarl.py] => Task 3, Epoch 170/200 => Loss 1.325, Loss_clf 0.065, Loss_kd 1.261, Train_accy 98.46
2025-04-17 20:54:57,667 [icarl.py] => Task 3, Epoch 171/200 => Loss 1.318, Loss_clf 0.071, Loss_kd 1.247, Train_accy 98.73
2025-04-17 20:55:01,503 [icarl.py] => Task 3, Epoch 172/200 => Loss 1.302, Loss_clf 0.054, Loss_kd 1.249, Train_accy 98.94
2025-04-17 20:55:05,288 [icarl.py] => Task 3, Epoch 173/200 => Loss 1.321, Loss_clf 0.061, Loss_kd 1.260, Train_accy 98.30
2025-04-17 20:55:09,147 [icarl.py] => Task 3, Epoch 174/200 => Loss 1.309, Loss_clf 0.062, Loss_kd 1.247, Train_accy 98.67
2025-04-17 20:55:12,995 [icarl.py] => Task 3, Epoch 175/200 => Loss 1.311, Loss_clf 0.064, Loss_kd 1.247, Train_accy 98.62
2025-04-17 20:55:16,852 [icarl.py] => Task 3, Epoch 176/200 => Loss 1.317, Loss_clf 0.067, Loss_kd 1.250, Train_accy 98.30
2025-04-17 20:55:20,712 [icarl.py] => Task 3, Epoch 177/200 => Loss 1.338, Loss_clf 0.069, Loss_kd 1.269, Train_accy 98.36
2025-04-17 20:55:24,537 [icarl.py] => Task 3, Epoch 178/200 => Loss 1.314, Loss_clf 0.060, Loss_kd 1.254, Train_accy 98.83
2025-04-17 20:55:28,347 [icarl.py] => Task 3, Epoch 179/200 => Loss 1.290, Loss_clf 0.067, Loss_kd 1.223, Train_accy 98.52
2025-04-17 20:55:32,232 [icarl.py] => Task 3, Epoch 180/200 => Loss 1.305, Loss_clf 0.069, Loss_kd 1.236, Train_accy 98.36
2025-04-17 20:55:41,261 [icarl.py] => Task 3, Epoch 181/200 => Loss 1.309, Loss_clf 0.059, Loss_kd 1.250, Train_accy 98.57, Test_accy {'Art': 40.44, 'Clipart': 63.71, 'Real World': 37.5, 'Product': 80.59}
2025-04-17 20:55:45,020 [icarl.py] => Task 3, Epoch 182/200 => Loss 1.298, Loss_clf 0.058, Loss_kd 1.240, Train_accy 98.78
2025-04-17 20:55:48,824 [icarl.py] => Task 3, Epoch 183/200 => Loss 1.286, Loss_clf 0.055, Loss_kd 1.231, Train_accy 98.94
2025-04-17 20:55:52,561 [icarl.py] => Task 3, Epoch 184/200 => Loss 1.298, Loss_clf 0.056, Loss_kd 1.243, Train_accy 98.78
2025-04-17 20:55:56,376 [icarl.py] => Task 3, Epoch 185/200 => Loss 1.317, Loss_clf 0.061, Loss_kd 1.256, Train_accy 98.67
2025-04-17 20:56:00,149 [icarl.py] => Task 3, Epoch 186/200 => Loss 1.286, Loss_clf 0.056, Loss_kd 1.230, Train_accy 98.73
2025-04-17 20:56:03,944 [icarl.py] => Task 3, Epoch 187/200 => Loss 1.294, Loss_clf 0.055, Loss_kd 1.239, Train_accy 98.89
2025-04-17 20:56:07,840 [icarl.py] => Task 3, Epoch 188/200 => Loss 1.299, Loss_clf 0.056, Loss_kd 1.243, Train_accy 98.94
2025-04-17 20:56:11,588 [icarl.py] => Task 3, Epoch 189/200 => Loss 1.297, Loss_clf 0.057, Loss_kd 1.240, Train_accy 98.78
2025-04-17 20:56:15,382 [icarl.py] => Task 3, Epoch 190/200 => Loss 1.287, Loss_clf 0.048, Loss_kd 1.239, Train_accy 99.20
2025-04-17 20:56:19,220 [icarl.py] => Task 3, Epoch 191/200 => Loss 1.294, Loss_clf 0.056, Loss_kd 1.237, Train_accy 98.67
2025-04-17 20:56:23,071 [icarl.py] => Task 3, Epoch 192/200 => Loss 1.307, Loss_clf 0.061, Loss_kd 1.246, Train_accy 98.73
2025-04-17 20:56:26,881 [icarl.py] => Task 3, Epoch 193/200 => Loss 1.297, Loss_clf 0.061, Loss_kd 1.236, Train_accy 98.57
2025-04-17 20:56:30,686 [icarl.py] => Task 3, Epoch 194/200 => Loss 1.317, Loss_clf 0.059, Loss_kd 1.257, Train_accy 98.83
2025-04-17 20:56:34,485 [icarl.py] => Task 3, Epoch 195/200 => Loss 1.320, Loss_clf 0.067, Loss_kd 1.253, Train_accy 98.30
2025-04-17 20:56:38,295 [icarl.py] => Task 3, Epoch 196/200 => Loss 1.307, Loss_clf 0.055, Loss_kd 1.252, Train_accy 98.57
2025-04-17 20:56:42,097 [icarl.py] => Task 3, Epoch 197/200 => Loss 1.312, Loss_clf 0.066, Loss_kd 1.246, Train_accy 98.67
2025-04-17 20:56:45,878 [icarl.py] => Task 3, Epoch 198/200 => Loss 1.315, Loss_clf 0.057, Loss_kd 1.258, Train_accy 98.83
2025-04-17 20:56:49,700 [icarl.py] => Task 3, Epoch 199/200 => Loss 1.300, Loss_clf 0.056, Loss_kd 1.244, Train_accy 98.67
2025-04-17 20:56:53,511 [icarl.py] => Task 3, Epoch 200/200 => Loss 1.320, Loss_clf 0.064, Loss_kd 1.256, Train_accy 98.52
2025-04-17 20:56:53,512 [base.py] => Reducing exemplars...(65 per classes)
2025-04-17 20:57:03,148 [base.py] => Constructing exemplars...(65 per classes)
2025-04-17 20:57:20,255 [icarl.py] => Exemplar size: 1300
2025-04-17 20:57:21,085 [trainer.py] => CNN [Art]: {'total': 40.44, '00-04': 60.53, '05-09': 47.06, '10-14': 27.03, '15-19': 22.22, 'old': 44.95, 'new': 22.22}
2025-04-17 20:57:21,085 [trainer.py] => NME [Art]: {'total': 35.29, '00-04': 50.0, '05-09': 44.12, '10-14': 27.03, '15-19': 14.81, 'old': 40.37, 'new': 14.81}
2025-04-17 20:57:21,085 [trainer.py] => CNN [Art] top1 curve: [60.53, 47.22, 44.95, 40.44]
2025-04-17 20:57:21,085 [trainer.py] => CNN [Art] top5 curve: [100.0, 84.72, 74.31, 69.12]
2025-04-17 20:57:21,085 [trainer.py] => NME [Art] top1 curve: [57.89, 51.39, 43.12, 35.29]
2025-04-17 20:57:21,085 [trainer.py] => NME [Art] top5 curve: [100.0, 86.11, 76.15, 69.85]
2025-04-17 20:57:21,085 [trainer.py] => Average Accuracy [Art] (CNN): 48.285
2025-04-17 20:57:21,085 [trainer.py] => Average Accuracy [Art] (NME): 46.9225
2025-04-17 20:57:21,085 [trainer.py] => CNN [Clipart]: {'total': 64.86, '00-04': 70.51, '05-09': 58.06, '10-14': 62.12, '15-19': 67.92, 'old': 64.08, 'new': 67.92}
2025-04-17 20:57:21,085 [trainer.py] => NME [Clipart]: {'total': 65.25, '00-04': 69.23, '05-09': 61.29, '10-14': 65.15, '15-19': 64.15, 'old': 65.53, 'new': 64.15}
2025-04-17 20:57:21,085 [trainer.py] => CNN [Clipart] top1 curve: [76.92, 71.43, 65.53, 64.86]
2025-04-17 20:57:21,086 [trainer.py] => CNN [Clipart] top5 curve: [100.0, 92.14, 87.38, 85.33]
2025-04-17 20:57:21,086 [trainer.py] => NME [Clipart] top1 curve: [73.08, 68.57, 68.45, 65.25]
2025-04-17 20:57:21,086 [trainer.py] => NME [Clipart] top5 curve: [100.0, 89.29, 88.35, 85.71]
2025-04-17 20:57:21,086 [trainer.py] => Average Accuracy [Clipart] (CNN): 69.685
2025-04-17 20:57:21,086 [trainer.py] => Average Accuracy [Clipart] (NME): 68.8375
2025-04-17 20:57:21,086 [trainer.py] => CNN [Product]: {'total': 79.28, '00-04': 84.71, '05-09': 73.75, '10-14': 83.87, '15-19': 75.32, 'old': 80.62, 'new': 75.32}
2025-04-17 20:57:21,086 [trainer.py] => NME [Product]: {'total': 80.26, '00-04': 85.88, '05-09': 73.75, '10-14': 88.71, '15-19': 74.03, 'old': 82.38, 'new': 74.03}
2025-04-17 20:57:21,086 [trainer.py] => CNN [Product] top1 curve: [88.24, 85.45, 86.78, 79.28]
2025-04-17 20:57:21,086 [trainer.py] => CNN [Product] top5 curve: [100.0, 99.39, 98.24, 94.74]
2025-04-17 20:57:21,086 [trainer.py] => NME [Product] top1 curve: [87.06, 85.45, 88.11, 80.26]
2025-04-17 20:57:21,086 [trainer.py] => NME [Product] top5 curve: [100.0, 99.39, 98.68, 96.38]
2025-04-17 20:57:21,086 [trainer.py] => Average Accuracy [Product] (CNN): 84.9375
2025-04-17 20:57:21,086 [trainer.py] => Average Accuracy [Product] (NME): 85.22
2025-04-17 20:57:21,086 [trainer.py] => CNN [Real World]: {'total': 37.14, '00-04': 45.21, '05-09': 48.53, '10-14': 30.56, '15-19': 23.88, 'old': 41.31, 'new': 23.88}
2025-04-17 20:57:21,086 [trainer.py] => NME [Real World]: {'total': 38.21, '00-04': 39.73, '05-09': 50.0, '10-14': 37.5, '15-19': 25.37, 'old': 42.25, 'new': 25.37}
2025-04-17 20:57:21,086 [trainer.py] => CNN [Real World] top1 curve: [64.38, 58.16, 47.89, 37.14]
2025-04-17 20:57:21,086 [trainer.py] => CNN [Real World] top5 curve: [100.0, 88.65, 79.34, 68.93]
2025-04-17 20:57:21,086 [trainer.py] => NME [Real World] top1 curve: [63.01, 58.16, 48.36, 38.21]
2025-04-17 20:57:21,086 [trainer.py] => NME [Real World] top5 curve: [100.0, 91.49, 81.22, 73.93]
2025-04-17 20:57:21,086 [trainer.py] => Average Accuracy [Real World] (CNN): 51.8925
2025-04-17 20:57:21,086 [trainer.py] => Average Accuracy [Real World] (NME): 51.935
2025-04-17 20:57:21,086 [trainer.py] => NME Harmonic Mean : 46.7682
2025-04-17 20:57:21,086 [trainer.py] => NME Macro Mean : 54.7525
2025-04-17 20:57:21,086 [trainer.py] => CNN Harmonic Mean : 46.3196
2025-04-17 20:57:21,086 [trainer.py] => CNN Macro Mean : 55.4300
2025-04-17 20:57:21,087 [trainer.py] => All params: 21300062
2025-04-17 20:57:21,087 [trainer.py] => Trainable params: 21300062
2025-04-17 20:57:21,088 [icarl.py] => Learning on 20-25
2025-04-17 20:57:31,637 [icarl.py] => Task 4, Epoch 1/200 => Loss 3.907, Loss_clf 2.006, Loss_kd 1.901, Train_accy 47.85, Test_accy {'Art': 13.22, 'Clipart': 34.77, 'Real World': 19.42, 'Product': 34.25}
2025-04-17 20:57:35,618 [icarl.py] => Task 4, Epoch 2/200 => Loss 4.059, Loss_clf 1.904, Loss_kd 2.154, Train_accy 43.51
2025-04-17 20:57:39,637 [icarl.py] => Task 4, Epoch 3/200 => Loss 3.606, Loss_clf 1.598, Loss_kd 2.008, Train_accy 51.36
2025-04-17 20:57:43,694 [icarl.py] => Task 4, Epoch 4/200 => Loss 3.388, Loss_clf 1.449, Loss_kd 1.939, Train_accy 54.96
2025-04-17 20:57:47,767 [icarl.py] => Task 4, Epoch 5/200 => Loss 3.197, Loss_clf 1.303, Loss_kd 1.894, Train_accy 59.74
2025-04-17 20:57:51,805 [icarl.py] => Task 4, Epoch 6/200 => Loss 3.232, Loss_clf 1.325, Loss_kd 1.907, Train_accy 59.74
2025-04-17 20:57:55,919 [icarl.py] => Task 4, Epoch 7/200 => Loss 3.043, Loss_clf 1.178, Loss_kd 1.865, Train_accy 62.95
2025-04-17 20:57:59,950 [icarl.py] => Task 4, Epoch 8/200 => Loss 2.845, Loss_clf 1.044, Loss_kd 1.801, Train_accy 67.19
2025-04-17 20:58:03,999 [icarl.py] => Task 4, Epoch 9/200 => Loss 2.880, Loss_clf 1.070, Loss_kd 1.810, Train_accy 67.09
2025-04-17 20:58:08,018 [icarl.py] => Task 4, Epoch 10/200 => Loss 2.714, Loss_clf 0.938, Loss_kd 1.776, Train_accy 70.45
2025-04-17 20:58:12,081 [icarl.py] => Task 4, Epoch 11/200 => Loss 2.712, Loss_clf 0.929, Loss_kd 1.783, Train_accy 70.84
2025-04-17 20:58:16,174 [icarl.py] => Task 4, Epoch 12/200 => Loss 2.687, Loss_clf 0.905, Loss_kd 1.783, Train_accy 72.13
2025-04-17 20:58:20,189 [icarl.py] => Task 4, Epoch 13/200 => Loss 2.681, Loss_clf 0.898, Loss_kd 1.782, Train_accy 71.88
2025-04-17 20:58:24,263 [icarl.py] => Task 4, Epoch 14/200 => Loss 2.582, Loss_clf 0.836, Loss_kd 1.746, Train_accy 73.46
2025-04-17 20:58:28,327 [icarl.py] => Task 4, Epoch 15/200 => Loss 2.402, Loss_clf 0.703, Loss_kd 1.699, Train_accy 77.36
2025-04-17 20:58:32,401 [icarl.py] => Task 4, Epoch 16/200 => Loss 2.395, Loss_clf 0.699, Loss_kd 1.696, Train_accy 78.59
2025-04-17 20:58:36,532 [icarl.py] => Task 4, Epoch 17/200 => Loss 2.404, Loss_clf 0.697, Loss_kd 1.708, Train_accy 78.29
2025-04-17 20:58:40,597 [icarl.py] => Task 4, Epoch 18/200 => Loss 2.388, Loss_clf 0.683, Loss_kd 1.706, Train_accy 79.33
2025-04-17 20:58:44,726 [icarl.py] => Task 4, Epoch 19/200 => Loss 2.385, Loss_clf 0.687, Loss_kd 1.698, Train_accy 78.24
2025-04-17 20:58:48,789 [icarl.py] => Task 4, Epoch 20/200 => Loss 2.335, Loss_clf 0.641, Loss_kd 1.694, Train_accy 79.97
2025-04-17 20:58:59,477 [icarl.py] => Task 4, Epoch 21/200 => Loss 2.304, Loss_clf 0.613, Loss_kd 1.691, Train_accy 81.80, Test_accy {'Art': 25.86, 'Clipart': 54.02, 'Real World': 28.41, 'Product': 62.74}
2025-04-17 20:59:03,542 [icarl.py] => Task 4, Epoch 22/200 => Loss 2.240, Loss_clf 0.570, Loss_kd 1.671, Train_accy 82.88
2025-04-17 20:59:07,586 [icarl.py] => Task 4, Epoch 23/200 => Loss 2.320, Loss_clf 0.625, Loss_kd 1.695, Train_accy 80.66
2025-04-17 20:59:11,644 [icarl.py] => Task 4, Epoch 24/200 => Loss 2.266, Loss_clf 0.594, Loss_kd 1.671, Train_accy 81.85
2025-04-17 20:59:15,679 [icarl.py] => Task 4, Epoch 25/200 => Loss 2.130, Loss_clf 0.483, Loss_kd 1.647, Train_accy 85.55
2025-04-17 20:59:19,741 [icarl.py] => Task 4, Epoch 26/200 => Loss 2.161, Loss_clf 0.508, Loss_kd 1.654, Train_accy 85.35
2025-04-17 20:59:23,772 [icarl.py] => Task 4, Epoch 27/200 => Loss 2.170, Loss_clf 0.503, Loss_kd 1.667, Train_accy 84.85
2025-04-17 20:59:27,827 [icarl.py] => Task 4, Epoch 28/200 => Loss 2.100, Loss_clf 0.473, Loss_kd 1.627, Train_accy 85.69
2025-04-17 20:59:31,908 [icarl.py] => Task 4, Epoch 29/200 => Loss 2.129, Loss_clf 0.478, Loss_kd 1.651, Train_accy 85.94
2025-04-17 20:59:35,988 [icarl.py] => Task 4, Epoch 30/200 => Loss 2.024, Loss_clf 0.420, Loss_kd 1.604, Train_accy 87.22
2025-04-17 20:59:40,074 [icarl.py] => Task 4, Epoch 31/200 => Loss 2.034, Loss_clf 0.419, Loss_kd 1.614, Train_accy 87.52
2025-04-17 20:59:44,110 [icarl.py] => Task 4, Epoch 32/200 => Loss 2.070, Loss_clf 0.439, Loss_kd 1.630, Train_accy 86.43
2025-04-17 20:59:48,191 [icarl.py] => Task 4, Epoch 33/200 => Loss 2.120, Loss_clf 0.466, Loss_kd 1.653, Train_accy 85.59
2025-04-17 20:59:52,330 [icarl.py] => Task 4, Epoch 34/200 => Loss 2.003, Loss_clf 0.381, Loss_kd 1.623, Train_accy 87.81
2025-04-17 20:59:56,436 [icarl.py] => Task 4, Epoch 35/200 => Loss 1.999, Loss_clf 0.391, Loss_kd 1.608, Train_accy 88.70
2025-04-17 21:00:00,495 [icarl.py] => Task 4, Epoch 36/200 => Loss 1.986, Loss_clf 0.379, Loss_kd 1.607, Train_accy 88.65
2025-04-17 21:00:04,528 [icarl.py] => Task 4, Epoch 37/200 => Loss 1.990, Loss_clf 0.387, Loss_kd 1.603, Train_accy 88.46
2025-04-17 21:00:08,579 [icarl.py] => Task 4, Epoch 38/200 => Loss 1.983, Loss_clf 0.385, Loss_kd 1.598, Train_accy 88.60
2025-04-17 21:00:12,643 [icarl.py] => Task 4, Epoch 39/200 => Loss 1.987, Loss_clf 0.374, Loss_kd 1.613, Train_accy 89.74
2025-04-17 21:00:16,679 [icarl.py] => Task 4, Epoch 40/200 => Loss 1.959, Loss_clf 0.368, Loss_kd 1.591, Train_accy 89.34
2025-04-17 21:00:27,230 [icarl.py] => Task 4, Epoch 41/200 => Loss 1.900, Loss_clf 0.309, Loss_kd 1.591, Train_accy 91.17, Test_accy {'Art': 25.29, 'Clipart': 47.99, 'Real World': 26.67, 'Product': 52.88}
2025-04-17 21:00:31,292 [icarl.py] => Task 4, Epoch 42/200 => Loss 1.908, Loss_clf 0.318, Loss_kd 1.590, Train_accy 90.68
2025-04-17 21:00:35,342 [icarl.py] => Task 4, Epoch 43/200 => Loss 1.896, Loss_clf 0.323, Loss_kd 1.573, Train_accy 90.63
2025-04-17 21:00:39,456 [icarl.py] => Task 4, Epoch 44/200 => Loss 1.960, Loss_clf 0.354, Loss_kd 1.606, Train_accy 89.59
2025-04-17 21:00:43,507 [icarl.py] => Task 4, Epoch 45/200 => Loss 1.944, Loss_clf 0.346, Loss_kd 1.598, Train_accy 90.18
2025-04-17 21:00:47,553 [icarl.py] => Task 4, Epoch 46/200 => Loss 1.865, Loss_clf 0.285, Loss_kd 1.580, Train_accy 91.96
2025-04-17 21:00:51,623 [icarl.py] => Task 4, Epoch 47/200 => Loss 1.871, Loss_clf 0.294, Loss_kd 1.577, Train_accy 90.97
2025-04-17 21:00:55,692 [icarl.py] => Task 4, Epoch 48/200 => Loss 1.893, Loss_clf 0.308, Loss_kd 1.585, Train_accy 91.27
2025-04-17 21:00:59,749 [icarl.py] => Task 4, Epoch 49/200 => Loss 1.863, Loss_clf 0.299, Loss_kd 1.563, Train_accy 91.27
2025-04-17 21:01:03,806 [icarl.py] => Task 4, Epoch 50/200 => Loss 1.865, Loss_clf 0.296, Loss_kd 1.569, Train_accy 91.32
2025-04-17 21:01:07,854 [icarl.py] => Task 4, Epoch 51/200 => Loss 1.888, Loss_clf 0.300, Loss_kd 1.588, Train_accy 91.07
2025-04-17 21:01:11,876 [icarl.py] => Task 4, Epoch 52/200 => Loss 1.865, Loss_clf 0.286, Loss_kd 1.579, Train_accy 91.61
2025-04-17 21:01:15,890 [icarl.py] => Task 4, Epoch 53/200 => Loss 1.838, Loss_clf 0.268, Loss_kd 1.571, Train_accy 92.65
2025-04-17 21:01:19,939 [icarl.py] => Task 4, Epoch 54/200 => Loss 1.835, Loss_clf 0.273, Loss_kd 1.562, Train_accy 91.71
2025-04-17 21:01:23,951 [icarl.py] => Task 4, Epoch 55/200 => Loss 1.820, Loss_clf 0.255, Loss_kd 1.565, Train_accy 93.34
2025-04-17 21:01:28,034 [icarl.py] => Task 4, Epoch 56/200 => Loss 1.830, Loss_clf 0.260, Loss_kd 1.569, Train_accy 92.65
2025-04-17 21:01:32,193 [icarl.py] => Task 4, Epoch 57/200 => Loss 1.802, Loss_clf 0.242, Loss_kd 1.561, Train_accy 93.34
2025-04-17 21:01:36,305 [icarl.py] => Task 4, Epoch 58/200 => Loss 1.808, Loss_clf 0.244, Loss_kd 1.564, Train_accy 93.24
2025-04-17 21:01:40,397 [icarl.py] => Task 4, Epoch 59/200 => Loss 1.812, Loss_clf 0.254, Loss_kd 1.558, Train_accy 92.45
2025-04-17 21:01:44,455 [icarl.py] => Task 4, Epoch 60/200 => Loss 1.789, Loss_clf 0.232, Loss_kd 1.557, Train_accy 93.64
2025-04-17 21:01:54,902 [icarl.py] => Task 4, Epoch 61/200 => Loss 1.757, Loss_clf 0.209, Loss_kd 1.548, Train_accy 93.88, Test_accy {'Art': 28.74, 'Clipart': 53.45, 'Real World': 33.04, 'Product': 71.51}
2025-04-17 21:01:58,927 [icarl.py] => Task 4, Epoch 62/200 => Loss 1.795, Loss_clf 0.241, Loss_kd 1.554, Train_accy 92.85
2025-04-17 21:02:02,968 [icarl.py] => Task 4, Epoch 63/200 => Loss 1.793, Loss_clf 0.249, Loss_kd 1.545, Train_accy 92.60
2025-04-17 21:02:07,047 [icarl.py] => Task 4, Epoch 64/200 => Loss 1.787, Loss_clf 0.240, Loss_kd 1.547, Train_accy 93.29
2025-04-17 21:02:11,112 [icarl.py] => Task 4, Epoch 65/200 => Loss 1.738, Loss_clf 0.197, Loss_kd 1.541, Train_accy 93.88
2025-04-17 21:02:15,132 [icarl.py] => Task 4, Epoch 66/200 => Loss 1.745, Loss_clf 0.205, Loss_kd 1.540, Train_accy 94.03
2025-04-17 21:02:19,182 [icarl.py] => Task 4, Epoch 67/200 => Loss 1.759, Loss_clf 0.207, Loss_kd 1.552, Train_accy 94.18
2025-04-17 21:02:23,275 [icarl.py] => Task 4, Epoch 68/200 => Loss 1.776, Loss_clf 0.223, Loss_kd 1.553, Train_accy 93.14
2025-04-17 21:02:27,335 [icarl.py] => Task 4, Epoch 69/200 => Loss 1.754, Loss_clf 0.215, Loss_kd 1.539, Train_accy 93.44
2025-04-17 21:02:31,476 [icarl.py] => Task 4, Epoch 70/200 => Loss 1.725, Loss_clf 0.184, Loss_kd 1.540, Train_accy 94.77
2025-04-17 21:02:35,620 [icarl.py] => Task 4, Epoch 71/200 => Loss 1.712, Loss_clf 0.172, Loss_kd 1.540, Train_accy 95.41
2025-04-17 21:02:39,669 [icarl.py] => Task 4, Epoch 72/200 => Loss 1.696, Loss_clf 0.177, Loss_kd 1.520, Train_accy 95.17
2025-04-17 21:02:43,678 [icarl.py] => Task 4, Epoch 73/200 => Loss 1.711, Loss_clf 0.184, Loss_kd 1.526, Train_accy 94.77
2025-04-17 21:02:47,696 [icarl.py] => Task 4, Epoch 74/200 => Loss 1.707, Loss_clf 0.175, Loss_kd 1.532, Train_accy 95.31
2025-04-17 21:02:51,758 [icarl.py] => Task 4, Epoch 75/200 => Loss 1.751, Loss_clf 0.224, Loss_kd 1.528, Train_accy 93.54
2025-04-17 21:02:55,815 [icarl.py] => Task 4, Epoch 76/200 => Loss 1.767, Loss_clf 0.218, Loss_kd 1.549, Train_accy 94.08
2025-04-17 21:02:59,916 [icarl.py] => Task 4, Epoch 77/200 => Loss 1.733, Loss_clf 0.201, Loss_kd 1.532, Train_accy 94.72
2025-04-17 21:03:03,963 [icarl.py] => Task 4, Epoch 78/200 => Loss 1.724, Loss_clf 0.185, Loss_kd 1.539, Train_accy 94.82
2025-04-17 21:03:08,049 [icarl.py] => Task 4, Epoch 79/200 => Loss 1.727, Loss_clf 0.198, Loss_kd 1.529, Train_accy 94.82
2025-04-17 21:03:12,097 [icarl.py] => Task 4, Epoch 80/200 => Loss 1.715, Loss_clf 0.175, Loss_kd 1.541, Train_accy 94.87
2025-04-17 21:03:22,505 [icarl.py] => Task 4, Epoch 81/200 => Loss 1.704, Loss_clf 0.177, Loss_kd 1.527, Train_accy 95.12, Test_accy {'Art': 32.76, 'Clipart': 58.33, 'Real World': 34.78, 'Product': 70.96}
2025-04-17 21:03:26,548 [icarl.py] => Task 4, Epoch 82/200 => Loss 1.691, Loss_clf 0.164, Loss_kd 1.527, Train_accy 95.51
2025-04-17 21:03:30,577 [icarl.py] => Task 4, Epoch 83/200 => Loss 1.631, Loss_clf 0.152, Loss_kd 1.480, Train_accy 96.30
2025-04-17 21:03:34,608 [icarl.py] => Task 4, Epoch 84/200 => Loss 1.656, Loss_clf 0.146, Loss_kd 1.510, Train_accy 95.76
2025-04-17 21:03:38,688 [icarl.py] => Task 4, Epoch 85/200 => Loss 1.697, Loss_clf 0.180, Loss_kd 1.517, Train_accy 94.87
2025-04-17 21:03:42,727 [icarl.py] => Task 4, Epoch 86/200 => Loss 1.664, Loss_clf 0.145, Loss_kd 1.519, Train_accy 96.35
2025-04-17 21:03:46,742 [icarl.py] => Task 4, Epoch 87/200 => Loss 1.675, Loss_clf 0.164, Loss_kd 1.510, Train_accy 95.81
2025-04-17 21:03:50,820 [icarl.py] => Task 4, Epoch 88/200 => Loss 1.628, Loss_clf 0.143, Loss_kd 1.485, Train_accy 96.20
2025-04-17 21:03:54,893 [icarl.py] => Task 4, Epoch 89/200 => Loss 1.688, Loss_clf 0.172, Loss_kd 1.516, Train_accy 94.72
2025-04-17 21:03:58,946 [icarl.py] => Task 4, Epoch 90/200 => Loss 1.678, Loss_clf 0.158, Loss_kd 1.520, Train_accy 95.31
2025-04-17 21:04:02,985 [icarl.py] => Task 4, Epoch 91/200 => Loss 1.687, Loss_clf 0.169, Loss_kd 1.518, Train_accy 95.41
2025-04-17 21:04:07,006 [icarl.py] => Task 4, Epoch 92/200 => Loss 1.694, Loss_clf 0.168, Loss_kd 1.526, Train_accy 95.61
2025-04-17 21:04:11,056 [icarl.py] => Task 4, Epoch 93/200 => Loss 1.659, Loss_clf 0.160, Loss_kd 1.499, Train_accy 95.95
2025-04-17 21:04:15,186 [icarl.py] => Task 4, Epoch 94/200 => Loss 1.607, Loss_clf 0.123, Loss_kd 1.484, Train_accy 97.09
2025-04-17 21:04:19,244 [icarl.py] => Task 4, Epoch 95/200 => Loss 1.691, Loss_clf 0.165, Loss_kd 1.526, Train_accy 95.17
2025-04-17 21:04:23,272 [icarl.py] => Task 4, Epoch 96/200 => Loss 1.652, Loss_clf 0.146, Loss_kd 1.507, Train_accy 96.15
2025-04-17 21:04:27,296 [icarl.py] => Task 4, Epoch 97/200 => Loss 1.657, Loss_clf 0.145, Loss_kd 1.512, Train_accy 96.20
2025-04-17 21:04:31,428 [icarl.py] => Task 4, Epoch 98/200 => Loss 1.634, Loss_clf 0.145, Loss_kd 1.489, Train_accy 95.95
2025-04-17 21:04:35,494 [icarl.py] => Task 4, Epoch 99/200 => Loss 1.623, Loss_clf 0.138, Loss_kd 1.486, Train_accy 96.30
2025-04-17 21:04:39,558 [icarl.py] => Task 4, Epoch 100/200 => Loss 1.582, Loss_clf 0.110, Loss_kd 1.471, Train_accy 96.94
2025-04-17 21:04:50,061 [icarl.py] => Task 4, Epoch 101/200 => Loss 1.588, Loss_clf 0.103, Loss_kd 1.485, Train_accy 97.53, Test_accy {'Art': 33.33, 'Clipart': 58.05, 'Real World': 34.2, 'Product': 73.15}
2025-04-17 21:04:54,084 [icarl.py] => Task 4, Epoch 102/200 => Loss 1.605, Loss_clf 0.121, Loss_kd 1.484, Train_accy 96.99
2025-04-17 21:04:58,154 [icarl.py] => Task 4, Epoch 103/200 => Loss 1.640, Loss_clf 0.133, Loss_kd 1.507, Train_accy 96.25
2025-04-17 21:05:02,167 [icarl.py] => Task 4, Epoch 104/200 => Loss 1.627, Loss_clf 0.129, Loss_kd 1.497, Train_accy 96.45
2025-04-17 21:05:06,236 [icarl.py] => Task 4, Epoch 105/200 => Loss 1.611, Loss_clf 0.131, Loss_kd 1.480, Train_accy 96.74
2025-04-17 21:05:10,250 [icarl.py] => Task 4, Epoch 106/200 => Loss 1.589, Loss_clf 0.103, Loss_kd 1.487, Train_accy 97.29
2025-04-17 21:05:14,266 [icarl.py] => Task 4, Epoch 107/200 => Loss 1.635, Loss_clf 0.133, Loss_kd 1.503, Train_accy 96.84
2025-04-17 21:05:18,318 [icarl.py] => Task 4, Epoch 108/200 => Loss 1.621, Loss_clf 0.125, Loss_kd 1.496, Train_accy 97.14
2025-04-17 21:05:22,314 [icarl.py] => Task 4, Epoch 109/200 => Loss 1.581, Loss_clf 0.104, Loss_kd 1.477, Train_accy 97.58
2025-04-17 21:05:26,350 [icarl.py] => Task 4, Epoch 110/200 => Loss 1.607, Loss_clf 0.118, Loss_kd 1.490, Train_accy 96.94
2025-04-17 21:05:30,393 [icarl.py] => Task 4, Epoch 111/200 => Loss 1.606, Loss_clf 0.120, Loss_kd 1.486, Train_accy 97.04
2025-04-17 21:05:34,404 [icarl.py] => Task 4, Epoch 112/200 => Loss 1.605, Loss_clf 0.122, Loss_kd 1.483, Train_accy 97.09
2025-04-17 21:05:38,439 [icarl.py] => Task 4, Epoch 113/200 => Loss 1.610, Loss_clf 0.112, Loss_kd 1.498, Train_accy 97.09
2025-04-17 21:05:42,544 [icarl.py] => Task 4, Epoch 114/200 => Loss 1.595, Loss_clf 0.118, Loss_kd 1.477, Train_accy 97.14
2025-04-17 21:05:46,589 [icarl.py] => Task 4, Epoch 115/200 => Loss 1.620, Loss_clf 0.121, Loss_kd 1.499, Train_accy 97.09
2025-04-17 21:05:50,677 [icarl.py] => Task 4, Epoch 116/200 => Loss 1.588, Loss_clf 0.111, Loss_kd 1.477, Train_accy 97.09
2025-04-17 21:05:54,756 [icarl.py] => Task 4, Epoch 117/200 => Loss 1.583, Loss_clf 0.102, Loss_kd 1.481, Train_accy 97.53
2025-04-17 21:05:58,777 [icarl.py] => Task 4, Epoch 118/200 => Loss 1.575, Loss_clf 0.093, Loss_kd 1.482, Train_accy 97.78
2025-04-17 21:06:02,822 [icarl.py] => Task 4, Epoch 119/200 => Loss 1.591, Loss_clf 0.112, Loss_kd 1.480, Train_accy 97.14
2025-04-17 21:06:06,894 [icarl.py] => Task 4, Epoch 120/200 => Loss 1.574, Loss_clf 0.096, Loss_kd 1.478, Train_accy 97.83
2025-04-17 21:06:17,213 [icarl.py] => Task 4, Epoch 121/200 => Loss 1.604, Loss_clf 0.115, Loss_kd 1.489, Train_accy 97.24, Test_accy {'Art': 32.76, 'Clipart': 58.05, 'Real World': 32.75, 'Product': 75.34}
2025-04-17 21:06:21,240 [icarl.py] => Task 4, Epoch 122/200 => Loss 1.584, Loss_clf 0.101, Loss_kd 1.482, Train_accy 97.58
2025-04-17 21:06:25,300 [icarl.py] => Task 4, Epoch 123/200 => Loss 1.612, Loss_clf 0.111, Loss_kd 1.501, Train_accy 97.14
2025-04-17 21:06:29,348 [icarl.py] => Task 4, Epoch 124/200 => Loss 1.579, Loss_clf 0.092, Loss_kd 1.487, Train_accy 97.98
2025-04-17 21:06:33,418 [icarl.py] => Task 4, Epoch 125/200 => Loss 1.581, Loss_clf 0.104, Loss_kd 1.476, Train_accy 97.09
2025-04-17 21:06:37,488 [icarl.py] => Task 4, Epoch 126/200 => Loss 1.550, Loss_clf 0.086, Loss_kd 1.464, Train_accy 97.78
2025-04-17 21:06:41,513 [icarl.py] => Task 4, Epoch 127/200 => Loss 1.575, Loss_clf 0.092, Loss_kd 1.484, Train_accy 97.63
2025-04-17 21:06:45,585 [icarl.py] => Task 4, Epoch 128/200 => Loss 1.561, Loss_clf 0.076, Loss_kd 1.484, Train_accy 98.27
2025-04-17 21:06:49,647 [icarl.py] => Task 4, Epoch 129/200 => Loss 1.606, Loss_clf 0.109, Loss_kd 1.497, Train_accy 97.09
2025-04-17 21:06:53,679 [icarl.py] => Task 4, Epoch 130/200 => Loss 1.560, Loss_clf 0.090, Loss_kd 1.470, Train_accy 97.29
2025-04-17 21:06:57,720 [icarl.py] => Task 4, Epoch 131/200 => Loss 1.558, Loss_clf 0.084, Loss_kd 1.473, Train_accy 98.13
2025-04-17 21:07:01,780 [icarl.py] => Task 4, Epoch 132/200 => Loss 1.549, Loss_clf 0.083, Loss_kd 1.466, Train_accy 97.88
2025-04-17 21:07:05,905 [icarl.py] => Task 4, Epoch 133/200 => Loss 1.562, Loss_clf 0.089, Loss_kd 1.474, Train_accy 98.13
2025-04-17 21:07:09,944 [icarl.py] => Task 4, Epoch 134/200 => Loss 1.554, Loss_clf 0.091, Loss_kd 1.463, Train_accy 97.68
2025-04-17 21:07:14,002 [icarl.py] => Task 4, Epoch 135/200 => Loss 1.564, Loss_clf 0.090, Loss_kd 1.474, Train_accy 97.88
2025-04-17 21:07:18,050 [icarl.py] => Task 4, Epoch 136/200 => Loss 1.593, Loss_clf 0.110, Loss_kd 1.483, Train_accy 97.14
2025-04-17 21:07:22,094 [icarl.py] => Task 4, Epoch 137/200 => Loss 1.548, Loss_clf 0.082, Loss_kd 1.465, Train_accy 98.13
2025-04-17 21:07:26,147 [icarl.py] => Task 4, Epoch 138/200 => Loss 1.615, Loss_clf 0.118, Loss_kd 1.497, Train_accy 97.19
2025-04-17 21:07:30,209 [icarl.py] => Task 4, Epoch 139/200 => Loss 1.580, Loss_clf 0.094, Loss_kd 1.486, Train_accy 97.73
2025-04-17 21:07:34,289 [icarl.py] => Task 4, Epoch 140/200 => Loss 1.571, Loss_clf 0.098, Loss_kd 1.473, Train_accy 97.83
2025-04-17 21:07:44,681 [icarl.py] => Task 4, Epoch 141/200 => Loss 1.540, Loss_clf 0.079, Loss_kd 1.461, Train_accy 97.88, Test_accy {'Art': 35.06, 'Clipart': 57.47, 'Real World': 33.04, 'Product': 75.34}
2025-04-17 21:07:48,746 [icarl.py] => Task 4, Epoch 142/200 => Loss 1.558, Loss_clf 0.072, Loss_kd 1.486, Train_accy 98.77
2025-04-17 21:07:52,811 [icarl.py] => Task 4, Epoch 143/200 => Loss 1.548, Loss_clf 0.078, Loss_kd 1.470, Train_accy 98.27
2025-04-17 21:07:56,852 [icarl.py] => Task 4, Epoch 144/200 => Loss 1.531, Loss_clf 0.070, Loss_kd 1.460, Train_accy 98.37
2025-04-17 21:08:00,933 [icarl.py] => Task 4, Epoch 145/200 => Loss 1.524, Loss_clf 0.071, Loss_kd 1.453, Train_accy 98.32
2025-04-17 21:08:04,983 [icarl.py] => Task 4, Epoch 146/200 => Loss 1.555, Loss_clf 0.079, Loss_kd 1.477, Train_accy 98.13
2025-04-17 21:08:09,076 [icarl.py] => Task 4, Epoch 147/200 => Loss 1.540, Loss_clf 0.080, Loss_kd 1.460, Train_accy 97.88
2025-04-17 21:08:13,174 [icarl.py] => Task 4, Epoch 148/200 => Loss 1.522, Loss_clf 0.068, Loss_kd 1.454, Train_accy 98.47
2025-04-17 21:08:17,239 [icarl.py] => Task 4, Epoch 149/200 => Loss 1.539, Loss_clf 0.070, Loss_kd 1.469, Train_accy 98.52
2025-04-17 21:08:21,255 [icarl.py] => Task 4, Epoch 150/200 => Loss 1.534, Loss_clf 0.074, Loss_kd 1.460, Train_accy 98.22
2025-04-17 21:08:25,395 [icarl.py] => Task 4, Epoch 151/200 => Loss 1.531, Loss_clf 0.073, Loss_kd 1.458, Train_accy 98.27
2025-04-17 21:08:29,462 [icarl.py] => Task 4, Epoch 152/200 => Loss 1.540, Loss_clf 0.077, Loss_kd 1.463, Train_accy 98.42
2025-04-17 21:08:33,505 [icarl.py] => Task 4, Epoch 153/200 => Loss 1.543, Loss_clf 0.077, Loss_kd 1.466, Train_accy 98.13
2025-04-17 21:08:37,513 [icarl.py] => Task 4, Epoch 154/200 => Loss 1.530, Loss_clf 0.073, Loss_kd 1.457, Train_accy 98.52
2025-04-17 21:08:41,611 [icarl.py] => Task 4, Epoch 155/200 => Loss 1.528, Loss_clf 0.071, Loss_kd 1.457, Train_accy 98.42
2025-04-17 21:08:45,670 [icarl.py] => Task 4, Epoch 156/200 => Loss 1.538, Loss_clf 0.067, Loss_kd 1.471, Train_accy 98.67
2025-04-17 21:08:49,723 [icarl.py] => Task 4, Epoch 157/200 => Loss 1.536, Loss_clf 0.072, Loss_kd 1.464, Train_accy 98.42
2025-04-17 21:08:53,844 [icarl.py] => Task 4, Epoch 158/200 => Loss 1.514, Loss_clf 0.070, Loss_kd 1.444, Train_accy 98.37
2025-04-17 21:08:57,891 [icarl.py] => Task 4, Epoch 159/200 => Loss 1.560, Loss_clf 0.083, Loss_kd 1.477, Train_accy 98.17
2025-04-17 21:09:01,951 [icarl.py] => Task 4, Epoch 160/200 => Loss 1.529, Loss_clf 0.067, Loss_kd 1.462, Train_accy 98.67
2025-04-17 21:09:12,550 [icarl.py] => Task 4, Epoch 161/200 => Loss 1.522, Loss_clf 0.060, Loss_kd 1.462, Train_accy 98.47, Test_accy {'Art': 36.21, 'Clipart': 59.2, 'Real World': 33.04, 'Product': 74.79}
2025-04-17 21:09:16,644 [icarl.py] => Task 4, Epoch 162/200 => Loss 1.513, Loss_clf 0.057, Loss_kd 1.456, Train_accy 98.91
2025-04-17 21:09:20,676 [icarl.py] => Task 4, Epoch 163/200 => Loss 1.517, Loss_clf 0.059, Loss_kd 1.457, Train_accy 98.72
2025-04-17 21:09:24,700 [icarl.py] => Task 4, Epoch 164/200 => Loss 1.544, Loss_clf 0.075, Loss_kd 1.469, Train_accy 98.32
2025-04-17 21:09:28,772 [icarl.py] => Task 4, Epoch 165/200 => Loss 1.507, Loss_clf 0.061, Loss_kd 1.447, Train_accy 98.72
2025-04-17 21:09:32,866 [icarl.py] => Task 4, Epoch 166/200 => Loss 1.543, Loss_clf 0.072, Loss_kd 1.471, Train_accy 98.52
2025-04-17 21:09:36,927 [icarl.py] => Task 4, Epoch 167/200 => Loss 1.503, Loss_clf 0.058, Loss_kd 1.444, Train_accy 98.91
2025-04-17 21:09:40,962 [icarl.py] => Task 4, Epoch 168/200 => Loss 1.534, Loss_clf 0.066, Loss_kd 1.468, Train_accy 98.72
2025-04-17 21:09:44,996 [icarl.py] => Task 4, Epoch 169/200 => Loss 1.522, Loss_clf 0.064, Loss_kd 1.458, Train_accy 98.47
2025-04-17 21:09:49,045 [icarl.py] => Task 4, Epoch 170/200 => Loss 1.497, Loss_clf 0.066, Loss_kd 1.432, Train_accy 98.62
2025-04-17 21:09:53,092 [icarl.py] => Task 4, Epoch 171/200 => Loss 1.518, Loss_clf 0.061, Loss_kd 1.457, Train_accy 98.82
2025-04-17 21:09:57,145 [icarl.py] => Task 4, Epoch 172/200 => Loss 1.514, Loss_clf 0.059, Loss_kd 1.455, Train_accy 98.87
2025-04-17 21:10:01,205 [icarl.py] => Task 4, Epoch 173/200 => Loss 1.517, Loss_clf 0.055, Loss_kd 1.462, Train_accy 98.96
2025-04-17 21:10:05,264 [icarl.py] => Task 4, Epoch 174/200 => Loss 1.521, Loss_clf 0.073, Loss_kd 1.448, Train_accy 98.13
2025-04-17 21:10:09,319 [icarl.py] => Task 4, Epoch 175/200 => Loss 1.547, Loss_clf 0.069, Loss_kd 1.478, Train_accy 98.67
2025-04-17 21:10:13,394 [icarl.py] => Task 4, Epoch 176/200 => Loss 1.531, Loss_clf 0.079, Loss_kd 1.452, Train_accy 98.13
2025-04-17 21:10:17,429 [icarl.py] => Task 4, Epoch 177/200 => Loss 1.532, Loss_clf 0.078, Loss_kd 1.454, Train_accy 98.08
2025-04-17 21:10:21,516 [icarl.py] => Task 4, Epoch 178/200 => Loss 1.515, Loss_clf 0.061, Loss_kd 1.455, Train_accy 98.57
2025-04-17 21:10:25,567 [icarl.py] => Task 4, Epoch 179/200 => Loss 1.510, Loss_clf 0.056, Loss_kd 1.454, Train_accy 98.91
2025-04-17 21:10:29,635 [icarl.py] => Task 4, Epoch 180/200 => Loss 1.523, Loss_clf 0.060, Loss_kd 1.463, Train_accy 98.57
2025-04-17 21:10:40,405 [icarl.py] => Task 4, Epoch 181/200 => Loss 1.496, Loss_clf 0.059, Loss_kd 1.437, Train_accy 98.72, Test_accy {'Art': 33.91, 'Clipart': 60.06, 'Real World': 34.49, 'Product': 77.26}
2025-04-17 21:10:44,488 [icarl.py] => Task 4, Epoch 182/200 => Loss 1.527, Loss_clf 0.063, Loss_kd 1.464, Train_accy 98.72
2025-04-17 21:10:48,517 [icarl.py] => Task 4, Epoch 183/200 => Loss 1.534, Loss_clf 0.062, Loss_kd 1.472, Train_accy 98.72
2025-04-17 21:10:52,572 [icarl.py] => Task 4, Epoch 184/200 => Loss 1.520, Loss_clf 0.064, Loss_kd 1.456, Train_accy 98.82
2025-04-17 21:10:56,655 [icarl.py] => Task 4, Epoch 185/200 => Loss 1.538, Loss_clf 0.077, Loss_kd 1.461, Train_accy 98.08
2025-04-17 21:11:00,729 [icarl.py] => Task 4, Epoch 186/200 => Loss 1.516, Loss_clf 0.062, Loss_kd 1.454, Train_accy 98.77
2025-04-17 21:11:04,780 [icarl.py] => Task 4, Epoch 187/200 => Loss 1.519, Loss_clf 0.077, Loss_kd 1.442, Train_accy 98.17
2025-04-17 21:11:08,831 [icarl.py] => Task 4, Epoch 188/200 => Loss 1.505, Loss_clf 0.054, Loss_kd 1.451, Train_accy 99.16
2025-04-17 21:11:12,901 [icarl.py] => Task 4, Epoch 189/200 => Loss 1.523, Loss_clf 0.063, Loss_kd 1.461, Train_accy 98.67
2025-04-17 21:11:16,993 [icarl.py] => Task 4, Epoch 190/200 => Loss 1.539, Loss_clf 0.068, Loss_kd 1.470, Train_accy 98.13
2025-04-17 21:11:21,051 [icarl.py] => Task 4, Epoch 191/200 => Loss 1.502, Loss_clf 0.059, Loss_kd 1.443, Train_accy 98.77
2025-04-17 21:11:25,108 [icarl.py] => Task 4, Epoch 192/200 => Loss 1.528, Loss_clf 0.063, Loss_kd 1.465, Train_accy 98.52
2025-04-17 21:11:29,182 [icarl.py] => Task 4, Epoch 193/200 => Loss 1.508, Loss_clf 0.061, Loss_kd 1.447, Train_accy 98.52
2025-04-17 21:11:33,208 [icarl.py] => Task 4, Epoch 194/200 => Loss 1.515, Loss_clf 0.065, Loss_kd 1.449, Train_accy 98.67
2025-04-17 21:11:37,285 [icarl.py] => Task 4, Epoch 195/200 => Loss 1.518, Loss_clf 0.054, Loss_kd 1.464, Train_accy 98.67
2025-04-17 21:11:41,355 [icarl.py] => Task 4, Epoch 196/200 => Loss 1.528, Loss_clf 0.074, Loss_kd 1.454, Train_accy 98.42
2025-04-17 21:11:45,381 [icarl.py] => Task 4, Epoch 197/200 => Loss 1.526, Loss_clf 0.064, Loss_kd 1.462, Train_accy 98.52
2025-04-17 21:11:49,452 [icarl.py] => Task 4, Epoch 198/200 => Loss 1.516, Loss_clf 0.070, Loss_kd 1.445, Train_accy 98.52
2025-04-17 21:11:53,545 [icarl.py] => Task 4, Epoch 199/200 => Loss 1.514, Loss_clf 0.061, Loss_kd 1.453, Train_accy 98.57
2025-04-17 21:11:57,603 [icarl.py] => Task 4, Epoch 200/200 => Loss 1.523, Loss_clf 0.059, Loss_kd 1.464, Train_accy 98.87
2025-04-17 21:11:57,604 [base.py] => Reducing exemplars...(52 per classes)
2025-04-17 21:12:09,208 [base.py] => Constructing exemplars...(52 per classes)
2025-04-17 21:12:28,463 [icarl.py] => Exemplar size: 1300
2025-04-17 21:12:29,259 [trainer.py] => CNN [Art]: {'total': 33.91, '00-04': 44.74, '05-09': 38.24, '10-14': 29.73, '15-19': 25.93, '20-24': 28.95, 'old': 35.29, 'new': 28.95}
2025-04-17 21:12:29,259 [trainer.py] => NME [Art]: {'total': 33.33, '00-04': 39.47, '05-09': 32.35, '10-14': 27.03, '15-19': 37.04, '20-24': 31.58, 'old': 33.82, 'new': 31.58}
2025-04-17 21:12:29,260 [trainer.py] => CNN [Art] top1 curve: [60.53, 47.22, 44.95, 40.44, 33.91]
2025-04-17 21:12:29,260 [trainer.py] => CNN [Art] top5 curve: [100.0, 84.72, 74.31, 69.12, 64.94]
2025-04-17 21:12:29,260 [trainer.py] => NME [Art] top1 curve: [57.89, 51.39, 43.12, 35.29, 33.33]
2025-04-17 21:12:29,260 [trainer.py] => NME [Art] top5 curve: [100.0, 86.11, 76.15, 69.85, 66.09]
2025-04-17 21:12:29,260 [trainer.py] => Average Accuracy [Art] (CNN): 45.410000000000004
2025-04-17 21:12:29,260 [trainer.py] => Average Accuracy [Art] (NME): 44.20399999999999
2025-04-17 21:12:29,260 [trainer.py] => CNN [Clipart]: {'total': 60.34, '00-04': 69.23, '05-09': 54.84, '10-14': 57.58, '15-19': 58.49, '20-24': 59.55, 'old': 60.62, 'new': 59.55}
2025-04-17 21:12:29,260 [trainer.py] => NME [Clipart]: {'total': 61.49, '00-04': 67.95, '05-09': 61.29, '10-14': 62.12, '15-19': 58.49, '20-24': 57.3, 'old': 62.93, 'new': 57.3}
2025-04-17 21:12:29,260 [trainer.py] => CNN [Clipart] top1 curve: [76.92, 71.43, 65.53, 64.86, 60.34]
2025-04-17 21:12:29,260 [trainer.py] => CNN [Clipart] top5 curve: [100.0, 92.14, 87.38, 85.33, 84.48]
2025-04-17 21:12:29,260 [trainer.py] => NME [Clipart] top1 curve: [73.08, 68.57, 68.45, 65.25, 61.49]
2025-04-17 21:12:29,260 [trainer.py] => NME [Clipart] top5 curve: [100.0, 89.29, 88.35, 85.71, 83.33]
2025-04-17 21:12:29,260 [trainer.py] => Average Accuracy [Clipart] (CNN): 67.816
2025-04-17 21:12:29,260 [trainer.py] => Average Accuracy [Clipart] (NME): 67.368
2025-04-17 21:12:29,260 [trainer.py] => CNN [Product]: {'total': 76.44, '00-04': 87.06, '05-09': 76.25, '10-14': 79.03, '15-19': 66.23, '20-24': 72.13, 'old': 77.3, 'new': 72.13}
2025-04-17 21:12:29,260 [trainer.py] => NME [Product]: {'total': 76.71, '00-04': 83.53, '05-09': 76.25, '10-14': 87.1, '15-19': 66.23, '20-24': 70.49, 'old': 77.96, 'new': 70.49}
2025-04-17 21:12:29,260 [trainer.py] => CNN [Product] top1 curve: [88.24, 85.45, 86.78, 79.28, 76.44]
2025-04-17 21:12:29,260 [trainer.py] => CNN [Product] top5 curve: [100.0, 99.39, 98.24, 94.74, 94.25]
2025-04-17 21:12:29,260 [trainer.py] => NME [Product] top1 curve: [87.06, 85.45, 88.11, 80.26, 76.71]
2025-04-17 21:12:29,260 [trainer.py] => NME [Product] top5 curve: [100.0, 99.39, 98.68, 96.38, 94.25]
2025-04-17 21:12:29,260 [trainer.py] => Average Accuracy [Product] (CNN): 83.238
2025-04-17 21:12:29,260 [trainer.py] => Average Accuracy [Product] (NME): 83.518
2025-04-17 21:12:29,260 [trainer.py] => CNN [Real World]: {'total': 33.04, '00-04': 45.21, '05-09': 50.0, '10-14': 29.17, '15-19': 16.42, '20-24': 23.08, 'old': 35.36, 'new': 23.08}
2025-04-17 21:12:29,260 [trainer.py] => NME [Real World]: {'total': 36.23, '00-04': 42.47, '05-09': 48.53, '10-14': 38.89, '15-19': 28.36, '20-24': 21.54, 'old': 39.64, 'new': 21.54}
2025-04-17 21:12:29,261 [trainer.py] => CNN [Real World] top1 curve: [64.38, 58.16, 47.89, 37.14, 33.04]
2025-04-17 21:12:29,261 [trainer.py] => CNN [Real World] top5 curve: [100.0, 88.65, 79.34, 68.93, 64.93]
2025-04-17 21:12:29,261 [trainer.py] => NME [Real World] top1 curve: [63.01, 58.16, 48.36, 38.21, 36.23]
2025-04-17 21:12:29,261 [trainer.py] => NME [Real World] top5 curve: [100.0, 91.49, 81.22, 73.93, 67.54]
2025-04-17 21:12:29,261 [trainer.py] => Average Accuracy [Real World] (CNN): 48.122
2025-04-17 21:12:29,261 [trainer.py] => Average Accuracy [Real World] (NME): 48.794
2025-04-17 21:12:29,261 [trainer.py] => NME Harmonic Mean : 44.3547
2025-04-17 21:12:29,261 [trainer.py] => NME Macro Mean : 51.9400
2025-04-17 21:12:29,261 [trainer.py] => CNN Harmonic Mean : 41.8042
2025-04-17 21:12:29,261 [trainer.py] => CNN Macro Mean : 50.9325
2025-04-17 21:12:29,261 [trainer.py] => All params: 21302627
2025-04-17 21:12:29,261 [trainer.py] => Trainable params: 21302627
2025-04-17 21:12:29,262 [icarl.py] => Learning on 25-30
2025-04-17 21:12:39,962 [icarl.py] => Task 5, Epoch 1/200 => Loss 3.929, Loss_clf 1.928, Loss_kd 2.000, Train_accy 49.49, Test_accy {'Art': 13.46, 'Clipart': 20.98, 'Real World': 15.88, 'Product': 19.37}
2025-04-17 21:12:43,897 [icarl.py] => Task 5, Epoch 2/200 => Loss 4.405, Loss_clf 2.049, Loss_kd 2.356, Train_accy 41.07
2025-04-17 21:12:47,784 [icarl.py] => Task 5, Epoch 3/200 => Loss 3.835, Loss_clf 1.646, Loss_kd 2.189, Train_accy 51.17
2025-04-17 21:12:51,734 [icarl.py] => Task 5, Epoch 4/200 => Loss 3.461, Loss_clf 1.402, Loss_kd 2.059, Train_accy 57.92
2025-04-17 21:12:55,641 [icarl.py] => Task 5, Epoch 5/200 => Loss 3.240, Loss_clf 1.224, Loss_kd 2.016, Train_accy 62.44
2025-04-17 21:12:59,490 [icarl.py] => Task 5, Epoch 6/200 => Loss 3.155, Loss_clf 1.154, Loss_kd 2.000, Train_accy 64.47
2025-04-17 21:13:03,400 [icarl.py] => Task 5, Epoch 7/200 => Loss 3.000, Loss_clf 1.052, Loss_kd 1.948, Train_accy 67.16
2025-04-17 21:13:07,294 [icarl.py] => Task 5, Epoch 8/200 => Loss 2.947, Loss_clf 1.007, Loss_kd 1.940, Train_accy 70.41
2025-04-17 21:13:11,191 [icarl.py] => Task 5, Epoch 9/200 => Loss 2.810, Loss_clf 0.911, Loss_kd 1.899, Train_accy 72.18
2025-04-17 21:13:15,110 [icarl.py] => Task 5, Epoch 10/200 => Loss 2.817, Loss_clf 0.892, Loss_kd 1.925, Train_accy 72.44
2025-04-17 21:13:19,025 [icarl.py] => Task 5, Epoch 11/200 => Loss 2.709, Loss_clf 0.817, Loss_kd 1.892, Train_accy 75.84
2025-04-17 21:13:22,941 [icarl.py] => Task 5, Epoch 12/200 => Loss 2.585, Loss_clf 0.729, Loss_kd 1.856, Train_accy 78.12
2025-04-17 21:13:26,828 [icarl.py] => Task 5, Epoch 13/200 => Loss 2.459, Loss_clf 0.650, Loss_kd 1.810, Train_accy 80.41
2025-04-17 21:13:30,737 [icarl.py] => Task 5, Epoch 14/200 => Loss 2.489, Loss_clf 0.659, Loss_kd 1.830, Train_accy 80.30
2025-04-17 21:13:34,681 [icarl.py] => Task 5, Epoch 15/200 => Loss 2.512, Loss_clf 0.665, Loss_kd 1.847, Train_accy 80.05
2025-04-17 21:13:38,599 [icarl.py] => Task 5, Epoch 16/200 => Loss 2.469, Loss_clf 0.632, Loss_kd 1.837, Train_accy 81.12
2025-04-17 21:13:42,526 [icarl.py] => Task 5, Epoch 17/200 => Loss 2.403, Loss_clf 0.595, Loss_kd 1.807, Train_accy 82.69
2025-04-17 21:13:46,453 [icarl.py] => Task 5, Epoch 18/200 => Loss 2.442, Loss_clf 0.614, Loss_kd 1.828, Train_accy 81.52
2025-04-17 21:13:50,373 [icarl.py] => Task 5, Epoch 19/200 => Loss 2.384, Loss_clf 0.565, Loss_kd 1.819, Train_accy 83.35
2025-04-17 21:13:54,319 [icarl.py] => Task 5, Epoch 20/200 => Loss 2.450, Loss_clf 0.617, Loss_kd 1.832, Train_accy 81.57
2025-04-17 21:14:04,786 [icarl.py] => Task 5, Epoch 21/200 => Loss 2.353, Loss_clf 0.532, Loss_kd 1.820, Train_accy 84.47, Test_accy {'Art': 19.23, 'Clipart': 41.46, 'Real World': 26.78, 'Product': 52.93}
2025-04-17 21:14:08,677 [icarl.py] => Task 5, Epoch 22/200 => Loss 2.241, Loss_clf 0.475, Loss_kd 1.766, Train_accy 86.35
2025-04-17 21:14:12,617 [icarl.py] => Task 5, Epoch 23/200 => Loss 2.226, Loss_clf 0.439, Loss_kd 1.787, Train_accy 87.46
2025-04-17 21:14:16,550 [icarl.py] => Task 5, Epoch 24/200 => Loss 2.183, Loss_clf 0.417, Loss_kd 1.766, Train_accy 87.72
2025-04-17 21:14:20,463 [icarl.py] => Task 5, Epoch 25/200 => Loss 2.142, Loss_clf 0.389, Loss_kd 1.754, Train_accy 88.48
2025-04-17 21:14:24,371 [icarl.py] => Task 5, Epoch 26/200 => Loss 2.139, Loss_clf 0.395, Loss_kd 1.744, Train_accy 87.61
2025-04-17 21:14:28,278 [icarl.py] => Task 5, Epoch 27/200 => Loss 2.198, Loss_clf 0.417, Loss_kd 1.781, Train_accy 88.27
2025-04-17 21:14:32,238 [icarl.py] => Task 5, Epoch 28/200 => Loss 2.104, Loss_clf 0.362, Loss_kd 1.742, Train_accy 89.49
2025-04-17 21:14:36,157 [icarl.py] => Task 5, Epoch 29/200 => Loss 2.143, Loss_clf 0.386, Loss_kd 1.757, Train_accy 88.43
2025-04-17 21:14:40,074 [icarl.py] => Task 5, Epoch 30/200 => Loss 2.111, Loss_clf 0.366, Loss_kd 1.745, Train_accy 89.95
2025-04-17 21:14:44,022 [icarl.py] => Task 5, Epoch 31/200 => Loss 2.061, Loss_clf 0.335, Loss_kd 1.725, Train_accy 91.02
2025-04-17 21:14:47,957 [icarl.py] => Task 5, Epoch 32/200 => Loss 2.083, Loss_clf 0.348, Loss_kd 1.735, Train_accy 90.25
2025-04-17 21:14:51,882 [icarl.py] => Task 5, Epoch 33/200 => Loss 2.083, Loss_clf 0.351, Loss_kd 1.732, Train_accy 89.90
2025-04-17 21:14:55,810 [icarl.py] => Task 5, Epoch 34/200 => Loss 2.085, Loss_clf 0.348, Loss_kd 1.737, Train_accy 90.41
2025-04-17 21:14:59,758 [icarl.py] => Task 5, Epoch 35/200 => Loss 2.055, Loss_clf 0.338, Loss_kd 1.717, Train_accy 90.25
2025-04-17 21:15:03,704 [icarl.py] => Task 5, Epoch 36/200 => Loss 2.018, Loss_clf 0.311, Loss_kd 1.707, Train_accy 91.32
2025-04-17 21:15:07,593 [icarl.py] => Task 5, Epoch 37/200 => Loss 2.060, Loss_clf 0.319, Loss_kd 1.741, Train_accy 91.32
2025-04-17 21:15:11,519 [icarl.py] => Task 5, Epoch 38/200 => Loss 2.036, Loss_clf 0.307, Loss_kd 1.729, Train_accy 91.12
2025-04-17 21:15:15,470 [icarl.py] => Task 5, Epoch 39/200 => Loss 2.031, Loss_clf 0.326, Loss_kd 1.705, Train_accy 90.76
2025-04-17 21:15:19,378 [icarl.py] => Task 5, Epoch 40/200 => Loss 1.969, Loss_clf 0.272, Loss_kd 1.697, Train_accy 92.84
2025-04-17 21:15:29,695 [icarl.py] => Task 5, Epoch 41/200 => Loss 1.938, Loss_clf 0.248, Loss_kd 1.690, Train_accy 93.15, Test_accy {'Art': 21.63, 'Clipart': 48.05, 'Real World': 27.49, 'Product': 63.29}
2025-04-17 21:15:33,612 [icarl.py] => Task 5, Epoch 42/200 => Loss 1.971, Loss_clf 0.261, Loss_kd 1.709, Train_accy 93.05
2025-04-17 21:15:37,489 [icarl.py] => Task 5, Epoch 43/200 => Loss 1.960, Loss_clf 0.261, Loss_kd 1.700, Train_accy 92.74
2025-04-17 21:15:41,381 [icarl.py] => Task 5, Epoch 44/200 => Loss 1.931, Loss_clf 0.234, Loss_kd 1.697, Train_accy 93.60
2025-04-17 21:15:45,302 [icarl.py] => Task 5, Epoch 45/200 => Loss 1.933, Loss_clf 0.247, Loss_kd 1.686, Train_accy 93.15
2025-04-17 21:15:49,341 [icarl.py] => Task 5, Epoch 46/200 => Loss 1.902, Loss_clf 0.219, Loss_kd 1.683, Train_accy 94.11
2025-04-17 21:15:53,288 [icarl.py] => Task 5, Epoch 47/200 => Loss 1.925, Loss_clf 0.241, Loss_kd 1.684, Train_accy 93.50
2025-04-17 21:15:57,204 [icarl.py] => Task 5, Epoch 48/200 => Loss 1.960, Loss_clf 0.273, Loss_kd 1.687, Train_accy 92.13
2025-04-17 21:16:01,141 [icarl.py] => Task 5, Epoch 49/200 => Loss 1.949, Loss_clf 0.259, Loss_kd 1.690, Train_accy 92.64
2025-04-17 21:16:05,050 [icarl.py] => Task 5, Epoch 50/200 => Loss 1.959, Loss_clf 0.262, Loss_kd 1.697, Train_accy 93.25
2025-04-17 21:16:09,022 [icarl.py] => Task 5, Epoch 51/200 => Loss 1.875, Loss_clf 0.200, Loss_kd 1.675, Train_accy 94.52
2025-04-17 21:16:12,980 [icarl.py] => Task 5, Epoch 52/200 => Loss 1.897, Loss_clf 0.220, Loss_kd 1.676, Train_accy 93.76
2025-04-17 21:16:16,924 [icarl.py] => Task 5, Epoch 53/200 => Loss 1.899, Loss_clf 0.221, Loss_kd 1.678, Train_accy 93.65
2025-04-17 21:16:20,858 [icarl.py] => Task 5, Epoch 54/200 => Loss 1.894, Loss_clf 0.204, Loss_kd 1.690, Train_accy 94.16
2025-04-17 21:16:24,807 [icarl.py] => Task 5, Epoch 55/200 => Loss 1.885, Loss_clf 0.225, Loss_kd 1.660, Train_accy 93.71
2025-04-17 21:16:28,741 [icarl.py] => Task 5, Epoch 56/200 => Loss 1.945, Loss_clf 0.247, Loss_kd 1.698, Train_accy 92.99
2025-04-17 21:16:32,708 [icarl.py] => Task 5, Epoch 57/200 => Loss 1.925, Loss_clf 0.237, Loss_kd 1.687, Train_accy 93.76
2025-04-17 21:16:36,619 [icarl.py] => Task 5, Epoch 58/200 => Loss 1.918, Loss_clf 0.224, Loss_kd 1.694, Train_accy 94.16
2025-04-17 21:16:40,575 [icarl.py] => Task 5, Epoch 59/200 => Loss 1.861, Loss_clf 0.195, Loss_kd 1.666, Train_accy 94.87
2025-04-17 21:16:44,515 [icarl.py] => Task 5, Epoch 60/200 => Loss 1.862, Loss_clf 0.190, Loss_kd 1.671, Train_accy 94.87
2025-04-17 21:16:54,924 [icarl.py] => Task 5, Epoch 61/200 => Loss 1.861, Loss_clf 0.202, Loss_kd 1.658, Train_accy 94.67, Test_accy {'Art': 21.63, 'Clipart': 49.27, 'Real World': 30.09, 'Product': 69.37}
2025-04-17 21:16:58,925 [icarl.py] => Task 5, Epoch 62/200 => Loss 1.875, Loss_clf 0.188, Loss_kd 1.687, Train_accy 94.97
2025-04-17 21:17:02,828 [icarl.py] => Task 5, Epoch 63/200 => Loss 1.863, Loss_clf 0.188, Loss_kd 1.675, Train_accy 94.62
2025-04-17 21:17:06,758 [icarl.py] => Task 5, Epoch 64/200 => Loss 1.888, Loss_clf 0.205, Loss_kd 1.683, Train_accy 94.62
2025-04-17 21:17:10,705 [icarl.py] => Task 5, Epoch 65/200 => Loss 1.843, Loss_clf 0.185, Loss_kd 1.658, Train_accy 95.33
2025-04-17 21:17:14,625 [icarl.py] => Task 5, Epoch 66/200 => Loss 1.856, Loss_clf 0.183, Loss_kd 1.673, Train_accy 95.08
2025-04-17 21:17:18,663 [icarl.py] => Task 5, Epoch 67/200 => Loss 1.807, Loss_clf 0.158, Loss_kd 1.650, Train_accy 95.43
2025-04-17 21:17:22,622 [icarl.py] => Task 5, Epoch 68/200 => Loss 1.802, Loss_clf 0.160, Loss_kd 1.642, Train_accy 95.69
2025-04-17 21:17:26,577 [icarl.py] => Task 5, Epoch 69/200 => Loss 1.824, Loss_clf 0.160, Loss_kd 1.664, Train_accy 95.84
2025-04-17 21:17:30,544 [icarl.py] => Task 5, Epoch 70/200 => Loss 1.833, Loss_clf 0.171, Loss_kd 1.662, Train_accy 95.74
2025-04-17 21:17:34,459 [icarl.py] => Task 5, Epoch 71/200 => Loss 1.839, Loss_clf 0.176, Loss_kd 1.662, Train_accy 95.53
2025-04-17 21:17:38,407 [icarl.py] => Task 5, Epoch 72/200 => Loss 1.808, Loss_clf 0.160, Loss_kd 1.648, Train_accy 95.58
2025-04-17 21:17:42,325 [icarl.py] => Task 5, Epoch 73/200 => Loss 1.832, Loss_clf 0.175, Loss_kd 1.657, Train_accy 94.82
2025-04-17 21:17:46,241 [icarl.py] => Task 5, Epoch 74/200 => Loss 1.814, Loss_clf 0.157, Loss_kd 1.656, Train_accy 95.99
2025-04-17 21:17:50,169 [icarl.py] => Task 5, Epoch 75/200 => Loss 1.759, Loss_clf 0.136, Loss_kd 1.623, Train_accy 96.80
2025-04-17 21:17:54,104 [icarl.py] => Task 5, Epoch 76/200 => Loss 1.770, Loss_clf 0.136, Loss_kd 1.635, Train_accy 96.50
2025-04-17 21:17:58,062 [icarl.py] => Task 5, Epoch 77/200 => Loss 1.781, Loss_clf 0.138, Loss_kd 1.643, Train_accy 96.65
2025-04-17 21:18:01,995 [icarl.py] => Task 5, Epoch 78/200 => Loss 1.839, Loss_clf 0.195, Loss_kd 1.644, Train_accy 94.37
2025-04-17 21:18:05,952 [icarl.py] => Task 5, Epoch 79/200 => Loss 1.829, Loss_clf 0.168, Loss_kd 1.661, Train_accy 95.38
2025-04-17 21:18:09,929 [icarl.py] => Task 5, Epoch 80/200 => Loss 1.780, Loss_clf 0.141, Loss_kd 1.639, Train_accy 96.55
2025-04-17 21:18:20,645 [icarl.py] => Task 5, Epoch 81/200 => Loss 1.827, Loss_clf 0.172, Loss_kd 1.655, Train_accy 95.53, Test_accy {'Art': 23.56, 'Clipart': 51.46, 'Real World': 28.67, 'Product': 68.69}
2025-04-17 21:18:24,580 [icarl.py] => Task 5, Epoch 82/200 => Loss 1.818, Loss_clf 0.175, Loss_kd 1.643, Train_accy 95.43
2025-04-17 21:18:28,585 [icarl.py] => Task 5, Epoch 83/200 => Loss 1.788, Loss_clf 0.146, Loss_kd 1.642, Train_accy 96.19
2025-04-17 21:18:32,515 [icarl.py] => Task 5, Epoch 84/200 => Loss 1.770, Loss_clf 0.143, Loss_kd 1.627, Train_accy 96.65
2025-04-17 21:18:36,457 [icarl.py] => Task 5, Epoch 85/200 => Loss 1.799, Loss_clf 0.145, Loss_kd 1.654, Train_accy 96.24
2025-04-17 21:18:40,368 [icarl.py] => Task 5, Epoch 86/200 => Loss 1.759, Loss_clf 0.135, Loss_kd 1.625, Train_accy 96.35
2025-04-17 21:18:44,318 [icarl.py] => Task 5, Epoch 87/200 => Loss 1.752, Loss_clf 0.130, Loss_kd 1.622, Train_accy 96.60
2025-04-17 21:18:48,225 [icarl.py] => Task 5, Epoch 88/200 => Loss 1.750, Loss_clf 0.124, Loss_kd 1.627, Train_accy 97.06
2025-04-17 21:18:52,129 [icarl.py] => Task 5, Epoch 89/200 => Loss 1.753, Loss_clf 0.129, Loss_kd 1.624, Train_accy 96.65
2025-04-17 21:18:56,095 [icarl.py] => Task 5, Epoch 90/200 => Loss 1.748, Loss_clf 0.121, Loss_kd 1.627, Train_accy 96.90
2025-04-17 21:19:00,025 [icarl.py] => Task 5, Epoch 91/200 => Loss 1.765, Loss_clf 0.129, Loss_kd 1.635, Train_accy 96.60
2025-04-17 21:19:03,955 [icarl.py] => Task 5, Epoch 92/200 => Loss 1.775, Loss_clf 0.132, Loss_kd 1.643, Train_accy 96.50
2025-04-17 21:19:07,894 [icarl.py] => Task 5, Epoch 93/200 => Loss 1.736, Loss_clf 0.124, Loss_kd 1.612, Train_accy 97.21
2025-04-17 21:19:11,805 [icarl.py] => Task 5, Epoch 94/200 => Loss 1.731, Loss_clf 0.115, Loss_kd 1.616, Train_accy 97.26
2025-04-17 21:19:15,754 [icarl.py] => Task 5, Epoch 95/200 => Loss 1.738, Loss_clf 0.120, Loss_kd 1.618, Train_accy 97.21
2025-04-17 21:19:19,673 [icarl.py] => Task 5, Epoch 96/200 => Loss 1.714, Loss_clf 0.107, Loss_kd 1.607, Train_accy 97.77
2025-04-17 21:19:23,601 [icarl.py] => Task 5, Epoch 97/200 => Loss 1.704, Loss_clf 0.102, Loss_kd 1.601, Train_accy 97.31
2025-04-17 21:19:27,551 [icarl.py] => Task 5, Epoch 98/200 => Loss 1.754, Loss_clf 0.120, Loss_kd 1.634, Train_accy 96.80
2025-04-17 21:19:31,470 [icarl.py] => Task 5, Epoch 99/200 => Loss 1.735, Loss_clf 0.116, Loss_kd 1.619, Train_accy 97.26
2025-04-17 21:19:35,394 [icarl.py] => Task 5, Epoch 100/200 => Loss 1.724, Loss_clf 0.115, Loss_kd 1.609, Train_accy 97.01
2025-04-17 21:19:46,013 [icarl.py] => Task 5, Epoch 101/200 => Loss 1.747, Loss_clf 0.123, Loss_kd 1.624, Train_accy 96.80, Test_accy {'Art': 22.6, 'Clipart': 49.27, 'Real World': 28.91, 'Product': 62.84}
2025-04-17 21:19:49,922 [icarl.py] => Task 5, Epoch 102/200 => Loss 1.729, Loss_clf 0.116, Loss_kd 1.612, Train_accy 97.01
2025-04-17 21:19:53,806 [icarl.py] => Task 5, Epoch 103/200 => Loss 1.724, Loss_clf 0.104, Loss_kd 1.620, Train_accy 97.66
2025-04-17 21:19:57,781 [icarl.py] => Task 5, Epoch 104/200 => Loss 1.714, Loss_clf 0.104, Loss_kd 1.610, Train_accy 97.61
2025-04-17 21:20:01,716 [icarl.py] => Task 5, Epoch 105/200 => Loss 1.708, Loss_clf 0.110, Loss_kd 1.598, Train_accy 97.56
2025-04-17 21:20:05,601 [icarl.py] => Task 5, Epoch 106/200 => Loss 1.733, Loss_clf 0.111, Loss_kd 1.622, Train_accy 97.26
2025-04-17 21:20:09,501 [icarl.py] => Task 5, Epoch 107/200 => Loss 1.711, Loss_clf 0.103, Loss_kd 1.608, Train_accy 97.51
2025-04-17 21:20:13,424 [icarl.py] => Task 5, Epoch 108/200 => Loss 1.672, Loss_clf 0.089, Loss_kd 1.583, Train_accy 97.87
2025-04-17 21:20:17,361 [icarl.py] => Task 5, Epoch 109/200 => Loss 1.679, Loss_clf 0.097, Loss_kd 1.582, Train_accy 97.66
2025-04-17 21:20:21,264 [icarl.py] => Task 5, Epoch 110/200 => Loss 1.722, Loss_clf 0.113, Loss_kd 1.609, Train_accy 97.21
2025-04-17 21:20:25,169 [icarl.py] => Task 5, Epoch 111/200 => Loss 1.698, Loss_clf 0.095, Loss_kd 1.603, Train_accy 97.82
2025-04-17 21:20:29,139 [icarl.py] => Task 5, Epoch 112/200 => Loss 1.686, Loss_clf 0.092, Loss_kd 1.593, Train_accy 97.51
2025-04-17 21:20:33,090 [icarl.py] => Task 5, Epoch 113/200 => Loss 1.673, Loss_clf 0.087, Loss_kd 1.586, Train_accy 98.07
2025-04-17 21:20:37,020 [icarl.py] => Task 5, Epoch 114/200 => Loss 1.692, Loss_clf 0.097, Loss_kd 1.596, Train_accy 97.92
2025-04-17 21:20:40,988 [icarl.py] => Task 5, Epoch 115/200 => Loss 1.694, Loss_clf 0.093, Loss_kd 1.601, Train_accy 97.72
2025-04-17 21:20:44,891 [icarl.py] => Task 5, Epoch 116/200 => Loss 1.672, Loss_clf 0.084, Loss_kd 1.588, Train_accy 98.22
2025-04-17 21:20:48,782 [icarl.py] => Task 5, Epoch 117/200 => Loss 1.688, Loss_clf 0.089, Loss_kd 1.599, Train_accy 98.02
2025-04-17 21:20:52,674 [icarl.py] => Task 5, Epoch 118/200 => Loss 1.678, Loss_clf 0.085, Loss_kd 1.593, Train_accy 98.02
2025-04-17 21:20:56,647 [icarl.py] => Task 5, Epoch 119/200 => Loss 1.685, Loss_clf 0.088, Loss_kd 1.597, Train_accy 98.17
2025-04-17 21:21:00,554 [icarl.py] => Task 5, Epoch 120/200 => Loss 1.686, Loss_clf 0.087, Loss_kd 1.599, Train_accy 97.66
2025-04-17 21:21:10,976 [icarl.py] => Task 5, Epoch 121/200 => Loss 1.653, Loss_clf 0.074, Loss_kd 1.579, Train_accy 98.32, Test_accy {'Art': 20.19, 'Clipart': 47.32, 'Real World': 31.52, 'Product': 72.97}
2025-04-17 21:21:14,857 [icarl.py] => Task 5, Epoch 122/200 => Loss 1.684, Loss_clf 0.085, Loss_kd 1.600, Train_accy 98.17
2025-04-17 21:21:18,747 [icarl.py] => Task 5, Epoch 123/200 => Loss 1.666, Loss_clf 0.075, Loss_kd 1.591, Train_accy 98.53
2025-04-17 21:21:22,701 [icarl.py] => Task 5, Epoch 124/200 => Loss 1.677, Loss_clf 0.083, Loss_kd 1.594, Train_accy 98.27
2025-04-17 21:21:26,630 [icarl.py] => Task 5, Epoch 125/200 => Loss 1.659, Loss_clf 0.065, Loss_kd 1.594, Train_accy 98.78
2025-04-17 21:21:30,598 [icarl.py] => Task 5, Epoch 126/200 => Loss 1.658, Loss_clf 0.071, Loss_kd 1.586, Train_accy 98.53
2025-04-17 21:21:34,505 [icarl.py] => Task 5, Epoch 127/200 => Loss 1.686, Loss_clf 0.090, Loss_kd 1.595, Train_accy 97.61
2025-04-17 21:21:38,507 [icarl.py] => Task 5, Epoch 128/200 => Loss 1.672, Loss_clf 0.078, Loss_kd 1.594, Train_accy 98.12
2025-04-17 21:21:42,436 [icarl.py] => Task 5, Epoch 129/200 => Loss 1.674, Loss_clf 0.074, Loss_kd 1.600, Train_accy 98.38
2025-04-17 21:21:46,379 [icarl.py] => Task 5, Epoch 130/200 => Loss 1.692, Loss_clf 0.089, Loss_kd 1.603, Train_accy 97.92
2025-04-17 21:21:50,348 [icarl.py] => Task 5, Epoch 131/200 => Loss 1.651, Loss_clf 0.074, Loss_kd 1.577, Train_accy 98.32
2025-04-17 21:21:54,247 [icarl.py] => Task 5, Epoch 132/200 => Loss 1.655, Loss_clf 0.069, Loss_kd 1.586, Train_accy 98.53
2025-04-17 21:21:58,187 [icarl.py] => Task 5, Epoch 133/200 => Loss 1.673, Loss_clf 0.082, Loss_kd 1.591, Train_accy 98.07
2025-04-17 21:22:02,111 [icarl.py] => Task 5, Epoch 134/200 => Loss 1.637, Loss_clf 0.082, Loss_kd 1.554, Train_accy 98.22
2025-04-17 21:22:06,031 [icarl.py] => Task 5, Epoch 135/200 => Loss 1.637, Loss_clf 0.075, Loss_kd 1.562, Train_accy 98.38
2025-04-17 21:22:09,938 [icarl.py] => Task 5, Epoch 136/200 => Loss 1.670, Loss_clf 0.078, Loss_kd 1.593, Train_accy 98.22
2025-04-17 21:22:13,853 [icarl.py] => Task 5, Epoch 137/200 => Loss 1.656, Loss_clf 0.075, Loss_kd 1.582, Train_accy 98.32
2025-04-17 21:22:17,780 [icarl.py] => Task 5, Epoch 138/200 => Loss 1.661, Loss_clf 0.066, Loss_kd 1.595, Train_accy 98.83
2025-04-17 21:22:21,705 [icarl.py] => Task 5, Epoch 139/200 => Loss 1.646, Loss_clf 0.071, Loss_kd 1.575, Train_accy 98.32
2025-04-17 21:22:25,662 [icarl.py] => Task 5, Epoch 140/200 => Loss 1.668, Loss_clf 0.072, Loss_kd 1.596, Train_accy 98.63
2025-04-17 21:22:36,011 [icarl.py] => Task 5, Epoch 141/200 => Loss 1.666, Loss_clf 0.072, Loss_kd 1.594, Train_accy 98.53, Test_accy {'Art': 25.48, 'Clipart': 51.46, 'Real World': 30.33, 'Product': 73.65}
2025-04-17 21:22:39,941 [icarl.py] => Task 5, Epoch 142/200 => Loss 1.636, Loss_clf 0.061, Loss_kd 1.575, Train_accy 98.83
2025-04-17 21:22:43,865 [icarl.py] => Task 5, Epoch 143/200 => Loss 1.653, Loss_clf 0.063, Loss_kd 1.590, Train_accy 98.83
2025-04-17 21:22:47,828 [icarl.py] => Task 5, Epoch 144/200 => Loss 1.623, Loss_clf 0.062, Loss_kd 1.561, Train_accy 98.58
2025-04-17 21:22:51,814 [icarl.py] => Task 5, Epoch 145/200 => Loss 1.663, Loss_clf 0.081, Loss_kd 1.582, Train_accy 98.02
2025-04-17 21:22:55,781 [icarl.py] => Task 5, Epoch 146/200 => Loss 1.660, Loss_clf 0.077, Loss_kd 1.583, Train_accy 98.27
2025-04-17 21:22:59,734 [icarl.py] => Task 5, Epoch 147/200 => Loss 1.633, Loss_clf 0.071, Loss_kd 1.562, Train_accy 98.73
2025-04-17 21:23:03,679 [icarl.py] => Task 5, Epoch 148/200 => Loss 1.648, Loss_clf 0.072, Loss_kd 1.576, Train_accy 98.32
2025-04-17 21:23:07,621 [icarl.py] => Task 5, Epoch 149/200 => Loss 1.666, Loss_clf 0.077, Loss_kd 1.589, Train_accy 98.38
2025-04-17 21:23:11,514 [icarl.py] => Task 5, Epoch 150/200 => Loss 1.641, Loss_clf 0.061, Loss_kd 1.579, Train_accy 99.04
2025-04-17 21:23:15,491 [icarl.py] => Task 5, Epoch 151/200 => Loss 1.632, Loss_clf 0.058, Loss_kd 1.574, Train_accy 98.83
2025-04-17 21:23:19,399 [icarl.py] => Task 5, Epoch 152/200 => Loss 1.627, Loss_clf 0.061, Loss_kd 1.566, Train_accy 98.68
2025-04-17 21:23:23,327 [icarl.py] => Task 5, Epoch 153/200 => Loss 1.615, Loss_clf 0.054, Loss_kd 1.562, Train_accy 98.68
2025-04-17 21:23:27,296 [icarl.py] => Task 5, Epoch 154/200 => Loss 1.656, Loss_clf 0.063, Loss_kd 1.593, Train_accy 98.93
2025-04-17 21:23:31,206 [icarl.py] => Task 5, Epoch 155/200 => Loss 1.636, Loss_clf 0.070, Loss_kd 1.566, Train_accy 98.43
2025-04-17 21:23:35,162 [icarl.py] => Task 5, Epoch 156/200 => Loss 1.667, Loss_clf 0.073, Loss_kd 1.594, Train_accy 98.53
2025-04-17 21:23:39,075 [icarl.py] => Task 5, Epoch 157/200 => Loss 1.670, Loss_clf 0.073, Loss_kd 1.597, Train_accy 98.38
2025-04-17 21:23:43,015 [icarl.py] => Task 5, Epoch 158/200 => Loss 1.632, Loss_clf 0.062, Loss_kd 1.569, Train_accy 98.73
2025-04-17 21:23:46,970 [icarl.py] => Task 5, Epoch 159/200 => Loss 1.656, Loss_clf 0.060, Loss_kd 1.595, Train_accy 98.88
2025-04-17 21:23:50,890 [icarl.py] => Task 5, Epoch 160/200 => Loss 1.658, Loss_clf 0.064, Loss_kd 1.594, Train_accy 98.83
2025-04-17 21:24:01,380 [icarl.py] => Task 5, Epoch 161/200 => Loss 1.641, Loss_clf 0.068, Loss_kd 1.573, Train_accy 98.78, Test_accy {'Art': 23.56, 'Clipart': 51.46, 'Real World': 31.28, 'Product': 72.3}
2025-04-17 21:24:05,316 [icarl.py] => Task 5, Epoch 162/200 => Loss 1.615, Loss_clf 0.058, Loss_kd 1.557, Train_accy 98.78
2025-04-17 21:24:09,253 [icarl.py] => Task 5, Epoch 163/200 => Loss 1.639, Loss_clf 0.068, Loss_kd 1.571, Train_accy 98.48
2025-04-17 21:24:13,211 [icarl.py] => Task 5, Epoch 164/200 => Loss 1.654, Loss_clf 0.078, Loss_kd 1.576, Train_accy 98.12
2025-04-17 21:24:17,156 [icarl.py] => Task 5, Epoch 165/200 => Loss 1.651, Loss_clf 0.061, Loss_kd 1.590, Train_accy 98.88
2025-04-17 21:24:21,145 [icarl.py] => Task 5, Epoch 166/200 => Loss 1.640, Loss_clf 0.071, Loss_kd 1.569, Train_accy 98.68
2025-04-17 21:24:25,117 [icarl.py] => Task 5, Epoch 167/200 => Loss 1.628, Loss_clf 0.055, Loss_kd 1.574, Train_accy 99.09
2025-04-17 21:24:29,046 [icarl.py] => Task 5, Epoch 168/200 => Loss 1.663, Loss_clf 0.070, Loss_kd 1.593, Train_accy 98.53
2025-04-17 21:24:32,980 [icarl.py] => Task 5, Epoch 169/200 => Loss 1.618, Loss_clf 0.064, Loss_kd 1.553, Train_accy 98.83
2025-04-17 21:24:36,927 [icarl.py] => Task 5, Epoch 170/200 => Loss 1.614, Loss_clf 0.061, Loss_kd 1.552, Train_accy 98.93
2025-04-17 21:24:40,877 [icarl.py] => Task 5, Epoch 171/200 => Loss 1.634, Loss_clf 0.055, Loss_kd 1.579, Train_accy 98.83
2025-04-17 21:24:44,811 [icarl.py] => Task 5, Epoch 172/200 => Loss 1.637, Loss_clf 0.059, Loss_kd 1.578, Train_accy 98.98
2025-04-17 21:24:48,703 [icarl.py] => Task 5, Epoch 173/200 => Loss 1.627, Loss_clf 0.053, Loss_kd 1.574, Train_accy 99.04
2025-04-17 21:24:52,638 [icarl.py] => Task 5, Epoch 174/200 => Loss 1.646, Loss_clf 0.058, Loss_kd 1.588, Train_accy 98.83
2025-04-17 21:24:56,590 [icarl.py] => Task 5, Epoch 175/200 => Loss 1.632, Loss_clf 0.056, Loss_kd 1.576, Train_accy 98.88
2025-04-17 21:25:00,583 [icarl.py] => Task 5, Epoch 176/200 => Loss 1.612, Loss_clf 0.049, Loss_kd 1.563, Train_accy 99.04
2025-04-17 21:25:04,504 [icarl.py] => Task 5, Epoch 177/200 => Loss 1.624, Loss_clf 0.059, Loss_kd 1.565, Train_accy 98.78
2025-04-17 21:25:08,455 [icarl.py] => Task 5, Epoch 178/200 => Loss 1.636, Loss_clf 0.065, Loss_kd 1.572, Train_accy 98.68
2025-04-17 21:25:12,411 [icarl.py] => Task 5, Epoch 179/200 => Loss 1.614, Loss_clf 0.050, Loss_kd 1.564, Train_accy 99.09
2025-04-17 21:25:16,353 [icarl.py] => Task 5, Epoch 180/200 => Loss 1.628, Loss_clf 0.060, Loss_kd 1.568, Train_accy 98.63
2025-04-17 21:25:27,051 [icarl.py] => Task 5, Epoch 181/200 => Loss 1.626, Loss_clf 0.061, Loss_kd 1.564, Train_accy 99.04, Test_accy {'Art': 24.52, 'Clipart': 50.49, 'Real World': 31.52, 'Product': 72.75}
2025-04-17 21:25:31,017 [icarl.py] => Task 5, Epoch 182/200 => Loss 1.651, Loss_clf 0.053, Loss_kd 1.597, Train_accy 98.88
2025-04-17 21:25:34,949 [icarl.py] => Task 5, Epoch 183/200 => Loss 1.629, Loss_clf 0.054, Loss_kd 1.576, Train_accy 99.09
2025-04-17 21:25:38,871 [icarl.py] => Task 5, Epoch 184/200 => Loss 1.628, Loss_clf 0.064, Loss_kd 1.564, Train_accy 98.58
2025-04-17 21:25:42,811 [icarl.py] => Task 5, Epoch 185/200 => Loss 1.604, Loss_clf 0.047, Loss_kd 1.557, Train_accy 99.39
2025-04-17 21:25:46,738 [icarl.py] => Task 5, Epoch 186/200 => Loss 1.633, Loss_clf 0.055, Loss_kd 1.577, Train_accy 99.09
2025-04-17 21:25:50,641 [icarl.py] => Task 5, Epoch 187/200 => Loss 1.636, Loss_clf 0.056, Loss_kd 1.581, Train_accy 98.88
2025-04-17 21:25:54,541 [icarl.py] => Task 5, Epoch 188/200 => Loss 1.620, Loss_clf 0.049, Loss_kd 1.571, Train_accy 99.04
2025-04-17 21:25:58,486 [icarl.py] => Task 5, Epoch 189/200 => Loss 1.637, Loss_clf 0.056, Loss_kd 1.581, Train_accy 98.88
2025-04-17 21:26:02,415 [icarl.py] => Task 5, Epoch 190/200 => Loss 1.633, Loss_clf 0.059, Loss_kd 1.574, Train_accy 98.68
2025-04-17 21:26:06,315 [icarl.py] => Task 5, Epoch 191/200 => Loss 1.613, Loss_clf 0.057, Loss_kd 1.556, Train_accy 98.83
2025-04-17 21:26:10,232 [icarl.py] => Task 5, Epoch 192/200 => Loss 1.609, Loss_clf 0.057, Loss_kd 1.552, Train_accy 98.93
2025-04-17 21:26:14,174 [icarl.py] => Task 5, Epoch 193/200 => Loss 1.610, Loss_clf 0.052, Loss_kd 1.558, Train_accy 99.14
2025-04-17 21:26:18,126 [icarl.py] => Task 5, Epoch 194/200 => Loss 1.614, Loss_clf 0.055, Loss_kd 1.559, Train_accy 98.93
2025-04-17 21:26:22,059 [icarl.py] => Task 5, Epoch 195/200 => Loss 1.620, Loss_clf 0.049, Loss_kd 1.571, Train_accy 99.24
2025-04-17 21:26:25,958 [icarl.py] => Task 5, Epoch 196/200 => Loss 1.633, Loss_clf 0.056, Loss_kd 1.577, Train_accy 98.93
2025-04-17 21:26:29,881 [icarl.py] => Task 5, Epoch 197/200 => Loss 1.632, Loss_clf 0.064, Loss_kd 1.567, Train_accy 98.78
2025-04-17 21:26:33,819 [icarl.py] => Task 5, Epoch 198/200 => Loss 1.642, Loss_clf 0.060, Loss_kd 1.582, Train_accy 98.78
2025-04-17 21:26:37,755 [icarl.py] => Task 5, Epoch 199/200 => Loss 1.648, Loss_clf 0.058, Loss_kd 1.589, Train_accy 98.83
2025-04-17 21:26:41,697 [icarl.py] => Task 5, Epoch 200/200 => Loss 1.640, Loss_clf 0.055, Loss_kd 1.584, Train_accy 98.98
2025-04-17 21:26:41,698 [base.py] => Reducing exemplars...(43 per classes)
2025-04-17 21:26:54,549 [base.py] => Constructing exemplars...(43 per classes)
2025-04-17 21:27:13,853 [icarl.py] => Exemplar size: 1290
2025-04-17 21:27:14,641 [trainer.py] => CNN [Art]: {'total': 23.56, '00-04': 44.74, '05-09': 20.59, '10-14': 16.22, '15-19': 18.52, '20-24': 15.79, '25-29': 23.53, 'old': 23.56, 'new': 23.53}
2025-04-17 21:27:14,642 [trainer.py] => NME [Art]: {'total': 24.04, '00-04': 36.84, '05-09': 17.65, '10-14': 16.22, '15-19': 25.93, '20-24': 23.68, '25-29': 23.53, 'old': 24.14, 'new': 23.53}
2025-04-17 21:27:14,642 [trainer.py] => CNN [Art] top1 curve: [60.53, 47.22, 44.95, 40.44, 33.91, 23.56]
2025-04-17 21:27:14,642 [trainer.py] => CNN [Art] top5 curve: [100.0, 84.72, 74.31, 69.12, 64.94, 57.21]
2025-04-17 21:27:14,642 [trainer.py] => NME [Art] top1 curve: [57.89, 51.39, 43.12, 35.29, 33.33, 24.04]
2025-04-17 21:27:14,642 [trainer.py] => NME [Art] top5 curve: [100.0, 86.11, 76.15, 69.85, 66.09, 55.77]
2025-04-17 21:27:14,642 [trainer.py] => Average Accuracy [Art] (CNN): 41.76833333333333
2025-04-17 21:27:14,642 [trainer.py] => Average Accuracy [Art] (NME): 40.843333333333334
2025-04-17 21:27:14,642 [trainer.py] => CNN [Clipart]: {'total': 50.49, '00-04': 62.82, '05-09': 45.16, '10-14': 43.94, '15-19': 54.72, '20-24': 39.33, '25-29': 59.68, 'old': 48.85, 'new': 59.68}
2025-04-17 21:27:14,642 [trainer.py] => NME [Clipart]: {'total': 53.41, '00-04': 61.54, '05-09': 45.16, '10-14': 56.06, '15-19': 56.6, '20-24': 47.19, '25-29': 54.84, 'old': 53.16, 'new': 54.84}
2025-04-17 21:27:14,642 [trainer.py] => CNN [Clipart] top1 curve: [76.92, 71.43, 65.53, 64.86, 60.34, 50.49]
2025-04-17 21:27:14,642 [trainer.py] => CNN [Clipart] top5 curve: [100.0, 92.14, 87.38, 85.33, 84.48, 77.56]
2025-04-17 21:27:14,642 [trainer.py] => NME [Clipart] top1 curve: [73.08, 68.57, 68.45, 65.25, 61.49, 53.41]
2025-04-17 21:27:14,642 [trainer.py] => NME [Clipart] top5 curve: [100.0, 89.29, 88.35, 85.71, 83.33, 77.07]
2025-04-17 21:27:14,643 [trainer.py] => Average Accuracy [Clipart] (CNN): 64.92833333333333
2025-04-17 21:27:14,643 [trainer.py] => Average Accuracy [Clipart] (NME): 65.04166666666667
2025-04-17 21:27:14,643 [trainer.py] => CNN [Product]: {'total': 72.97, '00-04': 80.0, '05-09': 72.5, '10-14': 77.42, '15-19': 62.34, '20-24': 63.93, '25-29': 79.75, 'old': 71.51, 'new': 79.75}
2025-04-17 21:27:14,643 [trainer.py] => NME [Product]: {'total': 71.4, '00-04': 72.94, '05-09': 68.75, '10-14': 82.26, '15-19': 67.53, '20-24': 57.38, '25-29': 78.48, 'old': 69.86, 'new': 78.48}
2025-04-17 21:27:14,643 [trainer.py] => CNN [Product] top1 curve: [88.24, 85.45, 86.78, 79.28, 76.44, 72.97]
2025-04-17 21:27:14,643 [trainer.py] => CNN [Product] top5 curve: [100.0, 99.39, 98.24, 94.74, 94.25, 92.34]
2025-04-17 21:27:14,643 [trainer.py] => NME [Product] top1 curve: [87.06, 85.45, 88.11, 80.26, 76.71, 71.4]
2025-04-17 21:27:14,643 [trainer.py] => NME [Product] top5 curve: [100.0, 99.39, 98.68, 96.38, 94.25, 92.12]
2025-04-17 21:27:14,643 [trainer.py] => Average Accuracy [Product] (CNN): 81.52666666666666
2025-04-17 21:27:14,643 [trainer.py] => Average Accuracy [Product] (NME): 81.49833333333333
2025-04-17 21:27:14,643 [trainer.py] => CNN [Real World]: {'total': 31.52, '00-04': 39.73, '05-09': 47.06, '10-14': 27.78, '15-19': 20.9, '20-24': 10.77, '25-29': 40.26, 'old': 29.57, 'new': 40.26}
2025-04-17 21:27:14,643 [trainer.py] => NME [Real World]: {'total': 32.46, '00-04': 36.99, '05-09': 47.06, '10-14': 29.17, '15-19': 26.87, '20-24': 12.31, '25-29': 40.26, 'old': 30.72, 'new': 40.26}
2025-04-17 21:27:14,643 [trainer.py] => CNN [Real World] top1 curve: [64.38, 58.16, 47.89, 37.14, 33.04, 31.52]
2025-04-17 21:27:14,643 [trainer.py] => CNN [Real World] top5 curve: [100.0, 88.65, 79.34, 68.93, 64.93, 61.61]
2025-04-17 21:27:14,643 [trainer.py] => NME [Real World] top1 curve: [63.01, 58.16, 48.36, 38.21, 36.23, 32.46]
2025-04-17 21:27:14,643 [trainer.py] => NME [Real World] top5 curve: [100.0, 91.49, 81.22, 73.93, 67.54, 63.51]
2025-04-17 21:27:14,643 [trainer.py] => Average Accuracy [Real World] (CNN): 45.355
2025-04-17 21:27:14,643 [trainer.py] => Average Accuracy [Real World] (NME): 46.071666666666665
2025-04-17 21:27:14,643 [trainer.py] => NME Harmonic Mean : 39.2452
2025-04-17 21:27:14,643 [trainer.py] => NME Macro Mean : 45.3275
2025-04-17 21:27:14,643 [trainer.py] => CNN Harmonic Mean : 38.3647
2025-04-17 21:27:14,643 [trainer.py] => CNN Macro Mean : 44.6350
2025-04-17 21:27:14,644 [trainer.py] => All params: 21305192
2025-04-17 21:27:14,644 [trainer.py] => Trainable params: 21305192
2025-04-17 21:27:14,645 [icarl.py] => Learning on 30-35
2025-04-17 21:27:25,559 [icarl.py] => Task 6, Epoch 1/200 => Loss 3.872, Loss_clf 1.753, Loss_kd 2.119, Train_accy 53.90, Test_accy {'Art': 9.13, 'Clipart': 14.35, 'Real World': 10.46, 'Product': 14.87}
2025-04-17 21:27:29,548 [icarl.py] => Task 6, Epoch 2/200 => Loss 4.621, Loss_clf 2.065, Loss_kd 2.556, Train_accy 40.01
2025-04-17 21:27:33,524 [icarl.py] => Task 6, Epoch 3/200 => Loss 4.173, Loss_clf 1.742, Loss_kd 2.430, Train_accy 48.25
2025-04-17 21:27:37,492 [icarl.py] => Task 6, Epoch 4/200 => Loss 3.937, Loss_clf 1.582, Loss_kd 2.355, Train_accy 51.30
2025-04-17 21:27:41,505 [icarl.py] => Task 6, Epoch 5/200 => Loss 3.646, Loss_clf 1.363, Loss_kd 2.284, Train_accy 58.99
2025-04-17 21:27:45,493 [icarl.py] => Task 6, Epoch 6/200 => Loss 3.408, Loss_clf 1.217, Loss_kd 2.191, Train_accy 63.69
2025-04-17 21:27:49,436 [icarl.py] => Task 6, Epoch 7/200 => Loss 3.296, Loss_clf 1.114, Loss_kd 2.182, Train_accy 65.23
2025-04-17 21:27:53,495 [icarl.py] => Task 6, Epoch 8/200 => Loss 3.150, Loss_clf 1.000, Loss_kd 2.149, Train_accy 68.58
2025-04-17 21:27:57,506 [icarl.py] => Task 6, Epoch 9/200 => Loss 3.063, Loss_clf 0.954, Loss_kd 2.109, Train_accy 70.38
2025-04-17 21:28:01,486 [icarl.py] => Task 6, Epoch 10/200 => Loss 2.974, Loss_clf 0.877, Loss_kd 2.097, Train_accy 73.83
2025-04-17 21:28:05,450 [icarl.py] => Task 6, Epoch 11/200 => Loss 2.837, Loss_clf 0.777, Loss_kd 2.061, Train_accy 75.92
2025-04-17 21:28:09,446 [icarl.py] => Task 6, Epoch 12/200 => Loss 2.792, Loss_clf 0.755, Loss_kd 2.037, Train_accy 77.07
2025-04-17 21:28:13,483 [icarl.py] => Task 6, Epoch 13/200 => Loss 2.777, Loss_clf 0.716, Loss_kd 2.062, Train_accy 78.72
2025-04-17 21:28:17,524 [icarl.py] => Task 6, Epoch 14/200 => Loss 2.724, Loss_clf 0.697, Loss_kd 2.027, Train_accy 79.82
2025-04-17 21:28:21,565 [icarl.py] => Task 6, Epoch 15/200 => Loss 2.680, Loss_clf 0.661, Loss_kd 2.019, Train_accy 80.72
2025-04-17 21:28:25,533 [icarl.py] => Task 6, Epoch 16/200 => Loss 2.549, Loss_clf 0.564, Loss_kd 1.985, Train_accy 82.97
2025-04-17 21:28:29,531 [icarl.py] => Task 6, Epoch 17/200 => Loss 2.566, Loss_clf 0.570, Loss_kd 1.996, Train_accy 82.77
2025-04-17 21:28:33,600 [icarl.py] => Task 6, Epoch 18/200 => Loss 2.462, Loss_clf 0.494, Loss_kd 1.967, Train_accy 86.16
2025-04-17 21:28:37,663 [icarl.py] => Task 6, Epoch 19/200 => Loss 2.555, Loss_clf 0.553, Loss_kd 2.003, Train_accy 84.07
2025-04-17 21:28:41,692 [icarl.py] => Task 6, Epoch 20/200 => Loss 2.492, Loss_clf 0.518, Loss_kd 1.974, Train_accy 85.06
2025-04-17 21:28:52,863 [icarl.py] => Task 6, Epoch 21/200 => Loss 2.466, Loss_clf 0.489, Loss_kd 1.978, Train_accy 85.56, Test_accy {'Art': 16.73, 'Clipart': 37.55, 'Real World': 22.54, 'Product': 46.58}
2025-04-17 21:28:56,868 [icarl.py] => Task 6, Epoch 22/200 => Loss 2.464, Loss_clf 0.503, Loss_kd 1.961, Train_accy 85.36
2025-04-17 21:29:00,853 [icarl.py] => Task 6, Epoch 23/200 => Loss 2.395, Loss_clf 0.441, Loss_kd 1.954, Train_accy 87.26
2025-04-17 21:29:04,862 [icarl.py] => Task 6, Epoch 24/200 => Loss 2.321, Loss_clf 0.386, Loss_kd 1.935, Train_accy 88.01
2025-04-17 21:29:08,923 [icarl.py] => Task 6, Epoch 25/200 => Loss 2.345, Loss_clf 0.397, Loss_kd 1.947, Train_accy 88.41
2025-04-17 21:29:12,990 [icarl.py] => Task 6, Epoch 26/200 => Loss 2.333, Loss_clf 0.396, Loss_kd 1.937, Train_accy 88.56
2025-04-17 21:29:16,975 [icarl.py] => Task 6, Epoch 27/200 => Loss 2.249, Loss_clf 0.342, Loss_kd 1.907, Train_accy 90.66
2025-04-17 21:29:20,999 [icarl.py] => Task 6, Epoch 28/200 => Loss 2.299, Loss_clf 0.380, Loss_kd 1.918, Train_accy 89.21
2025-04-17 21:29:24,994 [icarl.py] => Task 6, Epoch 29/200 => Loss 2.339, Loss_clf 0.417, Loss_kd 1.922, Train_accy 87.16
2025-04-17 21:29:29,041 [icarl.py] => Task 6, Epoch 30/200 => Loss 2.264, Loss_clf 0.350, Loss_kd 1.915, Train_accy 89.61
2025-04-17 21:29:33,047 [icarl.py] => Task 6, Epoch 31/200 => Loss 2.261, Loss_clf 0.356, Loss_kd 1.905, Train_accy 89.71
2025-04-17 21:29:37,084 [icarl.py] => Task 6, Epoch 32/200 => Loss 2.277, Loss_clf 0.379, Loss_kd 1.898, Train_accy 89.26
2025-04-17 21:29:41,084 [icarl.py] => Task 6, Epoch 33/200 => Loss 2.270, Loss_clf 0.358, Loss_kd 1.912, Train_accy 90.31
2025-04-17 21:29:45,095 [icarl.py] => Task 6, Epoch 34/200 => Loss 2.236, Loss_clf 0.328, Loss_kd 1.908, Train_accy 91.06
2025-04-17 21:29:49,103 [icarl.py] => Task 6, Epoch 35/200 => Loss 2.202, Loss_clf 0.313, Loss_kd 1.890, Train_accy 91.36
2025-04-17 21:29:53,147 [icarl.py] => Task 6, Epoch 36/200 => Loss 2.181, Loss_clf 0.305, Loss_kd 1.876, Train_accy 91.01
2025-04-17 21:29:57,184 [icarl.py] => Task 6, Epoch 37/200 => Loss 2.189, Loss_clf 0.296, Loss_kd 1.893, Train_accy 91.56
2025-04-17 21:30:01,167 [icarl.py] => Task 6, Epoch 38/200 => Loss 2.139, Loss_clf 0.272, Loss_kd 1.867, Train_accy 92.01
2025-04-17 21:30:05,181 [icarl.py] => Task 6, Epoch 39/200 => Loss 2.107, Loss_clf 0.235, Loss_kd 1.871, Train_accy 93.51
2025-04-17 21:30:09,217 [icarl.py] => Task 6, Epoch 40/200 => Loss 2.148, Loss_clf 0.274, Loss_kd 1.874, Train_accy 93.01
2025-04-17 21:30:19,975 [icarl.py] => Task 6, Epoch 41/200 => Loss 2.134, Loss_clf 0.253, Loss_kd 1.881, Train_accy 93.16, Test_accy {'Art': 22.43, 'Clipart': 43.88, 'Real World': 27.57, 'Product': 63.41}
2025-04-17 21:30:23,999 [icarl.py] => Task 6, Epoch 42/200 => Loss 2.116, Loss_clf 0.245, Loss_kd 1.871, Train_accy 93.81
2025-04-17 21:30:27,973 [icarl.py] => Task 6, Epoch 43/200 => Loss 2.148, Loss_clf 0.277, Loss_kd 1.871, Train_accy 92.11
2025-04-17 21:30:32,020 [icarl.py] => Task 6, Epoch 44/200 => Loss 2.147, Loss_clf 0.277, Loss_kd 1.871, Train_accy 92.06
2025-04-17 21:30:35,996 [icarl.py] => Task 6, Epoch 45/200 => Loss 2.131, Loss_clf 0.252, Loss_kd 1.879, Train_accy 92.61
2025-04-17 21:30:40,008 [icarl.py] => Task 6, Epoch 46/200 => Loss 2.141, Loss_clf 0.266, Loss_kd 1.876, Train_accy 92.56
2025-04-17 21:30:44,022 [icarl.py] => Task 6, Epoch 47/200 => Loss 2.141, Loss_clf 0.263, Loss_kd 1.878, Train_accy 92.56
2025-04-17 21:30:47,989 [icarl.py] => Task 6, Epoch 48/200 => Loss 2.148, Loss_clf 0.270, Loss_kd 1.878, Train_accy 91.91
2025-04-17 21:30:51,994 [icarl.py] => Task 6, Epoch 49/200 => Loss 2.105, Loss_clf 0.253, Loss_kd 1.852, Train_accy 92.71
2025-04-17 21:30:56,009 [icarl.py] => Task 6, Epoch 50/200 => Loss 2.144, Loss_clf 0.262, Loss_kd 1.883, Train_accy 92.91
2025-04-17 21:31:00,051 [icarl.py] => Task 6, Epoch 51/200 => Loss 2.113, Loss_clf 0.249, Loss_kd 1.864, Train_accy 93.31
2025-04-17 21:31:04,051 [icarl.py] => Task 6, Epoch 52/200 => Loss 2.092, Loss_clf 0.238, Loss_kd 1.854, Train_accy 93.51
2025-04-17 21:31:08,083 [icarl.py] => Task 6, Epoch 53/200 => Loss 2.062, Loss_clf 0.232, Loss_kd 1.830, Train_accy 93.66
2025-04-17 21:31:12,074 [icarl.py] => Task 6, Epoch 54/200 => Loss 2.047, Loss_clf 0.194, Loss_kd 1.853, Train_accy 94.86
2025-04-17 21:31:16,069 [icarl.py] => Task 6, Epoch 55/200 => Loss 2.015, Loss_clf 0.195, Loss_kd 1.820, Train_accy 94.86
2025-04-17 21:31:20,048 [icarl.py] => Task 6, Epoch 56/200 => Loss 2.043, Loss_clf 0.183, Loss_kd 1.860, Train_accy 94.76
2025-04-17 21:31:24,089 [icarl.py] => Task 6, Epoch 57/200 => Loss 2.073, Loss_clf 0.215, Loss_kd 1.859, Train_accy 93.46
2025-04-17 21:31:28,075 [icarl.py] => Task 6, Epoch 58/200 => Loss 2.015, Loss_clf 0.170, Loss_kd 1.845, Train_accy 95.35
2025-04-17 21:31:32,078 [icarl.py] => Task 6, Epoch 59/200 => Loss 2.020, Loss_clf 0.201, Loss_kd 1.819, Train_accy 94.36
2025-04-17 21:31:36,087 [icarl.py] => Task 6, Epoch 60/200 => Loss 2.000, Loss_clf 0.177, Loss_kd 1.824, Train_accy 95.00
2025-04-17 21:31:47,202 [icarl.py] => Task 6, Epoch 61/200 => Loss 2.032, Loss_clf 0.202, Loss_kd 1.830, Train_accy 94.21, Test_accy {'Art': 22.81, 'Clipart': 41.35, 'Real World': 26.56, 'Product': 57.53}
2025-04-17 21:31:51,239 [icarl.py] => Task 6, Epoch 62/200 => Loss 2.003, Loss_clf 0.181, Loss_kd 1.822, Train_accy 95.50
2025-04-17 21:31:55,271 [icarl.py] => Task 6, Epoch 63/200 => Loss 1.998, Loss_clf 0.170, Loss_kd 1.828, Train_accy 95.75
2025-04-17 21:31:59,313 [icarl.py] => Task 6, Epoch 64/200 => Loss 2.030, Loss_clf 0.184, Loss_kd 1.846, Train_accy 95.15
2025-04-17 21:32:03,341 [icarl.py] => Task 6, Epoch 65/200 => Loss 2.041, Loss_clf 0.195, Loss_kd 1.846, Train_accy 94.61
2025-04-17 21:32:07,372 [icarl.py] => Task 6, Epoch 66/200 => Loss 1.978, Loss_clf 0.167, Loss_kd 1.811, Train_accy 95.75
2025-04-17 21:32:11,436 [icarl.py] => Task 6, Epoch 67/200 => Loss 2.021, Loss_clf 0.190, Loss_kd 1.831, Train_accy 94.91
2025-04-17 21:32:15,478 [icarl.py] => Task 6, Epoch 68/200 => Loss 2.030, Loss_clf 0.192, Loss_kd 1.838, Train_accy 94.31
2025-04-17 21:32:19,534 [icarl.py] => Task 6, Epoch 69/200 => Loss 1.988, Loss_clf 0.167, Loss_kd 1.822, Train_accy 95.25
2025-04-17 21:32:23,571 [icarl.py] => Task 6, Epoch 70/200 => Loss 2.008, Loss_clf 0.190, Loss_kd 1.819, Train_accy 94.86
2025-04-17 21:32:27,552 [icarl.py] => Task 6, Epoch 71/200 => Loss 1.968, Loss_clf 0.164, Loss_kd 1.804, Train_accy 95.70
2025-04-17 21:32:31,571 [icarl.py] => Task 6, Epoch 72/200 => Loss 1.979, Loss_clf 0.161, Loss_kd 1.818, Train_accy 95.50
2025-04-17 21:32:35,600 [icarl.py] => Task 6, Epoch 73/200 => Loss 1.999, Loss_clf 0.175, Loss_kd 1.825, Train_accy 95.55
2025-04-17 21:32:39,582 [icarl.py] => Task 6, Epoch 74/200 => Loss 1.952, Loss_clf 0.145, Loss_kd 1.807, Train_accy 96.55
2025-04-17 21:32:43,634 [icarl.py] => Task 6, Epoch 75/200 => Loss 1.955, Loss_clf 0.146, Loss_kd 1.809, Train_accy 96.10
2025-04-17 21:32:47,663 [icarl.py] => Task 6, Epoch 76/200 => Loss 1.944, Loss_clf 0.146, Loss_kd 1.797, Train_accy 96.00
2025-04-17 21:32:51,679 [icarl.py] => Task 6, Epoch 77/200 => Loss 1.940, Loss_clf 0.137, Loss_kd 1.803, Train_accy 96.70
2025-04-17 21:32:55,731 [icarl.py] => Task 6, Epoch 78/200 => Loss 1.976, Loss_clf 0.166, Loss_kd 1.810, Train_accy 95.85
2025-04-17 21:32:59,746 [icarl.py] => Task 6, Epoch 79/200 => Loss 1.989, Loss_clf 0.161, Loss_kd 1.829, Train_accy 95.95
2025-04-17 21:33:03,765 [icarl.py] => Task 6, Epoch 80/200 => Loss 1.984, Loss_clf 0.157, Loss_kd 1.827, Train_accy 95.55
2025-04-17 21:33:14,750 [icarl.py] => Task 6, Epoch 81/200 => Loss 1.922, Loss_clf 0.134, Loss_kd 1.789, Train_accy 96.25, Test_accy {'Art': 21.29, 'Clipart': 44.3, 'Real World': 26.96, 'Product': 61.84}
2025-04-17 21:33:18,767 [icarl.py] => Task 6, Epoch 82/200 => Loss 1.959, Loss_clf 0.156, Loss_kd 1.803, Train_accy 96.00
2025-04-17 21:33:22,787 [icarl.py] => Task 6, Epoch 83/200 => Loss 1.907, Loss_clf 0.130, Loss_kd 1.777, Train_accy 96.90
2025-04-17 21:33:26,802 [icarl.py] => Task 6, Epoch 84/200 => Loss 1.939, Loss_clf 0.137, Loss_kd 1.802, Train_accy 96.50
2025-04-17 21:33:30,825 [icarl.py] => Task 6, Epoch 85/200 => Loss 1.949, Loss_clf 0.141, Loss_kd 1.808, Train_accy 96.40
2025-04-17 21:33:34,821 [icarl.py] => Task 6, Epoch 86/200 => Loss 2.003, Loss_clf 0.172, Loss_kd 1.831, Train_accy 95.70
2025-04-17 21:33:38,840 [icarl.py] => Task 6, Epoch 87/200 => Loss 1.965, Loss_clf 0.159, Loss_kd 1.806, Train_accy 95.40
2025-04-17 21:33:42,863 [icarl.py] => Task 6, Epoch 88/200 => Loss 1.911, Loss_clf 0.120, Loss_kd 1.792, Train_accy 96.95
2025-04-17 21:33:46,902 [icarl.py] => Task 6, Epoch 89/200 => Loss 1.919, Loss_clf 0.130, Loss_kd 1.788, Train_accy 96.75
2025-04-17 21:33:50,966 [icarl.py] => Task 6, Epoch 90/200 => Loss 1.904, Loss_clf 0.126, Loss_kd 1.778, Train_accy 96.65
2025-04-17 21:33:55,025 [icarl.py] => Task 6, Epoch 91/200 => Loss 1.907, Loss_clf 0.128, Loss_kd 1.779, Train_accy 96.75
2025-04-17 21:33:59,027 [icarl.py] => Task 6, Epoch 92/200 => Loss 1.890, Loss_clf 0.117, Loss_kd 1.773, Train_accy 97.25
2025-04-17 21:34:03,030 [icarl.py] => Task 6, Epoch 93/200 => Loss 1.888, Loss_clf 0.105, Loss_kd 1.783, Train_accy 97.75
2025-04-17 21:34:07,026 [icarl.py] => Task 6, Epoch 94/200 => Loss 1.929, Loss_clf 0.140, Loss_kd 1.789, Train_accy 96.50
2025-04-17 21:34:11,026 [icarl.py] => Task 6, Epoch 95/200 => Loss 1.903, Loss_clf 0.120, Loss_kd 1.783, Train_accy 97.25
2025-04-17 21:34:15,066 [icarl.py] => Task 6, Epoch 96/200 => Loss 1.882, Loss_clf 0.114, Loss_kd 1.767, Train_accy 97.30
2025-04-17 21:34:19,080 [icarl.py] => Task 6, Epoch 97/200 => Loss 1.869, Loss_clf 0.102, Loss_kd 1.768, Train_accy 97.50
2025-04-17 21:34:23,120 [icarl.py] => Task 6, Epoch 98/200 => Loss 1.898, Loss_clf 0.111, Loss_kd 1.787, Train_accy 97.05
2025-04-17 21:34:27,147 [icarl.py] => Task 6, Epoch 99/200 => Loss 1.912, Loss_clf 0.133, Loss_kd 1.780, Train_accy 96.70
2025-04-17 21:34:31,156 [icarl.py] => Task 6, Epoch 100/200 => Loss 1.906, Loss_clf 0.127, Loss_kd 1.778, Train_accy 96.65
2025-04-17 21:34:42,305 [icarl.py] => Task 6, Epoch 101/200 => Loss 1.890, Loss_clf 0.119, Loss_kd 1.771, Train_accy 97.00, Test_accy {'Art': 19.77, 'Clipart': 44.73, 'Real World': 29.38, 'Product': 64.19}
2025-04-17 21:34:46,343 [icarl.py] => Task 6, Epoch 102/200 => Loss 1.926, Loss_clf 0.126, Loss_kd 1.800, Train_accy 96.85
2025-04-17 21:34:50,308 [icarl.py] => Task 6, Epoch 103/200 => Loss 1.864, Loss_clf 0.097, Loss_kd 1.767, Train_accy 97.75
2025-04-17 21:34:54,353 [icarl.py] => Task 6, Epoch 104/200 => Loss 1.842, Loss_clf 0.081, Loss_kd 1.761, Train_accy 98.20
2025-04-17 21:34:58,361 [icarl.py] => Task 6, Epoch 105/200 => Loss 1.882, Loss_clf 0.107, Loss_kd 1.775, Train_accy 97.05
2025-04-17 21:35:02,391 [icarl.py] => Task 6, Epoch 106/200 => Loss 1.874, Loss_clf 0.095, Loss_kd 1.780, Train_accy 97.50
2025-04-17 21:35:06,411 [icarl.py] => Task 6, Epoch 107/200 => Loss 1.876, Loss_clf 0.091, Loss_kd 1.785, Train_accy 98.00
2025-04-17 21:35:10,400 [icarl.py] => Task 6, Epoch 108/200 => Loss 1.889, Loss_clf 0.108, Loss_kd 1.780, Train_accy 97.25
2025-04-17 21:35:14,455 [icarl.py] => Task 6, Epoch 109/200 => Loss 1.854, Loss_clf 0.095, Loss_kd 1.759, Train_accy 97.65
2025-04-17 21:35:18,512 [icarl.py] => Task 6, Epoch 110/200 => Loss 1.838, Loss_clf 0.083, Loss_kd 1.755, Train_accy 98.10
2025-04-17 21:35:22,527 [icarl.py] => Task 6, Epoch 111/200 => Loss 1.872, Loss_clf 0.101, Loss_kd 1.772, Train_accy 97.85
2025-04-17 21:35:26,526 [icarl.py] => Task 6, Epoch 112/200 => Loss 1.858, Loss_clf 0.097, Loss_kd 1.761, Train_accy 97.55
2025-04-17 21:35:30,565 [icarl.py] => Task 6, Epoch 113/200 => Loss 1.868, Loss_clf 0.091, Loss_kd 1.777, Train_accy 97.60
2025-04-17 21:35:34,600 [icarl.py] => Task 6, Epoch 114/200 => Loss 1.866, Loss_clf 0.089, Loss_kd 1.776, Train_accy 98.20
2025-04-17 21:35:38,650 [icarl.py] => Task 6, Epoch 115/200 => Loss 1.882, Loss_clf 0.105, Loss_kd 1.777, Train_accy 97.20
2025-04-17 21:35:42,660 [icarl.py] => Task 6, Epoch 116/200 => Loss 1.861, Loss_clf 0.088, Loss_kd 1.773, Train_accy 98.15
2025-04-17 21:35:46,727 [icarl.py] => Task 6, Epoch 117/200 => Loss 1.856, Loss_clf 0.095, Loss_kd 1.761, Train_accy 97.85
2025-04-17 21:35:50,769 [icarl.py] => Task 6, Epoch 118/200 => Loss 1.836, Loss_clf 0.083, Loss_kd 1.752, Train_accy 98.10
2025-04-17 21:35:54,823 [icarl.py] => Task 6, Epoch 119/200 => Loss 1.839, Loss_clf 0.085, Loss_kd 1.753, Train_accy 98.05
2025-04-17 21:35:58,825 [icarl.py] => Task 6, Epoch 120/200 => Loss 1.855, Loss_clf 0.089, Loss_kd 1.766, Train_accy 97.95
2025-04-17 21:36:09,676 [icarl.py] => Task 6, Epoch 121/200 => Loss 1.829, Loss_clf 0.082, Loss_kd 1.747, Train_accy 98.20, Test_accy {'Art': 21.67, 'Clipart': 47.05, 'Real World': 29.58, 'Product': 67.12}
2025-04-17 21:36:13,675 [icarl.py] => Task 6, Epoch 122/200 => Loss 1.811, Loss_clf 0.079, Loss_kd 1.733, Train_accy 98.00
2025-04-17 21:36:17,673 [icarl.py] => Task 6, Epoch 123/200 => Loss 1.853, Loss_clf 0.088, Loss_kd 1.765, Train_accy 97.85
2025-04-17 21:36:21,678 [icarl.py] => Task 6, Epoch 124/200 => Loss 1.839, Loss_clf 0.080, Loss_kd 1.758, Train_accy 98.15
2025-04-17 21:36:25,709 [icarl.py] => Task 6, Epoch 125/200 => Loss 1.846, Loss_clf 0.088, Loss_kd 1.758, Train_accy 98.10
2025-04-17 21:36:29,730 [icarl.py] => Task 6, Epoch 126/200 => Loss 1.848, Loss_clf 0.068, Loss_kd 1.780, Train_accy 98.50
2025-04-17 21:36:33,772 [icarl.py] => Task 6, Epoch 127/200 => Loss 1.842, Loss_clf 0.079, Loss_kd 1.763, Train_accy 98.25
2025-04-17 21:36:37,808 [icarl.py] => Task 6, Epoch 128/200 => Loss 1.838, Loss_clf 0.077, Loss_kd 1.761, Train_accy 98.35
2025-04-17 21:36:41,863 [icarl.py] => Task 6, Epoch 129/200 => Loss 1.839, Loss_clf 0.074, Loss_kd 1.765, Train_accy 98.30
2025-04-17 21:36:45,893 [icarl.py] => Task 6, Epoch 130/200 => Loss 1.834, Loss_clf 0.078, Loss_kd 1.756, Train_accy 98.35
2025-04-17 21:36:49,919 [icarl.py] => Task 6, Epoch 131/200 => Loss 1.832, Loss_clf 0.082, Loss_kd 1.751, Train_accy 98.00
2025-04-17 21:36:53,970 [icarl.py] => Task 6, Epoch 132/200 => Loss 1.861, Loss_clf 0.091, Loss_kd 1.769, Train_accy 97.80
2025-04-17 21:36:58,008 [icarl.py] => Task 6, Epoch 133/200 => Loss 1.837, Loss_clf 0.080, Loss_kd 1.756, Train_accy 98.05
2025-04-17 21:37:02,051 [icarl.py] => Task 6, Epoch 134/200 => Loss 1.817, Loss_clf 0.068, Loss_kd 1.749, Train_accy 98.60
2025-04-17 21:37:06,042 [icarl.py] => Task 6, Epoch 135/200 => Loss 1.827, Loss_clf 0.070, Loss_kd 1.757, Train_accy 98.45
2025-04-17 21:37:10,057 [icarl.py] => Task 6, Epoch 136/200 => Loss 1.789, Loss_clf 0.061, Loss_kd 1.727, Train_accy 98.85
2025-04-17 21:37:14,105 [icarl.py] => Task 6, Epoch 137/200 => Loss 1.804, Loss_clf 0.053, Loss_kd 1.751, Train_accy 98.90
2025-04-17 21:37:18,130 [icarl.py] => Task 6, Epoch 138/200 => Loss 1.805, Loss_clf 0.070, Loss_kd 1.735, Train_accy 98.65
2025-04-17 21:37:22,138 [icarl.py] => Task 6, Epoch 139/200 => Loss 1.829, Loss_clf 0.077, Loss_kd 1.753, Train_accy 98.45
2025-04-17 21:37:26,185 [icarl.py] => Task 6, Epoch 140/200 => Loss 1.831, Loss_clf 0.073, Loss_kd 1.758, Train_accy 98.30
2025-04-17 21:37:37,108 [icarl.py] => Task 6, Epoch 141/200 => Loss 1.806, Loss_clf 0.057, Loss_kd 1.749, Train_accy 98.70, Test_accy {'Art': 22.05, 'Clipart': 46.2, 'Real World': 28.97, 'Product': 65.95}
2025-04-17 21:37:41,122 [icarl.py] => Task 6, Epoch 142/200 => Loss 1.828, Loss_clf 0.065, Loss_kd 1.763, Train_accy 98.55
2025-04-17 21:37:45,159 [icarl.py] => Task 6, Epoch 143/200 => Loss 1.807, Loss_clf 0.065, Loss_kd 1.742, Train_accy 98.60
2025-04-17 21:37:49,186 [icarl.py] => Task 6, Epoch 144/200 => Loss 1.841, Loss_clf 0.074, Loss_kd 1.767, Train_accy 98.55
2025-04-17 21:37:53,226 [icarl.py] => Task 6, Epoch 145/200 => Loss 1.864, Loss_clf 0.087, Loss_kd 1.776, Train_accy 97.65
2025-04-17 21:37:57,255 [icarl.py] => Task 6, Epoch 146/200 => Loss 1.804, Loss_clf 0.067, Loss_kd 1.737, Train_accy 98.55
2025-04-17 21:38:01,317 [icarl.py] => Task 6, Epoch 147/200 => Loss 1.789, Loss_clf 0.055, Loss_kd 1.734, Train_accy 99.05
2025-04-17 21:38:05,319 [icarl.py] => Task 6, Epoch 148/200 => Loss 1.799, Loss_clf 0.062, Loss_kd 1.736, Train_accy 98.55
2025-04-17 21:38:09,443 [icarl.py] => Task 6, Epoch 149/200 => Loss 1.815, Loss_clf 0.064, Loss_kd 1.751, Train_accy 98.50
2025-04-17 21:38:13,501 [icarl.py] => Task 6, Epoch 150/200 => Loss 1.793, Loss_clf 0.070, Loss_kd 1.723, Train_accy 98.40
2025-04-17 21:38:17,518 [icarl.py] => Task 6, Epoch 151/200 => Loss 1.808, Loss_clf 0.068, Loss_kd 1.740, Train_accy 98.15
2025-04-17 21:38:21,538 [icarl.py] => Task 6, Epoch 152/200 => Loss 1.807, Loss_clf 0.058, Loss_kd 1.748, Train_accy 98.75
2025-04-17 21:38:25,550 [icarl.py] => Task 6, Epoch 153/200 => Loss 1.815, Loss_clf 0.066, Loss_kd 1.749, Train_accy 98.30
2025-04-17 21:38:29,560 [icarl.py] => Task 6, Epoch 154/200 => Loss 1.810, Loss_clf 0.061, Loss_kd 1.749, Train_accy 98.55
2025-04-17 21:38:33,591 [icarl.py] => Task 6, Epoch 155/200 => Loss 1.822, Loss_clf 0.062, Loss_kd 1.760, Train_accy 98.75
2025-04-17 21:38:37,609 [icarl.py] => Task 6, Epoch 156/200 => Loss 1.830, Loss_clf 0.069, Loss_kd 1.761, Train_accy 98.40
2025-04-17 21:38:41,644 [icarl.py] => Task 6, Epoch 157/200 => Loss 1.778, Loss_clf 0.055, Loss_kd 1.722, Train_accy 98.90
2025-04-17 21:38:45,692 [icarl.py] => Task 6, Epoch 158/200 => Loss 1.789, Loss_clf 0.053, Loss_kd 1.736, Train_accy 99.10
2025-04-17 21:38:49,702 [icarl.py] => Task 6, Epoch 159/200 => Loss 1.819, Loss_clf 0.066, Loss_kd 1.753, Train_accy 98.60
2025-04-17 21:38:53,731 [icarl.py] => Task 6, Epoch 160/200 => Loss 1.812, Loss_clf 0.065, Loss_kd 1.746, Train_accy 98.70
2025-04-17 21:39:04,672 [icarl.py] => Task 6, Epoch 161/200 => Loss 1.821, Loss_clf 0.066, Loss_kd 1.755, Train_accy 98.70, Test_accy {'Art': 21.67, 'Clipart': 46.62, 'Real World': 29.78, 'Product': 69.28}
2025-04-17 21:39:08,687 [icarl.py] => Task 6, Epoch 162/200 => Loss 1.788, Loss_clf 0.059, Loss_kd 1.730, Train_accy 98.55
2025-04-17 21:39:12,684 [icarl.py] => Task 6, Epoch 163/200 => Loss 1.822, Loss_clf 0.066, Loss_kd 1.756, Train_accy 98.70
2025-04-17 21:39:16,806 [icarl.py] => Task 6, Epoch 164/200 => Loss 1.794, Loss_clf 0.055, Loss_kd 1.739, Train_accy 99.00
2025-04-17 21:39:20,838 [icarl.py] => Task 6, Epoch 165/200 => Loss 1.792, Loss_clf 0.052, Loss_kd 1.739, Train_accy 99.15
2025-04-17 21:39:24,840 [icarl.py] => Task 6, Epoch 166/200 => Loss 1.784, Loss_clf 0.055, Loss_kd 1.729, Train_accy 98.95
2025-04-17 21:39:28,836 [icarl.py] => Task 6, Epoch 167/200 => Loss 1.792, Loss_clf 0.059, Loss_kd 1.733, Train_accy 98.95
2025-04-17 21:39:32,819 [icarl.py] => Task 6, Epoch 168/200 => Loss 1.830, Loss_clf 0.080, Loss_kd 1.750, Train_accy 98.15
2025-04-17 21:39:36,833 [icarl.py] => Task 6, Epoch 169/200 => Loss 1.820, Loss_clf 0.067, Loss_kd 1.753, Train_accy 98.45
2025-04-17 21:39:40,860 [icarl.py] => Task 6, Epoch 170/200 => Loss 1.795, Loss_clf 0.052, Loss_kd 1.743, Train_accy 98.95
2025-04-17 21:39:44,844 [icarl.py] => Task 6, Epoch 171/200 => Loss 1.802, Loss_clf 0.065, Loss_kd 1.736, Train_accy 98.50
2025-04-17 21:39:48,900 [icarl.py] => Task 6, Epoch 172/200 => Loss 1.778, Loss_clf 0.056, Loss_kd 1.722, Train_accy 98.95
2025-04-17 21:39:52,940 [icarl.py] => Task 6, Epoch 173/200 => Loss 1.787, Loss_clf 0.053, Loss_kd 1.734, Train_accy 99.20
2025-04-17 21:39:56,975 [icarl.py] => Task 6, Epoch 174/200 => Loss 1.800, Loss_clf 0.057, Loss_kd 1.743, Train_accy 99.10
2025-04-17 21:40:01,038 [icarl.py] => Task 6, Epoch 175/200 => Loss 1.807, Loss_clf 0.052, Loss_kd 1.755, Train_accy 98.75
2025-04-17 21:40:05,084 [icarl.py] => Task 6, Epoch 176/200 => Loss 1.797, Loss_clf 0.050, Loss_kd 1.747, Train_accy 99.00
2025-04-17 21:40:09,111 [icarl.py] => Task 6, Epoch 177/200 => Loss 1.791, Loss_clf 0.061, Loss_kd 1.730, Train_accy 98.80
2025-04-17 21:40:13,159 [icarl.py] => Task 6, Epoch 178/200 => Loss 1.782, Loss_clf 0.054, Loss_kd 1.728, Train_accy 99.05
2025-04-17 21:40:17,183 [icarl.py] => Task 6, Epoch 179/200 => Loss 1.798, Loss_clf 0.062, Loss_kd 1.736, Train_accy 98.85
2025-04-17 21:40:21,190 [icarl.py] => Task 6, Epoch 180/200 => Loss 1.841, Loss_clf 0.066, Loss_kd 1.775, Train_accy 98.65
2025-04-17 21:40:32,083 [icarl.py] => Task 6, Epoch 181/200 => Loss 1.783, Loss_clf 0.057, Loss_kd 1.726, Train_accy 98.90, Test_accy {'Art': 22.81, 'Clipart': 46.84, 'Real World': 29.98, 'Product': 69.86}
2025-04-17 21:40:36,085 [icarl.py] => Task 6, Epoch 182/200 => Loss 1.784, Loss_clf 0.052, Loss_kd 1.731, Train_accy 98.90
2025-04-17 21:40:40,112 [icarl.py] => Task 6, Epoch 183/200 => Loss 1.799, Loss_clf 0.060, Loss_kd 1.739, Train_accy 98.75
2025-04-17 21:40:44,150 [icarl.py] => Task 6, Epoch 184/200 => Loss 1.780, Loss_clf 0.047, Loss_kd 1.733, Train_accy 99.35
2025-04-17 21:40:48,174 [icarl.py] => Task 6, Epoch 185/200 => Loss 1.805, Loss_clf 0.058, Loss_kd 1.747, Train_accy 98.85
2025-04-17 21:40:52,242 [icarl.py] => Task 6, Epoch 186/200 => Loss 1.799, Loss_clf 0.054, Loss_kd 1.744, Train_accy 98.85
2025-04-17 21:40:56,249 [icarl.py] => Task 6, Epoch 187/200 => Loss 1.782, Loss_clf 0.049, Loss_kd 1.733, Train_accy 99.10
2025-04-17 21:41:00,255 [icarl.py] => Task 6, Epoch 188/200 => Loss 1.797, Loss_clf 0.062, Loss_kd 1.736, Train_accy 98.60
2025-04-17 21:41:04,300 [icarl.py] => Task 6, Epoch 189/200 => Loss 1.809, Loss_clf 0.065, Loss_kd 1.744, Train_accy 98.55
2025-04-17 21:41:08,302 [icarl.py] => Task 6, Epoch 190/200 => Loss 1.825, Loss_clf 0.066, Loss_kd 1.759, Train_accy 98.60
2025-04-17 21:41:12,321 [icarl.py] => Task 6, Epoch 191/200 => Loss 1.799, Loss_clf 0.054, Loss_kd 1.745, Train_accy 98.80
2025-04-17 21:41:16,326 [icarl.py] => Task 6, Epoch 192/200 => Loss 1.791, Loss_clf 0.063, Loss_kd 1.728, Train_accy 98.60
2025-04-17 21:41:20,317 [icarl.py] => Task 6, Epoch 193/200 => Loss 1.764, Loss_clf 0.043, Loss_kd 1.721, Train_accy 99.15
2025-04-17 21:41:24,354 [icarl.py] => Task 6, Epoch 194/200 => Loss 1.828, Loss_clf 0.067, Loss_kd 1.761, Train_accy 98.40
2025-04-17 21:41:28,355 [icarl.py] => Task 6, Epoch 195/200 => Loss 1.768, Loss_clf 0.041, Loss_kd 1.727, Train_accy 99.50
2025-04-17 21:41:32,410 [icarl.py] => Task 6, Epoch 196/200 => Loss 1.804, Loss_clf 0.056, Loss_kd 1.748, Train_accy 99.10
2025-04-17 21:41:36,429 [icarl.py] => Task 6, Epoch 197/200 => Loss 1.785, Loss_clf 0.054, Loss_kd 1.731, Train_accy 98.85
2025-04-17 21:41:40,461 [icarl.py] => Task 6, Epoch 198/200 => Loss 1.783, Loss_clf 0.052, Loss_kd 1.731, Train_accy 98.80
2025-04-17 21:41:44,477 [icarl.py] => Task 6, Epoch 199/200 => Loss 1.788, Loss_clf 0.051, Loss_kd 1.737, Train_accy 98.95
2025-04-17 21:41:48,524 [icarl.py] => Task 6, Epoch 200/200 => Loss 1.801, Loss_clf 0.059, Loss_kd 1.742, Train_accy 98.85
2025-04-17 21:41:48,525 [base.py] => Reducing exemplars...(37 per classes)
2025-04-17 21:42:02,592 [base.py] => Constructing exemplars...(37 per classes)
2025-04-17 21:42:23,407 [icarl.py] => Exemplar size: 1295
2025-04-17 21:42:24,139 [trainer.py] => CNN [Art]: {'total': 22.43, '00-04': 31.58, '05-09': 26.47, '10-14': 13.51, '15-19': 14.81, '20-24': 7.89, '25-29': 5.88, '30-34': 43.64, 'old': 16.83, 'new': 43.64}
2025-04-17 21:42:24,139 [trainer.py] => NME [Art]: {'total': 20.91, '00-04': 28.95, '05-09': 20.59, '10-14': 16.22, '15-19': 18.52, '20-24': 5.26, '25-29': 5.88, '30-34': 40.0, 'old': 15.87, 'new': 40.0}
2025-04-17 21:42:24,139 [trainer.py] => CNN [Art] top1 curve: [60.53, 47.22, 44.95, 40.44, 33.91, 23.56, 22.43]
2025-04-17 21:42:24,140 [trainer.py] => CNN [Art] top5 curve: [100.0, 84.72, 74.31, 69.12, 64.94, 57.21, 50.57]
2025-04-17 21:42:24,140 [trainer.py] => NME [Art] top1 curve: [57.89, 51.39, 43.12, 35.29, 33.33, 24.04, 20.91]
2025-04-17 21:42:24,140 [trainer.py] => NME [Art] top5 curve: [100.0, 86.11, 76.15, 69.85, 66.09, 55.77, 50.95]
2025-04-17 21:42:24,140 [trainer.py] => Average Accuracy [Art] (CNN): 39.00571428571429
2025-04-17 21:42:24,140 [trainer.py] => Average Accuracy [Art] (NME): 37.99571428571428
2025-04-17 21:42:24,140 [trainer.py] => CNN [Clipart]: {'total': 46.62, '00-04': 53.85, '05-09': 41.94, '10-14': 40.91, '15-19': 52.83, '20-24': 38.2, '25-29': 32.26, '30-34': 68.75, 'old': 43.17, 'new': 68.75}
2025-04-17 21:42:24,140 [trainer.py] => NME [Clipart]: {'total': 50.42, '00-04': 55.13, '05-09': 41.94, '10-14': 53.03, '15-19': 54.72, '20-24': 44.94, '25-29': 38.71, '30-34': 65.62, 'old': 48.05, 'new': 65.62}
2025-04-17 21:42:24,140 [trainer.py] => CNN [Clipart] top1 curve: [76.92, 71.43, 65.53, 64.86, 60.34, 50.49, 46.62]
2025-04-17 21:42:24,140 [trainer.py] => CNN [Clipart] top5 curve: [100.0, 92.14, 87.38, 85.33, 84.48, 77.56, 72.78]
2025-04-17 21:42:24,140 [trainer.py] => NME [Clipart] top1 curve: [73.08, 68.57, 68.45, 65.25, 61.49, 53.41, 50.42]
2025-04-17 21:42:24,140 [trainer.py] => NME [Clipart] top5 curve: [100.0, 89.29, 88.35, 85.71, 83.33, 77.07, 72.15]
2025-04-17 21:42:24,140 [trainer.py] => Average Accuracy [Clipart] (CNN): 62.31285714285714
2025-04-17 21:42:24,140 [trainer.py] => Average Accuracy [Clipart] (NME): 62.95285714285715
2025-04-17 21:42:24,140 [trainer.py] => CNN [Product]: {'total': 69.47, '00-04': 74.12, '05-09': 65.0, '10-14': 75.81, '15-19': 61.04, '20-24': 60.66, '25-29': 68.35, '30-34': 82.09, 'old': 67.57, 'new': 82.09}
2025-04-17 21:42:24,140 [trainer.py] => NME [Product]: {'total': 68.49, '00-04': 72.94, '05-09': 65.0, '10-14': 74.19, '15-19': 64.94, '20-24': 57.38, '25-29': 73.42, '30-34': 70.15, 'old': 68.24, 'new': 70.15}
2025-04-17 21:42:24,140 [trainer.py] => CNN [Product] top1 curve: [88.24, 85.45, 86.78, 79.28, 76.44, 72.97, 69.47]
2025-04-17 21:42:24,140 [trainer.py] => CNN [Product] top5 curve: [100.0, 99.39, 98.24, 94.74, 94.25, 92.34, 89.24]
2025-04-17 21:42:24,140 [trainer.py] => NME [Product] top1 curve: [87.06, 85.45, 88.11, 80.26, 76.71, 71.4, 68.49]
2025-04-17 21:42:24,140 [trainer.py] => NME [Product] top5 curve: [100.0, 99.39, 98.68, 96.38, 94.25, 92.12, 89.63]
2025-04-17 21:42:24,140 [trainer.py] => Average Accuracy [Product] (CNN): 79.80428571428571
2025-04-17 21:42:24,140 [trainer.py] => Average Accuracy [Product] (NME): 79.64
2025-04-17 21:42:24,140 [trainer.py] => CNN [Real World]: {'total': 30.58, '00-04': 30.14, '05-09': 38.24, '10-14': 27.78, '15-19': 17.91, '20-24': 9.23, '25-29': 35.06, '30-34': 52.0, 'old': 26.78, 'new': 52.0}
2025-04-17 21:42:24,140 [trainer.py] => NME [Real World]: {'total': 30.18, '00-04': 27.4, '05-09': 32.35, '10-14': 23.61, '15-19': 23.88, '20-24': 7.69, '25-29': 38.96, '30-34': 53.33, 'old': 26.07, 'new': 53.33}
2025-04-17 21:42:24,140 [trainer.py] => CNN [Real World] top1 curve: [64.38, 58.16, 47.89, 37.14, 33.04, 31.52, 30.58]
2025-04-17 21:42:24,141 [trainer.py] => CNN [Real World] top5 curve: [100.0, 88.65, 79.34, 68.93, 64.93, 61.61, 58.35]
2025-04-17 21:42:24,141 [trainer.py] => NME [Real World] top1 curve: [63.01, 58.16, 48.36, 38.21, 36.23, 32.46, 30.18]
2025-04-17 21:42:24,141 [trainer.py] => NME [Real World] top5 curve: [100.0, 91.49, 81.22, 73.93, 67.54, 63.51, 58.15]
2025-04-17 21:42:24,141 [trainer.py] => Average Accuracy [Real World] (CNN): 43.24428571428571
2025-04-17 21:42:24,141 [trainer.py] => Average Accuracy [Real World] (NME): 43.80142857142857
2025-04-17 21:42:24,141 [trainer.py] => NME Harmonic Mean : 36.6363
2025-04-17 21:42:24,141 [trainer.py] => NME Macro Mean : 42.5000
2025-04-17 21:42:24,141 [trainer.py] => CNN Harmonic Mean : 36.7927
2025-04-17 21:42:24,141 [trainer.py] => CNN Macro Mean : 42.2750
2025-04-17 21:42:24,141 [trainer.py] => All params: 21307757
2025-04-17 21:42:24,142 [trainer.py] => Trainable params: 21307757
2025-04-17 21:42:24,143 [icarl.py] => Learning on 35-40
2025-04-17 21:42:35,917 [icarl.py] => Task 7, Epoch 1/200 => Loss 3.952, Loss_clf 1.734, Loss_kd 2.218, Train_accy 55.37, Test_accy {'Art': 8.55, 'Clipart': 22.8, 'Real World': 12.59, 'Product': 28.42}
2025-04-17 21:42:39,767 [icarl.py] => Task 7, Epoch 2/200 => Loss 4.910, Loss_clf 2.177, Loss_kd 2.734, Train_accy 41.38
2025-04-17 21:42:43,594 [icarl.py] => Task 7, Epoch 3/200 => Loss 4.492, Loss_clf 1.864, Loss_kd 2.628, Train_accy 45.41
2025-04-17 21:42:47,429 [icarl.py] => Task 7, Epoch 4/200 => Loss 3.997, Loss_clf 1.536, Loss_kd 2.460, Train_accy 55.11
2025-04-17 21:42:51,285 [icarl.py] => Task 7, Epoch 5/200 => Loss 3.754, Loss_clf 1.366, Loss_kd 2.388, Train_accy 60.06
2025-04-17 21:42:55,126 [icarl.py] => Task 7, Epoch 6/200 => Loss 3.549, Loss_clf 1.218, Loss_kd 2.331, Train_accy 63.67
2025-04-17 21:42:59,012 [icarl.py] => Task 7, Epoch 7/200 => Loss 3.365, Loss_clf 1.106, Loss_kd 2.259, Train_accy 67.08
2025-04-17 21:43:02,830 [icarl.py] => Task 7, Epoch 8/200 => Loss 3.347, Loss_clf 1.067, Loss_kd 2.280, Train_accy 68.06
2025-04-17 21:43:06,668 [icarl.py] => Task 7, Epoch 9/200 => Loss 3.190, Loss_clf 0.970, Loss_kd 2.220, Train_accy 70.38
2025-04-17 21:43:10,521 [icarl.py] => Task 7, Epoch 10/200 => Loss 3.100, Loss_clf 0.883, Loss_kd 2.217, Train_accy 74.25
2025-04-17 21:43:14,407 [icarl.py] => Task 7, Epoch 11/200 => Loss 2.988, Loss_clf 0.796, Loss_kd 2.192, Train_accy 75.95
2025-04-17 21:43:18,243 [icarl.py] => Task 7, Epoch 12/200 => Loss 3.038, Loss_clf 0.833, Loss_kd 2.205, Train_accy 75.85
2025-04-17 21:43:22,094 [icarl.py] => Task 7, Epoch 13/200 => Loss 2.974, Loss_clf 0.777, Loss_kd 2.197, Train_accy 76.37
2025-04-17 21:43:25,970 [icarl.py] => Task 7, Epoch 14/200 => Loss 2.876, Loss_clf 0.712, Loss_kd 2.163, Train_accy 78.74
2025-04-17 21:43:29,839 [icarl.py] => Task 7, Epoch 15/200 => Loss 2.764, Loss_clf 0.644, Loss_kd 2.121, Train_accy 80.65
2025-04-17 21:43:33,677 [icarl.py] => Task 7, Epoch 16/200 => Loss 2.687, Loss_clf 0.563, Loss_kd 2.124, Train_accy 82.56
2025-04-17 21:43:37,538 [icarl.py] => Task 7, Epoch 17/200 => Loss 2.549, Loss_clf 0.472, Loss_kd 2.077, Train_accy 85.91
2025-04-17 21:43:41,418 [icarl.py] => Task 7, Epoch 18/200 => Loss 2.610, Loss_clf 0.517, Loss_kd 2.093, Train_accy 85.40
2025-04-17 21:43:45,294 [icarl.py] => Task 7, Epoch 19/200 => Loss 2.521, Loss_clf 0.474, Loss_kd 2.046, Train_accy 86.07
2025-04-17 21:43:49,143 [icarl.py] => Task 7, Epoch 20/200 => Loss 2.489, Loss_clf 0.433, Loss_kd 2.056, Train_accy 87.25
2025-04-17 21:44:00,884 [icarl.py] => Task 7, Epoch 21/200 => Loss 2.424, Loss_clf 0.403, Loss_kd 2.021, Train_accy 89.27, Test_accy {'Art': 15.13, 'Clipart': 37.57, 'Real World': 20.5, 'Product': 50.09}
2025-04-17 21:44:04,754 [icarl.py] => Task 7, Epoch 22/200 => Loss 2.489, Loss_clf 0.428, Loss_kd 2.061, Train_accy 87.98
2025-04-17 21:44:08,593 [icarl.py] => Task 7, Epoch 23/200 => Loss 2.469, Loss_clf 0.425, Loss_kd 2.044, Train_accy 87.10
2025-04-17 21:44:12,407 [icarl.py] => Task 7, Epoch 24/200 => Loss 2.441, Loss_clf 0.403, Loss_kd 2.038, Train_accy 87.87
2025-04-17 21:44:16,245 [icarl.py] => Task 7, Epoch 25/200 => Loss 2.471, Loss_clf 0.413, Loss_kd 2.058, Train_accy 88.65
2025-04-17 21:44:20,123 [icarl.py] => Task 7, Epoch 26/200 => Loss 2.431, Loss_clf 0.395, Loss_kd 2.036, Train_accy 89.16
2025-04-17 21:44:23,993 [icarl.py] => Task 7, Epoch 27/200 => Loss 2.382, Loss_clf 0.360, Loss_kd 2.022, Train_accy 89.58
2025-04-17 21:44:27,797 [icarl.py] => Task 7, Epoch 28/200 => Loss 2.385, Loss_clf 0.373, Loss_kd 2.013, Train_accy 89.47
2025-04-17 21:44:31,648 [icarl.py] => Task 7, Epoch 29/200 => Loss 2.353, Loss_clf 0.336, Loss_kd 2.016, Train_accy 91.07
2025-04-17 21:44:35,544 [icarl.py] => Task 7, Epoch 30/200 => Loss 2.351, Loss_clf 0.332, Loss_kd 2.019, Train_accy 90.92
2025-04-17 21:44:39,440 [icarl.py] => Task 7, Epoch 31/200 => Loss 2.323, Loss_clf 0.322, Loss_kd 2.001, Train_accy 90.92
2025-04-17 21:44:43,310 [icarl.py] => Task 7, Epoch 32/200 => Loss 2.317, Loss_clf 0.311, Loss_kd 2.006, Train_accy 91.23
2025-04-17 21:44:47,182 [icarl.py] => Task 7, Epoch 33/200 => Loss 2.289, Loss_clf 0.285, Loss_kd 2.004, Train_accy 92.57
2025-04-17 21:44:51,083 [icarl.py] => Task 7, Epoch 34/200 => Loss 2.313, Loss_clf 0.311, Loss_kd 2.001, Train_accy 91.07
2025-04-17 21:44:54,962 [icarl.py] => Task 7, Epoch 35/200 => Loss 2.246, Loss_clf 0.271, Loss_kd 1.975, Train_accy 92.31
2025-04-17 21:44:58,874 [icarl.py] => Task 7, Epoch 36/200 => Loss 2.309, Loss_clf 0.325, Loss_kd 1.984, Train_accy 91.12
2025-04-17 21:45:02,696 [icarl.py] => Task 7, Epoch 37/200 => Loss 2.253, Loss_clf 0.266, Loss_kd 1.987, Train_accy 93.14
2025-04-17 21:45:06,519 [icarl.py] => Task 7, Epoch 38/200 => Loss 2.223, Loss_clf 0.256, Loss_kd 1.967, Train_accy 92.57
2025-04-17 21:45:10,362 [icarl.py] => Task 7, Epoch 39/200 => Loss 2.237, Loss_clf 0.270, Loss_kd 1.967, Train_accy 92.72
2025-04-17 21:45:14,215 [icarl.py] => Task 7, Epoch 40/200 => Loss 2.200, Loss_clf 0.250, Loss_kd 1.950, Train_accy 93.50
2025-04-17 21:45:26,082 [icarl.py] => Task 7, Epoch 41/200 => Loss 2.236, Loss_clf 0.258, Loss_kd 1.979, Train_accy 93.34, Test_accy {'Art': 17.43, 'Clipart': 39.63, 'Real World': 20.68, 'Product': 51.99}
2025-04-17 21:45:29,939 [icarl.py] => Task 7, Epoch 42/200 => Loss 2.231, Loss_clf 0.257, Loss_kd 1.974, Train_accy 92.52
2025-04-17 21:45:33,764 [icarl.py] => Task 7, Epoch 43/200 => Loss 2.184, Loss_clf 0.227, Loss_kd 1.956, Train_accy 93.91
2025-04-17 21:45:37,589 [icarl.py] => Task 7, Epoch 44/200 => Loss 2.184, Loss_clf 0.227, Loss_kd 1.957, Train_accy 93.76
2025-04-17 21:45:41,481 [icarl.py] => Task 7, Epoch 45/200 => Loss 2.180, Loss_clf 0.223, Loss_kd 1.957, Train_accy 93.50
2025-04-17 21:45:45,354 [icarl.py] => Task 7, Epoch 46/200 => Loss 2.139, Loss_clf 0.199, Loss_kd 1.941, Train_accy 94.63
2025-04-17 21:45:49,227 [icarl.py] => Task 7, Epoch 47/200 => Loss 2.160, Loss_clf 0.209, Loss_kd 1.951, Train_accy 94.38
2025-04-17 21:45:53,103 [icarl.py] => Task 7, Epoch 48/200 => Loss 2.156, Loss_clf 0.202, Loss_kd 1.954, Train_accy 94.32
2025-04-17 21:45:56,960 [icarl.py] => Task 7, Epoch 49/200 => Loss 2.172, Loss_clf 0.230, Loss_kd 1.941, Train_accy 93.55
2025-04-17 21:46:00,848 [icarl.py] => Task 7, Epoch 50/200 => Loss 2.232, Loss_clf 0.257, Loss_kd 1.975, Train_accy 93.03
2025-04-17 21:46:04,675 [icarl.py] => Task 7, Epoch 51/200 => Loss 2.172, Loss_clf 0.222, Loss_kd 1.950, Train_accy 94.63
2025-04-17 21:46:08,561 [icarl.py] => Task 7, Epoch 52/200 => Loss 2.157, Loss_clf 0.208, Loss_kd 1.949, Train_accy 94.69
2025-04-17 21:46:12,445 [icarl.py] => Task 7, Epoch 53/200 => Loss 2.113, Loss_clf 0.181, Loss_kd 1.932, Train_accy 95.41
2025-04-17 21:46:16,310 [icarl.py] => Task 7, Epoch 54/200 => Loss 2.176, Loss_clf 0.203, Loss_kd 1.972, Train_accy 94.27
2025-04-17 21:46:20,215 [icarl.py] => Task 7, Epoch 55/200 => Loss 2.150, Loss_clf 0.200, Loss_kd 1.951, Train_accy 94.22
2025-04-17 21:46:24,104 [icarl.py] => Task 7, Epoch 56/200 => Loss 2.117, Loss_clf 0.174, Loss_kd 1.942, Train_accy 95.67
2025-04-17 21:46:27,979 [icarl.py] => Task 7, Epoch 57/200 => Loss 2.165, Loss_clf 0.200, Loss_kd 1.965, Train_accy 94.48
2025-04-17 21:46:31,864 [icarl.py] => Task 7, Epoch 58/200 => Loss 2.118, Loss_clf 0.185, Loss_kd 1.934, Train_accy 95.10
2025-04-17 21:46:35,773 [icarl.py] => Task 7, Epoch 59/200 => Loss 2.181, Loss_clf 0.217, Loss_kd 1.964, Train_accy 94.07
2025-04-17 21:46:39,686 [icarl.py] => Task 7, Epoch 60/200 => Loss 2.117, Loss_clf 0.176, Loss_kd 1.941, Train_accy 94.99
2025-04-17 21:46:51,917 [icarl.py] => Task 7, Epoch 61/200 => Loss 2.112, Loss_clf 0.190, Loss_kd 1.922, Train_accy 94.69, Test_accy {'Art': 17.43, 'Clipart': 40.75, 'Real World': 23.92, 'Product': 59.1}
2025-04-17 21:46:55,784 [icarl.py] => Task 7, Epoch 62/200 => Loss 2.136, Loss_clf 0.182, Loss_kd 1.953, Train_accy 95.25
2025-04-17 21:46:59,686 [icarl.py] => Task 7, Epoch 63/200 => Loss 2.095, Loss_clf 0.172, Loss_kd 1.923, Train_accy 95.46
2025-04-17 21:47:03,549 [icarl.py] => Task 7, Epoch 64/200 => Loss 2.119, Loss_clf 0.177, Loss_kd 1.942, Train_accy 95.10
2025-04-17 21:47:07,379 [icarl.py] => Task 7, Epoch 65/200 => Loss 2.127, Loss_clf 0.187, Loss_kd 1.940, Train_accy 94.58
2025-04-17 21:47:11,249 [icarl.py] => Task 7, Epoch 66/200 => Loss 2.104, Loss_clf 0.177, Loss_kd 1.927, Train_accy 95.41
2025-04-17 21:47:15,092 [icarl.py] => Task 7, Epoch 67/200 => Loss 2.104, Loss_clf 0.174, Loss_kd 1.930, Train_accy 95.41
2025-04-17 21:47:18,953 [icarl.py] => Task 7, Epoch 68/200 => Loss 2.107, Loss_clf 0.168, Loss_kd 1.939, Train_accy 95.46
2025-04-17 21:47:22,821 [icarl.py] => Task 7, Epoch 69/200 => Loss 2.074, Loss_clf 0.155, Loss_kd 1.919, Train_accy 96.03
2025-04-17 21:47:26,707 [icarl.py] => Task 7, Epoch 70/200 => Loss 2.064, Loss_clf 0.168, Loss_kd 1.896, Train_accy 95.36
2025-04-17 21:47:30,546 [icarl.py] => Task 7, Epoch 71/200 => Loss 2.094, Loss_clf 0.164, Loss_kd 1.930, Train_accy 95.92
2025-04-17 21:47:34,369 [icarl.py] => Task 7, Epoch 72/200 => Loss 2.113, Loss_clf 0.181, Loss_kd 1.932, Train_accy 95.25
2025-04-17 21:47:38,213 [icarl.py] => Task 7, Epoch 73/200 => Loss 2.101, Loss_clf 0.180, Loss_kd 1.921, Train_accy 95.46
2025-04-17 21:47:42,057 [icarl.py] => Task 7, Epoch 74/200 => Loss 2.077, Loss_clf 0.157, Loss_kd 1.920, Train_accy 96.18
2025-04-17 21:47:45,944 [icarl.py] => Task 7, Epoch 75/200 => Loss 2.037, Loss_clf 0.144, Loss_kd 1.892, Train_accy 96.54
2025-04-17 21:47:49,856 [icarl.py] => Task 7, Epoch 76/200 => Loss 2.097, Loss_clf 0.171, Loss_kd 1.927, Train_accy 95.25
2025-04-17 21:47:53,760 [icarl.py] => Task 7, Epoch 77/200 => Loss 2.069, Loss_clf 0.153, Loss_kd 1.916, Train_accy 96.03
2025-04-17 21:47:57,662 [icarl.py] => Task 7, Epoch 78/200 => Loss 2.043, Loss_clf 0.139, Loss_kd 1.904, Train_accy 96.59
2025-04-17 21:48:01,563 [icarl.py] => Task 7, Epoch 79/200 => Loss 2.029, Loss_clf 0.128, Loss_kd 1.901, Train_accy 96.85
2025-04-17 21:48:05,459 [icarl.py] => Task 7, Epoch 80/200 => Loss 2.092, Loss_clf 0.168, Loss_kd 1.924, Train_accy 96.08
2025-04-17 21:48:17,430 [icarl.py] => Task 7, Epoch 81/200 => Loss 2.083, Loss_clf 0.155, Loss_kd 1.928, Train_accy 96.34, Test_accy {'Art': 17.76, 'Clipart': 41.12, 'Real World': 23.92, 'Product': 58.06}
2025-04-17 21:48:21,273 [icarl.py] => Task 7, Epoch 82/200 => Loss 2.065, Loss_clf 0.146, Loss_kd 1.919, Train_accy 96.44
2025-04-17 21:48:25,157 [icarl.py] => Task 7, Epoch 83/200 => Loss 2.093, Loss_clf 0.170, Loss_kd 1.923, Train_accy 95.87
2025-04-17 21:48:29,005 [icarl.py] => Task 7, Epoch 84/200 => Loss 2.036, Loss_clf 0.134, Loss_kd 1.902, Train_accy 96.34
2025-04-17 21:48:32,871 [icarl.py] => Task 7, Epoch 85/200 => Loss 2.044, Loss_clf 0.146, Loss_kd 1.898, Train_accy 96.08
2025-04-17 21:48:36,698 [icarl.py] => Task 7, Epoch 86/200 => Loss 2.012, Loss_clf 0.125, Loss_kd 1.888, Train_accy 96.90
2025-04-17 21:48:40,569 [icarl.py] => Task 7, Epoch 87/200 => Loss 2.039, Loss_clf 0.140, Loss_kd 1.899, Train_accy 96.49
2025-04-17 21:48:44,407 [icarl.py] => Task 7, Epoch 88/200 => Loss 2.004, Loss_clf 0.116, Loss_kd 1.888, Train_accy 97.21
2025-04-17 21:48:48,280 [icarl.py] => Task 7, Epoch 89/200 => Loss 2.064, Loss_clf 0.152, Loss_kd 1.912, Train_accy 96.18
2025-04-17 21:48:52,169 [icarl.py] => Task 7, Epoch 90/200 => Loss 2.046, Loss_clf 0.137, Loss_kd 1.909, Train_accy 96.23
2025-04-17 21:48:56,034 [icarl.py] => Task 7, Epoch 91/200 => Loss 2.053, Loss_clf 0.136, Loss_kd 1.917, Train_accy 96.39
2025-04-17 21:48:59,965 [icarl.py] => Task 7, Epoch 92/200 => Loss 2.011, Loss_clf 0.113, Loss_kd 1.898, Train_accy 97.27
2025-04-17 21:49:03,810 [icarl.py] => Task 7, Epoch 93/200 => Loss 2.066, Loss_clf 0.146, Loss_kd 1.920, Train_accy 96.49
2025-04-17 21:49:07,671 [icarl.py] => Task 7, Epoch 94/200 => Loss 1.996, Loss_clf 0.105, Loss_kd 1.891, Train_accy 97.88
2025-04-17 21:49:11,524 [icarl.py] => Task 7, Epoch 95/200 => Loss 2.003, Loss_clf 0.117, Loss_kd 1.887, Train_accy 97.21
2025-04-17 21:49:15,407 [icarl.py] => Task 7, Epoch 96/200 => Loss 1.996, Loss_clf 0.110, Loss_kd 1.886, Train_accy 97.52
2025-04-17 21:49:19,262 [icarl.py] => Task 7, Epoch 97/200 => Loss 1.994, Loss_clf 0.115, Loss_kd 1.879, Train_accy 97.42
2025-04-17 21:49:23,152 [icarl.py] => Task 7, Epoch 98/200 => Loss 2.043, Loss_clf 0.123, Loss_kd 1.920, Train_accy 96.96
2025-04-17 21:49:26,997 [icarl.py] => Task 7, Epoch 99/200 => Loss 1.995, Loss_clf 0.107, Loss_kd 1.888, Train_accy 97.52
2025-04-17 21:49:30,853 [icarl.py] => Task 7, Epoch 100/200 => Loss 2.011, Loss_clf 0.119, Loss_kd 1.891, Train_accy 96.80
2025-04-17 21:49:43,025 [icarl.py] => Task 7, Epoch 101/200 => Loss 1.989, Loss_clf 0.119, Loss_kd 1.870, Train_accy 97.21, Test_accy {'Art': 17.43, 'Clipart': 41.12, 'Real World': 26.26, 'Product': 60.66}
2025-04-17 21:49:46,876 [icarl.py] => Task 7, Epoch 102/200 => Loss 1.991, Loss_clf 0.099, Loss_kd 1.892, Train_accy 97.73
2025-04-17 21:49:50,748 [icarl.py] => Task 7, Epoch 103/200 => Loss 1.961, Loss_clf 0.076, Loss_kd 1.884, Train_accy 98.40
2025-04-17 21:49:54,665 [icarl.py] => Task 7, Epoch 104/200 => Loss 1.970, Loss_clf 0.094, Loss_kd 1.876, Train_accy 97.83
2025-04-17 21:49:58,521 [icarl.py] => Task 7, Epoch 105/200 => Loss 1.946, Loss_clf 0.095, Loss_kd 1.852, Train_accy 98.19
2025-04-17 21:50:02,353 [icarl.py] => Task 7, Epoch 106/200 => Loss 1.984, Loss_clf 0.103, Loss_kd 1.881, Train_accy 97.78
2025-04-17 21:50:06,250 [icarl.py] => Task 7, Epoch 107/200 => Loss 1.986, Loss_clf 0.106, Loss_kd 1.879, Train_accy 97.32
2025-04-17 21:50:10,148 [icarl.py] => Task 7, Epoch 108/200 => Loss 1.980, Loss_clf 0.107, Loss_kd 1.873, Train_accy 97.11
2025-04-17 21:50:13,996 [icarl.py] => Task 7, Epoch 109/200 => Loss 1.935, Loss_clf 0.082, Loss_kd 1.853, Train_accy 98.35
2025-04-17 21:50:17,833 [icarl.py] => Task 7, Epoch 110/200 => Loss 1.992, Loss_clf 0.102, Loss_kd 1.890, Train_accy 97.37
2025-04-17 21:50:21,690 [icarl.py] => Task 7, Epoch 111/200 => Loss 1.968, Loss_clf 0.083, Loss_kd 1.885, Train_accy 98.25
2025-04-17 21:50:25,586 [icarl.py] => Task 7, Epoch 112/200 => Loss 1.978, Loss_clf 0.109, Loss_kd 1.869, Train_accy 97.32
2025-04-17 21:50:29,429 [icarl.py] => Task 7, Epoch 113/200 => Loss 1.982, Loss_clf 0.091, Loss_kd 1.891, Train_accy 97.68
2025-04-17 21:50:33,285 [icarl.py] => Task 7, Epoch 114/200 => Loss 2.005, Loss_clf 0.103, Loss_kd 1.902, Train_accy 97.78
2025-04-17 21:50:37,117 [icarl.py] => Task 7, Epoch 115/200 => Loss 1.979, Loss_clf 0.095, Loss_kd 1.885, Train_accy 97.88
2025-04-17 21:50:40,969 [icarl.py] => Task 7, Epoch 116/200 => Loss 1.974, Loss_clf 0.095, Loss_kd 1.879, Train_accy 97.57
2025-04-17 21:50:44,876 [icarl.py] => Task 7, Epoch 117/200 => Loss 1.980, Loss_clf 0.111, Loss_kd 1.870, Train_accy 97.52
2025-04-17 21:50:48,779 [icarl.py] => Task 7, Epoch 118/200 => Loss 2.002, Loss_clf 0.119, Loss_kd 1.883, Train_accy 96.90
2025-04-17 21:50:52,601 [icarl.py] => Task 7, Epoch 119/200 => Loss 1.954, Loss_clf 0.088, Loss_kd 1.867, Train_accy 98.25
2025-04-17 21:50:56,461 [icarl.py] => Task 7, Epoch 120/200 => Loss 1.960, Loss_clf 0.094, Loss_kd 1.866, Train_accy 97.83
2025-04-17 21:51:08,036 [icarl.py] => Task 7, Epoch 121/200 => Loss 1.967, Loss_clf 0.096, Loss_kd 1.871, Train_accy 97.78, Test_accy {'Art': 18.42, 'Clipart': 42.62, 'Real World': 24.64, 'Product': 61.35}
2025-04-17 21:51:11,852 [icarl.py] => Task 7, Epoch 122/200 => Loss 1.955, Loss_clf 0.085, Loss_kd 1.870, Train_accy 98.40
2025-04-17 21:51:15,675 [icarl.py] => Task 7, Epoch 123/200 => Loss 1.964, Loss_clf 0.099, Loss_kd 1.865, Train_accy 97.47
2025-04-17 21:51:19,473 [icarl.py] => Task 7, Epoch 124/200 => Loss 1.948, Loss_clf 0.089, Loss_kd 1.859, Train_accy 98.09
2025-04-17 21:51:23,347 [icarl.py] => Task 7, Epoch 125/200 => Loss 1.944, Loss_clf 0.089, Loss_kd 1.856, Train_accy 97.73
2025-04-17 21:51:27,172 [icarl.py] => Task 7, Epoch 126/200 => Loss 1.972, Loss_clf 0.100, Loss_kd 1.872, Train_accy 97.73
2025-04-17 21:51:31,039 [icarl.py] => Task 7, Epoch 127/200 => Loss 1.946, Loss_clf 0.082, Loss_kd 1.864, Train_accy 98.19
2025-04-17 21:51:34,856 [icarl.py] => Task 7, Epoch 128/200 => Loss 1.928, Loss_clf 0.086, Loss_kd 1.842, Train_accy 98.09
2025-04-17 21:51:38,694 [icarl.py] => Task 7, Epoch 129/200 => Loss 1.934, Loss_clf 0.072, Loss_kd 1.861, Train_accy 98.66
2025-04-17 21:51:42,576 [icarl.py] => Task 7, Epoch 130/200 => Loss 1.940, Loss_clf 0.070, Loss_kd 1.870, Train_accy 98.76
2025-04-17 21:51:46,415 [icarl.py] => Task 7, Epoch 131/200 => Loss 1.932, Loss_clf 0.076, Loss_kd 1.856, Train_accy 98.14
2025-04-17 21:51:50,279 [icarl.py] => Task 7, Epoch 132/200 => Loss 1.935, Loss_clf 0.076, Loss_kd 1.859, Train_accy 98.61
2025-04-17 21:51:54,096 [icarl.py] => Task 7, Epoch 133/200 => Loss 1.959, Loss_clf 0.081, Loss_kd 1.877, Train_accy 98.25
2025-04-17 21:51:57,961 [icarl.py] => Task 7, Epoch 134/200 => Loss 1.942, Loss_clf 0.069, Loss_kd 1.873, Train_accy 98.56
2025-04-17 21:52:01,804 [icarl.py] => Task 7, Epoch 135/200 => Loss 1.937, Loss_clf 0.085, Loss_kd 1.852, Train_accy 98.19
2025-04-17 21:52:05,621 [icarl.py] => Task 7, Epoch 136/200 => Loss 1.934, Loss_clf 0.072, Loss_kd 1.862, Train_accy 98.45
2025-04-17 21:52:09,458 [icarl.py] => Task 7, Epoch 137/200 => Loss 1.923, Loss_clf 0.066, Loss_kd 1.857, Train_accy 98.61
2025-04-17 21:52:13,305 [icarl.py] => Task 7, Epoch 138/200 => Loss 1.919, Loss_clf 0.076, Loss_kd 1.843, Train_accy 98.35
2025-04-17 21:52:17,133 [icarl.py] => Task 7, Epoch 139/200 => Loss 1.922, Loss_clf 0.070, Loss_kd 1.851, Train_accy 98.45
2025-04-17 21:52:20,967 [icarl.py] => Task 7, Epoch 140/200 => Loss 1.942, Loss_clf 0.067, Loss_kd 1.875, Train_accy 98.66
2025-04-17 21:52:32,720 [icarl.py] => Task 7, Epoch 141/200 => Loss 1.920, Loss_clf 0.067, Loss_kd 1.854, Train_accy 98.56, Test_accy {'Art': 19.08, 'Clipart': 43.93, 'Real World': 26.08, 'Product': 60.83}
2025-04-17 21:52:36,520 [icarl.py] => Task 7, Epoch 142/200 => Loss 1.924, Loss_clf 0.069, Loss_kd 1.855, Train_accy 98.56
2025-04-17 21:52:40,349 [icarl.py] => Task 7, Epoch 143/200 => Loss 1.933, Loss_clf 0.079, Loss_kd 1.854, Train_accy 98.09
2025-04-17 21:52:44,188 [icarl.py] => Task 7, Epoch 144/200 => Loss 1.954, Loss_clf 0.081, Loss_kd 1.872, Train_accy 98.09
2025-04-17 21:52:48,020 [icarl.py] => Task 7, Epoch 145/200 => Loss 1.942, Loss_clf 0.084, Loss_kd 1.858, Train_accy 98.14
2025-04-17 21:52:51,846 [icarl.py] => Task 7, Epoch 146/200 => Loss 1.918, Loss_clf 0.067, Loss_kd 1.851, Train_accy 98.76
2025-04-17 21:52:55,662 [icarl.py] => Task 7, Epoch 147/200 => Loss 1.935, Loss_clf 0.069, Loss_kd 1.866, Train_accy 98.30
2025-04-17 21:52:59,509 [icarl.py] => Task 7, Epoch 148/200 => Loss 1.911, Loss_clf 0.066, Loss_kd 1.845, Train_accy 98.76
2025-04-17 21:53:03,330 [icarl.py] => Task 7, Epoch 149/200 => Loss 1.904, Loss_clf 0.063, Loss_kd 1.841, Train_accy 98.76
2025-04-17 21:53:07,142 [icarl.py] => Task 7, Epoch 150/200 => Loss 1.910, Loss_clf 0.067, Loss_kd 1.843, Train_accy 98.40
2025-04-17 21:53:10,980 [icarl.py] => Task 7, Epoch 151/200 => Loss 1.912, Loss_clf 0.061, Loss_kd 1.851, Train_accy 98.86
2025-04-17 21:53:14,786 [icarl.py] => Task 7, Epoch 152/200 => Loss 1.914, Loss_clf 0.070, Loss_kd 1.844, Train_accy 98.45
2025-04-17 21:53:18,608 [icarl.py] => Task 7, Epoch 153/200 => Loss 1.937, Loss_clf 0.061, Loss_kd 1.876, Train_accy 98.86
2025-04-17 21:53:22,444 [icarl.py] => Task 7, Epoch 154/200 => Loss 1.916, Loss_clf 0.063, Loss_kd 1.853, Train_accy 98.76
2025-04-17 21:53:26,272 [icarl.py] => Task 7, Epoch 155/200 => Loss 1.936, Loss_clf 0.077, Loss_kd 1.860, Train_accy 98.19
2025-04-17 21:53:30,121 [icarl.py] => Task 7, Epoch 156/200 => Loss 1.918, Loss_clf 0.067, Loss_kd 1.850, Train_accy 98.61
2025-04-17 21:53:33,987 [icarl.py] => Task 7, Epoch 157/200 => Loss 1.936, Loss_clf 0.071, Loss_kd 1.865, Train_accy 98.76
2025-04-17 21:53:37,827 [icarl.py] => Task 7, Epoch 158/200 => Loss 1.921, Loss_clf 0.060, Loss_kd 1.862, Train_accy 98.61
2025-04-17 21:53:41,672 [icarl.py] => Task 7, Epoch 159/200 => Loss 1.908, Loss_clf 0.068, Loss_kd 1.840, Train_accy 98.50
2025-04-17 21:53:45,560 [icarl.py] => Task 7, Epoch 160/200 => Loss 1.895, Loss_clf 0.058, Loss_kd 1.836, Train_accy 98.76
2025-04-17 21:53:57,062 [icarl.py] => Task 7, Epoch 161/200 => Loss 1.931, Loss_clf 0.079, Loss_kd 1.852, Train_accy 97.99, Test_accy {'Art': 19.41, 'Clipart': 42.24, 'Real World': 26.44, 'Product': 62.39}
2025-04-17 21:54:00,898 [icarl.py] => Task 7, Epoch 162/200 => Loss 1.897, Loss_clf 0.064, Loss_kd 1.833, Train_accy 98.81
2025-04-17 21:54:04,697 [icarl.py] => Task 7, Epoch 163/200 => Loss 1.893, Loss_clf 0.061, Loss_kd 1.832, Train_accy 98.92
2025-04-17 21:54:08,567 [icarl.py] => Task 7, Epoch 164/200 => Loss 1.923, Loss_clf 0.068, Loss_kd 1.856, Train_accy 98.56
2025-04-17 21:54:12,406 [icarl.py] => Task 7, Epoch 165/200 => Loss 1.944, Loss_clf 0.068, Loss_kd 1.875, Train_accy 98.71
2025-04-17 21:54:16,217 [icarl.py] => Task 7, Epoch 166/200 => Loss 1.892, Loss_clf 0.056, Loss_kd 1.835, Train_accy 98.81
2025-04-17 21:54:20,069 [icarl.py] => Task 7, Epoch 167/200 => Loss 1.897, Loss_clf 0.066, Loss_kd 1.831, Train_accy 98.66
2025-04-17 21:54:23,889 [icarl.py] => Task 7, Epoch 168/200 => Loss 1.894, Loss_clf 0.059, Loss_kd 1.835, Train_accy 98.97
2025-04-17 21:54:27,786 [icarl.py] => Task 7, Epoch 169/200 => Loss 1.942, Loss_clf 0.081, Loss_kd 1.861, Train_accy 97.99
2025-04-17 21:54:31,630 [icarl.py] => Task 7, Epoch 170/200 => Loss 1.921, Loss_clf 0.062, Loss_kd 1.859, Train_accy 98.97
2025-04-17 21:54:35,488 [icarl.py] => Task 7, Epoch 171/200 => Loss 1.919, Loss_clf 0.063, Loss_kd 1.856, Train_accy 98.76
2025-04-17 21:54:39,317 [icarl.py] => Task 7, Epoch 172/200 => Loss 1.891, Loss_clf 0.057, Loss_kd 1.834, Train_accy 99.02
2025-04-17 21:54:43,152 [icarl.py] => Task 7, Epoch 173/200 => Loss 1.909, Loss_clf 0.056, Loss_kd 1.852, Train_accy 98.86
2025-04-17 21:54:47,009 [icarl.py] => Task 7, Epoch 174/200 => Loss 1.929, Loss_clf 0.065, Loss_kd 1.864, Train_accy 98.66
2025-04-17 21:54:50,865 [icarl.py] => Task 7, Epoch 175/200 => Loss 1.896, Loss_clf 0.060, Loss_kd 1.836, Train_accy 98.81
2025-04-17 21:54:54,719 [icarl.py] => Task 7, Epoch 176/200 => Loss 1.894, Loss_clf 0.055, Loss_kd 1.839, Train_accy 99.02
2025-04-17 21:54:58,567 [icarl.py] => Task 7, Epoch 177/200 => Loss 1.913, Loss_clf 0.071, Loss_kd 1.842, Train_accy 98.50
2025-04-17 21:55:02,432 [icarl.py] => Task 7, Epoch 178/200 => Loss 1.909, Loss_clf 0.052, Loss_kd 1.858, Train_accy 99.07
2025-04-17 21:55:06,257 [icarl.py] => Task 7, Epoch 179/200 => Loss 1.918, Loss_clf 0.059, Loss_kd 1.859, Train_accy 98.71
2025-04-17 21:55:10,083 [icarl.py] => Task 7, Epoch 180/200 => Loss 1.922, Loss_clf 0.060, Loss_kd 1.861, Train_accy 98.97
2025-04-17 21:55:21,594 [icarl.py] => Task 7, Epoch 181/200 => Loss 1.903, Loss_clf 0.057, Loss_kd 1.846, Train_accy 98.92, Test_accy {'Art': 20.39, 'Clipart': 43.18, 'Real World': 26.62, 'Product': 63.95}
2025-04-17 21:55:25,419 [icarl.py] => Task 7, Epoch 182/200 => Loss 1.901, Loss_clf 0.059, Loss_kd 1.843, Train_accy 98.71
2025-04-17 21:55:29,258 [icarl.py] => Task 7, Epoch 183/200 => Loss 1.923, Loss_clf 0.073, Loss_kd 1.850, Train_accy 98.35
2025-04-17 21:55:33,092 [icarl.py] => Task 7, Epoch 184/200 => Loss 1.910, Loss_clf 0.055, Loss_kd 1.855, Train_accy 98.76
2025-04-17 21:55:36,929 [icarl.py] => Task 7, Epoch 185/200 => Loss 1.910, Loss_clf 0.054, Loss_kd 1.857, Train_accy 99.07
2025-04-17 21:55:40,763 [icarl.py] => Task 7, Epoch 186/200 => Loss 1.910, Loss_clf 0.063, Loss_kd 1.847, Train_accy 98.92
2025-04-17 21:55:44,621 [icarl.py] => Task 7, Epoch 187/200 => Loss 1.873, Loss_clf 0.050, Loss_kd 1.823, Train_accy 98.97
2025-04-17 21:55:48,475 [icarl.py] => Task 7, Epoch 188/200 => Loss 1.902, Loss_clf 0.051, Loss_kd 1.851, Train_accy 99.07
2025-04-17 21:55:52,310 [icarl.py] => Task 7, Epoch 189/200 => Loss 1.922, Loss_clf 0.063, Loss_kd 1.859, Train_accy 98.76
2025-04-17 21:55:56,154 [icarl.py] => Task 7, Epoch 190/200 => Loss 1.917, Loss_clf 0.061, Loss_kd 1.855, Train_accy 98.56
2025-04-17 21:56:00,046 [icarl.py] => Task 7, Epoch 191/200 => Loss 1.912, Loss_clf 0.064, Loss_kd 1.849, Train_accy 98.81
2025-04-17 21:56:03,931 [icarl.py] => Task 7, Epoch 192/200 => Loss 1.857, Loss_clf 0.044, Loss_kd 1.814, Train_accy 99.23
2025-04-17 21:56:07,759 [icarl.py] => Task 7, Epoch 193/200 => Loss 1.911, Loss_clf 0.058, Loss_kd 1.852, Train_accy 98.86
2025-04-17 21:56:11,619 [icarl.py] => Task 7, Epoch 194/200 => Loss 1.911, Loss_clf 0.055, Loss_kd 1.856, Train_accy 98.86
2025-04-17 21:56:15,493 [icarl.py] => Task 7, Epoch 195/200 => Loss 1.902, Loss_clf 0.059, Loss_kd 1.844, Train_accy 99.02
2025-04-17 21:56:19,367 [icarl.py] => Task 7, Epoch 196/200 => Loss 1.890, Loss_clf 0.050, Loss_kd 1.840, Train_accy 99.02
2025-04-17 21:56:23,196 [icarl.py] => Task 7, Epoch 197/200 => Loss 1.911, Loss_clf 0.054, Loss_kd 1.856, Train_accy 99.07
2025-04-17 21:56:27,054 [icarl.py] => Task 7, Epoch 198/200 => Loss 1.898, Loss_clf 0.055, Loss_kd 1.844, Train_accy 98.81
2025-04-17 21:56:30,904 [icarl.py] => Task 7, Epoch 199/200 => Loss 1.904, Loss_clf 0.062, Loss_kd 1.842, Train_accy 98.86
2025-04-17 21:56:34,763 [icarl.py] => Task 7, Epoch 200/200 => Loss 1.913, Loss_clf 0.061, Loss_kd 1.852, Train_accy 98.92
2025-04-17 21:56:34,764 [base.py] => Reducing exemplars...(32 per classes)
2025-04-17 21:56:49,698 [base.py] => Constructing exemplars...(32 per classes)
2025-04-17 21:57:11,524 [icarl.py] => Exemplar size: 1280
2025-04-17 21:57:12,317 [trainer.py] => CNN [Art]: {'total': 19.74, '00-04': 21.05, '05-09': 20.59, '10-14': 16.22, '15-19': 7.41, '20-24': 13.16, '25-29': 8.82, '30-34': 27.27, '35-39': 34.15, 'old': 17.49, 'new': 34.15}
2025-04-17 21:57:12,318 [trainer.py] => NME [Art]: {'total': 19.41, '00-04': 21.05, '05-09': 11.76, '10-14': 13.51, '15-19': 11.11, '20-24': 15.79, '25-29': 11.76, '30-34': 30.91, '35-39': 29.27, 'old': 17.87, 'new': 29.27}
2025-04-17 21:57:12,318 [trainer.py] => CNN [Art] top1 curve: [60.53, 47.22, 44.95, 40.44, 33.91, 23.56, 22.43, 19.74]
2025-04-17 21:57:12,318 [trainer.py] => CNN [Art] top5 curve: [100.0, 84.72, 74.31, 69.12, 64.94, 57.21, 50.57, 49.01]
2025-04-17 21:57:12,318 [trainer.py] => NME [Art] top1 curve: [57.89, 51.39, 43.12, 35.29, 33.33, 24.04, 20.91, 19.41]
2025-04-17 21:57:12,318 [trainer.py] => NME [Art] top5 curve: [100.0, 86.11, 76.15, 69.85, 66.09, 55.77, 50.95, 46.38]
2025-04-17 21:57:12,318 [trainer.py] => Average Accuracy [Art] (CNN): 36.5975
2025-04-17 21:57:12,318 [trainer.py] => Average Accuracy [Art] (NME): 35.6725
2025-04-17 21:57:12,318 [trainer.py] => CNN [Clipart]: {'total': 43.36, '00-04': 50.0, '05-09': 35.48, '10-14': 40.91, '15-19': 45.28, '20-24': 37.08, '25-29': 27.42, '30-34': 48.44, '35-39': 63.93, 'old': 40.72, 'new': 63.93}
2025-04-17 21:57:12,318 [trainer.py] => NME [Clipart]: {'total': 44.49, '00-04': 50.0, '05-09': 38.71, '10-14': 40.91, '15-19': 47.17, '20-24': 37.08, '25-29': 29.03, '30-34': 51.56, '35-39': 63.93, 'old': 41.98, 'new': 63.93}
2025-04-17 21:57:12,318 [trainer.py] => CNN [Clipart] top1 curve: [76.92, 71.43, 65.53, 64.86, 60.34, 50.49, 46.62, 43.36]
2025-04-17 21:57:12,318 [trainer.py] => CNN [Clipart] top5 curve: [100.0, 92.14, 87.38, 85.33, 84.48, 77.56, 72.78, 69.91]
2025-04-17 21:57:12,318 [trainer.py] => NME [Clipart] top1 curve: [73.08, 68.57, 68.45, 65.25, 61.49, 53.41, 50.42, 44.49]
2025-04-17 21:57:12,318 [trainer.py] => NME [Clipart] top5 curve: [100.0, 89.29, 88.35, 85.71, 83.33, 77.07, 72.15, 69.35]
2025-04-17 21:57:12,318 [trainer.py] => Average Accuracy [Clipart] (CNN): 59.94375
2025-04-17 21:57:12,318 [trainer.py] => Average Accuracy [Clipart] (NME): 60.644999999999996
2025-04-17 21:57:12,318 [trainer.py] => CNN [Product]: {'total': 63.95, '00-04': 64.71, '05-09': 58.75, '10-14': 77.42, '15-19': 55.84, '20-24': 55.74, '25-29': 58.23, '30-34': 56.72, '35-39': 87.88, 'old': 60.86, 'new': 87.88}
2025-04-17 21:57:12,318 [trainer.py] => NME [Product]: {'total': 63.95, '00-04': 58.82, '05-09': 52.5, '10-14': 77.42, '15-19': 64.94, '20-24': 59.02, '25-29': 68.35, '30-34': 53.73, '35-39': 80.3, 'old': 61.84, 'new': 80.3}
2025-04-17 21:57:12,318 [trainer.py] => CNN [Product] top1 curve: [88.24, 85.45, 86.78, 79.28, 76.44, 72.97, 69.47, 63.95]
2025-04-17 21:57:12,319 [trainer.py] => CNN [Product] top5 curve: [100.0, 99.39, 98.24, 94.74, 94.25, 92.34, 89.24, 87.87]
2025-04-17 21:57:12,319 [trainer.py] => NME [Product] top1 curve: [87.06, 85.45, 88.11, 80.26, 76.71, 71.4, 68.49, 63.95]
2025-04-17 21:57:12,319 [trainer.py] => NME [Product] top5 curve: [100.0, 99.39, 98.68, 96.38, 94.25, 92.12, 89.63, 87.52]
2025-04-17 21:57:12,319 [trainer.py] => Average Accuracy [Product] (CNN): 77.8225
2025-04-17 21:57:12,319 [trainer.py] => Average Accuracy [Product] (NME): 77.67875000000001
2025-04-17 21:57:12,319 [trainer.py] => CNN [Real World]: {'total': 26.26, '00-04': 27.4, '05-09': 36.76, '10-14': 19.44, '15-19': 14.93, '20-24': 4.62, '25-29': 22.08, '30-34': 36.0, '35-39': 50.85, 'old': 23.34, 'new': 50.85}
2025-04-17 21:57:12,319 [trainer.py] => NME [Real World]: {'total': 26.62, '00-04': 24.66, '05-09': 35.29, '10-14': 19.44, '15-19': 14.93, '20-24': 3.08, '25-29': 27.27, '30-34': 38.67, '35-39': 50.85, 'old': 23.74, 'new': 50.85}
2025-04-17 21:57:12,319 [trainer.py] => CNN [Real World] top1 curve: [64.38, 58.16, 47.89, 37.14, 33.04, 31.52, 30.58, 26.26]
2025-04-17 21:57:12,319 [trainer.py] => CNN [Real World] top5 curve: [100.0, 88.65, 79.34, 68.93, 64.93, 61.61, 58.35, 54.86]
2025-04-17 21:57:12,319 [trainer.py] => NME [Real World] top1 curve: [63.01, 58.16, 48.36, 38.21, 36.23, 32.46, 30.18, 26.62]
2025-04-17 21:57:12,319 [trainer.py] => NME [Real World] top5 curve: [100.0, 91.49, 81.22, 73.93, 67.54, 63.51, 58.15, 53.24]
2025-04-17 21:57:12,319 [trainer.py] => Average Accuracy [Real World] (CNN): 41.121249999999996
2025-04-17 21:57:12,319 [trainer.py] => Average Accuracy [Real World] (NME): 41.65375
2025-04-17 21:57:12,319 [trainer.py] => NME Harmonic Mean : 32.7704
2025-04-17 21:57:12,319 [trainer.py] => NME Macro Mean : 38.6175
2025-04-17 21:57:12,319 [trainer.py] => CNN Harmonic Mean : 32.4183
2025-04-17 21:57:12,319 [trainer.py] => CNN Macro Mean : 38.3275
2025-04-17 21:57:12,320 [trainer.py] => All params: 21310322
2025-04-17 21:57:12,320 [trainer.py] => Trainable params: 21310322
2025-04-17 21:57:12,321 [icarl.py] => Learning on 40-45
2025-04-17 21:57:25,550 [icarl.py] => Task 8, Epoch 1/200 => Loss 4.045, Loss_clf 1.742, Loss_kd 2.303, Train_accy 57.65, Test_accy {'Art': 6.43, 'Clipart': 13.14, 'Real World': 8.23, 'Product': 11.28}
2025-04-17 21:57:29,358 [icarl.py] => Task 8, Epoch 2/200 => Loss 4.956, Loss_clf 2.164, Loss_kd 2.793, Train_accy 41.01
2025-04-17 21:57:33,166 [icarl.py] => Task 8, Epoch 3/200 => Loss 4.761, Loss_clf 2.008, Loss_kd 2.753, Train_accy 44.05
2025-04-17 21:57:36,971 [icarl.py] => Task 8, Epoch 4/200 => Loss 4.191, Loss_clf 1.614, Loss_kd 2.576, Train_accy 53.84
2025-04-17 21:57:40,770 [icarl.py] => Task 8, Epoch 5/200 => Loss 3.806, Loss_clf 1.335, Loss_kd 2.472, Train_accy 59.30
2025-04-17 21:57:44,615 [icarl.py] => Task 8, Epoch 6/200 => Loss 3.595, Loss_clf 1.190, Loss_kd 2.405, Train_accy 64.97
2025-04-17 21:57:48,421 [icarl.py] => Task 8, Epoch 7/200 => Loss 3.534, Loss_clf 1.136, Loss_kd 2.397, Train_accy 66.82
2025-04-17 21:57:52,222 [icarl.py] => Task 8, Epoch 8/200 => Loss 3.278, Loss_clf 0.978, Loss_kd 2.300, Train_accy 70.12
2025-04-17 21:57:56,033 [icarl.py] => Task 8, Epoch 9/200 => Loss 3.149, Loss_clf 0.855, Loss_kd 2.295, Train_accy 74.09
2025-04-17 21:57:59,860 [icarl.py] => Task 8, Epoch 10/200 => Loss 3.076, Loss_clf 0.812, Loss_kd 2.263, Train_accy 75.37
2025-04-17 21:58:03,683 [icarl.py] => Task 8, Epoch 11/200 => Loss 3.069, Loss_clf 0.795, Loss_kd 2.275, Train_accy 76.56
2025-04-17 21:58:07,489 [icarl.py] => Task 8, Epoch 12/200 => Loss 3.078, Loss_clf 0.792, Loss_kd 2.286, Train_accy 77.54
2025-04-17 21:58:11,305 [icarl.py] => Task 8, Epoch 13/200 => Loss 2.936, Loss_clf 0.690, Loss_kd 2.246, Train_accy 79.13
2025-04-17 21:58:15,125 [icarl.py] => Task 8, Epoch 14/200 => Loss 2.795, Loss_clf 0.612, Loss_kd 2.183, Train_accy 81.87
2025-04-17 21:58:18,945 [icarl.py] => Task 8, Epoch 15/200 => Loss 2.785, Loss_clf 0.579, Loss_kd 2.205, Train_accy 82.90
2025-04-17 21:58:22,803 [icarl.py] => Task 8, Epoch 16/200 => Loss 2.746, Loss_clf 0.561, Loss_kd 2.184, Train_accy 84.34
2025-04-17 21:58:26,629 [icarl.py] => Task 8, Epoch 17/200 => Loss 2.725, Loss_clf 0.546, Loss_kd 2.179, Train_accy 84.65
2025-04-17 21:58:30,459 [icarl.py] => Task 8, Epoch 18/200 => Loss 2.555, Loss_clf 0.419, Loss_kd 2.136, Train_accy 88.77
2025-04-17 21:58:34,299 [icarl.py] => Task 8, Epoch 19/200 => Loss 2.639, Loss_clf 0.469, Loss_kd 2.170, Train_accy 86.50
2025-04-17 21:58:38,088 [icarl.py] => Task 8, Epoch 20/200 => Loss 2.598, Loss_clf 0.458, Loss_kd 2.141, Train_accy 86.71
2025-04-17 21:58:51,004 [icarl.py] => Task 8, Epoch 21/200 => Loss 2.567, Loss_clf 0.433, Loss_kd 2.135, Train_accy 87.22, Test_accy {'Art': 13.45, 'Clipart': 30.12, 'Real World': 21.77, 'Product': 35.86}
2025-04-17 21:58:54,884 [icarl.py] => Task 8, Epoch 22/200 => Loss 2.461, Loss_clf 0.366, Loss_kd 2.096, Train_accy 90.01
2025-04-17 21:58:58,711 [icarl.py] => Task 8, Epoch 23/200 => Loss 2.429, Loss_clf 0.349, Loss_kd 2.080, Train_accy 90.26
2025-04-17 21:59:02,506 [icarl.py] => Task 8, Epoch 24/200 => Loss 2.438, Loss_clf 0.347, Loss_kd 2.090, Train_accy 90.16
2025-04-17 21:59:06,373 [icarl.py] => Task 8, Epoch 25/200 => Loss 2.478, Loss_clf 0.362, Loss_kd 2.115, Train_accy 89.39
2025-04-17 21:59:10,170 [icarl.py] => Task 8, Epoch 26/200 => Loss 2.489, Loss_clf 0.376, Loss_kd 2.113, Train_accy 89.54
2025-04-17 21:59:14,035 [icarl.py] => Task 8, Epoch 27/200 => Loss 2.444, Loss_clf 0.350, Loss_kd 2.093, Train_accy 90.98
2025-04-17 21:59:17,875 [icarl.py] => Task 8, Epoch 28/200 => Loss 2.435, Loss_clf 0.340, Loss_kd 2.095, Train_accy 90.47
2025-04-17 21:59:21,706 [icarl.py] => Task 8, Epoch 29/200 => Loss 2.381, Loss_clf 0.306, Loss_kd 2.075, Train_accy 91.71
2025-04-17 21:59:25,540 [icarl.py] => Task 8, Epoch 30/200 => Loss 2.356, Loss_clf 0.294, Loss_kd 2.062, Train_accy 92.22
2025-04-17 21:59:29,359 [icarl.py] => Task 8, Epoch 31/200 => Loss 2.386, Loss_clf 0.309, Loss_kd 2.077, Train_accy 91.60
2025-04-17 21:59:33,209 [icarl.py] => Task 8, Epoch 32/200 => Loss 2.352, Loss_clf 0.311, Loss_kd 2.041, Train_accy 91.24
2025-04-17 21:59:37,062 [icarl.py] => Task 8, Epoch 33/200 => Loss 2.459, Loss_clf 0.348, Loss_kd 2.111, Train_accy 90.37
2025-04-17 21:59:40,878 [icarl.py] => Task 8, Epoch 34/200 => Loss 2.444, Loss_clf 0.354, Loss_kd 2.091, Train_accy 91.09
2025-04-17 21:59:44,712 [icarl.py] => Task 8, Epoch 35/200 => Loss 2.341, Loss_clf 0.277, Loss_kd 2.065, Train_accy 92.89
2025-04-17 21:59:48,571 [icarl.py] => Task 8, Epoch 36/200 => Loss 2.341, Loss_clf 0.295, Loss_kd 2.046, Train_accy 91.60
2025-04-17 21:59:52,417 [icarl.py] => Task 8, Epoch 37/200 => Loss 2.305, Loss_clf 0.251, Loss_kd 2.054, Train_accy 93.35
2025-04-17 21:59:56,284 [icarl.py] => Task 8, Epoch 38/200 => Loss 2.334, Loss_clf 0.275, Loss_kd 2.060, Train_accy 93.04
2025-04-17 22:00:00,100 [icarl.py] => Task 8, Epoch 39/200 => Loss 2.359, Loss_clf 0.299, Loss_kd 2.061, Train_accy 91.81
2025-04-17 22:00:03,974 [icarl.py] => Task 8, Epoch 40/200 => Loss 2.323, Loss_clf 0.272, Loss_kd 2.051, Train_accy 92.74
2025-04-17 22:00:16,870 [icarl.py] => Task 8, Epoch 41/200 => Loss 2.300, Loss_clf 0.251, Loss_kd 2.049, Train_accy 93.41, Test_accy {'Art': 18.42, 'Clipart': 34.11, 'Real World': 21.94, 'Product': 49.15}
2025-04-17 22:00:20,718 [icarl.py] => Task 8, Epoch 42/200 => Loss 2.278, Loss_clf 0.242, Loss_kd 2.036, Train_accy 93.82
2025-04-17 22:00:24,549 [icarl.py] => Task 8, Epoch 43/200 => Loss 2.284, Loss_clf 0.228, Loss_kd 2.056, Train_accy 93.97
2025-04-17 22:00:28,363 [icarl.py] => Task 8, Epoch 44/200 => Loss 2.332, Loss_clf 0.265, Loss_kd 2.067, Train_accy 92.99
2025-04-17 22:00:32,148 [icarl.py] => Task 8, Epoch 45/200 => Loss 2.205, Loss_clf 0.190, Loss_kd 2.016, Train_accy 95.62
2025-04-17 22:00:35,972 [icarl.py] => Task 8, Epoch 46/200 => Loss 2.242, Loss_clf 0.214, Loss_kd 2.028, Train_accy 94.49
2025-04-17 22:00:39,786 [icarl.py] => Task 8, Epoch 47/200 => Loss 2.237, Loss_clf 0.204, Loss_kd 2.033, Train_accy 94.64
2025-04-17 22:00:43,604 [icarl.py] => Task 8, Epoch 48/200 => Loss 2.300, Loss_clf 0.256, Loss_kd 2.044, Train_accy 92.74
2025-04-17 22:00:47,431 [icarl.py] => Task 8, Epoch 49/200 => Loss 2.242, Loss_clf 0.206, Loss_kd 2.036, Train_accy 94.95
2025-04-17 22:00:51,288 [icarl.py] => Task 8, Epoch 50/200 => Loss 2.263, Loss_clf 0.237, Loss_kd 2.025, Train_accy 93.51
2025-04-17 22:00:55,122 [icarl.py] => Task 8, Epoch 51/200 => Loss 2.271, Loss_clf 0.231, Loss_kd 2.040, Train_accy 93.51
2025-04-17 22:00:58,962 [icarl.py] => Task 8, Epoch 52/200 => Loss 2.233, Loss_clf 0.215, Loss_kd 2.018, Train_accy 94.28
2025-04-17 22:01:02,800 [icarl.py] => Task 8, Epoch 53/200 => Loss 2.208, Loss_clf 0.196, Loss_kd 2.013, Train_accy 94.85
2025-04-17 22:01:06,672 [icarl.py] => Task 8, Epoch 54/200 => Loss 2.232, Loss_clf 0.222, Loss_kd 2.009, Train_accy 94.02
2025-04-17 22:01:10,541 [icarl.py] => Task 8, Epoch 55/200 => Loss 2.243, Loss_clf 0.206, Loss_kd 2.037, Train_accy 94.44
2025-04-17 22:01:14,374 [icarl.py] => Task 8, Epoch 56/200 => Loss 2.205, Loss_clf 0.186, Loss_kd 2.019, Train_accy 95.26
2025-04-17 22:01:18,210 [icarl.py] => Task 8, Epoch 57/200 => Loss 2.200, Loss_clf 0.195, Loss_kd 2.006, Train_accy 94.44
2025-04-17 22:01:22,069 [icarl.py] => Task 8, Epoch 58/200 => Loss 2.166, Loss_clf 0.169, Loss_kd 1.997, Train_accy 95.67
2025-04-17 22:01:25,928 [icarl.py] => Task 8, Epoch 59/200 => Loss 2.170, Loss_clf 0.163, Loss_kd 2.007, Train_accy 96.24
2025-04-17 22:01:29,811 [icarl.py] => Task 8, Epoch 60/200 => Loss 2.148, Loss_clf 0.150, Loss_kd 1.998, Train_accy 95.93
2025-04-17 22:01:42,584 [icarl.py] => Task 8, Epoch 61/200 => Loss 2.185, Loss_clf 0.190, Loss_kd 1.995, Train_accy 95.36, Test_accy {'Art': 18.71, 'Clipart': 35.94, 'Real World': 19.35, 'Product': 46.99}
2025-04-17 22:01:46,451 [icarl.py] => Task 8, Epoch 62/200 => Loss 2.129, Loss_clf 0.153, Loss_kd 1.976, Train_accy 96.39
2025-04-17 22:01:50,266 [icarl.py] => Task 8, Epoch 63/200 => Loss 2.155, Loss_clf 0.162, Loss_kd 1.993, Train_accy 95.83
2025-04-17 22:01:54,093 [icarl.py] => Task 8, Epoch 64/200 => Loss 2.175, Loss_clf 0.166, Loss_kd 2.009, Train_accy 95.00
2025-04-17 22:01:57,879 [icarl.py] => Task 8, Epoch 65/200 => Loss 2.165, Loss_clf 0.169, Loss_kd 1.996, Train_accy 95.52
2025-04-17 22:02:01,709 [icarl.py] => Task 8, Epoch 66/200 => Loss 2.134, Loss_clf 0.162, Loss_kd 1.972, Train_accy 95.98
2025-04-17 22:02:05,542 [icarl.py] => Task 8, Epoch 67/200 => Loss 2.175, Loss_clf 0.174, Loss_kd 2.001, Train_accy 95.67
2025-04-17 22:02:09,371 [icarl.py] => Task 8, Epoch 68/200 => Loss 2.149, Loss_clf 0.161, Loss_kd 1.989, Train_accy 96.03
2025-04-17 22:02:13,231 [icarl.py] => Task 8, Epoch 69/200 => Loss 2.181, Loss_clf 0.164, Loss_kd 2.017, Train_accy 95.67
2025-04-17 22:02:17,054 [icarl.py] => Task 8, Epoch 70/200 => Loss 2.168, Loss_clf 0.177, Loss_kd 1.991, Train_accy 96.29
2025-04-17 22:02:20,918 [icarl.py] => Task 8, Epoch 71/200 => Loss 2.145, Loss_clf 0.146, Loss_kd 1.999, Train_accy 96.45
2025-04-17 22:02:24,808 [icarl.py] => Task 8, Epoch 72/200 => Loss 2.183, Loss_clf 0.173, Loss_kd 2.010, Train_accy 95.47
2025-04-17 22:02:28,656 [icarl.py] => Task 8, Epoch 73/200 => Loss 2.111, Loss_clf 0.135, Loss_kd 1.976, Train_accy 96.34
2025-04-17 22:02:32,542 [icarl.py] => Task 8, Epoch 74/200 => Loss 2.119, Loss_clf 0.136, Loss_kd 1.983, Train_accy 97.17
2025-04-17 22:02:36,417 [icarl.py] => Task 8, Epoch 75/200 => Loss 2.113, Loss_clf 0.133, Loss_kd 1.981, Train_accy 96.55
2025-04-17 22:02:40,234 [icarl.py] => Task 8, Epoch 76/200 => Loss 2.119, Loss_clf 0.141, Loss_kd 1.978, Train_accy 96.65
2025-04-17 22:02:44,049 [icarl.py] => Task 8, Epoch 77/200 => Loss 2.110, Loss_clf 0.133, Loss_kd 1.977, Train_accy 96.96
2025-04-17 22:02:47,889 [icarl.py] => Task 8, Epoch 78/200 => Loss 2.119, Loss_clf 0.136, Loss_kd 1.983, Train_accy 96.65
2025-04-17 22:02:51,739 [icarl.py] => Task 8, Epoch 79/200 => Loss 2.130, Loss_clf 0.143, Loss_kd 1.987, Train_accy 96.96
2025-04-17 22:02:55,579 [icarl.py] => Task 8, Epoch 80/200 => Loss 2.116, Loss_clf 0.139, Loss_kd 1.977, Train_accy 96.50
2025-04-17 22:03:08,217 [icarl.py] => Task 8, Epoch 81/200 => Loss 2.097, Loss_clf 0.130, Loss_kd 1.967, Train_accy 96.70, Test_accy {'Art': 14.04, 'Clipart': 35.94, 'Real World': 21.45, 'Product': 50.54}
2025-04-17 22:03:12,036 [icarl.py] => Task 8, Epoch 82/200 => Loss 2.103, Loss_clf 0.134, Loss_kd 1.970, Train_accy 96.70
2025-04-17 22:03:15,876 [icarl.py] => Task 8, Epoch 83/200 => Loss 2.092, Loss_clf 0.140, Loss_kd 1.952, Train_accy 96.55
2025-04-17 22:03:19,687 [icarl.py] => Task 8, Epoch 84/200 => Loss 2.127, Loss_clf 0.146, Loss_kd 1.981, Train_accy 96.75
2025-04-17 22:03:23,548 [icarl.py] => Task 8, Epoch 85/200 => Loss 2.092, Loss_clf 0.126, Loss_kd 1.966, Train_accy 97.27
2025-04-17 22:03:27,348 [icarl.py] => Task 8, Epoch 86/200 => Loss 2.081, Loss_clf 0.118, Loss_kd 1.963, Train_accy 97.37
2025-04-17 22:03:31,182 [icarl.py] => Task 8, Epoch 87/200 => Loss 2.089, Loss_clf 0.121, Loss_kd 1.968, Train_accy 97.11
2025-04-17 22:03:34,998 [icarl.py] => Task 8, Epoch 88/200 => Loss 2.116, Loss_clf 0.136, Loss_kd 1.980, Train_accy 97.01
2025-04-17 22:03:38,823 [icarl.py] => Task 8, Epoch 89/200 => Loss 2.076, Loss_clf 0.135, Loss_kd 1.941, Train_accy 97.01
2025-04-17 22:03:42,663 [icarl.py] => Task 8, Epoch 90/200 => Loss 2.059, Loss_clf 0.113, Loss_kd 1.945, Train_accy 97.53
2025-04-17 22:03:46,497 [icarl.py] => Task 8, Epoch 91/200 => Loss 2.078, Loss_clf 0.130, Loss_kd 1.948, Train_accy 96.81
2025-04-17 22:03:50,314 [icarl.py] => Task 8, Epoch 92/200 => Loss 2.067, Loss_clf 0.123, Loss_kd 1.944, Train_accy 97.01
2025-04-17 22:03:54,166 [icarl.py] => Task 8, Epoch 93/200 => Loss 2.082, Loss_clf 0.123, Loss_kd 1.960, Train_accy 97.22
2025-04-17 22:03:58,006 [icarl.py] => Task 8, Epoch 94/200 => Loss 2.102, Loss_clf 0.134, Loss_kd 1.968, Train_accy 96.70
2025-04-17 22:04:01,863 [icarl.py] => Task 8, Epoch 95/200 => Loss 2.103, Loss_clf 0.132, Loss_kd 1.971, Train_accy 97.11
2025-04-17 22:04:05,706 [icarl.py] => Task 8, Epoch 96/200 => Loss 2.044, Loss_clf 0.101, Loss_kd 1.943, Train_accy 97.58
2025-04-17 22:04:09,545 [icarl.py] => Task 8, Epoch 97/200 => Loss 2.049, Loss_clf 0.102, Loss_kd 1.947, Train_accy 97.73
2025-04-17 22:04:13,356 [icarl.py] => Task 8, Epoch 98/200 => Loss 2.048, Loss_clf 0.103, Loss_kd 1.945, Train_accy 97.78
2025-04-17 22:04:17,207 [icarl.py] => Task 8, Epoch 99/200 => Loss 2.058, Loss_clf 0.120, Loss_kd 1.938, Train_accy 97.01
2025-04-17 22:04:21,028 [icarl.py] => Task 8, Epoch 100/200 => Loss 2.094, Loss_clf 0.114, Loss_kd 1.980, Train_accy 97.48
2025-04-17 22:04:33,734 [icarl.py] => Task 8, Epoch 101/200 => Loss 2.080, Loss_clf 0.118, Loss_kd 1.963, Train_accy 97.17, Test_accy {'Art': 18.13, 'Clipart': 40.6, 'Real World': 24.52, 'Product': 54.87}
2025-04-17 22:04:37,568 [icarl.py] => Task 8, Epoch 102/200 => Loss 2.082, Loss_clf 0.119, Loss_kd 1.964, Train_accy 97.27
2025-04-17 22:04:41,394 [icarl.py] => Task 8, Epoch 103/200 => Loss 2.071, Loss_clf 0.106, Loss_kd 1.964, Train_accy 97.58
2025-04-17 22:04:45,223 [icarl.py] => Task 8, Epoch 104/200 => Loss 2.048, Loss_clf 0.105, Loss_kd 1.943, Train_accy 97.48
2025-04-17 22:04:49,048 [icarl.py] => Task 8, Epoch 105/200 => Loss 2.062, Loss_clf 0.110, Loss_kd 1.952, Train_accy 97.53
2025-04-17 22:04:52,846 [icarl.py] => Task 8, Epoch 106/200 => Loss 2.033, Loss_clf 0.097, Loss_kd 1.937, Train_accy 97.63
2025-04-17 22:04:56,673 [icarl.py] => Task 8, Epoch 107/200 => Loss 2.059, Loss_clf 0.106, Loss_kd 1.953, Train_accy 97.32
2025-04-17 22:05:00,497 [icarl.py] => Task 8, Epoch 108/200 => Loss 2.080, Loss_clf 0.123, Loss_kd 1.957, Train_accy 96.65
2025-04-17 22:05:04,326 [icarl.py] => Task 8, Epoch 109/200 => Loss 2.080, Loss_clf 0.110, Loss_kd 1.970, Train_accy 97.58
2025-04-17 22:05:08,154 [icarl.py] => Task 8, Epoch 110/200 => Loss 2.079, Loss_clf 0.105, Loss_kd 1.974, Train_accy 97.89
2025-04-17 22:05:11,977 [icarl.py] => Task 8, Epoch 111/200 => Loss 2.072, Loss_clf 0.107, Loss_kd 1.965, Train_accy 97.58
2025-04-17 22:05:15,824 [icarl.py] => Task 8, Epoch 112/200 => Loss 2.032, Loss_clf 0.104, Loss_kd 1.928, Train_accy 97.68
2025-04-17 22:05:19,708 [icarl.py] => Task 8, Epoch 113/200 => Loss 2.079, Loss_clf 0.108, Loss_kd 1.971, Train_accy 97.84
2025-04-17 22:05:23,561 [icarl.py] => Task 8, Epoch 114/200 => Loss 2.032, Loss_clf 0.093, Loss_kd 1.940, Train_accy 97.99
2025-04-17 22:05:27,388 [icarl.py] => Task 8, Epoch 115/200 => Loss 2.053, Loss_clf 0.094, Loss_kd 1.959, Train_accy 98.15
2025-04-17 22:05:31,226 [icarl.py] => Task 8, Epoch 116/200 => Loss 2.007, Loss_clf 0.086, Loss_kd 1.921, Train_accy 97.89
2025-04-17 22:05:35,056 [icarl.py] => Task 8, Epoch 117/200 => Loss 2.026, Loss_clf 0.084, Loss_kd 1.942, Train_accy 98.40
2025-04-17 22:05:38,866 [icarl.py] => Task 8, Epoch 118/200 => Loss 2.043, Loss_clf 0.091, Loss_kd 1.953, Train_accy 98.20
2025-04-17 22:05:42,747 [icarl.py] => Task 8, Epoch 119/200 => Loss 2.005, Loss_clf 0.074, Loss_kd 1.931, Train_accy 98.35
2025-04-17 22:05:46,626 [icarl.py] => Task 8, Epoch 120/200 => Loss 2.031, Loss_clf 0.093, Loss_kd 1.938, Train_accy 97.58
2025-04-17 22:05:59,419 [icarl.py] => Task 8, Epoch 121/200 => Loss 2.007, Loss_clf 0.077, Loss_kd 1.930, Train_accy 98.09, Test_accy {'Art': 19.59, 'Clipart': 39.1, 'Real World': 24.68, 'Product': 56.72}
2025-04-17 22:06:03,234 [icarl.py] => Task 8, Epoch 122/200 => Loss 2.036, Loss_clf 0.097, Loss_kd 1.939, Train_accy 97.73
2025-04-17 22:06:07,076 [icarl.py] => Task 8, Epoch 123/200 => Loss 1.994, Loss_clf 0.075, Loss_kd 1.919, Train_accy 98.30
2025-04-17 22:06:10,905 [icarl.py] => Task 8, Epoch 124/200 => Loss 2.009, Loss_clf 0.084, Loss_kd 1.925, Train_accy 98.04
2025-04-17 22:06:14,729 [icarl.py] => Task 8, Epoch 125/200 => Loss 2.047, Loss_clf 0.082, Loss_kd 1.965, Train_accy 98.35
2025-04-17 22:06:18,548 [icarl.py] => Task 8, Epoch 126/200 => Loss 2.046, Loss_clf 0.091, Loss_kd 1.955, Train_accy 97.99
2025-04-17 22:06:22,380 [icarl.py] => Task 8, Epoch 127/200 => Loss 2.029, Loss_clf 0.079, Loss_kd 1.951, Train_accy 98.45
2025-04-17 22:06:26,198 [icarl.py] => Task 8, Epoch 128/200 => Loss 2.028, Loss_clf 0.088, Loss_kd 1.940, Train_accy 98.09
2025-04-17 22:06:30,040 [icarl.py] => Task 8, Epoch 129/200 => Loss 2.037, Loss_clf 0.097, Loss_kd 1.940, Train_accy 97.42
2025-04-17 22:06:33,874 [icarl.py] => Task 8, Epoch 130/200 => Loss 2.018, Loss_clf 0.082, Loss_kd 1.936, Train_accy 98.35
2025-04-17 22:06:37,700 [icarl.py] => Task 8, Epoch 131/200 => Loss 2.007, Loss_clf 0.081, Loss_kd 1.927, Train_accy 98.30
2025-04-17 22:06:41,520 [icarl.py] => Task 8, Epoch 132/200 => Loss 1.991, Loss_clf 0.071, Loss_kd 1.920, Train_accy 98.45
2025-04-17 22:06:45,360 [icarl.py] => Task 8, Epoch 133/200 => Loss 2.000, Loss_clf 0.068, Loss_kd 1.932, Train_accy 98.76
2025-04-17 22:06:49,184 [icarl.py] => Task 8, Epoch 134/200 => Loss 2.019, Loss_clf 0.090, Loss_kd 1.930, Train_accy 97.68
2025-04-17 22:06:53,018 [icarl.py] => Task 8, Epoch 135/200 => Loss 2.043, Loss_clf 0.100, Loss_kd 1.944, Train_accy 97.94
2025-04-17 22:06:56,879 [icarl.py] => Task 8, Epoch 136/200 => Loss 1.991, Loss_clf 0.074, Loss_kd 1.918, Train_accy 98.51
2025-04-17 22:07:00,706 [icarl.py] => Task 8, Epoch 137/200 => Loss 1.968, Loss_clf 0.058, Loss_kd 1.910, Train_accy 98.82
2025-04-17 22:07:04,569 [icarl.py] => Task 8, Epoch 138/200 => Loss 1.999, Loss_clf 0.079, Loss_kd 1.920, Train_accy 98.40
2025-04-17 22:07:08,425 [icarl.py] => Task 8, Epoch 139/200 => Loss 1.984, Loss_clf 0.079, Loss_kd 1.905, Train_accy 97.84
2025-04-17 22:07:12,275 [icarl.py] => Task 8, Epoch 140/200 => Loss 2.009, Loss_clf 0.070, Loss_kd 1.939, Train_accy 98.30
2025-04-17 22:07:25,228 [icarl.py] => Task 8, Epoch 141/200 => Loss 1.990, Loss_clf 0.067, Loss_kd 1.923, Train_accy 98.61, Test_accy {'Art': 23.68, 'Clipart': 40.93, 'Real World': 25.16, 'Product': 60.28}
2025-04-17 22:07:29,082 [icarl.py] => Task 8, Epoch 142/200 => Loss 2.000, Loss_clf 0.072, Loss_kd 1.928, Train_accy 98.51
2025-04-17 22:07:32,915 [icarl.py] => Task 8, Epoch 143/200 => Loss 1.954, Loss_clf 0.052, Loss_kd 1.902, Train_accy 99.18
2025-04-17 22:07:36,770 [icarl.py] => Task 8, Epoch 144/200 => Loss 1.999, Loss_clf 0.063, Loss_kd 1.935, Train_accy 99.02
2025-04-17 22:07:40,615 [icarl.py] => Task 8, Epoch 145/200 => Loss 2.025, Loss_clf 0.083, Loss_kd 1.943, Train_accy 98.25
2025-04-17 22:07:44,424 [icarl.py] => Task 8, Epoch 146/200 => Loss 1.997, Loss_clf 0.072, Loss_kd 1.925, Train_accy 98.82
2025-04-17 22:07:48,282 [icarl.py] => Task 8, Epoch 147/200 => Loss 1.991, Loss_clf 0.059, Loss_kd 1.932, Train_accy 98.97
2025-04-17 22:07:52,153 [icarl.py] => Task 8, Epoch 148/200 => Loss 1.997, Loss_clf 0.069, Loss_kd 1.928, Train_accy 98.71
2025-04-17 22:07:55,983 [icarl.py] => Task 8, Epoch 149/200 => Loss 2.018, Loss_clf 0.086, Loss_kd 1.932, Train_accy 97.94
2025-04-17 22:07:59,834 [icarl.py] => Task 8, Epoch 150/200 => Loss 2.003, Loss_clf 0.075, Loss_kd 1.928, Train_accy 98.30
2025-04-17 22:08:03,696 [icarl.py] => Task 8, Epoch 151/200 => Loss 1.982, Loss_clf 0.064, Loss_kd 1.918, Train_accy 98.66
2025-04-17 22:08:07,532 [icarl.py] => Task 8, Epoch 152/200 => Loss 2.012, Loss_clf 0.072, Loss_kd 1.940, Train_accy 98.61
2025-04-17 22:08:11,385 [icarl.py] => Task 8, Epoch 153/200 => Loss 1.952, Loss_clf 0.062, Loss_kd 1.890, Train_accy 98.76
2025-04-17 22:08:15,240 [icarl.py] => Task 8, Epoch 154/200 => Loss 2.005, Loss_clf 0.083, Loss_kd 1.922, Train_accy 98.25
2025-04-17 22:08:19,080 [icarl.py] => Task 8, Epoch 155/200 => Loss 1.969, Loss_clf 0.059, Loss_kd 1.909, Train_accy 98.87
2025-04-17 22:08:22,921 [icarl.py] => Task 8, Epoch 156/200 => Loss 2.004, Loss_clf 0.070, Loss_kd 1.934, Train_accy 98.66
2025-04-17 22:08:26,728 [icarl.py] => Task 8, Epoch 157/200 => Loss 1.981, Loss_clf 0.067, Loss_kd 1.914, Train_accy 98.66
2025-04-17 22:08:30,546 [icarl.py] => Task 8, Epoch 158/200 => Loss 1.972, Loss_clf 0.067, Loss_kd 1.905, Train_accy 98.56
2025-04-17 22:08:34,393 [icarl.py] => Task 8, Epoch 159/200 => Loss 1.981, Loss_clf 0.051, Loss_kd 1.931, Train_accy 99.43
2025-04-17 22:08:38,250 [icarl.py] => Task 8, Epoch 160/200 => Loss 1.960, Loss_clf 0.053, Loss_kd 1.907, Train_accy 98.82
2025-04-17 22:08:50,785 [icarl.py] => Task 8, Epoch 161/200 => Loss 2.003, Loss_clf 0.073, Loss_kd 1.931, Train_accy 98.71, Test_accy {'Art': 22.81, 'Clipart': 43.09, 'Real World': 24.84, 'Product': 61.21}
2025-04-17 22:08:54,589 [icarl.py] => Task 8, Epoch 162/200 => Loss 1.987, Loss_clf 0.062, Loss_kd 1.925, Train_accy 98.76
2025-04-17 22:08:58,425 [icarl.py] => Task 8, Epoch 163/200 => Loss 1.980, Loss_clf 0.065, Loss_kd 1.915, Train_accy 98.87
2025-04-17 22:09:02,253 [icarl.py] => Task 8, Epoch 164/200 => Loss 1.979, Loss_clf 0.062, Loss_kd 1.917, Train_accy 98.71
2025-04-17 22:09:06,097 [icarl.py] => Task 8, Epoch 165/200 => Loss 1.997, Loss_clf 0.062, Loss_kd 1.935, Train_accy 98.87
2025-04-17 22:09:09,960 [icarl.py] => Task 8, Epoch 166/200 => Loss 2.007, Loss_clf 0.065, Loss_kd 1.942, Train_accy 99.07
2025-04-17 22:09:13,780 [icarl.py] => Task 8, Epoch 167/200 => Loss 1.996, Loss_clf 0.060, Loss_kd 1.936, Train_accy 98.82
2025-04-17 22:09:17,636 [icarl.py] => Task 8, Epoch 168/200 => Loss 1.973, Loss_clf 0.044, Loss_kd 1.928, Train_accy 99.38
2025-04-17 22:09:21,457 [icarl.py] => Task 8, Epoch 169/200 => Loss 1.998, Loss_clf 0.061, Loss_kd 1.937, Train_accy 98.61
2025-04-17 22:09:25,311 [icarl.py] => Task 8, Epoch 170/200 => Loss 1.983, Loss_clf 0.066, Loss_kd 1.917, Train_accy 98.61
2025-04-17 22:09:29,136 [icarl.py] => Task 8, Epoch 171/200 => Loss 1.968, Loss_clf 0.052, Loss_kd 1.916, Train_accy 99.07
2025-04-17 22:09:32,961 [icarl.py] => Task 8, Epoch 172/200 => Loss 1.983, Loss_clf 0.057, Loss_kd 1.925, Train_accy 98.76
2025-04-17 22:09:36,794 [icarl.py] => Task 8, Epoch 173/200 => Loss 1.971, Loss_clf 0.057, Loss_kd 1.914, Train_accy 98.76
2025-04-17 22:09:40,673 [icarl.py] => Task 8, Epoch 174/200 => Loss 1.978, Loss_clf 0.062, Loss_kd 1.917, Train_accy 98.71
2025-04-17 22:09:44,529 [icarl.py] => Task 8, Epoch 175/200 => Loss 1.969, Loss_clf 0.044, Loss_kd 1.925, Train_accy 99.28
2025-04-17 22:09:48,376 [icarl.py] => Task 8, Epoch 176/200 => Loss 1.969, Loss_clf 0.045, Loss_kd 1.924, Train_accy 99.33
2025-04-17 22:09:52,176 [icarl.py] => Task 8, Epoch 177/200 => Loss 1.974, Loss_clf 0.059, Loss_kd 1.914, Train_accy 98.76
2025-04-17 22:09:56,021 [icarl.py] => Task 8, Epoch 178/200 => Loss 1.967, Loss_clf 0.052, Loss_kd 1.915, Train_accy 99.12
2025-04-17 22:09:59,869 [icarl.py] => Task 8, Epoch 179/200 => Loss 1.990, Loss_clf 0.057, Loss_kd 1.934, Train_accy 98.76
2025-04-17 22:10:03,715 [icarl.py] => Task 8, Epoch 180/200 => Loss 1.983, Loss_clf 0.064, Loss_kd 1.919, Train_accy 98.66
2025-04-17 22:10:16,436 [icarl.py] => Task 8, Epoch 181/200 => Loss 1.984, Loss_clf 0.065, Loss_kd 1.919, Train_accy 98.87, Test_accy {'Art': 22.81, 'Clipart': 42.26, 'Real World': 24.52, 'Product': 60.9}
2025-04-17 22:10:20,265 [icarl.py] => Task 8, Epoch 182/200 => Loss 1.968, Loss_clf 0.060, Loss_kd 1.908, Train_accy 98.71
2025-04-17 22:10:24,072 [icarl.py] => Task 8, Epoch 183/200 => Loss 1.973, Loss_clf 0.051, Loss_kd 1.923, Train_accy 99.12
2025-04-17 22:10:27,848 [icarl.py] => Task 8, Epoch 184/200 => Loss 1.994, Loss_clf 0.070, Loss_kd 1.925, Train_accy 98.51
2025-04-17 22:10:31,643 [icarl.py] => Task 8, Epoch 185/200 => Loss 1.950, Loss_clf 0.059, Loss_kd 1.891, Train_accy 98.92
2025-04-17 22:10:35,472 [icarl.py] => Task 8, Epoch 186/200 => Loss 1.973, Loss_clf 0.067, Loss_kd 1.906, Train_accy 98.61
2025-04-17 22:10:39,318 [icarl.py] => Task 8, Epoch 187/200 => Loss 1.999, Loss_clf 0.073, Loss_kd 1.926, Train_accy 98.56
2025-04-17 22:10:43,161 [icarl.py] => Task 8, Epoch 188/200 => Loss 1.974, Loss_clf 0.056, Loss_kd 1.918, Train_accy 99.07
2025-04-17 22:10:46,973 [icarl.py] => Task 8, Epoch 189/200 => Loss 1.944, Loss_clf 0.051, Loss_kd 1.893, Train_accy 99.07
2025-04-17 22:10:50,823 [icarl.py] => Task 8, Epoch 190/200 => Loss 2.004, Loss_clf 0.061, Loss_kd 1.943, Train_accy 98.51
2025-04-17 22:10:54,683 [icarl.py] => Task 8, Epoch 191/200 => Loss 1.968, Loss_clf 0.056, Loss_kd 1.912, Train_accy 99.18
2025-04-17 22:10:58,537 [icarl.py] => Task 8, Epoch 192/200 => Loss 1.967, Loss_clf 0.047, Loss_kd 1.919, Train_accy 99.02
2025-04-17 22:11:02,386 [icarl.py] => Task 8, Epoch 193/200 => Loss 1.990, Loss_clf 0.070, Loss_kd 1.920, Train_accy 98.56
2025-04-17 22:11:06,223 [icarl.py] => Task 8, Epoch 194/200 => Loss 1.959, Loss_clf 0.052, Loss_kd 1.907, Train_accy 99.07
2025-04-17 22:11:10,106 [icarl.py] => Task 8, Epoch 195/200 => Loss 1.961, Loss_clf 0.057, Loss_kd 1.904, Train_accy 98.82
2025-04-17 22:11:13,996 [icarl.py] => Task 8, Epoch 196/200 => Loss 1.950, Loss_clf 0.053, Loss_kd 1.897, Train_accy 99.18
2025-04-17 22:11:17,844 [icarl.py] => Task 8, Epoch 197/200 => Loss 1.953, Loss_clf 0.049, Loss_kd 1.904, Train_accy 99.43
2025-04-17 22:11:21,719 [icarl.py] => Task 8, Epoch 198/200 => Loss 1.974, Loss_clf 0.060, Loss_kd 1.914, Train_accy 98.87
2025-04-17 22:11:25,583 [icarl.py] => Task 8, Epoch 199/200 => Loss 1.959, Loss_clf 0.057, Loss_kd 1.902, Train_accy 98.97
2025-04-17 22:11:29,460 [icarl.py] => Task 8, Epoch 200/200 => Loss 1.973, Loss_clf 0.065, Loss_kd 1.908, Train_accy 98.71
2025-04-17 22:11:29,462 [base.py] => Reducing exemplars...(28 per classes)
2025-04-17 22:11:45,248 [base.py] => Constructing exemplars...(28 per classes)
2025-04-17 22:12:08,223 [icarl.py] => Exemplar size: 1260
2025-04-17 22:12:09,103 [trainer.py] => CNN [Art]: {'total': 22.22, '00-04': 28.95, '05-09': 23.53, '10-14': 21.62, '15-19': 14.81, '20-24': 15.79, '25-29': 5.88, '30-34': 23.64, '35-39': 17.07, '40-44': 44.74, 'old': 19.41, 'new': 44.74}
2025-04-17 22:12:09,103 [trainer.py] => NME [Art]: {'total': 18.71, '00-04': 23.68, '05-09': 11.76, '10-14': 13.51, '15-19': 14.81, '20-24': 15.79, '25-29': 8.82, '30-34': 23.64, '35-39': 17.07, '40-44': 34.21, 'old': 16.78, 'new': 34.21}
2025-04-17 22:12:09,104 [trainer.py] => CNN [Art] top1 curve: [60.53, 47.22, 44.95, 40.44, 33.91, 23.56, 22.43, 19.74, 22.22]
2025-04-17 22:12:09,104 [trainer.py] => CNN [Art] top5 curve: [100.0, 84.72, 74.31, 69.12, 64.94, 57.21, 50.57, 49.01, 42.11]
2025-04-17 22:12:09,104 [trainer.py] => NME [Art] top1 curve: [57.89, 51.39, 43.12, 35.29, 33.33, 24.04, 20.91, 19.41, 18.71]
2025-04-17 22:12:09,104 [trainer.py] => NME [Art] top5 curve: [100.0, 86.11, 76.15, 69.85, 66.09, 55.77, 50.95, 46.38, 42.11]
2025-04-17 22:12:09,104 [trainer.py] => Average Accuracy [Art] (CNN): 35.0
2025-04-17 22:12:09,104 [trainer.py] => Average Accuracy [Art] (NME): 33.78777777777778
2025-04-17 22:12:09,104 [trainer.py] => CNN [Clipart]: {'total': 42.6, '00-04': 44.87, '05-09': 40.32, '10-14': 42.42, '15-19': 39.62, '20-24': 31.46, '25-29': 22.58, '30-34': 40.62, '35-39': 49.18, '40-44': 74.24, 'old': 38.69, 'new': 74.24}
2025-04-17 22:12:09,104 [trainer.py] => NME [Clipart]: {'total': 43.59, '00-04': 41.03, '05-09': 40.32, '10-14': 42.42, '15-19': 43.4, '20-24': 37.08, '25-29': 30.65, '30-34': 48.44, '35-39': 49.18, '40-44': 62.12, 'old': 41.31, 'new': 62.12}
2025-04-17 22:12:09,104 [trainer.py] => CNN [Clipart] top1 curve: [76.92, 71.43, 65.53, 64.86, 60.34, 50.49, 46.62, 43.36, 42.6]
2025-04-17 22:12:09,104 [trainer.py] => CNN [Clipart] top5 curve: [100.0, 92.14, 87.38, 85.33, 84.48, 77.56, 72.78, 69.91, 68.72]
2025-04-17 22:12:09,104 [trainer.py] => NME [Clipart] top1 curve: [73.08, 68.57, 68.45, 65.25, 61.49, 53.41, 50.42, 44.49, 43.59]
2025-04-17 22:12:09,104 [trainer.py] => NME [Clipart] top5 curve: [100.0, 89.29, 88.35, 85.71, 83.33, 77.07, 72.15, 69.35, 67.55]
2025-04-17 22:12:09,104 [trainer.py] => Average Accuracy [Clipart] (CNN): 58.016666666666666
2025-04-17 22:12:09,104 [trainer.py] => Average Accuracy [Clipart] (NME): 58.75
2025-04-17 22:12:09,104 [trainer.py] => CNN [Product]: {'total': 60.9, '00-04': 60.0, '05-09': 53.75, '10-14': 70.97, '15-19': 50.65, '20-24': 50.82, '25-29': 60.76, '30-34': 50.75, '35-39': 68.18, '40-44': 84.29, 'old': 58.06, 'new': 84.29}
2025-04-17 22:12:09,104 [trainer.py] => NME [Product]: {'total': 60.74, '00-04': 63.53, '05-09': 51.25, '10-14': 72.58, '15-19': 55.84, '20-24': 52.46, '25-29': 63.29, '30-34': 44.78, '35-39': 66.67, '40-44': 77.14, 'old': 58.75, 'new': 77.14}
2025-04-17 22:12:09,104 [trainer.py] => CNN [Product] top1 curve: [88.24, 85.45, 86.78, 79.28, 76.44, 72.97, 69.47, 63.95, 60.9]
2025-04-17 22:12:09,104 [trainer.py] => CNN [Product] top5 curve: [100.0, 99.39, 98.24, 94.74, 94.25, 92.34, 89.24, 87.87, 85.94]
2025-04-17 22:12:09,104 [trainer.py] => NME [Product] top1 curve: [87.06, 85.45, 88.11, 80.26, 76.71, 71.4, 68.49, 63.95, 60.74]
2025-04-17 22:12:09,104 [trainer.py] => NME [Product] top5 curve: [100.0, 99.39, 98.68, 96.38, 94.25, 92.12, 89.63, 87.52, 85.16]
2025-04-17 22:12:09,104 [trainer.py] => Average Accuracy [Product] (CNN): 75.94222222222223
2025-04-17 22:12:09,105 [trainer.py] => Average Accuracy [Product] (NME): 75.79666666666667
2025-04-17 22:12:09,105 [trainer.py] => CNN [Real World]: {'total': 24.03, '00-04': 31.51, '05-09': 36.76, '10-14': 19.44, '15-19': 10.45, '20-24': 6.15, '25-29': 19.48, '30-34': 28.0, '35-39': 22.03, '40-44': 42.19, 'old': 21.94, 'new': 42.19}
2025-04-17 22:12:09,105 [trainer.py] => NME [Real World]: {'total': 26.29, '00-04': 26.03, '05-09': 42.65, '10-14': 19.44, '15-19': 13.43, '20-24': 7.69, '25-29': 25.97, '30-34': 32.0, '35-39': 28.81, '40-44': 40.62, 'old': 24.64, 'new': 40.62}
2025-04-17 22:12:09,105 [trainer.py] => CNN [Real World] top1 curve: [64.38, 58.16, 47.89, 37.14, 33.04, 31.52, 30.58, 26.26, 24.03]
2025-04-17 22:12:09,105 [trainer.py] => CNN [Real World] top5 curve: [100.0, 88.65, 79.34, 68.93, 64.93, 61.61, 58.35, 54.86, 51.13]
2025-04-17 22:12:09,105 [trainer.py] => NME [Real World] top1 curve: [63.01, 58.16, 48.36, 38.21, 36.23, 32.46, 30.18, 26.62, 26.29]
2025-04-17 22:12:09,105 [trainer.py] => NME [Real World] top5 curve: [100.0, 91.49, 81.22, 73.93, 67.54, 63.51, 58.15, 53.24, 52.26]
2025-04-17 22:12:09,105 [trainer.py] => Average Accuracy [Real World] (CNN): 39.22222222222222
2025-04-17 22:12:09,105 [trainer.py] => Average Accuracy [Real World] (NME): 39.946666666666665
2025-04-17 22:12:09,105 [trainer.py] => NME Harmonic Mean : 32.0412
2025-04-17 22:12:09,105 [trainer.py] => NME Macro Mean : 37.3325
2025-04-17 22:12:09,105 [trainer.py] => CNN Harmonic Mean : 30.5450
2025-04-17 22:12:09,105 [trainer.py] => CNN Macro Mean : 37.4375
2025-04-17 22:12:09,105 [trainer.py] => All params: 21312887
2025-04-17 22:12:09,106 [trainer.py] => Trainable params: 21312887
2025-04-17 22:12:09,107 [icarl.py] => Learning on 45-50
2025-04-17 22:12:22,121 [icarl.py] => Task 9, Epoch 1/200 => Loss 4.169, Loss_clf 1.739, Loss_kd 2.430, Train_accy 54.70, Test_accy {'Art': 6.63, 'Clipart': 14.14, 'Real World': 7.51, 'Product': 17.69}
2025-04-17 22:12:26,028 [icarl.py] => Task 9, Epoch 2/200 => Loss 4.847, Loss_clf 1.984, Loss_kd 2.864, Train_accy 44.14
2025-04-17 22:12:29,933 [icarl.py] => Task 9, Epoch 3/200 => Loss 4.572, Loss_clf 1.770, Loss_kd 2.802, Train_accy 49.95
2025-04-17 22:12:33,822 [icarl.py] => Task 9, Epoch 4/200 => Loss 4.110, Loss_clf 1.444, Loss_kd 2.666, Train_accy 57.89
2025-04-17 22:12:37,702 [icarl.py] => Task 9, Epoch 5/200 => Loss 3.966, Loss_clf 1.341, Loss_kd 2.625, Train_accy 61.93
2025-04-17 22:12:41,592 [icarl.py] => Task 9, Epoch 6/200 => Loss 3.695, Loss_clf 1.138, Loss_kd 2.557, Train_accy 66.38
2025-04-17 22:12:45,467 [icarl.py] => Task 9, Epoch 7/200 => Loss 3.607, Loss_clf 1.074, Loss_kd 2.533, Train_accy 67.54
2025-04-17 22:12:49,360 [icarl.py] => Task 9, Epoch 8/200 => Loss 3.537, Loss_clf 1.026, Loss_kd 2.511, Train_accy 68.91
2025-04-17 22:12:53,257 [icarl.py] => Task 9, Epoch 9/200 => Loss 3.421, Loss_clf 0.939, Loss_kd 2.481, Train_accy 73.00
2025-04-17 22:12:57,156 [icarl.py] => Task 9, Epoch 10/200 => Loss 3.225, Loss_clf 0.803, Loss_kd 2.423, Train_accy 76.44
2025-04-17 22:13:01,063 [icarl.py] => Task 9, Epoch 11/200 => Loss 3.114, Loss_clf 0.710, Loss_kd 2.404, Train_accy 79.27
2025-04-17 22:13:04,962 [icarl.py] => Task 9, Epoch 12/200 => Loss 3.027, Loss_clf 0.650, Loss_kd 2.377, Train_accy 81.50
2025-04-17 22:13:08,864 [icarl.py] => Task 9, Epoch 13/200 => Loss 3.011, Loss_clf 0.645, Loss_kd 2.366, Train_accy 80.69
2025-04-17 22:13:12,775 [icarl.py] => Task 9, Epoch 14/200 => Loss 2.985, Loss_clf 0.624, Loss_kd 2.361, Train_accy 82.15
2025-04-17 22:13:16,654 [icarl.py] => Task 9, Epoch 15/200 => Loss 2.884, Loss_clf 0.547, Loss_kd 2.337, Train_accy 85.14
2025-04-17 22:13:20,550 [icarl.py] => Task 9, Epoch 16/200 => Loss 2.815, Loss_clf 0.491, Loss_kd 2.324, Train_accy 86.40
2025-04-17 22:13:24,442 [icarl.py] => Task 9, Epoch 17/200 => Loss 2.787, Loss_clf 0.479, Loss_kd 2.308, Train_accy 85.84
2025-04-17 22:13:28,375 [icarl.py] => Task 9, Epoch 18/200 => Loss 2.807, Loss_clf 0.503, Loss_kd 2.304, Train_accy 85.29
2025-04-17 22:13:32,310 [icarl.py] => Task 9, Epoch 19/200 => Loss 2.804, Loss_clf 0.474, Loss_kd 2.329, Train_accy 86.70
2025-04-17 22:13:36,247 [icarl.py] => Task 9, Epoch 20/200 => Loss 2.684, Loss_clf 0.413, Loss_kd 2.271, Train_accy 89.33
2025-04-17 22:13:49,610 [icarl.py] => Task 9, Epoch 21/200 => Loss 2.657, Loss_clf 0.393, Loss_kd 2.264, Train_accy 88.98, Test_accy {'Art': 13.27, 'Clipart': 29.92, 'Real World': 17.05, 'Product': 37.88}
2025-04-17 22:13:53,501 [icarl.py] => Task 9, Epoch 22/200 => Loss 2.655, Loss_clf 0.374, Loss_kd 2.280, Train_accy 89.84
2025-04-17 22:13:57,406 [icarl.py] => Task 9, Epoch 23/200 => Loss 2.620, Loss_clf 0.362, Loss_kd 2.259, Train_accy 89.79
2025-04-17 22:14:01,300 [icarl.py] => Task 9, Epoch 24/200 => Loss 2.617, Loss_clf 0.363, Loss_kd 2.253, Train_accy 89.99
2025-04-17 22:14:05,193 [icarl.py] => Task 9, Epoch 25/200 => Loss 2.558, Loss_clf 0.322, Loss_kd 2.237, Train_accy 91.46
2025-04-17 22:14:09,100 [icarl.py] => Task 9, Epoch 26/200 => Loss 2.555, Loss_clf 0.310, Loss_kd 2.245, Train_accy 91.46
2025-04-17 22:14:13,006 [icarl.py] => Task 9, Epoch 27/200 => Loss 2.618, Loss_clf 0.356, Loss_kd 2.262, Train_accy 90.29
2025-04-17 22:14:16,903 [icarl.py] => Task 9, Epoch 28/200 => Loss 2.568, Loss_clf 0.313, Loss_kd 2.255, Train_accy 91.51
2025-04-17 22:14:20,808 [icarl.py] => Task 9, Epoch 29/200 => Loss 2.494, Loss_clf 0.283, Loss_kd 2.212, Train_accy 92.82
2025-04-17 22:14:24,732 [icarl.py] => Task 9, Epoch 30/200 => Loss 2.578, Loss_clf 0.345, Loss_kd 2.233, Train_accy 90.19
2025-04-17 22:14:28,648 [icarl.py] => Task 9, Epoch 31/200 => Loss 2.539, Loss_clf 0.320, Loss_kd 2.219, Train_accy 91.20
2025-04-17 22:14:32,583 [icarl.py] => Task 9, Epoch 32/200 => Loss 2.502, Loss_clf 0.268, Loss_kd 2.234, Train_accy 92.82
2025-04-17 22:14:36,553 [icarl.py] => Task 9, Epoch 33/200 => Loss 2.512, Loss_clf 0.272, Loss_kd 2.240, Train_accy 92.42
2025-04-17 22:14:40,437 [icarl.py] => Task 9, Epoch 34/200 => Loss 2.554, Loss_clf 0.325, Loss_kd 2.230, Train_accy 91.15
2025-04-17 22:14:44,368 [icarl.py] => Task 9, Epoch 35/200 => Loss 2.541, Loss_clf 0.308, Loss_kd 2.233, Train_accy 91.35
2025-04-17 22:14:48,296 [icarl.py] => Task 9, Epoch 36/200 => Loss 2.537, Loss_clf 0.301, Loss_kd 2.236, Train_accy 91.91
2025-04-17 22:14:52,215 [icarl.py] => Task 9, Epoch 37/200 => Loss 2.442, Loss_clf 0.255, Loss_kd 2.187, Train_accy 93.53
2025-04-17 22:14:56,143 [icarl.py] => Task 9, Epoch 38/200 => Loss 2.475, Loss_clf 0.258, Loss_kd 2.216, Train_accy 93.48
2025-04-17 22:15:00,096 [icarl.py] => Task 9, Epoch 39/200 => Loss 2.426, Loss_clf 0.222, Loss_kd 2.203, Train_accy 94.34
2025-04-17 22:15:04,024 [icarl.py] => Task 9, Epoch 40/200 => Loss 2.405, Loss_clf 0.215, Loss_kd 2.190, Train_accy 94.89
2025-04-17 22:15:17,328 [icarl.py] => Task 9, Epoch 41/200 => Loss 2.429, Loss_clf 0.244, Loss_kd 2.186, Train_accy 93.88, Test_accy {'Art': 14.03, 'Clipart': 33.23, 'Real World': 19.08, 'Product': 44.43}
2025-04-17 22:15:21,224 [icarl.py] => Task 9, Epoch 42/200 => Loss 2.450, Loss_clf 0.243, Loss_kd 2.207, Train_accy 93.33
2025-04-17 22:15:25,157 [icarl.py] => Task 9, Epoch 43/200 => Loss 2.432, Loss_clf 0.233, Loss_kd 2.199, Train_accy 93.17
2025-04-17 22:15:29,061 [icarl.py] => Task 9, Epoch 44/200 => Loss 2.472, Loss_clf 0.266, Loss_kd 2.205, Train_accy 93.33
2025-04-17 22:15:32,959 [icarl.py] => Task 9, Epoch 45/200 => Loss 2.441, Loss_clf 0.246, Loss_kd 2.196, Train_accy 93.58
2025-04-17 22:15:36,865 [icarl.py] => Task 9, Epoch 46/200 => Loss 2.452, Loss_clf 0.230, Loss_kd 2.222, Train_accy 93.88
2025-04-17 22:15:40,767 [icarl.py] => Task 9, Epoch 47/200 => Loss 2.420, Loss_clf 0.229, Loss_kd 2.191, Train_accy 94.08
2025-04-17 22:15:44,690 [icarl.py] => Task 9, Epoch 48/200 => Loss 2.422, Loss_clf 0.249, Loss_kd 2.173, Train_accy 93.63
2025-04-17 22:15:48,646 [icarl.py] => Task 9, Epoch 49/200 => Loss 2.396, Loss_clf 0.214, Loss_kd 2.182, Train_accy 95.15
2025-04-17 22:15:52,586 [icarl.py] => Task 9, Epoch 50/200 => Loss 2.386, Loss_clf 0.201, Loss_kd 2.185, Train_accy 95.05
2025-04-17 22:15:56,510 [icarl.py] => Task 9, Epoch 51/200 => Loss 2.383, Loss_clf 0.205, Loss_kd 2.178, Train_accy 95.20
2025-04-17 22:16:00,411 [icarl.py] => Task 9, Epoch 52/200 => Loss 2.394, Loss_clf 0.204, Loss_kd 2.190, Train_accy 94.99
2025-04-17 22:16:04,417 [icarl.py] => Task 9, Epoch 53/200 => Loss 2.389, Loss_clf 0.208, Loss_kd 2.180, Train_accy 94.29
2025-04-17 22:16:08,323 [icarl.py] => Task 9, Epoch 54/200 => Loss 2.418, Loss_clf 0.227, Loss_kd 2.191, Train_accy 93.73
2025-04-17 22:16:12,246 [icarl.py] => Task 9, Epoch 55/200 => Loss 2.388, Loss_clf 0.212, Loss_kd 2.176, Train_accy 94.29
2025-04-17 22:16:16,167 [icarl.py] => Task 9, Epoch 56/200 => Loss 2.388, Loss_clf 0.207, Loss_kd 2.181, Train_accy 94.74
2025-04-17 22:16:20,052 [icarl.py] => Task 9, Epoch 57/200 => Loss 2.329, Loss_clf 0.171, Loss_kd 2.158, Train_accy 95.96
2025-04-17 22:16:23,991 [icarl.py] => Task 9, Epoch 58/200 => Loss 2.357, Loss_clf 0.188, Loss_kd 2.169, Train_accy 95.55
2025-04-17 22:16:27,921 [icarl.py] => Task 9, Epoch 59/200 => Loss 2.403, Loss_clf 0.226, Loss_kd 2.178, Train_accy 93.98
2025-04-17 22:16:31,840 [icarl.py] => Task 9, Epoch 60/200 => Loss 2.379, Loss_clf 0.202, Loss_kd 2.177, Train_accy 94.84
2025-04-17 22:16:45,143 [icarl.py] => Task 9, Epoch 61/200 => Loss 2.378, Loss_clf 0.186, Loss_kd 2.192, Train_accy 95.40, Test_accy {'Art': 15.05, 'Clipart': 31.13, 'Real World': 19.65, 'Product': 47.63}
2025-04-17 22:16:49,033 [icarl.py] => Task 9, Epoch 62/200 => Loss 2.363, Loss_clf 0.191, Loss_kd 2.171, Train_accy 94.99
2025-04-17 22:16:52,944 [icarl.py] => Task 9, Epoch 63/200 => Loss 2.366, Loss_clf 0.183, Loss_kd 2.183, Train_accy 95.50
2025-04-17 22:16:56,860 [icarl.py] => Task 9, Epoch 64/200 => Loss 2.337, Loss_clf 0.169, Loss_kd 2.168, Train_accy 96.36
2025-04-17 22:17:00,760 [icarl.py] => Task 9, Epoch 65/200 => Loss 2.379, Loss_clf 0.192, Loss_kd 2.187, Train_accy 95.45
2025-04-17 22:17:04,688 [icarl.py] => Task 9, Epoch 66/200 => Loss 2.309, Loss_clf 0.154, Loss_kd 2.155, Train_accy 96.36
2025-04-17 22:17:08,605 [icarl.py] => Task 9, Epoch 67/200 => Loss 2.347, Loss_clf 0.169, Loss_kd 2.178, Train_accy 96.26
2025-04-17 22:17:12,522 [icarl.py] => Task 9, Epoch 68/200 => Loss 2.382, Loss_clf 0.204, Loss_kd 2.178, Train_accy 95.30
2025-04-17 22:17:16,438 [icarl.py] => Task 9, Epoch 69/200 => Loss 2.314, Loss_clf 0.154, Loss_kd 2.159, Train_accy 96.36
2025-04-17 22:17:20,352 [icarl.py] => Task 9, Epoch 70/200 => Loss 2.300, Loss_clf 0.145, Loss_kd 2.155, Train_accy 96.51
2025-04-17 22:17:24,264 [icarl.py] => Task 9, Epoch 71/200 => Loss 2.315, Loss_clf 0.157, Loss_kd 2.158, Train_accy 96.11
2025-04-17 22:17:28,184 [icarl.py] => Task 9, Epoch 72/200 => Loss 2.339, Loss_clf 0.155, Loss_kd 2.185, Train_accy 96.61
2025-04-17 22:17:32,116 [icarl.py] => Task 9, Epoch 73/200 => Loss 2.317, Loss_clf 0.159, Loss_kd 2.158, Train_accy 95.96
2025-04-17 22:17:36,034 [icarl.py] => Task 9, Epoch 74/200 => Loss 2.281, Loss_clf 0.143, Loss_kd 2.138, Train_accy 96.31
2025-04-17 22:17:39,979 [icarl.py] => Task 9, Epoch 75/200 => Loss 2.301, Loss_clf 0.154, Loss_kd 2.147, Train_accy 96.16
2025-04-17 22:17:43,889 [icarl.py] => Task 9, Epoch 76/200 => Loss 2.310, Loss_clf 0.159, Loss_kd 2.152, Train_accy 96.01
2025-04-17 22:17:47,810 [icarl.py] => Task 9, Epoch 77/200 => Loss 2.314, Loss_clf 0.149, Loss_kd 2.165, Train_accy 96.06
2025-04-17 22:17:51,770 [icarl.py] => Task 9, Epoch 78/200 => Loss 2.290, Loss_clf 0.146, Loss_kd 2.145, Train_accy 96.41
2025-04-17 22:17:55,723 [icarl.py] => Task 9, Epoch 79/200 => Loss 2.329, Loss_clf 0.155, Loss_kd 2.174, Train_accy 96.41
2025-04-17 22:17:59,658 [icarl.py] => Task 9, Epoch 80/200 => Loss 2.307, Loss_clf 0.165, Loss_kd 2.143, Train_accy 95.90
2025-04-17 22:18:13,063 [icarl.py] => Task 9, Epoch 81/200 => Loss 2.273, Loss_clf 0.133, Loss_kd 2.140, Train_accy 97.07, Test_accy {'Art': 16.07, 'Clipart': 33.98, 'Real World': 21.68, 'Product': 50.56}
2025-04-17 22:18:16,980 [icarl.py] => Task 9, Epoch 82/200 => Loss 2.316, Loss_clf 0.159, Loss_kd 2.157, Train_accy 96.11
2025-04-17 22:18:20,901 [icarl.py] => Task 9, Epoch 83/200 => Loss 2.306, Loss_clf 0.148, Loss_kd 2.158, Train_accy 96.56
2025-04-17 22:18:24,810 [icarl.py] => Task 9, Epoch 84/200 => Loss 2.298, Loss_clf 0.153, Loss_kd 2.146, Train_accy 96.61
2025-04-17 22:18:28,727 [icarl.py] => Task 9, Epoch 85/200 => Loss 2.294, Loss_clf 0.151, Loss_kd 2.143, Train_accy 96.01
2025-04-17 22:18:32,643 [icarl.py] => Task 9, Epoch 86/200 => Loss 2.275, Loss_clf 0.123, Loss_kd 2.153, Train_accy 97.52
2025-04-17 22:18:36,530 [icarl.py] => Task 9, Epoch 87/200 => Loss 2.282, Loss_clf 0.143, Loss_kd 2.140, Train_accy 96.41
2025-04-17 22:18:40,425 [icarl.py] => Task 9, Epoch 88/200 => Loss 2.281, Loss_clf 0.142, Loss_kd 2.139, Train_accy 96.76
2025-04-17 22:18:44,358 [icarl.py] => Task 9, Epoch 89/200 => Loss 2.276, Loss_clf 0.125, Loss_kd 2.151, Train_accy 97.22
2025-04-17 22:18:48,268 [icarl.py] => Task 9, Epoch 90/200 => Loss 2.273, Loss_clf 0.112, Loss_kd 2.161, Train_accy 97.67
2025-04-17 22:18:52,176 [icarl.py] => Task 9, Epoch 91/200 => Loss 2.252, Loss_clf 0.134, Loss_kd 2.118, Train_accy 96.97
2025-04-17 22:18:56,113 [icarl.py] => Task 9, Epoch 92/200 => Loss 2.212, Loss_clf 0.099, Loss_kd 2.113, Train_accy 97.83
2025-04-17 22:19:00,048 [icarl.py] => Task 9, Epoch 93/200 => Loss 2.246, Loss_clf 0.119, Loss_kd 2.127, Train_accy 97.57
2025-04-17 22:19:03,988 [icarl.py] => Task 9, Epoch 94/200 => Loss 2.263, Loss_clf 0.130, Loss_kd 2.133, Train_accy 96.92
2025-04-17 22:19:07,902 [icarl.py] => Task 9, Epoch 95/200 => Loss 2.233, Loss_clf 0.104, Loss_kd 2.129, Train_accy 97.52
2025-04-17 22:19:11,840 [icarl.py] => Task 9, Epoch 96/200 => Loss 2.219, Loss_clf 0.099, Loss_kd 2.119, Train_accy 97.47
2025-04-17 22:19:15,746 [icarl.py] => Task 9, Epoch 97/200 => Loss 2.212, Loss_clf 0.109, Loss_kd 2.103, Train_accy 97.32
2025-04-17 22:19:19,683 [icarl.py] => Task 9, Epoch 98/200 => Loss 2.237, Loss_clf 0.106, Loss_kd 2.130, Train_accy 97.57
2025-04-17 22:19:23,631 [icarl.py] => Task 9, Epoch 99/200 => Loss 2.246, Loss_clf 0.105, Loss_kd 2.142, Train_accy 97.27
2025-04-17 22:19:27,563 [icarl.py] => Task 9, Epoch 100/200 => Loss 2.265, Loss_clf 0.121, Loss_kd 2.144, Train_accy 97.17
2025-04-17 22:19:40,928 [icarl.py] => Task 9, Epoch 101/200 => Loss 2.275, Loss_clf 0.127, Loss_kd 2.148, Train_accy 96.87, Test_accy {'Art': 16.84, 'Clipart': 36.54, 'Real World': 20.81, 'Product': 53.9}
2025-04-17 22:19:44,819 [icarl.py] => Task 9, Epoch 102/200 => Loss 2.206, Loss_clf 0.103, Loss_kd 2.103, Train_accy 97.52
2025-04-17 22:19:48,713 [icarl.py] => Task 9, Epoch 103/200 => Loss 2.237, Loss_clf 0.099, Loss_kd 2.138, Train_accy 98.38
2025-04-17 22:19:52,611 [icarl.py] => Task 9, Epoch 104/200 => Loss 2.236, Loss_clf 0.099, Loss_kd 2.137, Train_accy 97.78
2025-04-17 22:19:56,547 [icarl.py] => Task 9, Epoch 105/200 => Loss 2.190, Loss_clf 0.095, Loss_kd 2.095, Train_accy 97.93
2025-04-17 22:20:00,433 [icarl.py] => Task 9, Epoch 106/200 => Loss 2.259, Loss_clf 0.127, Loss_kd 2.132, Train_accy 97.07
2025-04-17 22:20:04,349 [icarl.py] => Task 9, Epoch 107/200 => Loss 2.215, Loss_clf 0.098, Loss_kd 2.118, Train_accy 97.47
2025-04-17 22:20:08,247 [icarl.py] => Task 9, Epoch 108/200 => Loss 2.198, Loss_clf 0.095, Loss_kd 2.103, Train_accy 98.08
2025-04-17 22:20:12,162 [icarl.py] => Task 9, Epoch 109/200 => Loss 2.219, Loss_clf 0.105, Loss_kd 2.114, Train_accy 97.47
2025-04-17 22:20:16,085 [icarl.py] => Task 9, Epoch 110/200 => Loss 2.228, Loss_clf 0.107, Loss_kd 2.121, Train_accy 97.42
2025-04-17 22:20:20,014 [icarl.py] => Task 9, Epoch 111/200 => Loss 2.225, Loss_clf 0.100, Loss_kd 2.125, Train_accy 97.83
2025-04-17 22:20:23,946 [icarl.py] => Task 9, Epoch 112/200 => Loss 2.187, Loss_clf 0.083, Loss_kd 2.104, Train_accy 98.13
2025-04-17 22:20:27,893 [icarl.py] => Task 9, Epoch 113/200 => Loss 2.203, Loss_clf 0.088, Loss_kd 2.115, Train_accy 98.28
2025-04-17 22:20:31,803 [icarl.py] => Task 9, Epoch 114/200 => Loss 2.209, Loss_clf 0.100, Loss_kd 2.109, Train_accy 97.93
2025-04-17 22:20:35,739 [icarl.py] => Task 9, Epoch 115/200 => Loss 2.172, Loss_clf 0.074, Loss_kd 2.098, Train_accy 98.53
2025-04-17 22:20:39,677 [icarl.py] => Task 9, Epoch 116/200 => Loss 2.190, Loss_clf 0.089, Loss_kd 2.101, Train_accy 98.03
2025-04-17 22:20:43,592 [icarl.py] => Task 9, Epoch 117/200 => Loss 2.184, Loss_clf 0.080, Loss_kd 2.105, Train_accy 98.23
2025-04-17 22:20:47,518 [icarl.py] => Task 9, Epoch 118/200 => Loss 2.168, Loss_clf 0.079, Loss_kd 2.089, Train_accy 98.63
2025-04-17 22:20:51,458 [icarl.py] => Task 9, Epoch 119/200 => Loss 2.179, Loss_clf 0.085, Loss_kd 2.094, Train_accy 98.38
2025-04-17 22:20:55,402 [icarl.py] => Task 9, Epoch 120/200 => Loss 2.200, Loss_clf 0.086, Loss_kd 2.115, Train_accy 98.03
2025-04-17 22:21:08,553 [icarl.py] => Task 9, Epoch 121/200 => Loss 2.216, Loss_clf 0.092, Loss_kd 2.124, Train_accy 98.28, Test_accy {'Art': 16.33, 'Clipart': 37.89, 'Real World': 20.95, 'Product': 55.57}
2025-04-17 22:21:12,456 [icarl.py] => Task 9, Epoch 122/200 => Loss 2.196, Loss_clf 0.094, Loss_kd 2.102, Train_accy 98.08
2025-04-17 22:21:16,349 [icarl.py] => Task 9, Epoch 123/200 => Loss 2.187, Loss_clf 0.082, Loss_kd 2.105, Train_accy 98.33
2025-04-17 22:21:20,278 [icarl.py] => Task 9, Epoch 124/200 => Loss 2.214, Loss_clf 0.093, Loss_kd 2.121, Train_accy 98.03
2025-04-17 22:21:24,174 [icarl.py] => Task 9, Epoch 125/200 => Loss 2.163, Loss_clf 0.075, Loss_kd 2.088, Train_accy 98.43
2025-04-17 22:21:28,061 [icarl.py] => Task 9, Epoch 126/200 => Loss 2.209, Loss_clf 0.089, Loss_kd 2.119, Train_accy 98.08
2025-04-17 22:21:31,961 [icarl.py] => Task 9, Epoch 127/200 => Loss 2.159, Loss_clf 0.084, Loss_kd 2.075, Train_accy 98.18
2025-04-17 22:21:35,878 [icarl.py] => Task 9, Epoch 128/200 => Loss 2.164, Loss_clf 0.078, Loss_kd 2.085, Train_accy 98.28
2025-04-17 22:21:39,787 [icarl.py] => Task 9, Epoch 129/200 => Loss 2.165, Loss_clf 0.074, Loss_kd 2.091, Train_accy 98.38
2025-04-17 22:21:43,713 [icarl.py] => Task 9, Epoch 130/200 => Loss 2.155, Loss_clf 0.069, Loss_kd 2.086, Train_accy 98.48
2025-04-17 22:21:47,649 [icarl.py] => Task 9, Epoch 131/200 => Loss 2.171, Loss_clf 0.075, Loss_kd 2.096, Train_accy 98.38
2025-04-17 22:21:51,608 [icarl.py] => Task 9, Epoch 132/200 => Loss 2.175, Loss_clf 0.087, Loss_kd 2.088, Train_accy 98.23
2025-04-17 22:21:55,540 [icarl.py] => Task 9, Epoch 133/200 => Loss 2.155, Loss_clf 0.055, Loss_kd 2.100, Train_accy 99.14
2025-04-17 22:21:59,443 [icarl.py] => Task 9, Epoch 134/200 => Loss 2.134, Loss_clf 0.070, Loss_kd 2.064, Train_accy 98.58
2025-04-17 22:22:03,347 [icarl.py] => Task 9, Epoch 135/200 => Loss 2.177, Loss_clf 0.084, Loss_kd 2.093, Train_accy 98.38
2025-04-17 22:22:07,245 [icarl.py] => Task 9, Epoch 136/200 => Loss 2.154, Loss_clf 0.065, Loss_kd 2.089, Train_accy 98.74
2025-04-17 22:22:11,190 [icarl.py] => Task 9, Epoch 137/200 => Loss 2.159, Loss_clf 0.074, Loss_kd 2.086, Train_accy 98.43
2025-04-17 22:22:15,117 [icarl.py] => Task 9, Epoch 138/200 => Loss 2.156, Loss_clf 0.065, Loss_kd 2.091, Train_accy 98.84
2025-04-17 22:22:19,044 [icarl.py] => Task 9, Epoch 139/200 => Loss 2.164, Loss_clf 0.075, Loss_kd 2.089, Train_accy 98.38
2025-04-17 22:22:22,951 [icarl.py] => Task 9, Epoch 140/200 => Loss 2.154, Loss_clf 0.070, Loss_kd 2.084, Train_accy 98.53
2025-04-17 22:22:35,905 [icarl.py] => Task 9, Epoch 141/200 => Loss 2.163, Loss_clf 0.068, Loss_kd 2.095, Train_accy 98.94, Test_accy {'Art': 17.6, 'Clipart': 38.2, 'Real World': 20.95, 'Product': 55.15}
2025-04-17 22:22:39,793 [icarl.py] => Task 9, Epoch 142/200 => Loss 2.151, Loss_clf 0.064, Loss_kd 2.086, Train_accy 98.63
2025-04-17 22:22:43,679 [icarl.py] => Task 9, Epoch 143/200 => Loss 2.120, Loss_clf 0.057, Loss_kd 2.063, Train_accy 98.94
2025-04-17 22:22:47,582 [icarl.py] => Task 9, Epoch 144/200 => Loss 2.153, Loss_clf 0.072, Loss_kd 2.081, Train_accy 98.28
2025-04-17 22:22:51,517 [icarl.py] => Task 9, Epoch 145/200 => Loss 2.157, Loss_clf 0.076, Loss_kd 2.081, Train_accy 98.43
2025-04-17 22:22:55,420 [icarl.py] => Task 9, Epoch 146/200 => Loss 2.154, Loss_clf 0.063, Loss_kd 2.091, Train_accy 98.69
2025-04-17 22:22:59,334 [icarl.py] => Task 9, Epoch 147/200 => Loss 2.150, Loss_clf 0.066, Loss_kd 2.084, Train_accy 98.69
2025-04-17 22:23:03,249 [icarl.py] => Task 9, Epoch 148/200 => Loss 2.154, Loss_clf 0.066, Loss_kd 2.087, Train_accy 98.58
2025-04-17 22:23:07,177 [icarl.py] => Task 9, Epoch 149/200 => Loss 2.153, Loss_clf 0.063, Loss_kd 2.090, Train_accy 98.94
2025-04-17 22:23:11,106 [icarl.py] => Task 9, Epoch 150/200 => Loss 2.146, Loss_clf 0.067, Loss_kd 2.078, Train_accy 98.53
2025-04-17 22:23:15,015 [icarl.py] => Task 9, Epoch 151/200 => Loss 2.157, Loss_clf 0.067, Loss_kd 2.090, Train_accy 98.79
2025-04-17 22:23:18,938 [icarl.py] => Task 9, Epoch 152/200 => Loss 2.156, Loss_clf 0.067, Loss_kd 2.089, Train_accy 98.28
2025-04-17 22:23:22,871 [icarl.py] => Task 9, Epoch 153/200 => Loss 2.139, Loss_clf 0.056, Loss_kd 2.083, Train_accy 99.09
2025-04-17 22:23:26,806 [icarl.py] => Task 9, Epoch 154/200 => Loss 2.161, Loss_clf 0.064, Loss_kd 2.097, Train_accy 98.58
2025-04-17 22:23:30,730 [icarl.py] => Task 9, Epoch 155/200 => Loss 2.146, Loss_clf 0.058, Loss_kd 2.088, Train_accy 98.94
2025-04-17 22:23:34,627 [icarl.py] => Task 9, Epoch 156/200 => Loss 2.152, Loss_clf 0.064, Loss_kd 2.087, Train_accy 98.74
2025-04-17 22:23:38,562 [icarl.py] => Task 9, Epoch 157/200 => Loss 2.133, Loss_clf 0.055, Loss_kd 2.079, Train_accy 99.04
2025-04-17 22:23:42,502 [icarl.py] => Task 9, Epoch 158/200 => Loss 2.143, Loss_clf 0.062, Loss_kd 2.081, Train_accy 98.89
2025-04-17 22:23:46,434 [icarl.py] => Task 9, Epoch 159/200 => Loss 2.132, Loss_clf 0.064, Loss_kd 2.069, Train_accy 98.84
2025-04-17 22:23:50,353 [icarl.py] => Task 9, Epoch 160/200 => Loss 2.172, Loss_clf 0.060, Loss_kd 2.112, Train_accy 98.94
2025-04-17 22:24:03,438 [icarl.py] => Task 9, Epoch 161/200 => Loss 2.129, Loss_clf 0.061, Loss_kd 2.069, Train_accy 98.48, Test_accy {'Art': 17.09, 'Clipart': 37.89, 'Real World': 22.11, 'Product': 56.96}
2025-04-17 22:24:07,353 [icarl.py] => Task 9, Epoch 162/200 => Loss 2.144, Loss_clf 0.060, Loss_kd 2.084, Train_accy 98.84
2025-04-17 22:24:11,289 [icarl.py] => Task 9, Epoch 163/200 => Loss 2.138, Loss_clf 0.053, Loss_kd 2.085, Train_accy 99.14
2025-04-17 22:24:15,193 [icarl.py] => Task 9, Epoch 164/200 => Loss 2.146, Loss_clf 0.048, Loss_kd 2.098, Train_accy 99.19
2025-04-17 22:24:19,130 [icarl.py] => Task 9, Epoch 165/200 => Loss 2.149, Loss_clf 0.057, Loss_kd 2.092, Train_accy 99.04
2025-04-17 22:24:23,042 [icarl.py] => Task 9, Epoch 166/200 => Loss 2.164, Loss_clf 0.068, Loss_kd 2.096, Train_accy 98.38
2025-04-17 22:24:26,956 [icarl.py] => Task 9, Epoch 167/200 => Loss 2.172, Loss_clf 0.064, Loss_kd 2.108, Train_accy 98.89
2025-04-17 22:24:30,879 [icarl.py] => Task 9, Epoch 168/200 => Loss 2.170, Loss_clf 0.065, Loss_kd 2.105, Train_accy 98.89
2025-04-17 22:24:34,809 [icarl.py] => Task 9, Epoch 169/200 => Loss 2.112, Loss_clf 0.049, Loss_kd 2.063, Train_accy 99.24
2025-04-17 22:24:38,747 [icarl.py] => Task 9, Epoch 170/200 => Loss 2.132, Loss_clf 0.053, Loss_kd 2.079, Train_accy 99.04
2025-04-17 22:24:42,674 [icarl.py] => Task 9, Epoch 171/200 => Loss 2.117, Loss_clf 0.055, Loss_kd 2.062, Train_accy 98.79
2025-04-17 22:24:46,597 [icarl.py] => Task 9, Epoch 172/200 => Loss 2.143, Loss_clf 0.052, Loss_kd 2.091, Train_accy 99.14
2025-04-17 22:24:50,559 [icarl.py] => Task 9, Epoch 173/200 => Loss 2.152, Loss_clf 0.060, Loss_kd 2.092, Train_accy 98.89
2025-04-17 22:24:54,474 [icarl.py] => Task 9, Epoch 174/200 => Loss 2.126, Loss_clf 0.051, Loss_kd 2.075, Train_accy 99.14
2025-04-17 22:24:58,409 [icarl.py] => Task 9, Epoch 175/200 => Loss 2.135, Loss_clf 0.052, Loss_kd 2.083, Train_accy 99.04
2025-04-17 22:25:02,327 [icarl.py] => Task 9, Epoch 176/200 => Loss 2.144, Loss_clf 0.055, Loss_kd 2.090, Train_accy 98.94
2025-04-17 22:25:06,250 [icarl.py] => Task 9, Epoch 177/200 => Loss 2.159, Loss_clf 0.058, Loss_kd 2.101, Train_accy 99.04
2025-04-17 22:25:10,184 [icarl.py] => Task 9, Epoch 178/200 => Loss 2.134, Loss_clf 0.054, Loss_kd 2.081, Train_accy 98.79
2025-04-17 22:25:14,154 [icarl.py] => Task 9, Epoch 179/200 => Loss 2.127, Loss_clf 0.057, Loss_kd 2.070, Train_accy 98.99
2025-04-17 22:25:18,063 [icarl.py] => Task 9, Epoch 180/200 => Loss 2.118, Loss_clf 0.049, Loss_kd 2.070, Train_accy 99.04
2025-04-17 22:25:31,060 [icarl.py] => Task 9, Epoch 181/200 => Loss 2.159, Loss_clf 0.060, Loss_kd 2.100, Train_accy 98.89, Test_accy {'Art': 17.86, 'Clipart': 38.35, 'Real World': 22.4, 'Product': 57.1}
2025-04-17 22:25:34,955 [icarl.py] => Task 9, Epoch 182/200 => Loss 2.125, Loss_clf 0.046, Loss_kd 2.079, Train_accy 99.14
2025-04-17 22:25:38,855 [icarl.py] => Task 9, Epoch 183/200 => Loss 2.129, Loss_clf 0.056, Loss_kd 2.073, Train_accy 98.89
2025-04-17 22:25:42,765 [icarl.py] => Task 9, Epoch 184/200 => Loss 2.160, Loss_clf 0.063, Loss_kd 2.097, Train_accy 98.69
2025-04-17 22:25:46,704 [icarl.py] => Task 9, Epoch 185/200 => Loss 2.102, Loss_clf 0.042, Loss_kd 2.060, Train_accy 99.34
2025-04-17 22:25:50,622 [icarl.py] => Task 9, Epoch 186/200 => Loss 2.119, Loss_clf 0.054, Loss_kd 2.065, Train_accy 99.14
2025-04-17 22:25:54,527 [icarl.py] => Task 9, Epoch 187/200 => Loss 2.134, Loss_clf 0.052, Loss_kd 2.082, Train_accy 98.99
2025-04-17 22:25:58,453 [icarl.py] => Task 9, Epoch 188/200 => Loss 2.143, Loss_clf 0.063, Loss_kd 2.079, Train_accy 98.74
2025-04-17 22:26:02,385 [icarl.py] => Task 9, Epoch 189/200 => Loss 2.128, Loss_clf 0.051, Loss_kd 2.077, Train_accy 99.19
2025-04-17 22:26:06,300 [icarl.py] => Task 9, Epoch 190/200 => Loss 2.141, Loss_clf 0.056, Loss_kd 2.085, Train_accy 98.94
2025-04-17 22:26:10,211 [icarl.py] => Task 9, Epoch 191/200 => Loss 2.136, Loss_clf 0.054, Loss_kd 2.082, Train_accy 98.94
2025-04-17 22:26:14,116 [icarl.py] => Task 9, Epoch 192/200 => Loss 2.141, Loss_clf 0.052, Loss_kd 2.089, Train_accy 98.99
2025-04-17 22:26:18,057 [icarl.py] => Task 9, Epoch 193/200 => Loss 2.134, Loss_clf 0.050, Loss_kd 2.084, Train_accy 99.34
2025-04-17 22:26:22,001 [icarl.py] => Task 9, Epoch 194/200 => Loss 2.111, Loss_clf 0.045, Loss_kd 2.066, Train_accy 99.29
2025-04-17 22:26:25,927 [icarl.py] => Task 9, Epoch 195/200 => Loss 2.137, Loss_clf 0.060, Loss_kd 2.077, Train_accy 98.99
2025-04-17 22:26:29,842 [icarl.py] => Task 9, Epoch 196/200 => Loss 2.119, Loss_clf 0.057, Loss_kd 2.062, Train_accy 98.94
2025-04-17 22:26:33,760 [icarl.py] => Task 9, Epoch 197/200 => Loss 2.165, Loss_clf 0.067, Loss_kd 2.099, Train_accy 98.69
2025-04-17 22:26:37,695 [icarl.py] => Task 9, Epoch 198/200 => Loss 2.131, Loss_clf 0.055, Loss_kd 2.077, Train_accy 98.89
2025-04-17 22:26:41,639 [icarl.py] => Task 9, Epoch 199/200 => Loss 2.142, Loss_clf 0.058, Loss_kd 2.084, Train_accy 99.04
2025-04-17 22:26:45,570 [icarl.py] => Task 9, Epoch 200/200 => Loss 2.125, Loss_clf 0.047, Loss_kd 2.078, Train_accy 98.94
2025-04-17 22:26:45,571 [base.py] => Reducing exemplars...(26 per classes)
2025-04-17 22:27:02,035 [base.py] => Constructing exemplars...(26 per classes)
2025-04-17 22:27:25,669 [icarl.py] => Exemplar size: 1300
2025-04-17 22:27:26,501 [trainer.py] => CNN [Art]: {'total': 18.37, '00-04': 18.42, '05-09': 20.59, '10-14': 13.51, '15-19': 7.41, '20-24': 10.53, '25-29': 5.88, '30-34': 18.18, '35-39': 9.76, '40-44': 26.32, '45-49': 42.0, 'old': 14.91, 'new': 42.0}
2025-04-17 22:27:26,501 [trainer.py] => NME [Art]: {'total': 19.64, '00-04': 18.42, '05-09': 14.71, '10-14': 16.22, '15-19': 3.7, '20-24': 13.16, '25-29': 8.82, '30-34': 25.45, '35-39': 9.76, '40-44': 21.05, '45-49': 48.0, 'old': 15.5, 'new': 48.0}
2025-04-17 22:27:26,501 [trainer.py] => CNN [Art] top1 curve: [60.53, 47.22, 44.95, 40.44, 33.91, 23.56, 22.43, 19.74, 22.22, 18.37]
2025-04-17 22:27:26,501 [trainer.py] => CNN [Art] top5 curve: [100.0, 84.72, 74.31, 69.12, 64.94, 57.21, 50.57, 49.01, 42.11, 43.62]
2025-04-17 22:27:26,501 [trainer.py] => NME [Art] top1 curve: [57.89, 51.39, 43.12, 35.29, 33.33, 24.04, 20.91, 19.41, 18.71, 19.64]
2025-04-17 22:27:26,501 [trainer.py] => NME [Art] top5 curve: [100.0, 86.11, 76.15, 69.85, 66.09, 55.77, 50.95, 46.38, 42.11, 42.6]
2025-04-17 22:27:26,502 [trainer.py] => Average Accuracy [Art] (CNN): 33.337
2025-04-17 22:27:26,502 [trainer.py] => Average Accuracy [Art] (NME): 32.373000000000005
2025-04-17 22:27:26,502 [trainer.py] => CNN [Clipart]: {'total': 38.5, '00-04': 44.87, '05-09': 32.26, '10-14': 33.33, '15-19': 32.08, '20-24': 28.09, '25-29': 20.97, '30-34': 34.38, '35-39': 29.51, '40-44': 56.06, '45-49': 73.44, 'old': 34.78, 'new': 73.44}
2025-04-17 22:27:26,502 [trainer.py] => NME [Clipart]: {'total': 40.3, '00-04': 46.15, '05-09': 35.48, '10-14': 34.85, '15-19': 39.62, '20-24': 33.71, '25-29': 20.97, '30-34': 35.94, '35-39': 39.34, '40-44': 51.52, '45-49': 65.62, 'old': 37.6, 'new': 65.62}
2025-04-17 22:27:26,502 [trainer.py] => CNN [Clipart] top1 curve: [76.92, 71.43, 65.53, 64.86, 60.34, 50.49, 46.62, 43.36, 42.6, 38.5]
2025-04-17 22:27:26,502 [trainer.py] => CNN [Clipart] top5 curve: [100.0, 92.14, 87.38, 85.33, 84.48, 77.56, 72.78, 69.91, 68.72, 64.81]
2025-04-17 22:27:26,502 [trainer.py] => NME [Clipart] top1 curve: [73.08, 68.57, 68.45, 65.25, 61.49, 53.41, 50.42, 44.49, 43.59, 40.3]
2025-04-17 22:27:26,502 [trainer.py] => NME [Clipart] top5 curve: [100.0, 89.29, 88.35, 85.71, 83.33, 77.07, 72.15, 69.35, 67.55, 63.46]
2025-04-17 22:27:26,502 [trainer.py] => Average Accuracy [Clipart] (CNN): 56.065
2025-04-17 22:27:26,502 [trainer.py] => Average Accuracy [Clipart] (NME): 56.904999999999994
2025-04-17 22:27:26,502 [trainer.py] => CNN [Product]: {'total': 57.38, '00-04': 61.18, '05-09': 53.75, '10-14': 66.13, '15-19': 50.65, '20-24': 50.82, '25-29': 51.9, '30-34': 38.81, '35-39': 53.03, '40-44': 67.14, '45-49': 80.28, 'old': 54.87, 'new': 80.28}
2025-04-17 22:27:26,502 [trainer.py] => NME [Product]: {'total': 60.17, '00-04': 60.0, '05-09': 52.5, '10-14': 70.97, '15-19': 53.25, '20-24': 55.74, '25-29': 60.76, '30-34': 41.79, '35-39': 63.64, '40-44': 65.71, '45-49': 78.87, 'old': 58.11, 'new': 78.87}
2025-04-17 22:27:26,502 [trainer.py] => CNN [Product] top1 curve: [88.24, 85.45, 86.78, 79.28, 76.44, 72.97, 69.47, 63.95, 60.9, 57.38]
2025-04-17 22:27:26,502 [trainer.py] => CNN [Product] top5 curve: [100.0, 99.39, 98.24, 94.74, 94.25, 92.34, 89.24, 87.87, 85.94, 84.12]
2025-04-17 22:27:26,502 [trainer.py] => NME [Product] top1 curve: [87.06, 85.45, 88.11, 80.26, 76.71, 71.4, 68.49, 63.95, 60.74, 60.17]
2025-04-17 22:27:26,502 [trainer.py] => NME [Product] top5 curve: [100.0, 99.39, 98.68, 96.38, 94.25, 92.12, 89.63, 87.52, 85.16, 83.7]
2025-04-17 22:27:26,502 [trainer.py] => Average Accuracy [Product] (CNN): 74.086
2025-04-17 22:27:26,502 [trainer.py] => Average Accuracy [Product] (NME): 74.23400000000001
2025-04-17 22:27:26,502 [trainer.py] => CNN [Real World]: {'total': 22.4, '00-04': 23.29, '05-09': 30.88, '10-14': 20.83, '15-19': 11.94, '20-24': 3.08, '25-29': 20.78, '30-34': 18.67, '35-39': 11.86, '40-44': 26.56, '45-49': 52.78, 'old': 18.87, 'new': 52.78}
2025-04-17 22:27:26,502 [trainer.py] => NME [Real World]: {'total': 24.28, '00-04': 26.03, '05-09': 32.35, '10-14': 20.83, '15-19': 13.43, '20-24': 3.08, '25-29': 25.97, '30-34': 22.67, '35-39': 16.95, '40-44': 28.12, '45-49': 50.0, 'old': 21.29, 'new': 50.0}
2025-04-17 22:27:26,502 [trainer.py] => CNN [Real World] top1 curve: [64.38, 58.16, 47.89, 37.14, 33.04, 31.52, 30.58, 26.26, 24.03, 22.4]
2025-04-17 22:27:26,502 [trainer.py] => CNN [Real World] top5 curve: [100.0, 88.65, 79.34, 68.93, 64.93, 61.61, 58.35, 54.86, 51.13, 48.27]
2025-04-17 22:27:26,503 [trainer.py] => NME [Real World] top1 curve: [63.01, 58.16, 48.36, 38.21, 36.23, 32.46, 30.18, 26.62, 26.29, 24.28]
2025-04-17 22:27:26,503 [trainer.py] => NME [Real World] top5 curve: [100.0, 91.49, 81.22, 73.93, 67.54, 63.51, 58.15, 53.24, 52.26, 49.13]
2025-04-17 22:27:26,503 [trainer.py] => Average Accuracy [Real World] (CNN): 37.54
2025-04-17 22:27:26,503 [trainer.py] => Average Accuracy [Real World] (NME): 38.38
2025-04-17 22:27:26,503 [trainer.py] => NME Harmonic Mean : 30.2283
2025-04-17 22:27:26,503 [trainer.py] => NME Macro Mean : 36.0975
2025-04-17 22:27:26,503 [trainer.py] => CNN Harmonic Mean : 28.2083
2025-04-17 22:27:26,503 [trainer.py] => CNN Macro Mean : 34.1625
2025-04-17 22:27:26,503 [trainer.py] => All params: 21315452
2025-04-17 22:27:26,504 [trainer.py] => Trainable params: 21315452
2025-04-17 22:27:26,505 [icarl.py] => Learning on 50-55
2025-04-17 22:27:40,729 [icarl.py] => Task 10, Epoch 1/200 => Loss 4.206, Loss_clf 1.668, Loss_kd 2.537, Train_accy 57.13, Test_accy {'Art': 4.31, 'Clipart': 15.13, 'Real World': 9.22, 'Product': 19.8}
2025-04-17 22:27:44,813 [icarl.py] => Task 10, Epoch 2/200 => Loss 5.591, Loss_clf 2.390, Loss_kd 3.201, Train_accy 37.82
2025-04-17 22:27:48,903 [icarl.py] => Task 10, Epoch 3/200 => Loss 5.153, Loss_clf 2.083, Loss_kd 3.071, Train_accy 43.25
2025-04-17 22:27:52,952 [icarl.py] => Task 10, Epoch 4/200 => Loss 4.534, Loss_clf 1.644, Loss_kd 2.890, Train_accy 52.93
2025-04-17 22:27:57,037 [icarl.py] => Task 10, Epoch 5/200 => Loss 4.349, Loss_clf 1.528, Loss_kd 2.820, Train_accy 55.62
2025-04-17 22:28:01,164 [icarl.py] => Task 10, Epoch 6/200 => Loss 4.143, Loss_clf 1.389, Loss_kd 2.754, Train_accy 58.73
2025-04-17 22:28:05,323 [icarl.py] => Task 10, Epoch 7/200 => Loss 3.844, Loss_clf 1.162, Loss_kd 2.683, Train_accy 65.06
2025-04-17 22:28:09,457 [icarl.py] => Task 10, Epoch 8/200 => Loss 3.695, Loss_clf 1.053, Loss_kd 2.642, Train_accy 68.41
2025-04-17 22:28:13,569 [icarl.py] => Task 10, Epoch 9/200 => Loss 3.560, Loss_clf 0.941, Loss_kd 2.619, Train_accy 71.29
2025-04-17 22:28:17,683 [icarl.py] => Task 10, Epoch 10/200 => Loss 3.369, Loss_clf 0.822, Loss_kd 2.547, Train_accy 75.21
2025-04-17 22:28:21,806 [icarl.py] => Task 10, Epoch 11/200 => Loss 3.285, Loss_clf 0.736, Loss_kd 2.548, Train_accy 77.67
2025-04-17 22:28:25,930 [icarl.py] => Task 10, Epoch 12/200 => Loss 3.178, Loss_clf 0.676, Loss_kd 2.502, Train_accy 81.11
2025-04-17 22:28:30,067 [icarl.py] => Task 10, Epoch 13/200 => Loss 3.102, Loss_clf 0.636, Loss_kd 2.466, Train_accy 81.44
2025-04-17 22:28:34,207 [icarl.py] => Task 10, Epoch 14/200 => Loss 3.231, Loss_clf 0.714, Loss_kd 2.517, Train_accy 79.13
2025-04-17 22:28:38,319 [icarl.py] => Task 10, Epoch 15/200 => Loss 3.098, Loss_clf 0.602, Loss_kd 2.496, Train_accy 82.25
2025-04-17 22:28:42,412 [icarl.py] => Task 10, Epoch 16/200 => Loss 3.020, Loss_clf 0.555, Loss_kd 2.465, Train_accy 84.18
2025-04-17 22:28:46,517 [icarl.py] => Task 10, Epoch 17/200 => Loss 2.921, Loss_clf 0.486, Loss_kd 2.435, Train_accy 85.93
2025-04-17 22:28:50,661 [icarl.py] => Task 10, Epoch 18/200 => Loss 2.862, Loss_clf 0.459, Loss_kd 2.403, Train_accy 87.20
2025-04-17 22:28:54,761 [icarl.py] => Task 10, Epoch 19/200 => Loss 2.828, Loss_clf 0.435, Loss_kd 2.393, Train_accy 87.35
2025-04-17 22:28:58,926 [icarl.py] => Task 10, Epoch 20/200 => Loss 2.829, Loss_clf 0.416, Loss_kd 2.413, Train_accy 89.05
2025-04-17 22:29:13,285 [icarl.py] => Task 10, Epoch 21/200 => Loss 2.805, Loss_clf 0.393, Loss_kd 2.412, Train_accy 89.47, Test_accy {'Art': 16.1, 'Clipart': 28.29, 'Real World': 17.66, 'Product': 35.63}
2025-04-17 22:29:17,365 [icarl.py] => Task 10, Epoch 22/200 => Loss 2.770, Loss_clf 0.371, Loss_kd 2.399, Train_accy 88.90
2025-04-17 22:29:21,473 [icarl.py] => Task 10, Epoch 23/200 => Loss 2.754, Loss_clf 0.384, Loss_kd 2.370, Train_accy 89.24
2025-04-17 22:29:25,575 [icarl.py] => Task 10, Epoch 24/200 => Loss 2.730, Loss_clf 0.376, Loss_kd 2.354, Train_accy 89.09
2025-04-17 22:29:29,697 [icarl.py] => Task 10, Epoch 25/200 => Loss 2.684, Loss_clf 0.321, Loss_kd 2.363, Train_accy 91.36
2025-04-17 22:29:33,820 [icarl.py] => Task 10, Epoch 26/200 => Loss 2.689, Loss_clf 0.328, Loss_kd 2.360, Train_accy 91.03
2025-04-17 22:29:38,004 [icarl.py] => Task 10, Epoch 27/200 => Loss 2.724, Loss_clf 0.359, Loss_kd 2.365, Train_accy 89.90
2025-04-17 22:29:42,156 [icarl.py] => Task 10, Epoch 28/200 => Loss 2.705, Loss_clf 0.347, Loss_kd 2.359, Train_accy 90.27
2025-04-17 22:29:46,242 [icarl.py] => Task 10, Epoch 29/200 => Loss 2.650, Loss_clf 0.298, Loss_kd 2.352, Train_accy 91.50
2025-04-17 22:29:50,384 [icarl.py] => Task 10, Epoch 30/200 => Loss 2.670, Loss_clf 0.321, Loss_kd 2.349, Train_accy 91.08
2025-04-17 22:29:54,515 [icarl.py] => Task 10, Epoch 31/200 => Loss 2.622, Loss_clf 0.288, Loss_kd 2.334, Train_accy 92.35
2025-04-17 22:29:58,630 [icarl.py] => Task 10, Epoch 32/200 => Loss 2.569, Loss_clf 0.250, Loss_kd 2.319, Train_accy 93.20
2025-04-17 22:30:02,735 [icarl.py] => Task 10, Epoch 33/200 => Loss 2.585, Loss_clf 0.274, Loss_kd 2.311, Train_accy 92.40
2025-04-17 22:30:06,864 [icarl.py] => Task 10, Epoch 34/200 => Loss 2.621, Loss_clf 0.282, Loss_kd 2.339, Train_accy 91.78
2025-04-17 22:30:10,992 [icarl.py] => Task 10, Epoch 35/200 => Loss 2.633, Loss_clf 0.295, Loss_kd 2.338, Train_accy 91.83
2025-04-17 22:30:15,142 [icarl.py] => Task 10, Epoch 36/200 => Loss 2.560, Loss_clf 0.253, Loss_kd 2.306, Train_accy 92.87
2025-04-17 22:30:19,278 [icarl.py] => Task 10, Epoch 37/200 => Loss 2.555, Loss_clf 0.249, Loss_kd 2.305, Train_accy 93.15
2025-04-17 22:30:23,393 [icarl.py] => Task 10, Epoch 38/200 => Loss 2.528, Loss_clf 0.240, Loss_kd 2.287, Train_accy 93.67
2025-04-17 22:30:27,546 [icarl.py] => Task 10, Epoch 39/200 => Loss 2.505, Loss_clf 0.226, Loss_kd 2.279, Train_accy 93.77
2025-04-17 22:30:31,680 [icarl.py] => Task 10, Epoch 40/200 => Loss 2.612, Loss_clf 0.287, Loss_kd 2.326, Train_accy 93.15
2025-04-17 22:30:45,928 [icarl.py] => Task 10, Epoch 41/200 => Loss 2.664, Loss_clf 0.336, Loss_kd 2.328, Train_accy 90.46, Test_accy {'Art': 14.51, 'Clipart': 27.11, 'Real World': 17.79, 'Product': 31.42}
2025-04-17 22:30:50,012 [icarl.py] => Task 10, Epoch 42/200 => Loss 2.601, Loss_clf 0.271, Loss_kd 2.330, Train_accy 92.54
2025-04-17 22:30:54,089 [icarl.py] => Task 10, Epoch 43/200 => Loss 2.537, Loss_clf 0.236, Loss_kd 2.301, Train_accy 93.53
2025-04-17 22:30:58,207 [icarl.py] => Task 10, Epoch 44/200 => Loss 2.548, Loss_clf 0.233, Loss_kd 2.315, Train_accy 93.96
2025-04-17 22:31:02,304 [icarl.py] => Task 10, Epoch 45/200 => Loss 2.514, Loss_clf 0.226, Loss_kd 2.288, Train_accy 93.96
2025-04-17 22:31:06,444 [icarl.py] => Task 10, Epoch 46/200 => Loss 2.657, Loss_clf 0.319, Loss_kd 2.337, Train_accy 91.36
2025-04-17 22:31:10,622 [icarl.py] => Task 10, Epoch 47/200 => Loss 2.632, Loss_clf 0.287, Loss_kd 2.344, Train_accy 92.78
2025-04-17 22:31:14,729 [icarl.py] => Task 10, Epoch 48/200 => Loss 2.576, Loss_clf 0.265, Loss_kd 2.311, Train_accy 92.07
2025-04-17 22:31:18,869 [icarl.py] => Task 10, Epoch 49/200 => Loss 2.544, Loss_clf 0.252, Loss_kd 2.292, Train_accy 93.06
2025-04-17 22:31:23,005 [icarl.py] => Task 10, Epoch 50/200 => Loss 2.551, Loss_clf 0.228, Loss_kd 2.324, Train_accy 93.72
2025-04-17 22:31:27,110 [icarl.py] => Task 10, Epoch 51/200 => Loss 2.495, Loss_clf 0.190, Loss_kd 2.305, Train_accy 95.23
2025-04-17 22:31:31,213 [icarl.py] => Task 10, Epoch 52/200 => Loss 2.489, Loss_clf 0.202, Loss_kd 2.288, Train_accy 94.95
2025-04-17 22:31:35,345 [icarl.py] => Task 10, Epoch 53/200 => Loss 2.505, Loss_clf 0.205, Loss_kd 2.300, Train_accy 94.48
2025-04-17 22:31:39,467 [icarl.py] => Task 10, Epoch 54/200 => Loss 2.492, Loss_clf 0.201, Loss_kd 2.291, Train_accy 94.81
2025-04-17 22:31:43,610 [icarl.py] => Task 10, Epoch 55/200 => Loss 2.481, Loss_clf 0.181, Loss_kd 2.300, Train_accy 95.66
2025-04-17 22:31:47,776 [icarl.py] => Task 10, Epoch 56/200 => Loss 2.508, Loss_clf 0.210, Loss_kd 2.297, Train_accy 94.33
2025-04-17 22:31:51,955 [icarl.py] => Task 10, Epoch 57/200 => Loss 2.536, Loss_clf 0.230, Loss_kd 2.305, Train_accy 94.00
2025-04-17 22:31:56,136 [icarl.py] => Task 10, Epoch 58/200 => Loss 2.477, Loss_clf 0.191, Loss_kd 2.286, Train_accy 95.14
2025-04-17 22:32:00,267 [icarl.py] => Task 10, Epoch 59/200 => Loss 2.462, Loss_clf 0.188, Loss_kd 2.274, Train_accy 95.00
2025-04-17 22:32:04,383 [icarl.py] => Task 10, Epoch 60/200 => Loss 2.473, Loss_clf 0.175, Loss_kd 2.298, Train_accy 95.28
2025-04-17 22:32:18,359 [icarl.py] => Task 10, Epoch 61/200 => Loss 2.456, Loss_clf 0.187, Loss_kd 2.269, Train_accy 94.95, Test_accy {'Art': 15.19, 'Clipart': 32.37, 'Real World': 22.47, 'Product': 48.53}
2025-04-17 22:32:22,499 [icarl.py] => Task 10, Epoch 62/200 => Loss 2.430, Loss_clf 0.173, Loss_kd 2.257, Train_accy 95.75
2025-04-17 22:32:26,608 [icarl.py] => Task 10, Epoch 63/200 => Loss 2.472, Loss_clf 0.180, Loss_kd 2.293, Train_accy 95.33
2025-04-17 22:32:30,692 [icarl.py] => Task 10, Epoch 64/200 => Loss 2.421, Loss_clf 0.163, Loss_kd 2.258, Train_accy 95.75
2025-04-17 22:32:34,850 [icarl.py] => Task 10, Epoch 65/200 => Loss 2.436, Loss_clf 0.165, Loss_kd 2.271, Train_accy 95.99
2025-04-17 22:32:39,031 [icarl.py] => Task 10, Epoch 66/200 => Loss 2.455, Loss_clf 0.172, Loss_kd 2.283, Train_accy 95.23
2025-04-17 22:32:43,213 [icarl.py] => Task 10, Epoch 67/200 => Loss 2.448, Loss_clf 0.169, Loss_kd 2.279, Train_accy 95.89
2025-04-17 22:32:47,337 [icarl.py] => Task 10, Epoch 68/200 => Loss 2.465, Loss_clf 0.197, Loss_kd 2.268, Train_accy 94.71
2025-04-17 22:32:51,468 [icarl.py] => Task 10, Epoch 69/200 => Loss 2.404, Loss_clf 0.161, Loss_kd 2.242, Train_accy 96.36
2025-04-17 22:32:55,587 [icarl.py] => Task 10, Epoch 70/200 => Loss 2.388, Loss_clf 0.137, Loss_kd 2.252, Train_accy 96.88
2025-04-17 22:32:59,707 [icarl.py] => Task 10, Epoch 71/200 => Loss 2.431, Loss_clf 0.161, Loss_kd 2.270, Train_accy 96.13
2025-04-17 22:33:03,853 [icarl.py] => Task 10, Epoch 72/200 => Loss 2.432, Loss_clf 0.159, Loss_kd 2.274, Train_accy 96.22
2025-04-17 22:33:07,962 [icarl.py] => Task 10, Epoch 73/200 => Loss 2.437, Loss_clf 0.153, Loss_kd 2.284, Train_accy 96.22
2025-04-17 22:33:12,075 [icarl.py] => Task 10, Epoch 74/200 => Loss 2.389, Loss_clf 0.141, Loss_kd 2.249, Train_accy 96.32
2025-04-17 22:33:16,220 [icarl.py] => Task 10, Epoch 75/200 => Loss 2.398, Loss_clf 0.144, Loss_kd 2.254, Train_accy 95.99
2025-04-17 22:33:20,348 [icarl.py] => Task 10, Epoch 76/200 => Loss 2.425, Loss_clf 0.168, Loss_kd 2.257, Train_accy 95.33
2025-04-17 22:33:24,493 [icarl.py] => Task 10, Epoch 77/200 => Loss 2.407, Loss_clf 0.149, Loss_kd 2.258, Train_accy 96.41
2025-04-17 22:33:28,624 [icarl.py] => Task 10, Epoch 78/200 => Loss 2.412, Loss_clf 0.151, Loss_kd 2.261, Train_accy 95.89
2025-04-17 22:33:32,757 [icarl.py] => Task 10, Epoch 79/200 => Loss 2.401, Loss_clf 0.149, Loss_kd 2.252, Train_accy 96.18
2025-04-17 22:33:36,891 [icarl.py] => Task 10, Epoch 80/200 => Loss 2.397, Loss_clf 0.147, Loss_kd 2.250, Train_accy 96.08
2025-04-17 22:33:51,087 [icarl.py] => Task 10, Epoch 81/200 => Loss 2.368, Loss_clf 0.129, Loss_kd 2.239, Train_accy 96.46, Test_accy {'Art': 14.06, 'Clipart': 34.34, 'Real World': 18.18, 'Product': 52.49}
2025-04-17 22:33:55,225 [icarl.py] => Task 10, Epoch 82/200 => Loss 2.413, Loss_clf 0.152, Loss_kd 2.262, Train_accy 96.18
2025-04-17 22:33:59,325 [icarl.py] => Task 10, Epoch 83/200 => Loss 2.399, Loss_clf 0.130, Loss_kd 2.269, Train_accy 96.51
2025-04-17 22:34:03,407 [icarl.py] => Task 10, Epoch 84/200 => Loss 2.407, Loss_clf 0.142, Loss_kd 2.265, Train_accy 96.60
2025-04-17 22:34:07,484 [icarl.py] => Task 10, Epoch 85/200 => Loss 2.396, Loss_clf 0.141, Loss_kd 2.255, Train_accy 96.03
2025-04-17 22:34:11,603 [icarl.py] => Task 10, Epoch 86/200 => Loss 2.381, Loss_clf 0.128, Loss_kd 2.254, Train_accy 97.17
2025-04-17 22:34:15,730 [icarl.py] => Task 10, Epoch 87/200 => Loss 2.369, Loss_clf 0.114, Loss_kd 2.254, Train_accy 97.45
2025-04-17 22:34:19,850 [icarl.py] => Task 10, Epoch 88/200 => Loss 2.368, Loss_clf 0.124, Loss_kd 2.244, Train_accy 97.07
2025-04-17 22:34:24,000 [icarl.py] => Task 10, Epoch 89/200 => Loss 2.337, Loss_clf 0.110, Loss_kd 2.226, Train_accy 97.45
2025-04-17 22:34:28,111 [icarl.py] => Task 10, Epoch 90/200 => Loss 2.334, Loss_clf 0.112, Loss_kd 2.222, Train_accy 96.98
2025-04-17 22:34:32,245 [icarl.py] => Task 10, Epoch 91/200 => Loss 2.366, Loss_clf 0.126, Loss_kd 2.240, Train_accy 96.88
2025-04-17 22:34:36,370 [icarl.py] => Task 10, Epoch 92/200 => Loss 2.350, Loss_clf 0.118, Loss_kd 2.232, Train_accy 96.93
2025-04-17 22:34:40,469 [icarl.py] => Task 10, Epoch 93/200 => Loss 2.335, Loss_clf 0.109, Loss_kd 2.225, Train_accy 97.45
2025-04-17 22:34:44,585 [icarl.py] => Task 10, Epoch 94/200 => Loss 2.340, Loss_clf 0.117, Loss_kd 2.223, Train_accy 97.31
2025-04-17 22:34:48,687 [icarl.py] => Task 10, Epoch 95/200 => Loss 2.333, Loss_clf 0.109, Loss_kd 2.223, Train_accy 97.59
2025-04-17 22:34:52,800 [icarl.py] => Task 10, Epoch 96/200 => Loss 2.335, Loss_clf 0.107, Loss_kd 2.228, Train_accy 97.69
2025-04-17 22:34:56,969 [icarl.py] => Task 10, Epoch 97/200 => Loss 2.334, Loss_clf 0.100, Loss_kd 2.233, Train_accy 97.97
2025-04-17 22:35:01,089 [icarl.py] => Task 10, Epoch 98/200 => Loss 2.328, Loss_clf 0.098, Loss_kd 2.230, Train_accy 97.92
2025-04-17 22:35:05,245 [icarl.py] => Task 10, Epoch 99/200 => Loss 2.340, Loss_clf 0.116, Loss_kd 2.224, Train_accy 97.50
2025-04-17 22:35:09,363 [icarl.py] => Task 10, Epoch 100/200 => Loss 2.360, Loss_clf 0.137, Loss_kd 2.223, Train_accy 97.03
2025-04-17 22:35:23,658 [icarl.py] => Task 10, Epoch 101/200 => Loss 2.378, Loss_clf 0.143, Loss_kd 2.235, Train_accy 96.18, Test_accy {'Art': 15.87, 'Clipart': 33.82, 'Real World': 19.61, 'Product': 47.64}
2025-04-17 22:35:27,767 [icarl.py] => Task 10, Epoch 102/200 => Loss 2.332, Loss_clf 0.111, Loss_kd 2.221, Train_accy 97.26
2025-04-17 22:35:31,909 [icarl.py] => Task 10, Epoch 103/200 => Loss 2.324, Loss_clf 0.110, Loss_kd 2.214, Train_accy 97.50
2025-04-17 22:35:36,002 [icarl.py] => Task 10, Epoch 104/200 => Loss 2.354, Loss_clf 0.114, Loss_kd 2.241, Train_accy 97.17
2025-04-17 22:35:40,105 [icarl.py] => Task 10, Epoch 105/200 => Loss 2.324, Loss_clf 0.105, Loss_kd 2.219, Train_accy 97.31
2025-04-17 22:35:44,230 [icarl.py] => Task 10, Epoch 106/200 => Loss 2.327, Loss_clf 0.105, Loss_kd 2.223, Train_accy 97.40
2025-04-17 22:35:48,374 [icarl.py] => Task 10, Epoch 107/200 => Loss 2.319, Loss_clf 0.108, Loss_kd 2.211, Train_accy 97.64
2025-04-17 22:35:52,502 [icarl.py] => Task 10, Epoch 108/200 => Loss 2.306, Loss_clf 0.092, Loss_kd 2.214, Train_accy 97.64
2025-04-17 22:35:56,634 [icarl.py] => Task 10, Epoch 109/200 => Loss 2.305, Loss_clf 0.098, Loss_kd 2.207, Train_accy 97.92
2025-04-17 22:36:00,734 [icarl.py] => Task 10, Epoch 110/200 => Loss 2.306, Loss_clf 0.090, Loss_kd 2.216, Train_accy 97.92
2025-04-17 22:36:04,899 [icarl.py] => Task 10, Epoch 111/200 => Loss 2.311, Loss_clf 0.103, Loss_kd 2.208, Train_accy 97.45
2025-04-17 22:36:09,015 [icarl.py] => Task 10, Epoch 112/200 => Loss 2.297, Loss_clf 0.092, Loss_kd 2.204, Train_accy 97.50
2025-04-17 22:36:13,150 [icarl.py] => Task 10, Epoch 113/200 => Loss 2.297, Loss_clf 0.083, Loss_kd 2.215, Train_accy 97.97
2025-04-17 22:36:17,258 [icarl.py] => Task 10, Epoch 114/200 => Loss 2.303, Loss_clf 0.089, Loss_kd 2.214, Train_accy 97.73
2025-04-17 22:36:21,415 [icarl.py] => Task 10, Epoch 115/200 => Loss 2.322, Loss_clf 0.087, Loss_kd 2.234, Train_accy 97.83
2025-04-17 22:36:25,599 [icarl.py] => Task 10, Epoch 116/200 => Loss 2.276, Loss_clf 0.070, Loss_kd 2.207, Train_accy 98.49
2025-04-17 22:36:29,722 [icarl.py] => Task 10, Epoch 117/200 => Loss 2.286, Loss_clf 0.080, Loss_kd 2.205, Train_accy 98.21
2025-04-17 22:36:33,883 [icarl.py] => Task 10, Epoch 118/200 => Loss 2.281, Loss_clf 0.074, Loss_kd 2.207, Train_accy 98.35
2025-04-17 22:36:38,015 [icarl.py] => Task 10, Epoch 119/200 => Loss 2.272, Loss_clf 0.089, Loss_kd 2.183, Train_accy 97.97
2025-04-17 22:36:42,171 [icarl.py] => Task 10, Epoch 120/200 => Loss 2.296, Loss_clf 0.089, Loss_kd 2.208, Train_accy 98.06
2025-04-17 22:36:56,660 [icarl.py] => Task 10, Epoch 121/200 => Loss 2.299, Loss_clf 0.080, Loss_kd 2.219, Train_accy 98.21, Test_accy {'Art': 14.97, 'Clipart': 36.84, 'Real World': 21.3, 'Product': 52.62}
2025-04-17 22:37:00,840 [icarl.py] => Task 10, Epoch 122/200 => Loss 2.317, Loss_clf 0.088, Loss_kd 2.229, Train_accy 98.11
2025-04-17 22:37:04,955 [icarl.py] => Task 10, Epoch 123/200 => Loss 2.301, Loss_clf 0.085, Loss_kd 2.216, Train_accy 97.73
2025-04-17 22:37:09,056 [icarl.py] => Task 10, Epoch 124/200 => Loss 2.273, Loss_clf 0.074, Loss_kd 2.199, Train_accy 98.63
2025-04-17 22:37:13,184 [icarl.py] => Task 10, Epoch 125/200 => Loss 2.253, Loss_clf 0.073, Loss_kd 2.181, Train_accy 98.77
2025-04-17 22:37:17,349 [icarl.py] => Task 10, Epoch 126/200 => Loss 2.268, Loss_clf 0.072, Loss_kd 2.195, Train_accy 98.49
2025-04-17 22:37:21,459 [icarl.py] => Task 10, Epoch 127/200 => Loss 2.263, Loss_clf 0.071, Loss_kd 2.191, Train_accy 98.58
2025-04-17 22:37:25,561 [icarl.py] => Task 10, Epoch 128/200 => Loss 2.294, Loss_clf 0.092, Loss_kd 2.202, Train_accy 97.59
2025-04-17 22:37:29,690 [icarl.py] => Task 10, Epoch 129/200 => Loss 2.267, Loss_clf 0.066, Loss_kd 2.201, Train_accy 98.77
2025-04-17 22:37:33,821 [icarl.py] => Task 10, Epoch 130/200 => Loss 2.267, Loss_clf 0.075, Loss_kd 2.192, Train_accy 98.11
2025-04-17 22:37:37,975 [icarl.py] => Task 10, Epoch 131/200 => Loss 2.305, Loss_clf 0.084, Loss_kd 2.221, Train_accy 98.30
2025-04-17 22:37:42,130 [icarl.py] => Task 10, Epoch 132/200 => Loss 2.283, Loss_clf 0.076, Loss_kd 2.208, Train_accy 98.54
2025-04-17 22:37:46,271 [icarl.py] => Task 10, Epoch 133/200 => Loss 2.298, Loss_clf 0.084, Loss_kd 2.213, Train_accy 98.11
2025-04-17 22:37:50,387 [icarl.py] => Task 10, Epoch 134/200 => Loss 2.245, Loss_clf 0.062, Loss_kd 2.183, Train_accy 98.82
2025-04-17 22:37:54,518 [icarl.py] => Task 10, Epoch 135/200 => Loss 2.260, Loss_clf 0.071, Loss_kd 2.189, Train_accy 98.49
2025-04-17 22:37:58,654 [icarl.py] => Task 10, Epoch 136/200 => Loss 2.274, Loss_clf 0.090, Loss_kd 2.184, Train_accy 98.06
2025-04-17 22:38:02,776 [icarl.py] => Task 10, Epoch 137/200 => Loss 2.275, Loss_clf 0.069, Loss_kd 2.207, Train_accy 98.35
2025-04-17 22:38:06,883 [icarl.py] => Task 10, Epoch 138/200 => Loss 2.270, Loss_clf 0.070, Loss_kd 2.199, Train_accy 98.35
2025-04-17 22:38:11,038 [icarl.py] => Task 10, Epoch 139/200 => Loss 2.233, Loss_clf 0.066, Loss_kd 2.167, Train_accy 98.54
2025-04-17 22:38:15,177 [icarl.py] => Task 10, Epoch 140/200 => Loss 2.285, Loss_clf 0.081, Loss_kd 2.204, Train_accy 98.06
2025-04-17 22:38:29,317 [icarl.py] => Task 10, Epoch 141/200 => Loss 2.276, Loss_clf 0.069, Loss_kd 2.207, Train_accy 98.58, Test_accy {'Art': 16.1, 'Clipart': 37.76, 'Real World': 22.47, 'Product': 55.04}
2025-04-17 22:38:33,432 [icarl.py] => Task 10, Epoch 142/200 => Loss 2.233, Loss_clf 0.062, Loss_kd 2.171, Train_accy 98.58
2025-04-17 22:38:37,539 [icarl.py] => Task 10, Epoch 143/200 => Loss 2.256, Loss_clf 0.066, Loss_kd 2.190, Train_accy 98.77
2025-04-17 22:38:41,682 [icarl.py] => Task 10, Epoch 144/200 => Loss 2.258, Loss_clf 0.077, Loss_kd 2.181, Train_accy 98.21
2025-04-17 22:38:45,770 [icarl.py] => Task 10, Epoch 145/200 => Loss 2.266, Loss_clf 0.083, Loss_kd 2.183, Train_accy 98.58
2025-04-17 22:38:49,908 [icarl.py] => Task 10, Epoch 146/200 => Loss 2.243, Loss_clf 0.073, Loss_kd 2.170, Train_accy 98.44
2025-04-17 22:38:54,048 [icarl.py] => Task 10, Epoch 147/200 => Loss 2.277, Loss_clf 0.080, Loss_kd 2.197, Train_accy 98.44
2025-04-17 22:38:58,185 [icarl.py] => Task 10, Epoch 148/200 => Loss 2.278, Loss_clf 0.070, Loss_kd 2.208, Train_accy 98.68
2025-04-17 22:39:02,330 [icarl.py] => Task 10, Epoch 149/200 => Loss 2.266, Loss_clf 0.069, Loss_kd 2.197, Train_accy 98.49
2025-04-17 22:39:06,478 [icarl.py] => Task 10, Epoch 150/200 => Loss 2.272, Loss_clf 0.074, Loss_kd 2.198, Train_accy 98.49
2025-04-17 22:39:10,662 [icarl.py] => Task 10, Epoch 151/200 => Loss 2.232, Loss_clf 0.057, Loss_kd 2.174, Train_accy 98.96
2025-04-17 22:39:14,797 [icarl.py] => Task 10, Epoch 152/200 => Loss 2.226, Loss_clf 0.063, Loss_kd 2.163, Train_accy 98.77
2025-04-17 22:39:18,984 [icarl.py] => Task 10, Epoch 153/200 => Loss 2.227, Loss_clf 0.062, Loss_kd 2.165, Train_accy 98.73
2025-04-17 22:39:23,123 [icarl.py] => Task 10, Epoch 154/200 => Loss 2.244, Loss_clf 0.062, Loss_kd 2.182, Train_accy 98.73
2025-04-17 22:39:27,233 [icarl.py] => Task 10, Epoch 155/200 => Loss 2.230, Loss_clf 0.054, Loss_kd 2.176, Train_accy 98.96
2025-04-17 22:39:31,363 [icarl.py] => Task 10, Epoch 156/200 => Loss 2.231, Loss_clf 0.057, Loss_kd 2.175, Train_accy 98.91
2025-04-17 22:39:35,553 [icarl.py] => Task 10, Epoch 157/200 => Loss 2.245, Loss_clf 0.056, Loss_kd 2.188, Train_accy 98.87
2025-04-17 22:39:39,692 [icarl.py] => Task 10, Epoch 158/200 => Loss 2.236, Loss_clf 0.056, Loss_kd 2.180, Train_accy 98.96
2025-04-17 22:39:43,793 [icarl.py] => Task 10, Epoch 159/200 => Loss 2.251, Loss_clf 0.062, Loss_kd 2.188, Train_accy 98.87
2025-04-17 22:39:47,909 [icarl.py] => Task 10, Epoch 160/200 => Loss 2.246, Loss_clf 0.062, Loss_kd 2.184, Train_accy 98.63
2025-04-17 22:40:01,824 [icarl.py] => Task 10, Epoch 161/200 => Loss 2.254, Loss_clf 0.056, Loss_kd 2.198, Train_accy 99.01, Test_accy {'Art': 14.74, 'Clipart': 37.89, 'Real World': 21.04, 'Product': 54.28}
2025-04-17 22:40:05,914 [icarl.py] => Task 10, Epoch 162/200 => Loss 2.259, Loss_clf 0.061, Loss_kd 2.199, Train_accy 98.63
2025-04-17 22:40:09,998 [icarl.py] => Task 10, Epoch 163/200 => Loss 2.241, Loss_clf 0.063, Loss_kd 2.178, Train_accy 98.68
2025-04-17 22:40:14,118 [icarl.py] => Task 10, Epoch 164/200 => Loss 2.233, Loss_clf 0.058, Loss_kd 2.174, Train_accy 98.82
2025-04-17 22:40:18,265 [icarl.py] => Task 10, Epoch 165/200 => Loss 2.239, Loss_clf 0.063, Loss_kd 2.176, Train_accy 98.63
2025-04-17 22:40:22,372 [icarl.py] => Task 10, Epoch 166/200 => Loss 2.219, Loss_clf 0.052, Loss_kd 2.167, Train_accy 99.15
2025-04-17 22:40:26,526 [icarl.py] => Task 10, Epoch 167/200 => Loss 2.227, Loss_clf 0.054, Loss_kd 2.174, Train_accy 99.10
2025-04-17 22:40:30,625 [icarl.py] => Task 10, Epoch 168/200 => Loss 2.232, Loss_clf 0.059, Loss_kd 2.172, Train_accy 98.77
2025-04-17 22:40:34,754 [icarl.py] => Task 10, Epoch 169/200 => Loss 2.247, Loss_clf 0.047, Loss_kd 2.200, Train_accy 99.01
2025-04-17 22:40:38,865 [icarl.py] => Task 10, Epoch 170/200 => Loss 2.241, Loss_clf 0.061, Loss_kd 2.180, Train_accy 98.77
2025-04-17 22:40:42,995 [icarl.py] => Task 10, Epoch 171/200 => Loss 2.277, Loss_clf 0.067, Loss_kd 2.210, Train_accy 98.58
2025-04-17 22:40:47,195 [icarl.py] => Task 10, Epoch 172/200 => Loss 2.235, Loss_clf 0.057, Loss_kd 2.177, Train_accy 98.63
2025-04-17 22:40:51,327 [icarl.py] => Task 10, Epoch 173/200 => Loss 2.215, Loss_clf 0.047, Loss_kd 2.168, Train_accy 99.15
2025-04-17 22:40:55,437 [icarl.py] => Task 10, Epoch 174/200 => Loss 2.193, Loss_clf 0.045, Loss_kd 2.148, Train_accy 99.29
2025-04-17 22:40:59,551 [icarl.py] => Task 10, Epoch 175/200 => Loss 2.192, Loss_clf 0.039, Loss_kd 2.153, Train_accy 99.43
2025-04-17 22:41:03,645 [icarl.py] => Task 10, Epoch 176/200 => Loss 2.246, Loss_clf 0.048, Loss_kd 2.197, Train_accy 99.29
2025-04-17 22:41:07,784 [icarl.py] => Task 10, Epoch 177/200 => Loss 2.243, Loss_clf 0.060, Loss_kd 2.184, Train_accy 98.77
2025-04-17 22:41:11,953 [icarl.py] => Task 10, Epoch 178/200 => Loss 2.265, Loss_clf 0.064, Loss_kd 2.201, Train_accy 98.82
2025-04-17 22:41:16,105 [icarl.py] => Task 10, Epoch 179/200 => Loss 2.246, Loss_clf 0.058, Loss_kd 2.189, Train_accy 98.73
2025-04-17 22:41:20,275 [icarl.py] => Task 10, Epoch 180/200 => Loss 2.225, Loss_clf 0.059, Loss_kd 2.167, Train_accy 98.82
2025-04-17 22:41:34,715 [icarl.py] => Task 10, Epoch 181/200 => Loss 2.245, Loss_clf 0.064, Loss_kd 2.181, Train_accy 98.91, Test_accy {'Art': 15.19, 'Clipart': 38.55, 'Real World': 21.56, 'Product': 54.28}
2025-04-17 22:41:38,864 [icarl.py] => Task 10, Epoch 182/200 => Loss 2.242, Loss_clf 0.063, Loss_kd 2.179, Train_accy 98.54
2025-04-17 22:41:42,953 [icarl.py] => Task 10, Epoch 183/200 => Loss 2.246, Loss_clf 0.049, Loss_kd 2.197, Train_accy 99.01
2025-04-17 22:41:47,061 [icarl.py] => Task 10, Epoch 184/200 => Loss 2.229, Loss_clf 0.048, Loss_kd 2.181, Train_accy 99.15
2025-04-17 22:41:51,172 [icarl.py] => Task 10, Epoch 185/200 => Loss 2.230, Loss_clf 0.051, Loss_kd 2.180, Train_accy 99.06
2025-04-17 22:41:55,297 [icarl.py] => Task 10, Epoch 186/200 => Loss 2.262, Loss_clf 0.078, Loss_kd 2.184, Train_accy 98.49
2025-04-17 22:41:59,401 [icarl.py] => Task 10, Epoch 187/200 => Loss 2.237, Loss_clf 0.052, Loss_kd 2.185, Train_accy 99.06
2025-04-17 22:42:03,501 [icarl.py] => Task 10, Epoch 188/200 => Loss 2.228, Loss_clf 0.059, Loss_kd 2.169, Train_accy 98.82
2025-04-17 22:42:07,633 [icarl.py] => Task 10, Epoch 189/200 => Loss 2.202, Loss_clf 0.046, Loss_kd 2.156, Train_accy 99.20
2025-04-17 22:42:11,768 [icarl.py] => Task 10, Epoch 190/200 => Loss 2.274, Loss_clf 0.060, Loss_kd 2.214, Train_accy 98.87
2025-04-17 22:42:15,895 [icarl.py] => Task 10, Epoch 191/200 => Loss 2.222, Loss_clf 0.048, Loss_kd 2.175, Train_accy 99.01
2025-04-17 22:42:20,041 [icarl.py] => Task 10, Epoch 192/200 => Loss 2.230, Loss_clf 0.047, Loss_kd 2.183, Train_accy 99.06
2025-04-17 22:42:24,167 [icarl.py] => Task 10, Epoch 193/200 => Loss 2.246, Loss_clf 0.057, Loss_kd 2.189, Train_accy 98.63
2025-04-17 22:42:28,285 [icarl.py] => Task 10, Epoch 194/200 => Loss 2.216, Loss_clf 0.048, Loss_kd 2.168, Train_accy 99.15
2025-04-17 22:42:32,423 [icarl.py] => Task 10, Epoch 195/200 => Loss 2.255, Loss_clf 0.065, Loss_kd 2.190, Train_accy 98.68
2025-04-17 22:42:36,550 [icarl.py] => Task 10, Epoch 196/200 => Loss 2.254, Loss_clf 0.052, Loss_kd 2.203, Train_accy 98.87
2025-04-17 22:42:40,692 [icarl.py] => Task 10, Epoch 197/200 => Loss 2.244, Loss_clf 0.062, Loss_kd 2.182, Train_accy 98.54
2025-04-17 22:42:44,833 [icarl.py] => Task 10, Epoch 198/200 => Loss 2.238, Loss_clf 0.048, Loss_kd 2.190, Train_accy 99.15
2025-04-17 22:42:48,987 [icarl.py] => Task 10, Epoch 199/200 => Loss 2.230, Loss_clf 0.051, Loss_kd 2.179, Train_accy 99.10
2025-04-17 22:42:53,158 [icarl.py] => Task 10, Epoch 200/200 => Loss 2.230, Loss_clf 0.047, Loss_kd 2.183, Train_accy 99.39
2025-04-17 22:42:53,159 [base.py] => Reducing exemplars...(23 per classes)
2025-04-17 22:43:11,325 [base.py] => Constructing exemplars...(23 per classes)
2025-04-17 22:43:36,993 [icarl.py] => Exemplar size: 1265
2025-04-17 22:43:37,728 [trainer.py] => CNN [Art]: {'total': 14.97, '00-04': 10.53, '05-09': 17.65, '10-14': 10.81, '15-19': 7.41, '20-24': 2.63, '25-29': 2.94, '30-34': 10.91, '35-39': 7.32, '40-44': 15.79, '45-49': 26.0, '50-54': 40.82, 'old': 11.73, 'new': 40.82}
2025-04-17 22:43:37,728 [trainer.py] => NME [Art]: {'total': 17.01, '00-04': 23.68, '05-09': 20.59, '10-14': 8.11, '15-19': 7.41, '20-24': 5.26, '25-29': 2.94, '30-34': 18.18, '35-39': 7.32, '40-44': 15.79, '45-49': 26.0, '50-54': 38.78, 'old': 14.29, 'new': 38.78}
2025-04-17 22:43:37,728 [trainer.py] => CNN [Art] top1 curve: [60.53, 47.22, 44.95, 40.44, 33.91, 23.56, 22.43, 19.74, 22.22, 18.37, 14.97]
2025-04-17 22:43:37,728 [trainer.py] => CNN [Art] top5 curve: [100.0, 84.72, 74.31, 69.12, 64.94, 57.21, 50.57, 49.01, 42.11, 43.62, 40.14]
2025-04-17 22:43:37,728 [trainer.py] => NME [Art] top1 curve: [57.89, 51.39, 43.12, 35.29, 33.33, 24.04, 20.91, 19.41, 18.71, 19.64, 17.01]
2025-04-17 22:43:37,728 [trainer.py] => NME [Art] top5 curve: [100.0, 86.11, 76.15, 69.85, 66.09, 55.77, 50.95, 46.38, 42.11, 42.6, 40.59]
2025-04-17 22:43:37,729 [trainer.py] => Average Accuracy [Art] (CNN): 31.667272727272724
2025-04-17 22:43:37,729 [trainer.py] => Average Accuracy [Art] (NME): 30.976363636363637
2025-04-17 22:43:37,729 [trainer.py] => CNN [Clipart]: {'total': 38.29, '00-04': 38.46, '05-09': 29.03, '10-14': 28.79, '15-19': 43.4, '20-24': 23.6, '25-29': 19.35, '30-34': 29.69, '35-39': 21.31, '40-44': 43.94, '45-49': 51.56, '50-54': 77.89, 'old': 32.63, 'new': 77.89}
2025-04-17 22:43:37,729 [trainer.py] => NME [Clipart]: {'total': 40.39, '00-04': 39.74, '05-09': 37.1, '10-14': 30.3, '15-19': 45.28, '20-24': 29.21, '25-29': 20.97, '30-34': 29.69, '35-39': 31.15, '40-44': 46.97, '45-49': 50.0, '50-54': 72.63, 'old': 35.79, 'new': 72.63}
2025-04-17 22:43:37,729 [trainer.py] => CNN [Clipart] top1 curve: [76.92, 71.43, 65.53, 64.86, 60.34, 50.49, 46.62, 43.36, 42.6, 38.5, 38.29]
2025-04-17 22:43:37,729 [trainer.py] => CNN [Clipart] top5 curve: [100.0, 92.14, 87.38, 85.33, 84.48, 77.56, 72.78, 69.91, 68.72, 64.81, 61.84]
2025-04-17 22:43:37,729 [trainer.py] => NME [Clipart] top1 curve: [73.08, 68.57, 68.45, 65.25, 61.49, 53.41, 50.42, 44.49, 43.59, 40.3, 40.39]
2025-04-17 22:43:37,729 [trainer.py] => NME [Clipart] top5 curve: [100.0, 89.29, 88.35, 85.71, 83.33, 77.07, 72.15, 69.35, 67.55, 63.46, 63.55]
2025-04-17 22:43:37,730 [trainer.py] => Average Accuracy [Clipart] (CNN): 54.44909090909091
2025-04-17 22:43:37,730 [trainer.py] => Average Accuracy [Clipart] (NME): 55.403636363636366
2025-04-17 22:43:37,730 [trainer.py] => CNN [Product]: {'total': 54.79, '00-04': 57.65, '05-09': 48.75, '10-14': 53.23, '15-19': 51.95, '20-24': 42.62, '25-29': 51.9, '30-34': 41.79, '35-39': 45.45, '40-44': 55.71, '45-49': 64.79, '50-54': 89.23, 'old': 51.67, 'new': 89.23}
2025-04-17 22:43:37,730 [trainer.py] => NME [Product]: {'total': 58.24, '00-04': 61.18, '05-09': 51.25, '10-14': 64.52, '15-19': 53.25, '20-24': 47.54, '25-29': 59.49, '30-34': 44.78, '35-39': 53.03, '40-44': 65.71, '45-49': 64.79, '50-54': 75.38, 'old': 56.69, 'new': 75.38}
2025-04-17 22:43:37,730 [trainer.py] => CNN [Product] top1 curve: [88.24, 85.45, 86.78, 79.28, 76.44, 72.97, 69.47, 63.95, 60.9, 57.38, 54.79]
2025-04-17 22:43:37,730 [trainer.py] => CNN [Product] top5 curve: [100.0, 99.39, 98.24, 94.74, 94.25, 92.34, 89.24, 87.87, 85.94, 84.12, 80.97]
2025-04-17 22:43:37,730 [trainer.py] => NME [Product] top1 curve: [87.06, 85.45, 88.11, 80.26, 76.71, 71.4, 68.49, 63.95, 60.74, 60.17, 58.24]
2025-04-17 22:43:37,730 [trainer.py] => NME [Product] top5 curve: [100.0, 99.39, 98.68, 96.38, 94.25, 92.12, 89.63, 87.52, 85.16, 83.7, 82.12]
2025-04-17 22:43:37,730 [trainer.py] => Average Accuracy [Product] (CNN): 72.33181818181818
2025-04-17 22:43:37,730 [trainer.py] => Average Accuracy [Product] (NME): 72.78
2025-04-17 22:43:37,730 [trainer.py] => CNN [Real World]: {'total': 21.95, '00-04': 28.77, '05-09': 29.41, '10-14': 13.89, '15-19': 5.97, '20-24': 3.08, '25-29': 18.18, '30-34': 18.67, '35-39': 11.86, '40-44': 21.88, '45-49': 36.11, '50-54': 47.44, 'old': 19.08, 'new': 47.44}
2025-04-17 22:43:37,730 [trainer.py] => NME [Real World]: {'total': 24.68, '00-04': 28.77, '05-09': 36.76, '10-14': 16.67, '15-19': 7.46, '20-24': 3.08, '25-29': 24.68, '30-34': 26.67, '35-39': 18.64, '40-44': 20.31, '45-49': 36.11, '50-54': 46.15, 'old': 22.25, 'new': 46.15}
2025-04-17 22:43:37,730 [trainer.py] => CNN [Real World] top1 curve: [64.38, 58.16, 47.89, 37.14, 33.04, 31.52, 30.58, 26.26, 24.03, 22.4, 21.95]
2025-04-17 22:43:37,730 [trainer.py] => CNN [Real World] top5 curve: [100.0, 88.65, 79.34, 68.93, 64.93, 61.61, 58.35, 54.86, 51.13, 48.27, 46.49]
2025-04-17 22:43:37,730 [trainer.py] => NME [Real World] top1 curve: [63.01, 58.16, 48.36, 38.21, 36.23, 32.46, 30.18, 26.62, 26.29, 24.28, 24.68]
2025-04-17 22:43:37,731 [trainer.py] => NME [Real World] top5 curve: [100.0, 91.49, 81.22, 73.93, 67.54, 63.51, 58.15, 53.24, 52.26, 49.13, 47.79]
2025-04-17 22:43:37,731 [trainer.py] => Average Accuracy [Real World] (CNN): 36.12272727272727
2025-04-17 22:43:37,731 [trainer.py] => Average Accuracy [Real World] (NME): 37.13454545454545
2025-04-17 22:43:37,731 [trainer.py] => NME Harmonic Mean : 30.0927
2025-04-17 22:43:37,731 [trainer.py] => NME Macro Mean : 35.0800
2025-04-17 22:43:37,731 [trainer.py] => CNN Harmonic Mean : 27.2766
2025-04-17 22:43:37,731 [trainer.py] => CNN Macro Mean : 32.5000
2025-04-17 22:43:37,732 [trainer.py] => All params: 21318017
2025-04-17 22:43:37,732 [trainer.py] => Trainable params: 21318017
2025-04-17 22:43:37,734 [icarl.py] => Learning on 55-60
2025-04-17 22:43:52,385 [icarl.py] => Task 11, Epoch 1/200 => Loss 4.113, Loss_clf 1.641, Loss_kd 2.472, Train_accy 56.70, Test_accy {'Art': 5.19, 'Clipart': 11.41, 'Real World': 7.55, 'Product': 13.56}
2025-04-17 22:43:56,081 [icarl.py] => Task 11, Epoch 2/200 => Loss 5.173, Loss_clf 2.155, Loss_kd 3.018, Train_accy 40.88
2025-04-17 22:43:59,776 [icarl.py] => Task 11, Epoch 3/200 => Loss 5.161, Loss_clf 2.130, Loss_kd 3.030, Train_accy 41.57
2025-04-17 22:44:03,488 [icarl.py] => Task 11, Epoch 4/200 => Loss 4.570, Loss_clf 1.720, Loss_kd 2.850, Train_accy 50.81
2025-04-17 22:44:07,186 [icarl.py] => Task 11, Epoch 5/200 => Loss 4.063, Loss_clf 1.372, Loss_kd 2.691, Train_accy 62.06
2025-04-17 22:44:10,903 [icarl.py] => Task 11, Epoch 6/200 => Loss 3.850, Loss_clf 1.227, Loss_kd 2.622, Train_accy 64.42
2025-04-17 22:44:14,611 [icarl.py] => Task 11, Epoch 7/200 => Loss 3.688, Loss_clf 1.100, Loss_kd 2.587, Train_accy 68.16
2025-04-17 22:44:18,367 [icarl.py] => Task 11, Epoch 8/200 => Loss 3.475, Loss_clf 0.947, Loss_kd 2.528, Train_accy 72.41
2025-04-17 22:44:22,103 [icarl.py] => Task 11, Epoch 9/200 => Loss 3.402, Loss_clf 0.892, Loss_kd 2.510, Train_accy 74.25
2025-04-17 22:44:25,878 [icarl.py] => Task 11, Epoch 10/200 => Loss 3.242, Loss_clf 0.772, Loss_kd 2.470, Train_accy 78.24
2025-04-17 22:44:29,629 [icarl.py] => Task 11, Epoch 11/200 => Loss 3.167, Loss_clf 0.732, Loss_kd 2.435, Train_accy 79.24
2025-04-17 22:44:33,389 [icarl.py] => Task 11, Epoch 12/200 => Loss 3.077, Loss_clf 0.660, Loss_kd 2.417, Train_accy 81.35
2025-04-17 22:44:37,139 [icarl.py] => Task 11, Epoch 13/200 => Loss 3.029, Loss_clf 0.622, Loss_kd 2.407, Train_accy 82.34
2025-04-17 22:44:40,922 [icarl.py] => Task 11, Epoch 14/200 => Loss 2.924, Loss_clf 0.547, Loss_kd 2.377, Train_accy 84.29
2025-04-17 22:44:44,678 [icarl.py] => Task 11, Epoch 15/200 => Loss 3.015, Loss_clf 0.616, Loss_kd 2.399, Train_accy 82.87
2025-04-17 22:44:48,418 [icarl.py] => Task 11, Epoch 16/200 => Loss 2.816, Loss_clf 0.470, Loss_kd 2.346, Train_accy 87.28
2025-04-17 22:44:52,199 [icarl.py] => Task 11, Epoch 17/200 => Loss 2.843, Loss_clf 0.481, Loss_kd 2.362, Train_accy 86.76
2025-04-17 22:44:55,933 [icarl.py] => Task 11, Epoch 18/200 => Loss 2.820, Loss_clf 0.473, Loss_kd 2.348, Train_accy 87.07
2025-04-17 22:44:59,742 [icarl.py] => Task 11, Epoch 19/200 => Loss 2.791, Loss_clf 0.462, Loss_kd 2.329, Train_accy 87.18
2025-04-17 22:45:03,515 [icarl.py] => Task 11, Epoch 20/200 => Loss 2.797, Loss_clf 0.453, Loss_kd 2.344, Train_accy 88.02
2025-04-17 22:45:18,450 [icarl.py] => Task 11, Epoch 21/200 => Loss 2.710, Loss_clf 0.404, Loss_kd 2.306, Train_accy 88.18, Test_accy {'Art': 9.13, 'Clipart': 21.84, 'Real World': 14.62, 'Product': 31.03}
2025-04-17 22:45:22,218 [icarl.py] => Task 11, Epoch 22/200 => Loss 2.754, Loss_clf 0.443, Loss_kd 2.310, Train_accy 87.44
2025-04-17 22:45:25,962 [icarl.py] => Task 11, Epoch 23/200 => Loss 2.726, Loss_clf 0.390, Loss_kd 2.335, Train_accy 89.23
2025-04-17 22:45:29,731 [icarl.py] => Task 11, Epoch 24/200 => Loss 2.749, Loss_clf 0.428, Loss_kd 2.321, Train_accy 88.49
2025-04-17 22:45:33,455 [icarl.py] => Task 11, Epoch 25/200 => Loss 2.698, Loss_clf 0.382, Loss_kd 2.316, Train_accy 89.54
2025-04-17 22:45:37,184 [icarl.py] => Task 11, Epoch 26/200 => Loss 2.636, Loss_clf 0.352, Loss_kd 2.284, Train_accy 89.91
2025-04-17 22:45:40,955 [icarl.py] => Task 11, Epoch 27/200 => Loss 2.602, Loss_clf 0.318, Loss_kd 2.284, Train_accy 91.28
2025-04-17 22:45:44,690 [icarl.py] => Task 11, Epoch 28/200 => Loss 2.530, Loss_clf 0.285, Loss_kd 2.245, Train_accy 92.54
2025-04-17 22:45:48,501 [icarl.py] => Task 11, Epoch 29/200 => Loss 2.591, Loss_clf 0.303, Loss_kd 2.288, Train_accy 91.70
2025-04-17 22:45:52,253 [icarl.py] => Task 11, Epoch 30/200 => Loss 2.569, Loss_clf 0.311, Loss_kd 2.258, Train_accy 91.70
2025-04-17 22:45:56,002 [icarl.py] => Task 11, Epoch 31/200 => Loss 2.588, Loss_clf 0.311, Loss_kd 2.278, Train_accy 91.49
2025-04-17 22:45:59,752 [icarl.py] => Task 11, Epoch 32/200 => Loss 2.597, Loss_clf 0.321, Loss_kd 2.276, Train_accy 91.59
2025-04-17 22:46:03,471 [icarl.py] => Task 11, Epoch 33/200 => Loss 2.558, Loss_clf 0.291, Loss_kd 2.267, Train_accy 92.80
2025-04-17 22:46:07,201 [icarl.py] => Task 11, Epoch 34/200 => Loss 2.530, Loss_clf 0.276, Loss_kd 2.254, Train_accy 92.80
2025-04-17 22:46:10,947 [icarl.py] => Task 11, Epoch 35/200 => Loss 2.532, Loss_clf 0.279, Loss_kd 2.253, Train_accy 92.64
2025-04-17 22:46:14,721 [icarl.py] => Task 11, Epoch 36/200 => Loss 2.501, Loss_clf 0.274, Loss_kd 2.228, Train_accy 92.75
2025-04-17 22:46:18,473 [icarl.py] => Task 11, Epoch 37/200 => Loss 2.504, Loss_clf 0.257, Loss_kd 2.248, Train_accy 93.01
2025-04-17 22:46:22,248 [icarl.py] => Task 11, Epoch 38/200 => Loss 2.487, Loss_clf 0.237, Loss_kd 2.249, Train_accy 94.17
2025-04-17 22:46:25,987 [icarl.py] => Task 11, Epoch 39/200 => Loss 2.456, Loss_clf 0.244, Loss_kd 2.212, Train_accy 93.80
2025-04-17 22:46:29,746 [icarl.py] => Task 11, Epoch 40/200 => Loss 2.441, Loss_clf 0.219, Loss_kd 2.222, Train_accy 94.59
2025-04-17 22:46:44,486 [icarl.py] => Task 11, Epoch 41/200 => Loss 2.464, Loss_clf 0.234, Loss_kd 2.230, Train_accy 93.75, Test_accy {'Art': 12.24, 'Clipart': 22.94, 'Real World': 16.16, 'Product': 37.46}
2025-04-17 22:46:48,226 [icarl.py] => Task 11, Epoch 42/200 => Loss 2.437, Loss_clf 0.213, Loss_kd 2.224, Train_accy 94.96
2025-04-17 22:46:51,957 [icarl.py] => Task 11, Epoch 43/200 => Loss 2.426, Loss_clf 0.213, Loss_kd 2.213, Train_accy 94.59
2025-04-17 22:46:55,674 [icarl.py] => Task 11, Epoch 44/200 => Loss 2.458, Loss_clf 0.231, Loss_kd 2.228, Train_accy 93.85
2025-04-17 22:46:59,437 [icarl.py] => Task 11, Epoch 45/200 => Loss 2.424, Loss_clf 0.223, Loss_kd 2.201, Train_accy 94.38
2025-04-17 22:47:03,174 [icarl.py] => Task 11, Epoch 46/200 => Loss 2.379, Loss_clf 0.182, Loss_kd 2.197, Train_accy 95.53
2025-04-17 22:47:06,918 [icarl.py] => Task 11, Epoch 47/200 => Loss 2.428, Loss_clf 0.227, Loss_kd 2.202, Train_accy 94.80
2025-04-17 22:47:10,700 [icarl.py] => Task 11, Epoch 48/200 => Loss 2.427, Loss_clf 0.212, Loss_kd 2.215, Train_accy 94.69
2025-04-17 22:47:14,489 [icarl.py] => Task 11, Epoch 49/200 => Loss 2.460, Loss_clf 0.225, Loss_kd 2.235, Train_accy 94.85
2025-04-17 22:47:18,225 [icarl.py] => Task 11, Epoch 50/200 => Loss 2.394, Loss_clf 0.213, Loss_kd 2.181, Train_accy 94.64
2025-04-17 22:47:21,973 [icarl.py] => Task 11, Epoch 51/200 => Loss 2.381, Loss_clf 0.196, Loss_kd 2.185, Train_accy 95.27
2025-04-17 22:47:25,744 [icarl.py] => Task 11, Epoch 52/200 => Loss 2.437, Loss_clf 0.206, Loss_kd 2.231, Train_accy 94.80
2025-04-17 22:47:29,472 [icarl.py] => Task 11, Epoch 53/200 => Loss 2.451, Loss_clf 0.229, Loss_kd 2.223, Train_accy 94.80
2025-04-17 22:47:33,214 [icarl.py] => Task 11, Epoch 54/200 => Loss 2.439, Loss_clf 0.209, Loss_kd 2.230, Train_accy 94.59
2025-04-17 22:47:36,964 [icarl.py] => Task 11, Epoch 55/200 => Loss 2.386, Loss_clf 0.174, Loss_kd 2.212, Train_accy 95.53
2025-04-17 22:47:40,722 [icarl.py] => Task 11, Epoch 56/200 => Loss 2.356, Loss_clf 0.171, Loss_kd 2.185, Train_accy 95.64
2025-04-17 22:47:44,493 [icarl.py] => Task 11, Epoch 57/200 => Loss 2.382, Loss_clf 0.171, Loss_kd 2.210, Train_accy 95.80
2025-04-17 22:47:48,254 [icarl.py] => Task 11, Epoch 58/200 => Loss 2.357, Loss_clf 0.155, Loss_kd 2.202, Train_accy 96.16
2025-04-17 22:47:52,008 [icarl.py] => Task 11, Epoch 59/200 => Loss 2.451, Loss_clf 0.213, Loss_kd 2.238, Train_accy 94.32
2025-04-17 22:47:55,732 [icarl.py] => Task 11, Epoch 60/200 => Loss 2.372, Loss_clf 0.168, Loss_kd 2.204, Train_accy 95.85
2025-04-17 22:48:10,291 [icarl.py] => Task 11, Epoch 61/200 => Loss 2.370, Loss_clf 0.175, Loss_kd 2.195, Train_accy 95.32, Test_accy {'Art': 13.07, 'Clipart': 26.7, 'Real World': 18.75, 'Product': 44.95}
2025-04-17 22:48:14,022 [icarl.py] => Task 11, Epoch 62/200 => Loss 2.368, Loss_clf 0.182, Loss_kd 2.187, Train_accy 94.90
2025-04-17 22:48:17,736 [icarl.py] => Task 11, Epoch 63/200 => Loss 2.383, Loss_clf 0.200, Loss_kd 2.183, Train_accy 95.17
2025-04-17 22:48:21,465 [icarl.py] => Task 11, Epoch 64/200 => Loss 2.355, Loss_clf 0.165, Loss_kd 2.190, Train_accy 95.64
2025-04-17 22:48:25,191 [icarl.py] => Task 11, Epoch 65/200 => Loss 2.363, Loss_clf 0.170, Loss_kd 2.193, Train_accy 95.53
2025-04-17 22:48:28,898 [icarl.py] => Task 11, Epoch 66/200 => Loss 2.358, Loss_clf 0.169, Loss_kd 2.190, Train_accy 95.38
2025-04-17 22:48:32,620 [icarl.py] => Task 11, Epoch 67/200 => Loss 2.353, Loss_clf 0.159, Loss_kd 2.194, Train_accy 96.37
2025-04-17 22:48:36,376 [icarl.py] => Task 11, Epoch 68/200 => Loss 2.340, Loss_clf 0.172, Loss_kd 2.168, Train_accy 95.85
2025-04-17 22:48:40,134 [icarl.py] => Task 11, Epoch 69/200 => Loss 2.315, Loss_clf 0.154, Loss_kd 2.161, Train_accy 96.27
2025-04-17 22:48:43,901 [icarl.py] => Task 11, Epoch 70/200 => Loss 2.326, Loss_clf 0.156, Loss_kd 2.170, Train_accy 96.74
2025-04-17 22:48:47,625 [icarl.py] => Task 11, Epoch 71/200 => Loss 2.360, Loss_clf 0.191, Loss_kd 2.170, Train_accy 94.90
2025-04-17 22:48:51,374 [icarl.py] => Task 11, Epoch 72/200 => Loss 2.330, Loss_clf 0.158, Loss_kd 2.173, Train_accy 96.22
2025-04-17 22:48:55,141 [icarl.py] => Task 11, Epoch 73/200 => Loss 2.402, Loss_clf 0.189, Loss_kd 2.212, Train_accy 95.64
2025-04-17 22:48:58,881 [icarl.py] => Task 11, Epoch 74/200 => Loss 2.328, Loss_clf 0.156, Loss_kd 2.171, Train_accy 96.06
2025-04-17 22:49:02,651 [icarl.py] => Task 11, Epoch 75/200 => Loss 2.277, Loss_clf 0.126, Loss_kd 2.150, Train_accy 97.00
2025-04-17 22:49:06,379 [icarl.py] => Task 11, Epoch 76/200 => Loss 2.307, Loss_clf 0.128, Loss_kd 2.179, Train_accy 97.11
2025-04-17 22:49:10,127 [icarl.py] => Task 11, Epoch 77/200 => Loss 2.288, Loss_clf 0.126, Loss_kd 2.162, Train_accy 97.00
2025-04-17 22:49:13,921 [icarl.py] => Task 11, Epoch 78/200 => Loss 2.308, Loss_clf 0.141, Loss_kd 2.167, Train_accy 96.53
2025-04-17 22:49:17,855 [icarl.py] => Task 11, Epoch 79/200 => Loss 2.293, Loss_clf 0.140, Loss_kd 2.153, Train_accy 97.16
2025-04-17 22:49:21,686 [icarl.py] => Task 11, Epoch 80/200 => Loss 2.300, Loss_clf 0.123, Loss_kd 2.177, Train_accy 97.06
2025-04-17 22:49:37,363 [icarl.py] => Task 11, Epoch 81/200 => Loss 2.265, Loss_clf 0.113, Loss_kd 2.152, Train_accy 98.16, Test_accy {'Art': 12.66, 'Clipart': 29.98, 'Real World': 18.28, 'Product': 49.94}
2025-04-17 22:49:41,129 [icarl.py] => Task 11, Epoch 82/200 => Loss 2.262, Loss_clf 0.120, Loss_kd 2.142, Train_accy 97.27
2025-04-17 22:49:44,856 [icarl.py] => Task 11, Epoch 83/200 => Loss 2.269, Loss_clf 0.136, Loss_kd 2.133, Train_accy 96.64
2025-04-17 22:49:48,592 [icarl.py] => Task 11, Epoch 84/200 => Loss 2.279, Loss_clf 0.126, Loss_kd 2.153, Train_accy 96.95
2025-04-17 22:49:52,359 [icarl.py] => Task 11, Epoch 85/200 => Loss 2.233, Loss_clf 0.097, Loss_kd 2.136, Train_accy 97.90
2025-04-17 22:49:56,097 [icarl.py] => Task 11, Epoch 86/200 => Loss 2.296, Loss_clf 0.129, Loss_kd 2.167, Train_accy 97.11
2025-04-17 22:49:59,846 [icarl.py] => Task 11, Epoch 87/200 => Loss 2.247, Loss_clf 0.104, Loss_kd 2.143, Train_accy 97.79
2025-04-17 22:50:03,662 [icarl.py] => Task 11, Epoch 88/200 => Loss 2.289, Loss_clf 0.143, Loss_kd 2.146, Train_accy 96.74
2025-04-17 22:50:07,380 [icarl.py] => Task 11, Epoch 89/200 => Loss 2.223, Loss_clf 0.092, Loss_kd 2.131, Train_accy 97.53
2025-04-17 22:50:11,094 [icarl.py] => Task 11, Epoch 90/200 => Loss 2.270, Loss_clf 0.120, Loss_kd 2.151, Train_accy 97.00
2025-04-17 22:50:14,860 [icarl.py] => Task 11, Epoch 91/200 => Loss 2.260, Loss_clf 0.104, Loss_kd 2.157, Train_accy 97.58
2025-04-17 22:50:18,608 [icarl.py] => Task 11, Epoch 92/200 => Loss 2.228, Loss_clf 0.103, Loss_kd 2.125, Train_accy 97.53
2025-04-17 22:50:22,326 [icarl.py] => Task 11, Epoch 93/200 => Loss 2.281, Loss_clf 0.124, Loss_kd 2.156, Train_accy 96.90
2025-04-17 22:50:26,071 [icarl.py] => Task 11, Epoch 94/200 => Loss 2.246, Loss_clf 0.105, Loss_kd 2.142, Train_accy 97.53
2025-04-17 22:50:29,810 [icarl.py] => Task 11, Epoch 95/200 => Loss 2.216, Loss_clf 0.092, Loss_kd 2.125, Train_accy 98.16
2025-04-17 22:50:33,565 [icarl.py] => Task 11, Epoch 96/200 => Loss 2.261, Loss_clf 0.111, Loss_kd 2.150, Train_accy 97.32
2025-04-17 22:50:37,337 [icarl.py] => Task 11, Epoch 97/200 => Loss 2.255, Loss_clf 0.116, Loss_kd 2.139, Train_accy 97.21
2025-04-17 22:50:41,084 [icarl.py] => Task 11, Epoch 98/200 => Loss 2.250, Loss_clf 0.118, Loss_kd 2.132, Train_accy 97.32
2025-04-17 22:50:44,846 [icarl.py] => Task 11, Epoch 99/200 => Loss 2.242, Loss_clf 0.098, Loss_kd 2.143, Train_accy 97.95
2025-04-17 22:50:48,637 [icarl.py] => Task 11, Epoch 100/200 => Loss 2.266, Loss_clf 0.118, Loss_kd 2.149, Train_accy 97.21
2025-04-17 22:51:03,279 [icarl.py] => Task 11, Epoch 101/200 => Loss 2.234, Loss_clf 0.093, Loss_kd 2.141, Train_accy 97.85, Test_accy {'Art': 14.11, 'Clipart': 29.98, 'Real World': 18.28, 'Product': 48.28}
2025-04-17 22:51:06,996 [icarl.py] => Task 11, Epoch 102/200 => Loss 2.270, Loss_clf 0.109, Loss_kd 2.161, Train_accy 97.58
2025-04-17 22:51:10,746 [icarl.py] => Task 11, Epoch 103/200 => Loss 2.240, Loss_clf 0.104, Loss_kd 2.136, Train_accy 97.90
2025-04-17 22:51:14,481 [icarl.py] => Task 11, Epoch 104/200 => Loss 2.216, Loss_clf 0.090, Loss_kd 2.126, Train_accy 98.21
2025-04-17 22:51:18,230 [icarl.py] => Task 11, Epoch 105/200 => Loss 2.241, Loss_clf 0.106, Loss_kd 2.135, Train_accy 97.69
2025-04-17 22:51:21,961 [icarl.py] => Task 11, Epoch 106/200 => Loss 2.220, Loss_clf 0.085, Loss_kd 2.135, Train_accy 98.06
2025-04-17 22:51:25,687 [icarl.py] => Task 11, Epoch 107/200 => Loss 2.213, Loss_clf 0.087, Loss_kd 2.126, Train_accy 97.85
2025-04-17 22:51:29,458 [icarl.py] => Task 11, Epoch 108/200 => Loss 2.205, Loss_clf 0.086, Loss_kd 2.120, Train_accy 98.16
2025-04-17 22:51:33,197 [icarl.py] => Task 11, Epoch 109/200 => Loss 2.183, Loss_clf 0.079, Loss_kd 2.103, Train_accy 98.58
2025-04-17 22:51:36,920 [icarl.py] => Task 11, Epoch 110/200 => Loss 2.172, Loss_clf 0.080, Loss_kd 2.092, Train_accy 98.42
2025-04-17 22:51:40,683 [icarl.py] => Task 11, Epoch 111/200 => Loss 2.203, Loss_clf 0.082, Loss_kd 2.120, Train_accy 98.32
2025-04-17 22:51:44,475 [icarl.py] => Task 11, Epoch 112/200 => Loss 2.195, Loss_clf 0.072, Loss_kd 2.123, Train_accy 98.48
2025-04-17 22:51:48,185 [icarl.py] => Task 11, Epoch 113/200 => Loss 2.181, Loss_clf 0.067, Loss_kd 2.114, Train_accy 98.53
2025-04-17 22:51:51,905 [icarl.py] => Task 11, Epoch 114/200 => Loss 2.210, Loss_clf 0.097, Loss_kd 2.113, Train_accy 97.74
2025-04-17 22:51:55,691 [icarl.py] => Task 11, Epoch 115/200 => Loss 2.250, Loss_clf 0.105, Loss_kd 2.145, Train_accy 97.53
2025-04-17 22:51:59,451 [icarl.py] => Task 11, Epoch 116/200 => Loss 2.204, Loss_clf 0.086, Loss_kd 2.118, Train_accy 98.06
2025-04-17 22:52:03,219 [icarl.py] => Task 11, Epoch 117/200 => Loss 2.212, Loss_clf 0.085, Loss_kd 2.128, Train_accy 97.90
2025-04-17 22:52:07,082 [icarl.py] => Task 11, Epoch 118/200 => Loss 2.209, Loss_clf 0.090, Loss_kd 2.119, Train_accy 98.16
2025-04-17 22:52:10,868 [icarl.py] => Task 11, Epoch 119/200 => Loss 2.221, Loss_clf 0.099, Loss_kd 2.121, Train_accy 97.48
2025-04-17 22:52:14,615 [icarl.py] => Task 11, Epoch 120/200 => Loss 2.204, Loss_clf 0.082, Loss_kd 2.122, Train_accy 98.11
2025-04-17 22:52:29,585 [icarl.py] => Task 11, Epoch 121/200 => Loss 2.189, Loss_clf 0.066, Loss_kd 2.123, Train_accy 98.58, Test_accy {'Art': 13.28, 'Clipart': 31.43, 'Real World': 19.1, 'Product': 49.35}
2025-04-17 22:52:33,322 [icarl.py] => Task 11, Epoch 122/200 => Loss 2.205, Loss_clf 0.081, Loss_kd 2.124, Train_accy 98.53
2025-04-17 22:52:37,247 [icarl.py] => Task 11, Epoch 123/200 => Loss 2.198, Loss_clf 0.080, Loss_kd 2.118, Train_accy 98.42
2025-04-17 22:52:40,985 [icarl.py] => Task 11, Epoch 124/200 => Loss 2.185, Loss_clf 0.072, Loss_kd 2.113, Train_accy 98.32
2025-04-17 22:52:44,738 [icarl.py] => Task 11, Epoch 125/200 => Loss 2.188, Loss_clf 0.072, Loss_kd 2.116, Train_accy 98.63
2025-04-17 22:52:48,522 [icarl.py] => Task 11, Epoch 126/200 => Loss 2.188, Loss_clf 0.074, Loss_kd 2.115, Train_accy 98.74
2025-04-17 22:52:52,296 [icarl.py] => Task 11, Epoch 127/200 => Loss 2.168, Loss_clf 0.058, Loss_kd 2.110, Train_accy 98.95
2025-04-17 22:52:56,044 [icarl.py] => Task 11, Epoch 128/200 => Loss 2.183, Loss_clf 0.065, Loss_kd 2.118, Train_accy 98.84
2025-04-17 22:52:59,787 [icarl.py] => Task 11, Epoch 129/200 => Loss 2.198, Loss_clf 0.072, Loss_kd 2.125, Train_accy 98.58
2025-04-17 22:53:03,530 [icarl.py] => Task 11, Epoch 130/200 => Loss 2.200, Loss_clf 0.084, Loss_kd 2.116, Train_accy 98.21
2025-04-17 22:53:07,267 [icarl.py] => Task 11, Epoch 131/200 => Loss 2.164, Loss_clf 0.062, Loss_kd 2.102, Train_accy 98.79
2025-04-17 22:53:11,021 [icarl.py] => Task 11, Epoch 132/200 => Loss 2.159, Loss_clf 0.077, Loss_kd 2.082, Train_accy 98.27
2025-04-17 22:53:14,783 [icarl.py] => Task 11, Epoch 133/200 => Loss 2.187, Loss_clf 0.063, Loss_kd 2.124, Train_accy 98.74
2025-04-17 22:53:18,542 [icarl.py] => Task 11, Epoch 134/200 => Loss 2.150, Loss_clf 0.060, Loss_kd 2.089, Train_accy 99.05
2025-04-17 22:53:22,257 [icarl.py] => Task 11, Epoch 135/200 => Loss 2.175, Loss_clf 0.070, Loss_kd 2.104, Train_accy 98.58
2025-04-17 22:53:26,013 [icarl.py] => Task 11, Epoch 136/200 => Loss 2.181, Loss_clf 0.067, Loss_kd 2.114, Train_accy 98.79
2025-04-17 22:53:29,767 [icarl.py] => Task 11, Epoch 137/200 => Loss 2.162, Loss_clf 0.053, Loss_kd 2.109, Train_accy 99.00
2025-04-17 22:53:33,497 [icarl.py] => Task 11, Epoch 138/200 => Loss 2.161, Loss_clf 0.055, Loss_kd 2.105, Train_accy 98.84
2025-04-17 22:53:37,257 [icarl.py] => Task 11, Epoch 139/200 => Loss 2.157, Loss_clf 0.059, Loss_kd 2.097, Train_accy 98.74
2025-04-17 22:53:41,001 [icarl.py] => Task 11, Epoch 140/200 => Loss 2.186, Loss_clf 0.070, Loss_kd 2.116, Train_accy 98.79
2025-04-17 22:53:55,695 [icarl.py] => Task 11, Epoch 141/200 => Loss 2.173, Loss_clf 0.071, Loss_kd 2.101, Train_accy 98.53, Test_accy {'Art': 14.73, 'Clipart': 33.13, 'Real World': 19.34, 'Product': 53.27}
2025-04-17 22:53:59,455 [icarl.py] => Task 11, Epoch 142/200 => Loss 2.171, Loss_clf 0.052, Loss_kd 2.119, Train_accy 99.00
2025-04-17 22:54:03,160 [icarl.py] => Task 11, Epoch 143/200 => Loss 2.180, Loss_clf 0.080, Loss_kd 2.100, Train_accy 98.21
2025-04-17 22:54:06,905 [icarl.py] => Task 11, Epoch 144/200 => Loss 2.163, Loss_clf 0.061, Loss_kd 2.102, Train_accy 98.90
2025-04-17 22:54:10,655 [icarl.py] => Task 11, Epoch 145/200 => Loss 2.164, Loss_clf 0.054, Loss_kd 2.109, Train_accy 99.16
2025-04-17 22:54:14,394 [icarl.py] => Task 11, Epoch 146/200 => Loss 2.181, Loss_clf 0.067, Loss_kd 2.114, Train_accy 99.00
2025-04-17 22:54:18,143 [icarl.py] => Task 11, Epoch 147/200 => Loss 2.176, Loss_clf 0.061, Loss_kd 2.115, Train_accy 98.95
2025-04-17 22:54:21,900 [icarl.py] => Task 11, Epoch 148/200 => Loss 2.163, Loss_clf 0.059, Loss_kd 2.104, Train_accy 98.84
2025-04-17 22:54:25,640 [icarl.py] => Task 11, Epoch 149/200 => Loss 2.185, Loss_clf 0.055, Loss_kd 2.130, Train_accy 98.90
2025-04-17 22:54:29,353 [icarl.py] => Task 11, Epoch 150/200 => Loss 2.164, Loss_clf 0.068, Loss_kd 2.096, Train_accy 98.37
2025-04-17 22:54:33,148 [icarl.py] => Task 11, Epoch 151/200 => Loss 2.153, Loss_clf 0.067, Loss_kd 2.086, Train_accy 98.74
2025-04-17 22:54:36,923 [icarl.py] => Task 11, Epoch 152/200 => Loss 2.177, Loss_clf 0.064, Loss_kd 2.113, Train_accy 98.95
2025-04-17 22:54:40,671 [icarl.py] => Task 11, Epoch 153/200 => Loss 2.190, Loss_clf 0.059, Loss_kd 2.131, Train_accy 98.90
2025-04-17 22:54:44,392 [icarl.py] => Task 11, Epoch 154/200 => Loss 2.170, Loss_clf 0.061, Loss_kd 2.109, Train_accy 98.84
2025-04-17 22:54:48,139 [icarl.py] => Task 11, Epoch 155/200 => Loss 2.212, Loss_clf 0.081, Loss_kd 2.131, Train_accy 98.16
2025-04-17 22:54:51,904 [icarl.py] => Task 11, Epoch 156/200 => Loss 2.171, Loss_clf 0.062, Loss_kd 2.108, Train_accy 98.69
2025-04-17 22:54:55,647 [icarl.py] => Task 11, Epoch 157/200 => Loss 2.143, Loss_clf 0.054, Loss_kd 2.090, Train_accy 99.16
2025-04-17 22:54:59,383 [icarl.py] => Task 11, Epoch 158/200 => Loss 2.157, Loss_clf 0.056, Loss_kd 2.101, Train_accy 99.05
2025-04-17 22:55:03,143 [icarl.py] => Task 11, Epoch 159/200 => Loss 2.177, Loss_clf 0.069, Loss_kd 2.108, Train_accy 98.69
2025-04-17 22:55:06,881 [icarl.py] => Task 11, Epoch 160/200 => Loss 2.151, Loss_clf 0.060, Loss_kd 2.091, Train_accy 98.84
2025-04-17 22:55:21,807 [icarl.py] => Task 11, Epoch 161/200 => Loss 2.159, Loss_clf 0.066, Loss_kd 2.092, Train_accy 98.53, Test_accy {'Art': 14.94, 'Clipart': 32.4, 'Real World': 18.87, 'Product': 51.61}
2025-04-17 22:55:25,531 [icarl.py] => Task 11, Epoch 162/200 => Loss 2.154, Loss_clf 0.055, Loss_kd 2.099, Train_accy 98.95
2025-04-17 22:55:29,263 [icarl.py] => Task 11, Epoch 163/200 => Loss 2.192, Loss_clf 0.051, Loss_kd 2.140, Train_accy 99.26
2025-04-17 22:55:33,006 [icarl.py] => Task 11, Epoch 164/200 => Loss 2.180, Loss_clf 0.065, Loss_kd 2.115, Train_accy 99.00
2025-04-17 22:55:36,749 [icarl.py] => Task 11, Epoch 165/200 => Loss 2.136, Loss_clf 0.056, Loss_kd 2.080, Train_accy 99.00
2025-04-17 22:55:40,521 [icarl.py] => Task 11, Epoch 166/200 => Loss 2.149, Loss_clf 0.051, Loss_kd 2.098, Train_accy 99.00
2025-04-17 22:55:44,255 [icarl.py] => Task 11, Epoch 167/200 => Loss 2.183, Loss_clf 0.066, Loss_kd 2.118, Train_accy 98.69
2025-04-17 22:55:47,988 [icarl.py] => Task 11, Epoch 168/200 => Loss 2.141, Loss_clf 0.060, Loss_kd 2.080, Train_accy 98.84
2025-04-17 22:55:51,720 [icarl.py] => Task 11, Epoch 169/200 => Loss 2.150, Loss_clf 0.063, Loss_kd 2.087, Train_accy 98.69
2025-04-17 22:55:55,451 [icarl.py] => Task 11, Epoch 170/200 => Loss 2.136, Loss_clf 0.053, Loss_kd 2.083, Train_accy 99.05
2025-04-17 22:55:59,202 [icarl.py] => Task 11, Epoch 171/200 => Loss 2.151, Loss_clf 0.058, Loss_kd 2.094, Train_accy 98.90
2025-04-17 22:56:02,948 [icarl.py] => Task 11, Epoch 172/200 => Loss 2.171, Loss_clf 0.057, Loss_kd 2.114, Train_accy 99.05
2025-04-17 22:56:06,712 [icarl.py] => Task 11, Epoch 173/200 => Loss 2.137, Loss_clf 0.047, Loss_kd 2.091, Train_accy 99.21
2025-04-17 22:56:10,439 [icarl.py] => Task 11, Epoch 174/200 => Loss 2.178, Loss_clf 0.065, Loss_kd 2.113, Train_accy 98.90
2025-04-17 22:56:14,177 [icarl.py] => Task 11, Epoch 175/200 => Loss 2.142, Loss_clf 0.047, Loss_kd 2.096, Train_accy 99.21
2025-04-17 22:56:17,953 [icarl.py] => Task 11, Epoch 176/200 => Loss 2.137, Loss_clf 0.045, Loss_kd 2.092, Train_accy 99.42
2025-04-17 22:56:21,791 [icarl.py] => Task 11, Epoch 177/200 => Loss 2.148, Loss_clf 0.057, Loss_kd 2.091, Train_accy 99.00
2025-04-17 22:56:25,582 [icarl.py] => Task 11, Epoch 178/200 => Loss 2.173, Loss_clf 0.056, Loss_kd 2.117, Train_accy 99.11
2025-04-17 22:56:29,338 [icarl.py] => Task 11, Epoch 179/200 => Loss 2.170, Loss_clf 0.071, Loss_kd 2.099, Train_accy 98.63
2025-04-17 22:56:33,084 [icarl.py] => Task 11, Epoch 180/200 => Loss 2.152, Loss_clf 0.052, Loss_kd 2.101, Train_accy 99.11
2025-04-17 22:56:47,748 [icarl.py] => Task 11, Epoch 181/200 => Loss 2.150, Loss_clf 0.046, Loss_kd 2.104, Train_accy 99.26, Test_accy {'Art': 14.94, 'Clipart': 34.22, 'Real World': 19.58, 'Product': 53.03}
2025-04-17 22:56:51,483 [icarl.py] => Task 11, Epoch 182/200 => Loss 2.155, Loss_clf 0.050, Loss_kd 2.106, Train_accy 99.16
2025-04-17 22:56:55,223 [icarl.py] => Task 11, Epoch 183/200 => Loss 2.165, Loss_clf 0.057, Loss_kd 2.108, Train_accy 98.84
2025-04-17 22:56:58,970 [icarl.py] => Task 11, Epoch 184/200 => Loss 2.149, Loss_clf 0.050, Loss_kd 2.099, Train_accy 99.21
2025-04-17 22:57:02,770 [icarl.py] => Task 11, Epoch 185/200 => Loss 2.132, Loss_clf 0.049, Loss_kd 2.083, Train_accy 99.21
2025-04-17 22:57:06,559 [icarl.py] => Task 11, Epoch 186/200 => Loss 2.159, Loss_clf 0.064, Loss_kd 2.094, Train_accy 98.90
2025-04-17 22:57:10,318 [icarl.py] => Task 11, Epoch 187/200 => Loss 2.158, Loss_clf 0.058, Loss_kd 2.100, Train_accy 98.84
2025-04-17 22:57:14,088 [icarl.py] => Task 11, Epoch 188/200 => Loss 2.149, Loss_clf 0.057, Loss_kd 2.092, Train_accy 99.05
2025-04-17 22:57:17,894 [icarl.py] => Task 11, Epoch 189/200 => Loss 2.117, Loss_clf 0.041, Loss_kd 2.076, Train_accy 99.21
2025-04-17 22:57:21,685 [icarl.py] => Task 11, Epoch 190/200 => Loss 2.136, Loss_clf 0.052, Loss_kd 2.083, Train_accy 98.84
2025-04-17 22:57:25,480 [icarl.py] => Task 11, Epoch 191/200 => Loss 2.145, Loss_clf 0.057, Loss_kd 2.088, Train_accy 99.00
2025-04-17 22:57:29,268 [icarl.py] => Task 11, Epoch 192/200 => Loss 2.135, Loss_clf 0.043, Loss_kd 2.093, Train_accy 99.37
2025-04-17 22:57:33,058 [icarl.py] => Task 11, Epoch 193/200 => Loss 2.152, Loss_clf 0.048, Loss_kd 2.104, Train_accy 99.32
2025-04-17 22:57:36,794 [icarl.py] => Task 11, Epoch 194/200 => Loss 2.171, Loss_clf 0.061, Loss_kd 2.111, Train_accy 98.69
2025-04-17 22:57:40,543 [icarl.py] => Task 11, Epoch 195/200 => Loss 2.141, Loss_clf 0.044, Loss_kd 2.097, Train_accy 99.21
2025-04-17 22:57:44,290 [icarl.py] => Task 11, Epoch 196/200 => Loss 2.138, Loss_clf 0.050, Loss_kd 2.088, Train_accy 99.21
2025-04-17 22:57:48,040 [icarl.py] => Task 11, Epoch 197/200 => Loss 2.159, Loss_clf 0.053, Loss_kd 2.106, Train_accy 98.90
2025-04-17 22:57:51,833 [icarl.py] => Task 11, Epoch 198/200 => Loss 2.144, Loss_clf 0.050, Loss_kd 2.094, Train_accy 99.05
2025-04-17 22:57:55,603 [icarl.py] => Task 11, Epoch 199/200 => Loss 2.140, Loss_clf 0.047, Loss_kd 2.094, Train_accy 99.21
2025-04-17 22:57:59,366 [icarl.py] => Task 11, Epoch 200/200 => Loss 2.150, Loss_clf 0.056, Loss_kd 2.094, Train_accy 99.00
2025-04-17 22:57:59,367 [base.py] => Reducing exemplars...(21 per classes)
2025-04-17 22:58:18,373 [base.py] => Constructing exemplars...(21 per classes)
2025-04-17 22:58:46,161 [icarl.py] => Exemplar size: 1260
2025-04-17 22:58:46,956 [trainer.py] => CNN [Art]: {'total': 15.35, '00-04': 15.79, '05-09': 14.71, '10-14': 16.22, '15-19': 0.0, '20-24': 2.63, '25-29': 2.94, '30-34': 12.73, '35-39': 12.2, '40-44': 7.89, '45-49': 24.0, '50-54': 22.45, '55-59': 41.46, 'old': 12.93, 'new': 41.46}
2025-04-17 22:58:46,956 [trainer.py] => NME [Art]: {'total': 17.01, '00-04': 26.32, '05-09': 14.71, '10-14': 5.41, '15-19': 3.7, '20-24': 2.63, '25-29': 5.88, '30-34': 20.0, '35-39': 9.76, '40-44': 10.53, '45-49': 28.0, '50-54': 24.49, '55-59': 39.02, 'old': 14.97, 'new': 39.02}
2025-04-17 22:58:46,956 [trainer.py] => CNN [Art] top1 curve: [60.53, 47.22, 44.95, 40.44, 33.91, 23.56, 22.43, 19.74, 22.22, 18.37, 14.97, 15.35]
2025-04-17 22:58:46,956 [trainer.py] => CNN [Art] top5 curve: [100.0, 84.72, 74.31, 69.12, 64.94, 57.21, 50.57, 49.01, 42.11, 43.62, 40.14, 36.1]
2025-04-17 22:58:46,956 [trainer.py] => NME [Art] top1 curve: [57.89, 51.39, 43.12, 35.29, 33.33, 24.04, 20.91, 19.41, 18.71, 19.64, 17.01, 17.01]
2025-04-17 22:58:46,956 [trainer.py] => NME [Art] top5 curve: [100.0, 86.11, 76.15, 69.85, 66.09, 55.77, 50.95, 46.38, 42.11, 42.6, 40.59, 37.34]
2025-04-17 22:58:46,956 [trainer.py] => Average Accuracy [Art] (CNN): 30.3075
2025-04-17 22:58:46,956 [trainer.py] => Average Accuracy [Art] (NME): 29.8125
2025-04-17 22:58:46,956 [trainer.py] => CNN [Clipart]: {'total': 34.71, '00-04': 30.77, '05-09': 30.65, '10-14': 28.79, '15-19': 41.51, '20-24': 28.09, '25-29': 16.13, '30-34': 23.44, '35-39': 16.39, '40-44': 42.42, '45-49': 35.94, '50-54': 55.79, '55-59': 59.38, 'old': 32.63, 'new': 59.38}
2025-04-17 22:58:46,956 [trainer.py] => NME [Clipart]: {'total': 34.83, '00-04': 32.05, '05-09': 35.48, '10-14': 30.3, '15-19': 37.74, '20-24': 30.34, '25-29': 17.74, '30-34': 26.56, '35-39': 24.59, '40-44': 45.45, '45-49': 29.69, '50-54': 50.53, '55-59': 51.56, 'old': 33.42, 'new': 51.56}
2025-04-17 22:58:46,957 [trainer.py] => CNN [Clipart] top1 curve: [76.92, 71.43, 65.53, 64.86, 60.34, 50.49, 46.62, 43.36, 42.6, 38.5, 38.29, 34.71]
2025-04-17 22:58:46,957 [trainer.py] => CNN [Clipart] top5 curve: [100.0, 92.14, 87.38, 85.33, 84.48, 77.56, 72.78, 69.91, 68.72, 64.81, 61.84, 60.19]
2025-04-17 22:58:46,957 [trainer.py] => NME [Clipart] top1 curve: [73.08, 68.57, 68.45, 65.25, 61.49, 53.41, 50.42, 44.49, 43.59, 40.3, 40.39, 34.83]
2025-04-17 22:58:46,957 [trainer.py] => NME [Clipart] top5 curve: [100.0, 89.29, 88.35, 85.71, 83.33, 77.07, 72.15, 69.35, 67.55, 63.46, 63.55, 61.65]
2025-04-17 22:58:46,957 [trainer.py] => Average Accuracy [Clipart] (CNN): 52.80416666666667
2025-04-17 22:58:46,957 [trainer.py] => Average Accuracy [Clipart] (NME): 53.689166666666665
2025-04-17 22:58:46,957 [trainer.py] => CNN [Product]: {'total': 52.79, '00-04': 51.76, '05-09': 46.25, '10-14': 54.84, '15-19': 46.75, '20-24': 45.9, '25-29': 53.16, '30-34': 35.82, '35-39': 46.97, '40-44': 52.86, '45-49': 45.07, '50-54': 67.69, '55-59': 94.83, 'old': 49.68, 'new': 94.83}
2025-04-17 22:58:46,957 [trainer.py] => NME [Product]: {'total': 55.89, '00-04': 51.76, '05-09': 50.0, '10-14': 62.9, '15-19': 45.45, '20-24': 50.82, '25-29': 56.96, '30-34': 40.3, '35-39': 59.09, '40-44': 58.57, '45-49': 49.3, '50-54': 63.08, '55-59': 91.38, 'old': 53.26, 'new': 91.38}
2025-04-17 22:58:46,957 [trainer.py] => CNN [Product] top1 curve: [88.24, 85.45, 86.78, 79.28, 76.44, 72.97, 69.47, 63.95, 60.9, 57.38, 54.79, 52.79]
2025-04-17 22:58:46,957 [trainer.py] => CNN [Product] top5 curve: [100.0, 99.39, 98.24, 94.74, 94.25, 92.34, 89.24, 87.87, 85.94, 84.12, 80.97, 78.48]
2025-04-17 22:58:46,957 [trainer.py] => NME [Product] top1 curve: [87.06, 85.45, 88.11, 80.26, 76.71, 71.4, 68.49, 63.95, 60.74, 60.17, 58.24, 55.89]
2025-04-17 22:58:46,957 [trainer.py] => NME [Product] top5 curve: [100.0, 99.39, 98.68, 96.38, 94.25, 92.12, 89.63, 87.52, 85.16, 83.7, 82.12, 77.88]
2025-04-17 22:58:46,957 [trainer.py] => Average Accuracy [Product] (CNN): 70.70333333333333
2025-04-17 22:58:46,957 [trainer.py] => Average Accuracy [Product] (NME): 71.3725
2025-04-17 22:58:46,957 [trainer.py] => CNN [Real World]: {'total': 19.46, '00-04': 24.66, '05-09': 30.88, '10-14': 15.28, '15-19': 4.48, '20-24': 1.54, '25-29': 18.18, '30-34': 17.33, '35-39': 11.86, '40-44': 14.06, '45-49': 20.83, '50-54': 32.05, '55-59': 35.9, 'old': 17.79, 'new': 35.9}
2025-04-17 22:58:46,957 [trainer.py] => NME [Real World]: {'total': 22.17, '00-04': 26.03, '05-09': 36.76, '10-14': 18.06, '15-19': 5.97, '20-24': 1.54, '25-29': 27.27, '30-34': 20.0, '35-39': 10.17, '40-44': 18.75, '45-49': 25.0, '50-54': 33.33, '55-59': 35.9, 'old': 20.78, 'new': 35.9}
2025-04-17 22:58:46,957 [trainer.py] => CNN [Real World] top1 curve: [64.38, 58.16, 47.89, 37.14, 33.04, 31.52, 30.58, 26.26, 24.03, 22.4, 21.95, 19.46]
2025-04-17 22:58:46,957 [trainer.py] => CNN [Real World] top5 curve: [100.0, 88.65, 79.34, 68.93, 64.93, 61.61, 58.35, 54.86, 51.13, 48.27, 46.49, 44.34]
2025-04-17 22:58:46,957 [trainer.py] => NME [Real World] top1 curve: [63.01, 58.16, 48.36, 38.21, 36.23, 32.46, 30.18, 26.62, 26.29, 24.28, 24.68, 22.17]
2025-04-17 22:58:46,957 [trainer.py] => NME [Real World] top5 curve: [100.0, 91.49, 81.22, 73.93, 67.54, 63.51, 58.15, 53.24, 52.26, 49.13, 47.79, 45.05]
2025-04-17 22:58:46,957 [trainer.py] => Average Accuracy [Real World] (CNN): 34.73416666666667
2025-04-17 22:58:46,957 [trainer.py] => Average Accuracy [Real World] (NME): 35.887499999999996
2025-04-17 22:58:46,957 [trainer.py] => NME Harmonic Mean : 27.4148
2025-04-17 22:58:46,957 [trainer.py] => NME Macro Mean : 32.4750
2025-04-17 22:58:46,957 [trainer.py] => CNN Harmonic Mean : 24.8274
2025-04-17 22:58:46,958 [trainer.py] => CNN Macro Mean : 30.5775
2025-04-17 22:58:46,958 [trainer.py] => All params: 21320582
2025-04-17 22:58:46,958 [trainer.py] => Trainable params: 21320582
2025-04-17 22:58:46,959 [icarl.py] => Learning on 60-65
2025-04-17 22:59:01,825 [icarl.py] => Task 12, Epoch 1/200 => Loss 4.052, Loss_clf 1.540, Loss_kd 2.512, Train_accy 60.57, Test_accy {'Art': 7.69, 'Clipart': 19.48, 'Real World': 10.58, 'Product': 21.75}
2025-04-17 22:59:05,634 [icarl.py] => Task 12, Epoch 2/200 => Loss 4.669, Loss_clf 1.742, Loss_kd 2.926, Train_accy 51.63
2025-04-17 22:59:09,383 [icarl.py] => Task 12, Epoch 3/200 => Loss 4.841, Loss_clf 1.841, Loss_kd 3.000, Train_accy 49.16
2025-04-17 22:59:13,163 [icarl.py] => Task 12, Epoch 4/200 => Loss 4.364, Loss_clf 1.515, Loss_kd 2.849, Train_accy 56.83
2025-04-17 22:59:16,963 [icarl.py] => Task 12, Epoch 5/200 => Loss 3.921, Loss_clf 1.206, Loss_kd 2.715, Train_accy 65.30
2025-04-17 22:59:20,753 [icarl.py] => Task 12, Epoch 6/200 => Loss 3.706, Loss_clf 1.061, Loss_kd 2.645, Train_accy 69.30
2025-04-17 22:59:24,536 [icarl.py] => Task 12, Epoch 7/200 => Loss 3.621, Loss_clf 0.981, Loss_kd 2.640, Train_accy 71.24
2025-04-17 22:59:28,308 [icarl.py] => Task 12, Epoch 8/200 => Loss 3.470, Loss_clf 0.855, Loss_kd 2.614, Train_accy 74.82
2025-04-17 22:59:32,122 [icarl.py] => Task 12, Epoch 9/200 => Loss 3.272, Loss_clf 0.734, Loss_kd 2.538, Train_accy 79.50
2025-04-17 22:59:35,883 [icarl.py] => Task 12, Epoch 10/200 => Loss 3.265, Loss_clf 0.724, Loss_kd 2.541, Train_accy 79.86
2025-04-17 22:59:39,694 [icarl.py] => Task 12, Epoch 11/200 => Loss 3.141, Loss_clf 0.630, Loss_kd 2.512, Train_accy 80.76
2025-04-17 22:59:43,470 [icarl.py] => Task 12, Epoch 12/200 => Loss 3.070, Loss_clf 0.591, Loss_kd 2.479, Train_accy 82.65
2025-04-17 22:59:47,274 [icarl.py] => Task 12, Epoch 13/200 => Loss 2.934, Loss_clf 0.502, Loss_kd 2.432, Train_accy 85.59
2025-04-17 22:59:51,073 [icarl.py] => Task 12, Epoch 14/200 => Loss 2.927, Loss_clf 0.499, Loss_kd 2.428, Train_accy 85.86
2025-04-17 22:59:54,880 [icarl.py] => Task 12, Epoch 15/200 => Loss 2.850, Loss_clf 0.436, Loss_kd 2.415, Train_accy 88.07
2025-04-17 22:59:58,693 [icarl.py] => Task 12, Epoch 16/200 => Loss 2.797, Loss_clf 0.409, Loss_kd 2.389, Train_accy 88.28
2025-04-17 23:00:02,487 [icarl.py] => Task 12, Epoch 17/200 => Loss 2.804, Loss_clf 0.419, Loss_kd 2.384, Train_accy 88.75
2025-04-17 23:00:06,266 [icarl.py] => Task 12, Epoch 18/200 => Loss 2.758, Loss_clf 0.364, Loss_kd 2.393, Train_accy 89.64
2025-04-17 23:00:10,097 [icarl.py] => Task 12, Epoch 19/200 => Loss 2.736, Loss_clf 0.367, Loss_kd 2.369, Train_accy 90.43
2025-04-17 23:00:13,916 [icarl.py] => Task 12, Epoch 20/200 => Loss 2.721, Loss_clf 0.346, Loss_kd 2.375, Train_accy 90.64
2025-04-17 23:00:28,919 [icarl.py] => Task 12, Epoch 21/200 => Loss 2.712, Loss_clf 0.365, Loss_kd 2.347, Train_accy 90.80, Test_accy {'Art': 10.65, 'Clipart': 18.37, 'Real World': 12.25, 'Product': 28.2}
2025-04-17 23:00:32,718 [icarl.py] => Task 12, Epoch 22/200 => Loss 2.675, Loss_clf 0.315, Loss_kd 2.360, Train_accy 91.43
2025-04-17 23:00:36,516 [icarl.py] => Task 12, Epoch 23/200 => Loss 2.634, Loss_clf 0.295, Loss_kd 2.338, Train_accy 92.22
2025-04-17 23:00:40,322 [icarl.py] => Task 12, Epoch 24/200 => Loss 2.558, Loss_clf 0.255, Loss_kd 2.303, Train_accy 93.80
2025-04-17 23:00:44,131 [icarl.py] => Task 12, Epoch 25/200 => Loss 2.584, Loss_clf 0.263, Loss_kd 2.321, Train_accy 92.85
2025-04-17 23:00:47,907 [icarl.py] => Task 12, Epoch 26/200 => Loss 2.570, Loss_clf 0.258, Loss_kd 2.312, Train_accy 93.48
2025-04-17 23:00:51,717 [icarl.py] => Task 12, Epoch 27/200 => Loss 2.545, Loss_clf 0.244, Loss_kd 2.301, Train_accy 93.43
2025-04-17 23:00:55,536 [icarl.py] => Task 12, Epoch 28/200 => Loss 2.619, Loss_clf 0.290, Loss_kd 2.330, Train_accy 92.48
2025-04-17 23:00:59,340 [icarl.py] => Task 12, Epoch 29/200 => Loss 2.586, Loss_clf 0.276, Loss_kd 2.310, Train_accy 92.74
2025-04-17 23:01:03,178 [icarl.py] => Task 12, Epoch 30/200 => Loss 2.563, Loss_clf 0.259, Loss_kd 2.304, Train_accy 93.74
2025-04-17 23:01:06,988 [icarl.py] => Task 12, Epoch 31/200 => Loss 2.582, Loss_clf 0.268, Loss_kd 2.314, Train_accy 93.01
2025-04-17 23:01:10,827 [icarl.py] => Task 12, Epoch 32/200 => Loss 2.540, Loss_clf 0.257, Loss_kd 2.283, Train_accy 93.43
2025-04-17 23:01:14,640 [icarl.py] => Task 12, Epoch 33/200 => Loss 2.504, Loss_clf 0.207, Loss_kd 2.298, Train_accy 95.22
2025-04-17 23:01:18,438 [icarl.py] => Task 12, Epoch 34/200 => Loss 2.491, Loss_clf 0.202, Loss_kd 2.290, Train_accy 95.11
2025-04-17 23:01:22,259 [icarl.py] => Task 12, Epoch 35/200 => Loss 2.517, Loss_clf 0.227, Loss_kd 2.290, Train_accy 94.06
2025-04-17 23:01:26,085 [icarl.py] => Task 12, Epoch 36/200 => Loss 2.483, Loss_clf 0.220, Loss_kd 2.263, Train_accy 94.90
2025-04-17 23:01:29,889 [icarl.py] => Task 12, Epoch 37/200 => Loss 2.492, Loss_clf 0.215, Loss_kd 2.277, Train_accy 94.53
2025-04-17 23:01:33,703 [icarl.py] => Task 12, Epoch 38/200 => Loss 2.472, Loss_clf 0.202, Loss_kd 2.270, Train_accy 95.06
2025-04-17 23:01:37,536 [icarl.py] => Task 12, Epoch 39/200 => Loss 2.461, Loss_clf 0.192, Loss_kd 2.269, Train_accy 95.22
2025-04-17 23:01:41,427 [icarl.py] => Task 12, Epoch 40/200 => Loss 2.471, Loss_clf 0.189, Loss_kd 2.282, Train_accy 95.27
2025-04-17 23:01:56,481 [icarl.py] => Task 12, Epoch 41/200 => Loss 2.466, Loss_clf 0.199, Loss_kd 2.267, Train_accy 95.11, Test_accy {'Art': 14.2, 'Clipart': 23.85, 'Real World': 15.26, 'Product': 43.93}
2025-04-17 23:02:00,282 [icarl.py] => Task 12, Epoch 42/200 => Loss 2.509, Loss_clf 0.222, Loss_kd 2.288, Train_accy 94.32
2025-04-17 23:02:04,123 [icarl.py] => Task 12, Epoch 43/200 => Loss 2.478, Loss_clf 0.197, Loss_kd 2.281, Train_accy 95.32
2025-04-17 23:02:07,925 [icarl.py] => Task 12, Epoch 44/200 => Loss 2.428, Loss_clf 0.179, Loss_kd 2.249, Train_accy 95.32
2025-04-17 23:02:11,742 [icarl.py] => Task 12, Epoch 45/200 => Loss 2.477, Loss_clf 0.206, Loss_kd 2.271, Train_accy 94.53
2025-04-17 23:02:15,545 [icarl.py] => Task 12, Epoch 46/200 => Loss 2.508, Loss_clf 0.217, Loss_kd 2.292, Train_accy 94.43
2025-04-17 23:02:19,374 [icarl.py] => Task 12, Epoch 47/200 => Loss 2.479, Loss_clf 0.193, Loss_kd 2.287, Train_accy 95.37
2025-04-17 23:02:23,195 [icarl.py] => Task 12, Epoch 48/200 => Loss 2.446, Loss_clf 0.164, Loss_kd 2.282, Train_accy 95.85
2025-04-17 23:02:27,027 [icarl.py] => Task 12, Epoch 49/200 => Loss 2.402, Loss_clf 0.157, Loss_kd 2.245, Train_accy 95.69
2025-04-17 23:02:30,827 [icarl.py] => Task 12, Epoch 50/200 => Loss 2.416, Loss_clf 0.168, Loss_kd 2.248, Train_accy 96.00
2025-04-17 23:02:34,643 [icarl.py] => Task 12, Epoch 51/200 => Loss 2.390, Loss_clf 0.158, Loss_kd 2.232, Train_accy 95.69
2025-04-17 23:02:38,456 [icarl.py] => Task 12, Epoch 52/200 => Loss 2.396, Loss_clf 0.154, Loss_kd 2.242, Train_accy 96.27
2025-04-17 23:02:42,281 [icarl.py] => Task 12, Epoch 53/200 => Loss 2.401, Loss_clf 0.162, Loss_kd 2.238, Train_accy 96.11
2025-04-17 23:02:46,094 [icarl.py] => Task 12, Epoch 54/200 => Loss 2.428, Loss_clf 0.164, Loss_kd 2.265, Train_accy 95.90
2025-04-17 23:02:49,883 [icarl.py] => Task 12, Epoch 55/200 => Loss 2.411, Loss_clf 0.169, Loss_kd 2.242, Train_accy 96.42
2025-04-17 23:02:53,730 [icarl.py] => Task 12, Epoch 56/200 => Loss 2.430, Loss_clf 0.179, Loss_kd 2.251, Train_accy 95.37
2025-04-17 23:02:57,550 [icarl.py] => Task 12, Epoch 57/200 => Loss 2.422, Loss_clf 0.166, Loss_kd 2.255, Train_accy 96.16
2025-04-17 23:03:01,371 [icarl.py] => Task 12, Epoch 58/200 => Loss 2.404, Loss_clf 0.163, Loss_kd 2.241, Train_accy 95.95
2025-04-17 23:03:05,184 [icarl.py] => Task 12, Epoch 59/200 => Loss 2.385, Loss_clf 0.141, Loss_kd 2.244, Train_accy 96.90
2025-04-17 23:03:08,982 [icarl.py] => Task 12, Epoch 60/200 => Loss 2.381, Loss_clf 0.150, Loss_kd 2.231, Train_accy 96.42
2025-04-17 23:03:23,567 [icarl.py] => Task 12, Epoch 61/200 => Loss 2.393, Loss_clf 0.152, Loss_kd 2.242, Train_accy 96.48, Test_accy {'Art': 13.41, 'Clipart': 28.89, 'Real World': 16.26, 'Product': 45.14}
2025-04-17 23:03:27,342 [icarl.py] => Task 12, Epoch 62/200 => Loss 2.419, Loss_clf 0.162, Loss_kd 2.257, Train_accy 96.32
2025-04-17 23:03:31,124 [icarl.py] => Task 12, Epoch 63/200 => Loss 2.382, Loss_clf 0.135, Loss_kd 2.247, Train_accy 97.16
2025-04-17 23:03:34,914 [icarl.py] => Task 12, Epoch 64/200 => Loss 2.361, Loss_clf 0.138, Loss_kd 2.223, Train_accy 96.69
2025-04-17 23:03:38,730 [icarl.py] => Task 12, Epoch 65/200 => Loss 2.340, Loss_clf 0.123, Loss_kd 2.217, Train_accy 97.00
2025-04-17 23:03:42,520 [icarl.py] => Task 12, Epoch 66/200 => Loss 2.427, Loss_clf 0.178, Loss_kd 2.248, Train_accy 95.58
2025-04-17 23:03:46,339 [icarl.py] => Task 12, Epoch 67/200 => Loss 2.384, Loss_clf 0.129, Loss_kd 2.255, Train_accy 96.64
2025-04-17 23:03:50,137 [icarl.py] => Task 12, Epoch 68/200 => Loss 2.389, Loss_clf 0.150, Loss_kd 2.239, Train_accy 96.42
2025-04-17 23:03:53,917 [icarl.py] => Task 12, Epoch 69/200 => Loss 2.368, Loss_clf 0.140, Loss_kd 2.227, Train_accy 96.95
2025-04-17 23:03:57,709 [icarl.py] => Task 12, Epoch 70/200 => Loss 2.333, Loss_clf 0.131, Loss_kd 2.202, Train_accy 97.21
2025-04-17 23:04:01,533 [icarl.py] => Task 12, Epoch 71/200 => Loss 2.326, Loss_clf 0.130, Loss_kd 2.197, Train_accy 96.79
2025-04-17 23:04:05,311 [icarl.py] => Task 12, Epoch 72/200 => Loss 2.390, Loss_clf 0.150, Loss_kd 2.241, Train_accy 96.74
2025-04-17 23:04:09,103 [icarl.py] => Task 12, Epoch 73/200 => Loss 2.353, Loss_clf 0.133, Loss_kd 2.220, Train_accy 96.69
2025-04-17 23:04:12,910 [icarl.py] => Task 12, Epoch 74/200 => Loss 2.365, Loss_clf 0.132, Loss_kd 2.232, Train_accy 97.42
2025-04-17 23:04:16,714 [icarl.py] => Task 12, Epoch 75/200 => Loss 2.394, Loss_clf 0.145, Loss_kd 2.249, Train_accy 96.69
2025-04-17 23:04:20,536 [icarl.py] => Task 12, Epoch 76/200 => Loss 2.316, Loss_clf 0.106, Loss_kd 2.211, Train_accy 97.42
2025-04-17 23:04:24,386 [icarl.py] => Task 12, Epoch 77/200 => Loss 2.314, Loss_clf 0.109, Loss_kd 2.205, Train_accy 97.58
2025-04-17 23:04:28,211 [icarl.py] => Task 12, Epoch 78/200 => Loss 2.391, Loss_clf 0.155, Loss_kd 2.236, Train_accy 96.53
2025-04-17 23:04:32,021 [icarl.py] => Task 12, Epoch 79/200 => Loss 2.353, Loss_clf 0.147, Loss_kd 2.206, Train_accy 96.21
2025-04-17 23:04:35,810 [icarl.py] => Task 12, Epoch 80/200 => Loss 2.343, Loss_clf 0.122, Loss_kd 2.221, Train_accy 97.06
2025-04-17 23:04:50,678 [icarl.py] => Task 12, Epoch 81/200 => Loss 2.349, Loss_clf 0.125, Loss_kd 2.224, Train_accy 97.37, Test_accy {'Art': 15.38, 'Clipart': 28.89, 'Real World': 17.15, 'Product': 43.17}
2025-04-17 23:04:54,471 [icarl.py] => Task 12, Epoch 82/200 => Loss 2.343, Loss_clf 0.111, Loss_kd 2.232, Train_accy 97.32
2025-04-17 23:04:58,262 [icarl.py] => Task 12, Epoch 83/200 => Loss 2.291, Loss_clf 0.110, Loss_kd 2.181, Train_accy 97.58
2025-04-17 23:05:02,075 [icarl.py] => Task 12, Epoch 84/200 => Loss 2.337, Loss_clf 0.123, Loss_kd 2.215, Train_accy 97.37
2025-04-17 23:05:05,889 [icarl.py] => Task 12, Epoch 85/200 => Loss 2.324, Loss_clf 0.125, Loss_kd 2.199, Train_accy 97.00
2025-04-17 23:05:09,652 [icarl.py] => Task 12, Epoch 86/200 => Loss 2.362, Loss_clf 0.121, Loss_kd 2.241, Train_accy 97.27
2025-04-17 23:05:13,448 [icarl.py] => Task 12, Epoch 87/200 => Loss 2.299, Loss_clf 0.102, Loss_kd 2.197, Train_accy 97.58
2025-04-17 23:05:17,256 [icarl.py] => Task 12, Epoch 88/200 => Loss 2.353, Loss_clf 0.118, Loss_kd 2.235, Train_accy 97.21
2025-04-17 23:05:21,088 [icarl.py] => Task 12, Epoch 89/200 => Loss 2.333, Loss_clf 0.112, Loss_kd 2.221, Train_accy 97.69
2025-04-17 23:05:24,883 [icarl.py] => Task 12, Epoch 90/200 => Loss 2.301, Loss_clf 0.103, Loss_kd 2.199, Train_accy 97.79
2025-04-17 23:05:28,681 [icarl.py] => Task 12, Epoch 91/200 => Loss 2.308, Loss_clf 0.107, Loss_kd 2.201, Train_accy 97.69
2025-04-17 23:05:32,550 [icarl.py] => Task 12, Epoch 92/200 => Loss 2.352, Loss_clf 0.112, Loss_kd 2.240, Train_accy 97.27
2025-04-17 23:05:36,432 [icarl.py] => Task 12, Epoch 93/200 => Loss 2.366, Loss_clf 0.134, Loss_kd 2.231, Train_accy 96.74
2025-04-17 23:05:40,250 [icarl.py] => Task 12, Epoch 94/200 => Loss 2.344, Loss_clf 0.122, Loss_kd 2.221, Train_accy 97.58
2025-04-17 23:05:44,120 [icarl.py] => Task 12, Epoch 95/200 => Loss 2.346, Loss_clf 0.123, Loss_kd 2.222, Train_accy 96.95
2025-04-17 23:05:48,091 [icarl.py] => Task 12, Epoch 96/200 => Loss 2.300, Loss_clf 0.097, Loss_kd 2.203, Train_accy 97.95
2025-04-17 23:05:52,031 [icarl.py] => Task 12, Epoch 97/200 => Loss 2.350, Loss_clf 0.109, Loss_kd 2.241, Train_accy 97.63
2025-04-17 23:05:55,942 [icarl.py] => Task 12, Epoch 98/200 => Loss 2.299, Loss_clf 0.098, Loss_kd 2.201, Train_accy 97.90
2025-04-17 23:05:59,755 [icarl.py] => Task 12, Epoch 99/200 => Loss 2.276, Loss_clf 0.102, Loss_kd 2.174, Train_accy 97.69
2025-04-17 23:06:03,576 [icarl.py] => Task 12, Epoch 100/200 => Loss 2.263, Loss_clf 0.083, Loss_kd 2.180, Train_accy 98.42
2025-04-17 23:06:18,506 [icarl.py] => Task 12, Epoch 101/200 => Loss 2.289, Loss_clf 0.094, Loss_kd 2.195, Train_accy 97.95, Test_accy {'Art': 15.19, 'Clipart': 28.78, 'Real World': 18.15, 'Product': 48.52}
2025-04-17 23:06:22,307 [icarl.py] => Task 12, Epoch 102/200 => Loss 2.275, Loss_clf 0.086, Loss_kd 2.189, Train_accy 98.16
2025-04-17 23:06:26,120 [icarl.py] => Task 12, Epoch 103/200 => Loss 2.255, Loss_clf 0.085, Loss_kd 2.170, Train_accy 98.32
2025-04-17 23:06:29,934 [icarl.py] => Task 12, Epoch 104/200 => Loss 2.278, Loss_clf 0.086, Loss_kd 2.192, Train_accy 98.32
2025-04-17 23:06:33,739 [icarl.py] => Task 12, Epoch 105/200 => Loss 2.292, Loss_clf 0.103, Loss_kd 2.189, Train_accy 97.95
2025-04-17 23:06:37,510 [icarl.py] => Task 12, Epoch 106/200 => Loss 2.300, Loss_clf 0.089, Loss_kd 2.211, Train_accy 98.32
2025-04-17 23:06:41,292 [icarl.py] => Task 12, Epoch 107/200 => Loss 2.281, Loss_clf 0.086, Loss_kd 2.195, Train_accy 98.26
2025-04-17 23:06:45,089 [icarl.py] => Task 12, Epoch 108/200 => Loss 2.255, Loss_clf 0.080, Loss_kd 2.176, Train_accy 98.26
2025-04-17 23:06:48,887 [icarl.py] => Task 12, Epoch 109/200 => Loss 2.274, Loss_clf 0.088, Loss_kd 2.186, Train_accy 98.21
2025-04-17 23:06:52,708 [icarl.py] => Task 12, Epoch 110/200 => Loss 2.272, Loss_clf 0.090, Loss_kd 2.182, Train_accy 98.05
2025-04-17 23:06:56,519 [icarl.py] => Task 12, Epoch 111/200 => Loss 2.233, Loss_clf 0.070, Loss_kd 2.163, Train_accy 98.48
2025-04-17 23:07:00,301 [icarl.py] => Task 12, Epoch 112/200 => Loss 2.268, Loss_clf 0.086, Loss_kd 2.182, Train_accy 98.16
2025-04-17 23:07:04,095 [icarl.py] => Task 12, Epoch 113/200 => Loss 2.306, Loss_clf 0.097, Loss_kd 2.209, Train_accy 98.26
2025-04-17 23:07:07,880 [icarl.py] => Task 12, Epoch 114/200 => Loss 2.272, Loss_clf 0.086, Loss_kd 2.186, Train_accy 98.58
2025-04-17 23:07:11,733 [icarl.py] => Task 12, Epoch 115/200 => Loss 2.264, Loss_clf 0.079, Loss_kd 2.184, Train_accy 98.37
2025-04-17 23:07:15,532 [icarl.py] => Task 12, Epoch 116/200 => Loss 2.253, Loss_clf 0.063, Loss_kd 2.190, Train_accy 98.90
2025-04-17 23:07:19,336 [icarl.py] => Task 12, Epoch 117/200 => Loss 2.279, Loss_clf 0.094, Loss_kd 2.186, Train_accy 97.84
2025-04-17 23:07:23,130 [icarl.py] => Task 12, Epoch 118/200 => Loss 2.246, Loss_clf 0.071, Loss_kd 2.176, Train_accy 98.58
2025-04-17 23:07:26,937 [icarl.py] => Task 12, Epoch 119/200 => Loss 2.248, Loss_clf 0.086, Loss_kd 2.162, Train_accy 98.00
2025-04-17 23:07:30,762 [icarl.py] => Task 12, Epoch 120/200 => Loss 2.256, Loss_clf 0.065, Loss_kd 2.191, Train_accy 98.69
2025-04-17 23:07:45,861 [icarl.py] => Task 12, Epoch 121/200 => Loss 2.279, Loss_clf 0.084, Loss_kd 2.194, Train_accy 98.11, Test_accy {'Art': 15.38, 'Clipart': 29.56, 'Real World': 18.49, 'Product': 49.07}
2025-04-17 23:07:49,784 [icarl.py] => Task 12, Epoch 122/200 => Loss 2.260, Loss_clf 0.080, Loss_kd 2.181, Train_accy 98.42
2025-04-17 23:07:53,599 [icarl.py] => Task 12, Epoch 123/200 => Loss 2.273, Loss_clf 0.074, Loss_kd 2.200, Train_accy 98.42
2025-04-17 23:07:57,428 [icarl.py] => Task 12, Epoch 124/200 => Loss 2.282, Loss_clf 0.072, Loss_kd 2.211, Train_accy 98.48
2025-04-17 23:08:01,260 [icarl.py] => Task 12, Epoch 125/200 => Loss 2.233, Loss_clf 0.068, Loss_kd 2.166, Train_accy 98.69
2025-04-17 23:08:05,143 [icarl.py] => Task 12, Epoch 126/200 => Loss 2.272, Loss_clf 0.084, Loss_kd 2.188, Train_accy 98.26
2025-04-17 23:08:09,024 [icarl.py] => Task 12, Epoch 127/200 => Loss 2.297, Loss_clf 0.096, Loss_kd 2.200, Train_accy 98.05
2025-04-17 23:08:12,834 [icarl.py] => Task 12, Epoch 128/200 => Loss 2.251, Loss_clf 0.073, Loss_kd 2.178, Train_accy 98.63
2025-04-17 23:08:16,671 [icarl.py] => Task 12, Epoch 129/200 => Loss 2.279, Loss_clf 0.083, Loss_kd 2.196, Train_accy 98.42
2025-04-17 23:08:20,512 [icarl.py] => Task 12, Epoch 130/200 => Loss 2.204, Loss_clf 0.056, Loss_kd 2.149, Train_accy 99.00
2025-04-17 23:08:24,334 [icarl.py] => Task 12, Epoch 131/200 => Loss 2.246, Loss_clf 0.068, Loss_kd 2.178, Train_accy 98.84
2025-04-17 23:08:28,141 [icarl.py] => Task 12, Epoch 132/200 => Loss 2.254, Loss_clf 0.074, Loss_kd 2.179, Train_accy 98.79
2025-04-17 23:08:31,996 [icarl.py] => Task 12, Epoch 133/200 => Loss 2.244, Loss_clf 0.078, Loss_kd 2.166, Train_accy 98.48
2025-04-17 23:08:35,809 [icarl.py] => Task 12, Epoch 134/200 => Loss 2.206, Loss_clf 0.062, Loss_kd 2.144, Train_accy 98.84
2025-04-17 23:08:39,638 [icarl.py] => Task 12, Epoch 135/200 => Loss 2.235, Loss_clf 0.066, Loss_kd 2.169, Train_accy 98.48
2025-04-17 23:08:43,449 [icarl.py] => Task 12, Epoch 136/200 => Loss 2.226, Loss_clf 0.062, Loss_kd 2.164, Train_accy 98.79
2025-04-17 23:08:47,261 [icarl.py] => Task 12, Epoch 137/200 => Loss 2.234, Loss_clf 0.059, Loss_kd 2.175, Train_accy 99.11
2025-04-17 23:08:51,122 [icarl.py] => Task 12, Epoch 138/200 => Loss 2.228, Loss_clf 0.053, Loss_kd 2.175, Train_accy 99.21
2025-04-17 23:08:54,950 [icarl.py] => Task 12, Epoch 139/200 => Loss 2.226, Loss_clf 0.063, Loss_kd 2.162, Train_accy 98.90
2025-04-17 23:08:58,786 [icarl.py] => Task 12, Epoch 140/200 => Loss 2.202, Loss_clf 0.055, Loss_kd 2.147, Train_accy 98.84
2025-04-17 23:09:13,955 [icarl.py] => Task 12, Epoch 141/200 => Loss 2.220, Loss_clf 0.056, Loss_kd 2.165, Train_accy 99.05, Test_accy {'Art': 15.58, 'Clipart': 31.13, 'Real World': 18.71, 'Product': 50.16}
2025-04-17 23:09:17,744 [icarl.py] => Task 12, Epoch 142/200 => Loss 2.225, Loss_clf 0.062, Loss_kd 2.163, Train_accy 98.53
2025-04-17 23:09:21,514 [icarl.py] => Task 12, Epoch 143/200 => Loss 2.237, Loss_clf 0.059, Loss_kd 2.177, Train_accy 99.21
2025-04-17 23:09:25,315 [icarl.py] => Task 12, Epoch 144/200 => Loss 2.213, Loss_clf 0.064, Loss_kd 2.148, Train_accy 98.79
2025-04-17 23:09:29,123 [icarl.py] => Task 12, Epoch 145/200 => Loss 2.251, Loss_clf 0.064, Loss_kd 2.187, Train_accy 99.00
2025-04-17 23:09:32,943 [icarl.py] => Task 12, Epoch 146/200 => Loss 2.227, Loss_clf 0.072, Loss_kd 2.154, Train_accy 98.53
2025-04-17 23:09:36,760 [icarl.py] => Task 12, Epoch 147/200 => Loss 2.247, Loss_clf 0.075, Loss_kd 2.171, Train_accy 98.53
2025-04-17 23:09:40,557 [icarl.py] => Task 12, Epoch 148/200 => Loss 2.213, Loss_clf 0.068, Loss_kd 2.145, Train_accy 98.69
2025-04-17 23:09:44,366 [icarl.py] => Task 12, Epoch 149/200 => Loss 2.223, Loss_clf 0.066, Loss_kd 2.157, Train_accy 98.69
2025-04-17 23:09:48,147 [icarl.py] => Task 12, Epoch 150/200 => Loss 2.202, Loss_clf 0.058, Loss_kd 2.144, Train_accy 99.00
2025-04-17 23:09:51,944 [icarl.py] => Task 12, Epoch 151/200 => Loss 2.186, Loss_clf 0.049, Loss_kd 2.136, Train_accy 99.11
2025-04-17 23:09:55,766 [icarl.py] => Task 12, Epoch 152/200 => Loss 2.216, Loss_clf 0.053, Loss_kd 2.163, Train_accy 99.11
2025-04-17 23:09:59,551 [icarl.py] => Task 12, Epoch 153/200 => Loss 2.223, Loss_clf 0.060, Loss_kd 2.163, Train_accy 99.16
2025-04-17 23:10:03,352 [icarl.py] => Task 12, Epoch 154/200 => Loss 2.217, Loss_clf 0.062, Loss_kd 2.155, Train_accy 98.79
2025-04-17 23:10:07,173 [icarl.py] => Task 12, Epoch 155/200 => Loss 2.204, Loss_clf 0.051, Loss_kd 2.153, Train_accy 99.05
2025-04-17 23:10:10,997 [icarl.py] => Task 12, Epoch 156/200 => Loss 2.232, Loss_clf 0.063, Loss_kd 2.169, Train_accy 98.84
2025-04-17 23:10:14,827 [icarl.py] => Task 12, Epoch 157/200 => Loss 2.223, Loss_clf 0.062, Loss_kd 2.161, Train_accy 98.79
2025-04-17 23:10:18,647 [icarl.py] => Task 12, Epoch 158/200 => Loss 2.247, Loss_clf 0.073, Loss_kd 2.174, Train_accy 98.63
2025-04-17 23:10:22,498 [icarl.py] => Task 12, Epoch 159/200 => Loss 2.209, Loss_clf 0.047, Loss_kd 2.162, Train_accy 99.37
2025-04-17 23:10:26,454 [icarl.py] => Task 12, Epoch 160/200 => Loss 2.246, Loss_clf 0.061, Loss_kd 2.185, Train_accy 98.63
2025-04-17 23:10:41,571 [icarl.py] => Task 12, Epoch 161/200 => Loss 2.227, Loss_clf 0.057, Loss_kd 2.171, Train_accy 98.90, Test_accy {'Art': 14.79, 'Clipart': 32.59, 'Real World': 19.38, 'Product': 51.37}
2025-04-17 23:10:45,380 [icarl.py] => Task 12, Epoch 162/200 => Loss 2.241, Loss_clf 0.066, Loss_kd 2.175, Train_accy 98.90
2025-04-17 23:10:49,203 [icarl.py] => Task 12, Epoch 163/200 => Loss 2.246, Loss_clf 0.057, Loss_kd 2.189, Train_accy 98.84
2025-04-17 23:10:53,006 [icarl.py] => Task 12, Epoch 164/200 => Loss 2.229, Loss_clf 0.061, Loss_kd 2.168, Train_accy 98.84
2025-04-17 23:10:56,814 [icarl.py] => Task 12, Epoch 165/200 => Loss 2.216, Loss_clf 0.051, Loss_kd 2.165, Train_accy 99.11
2025-04-17 23:11:00,611 [icarl.py] => Task 12, Epoch 166/200 => Loss 2.216, Loss_clf 0.066, Loss_kd 2.150, Train_accy 98.58
2025-04-17 23:11:04,405 [icarl.py] => Task 12, Epoch 167/200 => Loss 2.201, Loss_clf 0.050, Loss_kd 2.150, Train_accy 99.21
2025-04-17 23:11:08,199 [icarl.py] => Task 12, Epoch 168/200 => Loss 2.213, Loss_clf 0.062, Loss_kd 2.151, Train_accy 98.69
2025-04-17 23:11:11,975 [icarl.py] => Task 12, Epoch 169/200 => Loss 2.224, Loss_clf 0.050, Loss_kd 2.173, Train_accy 99.16
2025-04-17 23:11:15,751 [icarl.py] => Task 12, Epoch 170/200 => Loss 2.208, Loss_clf 0.050, Loss_kd 2.158, Train_accy 99.16
2025-04-17 23:11:19,568 [icarl.py] => Task 12, Epoch 171/200 => Loss 2.227, Loss_clf 0.059, Loss_kd 2.168, Train_accy 98.95
2025-04-17 23:11:23,403 [icarl.py] => Task 12, Epoch 172/200 => Loss 2.223, Loss_clf 0.056, Loss_kd 2.168, Train_accy 98.90
2025-04-17 23:11:27,247 [icarl.py] => Task 12, Epoch 173/200 => Loss 2.202, Loss_clf 0.056, Loss_kd 2.146, Train_accy 99.00
2025-04-17 23:11:31,062 [icarl.py] => Task 12, Epoch 174/200 => Loss 2.196, Loss_clf 0.050, Loss_kd 2.147, Train_accy 99.16
2025-04-17 23:11:34,880 [icarl.py] => Task 12, Epoch 175/200 => Loss 2.217, Loss_clf 0.053, Loss_kd 2.164, Train_accy 99.16
2025-04-17 23:11:38,706 [icarl.py] => Task 12, Epoch 176/200 => Loss 2.224, Loss_clf 0.051, Loss_kd 2.173, Train_accy 99.26
2025-04-17 23:11:42,530 [icarl.py] => Task 12, Epoch 177/200 => Loss 2.228, Loss_clf 0.062, Loss_kd 2.166, Train_accy 98.69
2025-04-17 23:11:46,368 [icarl.py] => Task 12, Epoch 178/200 => Loss 2.224, Loss_clf 0.056, Loss_kd 2.168, Train_accy 98.90
2025-04-17 23:11:50,234 [icarl.py] => Task 12, Epoch 179/200 => Loss 2.216, Loss_clf 0.057, Loss_kd 2.159, Train_accy 98.90
2025-04-17 23:11:54,044 [icarl.py] => Task 12, Epoch 180/200 => Loss 2.220, Loss_clf 0.067, Loss_kd 2.153, Train_accy 98.79
2025-04-17 23:12:08,718 [icarl.py] => Task 12, Epoch 181/200 => Loss 2.200, Loss_clf 0.056, Loss_kd 2.143, Train_accy 98.95, Test_accy {'Art': 14.79, 'Clipart': 31.47, 'Real World': 19.49, 'Product': 49.95}
2025-04-17 23:12:12,559 [icarl.py] => Task 12, Epoch 182/200 => Loss 2.207, Loss_clf 0.047, Loss_kd 2.160, Train_accy 99.32
2025-04-17 23:12:16,325 [icarl.py] => Task 12, Epoch 183/200 => Loss 2.222, Loss_clf 0.051, Loss_kd 2.171, Train_accy 99.00
2025-04-17 23:12:20,180 [icarl.py] => Task 12, Epoch 184/200 => Loss 2.212, Loss_clf 0.054, Loss_kd 2.157, Train_accy 99.16
2025-04-17 23:12:24,002 [icarl.py] => Task 12, Epoch 185/200 => Loss 2.209, Loss_clf 0.052, Loss_kd 2.157, Train_accy 99.00
2025-04-17 23:12:27,802 [icarl.py] => Task 12, Epoch 186/200 => Loss 2.215, Loss_clf 0.065, Loss_kd 2.150, Train_accy 98.90
2025-04-17 23:12:31,622 [icarl.py] => Task 12, Epoch 187/200 => Loss 2.200, Loss_clf 0.050, Loss_kd 2.151, Train_accy 99.05
2025-04-17 23:12:35,465 [icarl.py] => Task 12, Epoch 188/200 => Loss 2.260, Loss_clf 0.059, Loss_kd 2.201, Train_accy 99.05
2025-04-17 23:12:39,461 [icarl.py] => Task 12, Epoch 189/200 => Loss 2.211, Loss_clf 0.057, Loss_kd 2.154, Train_accy 99.00
2025-04-17 23:12:43,306 [icarl.py] => Task 12, Epoch 190/200 => Loss 2.236, Loss_clf 0.053, Loss_kd 2.183, Train_accy 99.21
2025-04-17 23:12:47,105 [icarl.py] => Task 12, Epoch 191/200 => Loss 2.203, Loss_clf 0.045, Loss_kd 2.158, Train_accy 99.26
2025-04-17 23:12:50,887 [icarl.py] => Task 12, Epoch 192/200 => Loss 2.221, Loss_clf 0.060, Loss_kd 2.160, Train_accy 98.74
2025-04-17 23:12:54,739 [icarl.py] => Task 12, Epoch 193/200 => Loss 2.195, Loss_clf 0.057, Loss_kd 2.139, Train_accy 98.95
2025-04-17 23:12:58,579 [icarl.py] => Task 12, Epoch 194/200 => Loss 2.228, Loss_clf 0.061, Loss_kd 2.167, Train_accy 98.95
2025-04-17 23:13:02,405 [icarl.py] => Task 12, Epoch 195/200 => Loss 2.196, Loss_clf 0.045, Loss_kd 2.150, Train_accy 99.32
2025-04-17 23:13:06,253 [icarl.py] => Task 12, Epoch 196/200 => Loss 2.195, Loss_clf 0.054, Loss_kd 2.142, Train_accy 99.21
2025-04-17 23:13:10,117 [icarl.py] => Task 12, Epoch 197/200 => Loss 2.189, Loss_clf 0.050, Loss_kd 2.139, Train_accy 99.21
2025-04-17 23:13:13,966 [icarl.py] => Task 12, Epoch 198/200 => Loss 2.186, Loss_clf 0.043, Loss_kd 2.143, Train_accy 99.42
2025-04-17 23:13:17,802 [icarl.py] => Task 12, Epoch 199/200 => Loss 2.205, Loss_clf 0.051, Loss_kd 2.154, Train_accy 99.37
2025-04-17 23:13:21,618 [icarl.py] => Task 12, Epoch 200/200 => Loss 2.226, Loss_clf 0.054, Loss_kd 2.172, Train_accy 98.84
2025-04-17 23:13:21,619 [base.py] => Reducing exemplars...(20 per classes)
2025-04-17 23:13:42,179 [base.py] => Constructing exemplars...(20 per classes)
2025-04-17 23:14:09,455 [icarl.py] => Exemplar size: 1300
2025-04-17 23:14:10,226 [trainer.py] => CNN [Art]: {'total': 15.58, '00-04': 21.05, '05-09': 11.76, '10-14': 10.81, '15-19': 11.11, '20-24': 5.26, '25-29': 8.82, '30-34': 14.55, '35-39': 4.88, '40-44': 5.26, '45-49': 18.0, '50-54': 24.49, '55-59': 26.83, '60-64': 44.0, 'old': 14.11, 'new': 44.0}
2025-04-17 23:14:10,227 [trainer.py] => NME [Art]: {'total': 16.37, '00-04': 26.32, '05-09': 8.82, '10-14': 2.7, '15-19': 14.81, '20-24': 5.26, '25-29': 11.76, '30-34': 18.18, '35-39': 9.76, '40-44': 5.26, '45-49': 22.0, '50-54': 28.57, '55-59': 19.51, '60-64': 40.0, 'old': 15.15, 'new': 40.0}
2025-04-17 23:14:10,227 [trainer.py] => CNN [Art] top1 curve: [60.53, 47.22, 44.95, 40.44, 33.91, 23.56, 22.43, 19.74, 22.22, 18.37, 14.97, 15.35, 15.58]
2025-04-17 23:14:10,227 [trainer.py] => CNN [Art] top5 curve: [100.0, 84.72, 74.31, 69.12, 64.94, 57.21, 50.57, 49.01, 42.11, 43.62, 40.14, 36.1, 34.71]
2025-04-17 23:14:10,227 [trainer.py] => NME [Art] top1 curve: [57.89, 51.39, 43.12, 35.29, 33.33, 24.04, 20.91, 19.41, 18.71, 19.64, 17.01, 17.01, 16.37]
2025-04-17 23:14:10,227 [trainer.py] => NME [Art] top5 curve: [100.0, 86.11, 76.15, 69.85, 66.09, 55.77, 50.95, 46.38, 42.11, 42.6, 40.59, 37.34, 33.33]
2025-04-17 23:14:10,227 [trainer.py] => Average Accuracy [Art] (CNN): 29.174615384615382
2025-04-17 23:14:10,227 [trainer.py] => Average Accuracy [Art] (NME): 28.77846153846154
2025-04-17 23:14:10,227 [trainer.py] => CNN [Clipart]: {'total': 31.35, '00-04': 28.21, '05-09': 29.03, '10-14': 22.73, '15-19': 35.85, '20-24': 25.84, '25-29': 19.35, '30-34': 23.44, '35-39': 13.11, '40-44': 31.82, '45-49': 18.75, '50-54': 43.16, '55-59': 40.62, '60-64': 69.57, 'old': 28.16, 'new': 69.57}
2025-04-17 23:14:10,227 [trainer.py] => NME [Clipart]: {'total': 33.71, '00-04': 32.05, '05-09': 37.1, '10-14': 30.3, '15-19': 30.19, '20-24': 31.46, '25-29': 20.97, '30-34': 26.56, '35-39': 19.67, '40-44': 39.39, '45-49': 20.31, '50-54': 49.47, '55-59': 34.38, '60-64': 56.52, 'old': 31.8, 'new': 56.52}
2025-04-17 23:14:10,227 [trainer.py] => CNN [Clipart] top1 curve: [76.92, 71.43, 65.53, 64.86, 60.34, 50.49, 46.62, 43.36, 42.6, 38.5, 38.29, 34.71, 31.35]
2025-04-17 23:14:10,227 [trainer.py] => CNN [Clipart] top5 curve: [100.0, 92.14, 87.38, 85.33, 84.48, 77.56, 72.78, 69.91, 68.72, 64.81, 61.84, 60.19, 56.44]
2025-04-17 23:14:10,227 [trainer.py] => NME [Clipart] top1 curve: [73.08, 68.57, 68.45, 65.25, 61.49, 53.41, 50.42, 44.49, 43.59, 40.3, 40.39, 34.83, 33.71]
2025-04-17 23:14:10,227 [trainer.py] => NME [Clipart] top5 curve: [100.0, 89.29, 88.35, 85.71, 83.33, 77.07, 72.15, 69.35, 67.55, 63.46, 63.55, 61.65, 57.0]
2025-04-17 23:14:10,227 [trainer.py] => Average Accuracy [Clipart] (CNN): 51.15384615384615
2025-04-17 23:14:10,227 [trainer.py] => Average Accuracy [Clipart] (NME): 52.152307692307694
2025-04-17 23:14:10,227 [trainer.py] => CNN [Product]: {'total': 50.05, '00-04': 56.47, '05-09': 41.25, '10-14': 54.84, '15-19': 46.75, '20-24': 45.9, '25-29': 48.1, '30-34': 25.37, '35-39': 45.45, '40-44': 41.43, '45-49': 42.25, '50-54': 53.85, '55-59': 70.69, '60-64': 79.73, 'old': 47.44, 'new': 79.73}
2025-04-17 23:14:10,227 [trainer.py] => NME [Product]: {'total': 52.57, '00-04': 60.0, '05-09': 43.75, '10-14': 59.68, '15-19': 50.65, '20-24': 44.26, '25-29': 48.1, '30-34': 31.34, '35-39': 51.52, '40-44': 47.14, '45-49': 43.66, '50-54': 55.38, '55-59': 75.86, '60-64': 74.32, 'old': 50.65, 'new': 74.32}
2025-04-17 23:14:10,227 [trainer.py] => CNN [Product] top1 curve: [88.24, 85.45, 86.78, 79.28, 76.44, 72.97, 69.47, 63.95, 60.9, 57.38, 54.79, 52.79, 50.05]
2025-04-17 23:14:10,227 [trainer.py] => CNN [Product] top5 curve: [100.0, 99.39, 98.24, 94.74, 94.25, 92.34, 89.24, 87.87, 85.94, 84.12, 80.97, 78.48, 75.74]
2025-04-17 23:14:10,227 [trainer.py] => NME [Product] top1 curve: [87.06, 85.45, 88.11, 80.26, 76.71, 71.4, 68.49, 63.95, 60.74, 60.17, 58.24, 55.89, 52.57]
2025-04-17 23:14:10,227 [trainer.py] => NME [Product] top5 curve: [100.0, 99.39, 98.68, 96.38, 94.25, 92.12, 89.63, 87.52, 85.16, 83.7, 82.12, 77.88, 76.17]
2025-04-17 23:14:10,228 [trainer.py] => Average Accuracy [Product] (CNN): 69.11461538461539
2025-04-17 23:14:10,228 [trainer.py] => Average Accuracy [Product] (NME): 69.92615384615384
2025-04-17 23:14:10,228 [trainer.py] => CNN [Real World]: {'total': 19.82, '00-04': 34.25, '05-09': 30.88, '10-14': 13.89, '15-19': 8.96, '20-24': 3.08, '25-29': 16.88, '30-34': 13.33, '35-39': 10.17, '40-44': 17.19, '45-49': 18.06, '50-54': 30.77, '55-59': 21.79, '60-64': 40.0, 'old': 18.63, 'new': 40.0}
2025-04-17 23:14:10,228 [trainer.py] => NME [Real World]: {'total': 20.71, '00-04': 27.4, '05-09': 30.88, '10-14': 15.28, '15-19': 10.45, '20-24': 4.62, '25-29': 22.08, '30-34': 13.33, '35-39': 13.56, '40-44': 17.19, '45-49': 22.22, '50-54': 33.33, '55-59': 26.92, '60-64': 30.0, 'old': 20.17, 'new': 30.0}
2025-04-17 23:14:10,228 [trainer.py] => CNN [Real World] top1 curve: [64.38, 58.16, 47.89, 37.14, 33.04, 31.52, 30.58, 26.26, 24.03, 22.4, 21.95, 19.46, 19.82]
2025-04-17 23:14:10,228 [trainer.py] => CNN [Real World] top5 curve: [100.0, 88.65, 79.34, 68.93, 64.93, 61.61, 58.35, 54.86, 51.13, 48.27, 46.49, 44.34, 41.65]
2025-04-17 23:14:10,228 [trainer.py] => NME [Real World] top1 curve: [63.01, 58.16, 48.36, 38.21, 36.23, 32.46, 30.18, 26.62, 26.29, 24.28, 24.68, 22.17, 20.71]
2025-04-17 23:14:10,228 [trainer.py] => NME [Real World] top5 curve: [100.0, 91.49, 81.22, 73.93, 67.54, 63.51, 58.15, 53.24, 52.26, 49.13, 47.79, 45.05, 42.65]
2025-04-17 23:14:10,228 [trainer.py] => Average Accuracy [Real World] (CNN): 33.58692307692308
2025-04-17 23:14:10,228 [trainer.py] => Average Accuracy [Real World] (NME): 34.72
2025-04-17 23:14:10,228 [trainer.py] => NME Harmonic Mean : 25.8027
2025-04-17 23:14:10,228 [trainer.py] => NME Macro Mean : 30.8400
2025-04-17 23:14:10,228 [trainer.py] => CNN Harmonic Mean : 24.5736
2025-04-17 23:14:10,228 [trainer.py] => CNN Macro Mean : 29.2000
2025-04-17 23:14:10,229 [trainer.py] => Forgetting (CNN) [Art]: 25.221666666666664
2025-04-17 23:14:10,231 [trainer.py] => Forgetting (CNN) [Clipart]: 40.026666666666664
2025-04-17 23:14:10,231 [trainer.py] => Forgetting (CNN) [Product]: 36.228333333333325
2025-04-17 23:14:10,232 [trainer.py] => Forgetting (CNN) [Real World]: 25.444999999999997
2025-04-17 23:14:10,233 [trainer.py] => Forgetting (NME) [Art]: 24.086666666666662
2025-04-17 23:14:10,233 [trainer.py] => Forgetting (NME) [Clipart]: 32.88583333333334
2025-04-17 23:14:10,233 [trainer.py] => Forgetting (NME) [Product]: 29.140833333333337
2025-04-17 23:14:10,233 [trainer.py] => Forgetting (NME) [Real World]: 23.831666666666663
'5_real world_art_top1':[60.53, 47.22, 44.95, 40.44, 33.91, 23.56, 22.43, 19.74, 22.22, 18.37, 14.97, 15.35, 15.58],
'5_real world_art_top5':[100.0, 84.72, 74.31, 69.12, 64.94, 57.21, 50.57, 49.01, 42.11, 43.62, 40.14, 36.1, 34.71],
'5_real world_clipart_top1':[76.92, 71.43, 65.53, 64.86, 60.34, 50.49, 46.62, 43.36, 42.6, 38.5, 38.29, 34.71, 31.35],
'5_real world_clipart_top5':[100.0, 92.14, 87.38, 85.33, 84.48, 77.56, 72.78, 69.91, 68.72, 64.81, 61.84, 60.19, 56.44],
'5_real world_product_top1':[88.24, 85.45, 86.78, 79.28, 76.44, 72.97, 69.47, 63.95, 60.9, 57.38, 54.79, 52.79, 50.05],
'5_real world_product_top5':[100.0, 99.39, 98.24, 94.74, 94.25, 92.34, 89.24, 87.87, 85.94, 84.12, 80.97, 78.48, 75.74],
'5_real world_real world_top1':[64.38, 58.16, 47.89, 37.14, 33.04, 31.52, 30.58, 26.26, 24.03, 22.4, 21.95, 19.46, 19.82],
'5_real world_real world_top5':[100.0, 88.65, 79.34, 68.93, 64.93, 61.61, 58.35, 54.86, 51.13, 48.27, 46.49, 44.34, 41.65],
