2025-04-17 12:56:58,773 [trainer.py] => config: ./exps/icarl.json
2025-04-17 12:56:58,773 [trainer.py] => prefix: reproduce
2025-04-17 12:56:58,773 [trainer.py] => dataset: officehome
2025-04-17 12:56:58,773 [trainer.py] => device: [device(type='cuda', index=2)]
2025-04-17 12:56:58,773 [trainer.py] => use_rm: False
2025-04-17 12:56:58,774 [trainer.py] => topk: 5
2025-04-17 12:56:58,774 [trainer.py] => augmentation: False
2025-04-17 12:56:58,774 [trainer.py] => refinement: False
2025-04-17 12:56:58,774 [trainer.py] => flat: False
2025-04-17 12:56:58,774 [trainer.py] => P: 0.2
2025-04-17 12:56:58,774 [trainer.py] => N: 5
2025-04-17 12:56:58,774 [trainer.py] => random_times: 10
2025-04-17 12:56:58,774 [trainer.py] => random_weight: 0.1
2025-04-17 12:56:58,774 [trainer.py] => batch_size: 64
2025-04-17 12:56:58,774 [trainer.py] => init_epoch: 200
2025-04-17 12:56:58,774 [trainer.py] => epochs: 200
2025-04-17 12:56:58,774 [trainer.py] => memory_size: 1300
2025-04-17 12:56:58,774 [trainer.py] => memory_per_class: 20
2025-04-17 12:56:58,774 [trainer.py] => learning_rate: 0.1
2025-04-17 12:56:58,774 [trainer.py] => init_weight_decay: 0.0005
2025-04-17 12:56:58,774 [trainer.py] => weight_decay: 0.0002
2025-04-17 12:56:58,774 [trainer.py] => T: 2
2025-04-17 12:56:58,774 [trainer.py] => num_workers: 4
2025-04-17 12:56:58,774 [trainer.py] => fixed_memory: False
2025-04-17 12:56:58,774 [trainer.py] => shuffle: True
2025-04-17 12:56:58,774 [trainer.py] => init_cls: 13
2025-04-17 12:56:58,774 [trainer.py] => increment: 13
2025-04-17 12:56:58,774 [trainer.py] => model_name: icarl
2025-04-17 12:56:58,774 [trainer.py] => convnet_type: resnet34
2025-04-17 12:56:58,774 [trainer.py] => seed: 1993
2025-04-17 12:56:58,774 [trainer.py] => source_domain: ['Art', 'Product', 'Real World']
2025-04-17 12:56:58,774 [trainer.py] => target_domain: Clipart
2025-04-17 12:56:58,774 [trainer.py] => resume: False
2025-04-17 12:56:58,819 [data_manager.py] => [22, 56, 44, 45, 13, 8, 23, 54, 35, 52, 34, 61, 16, 6, 55, 20, 14, 38, 17, 63, 42, 10, 59, 43, 24, 2, 62, 21, 1, 15, 0, 37, 53, 27, 18, 46, 12, 25, 40, 30, 19, 47, 26, 36, 7, 28, 11, 5, 32, 41, 50, 4, 51, 58, 9, 60, 39, 31, 48, 3, 29, 64, 49, 57, 33]
2025-04-17 12:56:59,533 [trainer.py] => Training from scratch
2025-04-17 12:56:59,534 [trainer.py] => All params: 21284672
2025-04-17 12:56:59,534 [trainer.py] => Trainable params: 21284672
2025-04-17 12:56:59,535 [icarl.py] => Learning on 0-13
2025-04-17 12:57:09,856 [icarl.py] => Task 0, Epoch 1/200 => Loss 5.352, Loss_clf 5.352, Train_accy 11.46, Test_accy {'Art': 6.45, 'Clipart': 4.49, 'Real World': 5.43, 'Product': 7.21}
2025-04-17 12:57:15,848 [icarl.py] => Task 0, Epoch 2/200 => Loss 2.677, Loss_clf 2.677, Train_accy 17.44
2025-04-17 12:57:21,635 [icarl.py] => Task 0, Epoch 3/200 => Loss 2.547, Loss_clf 2.547, Train_accy 16.47
2025-04-17 12:57:27,420 [icarl.py] => Task 0, Epoch 4/200 => Loss 2.370, Loss_clf 2.370, Train_accy 18.89
2025-04-17 12:57:33,057 [icarl.py] => Task 0, Epoch 5/200 => Loss 2.265, Loss_clf 2.265, Train_accy 21.53
2025-04-17 12:57:38,891 [icarl.py] => Task 0, Epoch 6/200 => Loss 2.196, Loss_clf 2.196, Train_accy 21.37
2025-04-17 12:57:44,366 [icarl.py] => Task 0, Epoch 7/200 => Loss 2.210, Loss_clf 2.210, Train_accy 22.12
2025-04-17 12:57:49,943 [icarl.py] => Task 0, Epoch 8/200 => Loss 2.162, Loss_clf 2.162, Train_accy 23.74
2025-04-17 12:57:55,469 [icarl.py] => Task 0, Epoch 9/200 => Loss 2.142, Loss_clf 2.142, Train_accy 24.11
2025-04-17 12:58:01,064 [icarl.py] => Task 0, Epoch 10/200 => Loss 2.104, Loss_clf 2.104, Train_accy 25.57
2025-04-17 12:58:06,702 [icarl.py] => Task 0, Epoch 11/200 => Loss 2.077, Loss_clf 2.077, Train_accy 26.26
2025-04-17 12:58:12,448 [icarl.py] => Task 0, Epoch 12/200 => Loss 2.059, Loss_clf 2.059, Train_accy 26.26
2025-04-17 12:58:18,113 [icarl.py] => Task 0, Epoch 13/200 => Loss 2.049, Loss_clf 2.049, Train_accy 28.31
2025-04-17 12:58:23,999 [icarl.py] => Task 0, Epoch 14/200 => Loss 2.061, Loss_clf 2.061, Train_accy 28.04
2025-04-17 12:58:29,942 [icarl.py] => Task 0, Epoch 15/200 => Loss 1.986, Loss_clf 1.986, Train_accy 30.41
2025-04-17 12:58:35,907 [icarl.py] => Task 0, Epoch 16/200 => Loss 1.956, Loss_clf 1.956, Train_accy 30.79
2025-04-17 12:58:41,906 [icarl.py] => Task 0, Epoch 17/200 => Loss 1.931, Loss_clf 1.931, Train_accy 32.02
2025-04-17 12:58:48,292 [icarl.py] => Task 0, Epoch 18/200 => Loss 1.934, Loss_clf 1.934, Train_accy 31.16
2025-04-17 12:58:54,281 [icarl.py] => Task 0, Epoch 19/200 => Loss 1.905, Loss_clf 1.905, Train_accy 33.37
2025-04-17 12:59:00,128 [icarl.py] => Task 0, Epoch 20/200 => Loss 1.936, Loss_clf 1.936, Train_accy 32.29
2025-04-17 12:59:10,102 [icarl.py] => Task 0, Epoch 21/200 => Loss 1.900, Loss_clf 1.900, Train_accy 33.58, Test_accy {'Art': 22.58, 'Clipart': 19.66, 'Real World': 29.35, 'Product': 34.13}
2025-04-17 12:59:15,999 [icarl.py] => Task 0, Epoch 22/200 => Loss 1.856, Loss_clf 1.856, Train_accy 34.45
2025-04-17 12:59:21,732 [icarl.py] => Task 0, Epoch 23/200 => Loss 1.831, Loss_clf 1.831, Train_accy 37.14
2025-04-17 12:59:27,627 [icarl.py] => Task 0, Epoch 24/200 => Loss 1.787, Loss_clf 1.787, Train_accy 37.73
2025-04-17 12:59:33,226 [icarl.py] => Task 0, Epoch 25/200 => Loss 1.791, Loss_clf 1.791, Train_accy 37.94
2025-04-17 12:59:39,061 [icarl.py] => Task 0, Epoch 26/200 => Loss 1.718, Loss_clf 1.718, Train_accy 40.58
2025-04-17 12:59:44,755 [icarl.py] => Task 0, Epoch 27/200 => Loss 1.714, Loss_clf 1.714, Train_accy 40.47
2025-04-17 12:59:50,502 [icarl.py] => Task 0, Epoch 28/200 => Loss 1.699, Loss_clf 1.699, Train_accy 39.40
2025-04-17 12:59:56,372 [icarl.py] => Task 0, Epoch 29/200 => Loss 1.695, Loss_clf 1.695, Train_accy 39.72
2025-04-17 13:00:02,057 [icarl.py] => Task 0, Epoch 30/200 => Loss 1.672, Loss_clf 1.672, Train_accy 42.14
2025-04-17 13:00:08,131 [icarl.py] => Task 0, Epoch 31/200 => Loss 1.698, Loss_clf 1.698, Train_accy 40.85
2025-04-17 13:00:13,520 [icarl.py] => Task 0, Epoch 32/200 => Loss 1.615, Loss_clf 1.615, Train_accy 43.38
2025-04-17 13:00:19,193 [icarl.py] => Task 0, Epoch 33/200 => Loss 1.588, Loss_clf 1.588, Train_accy 45.59
2025-04-17 13:00:25,198 [icarl.py] => Task 0, Epoch 34/200 => Loss 1.537, Loss_clf 1.537, Train_accy 46.93
2025-04-17 13:00:31,147 [icarl.py] => Task 0, Epoch 35/200 => Loss 1.545, Loss_clf 1.545, Train_accy 46.61
2025-04-17 13:00:37,087 [icarl.py] => Task 0, Epoch 36/200 => Loss 1.511, Loss_clf 1.511, Train_accy 47.15
2025-04-17 13:00:42,855 [icarl.py] => Task 0, Epoch 37/200 => Loss 1.493, Loss_clf 1.493, Train_accy 47.31
2025-04-17 13:00:48,772 [icarl.py] => Task 0, Epoch 38/200 => Loss 1.467, Loss_clf 1.467, Train_accy 49.09
2025-04-17 13:00:54,497 [icarl.py] => Task 0, Epoch 39/200 => Loss 1.438, Loss_clf 1.438, Train_accy 50.11
2025-04-17 13:01:00,335 [icarl.py] => Task 0, Epoch 40/200 => Loss 1.464, Loss_clf 1.464, Train_accy 48.39
2025-04-17 13:01:10,469 [icarl.py] => Task 0, Epoch 41/200 => Loss 1.418, Loss_clf 1.418, Train_accy 49.89, Test_accy {'Art': 31.18, 'Clipart': 20.79, 'Real World': 32.07, 'Product': 48.08}
2025-04-17 13:01:16,271 [icarl.py] => Task 0, Epoch 42/200 => Loss 1.404, Loss_clf 1.404, Train_accy 51.13
2025-04-17 13:01:22,255 [icarl.py] => Task 0, Epoch 43/200 => Loss 1.373, Loss_clf 1.373, Train_accy 52.69
2025-04-17 13:01:28,184 [icarl.py] => Task 0, Epoch 44/200 => Loss 1.397, Loss_clf 1.397, Train_accy 50.97
2025-04-17 13:01:34,085 [icarl.py] => Task 0, Epoch 45/200 => Loss 1.392, Loss_clf 1.392, Train_accy 52.21
2025-04-17 13:01:40,207 [icarl.py] => Task 0, Epoch 46/200 => Loss 1.368, Loss_clf 1.368, Train_accy 51.72
2025-04-17 13:01:46,068 [icarl.py] => Task 0, Epoch 47/200 => Loss 1.325, Loss_clf 1.325, Train_accy 52.42
2025-04-17 13:01:51,839 [icarl.py] => Task 0, Epoch 48/200 => Loss 1.309, Loss_clf 1.309, Train_accy 54.90
2025-04-17 13:01:57,659 [icarl.py] => Task 0, Epoch 49/200 => Loss 1.311, Loss_clf 1.311, Train_accy 54.36
2025-04-17 13:02:03,508 [icarl.py] => Task 0, Epoch 50/200 => Loss 1.278, Loss_clf 1.278, Train_accy 55.97
2025-04-17 13:02:09,077 [icarl.py] => Task 0, Epoch 51/200 => Loss 1.276, Loss_clf 1.276, Train_accy 56.78
2025-04-17 13:02:15,004 [icarl.py] => Task 0, Epoch 52/200 => Loss 1.238, Loss_clf 1.238, Train_accy 57.16
2025-04-17 13:02:21,055 [icarl.py] => Task 0, Epoch 53/200 => Loss 1.223, Loss_clf 1.223, Train_accy 57.21
2025-04-17 13:02:26,951 [icarl.py] => Task 0, Epoch 54/200 => Loss 1.253, Loss_clf 1.253, Train_accy 55.97
2025-04-17 13:02:32,442 [icarl.py] => Task 0, Epoch 55/200 => Loss 1.244, Loss_clf 1.244, Train_accy 56.14
2025-04-17 13:02:38,356 [icarl.py] => Task 0, Epoch 56/200 => Loss 1.201, Loss_clf 1.201, Train_accy 58.83
2025-04-17 13:02:44,273 [icarl.py] => Task 0, Epoch 57/200 => Loss 1.159, Loss_clf 1.159, Train_accy 59.31
2025-04-17 13:02:50,024 [icarl.py] => Task 0, Epoch 58/200 => Loss 1.198, Loss_clf 1.198, Train_accy 58.83
2025-04-17 13:02:55,916 [icarl.py] => Task 0, Epoch 59/200 => Loss 1.126, Loss_clf 1.126, Train_accy 60.98
2025-04-17 13:03:01,569 [icarl.py] => Task 0, Epoch 60/200 => Loss 1.132, Loss_clf 1.132, Train_accy 61.46
2025-04-17 13:03:11,953 [icarl.py] => Task 0, Epoch 61/200 => Loss 1.090, Loss_clf 1.090, Train_accy 62.43, Test_accy {'Art': 27.96, 'Clipart': 27.53, 'Real World': 50.54, 'Product': 68.75}
2025-04-17 13:03:17,604 [icarl.py] => Task 0, Epoch 62/200 => Loss 1.081, Loss_clf 1.081, Train_accy 61.68
2025-04-17 13:03:23,356 [icarl.py] => Task 0, Epoch 63/200 => Loss 1.100, Loss_clf 1.100, Train_accy 62.16
2025-04-17 13:03:29,204 [icarl.py] => Task 0, Epoch 64/200 => Loss 1.091, Loss_clf 1.091, Train_accy 61.84
2025-04-17 13:03:34,985 [icarl.py] => Task 0, Epoch 65/200 => Loss 0.997, Loss_clf 0.997, Train_accy 66.31
2025-04-17 13:03:40,586 [icarl.py] => Task 0, Epoch 66/200 => Loss 0.980, Loss_clf 0.980, Train_accy 65.77
2025-04-17 13:03:46,562 [icarl.py] => Task 0, Epoch 67/200 => Loss 1.022, Loss_clf 1.022, Train_accy 64.85
2025-04-17 13:03:52,694 [icarl.py] => Task 0, Epoch 68/200 => Loss 0.953, Loss_clf 0.953, Train_accy 65.82
2025-04-17 13:03:58,667 [icarl.py] => Task 0, Epoch 69/200 => Loss 0.994, Loss_clf 0.994, Train_accy 66.20
2025-04-17 13:04:04,319 [icarl.py] => Task 0, Epoch 70/200 => Loss 1.278, Loss_clf 1.278, Train_accy 58.07
2025-04-17 13:04:10,052 [icarl.py] => Task 0, Epoch 71/200 => Loss 1.137, Loss_clf 1.137, Train_accy 61.89
2025-04-17 13:04:15,645 [icarl.py] => Task 0, Epoch 72/200 => Loss 0.970, Loss_clf 0.970, Train_accy 65.82
2025-04-17 13:04:21,185 [icarl.py] => Task 0, Epoch 73/200 => Loss 0.938, Loss_clf 0.938, Train_accy 67.98
2025-04-17 13:04:27,165 [icarl.py] => Task 0, Epoch 74/200 => Loss 0.896, Loss_clf 0.896, Train_accy 68.35
2025-04-17 13:04:32,881 [icarl.py] => Task 0, Epoch 75/200 => Loss 0.891, Loss_clf 0.891, Train_accy 68.78
2025-04-17 13:04:38,901 [icarl.py] => Task 0, Epoch 76/200 => Loss 0.889, Loss_clf 0.889, Train_accy 70.56
2025-04-17 13:04:44,490 [icarl.py] => Task 0, Epoch 77/200 => Loss 0.856, Loss_clf 0.856, Train_accy 70.45
2025-04-17 13:04:50,267 [icarl.py] => Task 0, Epoch 78/200 => Loss 0.820, Loss_clf 0.820, Train_accy 71.69
2025-04-17 13:04:56,160 [icarl.py] => Task 0, Epoch 79/200 => Loss 0.804, Loss_clf 0.804, Train_accy 71.85
2025-04-17 13:05:02,072 [icarl.py] => Task 0, Epoch 80/200 => Loss 0.846, Loss_clf 0.846, Train_accy 70.72
2025-04-17 13:05:12,248 [icarl.py] => Task 0, Epoch 81/200 => Loss 0.834, Loss_clf 0.834, Train_accy 71.10, Test_accy {'Art': 32.26, 'Clipart': 27.53, 'Real World': 46.2, 'Product': 49.04}
2025-04-17 13:05:17,774 [icarl.py] => Task 0, Epoch 82/200 => Loss 0.775, Loss_clf 0.775, Train_accy 73.74
2025-04-17 13:05:23,684 [icarl.py] => Task 0, Epoch 83/200 => Loss 0.729, Loss_clf 0.729, Train_accy 75.03
2025-04-17 13:05:29,220 [icarl.py] => Task 0, Epoch 84/200 => Loss 0.793, Loss_clf 0.793, Train_accy 72.28
2025-04-17 13:05:35,121 [icarl.py] => Task 0, Epoch 85/200 => Loss 0.733, Loss_clf 0.733, Train_accy 74.65
2025-04-17 13:05:41,099 [icarl.py] => Task 0, Epoch 86/200 => Loss 0.733, Loss_clf 0.733, Train_accy 75.08
2025-04-17 13:05:47,035 [icarl.py] => Task 0, Epoch 87/200 => Loss 0.688, Loss_clf 0.688, Train_accy 76.32
2025-04-17 13:05:52,926 [icarl.py] => Task 0, Epoch 88/200 => Loss 0.667, Loss_clf 0.667, Train_accy 77.45
2025-04-17 13:05:58,799 [icarl.py] => Task 0, Epoch 89/200 => Loss 0.689, Loss_clf 0.689, Train_accy 76.05
2025-04-17 13:06:04,654 [icarl.py] => Task 0, Epoch 90/200 => Loss 0.742, Loss_clf 0.742, Train_accy 74.54
2025-04-17 13:06:10,556 [icarl.py] => Task 0, Epoch 91/200 => Loss 0.707, Loss_clf 0.707, Train_accy 76.21
2025-04-17 13:06:16,345 [icarl.py] => Task 0, Epoch 92/200 => Loss 0.701, Loss_clf 0.701, Train_accy 75.83
2025-04-17 13:06:22,200 [icarl.py] => Task 0, Epoch 93/200 => Loss 0.624, Loss_clf 0.624, Train_accy 78.15
2025-04-17 13:06:27,675 [icarl.py] => Task 0, Epoch 94/200 => Loss 0.606, Loss_clf 0.606, Train_accy 79.66
2025-04-17 13:06:33,555 [icarl.py] => Task 0, Epoch 95/200 => Loss 0.638, Loss_clf 0.638, Train_accy 77.99
2025-04-17 13:06:39,520 [icarl.py] => Task 0, Epoch 96/200 => Loss 0.573, Loss_clf 0.573, Train_accy 80.73
2025-04-17 13:06:45,330 [icarl.py] => Task 0, Epoch 97/200 => Loss 0.542, Loss_clf 0.542, Train_accy 82.35
2025-04-17 13:06:51,087 [icarl.py] => Task 0, Epoch 98/200 => Loss 0.565, Loss_clf 0.565, Train_accy 80.95
2025-04-17 13:06:56,860 [icarl.py] => Task 0, Epoch 99/200 => Loss 0.560, Loss_clf 0.560, Train_accy 81.70
2025-04-17 13:07:02,485 [icarl.py] => Task 0, Epoch 100/200 => Loss 0.538, Loss_clf 0.538, Train_accy 82.45
2025-04-17 13:07:12,528 [icarl.py] => Task 0, Epoch 101/200 => Loss 0.542, Loss_clf 0.542, Train_accy 82.35, Test_accy {'Art': 36.56, 'Clipart': 30.34, 'Real World': 53.8, 'Product': 76.44}
2025-04-17 13:07:18,313 [icarl.py] => Task 0, Epoch 102/200 => Loss 0.504, Loss_clf 0.504, Train_accy 83.21
2025-04-17 13:07:24,470 [icarl.py] => Task 0, Epoch 103/200 => Loss 0.504, Loss_clf 0.504, Train_accy 81.81
2025-04-17 13:07:30,338 [icarl.py] => Task 0, Epoch 104/200 => Loss 0.538, Loss_clf 0.538, Train_accy 82.88
2025-04-17 13:07:36,089 [icarl.py] => Task 0, Epoch 105/200 => Loss 0.521, Loss_clf 0.521, Train_accy 83.05
2025-04-17 13:07:41,974 [icarl.py] => Task 0, Epoch 106/200 => Loss 0.523, Loss_clf 0.523, Train_accy 82.56
2025-04-17 13:07:47,824 [icarl.py] => Task 0, Epoch 107/200 => Loss 0.490, Loss_clf 0.490, Train_accy 83.53
2025-04-17 13:07:53,670 [icarl.py] => Task 0, Epoch 108/200 => Loss 0.454, Loss_clf 0.454, Train_accy 84.98
2025-04-17 13:07:59,539 [icarl.py] => Task 0, Epoch 109/200 => Loss 0.427, Loss_clf 0.427, Train_accy 84.55
2025-04-17 13:08:05,676 [icarl.py] => Task 0, Epoch 110/200 => Loss 0.414, Loss_clf 0.414, Train_accy 87.19
2025-04-17 13:08:11,364 [icarl.py] => Task 0, Epoch 111/200 => Loss 0.439, Loss_clf 0.439, Train_accy 86.33
2025-04-17 13:08:17,054 [icarl.py] => Task 0, Epoch 112/200 => Loss 0.661, Loss_clf 0.661, Train_accy 78.47
2025-04-17 13:08:22,836 [icarl.py] => Task 0, Epoch 113/200 => Loss 0.471, Loss_clf 0.471, Train_accy 84.61
2025-04-17 13:08:28,684 [icarl.py] => Task 0, Epoch 114/200 => Loss 0.400, Loss_clf 0.400, Train_accy 86.92
2025-04-17 13:08:34,769 [icarl.py] => Task 0, Epoch 115/200 => Loss 0.380, Loss_clf 0.380, Train_accy 87.30
2025-04-17 13:08:40,889 [icarl.py] => Task 0, Epoch 116/200 => Loss 0.369, Loss_clf 0.369, Train_accy 87.67
2025-04-17 13:08:46,861 [icarl.py] => Task 0, Epoch 117/200 => Loss 0.370, Loss_clf 0.370, Train_accy 87.57
2025-04-17 13:08:52,785 [icarl.py] => Task 0, Epoch 118/200 => Loss 0.329, Loss_clf 0.329, Train_accy 89.02
2025-04-17 13:08:58,717 [icarl.py] => Task 0, Epoch 119/200 => Loss 0.366, Loss_clf 0.366, Train_accy 87.89
2025-04-17 13:09:04,636 [icarl.py] => Task 0, Epoch 120/200 => Loss 0.323, Loss_clf 0.323, Train_accy 89.34
2025-04-17 13:09:14,958 [icarl.py] => Task 0, Epoch 121/200 => Loss 0.320, Loss_clf 0.320, Train_accy 90.10, Test_accy {'Art': 38.71, 'Clipart': 34.83, 'Real World': 49.46, 'Product': 71.15}
2025-04-17 13:09:20,850 [icarl.py] => Task 0, Epoch 122/200 => Loss 0.315, Loss_clf 0.315, Train_accy 90.15
2025-04-17 13:09:26,604 [icarl.py] => Task 0, Epoch 123/200 => Loss 0.285, Loss_clf 0.285, Train_accy 90.37
2025-04-17 13:09:32,748 [icarl.py] => Task 0, Epoch 124/200 => Loss 0.290, Loss_clf 0.290, Train_accy 89.83
2025-04-17 13:09:38,750 [icarl.py] => Task 0, Epoch 125/200 => Loss 0.313, Loss_clf 0.313, Train_accy 89.56
2025-04-17 13:09:44,483 [icarl.py] => Task 0, Epoch 126/200 => Loss 0.264, Loss_clf 0.264, Train_accy 91.50
2025-04-17 13:09:50,360 [icarl.py] => Task 0, Epoch 127/200 => Loss 0.280, Loss_clf 0.280, Train_accy 91.12
2025-04-17 13:09:55,863 [icarl.py] => Task 0, Epoch 128/200 => Loss 0.285, Loss_clf 0.285, Train_accy 91.44
2025-04-17 13:10:01,817 [icarl.py] => Task 0, Epoch 129/200 => Loss 0.255, Loss_clf 0.255, Train_accy 91.71
2025-04-17 13:10:07,763 [icarl.py] => Task 0, Epoch 130/200 => Loss 0.235, Loss_clf 0.235, Train_accy 91.87
2025-04-17 13:10:13,389 [icarl.py] => Task 0, Epoch 131/200 => Loss 0.286, Loss_clf 0.286, Train_accy 90.90
2025-04-17 13:10:19,196 [icarl.py] => Task 0, Epoch 132/200 => Loss 0.255, Loss_clf 0.255, Train_accy 92.41
2025-04-17 13:10:24,880 [icarl.py] => Task 0, Epoch 133/200 => Loss 0.256, Loss_clf 0.256, Train_accy 92.25
2025-04-17 13:10:30,636 [icarl.py] => Task 0, Epoch 134/200 => Loss 0.234, Loss_clf 0.234, Train_accy 92.79
2025-04-17 13:10:36,454 [icarl.py] => Task 0, Epoch 135/200 => Loss 0.220, Loss_clf 0.220, Train_accy 92.63
2025-04-17 13:10:42,310 [icarl.py] => Task 0, Epoch 136/200 => Loss 0.227, Loss_clf 0.227, Train_accy 93.16
2025-04-17 13:10:48,224 [icarl.py] => Task 0, Epoch 137/200 => Loss 0.227, Loss_clf 0.227, Train_accy 93.43
2025-04-17 13:10:54,320 [icarl.py] => Task 0, Epoch 138/200 => Loss 0.224, Loss_clf 0.224, Train_accy 92.30
2025-04-17 13:10:59,718 [icarl.py] => Task 0, Epoch 139/200 => Loss 0.194, Loss_clf 0.194, Train_accy 93.92
2025-04-17 13:11:05,512 [icarl.py] => Task 0, Epoch 140/200 => Loss 0.208, Loss_clf 0.208, Train_accy 94.03
2025-04-17 13:11:15,756 [icarl.py] => Task 0, Epoch 141/200 => Loss 0.293, Loss_clf 0.293, Train_accy 90.20, Test_accy {'Art': 37.63, 'Clipart': 34.83, 'Real World': 50.54, 'Product': 76.92}
2025-04-17 13:11:21,370 [icarl.py] => Task 0, Epoch 142/200 => Loss 0.230, Loss_clf 0.230, Train_accy 92.95
2025-04-17 13:11:27,312 [icarl.py] => Task 0, Epoch 143/200 => Loss 0.186, Loss_clf 0.186, Train_accy 94.67
2025-04-17 13:11:33,369 [icarl.py] => Task 0, Epoch 144/200 => Loss 0.168, Loss_clf 0.168, Train_accy 94.89
2025-04-17 13:11:39,162 [icarl.py] => Task 0, Epoch 145/200 => Loss 0.191, Loss_clf 0.191, Train_accy 93.70
2025-04-17 13:11:45,080 [icarl.py] => Task 0, Epoch 146/200 => Loss 0.210, Loss_clf 0.210, Train_accy 93.76
2025-04-17 13:11:50,993 [icarl.py] => Task 0, Epoch 147/200 => Loss 0.162, Loss_clf 0.162, Train_accy 95.10
2025-04-17 13:11:56,751 [icarl.py] => Task 0, Epoch 148/200 => Loss 0.187, Loss_clf 0.187, Train_accy 94.56
2025-04-17 13:12:02,774 [icarl.py] => Task 0, Epoch 149/200 => Loss 0.162, Loss_clf 0.162, Train_accy 94.78
2025-04-17 13:12:08,434 [icarl.py] => Task 0, Epoch 150/200 => Loss 0.156, Loss_clf 0.156, Train_accy 94.94
2025-04-17 13:12:13,987 [icarl.py] => Task 0, Epoch 151/200 => Loss 0.145, Loss_clf 0.145, Train_accy 95.48
2025-04-17 13:12:19,746 [icarl.py] => Task 0, Epoch 152/200 => Loss 0.168, Loss_clf 0.168, Train_accy 94.73
2025-04-17 13:12:25,365 [icarl.py] => Task 0, Epoch 153/200 => Loss 0.147, Loss_clf 0.147, Train_accy 95.96
2025-04-17 13:12:31,207 [icarl.py] => Task 0, Epoch 154/200 => Loss 0.132, Loss_clf 0.132, Train_accy 96.18
2025-04-17 13:12:37,245 [icarl.py] => Task 0, Epoch 155/200 => Loss 0.135, Loss_clf 0.135, Train_accy 95.53
2025-04-17 13:12:43,479 [icarl.py] => Task 0, Epoch 156/200 => Loss 0.130, Loss_clf 0.130, Train_accy 95.37
2025-04-17 13:12:49,777 [icarl.py] => Task 0, Epoch 157/200 => Loss 0.145, Loss_clf 0.145, Train_accy 95.43
2025-04-17 13:12:56,237 [icarl.py] => Task 0, Epoch 158/200 => Loss 0.111, Loss_clf 0.111, Train_accy 96.23
2025-04-17 13:13:02,111 [icarl.py] => Task 0, Epoch 159/200 => Loss 0.137, Loss_clf 0.137, Train_accy 95.80
2025-04-17 13:13:08,170 [icarl.py] => Task 0, Epoch 160/200 => Loss 0.134, Loss_clf 0.134, Train_accy 95.96
2025-04-17 13:13:19,614 [icarl.py] => Task 0, Epoch 161/200 => Loss 0.118, Loss_clf 0.118, Train_accy 96.18, Test_accy {'Art': 47.31, 'Clipart': 33.71, 'Real World': 53.8, 'Product': 85.58}
2025-04-17 13:13:25,543 [icarl.py] => Task 0, Epoch 162/200 => Loss 0.122, Loss_clf 0.122, Train_accy 96.34
2025-04-17 13:13:31,751 [icarl.py] => Task 0, Epoch 163/200 => Loss 0.114, Loss_clf 0.114, Train_accy 96.29
2025-04-17 13:13:37,986 [icarl.py] => Task 0, Epoch 164/200 => Loss 0.097, Loss_clf 0.097, Train_accy 97.04
2025-04-17 13:13:44,107 [icarl.py] => Task 0, Epoch 165/200 => Loss 0.095, Loss_clf 0.095, Train_accy 97.36
2025-04-17 13:13:50,098 [icarl.py] => Task 0, Epoch 166/200 => Loss 0.100, Loss_clf 0.100, Train_accy 97.20
2025-04-17 13:13:56,209 [icarl.py] => Task 0, Epoch 167/200 => Loss 0.087, Loss_clf 0.087, Train_accy 97.09
2025-04-17 13:14:02,481 [icarl.py] => Task 0, Epoch 168/200 => Loss 0.105, Loss_clf 0.105, Train_accy 96.66
2025-04-17 13:14:08,394 [icarl.py] => Task 0, Epoch 169/200 => Loss 0.123, Loss_clf 0.123, Train_accy 95.75
2025-04-17 13:14:14,450 [icarl.py] => Task 0, Epoch 170/200 => Loss 0.098, Loss_clf 0.098, Train_accy 97.09
2025-04-17 13:14:20,402 [icarl.py] => Task 0, Epoch 171/200 => Loss 0.103, Loss_clf 0.103, Train_accy 96.82
2025-04-17 13:14:26,484 [icarl.py] => Task 0, Epoch 172/200 => Loss 0.082, Loss_clf 0.082, Train_accy 97.52
2025-04-17 13:14:32,752 [icarl.py] => Task 0, Epoch 173/200 => Loss 0.096, Loss_clf 0.096, Train_accy 96.99
2025-04-17 13:14:38,713 [icarl.py] => Task 0, Epoch 174/200 => Loss 0.066, Loss_clf 0.066, Train_accy 98.17
2025-04-17 13:14:44,730 [icarl.py] => Task 0, Epoch 175/200 => Loss 0.093, Loss_clf 0.093, Train_accy 97.20
2025-04-17 13:14:50,822 [icarl.py] => Task 0, Epoch 176/200 => Loss 0.094, Loss_clf 0.094, Train_accy 96.93
2025-04-17 13:14:56,703 [icarl.py] => Task 0, Epoch 177/200 => Loss 0.097, Loss_clf 0.097, Train_accy 96.99
2025-04-17 13:15:02,770 [icarl.py] => Task 0, Epoch 178/200 => Loss 0.080, Loss_clf 0.080, Train_accy 97.63
2025-04-17 13:15:08,845 [icarl.py] => Task 0, Epoch 179/200 => Loss 0.079, Loss_clf 0.079, Train_accy 97.58
2025-04-17 13:15:14,768 [icarl.py] => Task 0, Epoch 180/200 => Loss 0.075, Loss_clf 0.075, Train_accy 97.74
2025-04-17 13:15:26,376 [icarl.py] => Task 0, Epoch 181/200 => Loss 0.067, Loss_clf 0.067, Train_accy 98.39, Test_accy {'Art': 50.54, 'Clipart': 37.64, 'Real World': 54.89, 'Product': 87.98}
2025-04-17 13:15:32,624 [icarl.py] => Task 0, Epoch 182/200 => Loss 0.079, Loss_clf 0.079, Train_accy 97.85
2025-04-17 13:15:39,047 [icarl.py] => Task 0, Epoch 183/200 => Loss 0.094, Loss_clf 0.094, Train_accy 97.42
2025-04-17 13:15:45,427 [icarl.py] => Task 0, Epoch 184/200 => Loss 0.084, Loss_clf 0.084, Train_accy 97.31
2025-04-17 13:15:51,436 [icarl.py] => Task 0, Epoch 185/200 => Loss 0.078, Loss_clf 0.078, Train_accy 98.01
2025-04-17 13:15:57,247 [icarl.py] => Task 0, Epoch 186/200 => Loss 0.074, Loss_clf 0.074, Train_accy 97.95
2025-04-17 13:16:02,976 [icarl.py] => Task 0, Epoch 187/200 => Loss 0.093, Loss_clf 0.093, Train_accy 97.09
2025-04-17 13:16:08,611 [icarl.py] => Task 0, Epoch 188/200 => Loss 0.100, Loss_clf 0.100, Train_accy 96.72
2025-04-17 13:16:14,389 [icarl.py] => Task 0, Epoch 189/200 => Loss 0.083, Loss_clf 0.083, Train_accy 97.58
2025-04-17 13:16:20,095 [icarl.py] => Task 0, Epoch 190/200 => Loss 0.073, Loss_clf 0.073, Train_accy 97.90
2025-04-17 13:16:26,074 [icarl.py] => Task 0, Epoch 191/200 => Loss 0.082, Loss_clf 0.082, Train_accy 97.26
2025-04-17 13:16:31,471 [icarl.py] => Task 0, Epoch 192/200 => Loss 0.079, Loss_clf 0.079, Train_accy 97.52
2025-04-17 13:16:37,249 [icarl.py] => Task 0, Epoch 193/200 => Loss 0.060, Loss_clf 0.060, Train_accy 98.06
2025-04-17 13:16:42,668 [icarl.py] => Task 0, Epoch 194/200 => Loss 0.088, Loss_clf 0.088, Train_accy 97.15
2025-04-17 13:16:48,441 [icarl.py] => Task 0, Epoch 195/200 => Loss 0.082, Loss_clf 0.082, Train_accy 97.47
2025-04-17 13:16:54,330 [icarl.py] => Task 0, Epoch 196/200 => Loss 0.069, Loss_clf 0.069, Train_accy 97.85
2025-04-17 13:17:00,204 [icarl.py] => Task 0, Epoch 197/200 => Loss 0.070, Loss_clf 0.070, Train_accy 97.85
2025-04-17 13:17:06,017 [icarl.py] => Task 0, Epoch 198/200 => Loss 0.069, Loss_clf 0.069, Train_accy 97.47
2025-04-17 13:17:11,788 [icarl.py] => Task 0, Epoch 199/200 => Loss 0.087, Loss_clf 0.087, Train_accy 97.31
2025-04-17 13:17:17,509 [icarl.py] => Task 0, Epoch 200/200 => Loss 0.067, Loss_clf 0.067, Train_accy 98.06
2025-04-17 13:17:17,510 [base.py] => Reducing exemplars...(100 per classes)
2025-04-17 13:17:17,510 [base.py] => Constructing exemplars...(100 per classes)
2025-04-17 13:17:53,676 [icarl.py] => Exemplar size: 1300
2025-04-17 13:17:54,337 [trainer.py] => CNN [Art]: {'total': 49.46, '00-12': 49.46, 'old': 0, 'new': 49.46}
2025-04-17 13:17:54,338 [trainer.py] => NME [Art]: {'total': 53.76, '00-12': 53.76, 'old': 0, 'new': 53.76}
2025-04-17 13:17:54,338 [trainer.py] => CNN [Art] top1 curve: [49.46]
2025-04-17 13:17:54,338 [trainer.py] => CNN [Art] top5 curve: [78.49]
2025-04-17 13:17:54,338 [trainer.py] => NME [Art] top1 curve: [53.76]
2025-04-17 13:17:54,338 [trainer.py] => NME [Art] top5 curve: [80.65]
2025-04-17 13:17:54,338 [trainer.py] => Average Accuracy [Art] (CNN): 49.46
2025-04-17 13:17:54,338 [trainer.py] => Average Accuracy [Art] (NME): 53.76
2025-04-17 13:17:54,338 [trainer.py] => CNN [Clipart]: {'total': 36.52, '00-12': 36.52, 'old': 0, 'new': 36.52}
2025-04-17 13:17:54,338 [trainer.py] => NME [Clipart]: {'total': 36.52, '00-12': 36.52, 'old': 0, 'new': 36.52}
2025-04-17 13:17:54,338 [trainer.py] => CNN [Clipart] top1 curve: [36.52]
2025-04-17 13:17:54,338 [trainer.py] => CNN [Clipart] top5 curve: [67.42]
2025-04-17 13:17:54,338 [trainer.py] => NME [Clipart] top1 curve: [36.52]
2025-04-17 13:17:54,338 [trainer.py] => NME [Clipart] top5 curve: [69.1]
2025-04-17 13:17:54,338 [trainer.py] => Average Accuracy [Clipart] (CNN): 36.52
2025-04-17 13:17:54,338 [trainer.py] => Average Accuracy [Clipart] (NME): 36.52
2025-04-17 13:17:54,338 [trainer.py] => CNN [Product]: {'total': 87.02, '00-12': 87.02, 'old': 0, 'new': 87.02}
2025-04-17 13:17:54,338 [trainer.py] => NME [Product]: {'total': 88.94, '00-12': 88.94, 'old': 0, 'new': 88.94}
2025-04-17 13:17:54,339 [trainer.py] => CNN [Product] top1 curve: [87.02]
2025-04-17 13:17:54,339 [trainer.py] => CNN [Product] top5 curve: [99.04]
2025-04-17 13:17:54,339 [trainer.py] => NME [Product] top1 curve: [88.94]
2025-04-17 13:17:54,339 [trainer.py] => NME [Product] top5 curve: [98.56]
2025-04-17 13:17:54,339 [trainer.py] => Average Accuracy [Product] (CNN): 87.02
2025-04-17 13:17:54,339 [trainer.py] => Average Accuracy [Product] (NME): 88.94
2025-04-17 13:17:54,339 [trainer.py] => CNN [Real World]: {'total': 53.26, '00-12': 53.26, 'old': 0, 'new': 53.26}
2025-04-17 13:17:54,339 [trainer.py] => NME [Real World]: {'total': 53.8, '00-12': 53.8, 'old': 0, 'new': 53.8}
2025-04-17 13:17:54,339 [trainer.py] => CNN [Real World] top1 curve: [53.26]
2025-04-17 13:17:54,339 [trainer.py] => CNN [Real World] top5 curve: [90.22]
2025-04-17 13:17:54,339 [trainer.py] => NME [Real World] top1 curve: [53.8]
2025-04-17 13:17:54,339 [trainer.py] => NME [Real World] top5 curve: [91.85]
2025-04-17 13:17:54,339 [trainer.py] => Average Accuracy [Real World] (CNN): 53.26
2025-04-17 13:17:54,339 [trainer.py] => Average Accuracy [Real World] (NME): 53.8
2025-04-17 13:17:54,339 [trainer.py] => NME Harmonic Mean : 46.8939
2025-04-17 13:17:54,339 [trainer.py] => NME Macro Mean : 58.2550
2025-04-17 13:17:54,339 [trainer.py] => CNN Harmonic Mean : 46.3034
2025-04-17 13:17:54,339 [trainer.py] => CNN Macro Mean : 56.5650
2025-04-17 13:17:54,340 [trainer.py] => All params: 21331355
2025-04-17 13:17:54,340 [trainer.py] => Trainable params: 21331355
2025-04-17 13:17:54,341 [icarl.py] => Learning on 13-26
2025-04-17 13:18:10,143 [icarl.py] => Task 1, Epoch 1/200 => Loss 5.549, Loss_clf 3.399, Loss_kd 2.150, Train_accy 19.90, Test_accy {'Art': 13.33, 'Clipart': 8.31, 'Real World': 14.53, 'Product': 22.49}
2025-04-17 13:18:18,736 [icarl.py] => Task 1, Epoch 2/200 => Loss 4.538, Loss_clf 2.551, Loss_kd 1.988, Train_accy 27.95
2025-04-17 13:18:27,437 [icarl.py] => Task 1, Epoch 3/200 => Loss 4.235, Loss_clf 2.351, Loss_kd 1.884, Train_accy 31.88
2025-04-17 13:18:36,274 [icarl.py] => Task 1, Epoch 4/200 => Loss 4.014, Loss_clf 2.192, Loss_kd 1.821, Train_accy 36.40
2025-04-17 13:18:45,362 [icarl.py] => Task 1, Epoch 5/200 => Loss 3.819, Loss_clf 2.042, Loss_kd 1.777, Train_accy 39.83
2025-04-17 13:18:54,550 [icarl.py] => Task 1, Epoch 6/200 => Loss 3.699, Loss_clf 1.951, Loss_kd 1.749, Train_accy 42.28
2025-04-17 13:19:03,310 [icarl.py] => Task 1, Epoch 7/200 => Loss 3.620, Loss_clf 1.887, Loss_kd 1.733, Train_accy 42.44
2025-04-17 13:19:12,197 [icarl.py] => Task 1, Epoch 8/200 => Loss 3.500, Loss_clf 1.798, Loss_kd 1.702, Train_accy 45.30
2025-04-17 13:19:21,339 [icarl.py] => Task 1, Epoch 9/200 => Loss 3.372, Loss_clf 1.705, Loss_kd 1.667, Train_accy 47.67
2025-04-17 13:19:30,576 [icarl.py] => Task 1, Epoch 10/200 => Loss 3.311, Loss_clf 1.647, Loss_kd 1.665, Train_accy 49.34
2025-04-17 13:19:39,028 [icarl.py] => Task 1, Epoch 11/200 => Loss 3.187, Loss_clf 1.548, Loss_kd 1.639, Train_accy 52.05
2025-04-17 13:19:47,567 [icarl.py] => Task 1, Epoch 12/200 => Loss 3.099, Loss_clf 1.496, Loss_kd 1.602, Train_accy 53.79
2025-04-17 13:19:56,507 [icarl.py] => Task 1, Epoch 13/200 => Loss 3.053, Loss_clf 1.452, Loss_kd 1.601, Train_accy 54.70
2025-04-17 13:20:05,802 [icarl.py] => Task 1, Epoch 14/200 => Loss 2.971, Loss_clf 1.399, Loss_kd 1.572, Train_accy 58.13
2025-04-17 13:20:14,817 [icarl.py] => Task 1, Epoch 15/200 => Loss 2.943, Loss_clf 1.355, Loss_kd 1.588, Train_accy 57.62
2025-04-17 13:20:24,028 [icarl.py] => Task 1, Epoch 16/200 => Loss 2.874, Loss_clf 1.268, Loss_kd 1.606, Train_accy 60.88
2025-04-17 13:20:32,766 [icarl.py] => Task 1, Epoch 17/200 => Loss 2.866, Loss_clf 1.278, Loss_kd 1.589, Train_accy 60.51
2025-04-17 13:20:41,838 [icarl.py] => Task 1, Epoch 18/200 => Loss 2.736, Loss_clf 1.202, Loss_kd 1.534, Train_accy 63.26
2025-04-17 13:20:50,723 [icarl.py] => Task 1, Epoch 19/200 => Loss 2.757, Loss_clf 1.186, Loss_kd 1.571, Train_accy 63.57
2025-04-17 13:20:59,202 [icarl.py] => Task 1, Epoch 20/200 => Loss 2.664, Loss_clf 1.111, Loss_kd 1.553, Train_accy 65.40
2025-04-17 13:21:14,124 [icarl.py] => Task 1, Epoch 21/200 => Loss 2.618, Loss_clf 1.083, Loss_kd 1.535, Train_accy 66.93, Test_accy {'Art': 22.78, 'Clipart': 15.79, 'Real World': 32.4, 'Product': 50.0}
2025-04-17 13:21:23,214 [icarl.py] => Task 1, Epoch 22/200 => Loss 2.580, Loss_clf 1.048, Loss_kd 1.532, Train_accy 67.47
2025-04-17 13:21:32,066 [icarl.py] => Task 1, Epoch 23/200 => Loss 2.567, Loss_clf 1.006, Loss_kd 1.561, Train_accy 68.73
2025-04-17 13:21:41,470 [icarl.py] => Task 1, Epoch 24/200 => Loss 2.590, Loss_clf 1.042, Loss_kd 1.548, Train_accy 67.71
2025-04-17 13:21:50,136 [icarl.py] => Task 1, Epoch 25/200 => Loss 2.523, Loss_clf 0.978, Loss_kd 1.545, Train_accy 69.88
2025-04-17 13:21:59,100 [icarl.py] => Task 1, Epoch 26/200 => Loss 2.446, Loss_clf 0.935, Loss_kd 1.511, Train_accy 71.14
2025-04-17 13:22:08,218 [icarl.py] => Task 1, Epoch 27/200 => Loss 2.440, Loss_clf 0.927, Loss_kd 1.512, Train_accy 70.90
2025-04-17 13:22:17,274 [icarl.py] => Task 1, Epoch 28/200 => Loss 2.408, Loss_clf 0.899, Loss_kd 1.510, Train_accy 71.61
2025-04-17 13:22:26,258 [icarl.py] => Task 1, Epoch 29/200 => Loss 2.375, Loss_clf 0.880, Loss_kd 1.496, Train_accy 72.09
2025-04-17 13:22:35,325 [icarl.py] => Task 1, Epoch 30/200 => Loss 2.333, Loss_clf 0.834, Loss_kd 1.499, Train_accy 74.57
2025-04-17 13:22:44,874 [icarl.py] => Task 1, Epoch 31/200 => Loss 2.305, Loss_clf 0.809, Loss_kd 1.496, Train_accy 74.91
2025-04-17 13:22:53,662 [icarl.py] => Task 1, Epoch 32/200 => Loss 2.352, Loss_clf 0.852, Loss_kd 1.499, Train_accy 73.34
2025-04-17 13:23:02,292 [icarl.py] => Task 1, Epoch 33/200 => Loss 2.263, Loss_clf 0.782, Loss_kd 1.481, Train_accy 75.42
2025-04-17 13:23:11,180 [icarl.py] => Task 1, Epoch 34/200 => Loss 2.252, Loss_clf 0.752, Loss_kd 1.500, Train_accy 77.42
2025-04-17 13:23:20,081 [icarl.py] => Task 1, Epoch 35/200 => Loss 2.161, Loss_clf 0.709, Loss_kd 1.453, Train_accy 77.93
2025-04-17 13:23:29,241 [icarl.py] => Task 1, Epoch 36/200 => Loss 2.124, Loss_clf 0.675, Loss_kd 1.449, Train_accy 79.80
2025-04-17 13:23:37,775 [icarl.py] => Task 1, Epoch 37/200 => Loss 2.176, Loss_clf 0.658, Loss_kd 1.518, Train_accy 79.69
2025-04-17 13:23:46,594 [icarl.py] => Task 1, Epoch 38/200 => Loss 2.115, Loss_clf 0.648, Loss_kd 1.467, Train_accy 80.68
2025-04-17 13:23:55,781 [icarl.py] => Task 1, Epoch 39/200 => Loss 2.081, Loss_clf 0.624, Loss_kd 1.457, Train_accy 80.98
2025-04-17 13:24:05,098 [icarl.py] => Task 1, Epoch 40/200 => Loss 2.162, Loss_clf 0.657, Loss_kd 1.505, Train_accy 80.31
2025-04-17 13:24:20,573 [icarl.py] => Task 1, Epoch 41/200 => Loss 2.084, Loss_clf 0.624, Loss_kd 1.460, Train_accy 80.81, Test_accy {'Art': 30.0, 'Clipart': 21.88, 'Real World': 37.15, 'Product': 58.2}
2025-04-17 13:24:29,550 [icarl.py] => Task 1, Epoch 42/200 => Loss 2.114, Loss_clf 0.637, Loss_kd 1.477, Train_accy 80.51
2025-04-17 13:24:39,052 [icarl.py] => Task 1, Epoch 43/200 => Loss 2.078, Loss_clf 0.614, Loss_kd 1.464, Train_accy 80.78
2025-04-17 13:24:49,318 [icarl.py] => Task 1, Epoch 44/200 => Loss 2.092, Loss_clf 0.593, Loss_kd 1.499, Train_accy 82.72
2025-04-17 13:24:58,348 [icarl.py] => Task 1, Epoch 45/200 => Loss 1.973, Loss_clf 0.524, Loss_kd 1.449, Train_accy 83.60
2025-04-17 13:25:07,533 [icarl.py] => Task 1, Epoch 46/200 => Loss 1.945, Loss_clf 0.521, Loss_kd 1.424, Train_accy 84.79
2025-04-17 13:25:16,816 [icarl.py] => Task 1, Epoch 47/200 => Loss 1.954, Loss_clf 0.513, Loss_kd 1.441, Train_accy 84.38
2025-04-17 13:25:26,128 [icarl.py] => Task 1, Epoch 48/200 => Loss 2.052, Loss_clf 0.589, Loss_kd 1.462, Train_accy 83.09
2025-04-17 13:25:34,834 [icarl.py] => Task 1, Epoch 49/200 => Loss 1.934, Loss_clf 0.512, Loss_kd 1.421, Train_accy 84.58
2025-04-17 13:25:43,600 [icarl.py] => Task 1, Epoch 50/200 => Loss 1.904, Loss_clf 0.490, Loss_kd 1.414, Train_accy 85.70
2025-04-17 13:25:52,434 [icarl.py] => Task 1, Epoch 51/200 => Loss 1.942, Loss_clf 0.507, Loss_kd 1.435, Train_accy 84.58
2025-04-17 13:26:01,303 [icarl.py] => Task 1, Epoch 52/200 => Loss 1.897, Loss_clf 0.470, Loss_kd 1.427, Train_accy 85.33
2025-04-17 13:26:10,812 [icarl.py] => Task 1, Epoch 53/200 => Loss 1.933, Loss_clf 0.498, Loss_kd 1.435, Train_accy 85.23
2025-04-17 13:26:19,623 [icarl.py] => Task 1, Epoch 54/200 => Loss 1.877, Loss_clf 0.458, Loss_kd 1.419, Train_accy 86.01
2025-04-17 13:26:28,724 [icarl.py] => Task 1, Epoch 55/200 => Loss 1.893, Loss_clf 0.472, Loss_kd 1.421, Train_accy 85.64
2025-04-17 13:26:37,458 [icarl.py] => Task 1, Epoch 56/200 => Loss 1.849, Loss_clf 0.428, Loss_kd 1.422, Train_accy 87.16
2025-04-17 13:26:46,169 [icarl.py] => Task 1, Epoch 57/200 => Loss 1.785, Loss_clf 0.394, Loss_kd 1.390, Train_accy 88.39
2025-04-17 13:26:54,866 [icarl.py] => Task 1, Epoch 58/200 => Loss 1.835, Loss_clf 0.422, Loss_kd 1.414, Train_accy 87.64
2025-04-17 13:27:04,126 [icarl.py] => Task 1, Epoch 59/200 => Loss 1.892, Loss_clf 0.471, Loss_kd 1.421, Train_accy 85.74
2025-04-17 13:27:13,490 [icarl.py] => Task 1, Epoch 60/200 => Loss 1.814, Loss_clf 0.407, Loss_kd 1.407, Train_accy 88.22
2025-04-17 13:27:28,999 [icarl.py] => Task 1, Epoch 61/200 => Loss 1.879, Loss_clf 0.445, Loss_kd 1.434, Train_accy 86.49, Test_accy {'Art': 34.44, 'Clipart': 20.5, 'Real World': 36.31, 'Product': 67.2}
2025-04-17 13:27:37,594 [icarl.py] => Task 1, Epoch 62/200 => Loss 1.797, Loss_clf 0.390, Loss_kd 1.407, Train_accy 88.12
2025-04-17 13:27:46,269 [icarl.py] => Task 1, Epoch 63/200 => Loss 1.766, Loss_clf 0.382, Loss_kd 1.384, Train_accy 88.79
2025-04-17 13:27:55,350 [icarl.py] => Task 1, Epoch 64/200 => Loss 1.767, Loss_clf 0.369, Loss_kd 1.398, Train_accy 88.76
2025-04-17 13:28:04,411 [icarl.py] => Task 1, Epoch 65/200 => Loss 1.792, Loss_clf 0.418, Loss_kd 1.373, Train_accy 87.23
2025-04-17 13:28:13,655 [icarl.py] => Task 1, Epoch 66/200 => Loss 1.813, Loss_clf 0.410, Loss_kd 1.402, Train_accy 87.78
2025-04-17 13:28:22,380 [icarl.py] => Task 1, Epoch 67/200 => Loss 1.764, Loss_clf 0.361, Loss_kd 1.403, Train_accy 89.13
2025-04-17 13:28:31,006 [icarl.py] => Task 1, Epoch 68/200 => Loss 1.788, Loss_clf 0.378, Loss_kd 1.410, Train_accy 88.66
2025-04-17 13:28:39,906 [icarl.py] => Task 1, Epoch 69/200 => Loss 1.745, Loss_clf 0.351, Loss_kd 1.394, Train_accy 89.27
2025-04-17 13:28:48,896 [icarl.py] => Task 1, Epoch 70/200 => Loss 1.727, Loss_clf 0.329, Loss_kd 1.398, Train_accy 90.49
2025-04-17 13:28:58,000 [icarl.py] => Task 1, Epoch 71/200 => Loss 1.689, Loss_clf 0.313, Loss_kd 1.377, Train_accy 90.76
2025-04-17 13:29:07,239 [icarl.py] => Task 1, Epoch 72/200 => Loss 1.711, Loss_clf 0.331, Loss_kd 1.380, Train_accy 90.15
2025-04-17 13:29:16,173 [icarl.py] => Task 1, Epoch 73/200 => Loss 1.727, Loss_clf 0.341, Loss_kd 1.387, Train_accy 89.95
2025-04-17 13:29:25,403 [icarl.py] => Task 1, Epoch 74/200 => Loss 1.673, Loss_clf 0.301, Loss_kd 1.372, Train_accy 91.44
2025-04-17 13:29:34,365 [icarl.py] => Task 1, Epoch 75/200 => Loss 1.656, Loss_clf 0.287, Loss_kd 1.369, Train_accy 91.58
2025-04-17 13:29:43,403 [icarl.py] => Task 1, Epoch 76/200 => Loss 1.683, Loss_clf 0.308, Loss_kd 1.376, Train_accy 90.87
2025-04-17 13:29:52,188 [icarl.py] => Task 1, Epoch 77/200 => Loss 1.668, Loss_clf 0.291, Loss_kd 1.377, Train_accy 91.58
2025-04-17 13:30:01,165 [icarl.py] => Task 1, Epoch 78/200 => Loss 1.733, Loss_clf 0.318, Loss_kd 1.415, Train_accy 90.22
2025-04-17 13:30:10,059 [icarl.py] => Task 1, Epoch 79/200 => Loss 1.679, Loss_clf 0.308, Loss_kd 1.371, Train_accy 90.66
2025-04-17 13:30:19,498 [icarl.py] => Task 1, Epoch 80/200 => Loss 1.648, Loss_clf 0.285, Loss_kd 1.363, Train_accy 91.48
2025-04-17 13:30:35,060 [icarl.py] => Task 1, Epoch 81/200 => Loss 1.634, Loss_clf 0.269, Loss_kd 1.364, Train_accy 92.22, Test_accy {'Art': 32.22, 'Clipart': 20.78, 'Real World': 40.78, 'Product': 65.87}
2025-04-17 13:30:43,985 [icarl.py] => Task 1, Epoch 82/200 => Loss 1.652, Loss_clf 0.285, Loss_kd 1.367, Train_accy 91.51
2025-04-17 13:30:52,727 [icarl.py] => Task 1, Epoch 83/200 => Loss 1.642, Loss_clf 0.253, Loss_kd 1.389, Train_accy 92.43
2025-04-17 13:31:01,655 [icarl.py] => Task 1, Epoch 84/200 => Loss 1.672, Loss_clf 0.287, Loss_kd 1.385, Train_accy 91.99
2025-04-17 13:31:10,623 [icarl.py] => Task 1, Epoch 85/200 => Loss 1.651, Loss_clf 0.284, Loss_kd 1.367, Train_accy 91.78
2025-04-17 13:31:19,767 [icarl.py] => Task 1, Epoch 86/200 => Loss 1.635, Loss_clf 0.254, Loss_kd 1.381, Train_accy 92.12
2025-04-17 13:31:28,873 [icarl.py] => Task 1, Epoch 87/200 => Loss 1.626, Loss_clf 0.269, Loss_kd 1.358, Train_accy 92.73
2025-04-17 13:31:37,567 [icarl.py] => Task 1, Epoch 88/200 => Loss 1.615, Loss_clf 0.235, Loss_kd 1.380, Train_accy 93.38
2025-04-17 13:31:46,696 [icarl.py] => Task 1, Epoch 89/200 => Loss 1.574, Loss_clf 0.224, Loss_kd 1.350, Train_accy 93.51
2025-04-17 13:31:55,662 [icarl.py] => Task 1, Epoch 90/200 => Loss 1.558, Loss_clf 0.205, Loss_kd 1.354, Train_accy 94.16
2025-04-17 13:32:05,313 [icarl.py] => Task 1, Epoch 91/200 => Loss 1.573, Loss_clf 0.235, Loss_kd 1.339, Train_accy 92.97
2025-04-17 13:32:13,877 [icarl.py] => Task 1, Epoch 92/200 => Loss 1.573, Loss_clf 0.222, Loss_kd 1.351, Train_accy 93.68
2025-04-17 13:32:23,142 [icarl.py] => Task 1, Epoch 93/200 => Loss 1.583, Loss_clf 0.223, Loss_kd 1.360, Train_accy 93.51
2025-04-17 13:32:32,064 [icarl.py] => Task 1, Epoch 94/200 => Loss 1.560, Loss_clf 0.215, Loss_kd 1.345, Train_accy 94.09
2025-04-17 13:32:40,600 [icarl.py] => Task 1, Epoch 95/200 => Loss 1.584, Loss_clf 0.209, Loss_kd 1.375, Train_accy 93.96
2025-04-17 13:32:49,292 [icarl.py] => Task 1, Epoch 96/200 => Loss 1.614, Loss_clf 0.256, Loss_kd 1.357, Train_accy 92.36
2025-04-17 13:32:58,214 [icarl.py] => Task 1, Epoch 97/200 => Loss 1.546, Loss_clf 0.194, Loss_kd 1.352, Train_accy 94.09
2025-04-17 13:33:06,920 [icarl.py] => Task 1, Epoch 98/200 => Loss 1.541, Loss_clf 0.200, Loss_kd 1.341, Train_accy 94.06
2025-04-17 13:33:15,690 [icarl.py] => Task 1, Epoch 99/200 => Loss 1.535, Loss_clf 0.201, Loss_kd 1.334, Train_accy 94.23
2025-04-17 13:33:24,402 [icarl.py] => Task 1, Epoch 100/200 => Loss 1.516, Loss_clf 0.202, Loss_kd 1.314, Train_accy 94.09
2025-04-17 13:33:39,990 [icarl.py] => Task 1, Epoch 101/200 => Loss 1.538, Loss_clf 0.200, Loss_kd 1.339, Train_accy 93.92, Test_accy {'Art': 37.78, 'Clipart': 22.16, 'Real World': 39.66, 'Product': 73.28}
2025-04-17 13:33:49,340 [icarl.py] => Task 1, Epoch 102/200 => Loss 1.499, Loss_clf 0.178, Loss_kd 1.321, Train_accy 94.94
2025-04-17 13:33:58,218 [icarl.py] => Task 1, Epoch 103/200 => Loss 1.514, Loss_clf 0.185, Loss_kd 1.330, Train_accy 94.50
2025-04-17 13:34:07,015 [icarl.py] => Task 1, Epoch 104/200 => Loss 1.517, Loss_clf 0.184, Loss_kd 1.333, Train_accy 94.77
2025-04-17 13:34:15,473 [icarl.py] => Task 1, Epoch 105/200 => Loss 1.518, Loss_clf 0.169, Loss_kd 1.350, Train_accy 95.59
2025-04-17 13:34:23,809 [icarl.py] => Task 1, Epoch 106/200 => Loss 1.518, Loss_clf 0.190, Loss_kd 1.328, Train_accy 94.70
2025-04-17 13:34:32,219 [icarl.py] => Task 1, Epoch 107/200 => Loss 1.521, Loss_clf 0.179, Loss_kd 1.342, Train_accy 94.50
2025-04-17 13:34:40,677 [icarl.py] => Task 1, Epoch 108/200 => Loss 1.488, Loss_clf 0.171, Loss_kd 1.317, Train_accy 94.94
2025-04-17 13:34:49,456 [icarl.py] => Task 1, Epoch 109/200 => Loss 1.469, Loss_clf 0.155, Loss_kd 1.313, Train_accy 95.89
2025-04-17 13:34:58,450 [icarl.py] => Task 1, Epoch 110/200 => Loss 1.538, Loss_clf 0.179, Loss_kd 1.359, Train_accy 94.80
2025-04-17 13:35:07,276 [icarl.py] => Task 1, Epoch 111/200 => Loss 1.486, Loss_clf 0.165, Loss_kd 1.321, Train_accy 95.14
2025-04-17 13:35:16,140 [icarl.py] => Task 1, Epoch 112/200 => Loss 1.488, Loss_clf 0.162, Loss_kd 1.326, Train_accy 95.45
2025-04-17 13:35:24,645 [icarl.py] => Task 1, Epoch 113/200 => Loss 1.472, Loss_clf 0.156, Loss_kd 1.316, Train_accy 95.62
2025-04-17 13:35:33,770 [icarl.py] => Task 1, Epoch 114/200 => Loss 1.458, Loss_clf 0.151, Loss_kd 1.307, Train_accy 95.79
2025-04-17 13:35:42,682 [icarl.py] => Task 1, Epoch 115/200 => Loss 1.478, Loss_clf 0.156, Loss_kd 1.321, Train_accy 95.25
2025-04-17 13:35:51,763 [icarl.py] => Task 1, Epoch 116/200 => Loss 1.492, Loss_clf 0.157, Loss_kd 1.334, Train_accy 95.89
2025-04-17 13:36:00,564 [icarl.py] => Task 1, Epoch 117/200 => Loss 1.497, Loss_clf 0.151, Loss_kd 1.346, Train_accy 95.62
2025-04-17 13:36:09,255 [icarl.py] => Task 1, Epoch 118/200 => Loss 1.469, Loss_clf 0.140, Loss_kd 1.329, Train_accy 96.47
2025-04-17 13:36:18,572 [icarl.py] => Task 1, Epoch 119/200 => Loss 1.433, Loss_clf 0.133, Loss_kd 1.300, Train_accy 96.33
2025-04-17 13:36:27,651 [icarl.py] => Task 1, Epoch 120/200 => Loss 1.458, Loss_clf 0.141, Loss_kd 1.316, Train_accy 96.33
2025-04-17 13:36:43,202 [icarl.py] => Task 1, Epoch 121/200 => Loss 1.460, Loss_clf 0.145, Loss_kd 1.315, Train_accy 95.96, Test_accy {'Art': 30.0, 'Clipart': 23.27, 'Real World': 43.02, 'Product': 76.46}
2025-04-17 13:36:52,101 [icarl.py] => Task 1, Epoch 122/200 => Loss 1.439, Loss_clf 0.133, Loss_kd 1.306, Train_accy 96.37
2025-04-17 13:37:01,514 [icarl.py] => Task 1, Epoch 123/200 => Loss 1.434, Loss_clf 0.132, Loss_kd 1.302, Train_accy 96.64
2025-04-17 13:37:10,349 [icarl.py] => Task 1, Epoch 124/200 => Loss 1.427, Loss_clf 0.130, Loss_kd 1.296, Train_accy 96.77
2025-04-17 13:37:18,812 [icarl.py] => Task 1, Epoch 125/200 => Loss 1.432, Loss_clf 0.114, Loss_kd 1.318, Train_accy 96.88
2025-04-17 13:37:27,219 [icarl.py] => Task 1, Epoch 126/200 => Loss 1.450, Loss_clf 0.142, Loss_kd 1.307, Train_accy 96.13
2025-04-17 13:37:35,679 [icarl.py] => Task 1, Epoch 127/200 => Loss 1.435, Loss_clf 0.120, Loss_kd 1.315, Train_accy 96.37
2025-04-17 13:37:44,218 [icarl.py] => Task 1, Epoch 128/200 => Loss 1.418, Loss_clf 0.123, Loss_kd 1.295, Train_accy 96.50
2025-04-17 13:37:52,892 [icarl.py] => Task 1, Epoch 129/200 => Loss 1.413, Loss_clf 0.118, Loss_kd 1.295, Train_accy 96.88
2025-04-17 13:38:01,707 [icarl.py] => Task 1, Epoch 130/200 => Loss 1.415, Loss_clf 0.125, Loss_kd 1.290, Train_accy 96.60
2025-04-17 13:38:10,662 [icarl.py] => Task 1, Epoch 131/200 => Loss 1.386, Loss_clf 0.112, Loss_kd 1.273, Train_accy 96.91
2025-04-17 13:38:19,368 [icarl.py] => Task 1, Epoch 132/200 => Loss 1.466, Loss_clf 0.116, Loss_kd 1.350, Train_accy 96.91
2025-04-17 13:38:28,780 [icarl.py] => Task 1, Epoch 133/200 => Loss 1.377, Loss_clf 0.091, Loss_kd 1.286, Train_accy 97.35
2025-04-17 13:38:37,727 [icarl.py] => Task 1, Epoch 134/200 => Loss 1.392, Loss_clf 0.103, Loss_kd 1.289, Train_accy 97.49
2025-04-17 13:38:46,428 [icarl.py] => Task 1, Epoch 135/200 => Loss 1.467, Loss_clf 0.120, Loss_kd 1.346, Train_accy 96.81
2025-04-17 13:38:55,409 [icarl.py] => Task 1, Epoch 136/200 => Loss 1.402, Loss_clf 0.107, Loss_kd 1.295, Train_accy 97.08
2025-04-17 13:39:04,396 [icarl.py] => Task 1, Epoch 137/200 => Loss 1.420, Loss_clf 0.110, Loss_kd 1.310, Train_accy 96.88
2025-04-17 13:39:13,967 [icarl.py] => Task 1, Epoch 138/200 => Loss 1.397, Loss_clf 0.100, Loss_kd 1.298, Train_accy 96.84
2025-04-17 13:39:23,326 [icarl.py] => Task 1, Epoch 139/200 => Loss 1.408, Loss_clf 0.101, Loss_kd 1.307, Train_accy 97.08
2025-04-17 13:39:31,886 [icarl.py] => Task 1, Epoch 140/200 => Loss 1.434, Loss_clf 0.108, Loss_kd 1.326, Train_accy 96.67
2025-04-17 13:39:47,066 [icarl.py] => Task 1, Epoch 141/200 => Loss 1.382, Loss_clf 0.096, Loss_kd 1.286, Train_accy 97.62, Test_accy {'Art': 36.67, 'Clipart': 21.88, 'Real World': 44.69, 'Product': 77.51}
2025-04-17 13:39:55,957 [icarl.py] => Task 1, Epoch 142/200 => Loss 1.358, Loss_clf 0.085, Loss_kd 1.273, Train_accy 97.72
2025-04-17 13:40:04,660 [icarl.py] => Task 1, Epoch 143/200 => Loss 1.413, Loss_clf 0.100, Loss_kd 1.314, Train_accy 97.25
2025-04-17 13:40:13,291 [icarl.py] => Task 1, Epoch 144/200 => Loss 1.356, Loss_clf 0.090, Loss_kd 1.266, Train_accy 97.49
2025-04-17 13:40:21,992 [icarl.py] => Task 1, Epoch 145/200 => Loss 1.365, Loss_clf 0.091, Loss_kd 1.274, Train_accy 97.32
2025-04-17 13:40:31,101 [icarl.py] => Task 1, Epoch 146/200 => Loss 1.363, Loss_clf 0.082, Loss_kd 1.281, Train_accy 97.76
2025-04-17 13:40:39,641 [icarl.py] => Task 1, Epoch 147/200 => Loss 1.345, Loss_clf 0.076, Loss_kd 1.269, Train_accy 98.06
2025-04-17 13:40:48,299 [icarl.py] => Task 1, Epoch 148/200 => Loss 1.378, Loss_clf 0.089, Loss_kd 1.289, Train_accy 97.93
2025-04-17 13:40:57,305 [icarl.py] => Task 1, Epoch 149/200 => Loss 1.390, Loss_clf 0.090, Loss_kd 1.300, Train_accy 97.56
2025-04-17 13:41:05,910 [icarl.py] => Task 1, Epoch 150/200 => Loss 1.382, Loss_clf 0.083, Loss_kd 1.299, Train_accy 97.89
2025-04-17 13:41:14,757 [icarl.py] => Task 1, Epoch 151/200 => Loss 1.383, Loss_clf 0.097, Loss_kd 1.286, Train_accy 97.15
2025-04-17 13:41:23,652 [icarl.py] => Task 1, Epoch 152/200 => Loss 1.375, Loss_clf 0.090, Loss_kd 1.284, Train_accy 97.49
2025-04-17 13:41:32,811 [icarl.py] => Task 1, Epoch 153/200 => Loss 1.377, Loss_clf 0.090, Loss_kd 1.287, Train_accy 97.49
2025-04-17 13:41:41,693 [icarl.py] => Task 1, Epoch 154/200 => Loss 1.373, Loss_clf 0.086, Loss_kd 1.287, Train_accy 97.69
2025-04-17 13:41:50,722 [icarl.py] => Task 1, Epoch 155/200 => Loss 1.365, Loss_clf 0.089, Loss_kd 1.276, Train_accy 97.83
2025-04-17 13:41:59,538 [icarl.py] => Task 1, Epoch 156/200 => Loss 1.372, Loss_clf 0.088, Loss_kd 1.284, Train_accy 97.62
2025-04-17 13:42:08,517 [icarl.py] => Task 1, Epoch 157/200 => Loss 1.372, Loss_clf 0.091, Loss_kd 1.281, Train_accy 97.49
2025-04-17 13:42:17,494 [icarl.py] => Task 1, Epoch 158/200 => Loss 1.348, Loss_clf 0.081, Loss_kd 1.267, Train_accy 97.79
2025-04-17 13:42:26,107 [icarl.py] => Task 1, Epoch 159/200 => Loss 1.369, Loss_clf 0.084, Loss_kd 1.285, Train_accy 97.86
2025-04-17 13:42:35,036 [icarl.py] => Task 1, Epoch 160/200 => Loss 1.367, Loss_clf 0.082, Loss_kd 1.285, Train_accy 97.83
2025-04-17 13:42:50,907 [icarl.py] => Task 1, Epoch 161/200 => Loss 1.323, Loss_clf 0.072, Loss_kd 1.252, Train_accy 98.03, Test_accy {'Art': 32.78, 'Clipart': 22.71, 'Real World': 41.34, 'Product': 77.78}
2025-04-17 13:42:59,893 [icarl.py] => Task 1, Epoch 162/200 => Loss 1.351, Loss_clf 0.078, Loss_kd 1.273, Train_accy 97.86
2025-04-17 13:43:08,369 [icarl.py] => Task 1, Epoch 163/200 => Loss 1.339, Loss_clf 0.071, Loss_kd 1.269, Train_accy 98.10
2025-04-17 13:43:17,499 [icarl.py] => Task 1, Epoch 164/200 => Loss 1.344, Loss_clf 0.079, Loss_kd 1.265, Train_accy 97.79
2025-04-17 13:43:26,826 [icarl.py] => Task 1, Epoch 165/200 => Loss 1.349, Loss_clf 0.071, Loss_kd 1.278, Train_accy 98.00
2025-04-17 13:43:35,846 [icarl.py] => Task 1, Epoch 166/200 => Loss 1.356, Loss_clf 0.079, Loss_kd 1.277, Train_accy 98.06
2025-04-17 13:43:44,654 [icarl.py] => Task 1, Epoch 167/200 => Loss 1.343, Loss_clf 0.080, Loss_kd 1.263, Train_accy 97.89
2025-04-17 13:43:53,831 [icarl.py] => Task 1, Epoch 168/200 => Loss 1.326, Loss_clf 0.068, Loss_kd 1.259, Train_accy 98.10
2025-04-17 13:44:02,671 [icarl.py] => Task 1, Epoch 169/200 => Loss 1.346, Loss_clf 0.069, Loss_kd 1.277, Train_accy 98.06
2025-04-17 13:44:11,636 [icarl.py] => Task 1, Epoch 170/200 => Loss 1.339, Loss_clf 0.072, Loss_kd 1.267, Train_accy 98.13
2025-04-17 13:44:20,598 [icarl.py] => Task 1, Epoch 171/200 => Loss 1.357, Loss_clf 0.070, Loss_kd 1.287, Train_accy 98.34
2025-04-17 13:44:29,488 [icarl.py] => Task 1, Epoch 172/200 => Loss 1.352, Loss_clf 0.069, Loss_kd 1.283, Train_accy 98.20
2025-04-17 13:44:38,556 [icarl.py] => Task 1, Epoch 173/200 => Loss 1.357, Loss_clf 0.072, Loss_kd 1.286, Train_accy 98.23
2025-04-17 13:44:47,234 [icarl.py] => Task 1, Epoch 174/200 => Loss 1.315, Loss_clf 0.058, Loss_kd 1.257, Train_accy 98.44
2025-04-17 13:44:55,967 [icarl.py] => Task 1, Epoch 175/200 => Loss 1.331, Loss_clf 0.063, Loss_kd 1.268, Train_accy 98.40
2025-04-17 13:45:04,847 [icarl.py] => Task 1, Epoch 176/200 => Loss 1.360, Loss_clf 0.070, Loss_kd 1.290, Train_accy 98.06
2025-04-17 13:45:13,634 [icarl.py] => Task 1, Epoch 177/200 => Loss 1.390, Loss_clf 0.077, Loss_kd 1.313, Train_accy 98.03
2025-04-17 13:45:22,422 [icarl.py] => Task 1, Epoch 178/200 => Loss 1.342, Loss_clf 0.072, Loss_kd 1.270, Train_accy 97.96
2025-04-17 13:45:31,182 [icarl.py] => Task 1, Epoch 179/200 => Loss 1.349, Loss_clf 0.074, Loss_kd 1.275, Train_accy 98.03
2025-04-17 13:45:39,808 [icarl.py] => Task 1, Epoch 180/200 => Loss 1.337, Loss_clf 0.065, Loss_kd 1.272, Train_accy 98.27
2025-04-17 13:45:55,662 [icarl.py] => Task 1, Epoch 181/200 => Loss 1.350, Loss_clf 0.069, Loss_kd 1.281, Train_accy 98.20, Test_accy {'Art': 35.56, 'Clipart': 22.16, 'Real World': 41.34, 'Product': 76.19}
2025-04-17 13:46:05,266 [icarl.py] => Task 1, Epoch 182/200 => Loss 1.329, Loss_clf 0.060, Loss_kd 1.269, Train_accy 98.57
2025-04-17 13:46:14,583 [icarl.py] => Task 1, Epoch 183/200 => Loss 1.317, Loss_clf 0.066, Loss_kd 1.251, Train_accy 98.27
2025-04-17 13:46:23,729 [icarl.py] => Task 1, Epoch 184/200 => Loss 1.353, Loss_clf 0.058, Loss_kd 1.295, Train_accy 98.57
2025-04-17 13:46:32,486 [icarl.py] => Task 1, Epoch 185/200 => Loss 1.323, Loss_clf 0.060, Loss_kd 1.263, Train_accy 98.61
2025-04-17 13:46:41,076 [icarl.py] => Task 1, Epoch 186/200 => Loss 1.375, Loss_clf 0.078, Loss_kd 1.297, Train_accy 98.03
2025-04-17 13:46:50,206 [icarl.py] => Task 1, Epoch 187/200 => Loss 1.336, Loss_clf 0.067, Loss_kd 1.269, Train_accy 98.20
2025-04-17 13:46:58,908 [icarl.py] => Task 1, Epoch 188/200 => Loss 1.337, Loss_clf 0.062, Loss_kd 1.275, Train_accy 98.34
2025-04-17 13:47:07,637 [icarl.py] => Task 1, Epoch 189/200 => Loss 1.332, Loss_clf 0.066, Loss_kd 1.266, Train_accy 98.27
2025-04-17 13:47:16,331 [icarl.py] => Task 1, Epoch 190/200 => Loss 1.332, Loss_clf 0.065, Loss_kd 1.268, Train_accy 98.40
2025-04-17 13:47:25,057 [icarl.py] => Task 1, Epoch 191/200 => Loss 1.346, Loss_clf 0.063, Loss_kd 1.284, Train_accy 98.40
2025-04-17 13:47:33,774 [icarl.py] => Task 1, Epoch 192/200 => Loss 1.330, Loss_clf 0.065, Loss_kd 1.265, Train_accy 98.57
2025-04-17 13:47:42,638 [icarl.py] => Task 1, Epoch 193/200 => Loss 1.315, Loss_clf 0.064, Loss_kd 1.251, Train_accy 98.34
2025-04-17 13:47:51,393 [icarl.py] => Task 1, Epoch 194/200 => Loss 1.357, Loss_clf 0.059, Loss_kd 1.298, Train_accy 98.44
2025-04-17 13:48:00,077 [icarl.py] => Task 1, Epoch 195/200 => Loss 1.339, Loss_clf 0.068, Loss_kd 1.271, Train_accy 98.23
2025-04-17 13:48:08,873 [icarl.py] => Task 1, Epoch 196/200 => Loss 1.331, Loss_clf 0.064, Loss_kd 1.267, Train_accy 98.37
2025-04-17 13:48:17,960 [icarl.py] => Task 1, Epoch 197/200 => Loss 1.351, Loss_clf 0.063, Loss_kd 1.288, Train_accy 98.57
2025-04-17 13:48:27,335 [icarl.py] => Task 1, Epoch 198/200 => Loss 1.343, Loss_clf 0.071, Loss_kd 1.272, Train_accy 98.17
2025-04-17 13:48:35,833 [icarl.py] => Task 1, Epoch 199/200 => Loss 1.316, Loss_clf 0.057, Loss_kd 1.259, Train_accy 98.64
2025-04-17 13:48:44,071 [icarl.py] => Task 1, Epoch 200/200 => Loss 1.312, Loss_clf 0.059, Loss_kd 1.254, Train_accy 98.68
2025-04-17 13:48:44,072 [base.py] => Reducing exemplars...(50 per classes)
2025-04-17 13:48:54,693 [base.py] => Constructing exemplars...(50 per classes)
2025-04-17 13:49:37,427 [icarl.py] => Exemplar size: 1300
2025-04-17 13:49:38,307 [trainer.py] => CNN [Art]: {'total': 33.89, '00-12': 34.41, '13-25': 33.33, 'old': 34.41, 'new': 33.33}
2025-04-17 13:49:38,308 [trainer.py] => NME [Art]: {'total': 40.56, '00-12': 44.09, '13-25': 36.78, 'old': 44.09, 'new': 36.78}
2025-04-17 13:49:38,308 [trainer.py] => CNN [Art] top1 curve: [49.46, 33.89]
2025-04-17 13:49:38,308 [trainer.py] => CNN [Art] top5 curve: [78.49, 66.11]
2025-04-17 13:49:38,308 [trainer.py] => NME [Art] top1 curve: [53.76, 40.56]
2025-04-17 13:49:38,308 [trainer.py] => NME [Art] top5 curve: [80.65, 65.56]
2025-04-17 13:49:38,308 [trainer.py] => Average Accuracy [Art] (CNN): 41.675
2025-04-17 13:49:38,308 [trainer.py] => Average Accuracy [Art] (NME): 47.16
2025-04-17 13:49:38,308 [trainer.py] => CNN [Clipart]: {'total': 21.88, '00-12': 26.4, '13-25': 17.49, 'old': 26.4, 'new': 17.49}
2025-04-17 13:49:38,308 [trainer.py] => NME [Clipart]: {'total': 20.5, '00-12': 25.28, '13-25': 15.85, 'old': 25.28, 'new': 15.85}
2025-04-17 13:49:38,308 [trainer.py] => CNN [Clipart] top1 curve: [36.52, 21.88]
2025-04-17 13:49:38,308 [trainer.py] => CNN [Clipart] top5 curve: [67.42, 49.31]
2025-04-17 13:49:38,309 [trainer.py] => NME [Clipart] top1 curve: [36.52, 20.5]
2025-04-17 13:49:38,309 [trainer.py] => NME [Clipart] top5 curve: [69.1, 50.69]
2025-04-17 13:49:38,309 [trainer.py] => Average Accuracy [Clipart] (CNN): 29.200000000000003
2025-04-17 13:49:38,309 [trainer.py] => Average Accuracy [Clipart] (NME): 28.51
2025-04-17 13:49:38,309 [trainer.py] => CNN [Product]: {'total': 76.98, '00-12': 80.77, '13-25': 72.35, 'old': 80.77, 'new': 72.35}
2025-04-17 13:49:38,309 [trainer.py] => NME [Product]: {'total': 78.57, '00-12': 85.1, '13-25': 70.59, 'old': 85.1, 'new': 70.59}
2025-04-17 13:49:38,309 [trainer.py] => CNN [Product] top1 curve: [87.02, 76.98]
2025-04-17 13:49:38,309 [trainer.py] => CNN [Product] top5 curve: [99.04, 94.71]
2025-04-17 13:49:38,309 [trainer.py] => NME [Product] top1 curve: [88.94, 78.57]
2025-04-17 13:49:38,309 [trainer.py] => NME [Product] top5 curve: [98.56, 97.09]
2025-04-17 13:49:38,309 [trainer.py] => Average Accuracy [Product] (CNN): 82.0
2025-04-17 13:49:38,309 [trainer.py] => Average Accuracy [Product] (NME): 83.755
2025-04-17 13:49:38,309 [trainer.py] => CNN [Real World]: {'total': 41.62, '00-12': 46.2, '13-25': 36.78, 'old': 46.2, 'new': 36.78}
2025-04-17 13:49:38,309 [trainer.py] => NME [Real World]: {'total': 42.18, '00-12': 50.54, '13-25': 33.33, 'old': 50.54, 'new': 33.33}
2025-04-17 13:49:38,309 [trainer.py] => CNN [Real World] top1 curve: [53.26, 41.62]
2025-04-17 13:49:38,309 [trainer.py] => CNN [Real World] top5 curve: [90.22, 74.58]
2025-04-17 13:49:38,310 [trainer.py] => NME [Real World] top1 curve: [53.8, 42.18]
2025-04-17 13:49:38,310 [trainer.py] => NME [Real World] top5 curve: [91.85, 76.54]
2025-04-17 13:49:38,310 [trainer.py] => Average Accuracy [Real World] (CNN): 47.44
2025-04-17 13:49:38,310 [trainer.py] => Average Accuracy [Real World] (NME): 47.989999999999995
2025-04-17 13:49:38,310 [trainer.py] => NME Harmonic Mean : 29.6832
2025-04-17 13:49:38,310 [trainer.py] => NME Macro Mean : 45.4525
2025-04-17 13:49:38,310 [trainer.py] => CNN Harmonic Mean : 30.5917
2025-04-17 13:49:38,310 [trainer.py] => CNN Macro Mean : 43.5925
2025-04-17 13:49:38,311 [trainer.py] => All params: 21338024
2025-04-17 13:49:38,311 [trainer.py] => Trainable params: 21338024
2025-04-17 13:49:38,313 [icarl.py] => Learning on 26-39
2025-04-17 13:49:55,434 [icarl.py] => Task 2, Epoch 1/200 => Loss 5.812, Loss_clf 3.216, Loss_kd 2.595, Train_accy 27.73, Test_accy {'Art': 14.19, 'Clipart': 12.98, 'Real World': 25.79, 'Product': 36.97}
2025-04-17 13:50:04,538 [icarl.py] => Task 2, Epoch 2/200 => Loss 4.675, Loss_clf 2.168, Loss_kd 2.507, Train_accy 38.02
2025-04-17 13:50:13,048 [icarl.py] => Task 2, Epoch 3/200 => Loss 4.372, Loss_clf 1.955, Loss_kd 2.417, Train_accy 42.98
2025-04-17 13:50:22,421 [icarl.py] => Task 2, Epoch 4/200 => Loss 4.123, Loss_clf 1.759, Loss_kd 2.364, Train_accy 47.84
2025-04-17 13:50:31,652 [icarl.py] => Task 2, Epoch 5/200 => Loss 3.998, Loss_clf 1.667, Loss_kd 2.331, Train_accy 50.44
2025-04-17 13:50:40,912 [icarl.py] => Task 2, Epoch 6/200 => Loss 3.868, Loss_clf 1.562, Loss_kd 2.306, Train_accy 54.67
2025-04-17 13:50:49,871 [icarl.py] => Task 2, Epoch 7/200 => Loss 3.697, Loss_clf 1.408, Loss_kd 2.288, Train_accy 57.97
2025-04-17 13:50:59,218 [icarl.py] => Task 2, Epoch 8/200 => Loss 3.589, Loss_clf 1.321, Loss_kd 2.268, Train_accy 60.83
2025-04-17 13:51:08,251 [icarl.py] => Task 2, Epoch 9/200 => Loss 3.505, Loss_clf 1.273, Loss_kd 2.232, Train_accy 61.98
2025-04-17 13:51:17,262 [icarl.py] => Task 2, Epoch 10/200 => Loss 3.336, Loss_clf 1.128, Loss_kd 2.208, Train_accy 66.14
2025-04-17 13:51:26,799 [icarl.py] => Task 2, Epoch 11/200 => Loss 3.307, Loss_clf 1.098, Loss_kd 2.209, Train_accy 67.03
2025-04-17 13:51:35,650 [icarl.py] => Task 2, Epoch 12/200 => Loss 3.350, Loss_clf 1.122, Loss_kd 2.228, Train_accy 66.84
2025-04-17 13:51:44,578 [icarl.py] => Task 2, Epoch 13/200 => Loss 3.189, Loss_clf 0.992, Loss_kd 2.197, Train_accy 70.71
2025-04-17 13:51:53,780 [icarl.py] => Task 2, Epoch 14/200 => Loss 3.122, Loss_clf 0.947, Loss_kd 2.176, Train_accy 72.40
2025-04-17 13:52:03,015 [icarl.py] => Task 2, Epoch 15/200 => Loss 3.170, Loss_clf 0.966, Loss_kd 2.204, Train_accy 70.68
2025-04-17 13:52:12,010 [icarl.py] => Task 2, Epoch 16/200 => Loss 3.080, Loss_clf 0.899, Loss_kd 2.181, Train_accy 74.02
2025-04-17 13:52:20,951 [icarl.py] => Task 2, Epoch 17/200 => Loss 3.043, Loss_clf 0.856, Loss_kd 2.187, Train_accy 74.68
2025-04-17 13:52:29,878 [icarl.py] => Task 2, Epoch 18/200 => Loss 3.029, Loss_clf 0.855, Loss_kd 2.174, Train_accy 75.19
2025-04-17 13:52:38,877 [icarl.py] => Task 2, Epoch 19/200 => Loss 2.975, Loss_clf 0.790, Loss_kd 2.185, Train_accy 76.05
2025-04-17 13:52:48,322 [icarl.py] => Task 2, Epoch 20/200 => Loss 2.854, Loss_clf 0.721, Loss_kd 2.133, Train_accy 79.45
2025-04-17 13:53:05,883 [icarl.py] => Task 2, Epoch 21/200 => Loss 2.939, Loss_clf 0.780, Loss_kd 2.159, Train_accy 76.78, Test_accy {'Art': 23.53, 'Clipart': 13.17, 'Real World': 34.14, 'Product': 52.11}
2025-04-17 13:53:15,174 [icarl.py] => Task 2, Epoch 22/200 => Loss 2.827, Loss_clf 0.703, Loss_kd 2.124, Train_accy 79.35
2025-04-17 13:53:24,137 [icarl.py] => Task 2, Epoch 23/200 => Loss 2.814, Loss_clf 0.666, Loss_kd 2.148, Train_accy 80.84
2025-04-17 13:53:32,933 [icarl.py] => Task 2, Epoch 24/200 => Loss 2.793, Loss_clf 0.650, Loss_kd 2.144, Train_accy 81.32
2025-04-17 13:53:41,697 [icarl.py] => Task 2, Epoch 25/200 => Loss 2.755, Loss_clf 0.624, Loss_kd 2.131, Train_accy 82.72
2025-04-17 13:53:50,651 [icarl.py] => Task 2, Epoch 26/200 => Loss 2.705, Loss_clf 0.577, Loss_kd 2.128, Train_accy 83.32
2025-04-17 13:53:59,748 [icarl.py] => Task 2, Epoch 27/200 => Loss 2.714, Loss_clf 0.587, Loss_kd 2.127, Train_accy 82.43
2025-04-17 13:54:08,761 [icarl.py] => Task 2, Epoch 28/200 => Loss 2.661, Loss_clf 0.548, Loss_kd 2.113, Train_accy 84.34
2025-04-17 13:54:17,539 [icarl.py] => Task 2, Epoch 29/200 => Loss 2.695, Loss_clf 0.557, Loss_kd 2.138, Train_accy 84.78
2025-04-17 13:54:26,793 [icarl.py] => Task 2, Epoch 30/200 => Loss 2.622, Loss_clf 0.517, Loss_kd 2.106, Train_accy 85.42
2025-04-17 13:54:35,970 [icarl.py] => Task 2, Epoch 31/200 => Loss 2.623, Loss_clf 0.518, Loss_kd 2.105, Train_accy 85.58
2025-04-17 13:54:45,410 [icarl.py] => Task 2, Epoch 32/200 => Loss 2.617, Loss_clf 0.513, Loss_kd 2.105, Train_accy 84.56
2025-04-17 13:54:54,424 [icarl.py] => Task 2, Epoch 33/200 => Loss 2.637, Loss_clf 0.523, Loss_kd 2.113, Train_accy 85.42
2025-04-17 13:55:03,306 [icarl.py] => Task 2, Epoch 34/200 => Loss 2.614, Loss_clf 0.518, Loss_kd 2.096, Train_accy 85.86
2025-04-17 13:55:12,197 [icarl.py] => Task 2, Epoch 35/200 => Loss 2.652, Loss_clf 0.530, Loss_kd 2.121, Train_accy 85.07
2025-04-17 13:55:21,453 [icarl.py] => Task 2, Epoch 36/200 => Loss 2.598, Loss_clf 0.502, Loss_kd 2.096, Train_accy 85.39
2025-04-17 13:55:30,508 [icarl.py] => Task 2, Epoch 37/200 => Loss 2.586, Loss_clf 0.487, Loss_kd 2.099, Train_accy 86.05
2025-04-17 13:55:39,735 [icarl.py] => Task 2, Epoch 38/200 => Loss 2.534, Loss_clf 0.441, Loss_kd 2.093, Train_accy 86.85
2025-04-17 13:55:48,762 [icarl.py] => Task 2, Epoch 39/200 => Loss 2.581, Loss_clf 0.468, Loss_kd 2.113, Train_accy 87.04
2025-04-17 13:55:57,637 [icarl.py] => Task 2, Epoch 40/200 => Loss 2.558, Loss_clf 0.464, Loss_kd 2.094, Train_accy 86.15
2025-04-17 13:56:14,659 [icarl.py] => Task 2, Epoch 41/200 => Loss 2.485, Loss_clf 0.404, Loss_kd 2.081, Train_accy 88.72, Test_accy {'Art': 24.91, 'Clipart': 17.37, 'Real World': 39.33, 'Product': 61.97}
2025-04-17 13:56:23,575 [icarl.py] => Task 2, Epoch 42/200 => Loss 2.486, Loss_clf 0.406, Loss_kd 2.079, Train_accy 88.56
2025-04-17 13:56:32,325 [icarl.py] => Task 2, Epoch 43/200 => Loss 2.487, Loss_clf 0.413, Loss_kd 2.075, Train_accy 88.25
2025-04-17 13:56:41,676 [icarl.py] => Task 2, Epoch 44/200 => Loss 2.461, Loss_clf 0.390, Loss_kd 2.071, Train_accy 88.82
2025-04-17 13:56:50,542 [icarl.py] => Task 2, Epoch 45/200 => Loss 2.435, Loss_clf 0.369, Loss_kd 2.066, Train_accy 89.55
2025-04-17 13:56:59,452 [icarl.py] => Task 2, Epoch 46/200 => Loss 2.414, Loss_clf 0.365, Loss_kd 2.049, Train_accy 90.22
2025-04-17 13:57:08,273 [icarl.py] => Task 2, Epoch 47/200 => Loss 2.388, Loss_clf 0.327, Loss_kd 2.060, Train_accy 91.07
2025-04-17 13:57:17,413 [icarl.py] => Task 2, Epoch 48/200 => Loss 2.403, Loss_clf 0.351, Loss_kd 2.052, Train_accy 89.93
2025-04-17 13:57:25,927 [icarl.py] => Task 2, Epoch 49/200 => Loss 2.459, Loss_clf 0.390, Loss_kd 2.069, Train_accy 88.79
2025-04-17 13:57:35,041 [icarl.py] => Task 2, Epoch 50/200 => Loss 2.490, Loss_clf 0.410, Loss_kd 2.080, Train_accy 88.75
2025-04-17 13:57:43,633 [icarl.py] => Task 2, Epoch 51/200 => Loss 2.502, Loss_clf 0.431, Loss_kd 2.072, Train_accy 87.48
2025-04-17 13:57:52,178 [icarl.py] => Task 2, Epoch 52/200 => Loss 2.434, Loss_clf 0.357, Loss_kd 2.077, Train_accy 90.41
2025-04-17 13:58:01,491 [icarl.py] => Task 2, Epoch 53/200 => Loss 2.399, Loss_clf 0.345, Loss_kd 2.055, Train_accy 90.25
2025-04-17 13:58:11,222 [icarl.py] => Task 2, Epoch 54/200 => Loss 2.394, Loss_clf 0.342, Loss_kd 2.053, Train_accy 90.31
2025-04-17 13:58:20,328 [icarl.py] => Task 2, Epoch 55/200 => Loss 2.378, Loss_clf 0.323, Loss_kd 2.055, Train_accy 90.98
2025-04-17 13:58:29,614 [icarl.py] => Task 2, Epoch 56/200 => Loss 2.378, Loss_clf 0.326, Loss_kd 2.052, Train_accy 90.98
2025-04-17 13:58:38,639 [icarl.py] => Task 2, Epoch 57/200 => Loss 2.396, Loss_clf 0.324, Loss_kd 2.072, Train_accy 91.17
2025-04-17 13:58:47,568 [icarl.py] => Task 2, Epoch 58/200 => Loss 2.375, Loss_clf 0.325, Loss_kd 2.050, Train_accy 90.95
2025-04-17 13:58:56,976 [icarl.py] => Task 2, Epoch 59/200 => Loss 2.365, Loss_clf 0.302, Loss_kd 2.063, Train_accy 91.93
2025-04-17 13:59:05,962 [icarl.py] => Task 2, Epoch 60/200 => Loss 2.334, Loss_clf 0.298, Loss_kd 2.036, Train_accy 91.77
2025-04-17 13:59:22,844 [icarl.py] => Task 2, Epoch 61/200 => Loss 2.339, Loss_clf 0.302, Loss_kd 2.038, Train_accy 91.77, Test_accy {'Art': 21.8, 'Clipart': 16.03, 'Real World': 36.92, 'Product': 62.68}
2025-04-17 13:59:31,876 [icarl.py] => Task 2, Epoch 62/200 => Loss 2.361, Loss_clf 0.327, Loss_kd 2.034, Train_accy 90.91
2025-04-17 13:59:40,699 [icarl.py] => Task 2, Epoch 63/200 => Loss 2.319, Loss_clf 0.277, Loss_kd 2.042, Train_accy 92.19
2025-04-17 13:59:49,534 [icarl.py] => Task 2, Epoch 64/200 => Loss 2.318, Loss_clf 0.279, Loss_kd 2.039, Train_accy 91.96
2025-04-17 13:59:58,697 [icarl.py] => Task 2, Epoch 65/200 => Loss 2.309, Loss_clf 0.278, Loss_kd 2.031, Train_accy 92.63
2025-04-17 14:00:07,909 [icarl.py] => Task 2, Epoch 66/200 => Loss 2.299, Loss_clf 0.265, Loss_kd 2.034, Train_accy 92.98
2025-04-17 14:00:17,159 [icarl.py] => Task 2, Epoch 67/200 => Loss 2.321, Loss_clf 0.286, Loss_kd 2.036, Train_accy 92.19
2025-04-17 14:00:26,309 [icarl.py] => Task 2, Epoch 68/200 => Loss 2.290, Loss_clf 0.273, Loss_kd 2.017, Train_accy 92.60
2025-04-17 14:00:35,269 [icarl.py] => Task 2, Epoch 69/200 => Loss 2.295, Loss_clf 0.260, Loss_kd 2.035, Train_accy 93.17
2025-04-17 14:00:44,447 [icarl.py] => Task 2, Epoch 70/200 => Loss 2.297, Loss_clf 0.278, Loss_kd 2.019, Train_accy 92.25
2025-04-17 14:00:53,455 [icarl.py] => Task 2, Epoch 71/200 => Loss 2.332, Loss_clf 0.301, Loss_kd 2.031, Train_accy 91.45
2025-04-17 14:01:02,572 [icarl.py] => Task 2, Epoch 72/200 => Loss 2.295, Loss_clf 0.267, Loss_kd 2.028, Train_accy 92.76
2025-04-17 14:01:11,618 [icarl.py] => Task 2, Epoch 73/200 => Loss 2.327, Loss_clf 0.301, Loss_kd 2.026, Train_accy 91.71
2025-04-17 14:01:20,808 [icarl.py] => Task 2, Epoch 74/200 => Loss 2.300, Loss_clf 0.271, Loss_kd 2.028, Train_accy 92.66
2025-04-17 14:01:29,819 [icarl.py] => Task 2, Epoch 75/200 => Loss 2.278, Loss_clf 0.257, Loss_kd 2.021, Train_accy 92.92
2025-04-17 14:01:38,721 [icarl.py] => Task 2, Epoch 76/200 => Loss 2.267, Loss_clf 0.248, Loss_kd 2.020, Train_accy 93.39
2025-04-17 14:01:47,705 [icarl.py] => Task 2, Epoch 77/200 => Loss 2.250, Loss_clf 0.231, Loss_kd 2.019, Train_accy 93.52
2025-04-17 14:01:56,622 [icarl.py] => Task 2, Epoch 78/200 => Loss 2.258, Loss_clf 0.252, Loss_kd 2.006, Train_accy 93.11
2025-04-17 14:02:05,936 [icarl.py] => Task 2, Epoch 79/200 => Loss 2.244, Loss_clf 0.235, Loss_kd 2.009, Train_accy 93.58
2025-04-17 14:02:14,932 [icarl.py] => Task 2, Epoch 80/200 => Loss 2.212, Loss_clf 0.219, Loss_kd 1.993, Train_accy 94.28
2025-04-17 14:02:31,460 [icarl.py] => Task 2, Epoch 81/200 => Loss 2.242, Loss_clf 0.227, Loss_kd 2.015, Train_accy 94.06, Test_accy {'Art': 23.18, 'Clipart': 18.32, 'Real World': 34.69, 'Product': 45.6}
2025-04-17 14:02:40,541 [icarl.py] => Task 2, Epoch 82/200 => Loss 2.226, Loss_clf 0.215, Loss_kd 2.011, Train_accy 94.25
2025-04-17 14:02:49,716 [icarl.py] => Task 2, Epoch 83/200 => Loss 2.231, Loss_clf 0.230, Loss_kd 2.000, Train_accy 93.04
2025-04-17 14:02:58,752 [icarl.py] => Task 2, Epoch 84/200 => Loss 2.238, Loss_clf 0.242, Loss_kd 1.995, Train_accy 93.42
2025-04-17 14:03:07,807 [icarl.py] => Task 2, Epoch 85/200 => Loss 2.237, Loss_clf 0.227, Loss_kd 2.010, Train_accy 93.68
2025-04-17 14:03:16,904 [icarl.py] => Task 2, Epoch 86/200 => Loss 2.171, Loss_clf 0.182, Loss_kd 1.989, Train_accy 94.85
2025-04-17 14:03:26,032 [icarl.py] => Task 2, Epoch 87/200 => Loss 2.246, Loss_clf 0.221, Loss_kd 2.025, Train_accy 94.00
2025-04-17 14:03:35,342 [icarl.py] => Task 2, Epoch 88/200 => Loss 2.253, Loss_clf 0.241, Loss_kd 2.012, Train_accy 93.33
2025-04-17 14:03:44,370 [icarl.py] => Task 2, Epoch 89/200 => Loss 2.238, Loss_clf 0.222, Loss_kd 2.016, Train_accy 94.06
2025-04-17 14:03:53,104 [icarl.py] => Task 2, Epoch 90/200 => Loss 2.224, Loss_clf 0.216, Loss_kd 2.007, Train_accy 94.60
2025-04-17 14:04:01,645 [icarl.py] => Task 2, Epoch 91/200 => Loss 2.211, Loss_clf 0.204, Loss_kd 2.006, Train_accy 94.31
2025-04-17 14:04:10,514 [icarl.py] => Task 2, Epoch 92/200 => Loss 2.196, Loss_clf 0.194, Loss_kd 2.003, Train_accy 94.82
2025-04-17 14:04:19,505 [icarl.py] => Task 2, Epoch 93/200 => Loss 2.193, Loss_clf 0.200, Loss_kd 1.993, Train_accy 94.50
2025-04-17 14:04:28,629 [icarl.py] => Task 2, Epoch 94/200 => Loss 2.203, Loss_clf 0.214, Loss_kd 1.989, Train_accy 94.25
2025-04-17 14:04:37,549 [icarl.py] => Task 2, Epoch 95/200 => Loss 2.208, Loss_clf 0.209, Loss_kd 1.999, Train_accy 94.35
2025-04-17 14:04:46,368 [icarl.py] => Task 2, Epoch 96/200 => Loss 2.160, Loss_clf 0.176, Loss_kd 1.984, Train_accy 95.27
2025-04-17 14:04:55,259 [icarl.py] => Task 2, Epoch 97/200 => Loss 2.183, Loss_clf 0.193, Loss_kd 1.990, Train_accy 94.60
2025-04-17 14:05:04,435 [icarl.py] => Task 2, Epoch 98/200 => Loss 2.142, Loss_clf 0.176, Loss_kd 1.966, Train_accy 95.68
2025-04-17 14:05:13,315 [icarl.py] => Task 2, Epoch 99/200 => Loss 2.179, Loss_clf 0.195, Loss_kd 1.985, Train_accy 94.89
2025-04-17 14:05:22,669 [icarl.py] => Task 2, Epoch 100/200 => Loss 2.141, Loss_clf 0.167, Loss_kd 1.974, Train_accy 95.55
2025-04-17 14:05:39,367 [icarl.py] => Task 2, Epoch 101/200 => Loss 2.142, Loss_clf 0.163, Loss_kd 1.979, Train_accy 95.36, Test_accy {'Art': 25.61, 'Clipart': 16.79, 'Real World': 37.11, 'Product': 59.33}
2025-04-17 14:05:48,644 [icarl.py] => Task 2, Epoch 102/200 => Loss 2.158, Loss_clf 0.170, Loss_kd 1.988, Train_accy 95.78
2025-04-17 14:05:57,436 [icarl.py] => Task 2, Epoch 103/200 => Loss 2.138, Loss_clf 0.155, Loss_kd 1.983, Train_accy 96.22
2025-04-17 14:06:06,482 [icarl.py] => Task 2, Epoch 104/200 => Loss 2.119, Loss_clf 0.156, Loss_kd 1.962, Train_accy 95.93
2025-04-17 14:06:15,886 [icarl.py] => Task 2, Epoch 105/200 => Loss 2.105, Loss_clf 0.139, Loss_kd 1.966, Train_accy 96.66
2025-04-17 14:06:25,022 [icarl.py] => Task 2, Epoch 106/200 => Loss 2.102, Loss_clf 0.144, Loss_kd 1.958, Train_accy 96.16
2025-04-17 14:06:34,109 [icarl.py] => Task 2, Epoch 107/200 => Loss 2.098, Loss_clf 0.142, Loss_kd 1.956, Train_accy 96.63
2025-04-17 14:06:43,083 [icarl.py] => Task 2, Epoch 108/200 => Loss 2.117, Loss_clf 0.158, Loss_kd 1.959, Train_accy 95.93
2025-04-17 14:06:51,992 [icarl.py] => Task 2, Epoch 109/200 => Loss 2.115, Loss_clf 0.153, Loss_kd 1.963, Train_accy 96.06
2025-04-17 14:07:00,945 [icarl.py] => Task 2, Epoch 110/200 => Loss 2.145, Loss_clf 0.172, Loss_kd 1.974, Train_accy 95.52
2025-04-17 14:07:10,263 [icarl.py] => Task 2, Epoch 111/200 => Loss 2.092, Loss_clf 0.147, Loss_kd 1.945, Train_accy 96.19
2025-04-17 14:07:19,202 [icarl.py] => Task 2, Epoch 112/200 => Loss 2.104, Loss_clf 0.152, Loss_kd 1.952, Train_accy 96.00
2025-04-17 14:07:28,267 [icarl.py] => Task 2, Epoch 113/200 => Loss 2.113, Loss_clf 0.149, Loss_kd 1.964, Train_accy 96.06
2025-04-17 14:07:37,201 [icarl.py] => Task 2, Epoch 114/200 => Loss 2.099, Loss_clf 0.142, Loss_kd 1.957, Train_accy 96.09
2025-04-17 14:07:46,019 [icarl.py] => Task 2, Epoch 115/200 => Loss 2.069, Loss_clf 0.128, Loss_kd 1.941, Train_accy 96.76
2025-04-17 14:07:55,131 [icarl.py] => Task 2, Epoch 116/200 => Loss 2.093, Loss_clf 0.133, Loss_kd 1.960, Train_accy 96.86
2025-04-17 14:08:03,985 [icarl.py] => Task 2, Epoch 117/200 => Loss 2.098, Loss_clf 0.137, Loss_kd 1.961, Train_accy 96.57
2025-04-17 14:08:13,548 [icarl.py] => Task 2, Epoch 118/200 => Loss 2.072, Loss_clf 0.134, Loss_kd 1.938, Train_accy 96.44
2025-04-17 14:08:22,935 [icarl.py] => Task 2, Epoch 119/200 => Loss 2.077, Loss_clf 0.128, Loss_kd 1.949, Train_accy 96.86
2025-04-17 14:08:32,470 [icarl.py] => Task 2, Epoch 120/200 => Loss 2.075, Loss_clf 0.132, Loss_kd 1.943, Train_accy 96.44
2025-04-17 14:08:49,024 [icarl.py] => Task 2, Epoch 121/200 => Loss 2.068, Loss_clf 0.126, Loss_kd 1.942, Train_accy 96.44, Test_accy {'Art': 27.34, 'Clipart': 17.94, 'Real World': 41.0, 'Product': 67.96}
2025-04-17 14:08:58,780 [icarl.py] => Task 2, Epoch 122/200 => Loss 2.052, Loss_clf 0.112, Loss_kd 1.941, Train_accy 97.08
2025-04-17 14:09:08,251 [icarl.py] => Task 2, Epoch 123/200 => Loss 2.065, Loss_clf 0.119, Loss_kd 1.946, Train_accy 97.33
2025-04-17 14:09:17,515 [icarl.py] => Task 2, Epoch 124/200 => Loss 2.050, Loss_clf 0.111, Loss_kd 1.940, Train_accy 97.40
2025-04-17 14:09:26,938 [icarl.py] => Task 2, Epoch 125/200 => Loss 2.051, Loss_clf 0.104, Loss_kd 1.948, Train_accy 97.27
2025-04-17 14:09:35,699 [icarl.py] => Task 2, Epoch 126/200 => Loss 2.061, Loss_clf 0.114, Loss_kd 1.947, Train_accy 97.14
2025-04-17 14:09:44,603 [icarl.py] => Task 2, Epoch 127/200 => Loss 2.032, Loss_clf 0.101, Loss_kd 1.931, Train_accy 97.65
2025-04-17 14:09:53,495 [icarl.py] => Task 2, Epoch 128/200 => Loss 2.044, Loss_clf 0.114, Loss_kd 1.930, Train_accy 97.30
2025-04-17 14:10:02,849 [icarl.py] => Task 2, Epoch 129/200 => Loss 2.047, Loss_clf 0.109, Loss_kd 1.938, Train_accy 97.20
2025-04-17 14:10:12,744 [icarl.py] => Task 2, Epoch 130/200 => Loss 2.039, Loss_clf 0.109, Loss_kd 1.929, Train_accy 97.27
2025-04-17 14:10:22,008 [icarl.py] => Task 2, Epoch 131/200 => Loss 2.019, Loss_clf 0.095, Loss_kd 1.924, Train_accy 97.74
2025-04-17 14:10:31,271 [icarl.py] => Task 2, Epoch 132/200 => Loss 2.055, Loss_clf 0.110, Loss_kd 1.945, Train_accy 97.17
2025-04-17 14:10:40,929 [icarl.py] => Task 2, Epoch 133/200 => Loss 2.051, Loss_clf 0.110, Loss_kd 1.941, Train_accy 97.40
2025-04-17 14:10:50,421 [icarl.py] => Task 2, Epoch 134/200 => Loss 2.028, Loss_clf 0.099, Loss_kd 1.929, Train_accy 97.71
2025-04-17 14:10:59,756 [icarl.py] => Task 2, Epoch 135/200 => Loss 2.042, Loss_clf 0.108, Loss_kd 1.933, Train_accy 97.71
2025-04-17 14:11:08,772 [icarl.py] => Task 2, Epoch 136/200 => Loss 1.999, Loss_clf 0.088, Loss_kd 1.911, Train_accy 97.62
2025-04-17 14:11:17,809 [icarl.py] => Task 2, Epoch 137/200 => Loss 2.035, Loss_clf 0.101, Loss_kd 1.934, Train_accy 97.62
2025-04-17 14:11:26,778 [icarl.py] => Task 2, Epoch 138/200 => Loss 2.023, Loss_clf 0.095, Loss_kd 1.928, Train_accy 97.71
2025-04-17 14:11:35,626 [icarl.py] => Task 2, Epoch 139/200 => Loss 2.001, Loss_clf 0.095, Loss_kd 1.906, Train_accy 97.97
2025-04-17 14:11:45,149 [icarl.py] => Task 2, Epoch 140/200 => Loss 2.014, Loss_clf 0.084, Loss_kd 1.930, Train_accy 98.03
2025-04-17 14:12:02,374 [icarl.py] => Task 2, Epoch 141/200 => Loss 2.027, Loss_clf 0.094, Loss_kd 1.932, Train_accy 97.49, Test_accy {'Art': 29.07, 'Clipart': 17.37, 'Real World': 41.37, 'Product': 70.07}
2025-04-17 14:12:11,175 [icarl.py] => Task 2, Epoch 142/200 => Loss 2.016, Loss_clf 0.084, Loss_kd 1.932, Train_accy 98.22
2025-04-17 14:12:20,206 [icarl.py] => Task 2, Epoch 143/200 => Loss 2.024, Loss_clf 0.096, Loss_kd 1.929, Train_accy 97.74
2025-04-17 14:12:29,092 [icarl.py] => Task 2, Epoch 144/200 => Loss 2.010, Loss_clf 0.091, Loss_kd 1.919, Train_accy 97.90
2025-04-17 14:12:37,991 [icarl.py] => Task 2, Epoch 145/200 => Loss 2.004, Loss_clf 0.088, Loss_kd 1.916, Train_accy 97.87
2025-04-17 14:12:47,089 [icarl.py] => Task 2, Epoch 146/200 => Loss 1.997, Loss_clf 0.085, Loss_kd 1.913, Train_accy 98.09
2025-04-17 14:12:56,509 [icarl.py] => Task 2, Epoch 147/200 => Loss 2.008, Loss_clf 0.090, Loss_kd 1.918, Train_accy 97.84
2025-04-17 14:13:05,526 [icarl.py] => Task 2, Epoch 148/200 => Loss 2.000, Loss_clf 0.079, Loss_kd 1.922, Train_accy 98.03
2025-04-17 14:13:14,210 [icarl.py] => Task 2, Epoch 149/200 => Loss 2.015, Loss_clf 0.097, Loss_kd 1.918, Train_accy 98.03
2025-04-17 14:13:23,695 [icarl.py] => Task 2, Epoch 150/200 => Loss 2.004, Loss_clf 0.078, Loss_kd 1.926, Train_accy 98.25
2025-04-17 14:13:33,071 [icarl.py] => Task 2, Epoch 151/200 => Loss 1.984, Loss_clf 0.073, Loss_kd 1.911, Train_accy 98.48
2025-04-17 14:13:42,075 [icarl.py] => Task 2, Epoch 152/200 => Loss 2.001, Loss_clf 0.078, Loss_kd 1.923, Train_accy 98.13
2025-04-17 14:13:50,862 [icarl.py] => Task 2, Epoch 153/200 => Loss 2.001, Loss_clf 0.079, Loss_kd 1.922, Train_accy 98.22
2025-04-17 14:13:59,550 [icarl.py] => Task 2, Epoch 154/200 => Loss 1.990, Loss_clf 0.075, Loss_kd 1.915, Train_accy 98.25
2025-04-17 14:14:08,781 [icarl.py] => Task 2, Epoch 155/200 => Loss 1.986, Loss_clf 0.075, Loss_kd 1.910, Train_accy 98.25
2025-04-17 14:14:17,646 [icarl.py] => Task 2, Epoch 156/200 => Loss 1.982, Loss_clf 0.083, Loss_kd 1.898, Train_accy 98.06
2025-04-17 14:14:26,653 [icarl.py] => Task 2, Epoch 157/200 => Loss 2.009, Loss_clf 0.088, Loss_kd 1.921, Train_accy 98.19
2025-04-17 14:14:35,845 [icarl.py] => Task 2, Epoch 158/200 => Loss 2.002, Loss_clf 0.085, Loss_kd 1.917, Train_accy 98.06
2025-04-17 14:14:45,869 [icarl.py] => Task 2, Epoch 159/200 => Loss 1.973, Loss_clf 0.070, Loss_kd 1.902, Train_accy 98.57
2025-04-17 14:14:55,588 [icarl.py] => Task 2, Epoch 160/200 => Loss 1.981, Loss_clf 0.076, Loss_kd 1.904, Train_accy 98.19
2025-04-17 14:15:12,754 [icarl.py] => Task 2, Epoch 161/200 => Loss 1.987, Loss_clf 0.070, Loss_kd 1.917, Train_accy 98.35, Test_accy {'Art': 27.68, 'Clipart': 18.32, 'Real World': 42.49, 'Product': 72.18}
2025-04-17 14:15:22,540 [icarl.py] => Task 2, Epoch 162/200 => Loss 1.998, Loss_clf 0.077, Loss_kd 1.921, Train_accy 98.19
2025-04-17 14:15:32,582 [icarl.py] => Task 2, Epoch 163/200 => Loss 1.970, Loss_clf 0.072, Loss_kd 1.899, Train_accy 98.35
2025-04-17 14:15:41,355 [icarl.py] => Task 2, Epoch 164/200 => Loss 1.988, Loss_clf 0.074, Loss_kd 1.914, Train_accy 98.28
2025-04-17 14:15:50,197 [icarl.py] => Task 2, Epoch 165/200 => Loss 1.985, Loss_clf 0.072, Loss_kd 1.913, Train_accy 98.25
2025-04-17 14:15:59,198 [icarl.py] => Task 2, Epoch 166/200 => Loss 2.002, Loss_clf 0.086, Loss_kd 1.916, Train_accy 97.97
2025-04-17 14:16:07,752 [icarl.py] => Task 2, Epoch 167/200 => Loss 1.970, Loss_clf 0.069, Loss_kd 1.901, Train_accy 98.48
2025-04-17 14:16:16,829 [icarl.py] => Task 2, Epoch 168/200 => Loss 1.955, Loss_clf 0.063, Loss_kd 1.892, Train_accy 98.54
2025-04-17 14:16:25,662 [icarl.py] => Task 2, Epoch 169/200 => Loss 1.973, Loss_clf 0.073, Loss_kd 1.900, Train_accy 98.28
2025-04-17 14:16:34,738 [icarl.py] => Task 2, Epoch 170/200 => Loss 1.968, Loss_clf 0.060, Loss_kd 1.908, Train_accy 98.79
2025-04-17 14:16:43,967 [icarl.py] => Task 2, Epoch 171/200 => Loss 1.992, Loss_clf 0.086, Loss_kd 1.906, Train_accy 97.94
2025-04-17 14:16:53,090 [icarl.py] => Task 2, Epoch 172/200 => Loss 1.956, Loss_clf 0.062, Loss_kd 1.894, Train_accy 98.67
2025-04-17 14:17:02,702 [icarl.py] => Task 2, Epoch 173/200 => Loss 1.965, Loss_clf 0.061, Loss_kd 1.904, Train_accy 98.92
2025-04-17 14:17:11,926 [icarl.py] => Task 2, Epoch 174/200 => Loss 1.965, Loss_clf 0.064, Loss_kd 1.901, Train_accy 98.63
2025-04-17 14:17:20,635 [icarl.py] => Task 2, Epoch 175/200 => Loss 1.976, Loss_clf 0.070, Loss_kd 1.906, Train_accy 98.41
2025-04-17 14:17:29,585 [icarl.py] => Task 2, Epoch 176/200 => Loss 1.971, Loss_clf 0.069, Loss_kd 1.903, Train_accy 98.51
2025-04-17 14:17:39,083 [icarl.py] => Task 2, Epoch 177/200 => Loss 1.980, Loss_clf 0.072, Loss_kd 1.908, Train_accy 98.32
2025-04-17 14:17:47,836 [icarl.py] => Task 2, Epoch 178/200 => Loss 1.969, Loss_clf 0.067, Loss_kd 1.902, Train_accy 98.28
2025-04-17 14:17:56,955 [icarl.py] => Task 2, Epoch 179/200 => Loss 1.963, Loss_clf 0.071, Loss_kd 1.892, Train_accy 98.41
2025-04-17 14:18:05,803 [icarl.py] => Task 2, Epoch 180/200 => Loss 1.974, Loss_clf 0.074, Loss_kd 1.899, Train_accy 98.51
2025-04-17 14:18:22,757 [icarl.py] => Task 2, Epoch 181/200 => Loss 1.981, Loss_clf 0.063, Loss_kd 1.918, Train_accy 98.73, Test_accy {'Art': 30.1, 'Clipart': 19.66, 'Real World': 42.86, 'Product': 72.36}
2025-04-17 14:18:31,656 [icarl.py] => Task 2, Epoch 182/200 => Loss 1.975, Loss_clf 0.071, Loss_kd 1.903, Train_accy 98.51
2025-04-17 14:18:40,971 [icarl.py] => Task 2, Epoch 183/200 => Loss 1.991, Loss_clf 0.068, Loss_kd 1.922, Train_accy 98.48
2025-04-17 14:18:50,179 [icarl.py] => Task 2, Epoch 184/200 => Loss 1.964, Loss_clf 0.054, Loss_kd 1.910, Train_accy 98.86
2025-04-17 14:18:59,170 [icarl.py] => Task 2, Epoch 185/200 => Loss 1.974, Loss_clf 0.060, Loss_kd 1.915, Train_accy 98.76
2025-04-17 14:19:08,011 [icarl.py] => Task 2, Epoch 186/200 => Loss 1.952, Loss_clf 0.060, Loss_kd 1.892, Train_accy 98.92
2025-04-17 14:19:16,729 [icarl.py] => Task 2, Epoch 187/200 => Loss 1.968, Loss_clf 0.062, Loss_kd 1.906, Train_accy 98.70
2025-04-17 14:19:25,698 [icarl.py] => Task 2, Epoch 188/200 => Loss 1.972, Loss_clf 0.070, Loss_kd 1.902, Train_accy 98.35
2025-04-17 14:19:34,834 [icarl.py] => Task 2, Epoch 189/200 => Loss 1.951, Loss_clf 0.057, Loss_kd 1.895, Train_accy 98.79
2025-04-17 14:19:43,955 [icarl.py] => Task 2, Epoch 190/200 => Loss 1.969, Loss_clf 0.069, Loss_kd 1.900, Train_accy 98.51
2025-04-17 14:19:53,503 [icarl.py] => Task 2, Epoch 191/200 => Loss 1.974, Loss_clf 0.061, Loss_kd 1.912, Train_accy 98.79
2025-04-17 14:20:02,684 [icarl.py] => Task 2, Epoch 192/200 => Loss 1.947, Loss_clf 0.063, Loss_kd 1.884, Train_accy 98.54
2025-04-17 14:20:11,351 [icarl.py] => Task 2, Epoch 193/200 => Loss 1.968, Loss_clf 0.064, Loss_kd 1.904, Train_accy 98.60
2025-04-17 14:20:19,813 [icarl.py] => Task 2, Epoch 194/200 => Loss 1.966, Loss_clf 0.067, Loss_kd 1.900, Train_accy 98.73
2025-04-17 14:20:28,266 [icarl.py] => Task 2, Epoch 195/200 => Loss 1.973, Loss_clf 0.064, Loss_kd 1.909, Train_accy 98.57
2025-04-17 14:20:36,779 [icarl.py] => Task 2, Epoch 196/200 => Loss 1.977, Loss_clf 0.063, Loss_kd 1.914, Train_accy 98.76
2025-04-17 14:20:45,722 [icarl.py] => Task 2, Epoch 197/200 => Loss 1.968, Loss_clf 0.059, Loss_kd 1.909, Train_accy 98.86
2025-04-17 14:20:54,681 [icarl.py] => Task 2, Epoch 198/200 => Loss 1.962, Loss_clf 0.059, Loss_kd 1.903, Train_accy 98.63
2025-04-17 14:21:03,642 [icarl.py] => Task 2, Epoch 199/200 => Loss 1.975, Loss_clf 0.061, Loss_kd 1.914, Train_accy 98.44
2025-04-17 14:21:12,729 [icarl.py] => Task 2, Epoch 200/200 => Loss 1.970, Loss_clf 0.063, Loss_kd 1.907, Train_accy 98.76
2025-04-17 14:21:12,730 [base.py] => Reducing exemplars...(33 per classes)
2025-04-17 14:21:30,084 [base.py] => Constructing exemplars...(33 per classes)
2025-04-17 14:22:10,003 [icarl.py] => Exemplar size: 1287
2025-04-17 14:22:10,772 [trainer.py] => CNN [Art]: {'total': 30.1, '00-12': 32.26, '13-25': 19.54, '26-38': 36.7, 'old': 26.11, 'new': 36.7}
2025-04-17 14:22:10,772 [trainer.py] => NME [Art]: {'total': 31.49, '00-12': 33.33, '13-25': 24.14, '26-38': 35.78, 'old': 28.89, 'new': 35.78}
2025-04-17 14:22:10,772 [trainer.py] => CNN [Art] top1 curve: [49.46, 33.89, 30.1]
2025-04-17 14:22:10,772 [trainer.py] => CNN [Art] top5 curve: [78.49, 66.11, 56.06]
2025-04-17 14:22:10,772 [trainer.py] => NME [Art] top1 curve: [53.76, 40.56, 31.49]
2025-04-17 14:22:10,772 [trainer.py] => NME [Art] top5 curve: [80.65, 65.56, 56.4]
2025-04-17 14:22:10,773 [trainer.py] => Average Accuracy [Art] (CNN): 37.81666666666667
2025-04-17 14:22:10,773 [trainer.py] => Average Accuracy [Art] (NME): 41.93666666666667
2025-04-17 14:22:10,773 [trainer.py] => CNN [Clipart]: {'total': 19.08, '00-12': 20.79, '13-25': 13.11, '26-38': 23.93, 'old': 16.9, 'new': 23.93}
2025-04-17 14:22:10,773 [trainer.py] => NME [Clipart]: {'total': 18.51, '00-12': 20.79, '13-25': 14.21, '26-38': 20.86, 'old': 17.45, 'new': 20.86}
2025-04-17 14:22:10,773 [trainer.py] => CNN [Clipart] top1 curve: [36.52, 21.88, 19.08]
2025-04-17 14:22:10,773 [trainer.py] => CNN [Clipart] top5 curve: [67.42, 49.31, 41.6]
2025-04-17 14:22:10,773 [trainer.py] => NME [Clipart] top1 curve: [36.52, 20.5, 18.51]
2025-04-17 14:22:10,773 [trainer.py] => NME [Clipart] top5 curve: [69.1, 50.69, 42.37]
2025-04-17 14:22:10,773 [trainer.py] => Average Accuracy [Clipart] (CNN): 25.826666666666668
2025-04-17 14:22:10,773 [trainer.py] => Average Accuracy [Clipart] (NME): 25.176666666666666
2025-04-17 14:22:10,773 [trainer.py] => CNN [Product]: {'total': 72.36, '00-12': 74.52, '13-25': 60.0, '26-38': 81.05, 'old': 67.99, 'new': 81.05}
2025-04-17 14:22:10,773 [trainer.py] => NME [Product]: {'total': 72.54, '00-12': 75.96, '13-25': 63.53, '26-38': 76.84, 'old': 70.37, 'new': 76.84}
2025-04-17 14:22:10,773 [trainer.py] => CNN [Product] top1 curve: [87.02, 76.98, 72.36]
2025-04-17 14:22:10,773 [trainer.py] => CNN [Product] top5 curve: [99.04, 94.71, 91.9]
2025-04-17 14:22:10,773 [trainer.py] => NME [Product] top1 curve: [88.94, 78.57, 72.54]
2025-04-17 14:22:10,773 [trainer.py] => NME [Product] top5 curve: [98.56, 97.09, 93.84]
2025-04-17 14:22:10,773 [trainer.py] => Average Accuracy [Product] (CNN): 78.78666666666668
2025-04-17 14:22:10,773 [trainer.py] => Average Accuracy [Product] (NME): 80.01666666666667
2025-04-17 14:22:10,773 [trainer.py] => CNN [Real World]: {'total': 43.04, '00-12': 40.76, '13-25': 29.89, '26-38': 58.01, 'old': 35.47, 'new': 58.01}
2025-04-17 14:22:10,773 [trainer.py] => NME [Real World]: {'total': 44.9, '00-12': 42.93, '13-25': 31.61, '26-38': 59.67, 'old': 37.43, 'new': 59.67}
2025-04-17 14:22:10,773 [trainer.py] => CNN [Real World] top1 curve: [53.26, 41.62, 43.04]
2025-04-17 14:22:10,773 [trainer.py] => CNN [Real World] top5 curve: [90.22, 74.58, 72.17]
2025-04-17 14:22:10,773 [trainer.py] => NME [Real World] top1 curve: [53.8, 42.18, 44.9]
2025-04-17 14:22:10,774 [trainer.py] => NME [Real World] top5 curve: [91.85, 76.54, 73.65]
2025-04-17 14:22:10,774 [trainer.py] => Average Accuracy [Real World] (CNN): 45.97333333333333
2025-04-17 14:22:10,774 [trainer.py] => Average Accuracy [Real World] (NME): 46.96
2025-04-17 14:22:10,774 [trainer.py] => NME Harmonic Mean : 26.9656
2025-04-17 14:22:10,774 [trainer.py] => NME Macro Mean : 41.8600
2025-04-17 14:22:10,774 [trainer.py] => CNN Harmonic Mean : 27.3862
2025-04-17 14:22:10,774 [trainer.py] => CNN Macro Mean : 41.1450
2025-04-17 14:22:10,774 [trainer.py] => All params: 21344693
2025-04-17 14:22:10,775 [trainer.py] => Trainable params: 21344693
2025-04-17 14:22:10,776 [icarl.py] => Learning on 39-52
2025-04-17 14:22:31,184 [icarl.py] => Task 3, Epoch 1/200 => Loss 6.014, Loss_clf 3.103, Loss_kd 2.910, Train_accy 28.82, Test_accy {'Art': 7.79, 'Clipart': 7.38, 'Real World': 16.07, 'Product': 16.73}
2025-04-17 14:22:42,232 [icarl.py] => Task 3, Epoch 2/200 => Loss 5.127, Loss_clf 2.264, Loss_kd 2.863, Train_accy 38.47
2025-04-17 14:22:52,149 [icarl.py] => Task 3, Epoch 3/200 => Loss 4.580, Loss_clf 1.866, Loss_kd 2.714, Train_accy 47.43
2025-04-17 14:23:02,224 [icarl.py] => Task 3, Epoch 4/200 => Loss 4.446, Loss_clf 1.754, Loss_kd 2.692, Train_accy 50.30
2025-04-17 14:23:12,467 [icarl.py] => Task 3, Epoch 5/200 => Loss 4.258, Loss_clf 1.610, Loss_kd 2.648, Train_accy 54.18
2025-04-17 14:23:22,933 [icarl.py] => Task 3, Epoch 6/200 => Loss 4.109, Loss_clf 1.479, Loss_kd 2.631, Train_accy 56.89
2025-04-17 14:23:33,045 [icarl.py] => Task 3, Epoch 7/200 => Loss 4.001, Loss_clf 1.390, Loss_kd 2.612, Train_accy 59.41
2025-04-17 14:23:43,659 [icarl.py] => Task 3, Epoch 8/200 => Loss 3.807, Loss_clf 1.233, Loss_kd 2.574, Train_accy 64.21
2025-04-17 14:23:54,140 [icarl.py] => Task 3, Epoch 9/200 => Loss 3.673, Loss_clf 1.136, Loss_kd 2.537, Train_accy 66.51
2025-04-17 14:24:03,828 [icarl.py] => Task 3, Epoch 10/200 => Loss 3.604, Loss_clf 1.070, Loss_kd 2.534, Train_accy 69.22
2025-04-17 14:24:13,563 [icarl.py] => Task 3, Epoch 11/200 => Loss 3.476, Loss_clf 0.975, Loss_kd 2.501, Train_accy 71.84
2025-04-17 14:24:23,674 [icarl.py] => Task 3, Epoch 12/200 => Loss 3.477, Loss_clf 0.990, Loss_kd 2.487, Train_accy 71.14
2025-04-17 14:24:34,148 [icarl.py] => Task 3, Epoch 13/200 => Loss 3.447, Loss_clf 0.953, Loss_kd 2.495, Train_accy 73.04
2025-04-17 14:24:44,397 [icarl.py] => Task 3, Epoch 14/200 => Loss 3.340, Loss_clf 0.873, Loss_kd 2.467, Train_accy 74.71
2025-04-17 14:24:54,598 [icarl.py] => Task 3, Epoch 15/200 => Loss 3.271, Loss_clf 0.812, Loss_kd 2.459, Train_accy 75.88
2025-04-17 14:25:05,107 [icarl.py] => Task 3, Epoch 16/200 => Loss 3.329, Loss_clf 0.845, Loss_kd 2.483, Train_accy 74.80
2025-04-17 14:25:15,215 [icarl.py] => Task 3, Epoch 17/200 => Loss 3.274, Loss_clf 0.800, Loss_kd 2.475, Train_accy 77.04
2025-04-17 14:25:25,334 [icarl.py] => Task 3, Epoch 18/200 => Loss 3.163, Loss_clf 0.722, Loss_kd 2.442, Train_accy 79.09
2025-04-17 14:25:35,871 [icarl.py] => Task 3, Epoch 19/200 => Loss 3.210, Loss_clf 0.742, Loss_kd 2.468, Train_accy 78.71
2025-04-17 14:25:47,011 [icarl.py] => Task 3, Epoch 20/200 => Loss 3.062, Loss_clf 0.632, Loss_kd 2.431, Train_accy 82.28
2025-04-17 14:26:07,808 [icarl.py] => Task 3, Epoch 21/200 => Loss 3.062, Loss_clf 0.638, Loss_kd 2.424, Train_accy 81.90, Test_accy {'Art': 16.55, 'Clipart': 14.47, 'Real World': 28.16, 'Product': 35.21}
2025-04-17 14:26:18,470 [icarl.py] => Task 3, Epoch 22/200 => Loss 3.040, Loss_clf 0.621, Loss_kd 2.420, Train_accy 82.69
2025-04-17 14:26:28,920 [icarl.py] => Task 3, Epoch 23/200 => Loss 2.991, Loss_clf 0.568, Loss_kd 2.422, Train_accy 84.07
2025-04-17 14:26:39,260 [icarl.py] => Task 3, Epoch 24/200 => Loss 2.991, Loss_clf 0.572, Loss_kd 2.419, Train_accy 83.70
2025-04-17 14:26:49,942 [icarl.py] => Task 3, Epoch 25/200 => Loss 2.946, Loss_clf 0.559, Loss_kd 2.387, Train_accy 83.95
2025-04-17 14:27:00,145 [icarl.py] => Task 3, Epoch 26/200 => Loss 3.008, Loss_clf 0.591, Loss_kd 2.417, Train_accy 83.00
2025-04-17 14:27:10,560 [icarl.py] => Task 3, Epoch 27/200 => Loss 2.912, Loss_clf 0.509, Loss_kd 2.403, Train_accy 86.53
2025-04-17 14:27:20,648 [icarl.py] => Task 3, Epoch 28/200 => Loss 2.854, Loss_clf 0.475, Loss_kd 2.378, Train_accy 87.32
2025-04-17 14:27:31,191 [icarl.py] => Task 3, Epoch 29/200 => Loss 2.886, Loss_clf 0.502, Loss_kd 2.384, Train_accy 86.41
2025-04-17 14:27:41,042 [icarl.py] => Task 3, Epoch 30/200 => Loss 2.912, Loss_clf 0.513, Loss_kd 2.399, Train_accy 85.94
2025-04-17 14:27:51,139 [icarl.py] => Task 3, Epoch 31/200 => Loss 2.846, Loss_clf 0.464, Loss_kd 2.382, Train_accy 87.26
2025-04-17 14:28:02,066 [icarl.py] => Task 3, Epoch 32/200 => Loss 2.842, Loss_clf 0.461, Loss_kd 2.381, Train_accy 87.13
2025-04-17 14:28:12,714 [icarl.py] => Task 3, Epoch 33/200 => Loss 2.823, Loss_clf 0.455, Loss_kd 2.368, Train_accy 86.85
2025-04-17 14:28:23,084 [icarl.py] => Task 3, Epoch 34/200 => Loss 2.839, Loss_clf 0.460, Loss_kd 2.379, Train_accy 87.86
2025-04-17 14:28:33,681 [icarl.py] => Task 3, Epoch 35/200 => Loss 2.761, Loss_clf 0.411, Loss_kd 2.351, Train_accy 88.96
2025-04-17 14:28:43,766 [icarl.py] => Task 3, Epoch 36/200 => Loss 2.796, Loss_clf 0.429, Loss_kd 2.366, Train_accy 87.54
2025-04-17 14:28:54,096 [icarl.py] => Task 3, Epoch 37/200 => Loss 2.711, Loss_clf 0.364, Loss_kd 2.347, Train_accy 90.10
2025-04-17 14:29:04,766 [icarl.py] => Task 3, Epoch 38/200 => Loss 2.756, Loss_clf 0.403, Loss_kd 2.353, Train_accy 89.03
2025-04-17 14:29:14,962 [icarl.py] => Task 3, Epoch 39/200 => Loss 2.716, Loss_clf 0.373, Loss_kd 2.343, Train_accy 89.88
2025-04-17 14:29:24,873 [icarl.py] => Task 3, Epoch 40/200 => Loss 2.674, Loss_clf 0.354, Loss_kd 2.320, Train_accy 89.81
2025-04-17 14:29:45,235 [icarl.py] => Task 3, Epoch 41/200 => Loss 2.729, Loss_clf 0.379, Loss_kd 2.351, Train_accy 89.66, Test_accy {'Art': 18.0, 'Clipart': 15.74, 'Real World': 29.81, 'Product': 49.67}
2025-04-17 14:29:55,772 [icarl.py] => Task 3, Epoch 42/200 => Loss 2.715, Loss_clf 0.373, Loss_kd 2.342, Train_accy 89.53
2025-04-17 14:30:05,890 [icarl.py] => Task 3, Epoch 43/200 => Loss 2.723, Loss_clf 0.384, Loss_kd 2.339, Train_accy 89.12
2025-04-17 14:30:16,017 [icarl.py] => Task 3, Epoch 44/200 => Loss 2.647, Loss_clf 0.325, Loss_kd 2.322, Train_accy 90.63
2025-04-17 14:30:26,093 [icarl.py] => Task 3, Epoch 45/200 => Loss 2.697, Loss_clf 0.348, Loss_kd 2.349, Train_accy 90.38
2025-04-17 14:30:36,601 [icarl.py] => Task 3, Epoch 46/200 => Loss 2.765, Loss_clf 0.408, Loss_kd 2.357, Train_accy 88.90
2025-04-17 14:30:46,658 [icarl.py] => Task 3, Epoch 47/200 => Loss 2.699, Loss_clf 0.347, Loss_kd 2.352, Train_accy 90.76
2025-04-17 14:30:56,983 [icarl.py] => Task 3, Epoch 48/200 => Loss 2.708, Loss_clf 0.362, Loss_kd 2.346, Train_accy 89.56
2025-04-17 14:31:07,099 [icarl.py] => Task 3, Epoch 49/200 => Loss 2.711, Loss_clf 0.372, Loss_kd 2.339, Train_accy 89.91
2025-04-17 14:31:17,146 [icarl.py] => Task 3, Epoch 50/200 => Loss 2.669, Loss_clf 0.333, Loss_kd 2.336, Train_accy 90.95
2025-04-17 14:31:27,523 [icarl.py] => Task 3, Epoch 51/200 => Loss 2.678, Loss_clf 0.339, Loss_kd 2.339, Train_accy 90.92
2025-04-17 14:31:37,825 [icarl.py] => Task 3, Epoch 52/200 => Loss 2.668, Loss_clf 0.331, Loss_kd 2.337, Train_accy 91.11
2025-04-17 14:31:48,027 [icarl.py] => Task 3, Epoch 53/200 => Loss 2.712, Loss_clf 0.363, Loss_kd 2.350, Train_accy 89.94
2025-04-17 14:31:58,380 [icarl.py] => Task 3, Epoch 54/200 => Loss 2.666, Loss_clf 0.340, Loss_kd 2.326, Train_accy 91.17
2025-04-17 14:32:08,903 [icarl.py] => Task 3, Epoch 55/200 => Loss 2.625, Loss_clf 0.312, Loss_kd 2.313, Train_accy 91.01
2025-04-17 14:32:19,505 [icarl.py] => Task 3, Epoch 56/200 => Loss 2.621, Loss_clf 0.299, Loss_kd 2.322, Train_accy 92.46
2025-04-17 14:32:29,634 [icarl.py] => Task 3, Epoch 57/200 => Loss 2.606, Loss_clf 0.305, Loss_kd 2.300, Train_accy 91.86
2025-04-17 14:32:39,491 [icarl.py] => Task 3, Epoch 58/200 => Loss 2.673, Loss_clf 0.345, Loss_kd 2.328, Train_accy 90.48
2025-04-17 14:32:49,781 [icarl.py] => Task 3, Epoch 59/200 => Loss 2.602, Loss_clf 0.297, Loss_kd 2.305, Train_accy 91.64
2025-04-17 14:33:00,519 [icarl.py] => Task 3, Epoch 60/200 => Loss 2.581, Loss_clf 0.274, Loss_kd 2.307, Train_accy 93.03
2025-04-17 14:33:20,786 [icarl.py] => Task 3, Epoch 61/200 => Loss 2.569, Loss_clf 0.260, Loss_kd 2.309, Train_accy 93.13, Test_accy {'Art': 18.0, 'Clipart': 16.03, 'Real World': 34.07, 'Product': 57.16}
2025-04-17 14:33:30,733 [icarl.py] => Task 3, Epoch 62/200 => Loss 2.557, Loss_clf 0.257, Loss_kd 2.300, Train_accy 92.87
2025-04-17 14:33:40,835 [icarl.py] => Task 3, Epoch 63/200 => Loss 2.549, Loss_clf 0.257, Loss_kd 2.292, Train_accy 92.84
2025-04-17 14:33:51,052 [icarl.py] => Task 3, Epoch 64/200 => Loss 2.583, Loss_clf 0.288, Loss_kd 2.295, Train_accy 92.49
2025-04-17 14:34:01,617 [icarl.py] => Task 3, Epoch 65/200 => Loss 2.564, Loss_clf 0.271, Loss_kd 2.293, Train_accy 92.87
2025-04-17 14:34:12,371 [icarl.py] => Task 3, Epoch 66/200 => Loss 2.569, Loss_clf 0.277, Loss_kd 2.293, Train_accy 92.43
2025-04-17 14:34:23,187 [icarl.py] => Task 3, Epoch 67/200 => Loss 2.580, Loss_clf 0.270, Loss_kd 2.310, Train_accy 93.19
2025-04-17 14:34:33,242 [icarl.py] => Task 3, Epoch 68/200 => Loss 2.574, Loss_clf 0.274, Loss_kd 2.300, Train_accy 92.84
2025-04-17 14:34:43,358 [icarl.py] => Task 3, Epoch 69/200 => Loss 2.545, Loss_clf 0.259, Loss_kd 2.286, Train_accy 92.97
2025-04-17 14:34:53,371 [icarl.py] => Task 3, Epoch 70/200 => Loss 2.527, Loss_clf 0.231, Loss_kd 2.296, Train_accy 94.39
2025-04-17 14:35:03,614 [icarl.py] => Task 3, Epoch 71/200 => Loss 2.525, Loss_clf 0.243, Loss_kd 2.282, Train_accy 93.38
2025-04-17 14:35:13,535 [icarl.py] => Task 3, Epoch 72/200 => Loss 2.489, Loss_clf 0.218, Loss_kd 2.271, Train_accy 93.82
2025-04-17 14:35:23,557 [icarl.py] => Task 3, Epoch 73/200 => Loss 2.542, Loss_clf 0.242, Loss_kd 2.300, Train_accy 93.82
2025-04-17 14:35:34,209 [icarl.py] => Task 3, Epoch 74/200 => Loss 2.519, Loss_clf 0.244, Loss_kd 2.275, Train_accy 93.95
2025-04-17 14:35:44,806 [icarl.py] => Task 3, Epoch 75/200 => Loss 2.507, Loss_clf 0.223, Loss_kd 2.284, Train_accy 94.42
2025-04-17 14:35:54,880 [icarl.py] => Task 3, Epoch 76/200 => Loss 2.558, Loss_clf 0.263, Loss_kd 2.295, Train_accy 92.53
2025-04-17 14:36:04,805 [icarl.py] => Task 3, Epoch 77/200 => Loss 2.484, Loss_clf 0.207, Loss_kd 2.276, Train_accy 94.23
2025-04-17 14:36:15,148 [icarl.py] => Task 3, Epoch 78/200 => Loss 2.469, Loss_clf 0.207, Loss_kd 2.262, Train_accy 94.61
2025-04-17 14:36:24,918 [icarl.py] => Task 3, Epoch 79/200 => Loss 2.459, Loss_clf 0.187, Loss_kd 2.272, Train_accy 95.18
2025-04-17 14:36:34,902 [icarl.py] => Task 3, Epoch 80/200 => Loss 2.492, Loss_clf 0.216, Loss_kd 2.276, Train_accy 94.42
2025-04-17 14:36:55,485 [icarl.py] => Task 3, Epoch 81/200 => Loss 2.460, Loss_clf 0.195, Loss_kd 2.266, Train_accy 95.08, Test_accy {'Art': 21.65, 'Clipart': 16.31, 'Real World': 32.97, 'Product': 47.12}
2025-04-17 14:37:06,495 [icarl.py] => Task 3, Epoch 82/200 => Loss 2.472, Loss_clf 0.200, Loss_kd 2.271, Train_accy 94.95
2025-04-17 14:37:16,667 [icarl.py] => Task 3, Epoch 83/200 => Loss 2.445, Loss_clf 0.198, Loss_kd 2.247, Train_accy 94.64
2025-04-17 14:37:26,621 [icarl.py] => Task 3, Epoch 84/200 => Loss 2.467, Loss_clf 0.204, Loss_kd 2.263, Train_accy 94.29
2025-04-17 14:37:36,454 [icarl.py] => Task 3, Epoch 85/200 => Loss 2.469, Loss_clf 0.210, Loss_kd 2.259, Train_accy 94.64
2025-04-17 14:37:46,455 [icarl.py] => Task 3, Epoch 86/200 => Loss 2.448, Loss_clf 0.185, Loss_kd 2.263, Train_accy 95.11
2025-04-17 14:37:56,702 [icarl.py] => Task 3, Epoch 87/200 => Loss 2.452, Loss_clf 0.190, Loss_kd 2.262, Train_accy 95.46
2025-04-17 14:38:07,059 [icarl.py] => Task 3, Epoch 88/200 => Loss 2.419, Loss_clf 0.178, Loss_kd 2.241, Train_accy 95.24
2025-04-17 14:38:17,614 [icarl.py] => Task 3, Epoch 89/200 => Loss 2.410, Loss_clf 0.157, Loss_kd 2.254, Train_accy 96.12
2025-04-17 14:38:28,219 [icarl.py] => Task 3, Epoch 90/200 => Loss 2.423, Loss_clf 0.185, Loss_kd 2.239, Train_accy 95.14
2025-04-17 14:38:38,134 [icarl.py] => Task 3, Epoch 91/200 => Loss 2.437, Loss_clf 0.195, Loss_kd 2.242, Train_accy 94.89
2025-04-17 14:38:48,576 [icarl.py] => Task 3, Epoch 92/200 => Loss 2.387, Loss_clf 0.144, Loss_kd 2.242, Train_accy 96.66
2025-04-17 14:38:58,495 [icarl.py] => Task 3, Epoch 93/200 => Loss 2.388, Loss_clf 0.154, Loss_kd 2.234, Train_accy 96.22
2025-04-17 14:39:08,762 [icarl.py] => Task 3, Epoch 94/200 => Loss 2.413, Loss_clf 0.171, Loss_kd 2.242, Train_accy 95.68
2025-04-17 14:39:19,137 [icarl.py] => Task 3, Epoch 95/200 => Loss 2.436, Loss_clf 0.179, Loss_kd 2.257, Train_accy 95.52
2025-04-17 14:39:29,354 [icarl.py] => Task 3, Epoch 96/200 => Loss 2.425, Loss_clf 0.171, Loss_kd 2.254, Train_accy 95.62
2025-04-17 14:39:39,701 [icarl.py] => Task 3, Epoch 97/200 => Loss 2.390, Loss_clf 0.159, Loss_kd 2.231, Train_accy 95.77
2025-04-17 14:39:50,198 [icarl.py] => Task 3, Epoch 98/200 => Loss 2.437, Loss_clf 0.194, Loss_kd 2.243, Train_accy 95.08
2025-04-17 14:39:59,921 [icarl.py] => Task 3, Epoch 99/200 => Loss 2.409, Loss_clf 0.160, Loss_kd 2.249, Train_accy 95.87
2025-04-17 14:40:10,215 [icarl.py] => Task 3, Epoch 100/200 => Loss 2.382, Loss_clf 0.155, Loss_kd 2.227, Train_accy 96.15
2025-04-17 14:40:30,109 [icarl.py] => Task 3, Epoch 101/200 => Loss 2.371, Loss_clf 0.141, Loss_kd 2.230, Train_accy 96.37, Test_accy {'Art': 22.63, 'Clipart': 15.89, 'Real World': 33.93, 'Product': 52.48}
2025-04-17 14:40:40,477 [icarl.py] => Task 3, Epoch 102/200 => Loss 2.351, Loss_clf 0.140, Loss_kd 2.211, Train_accy 96.15
2025-04-17 14:40:50,356 [icarl.py] => Task 3, Epoch 103/200 => Loss 2.369, Loss_clf 0.140, Loss_kd 2.229, Train_accy 96.18
2025-04-17 14:41:00,643 [icarl.py] => Task 3, Epoch 104/200 => Loss 2.345, Loss_clf 0.132, Loss_kd 2.213, Train_accy 96.59
2025-04-17 14:41:10,337 [icarl.py] => Task 3, Epoch 105/200 => Loss 2.378, Loss_clf 0.140, Loss_kd 2.239, Train_accy 96.91
2025-04-17 14:41:21,078 [icarl.py] => Task 3, Epoch 106/200 => Loss 2.363, Loss_clf 0.127, Loss_kd 2.236, Train_accy 96.81
2025-04-17 14:41:31,515 [icarl.py] => Task 3, Epoch 107/200 => Loss 2.323, Loss_clf 0.105, Loss_kd 2.219, Train_accy 97.35
2025-04-17 14:41:41,369 [icarl.py] => Task 3, Epoch 108/200 => Loss 2.375, Loss_clf 0.144, Loss_kd 2.231, Train_accy 96.31
2025-04-17 14:41:51,214 [icarl.py] => Task 3, Epoch 109/200 => Loss 2.349, Loss_clf 0.130, Loss_kd 2.219, Train_accy 96.56
2025-04-17 14:42:01,031 [icarl.py] => Task 3, Epoch 110/200 => Loss 2.359, Loss_clf 0.123, Loss_kd 2.236, Train_accy 96.88
2025-04-17 14:42:11,078 [icarl.py] => Task 3, Epoch 111/200 => Loss 2.355, Loss_clf 0.134, Loss_kd 2.221, Train_accy 96.37
2025-04-17 14:42:21,381 [icarl.py] => Task 3, Epoch 112/200 => Loss 2.322, Loss_clf 0.114, Loss_kd 2.208, Train_accy 97.32
2025-04-17 14:42:31,803 [icarl.py] => Task 3, Epoch 113/200 => Loss 2.339, Loss_clf 0.134, Loss_kd 2.205, Train_accy 96.72
2025-04-17 14:42:42,251 [icarl.py] => Task 3, Epoch 114/200 => Loss 2.320, Loss_clf 0.109, Loss_kd 2.211, Train_accy 97.48
2025-04-17 14:42:52,309 [icarl.py] => Task 3, Epoch 115/200 => Loss 2.330, Loss_clf 0.120, Loss_kd 2.210, Train_accy 96.75
2025-04-17 14:43:02,651 [icarl.py] => Task 3, Epoch 116/200 => Loss 2.311, Loss_clf 0.119, Loss_kd 2.192, Train_accy 97.32
2025-04-17 14:43:13,323 [icarl.py] => Task 3, Epoch 117/200 => Loss 2.312, Loss_clf 0.104, Loss_kd 2.208, Train_accy 97.54
2025-04-17 14:43:23,780 [icarl.py] => Task 3, Epoch 118/200 => Loss 2.311, Loss_clf 0.102, Loss_kd 2.209, Train_accy 97.54
2025-04-17 14:43:33,767 [icarl.py] => Task 3, Epoch 119/200 => Loss 2.307, Loss_clf 0.109, Loss_kd 2.198, Train_accy 97.16
2025-04-17 14:43:43,917 [icarl.py] => Task 3, Epoch 120/200 => Loss 2.319, Loss_clf 0.113, Loss_kd 2.207, Train_accy 97.57
2025-04-17 14:44:04,348 [icarl.py] => Task 3, Epoch 121/200 => Loss 2.291, Loss_clf 0.095, Loss_kd 2.196, Train_accy 97.70, Test_accy {'Art': 20.68, 'Clipart': 16.74, 'Real World': 39.01, 'Product': 61.98}
2025-04-17 14:44:14,519 [icarl.py] => Task 3, Epoch 122/200 => Loss 2.290, Loss_clf 0.095, Loss_kd 2.195, Train_accy 97.35
2025-04-17 14:44:24,218 [icarl.py] => Task 3, Epoch 123/200 => Loss 2.270, Loss_clf 0.080, Loss_kd 2.190, Train_accy 97.98
2025-04-17 14:44:34,134 [icarl.py] => Task 3, Epoch 124/200 => Loss 2.308, Loss_clf 0.108, Loss_kd 2.200, Train_accy 97.54
2025-04-17 14:44:43,969 [icarl.py] => Task 3, Epoch 125/200 => Loss 2.323, Loss_clf 0.119, Loss_kd 2.204, Train_accy 97.13
2025-04-17 14:44:54,654 [icarl.py] => Task 3, Epoch 126/200 => Loss 2.288, Loss_clf 0.089, Loss_kd 2.198, Train_accy 97.67
2025-04-17 14:45:04,527 [icarl.py] => Task 3, Epoch 127/200 => Loss 2.303, Loss_clf 0.099, Loss_kd 2.205, Train_accy 97.51
2025-04-17 14:45:14,929 [icarl.py] => Task 3, Epoch 128/200 => Loss 2.298, Loss_clf 0.101, Loss_kd 2.197, Train_accy 97.38
2025-04-17 14:45:25,031 [icarl.py] => Task 3, Epoch 129/200 => Loss 2.287, Loss_clf 0.093, Loss_kd 2.194, Train_accy 97.79
2025-04-17 14:45:35,098 [icarl.py] => Task 3, Epoch 130/200 => Loss 2.280, Loss_clf 0.102, Loss_kd 2.178, Train_accy 97.51
2025-04-17 14:45:45,490 [icarl.py] => Task 3, Epoch 131/200 => Loss 2.297, Loss_clf 0.105, Loss_kd 2.193, Train_accy 97.35
2025-04-17 14:45:56,229 [icarl.py] => Task 3, Epoch 132/200 => Loss 2.256, Loss_clf 0.079, Loss_kd 2.177, Train_accy 98.08
2025-04-17 14:46:06,529 [icarl.py] => Task 3, Epoch 133/200 => Loss 2.289, Loss_clf 0.090, Loss_kd 2.199, Train_accy 98.04
2025-04-17 14:46:16,415 [icarl.py] => Task 3, Epoch 134/200 => Loss 2.268, Loss_clf 0.086, Loss_kd 2.182, Train_accy 98.11
2025-04-17 14:46:26,323 [icarl.py] => Task 3, Epoch 135/200 => Loss 2.301, Loss_clf 0.104, Loss_kd 2.198, Train_accy 97.32
2025-04-17 14:46:36,895 [icarl.py] => Task 3, Epoch 136/200 => Loss 2.260, Loss_clf 0.079, Loss_kd 2.181, Train_accy 98.23
2025-04-17 14:46:47,371 [icarl.py] => Task 3, Epoch 137/200 => Loss 2.308, Loss_clf 0.102, Loss_kd 2.206, Train_accy 97.45
2025-04-17 14:46:57,810 [icarl.py] => Task 3, Epoch 138/200 => Loss 2.266, Loss_clf 0.088, Loss_kd 2.178, Train_accy 98.01
2025-04-17 14:47:08,008 [icarl.py] => Task 3, Epoch 139/200 => Loss 2.257, Loss_clf 0.079, Loss_kd 2.178, Train_accy 98.39
2025-04-17 14:47:18,856 [icarl.py] => Task 3, Epoch 140/200 => Loss 2.265, Loss_clf 0.087, Loss_kd 2.178, Train_accy 97.79
2025-04-17 14:47:39,187 [icarl.py] => Task 3, Epoch 141/200 => Loss 2.251, Loss_clf 0.068, Loss_kd 2.183, Train_accy 98.33, Test_accy {'Art': 21.65, 'Clipart': 17.3, 'Real World': 36.13, 'Product': 58.77}
2025-04-17 14:47:49,289 [icarl.py] => Task 3, Epoch 142/200 => Loss 2.269, Loss_clf 0.085, Loss_kd 2.184, Train_accy 98.27
2025-04-17 14:47:59,362 [icarl.py] => Task 3, Epoch 143/200 => Loss 2.257, Loss_clf 0.082, Loss_kd 2.175, Train_accy 98.23
2025-04-17 14:48:09,535 [icarl.py] => Task 3, Epoch 144/200 => Loss 2.242, Loss_clf 0.069, Loss_kd 2.173, Train_accy 98.61
2025-04-17 14:48:20,003 [icarl.py] => Task 3, Epoch 145/200 => Loss 2.239, Loss_clf 0.064, Loss_kd 2.175, Train_accy 98.64
2025-04-17 14:48:30,466 [icarl.py] => Task 3, Epoch 146/200 => Loss 2.254, Loss_clf 0.079, Loss_kd 2.175, Train_accy 98.49
2025-04-17 14:48:40,539 [icarl.py] => Task 3, Epoch 147/200 => Loss 2.237, Loss_clf 0.068, Loss_kd 2.168, Train_accy 98.71
2025-04-17 14:48:50,471 [icarl.py] => Task 3, Epoch 148/200 => Loss 2.250, Loss_clf 0.063, Loss_kd 2.187, Train_accy 98.68
2025-04-17 14:49:00,114 [icarl.py] => Task 3, Epoch 149/200 => Loss 2.248, Loss_clf 0.076, Loss_kd 2.172, Train_accy 98.11
2025-04-17 14:49:10,092 [icarl.py] => Task 3, Epoch 150/200 => Loss 2.230, Loss_clf 0.069, Loss_kd 2.160, Train_accy 98.55
2025-04-17 14:49:20,171 [icarl.py] => Task 3, Epoch 151/200 => Loss 2.236, Loss_clf 0.065, Loss_kd 2.172, Train_accy 98.58
2025-04-17 14:49:30,970 [icarl.py] => Task 3, Epoch 152/200 => Loss 2.232, Loss_clf 0.066, Loss_kd 2.166, Train_accy 98.58
2025-04-17 14:49:42,197 [icarl.py] => Task 3, Epoch 153/200 => Loss 2.242, Loss_clf 0.072, Loss_kd 2.169, Train_accy 98.36
2025-04-17 14:49:52,910 [icarl.py] => Task 3, Epoch 154/200 => Loss 2.250, Loss_clf 0.081, Loss_kd 2.168, Train_accy 98.20
2025-04-17 14:50:03,155 [icarl.py] => Task 3, Epoch 155/200 => Loss 2.248, Loss_clf 0.070, Loss_kd 2.177, Train_accy 98.55
2025-04-17 14:50:13,249 [icarl.py] => Task 3, Epoch 156/200 => Loss 2.235, Loss_clf 0.073, Loss_kd 2.162, Train_accy 98.36
2025-04-17 14:50:23,447 [icarl.py] => Task 3, Epoch 157/200 => Loss 2.231, Loss_clf 0.068, Loss_kd 2.163, Train_accy 98.58
2025-04-17 14:50:33,512 [icarl.py] => Task 3, Epoch 158/200 => Loss 2.220, Loss_clf 0.060, Loss_kd 2.161, Train_accy 98.64
2025-04-17 14:50:43,440 [icarl.py] => Task 3, Epoch 159/200 => Loss 2.240, Loss_clf 0.065, Loss_kd 2.176, Train_accy 98.74
2025-04-17 14:50:53,926 [icarl.py] => Task 3, Epoch 160/200 => Loss 2.244, Loss_clf 0.076, Loss_kd 2.168, Train_accy 98.23
2025-04-17 14:51:13,765 [icarl.py] => Task 3, Epoch 161/200 => Loss 2.230, Loss_clf 0.068, Loss_kd 2.161, Train_accy 98.45, Test_accy {'Art': 23.36, 'Clipart': 17.73, 'Real World': 38.74, 'Product': 63.19}
2025-04-17 14:51:24,067 [icarl.py] => Task 3, Epoch 162/200 => Loss 2.233, Loss_clf 0.059, Loss_kd 2.174, Train_accy 98.55
2025-04-17 14:51:33,666 [icarl.py] => Task 3, Epoch 163/200 => Loss 2.253, Loss_clf 0.074, Loss_kd 2.179, Train_accy 98.36
2025-04-17 14:51:43,624 [icarl.py] => Task 3, Epoch 164/200 => Loss 2.216, Loss_clf 0.057, Loss_kd 2.159, Train_accy 98.93
2025-04-17 14:51:53,767 [icarl.py] => Task 3, Epoch 165/200 => Loss 2.237, Loss_clf 0.068, Loss_kd 2.168, Train_accy 98.61
2025-04-17 14:52:03,720 [icarl.py] => Task 3, Epoch 166/200 => Loss 2.221, Loss_clf 0.062, Loss_kd 2.159, Train_accy 98.74
2025-04-17 14:52:13,653 [icarl.py] => Task 3, Epoch 167/200 => Loss 2.235, Loss_clf 0.065, Loss_kd 2.170, Train_accy 98.71
2025-04-17 14:52:23,479 [icarl.py] => Task 3, Epoch 168/200 => Loss 2.233, Loss_clf 0.062, Loss_kd 2.171, Train_accy 98.83
2025-04-17 14:52:33,493 [icarl.py] => Task 3, Epoch 169/200 => Loss 2.219, Loss_clf 0.059, Loss_kd 2.159, Train_accy 98.52
2025-04-17 14:52:43,433 [icarl.py] => Task 3, Epoch 170/200 => Loss 2.226, Loss_clf 0.060, Loss_kd 2.165, Train_accy 98.64
2025-04-17 14:52:53,155 [icarl.py] => Task 3, Epoch 171/200 => Loss 2.233, Loss_clf 0.056, Loss_kd 2.176, Train_accy 98.80
2025-04-17 14:53:03,187 [icarl.py] => Task 3, Epoch 172/200 => Loss 2.230, Loss_clf 0.064, Loss_kd 2.167, Train_accy 98.52
2025-04-17 14:53:13,385 [icarl.py] => Task 3, Epoch 173/200 => Loss 2.225, Loss_clf 0.067, Loss_kd 2.158, Train_accy 98.71
2025-04-17 14:53:23,591 [icarl.py] => Task 3, Epoch 174/200 => Loss 2.251, Loss_clf 0.068, Loss_kd 2.183, Train_accy 98.27
2025-04-17 14:53:33,442 [icarl.py] => Task 3, Epoch 175/200 => Loss 2.204, Loss_clf 0.046, Loss_kd 2.158, Train_accy 99.15
2025-04-17 14:53:44,012 [icarl.py] => Task 3, Epoch 176/200 => Loss 2.199, Loss_clf 0.055, Loss_kd 2.144, Train_accy 98.90
2025-04-17 14:53:53,787 [icarl.py] => Task 3, Epoch 177/200 => Loss 2.226, Loss_clf 0.061, Loss_kd 2.165, Train_accy 98.58
2025-04-17 14:54:04,593 [icarl.py] => Task 3, Epoch 178/200 => Loss 2.225, Loss_clf 0.068, Loss_kd 2.156, Train_accy 98.52
2025-04-17 14:54:14,577 [icarl.py] => Task 3, Epoch 179/200 => Loss 2.238, Loss_clf 0.066, Loss_kd 2.172, Train_accy 98.20
2025-04-17 14:54:24,365 [icarl.py] => Task 3, Epoch 180/200 => Loss 2.215, Loss_clf 0.053, Loss_kd 2.162, Train_accy 98.93
2025-04-17 14:54:44,260 [icarl.py] => Task 3, Epoch 181/200 => Loss 2.225, Loss_clf 0.058, Loss_kd 2.168, Train_accy 98.77, Test_accy {'Art': 25.3, 'Clipart': 16.74, 'Real World': 38.19, 'Product': 64.66}
2025-04-17 14:54:54,661 [icarl.py] => Task 3, Epoch 182/200 => Loss 2.217, Loss_clf 0.054, Loss_kd 2.163, Train_accy 98.96
2025-04-17 14:55:05,380 [icarl.py] => Task 3, Epoch 183/200 => Loss 2.208, Loss_clf 0.050, Loss_kd 2.158, Train_accy 99.02
2025-04-17 14:55:15,698 [icarl.py] => Task 3, Epoch 184/200 => Loss 2.230, Loss_clf 0.065, Loss_kd 2.166, Train_accy 98.52
2025-04-17 14:55:25,574 [icarl.py] => Task 3, Epoch 185/200 => Loss 2.222, Loss_clf 0.060, Loss_kd 2.161, Train_accy 98.74
2025-04-17 14:55:36,417 [icarl.py] => Task 3, Epoch 186/200 => Loss 2.220, Loss_clf 0.057, Loss_kd 2.163, Train_accy 98.93
2025-04-17 14:55:46,460 [icarl.py] => Task 3, Epoch 187/200 => Loss 2.240, Loss_clf 0.056, Loss_kd 2.184, Train_accy 98.90
2025-04-17 14:55:56,655 [icarl.py] => Task 3, Epoch 188/200 => Loss 2.200, Loss_clf 0.048, Loss_kd 2.152, Train_accy 98.99
2025-04-17 14:56:06,517 [icarl.py] => Task 3, Epoch 189/200 => Loss 2.229, Loss_clf 0.055, Loss_kd 2.174, Train_accy 98.83
2025-04-17 14:56:17,067 [icarl.py] => Task 3, Epoch 190/200 => Loss 2.215, Loss_clf 0.055, Loss_kd 2.160, Train_accy 98.74
2025-04-17 14:56:27,110 [icarl.py] => Task 3, Epoch 191/200 => Loss 2.206, Loss_clf 0.052, Loss_kd 2.154, Train_accy 99.02
2025-04-17 14:56:37,039 [icarl.py] => Task 3, Epoch 192/200 => Loss 2.211, Loss_clf 0.062, Loss_kd 2.149, Train_accy 98.49
2025-04-17 14:56:47,232 [icarl.py] => Task 3, Epoch 193/200 => Loss 2.216, Loss_clf 0.051, Loss_kd 2.165, Train_accy 99.02
2025-04-17 14:56:57,356 [icarl.py] => Task 3, Epoch 194/200 => Loss 2.222, Loss_clf 0.058, Loss_kd 2.164, Train_accy 98.86
2025-04-17 14:57:07,510 [icarl.py] => Task 3, Epoch 195/200 => Loss 2.215, Loss_clf 0.059, Loss_kd 2.157, Train_accy 98.74
2025-04-17 14:57:17,705 [icarl.py] => Task 3, Epoch 196/200 => Loss 2.206, Loss_clf 0.051, Loss_kd 2.155, Train_accy 98.90
2025-04-17 14:57:28,238 [icarl.py] => Task 3, Epoch 197/200 => Loss 2.225, Loss_clf 0.063, Loss_kd 2.162, Train_accy 98.61
2025-04-17 14:57:38,218 [icarl.py] => Task 3, Epoch 198/200 => Loss 2.215, Loss_clf 0.055, Loss_kd 2.160, Train_accy 98.90
2025-04-17 14:57:48,955 [icarl.py] => Task 3, Epoch 199/200 => Loss 2.213, Loss_clf 0.057, Loss_kd 2.156, Train_accy 98.80
2025-04-17 14:57:59,091 [icarl.py] => Task 3, Epoch 200/200 => Loss 2.208, Loss_clf 0.055, Loss_kd 2.153, Train_accy 98.93
2025-04-17 14:57:59,092 [base.py] => Reducing exemplars...(25 per classes)
2025-04-17 14:58:21,582 [base.py] => Constructing exemplars...(25 per classes)
2025-04-17 14:59:07,708 [icarl.py] => Exemplar size: 1300
2025-04-17 14:59:08,604 [trainer.py] => CNN [Art]: {'total': 24.82, '00-12': 25.81, '13-25': 18.39, '26-38': 16.51, '39-51': 36.07, 'old': 20.07, 'new': 36.07}
2025-04-17 14:59:08,605 [trainer.py] => NME [Art]: {'total': 24.09, '00-12': 26.88, '13-25': 17.24, '26-38': 19.27, '39-51': 31.15, 'old': 21.11, 'new': 31.15}
2025-04-17 14:59:08,605 [trainer.py] => CNN [Art] top1 curve: [49.46, 33.89, 30.1, 24.82]
2025-04-17 14:59:08,605 [trainer.py] => CNN [Art] top5 curve: [78.49, 66.11, 56.06, 49.88]
2025-04-17 14:59:08,605 [trainer.py] => NME [Art] top1 curve: [53.76, 40.56, 31.49, 24.09]
2025-04-17 14:59:08,605 [trainer.py] => NME [Art] top5 curve: [80.65, 65.56, 56.4, 48.91]
2025-04-17 14:59:08,605 [trainer.py] => Average Accuracy [Art] (CNN): 34.5675
2025-04-17 14:59:08,605 [trainer.py] => Average Accuracy [Art] (NME): 37.475
2025-04-17 14:59:08,605 [trainer.py] => CNN [Clipart]: {'total': 17.87, '00-12': 16.29, '13-25': 8.74, '26-38': 13.5, '39-51': 32.6, 'old': 12.79, 'new': 32.6}
2025-04-17 14:59:08,605 [trainer.py] => NME [Clipart]: {'total': 18.72, '00-12': 20.79, '13-25': 9.84, '26-38': 15.95, '39-51': 28.18, 'old': 15.46, 'new': 28.18}
2025-04-17 14:59:08,606 [trainer.py] => CNN [Clipart] top1 curve: [36.52, 21.88, 19.08, 17.87]
2025-04-17 14:59:08,606 [trainer.py] => CNN [Clipart] top5 curve: [67.42, 49.31, 41.6, 38.72]
2025-04-17 14:59:08,606 [trainer.py] => NME [Clipart] top1 curve: [36.52, 20.5, 18.51, 18.72]
2025-04-17 14:59:08,606 [trainer.py] => NME [Clipart] top5 curve: [69.1, 50.69, 42.37, 41.84]
2025-04-17 14:59:08,606 [trainer.py] => Average Accuracy [Clipart] (CNN): 23.8375
2025-04-17 14:59:08,606 [trainer.py] => Average Accuracy [Clipart] (NME): 23.5625
2025-04-17 14:59:08,606 [trainer.py] => CNN [Product]: {'total': 65.33, '00-12': 67.31, '13-25': 51.76, '26-38': 62.11, '39-51': 79.33, 'old': 60.92, 'new': 79.33}
2025-04-17 14:59:08,606 [trainer.py] => NME [Product]: {'total': 65.86, '00-12': 71.63, '13-25': 53.53, '26-38': 63.68, '39-51': 73.18, 'old': 63.56, 'new': 73.18}
2025-04-17 14:59:08,606 [trainer.py] => CNN [Product] top1 curve: [87.02, 76.98, 72.36, 65.33]
2025-04-17 14:59:08,606 [trainer.py] => CNN [Product] top5 curve: [99.04, 94.71, 91.9, 87.15]
2025-04-17 14:59:08,606 [trainer.py] => NME [Product] top1 curve: [88.94, 78.57, 72.54, 65.86]
2025-04-17 14:59:08,606 [trainer.py] => NME [Product] top5 curve: [98.56, 97.09, 93.84, 88.35]
2025-04-17 14:59:08,606 [trainer.py] => Average Accuracy [Product] (CNN): 75.4225
2025-04-17 14:59:08,606 [trainer.py] => Average Accuracy [Product] (NME): 76.47749999999999
2025-04-17 14:59:08,606 [trainer.py] => CNN [Real World]: {'total': 37.91, '00-12': 31.52, '13-25': 22.41, '26-38': 41.44, '39-51': 55.03, 'old': 31.91, 'new': 55.03}
2025-04-17 14:59:08,606 [trainer.py] => NME [Real World]: {'total': 40.38, '00-12': 34.78, '13-25': 23.56, '26-38': 50.28, '39-51': 51.85, 'old': 36.36, 'new': 51.85}
2025-04-17 14:59:08,606 [trainer.py] => CNN [Real World] top1 curve: [53.26, 41.62, 43.04, 37.91]
2025-04-17 14:59:08,607 [trainer.py] => CNN [Real World] top5 curve: [90.22, 74.58, 72.17, 65.8]
2025-04-17 14:59:08,607 [trainer.py] => NME [Real World] top1 curve: [53.8, 42.18, 44.9, 40.38]
2025-04-17 14:59:08,607 [trainer.py] => NME [Real World] top5 curve: [91.85, 76.54, 73.65, 67.31]
2025-04-17 14:59:08,607 [trainer.py] => Average Accuracy [Real World] (CNN): 43.957499999999996
2025-04-17 14:59:08,607 [trainer.py] => Average Accuracy [Real World] (NME): 45.315
2025-04-17 14:59:08,607 [trainer.py] => NME Harmonic Mean : 26.1652
2025-04-17 14:59:08,607 [trainer.py] => NME Macro Mean : 37.2625
2025-04-17 14:59:08,607 [trainer.py] => CNN Harmonic Mean : 25.1933
2025-04-17 14:59:08,607 [trainer.py] => CNN Macro Mean : 36.4825
2025-04-17 14:59:08,608 [trainer.py] => All params: 21351362
2025-04-17 14:59:08,609 [trainer.py] => Trainable params: 21351362
2025-04-17 14:59:08,611 [icarl.py] => Learning on 52-65
2025-04-17 14:59:29,386 [icarl.py] => Task 4, Epoch 1/200 => Loss 5.972, Loss_clf 2.947, Loss_kd 3.025, Train_accy 34.00, Test_accy {'Art': 7.89, 'Clipart': 7.61, 'Real World': 12.92, 'Product': 20.77}
2025-04-17 14:59:38,448 [icarl.py] => Task 4, Epoch 2/200 => Loss 5.340, Loss_clf 2.236, Loss_kd 3.104, Train_accy 40.06
2025-04-17 14:59:47,990 [icarl.py] => Task 4, Epoch 3/200 => Loss 4.838, Loss_clf 1.892, Loss_kd 2.945, Train_accy 48.05
2025-04-17 14:59:56,939 [icarl.py] => Task 4, Epoch 4/200 => Loss 4.549, Loss_clf 1.674, Loss_kd 2.875, Train_accy 52.80
2025-04-17 15:00:06,306 [icarl.py] => Task 4, Epoch 5/200 => Loss 4.364, Loss_clf 1.527, Loss_kd 2.837, Train_accy 56.81
2025-04-17 15:00:15,426 [icarl.py] => Task 4, Epoch 6/200 => Loss 4.137, Loss_clf 1.356, Loss_kd 2.781, Train_accy 61.49
2025-04-17 15:00:24,357 [icarl.py] => Task 4, Epoch 7/200 => Loss 3.980, Loss_clf 1.243, Loss_kd 2.737, Train_accy 64.15
2025-04-17 15:00:33,301 [icarl.py] => Task 4, Epoch 8/200 => Loss 3.898, Loss_clf 1.181, Loss_kd 2.717, Train_accy 66.98
2025-04-17 15:00:42,459 [icarl.py] => Task 4, Epoch 9/200 => Loss 3.683, Loss_clf 1.017, Loss_kd 2.666, Train_accy 70.38
2025-04-17 15:00:51,890 [icarl.py] => Task 4, Epoch 10/200 => Loss 3.590, Loss_clf 0.935, Loss_kd 2.655, Train_accy 73.08
2025-04-17 15:01:01,791 [icarl.py] => Task 4, Epoch 11/200 => Loss 3.543, Loss_clf 0.893, Loss_kd 2.650, Train_accy 74.39
2025-04-17 15:01:11,370 [icarl.py] => Task 4, Epoch 12/200 => Loss 3.428, Loss_clf 0.807, Loss_kd 2.621, Train_accy 76.79
2025-04-17 15:01:20,563 [icarl.py] => Task 4, Epoch 13/200 => Loss 3.303, Loss_clf 0.718, Loss_kd 2.585, Train_accy 79.01
2025-04-17 15:01:29,714 [icarl.py] => Task 4, Epoch 14/200 => Loss 3.378, Loss_clf 0.762, Loss_kd 2.616, Train_accy 77.86
2025-04-17 15:01:38,662 [icarl.py] => Task 4, Epoch 15/200 => Loss 3.301, Loss_clf 0.705, Loss_kd 2.596, Train_accy 79.31
2025-04-17 15:01:47,689 [icarl.py] => Task 4, Epoch 16/200 => Loss 3.195, Loss_clf 0.637, Loss_kd 2.558, Train_accy 82.31
2025-04-17 15:01:56,662 [icarl.py] => Task 4, Epoch 17/200 => Loss 3.140, Loss_clf 0.598, Loss_kd 2.541, Train_accy 82.61
2025-04-17 15:02:06,164 [icarl.py] => Task 4, Epoch 18/200 => Loss 3.146, Loss_clf 0.591, Loss_kd 2.556, Train_accy 83.36
2025-04-17 15:02:15,539 [icarl.py] => Task 4, Epoch 19/200 => Loss 3.126, Loss_clf 0.562, Loss_kd 2.564, Train_accy 84.94
2025-04-17 15:02:25,173 [icarl.py] => Task 4, Epoch 20/200 => Loss 3.121, Loss_clf 0.567, Loss_kd 2.553, Train_accy 84.13
2025-04-17 15:02:47,494 [icarl.py] => Task 4, Epoch 21/200 => Loss 3.111, Loss_clf 0.549, Loss_kd 2.562, Train_accy 84.50, Test_accy {'Art': 16.57, 'Clipart': 12.54, 'Real World': 22.72, 'Product': 35.08}
2025-04-17 15:02:56,831 [icarl.py] => Task 4, Epoch 22/200 => Loss 3.057, Loss_clf 0.515, Loss_kd 2.542, Train_accy 85.95
2025-04-17 15:03:05,770 [icarl.py] => Task 4, Epoch 23/200 => Loss 3.013, Loss_clf 0.493, Loss_kd 2.520, Train_accy 86.35
2025-04-17 15:03:14,682 [icarl.py] => Task 4, Epoch 24/200 => Loss 2.998, Loss_clf 0.479, Loss_kd 2.520, Train_accy 86.39
2025-04-17 15:03:23,697 [icarl.py] => Task 4, Epoch 25/200 => Loss 2.986, Loss_clf 0.471, Loss_kd 2.514, Train_accy 87.13
2025-04-17 15:03:32,870 [icarl.py] => Task 4, Epoch 26/200 => Loss 2.974, Loss_clf 0.462, Loss_kd 2.512, Train_accy 87.40
2025-04-17 15:03:42,332 [icarl.py] => Task 4, Epoch 27/200 => Loss 2.924, Loss_clf 0.434, Loss_kd 2.490, Train_accy 87.94
2025-04-17 15:03:51,806 [icarl.py] => Task 4, Epoch 28/200 => Loss 2.898, Loss_clf 0.424, Loss_kd 2.474, Train_accy 88.54
2025-04-17 15:04:00,943 [icarl.py] => Task 4, Epoch 29/200 => Loss 2.895, Loss_clf 0.387, Loss_kd 2.508, Train_accy 89.82
2025-04-17 15:04:09,956 [icarl.py] => Task 4, Epoch 30/200 => Loss 2.871, Loss_clf 0.383, Loss_kd 2.488, Train_accy 89.62
2025-04-17 15:04:19,366 [icarl.py] => Task 4, Epoch 31/200 => Loss 2.848, Loss_clf 0.361, Loss_kd 2.487, Train_accy 89.56
2025-04-17 15:04:28,692 [icarl.py] => Task 4, Epoch 32/200 => Loss 2.789, Loss_clf 0.327, Loss_kd 2.462, Train_accy 91.41
2025-04-17 15:04:37,878 [icarl.py] => Task 4, Epoch 33/200 => Loss 2.830, Loss_clf 0.354, Loss_kd 2.476, Train_accy 91.24
2025-04-17 15:04:46,873 [icarl.py] => Task 4, Epoch 34/200 => Loss 2.832, Loss_clf 0.356, Loss_kd 2.476, Train_accy 90.43
2025-04-17 15:04:55,905 [icarl.py] => Task 4, Epoch 35/200 => Loss 2.838, Loss_clf 0.361, Loss_kd 2.477, Train_accy 90.43
2025-04-17 15:05:05,235 [icarl.py] => Task 4, Epoch 36/200 => Loss 2.750, Loss_clf 0.301, Loss_kd 2.449, Train_accy 91.44
2025-04-17 15:05:14,320 [icarl.py] => Task 4, Epoch 37/200 => Loss 2.831, Loss_clf 0.363, Loss_kd 2.468, Train_accy 91.04
2025-04-17 15:05:23,709 [icarl.py] => Task 4, Epoch 38/200 => Loss 2.808, Loss_clf 0.352, Loss_kd 2.455, Train_accy 90.26
2025-04-17 15:05:32,881 [icarl.py] => Task 4, Epoch 39/200 => Loss 2.844, Loss_clf 0.366, Loss_kd 2.478, Train_accy 89.52
2025-04-17 15:05:42,074 [icarl.py] => Task 4, Epoch 40/200 => Loss 2.752, Loss_clf 0.290, Loss_kd 2.462, Train_accy 92.08
2025-04-17 15:06:03,453 [icarl.py] => Task 4, Epoch 41/200 => Loss 2.716, Loss_clf 0.295, Loss_kd 2.421, Train_accy 91.85, Test_accy {'Art': 18.74, 'Clipart': 14.89, 'Real World': 26.84, 'Product': 51.37}
2025-04-17 15:06:13,187 [icarl.py] => Task 4, Epoch 42/200 => Loss 2.729, Loss_clf 0.287, Loss_kd 2.442, Train_accy 92.52
2025-04-17 15:06:22,134 [icarl.py] => Task 4, Epoch 43/200 => Loss 2.772, Loss_clf 0.316, Loss_kd 2.456, Train_accy 92.18
2025-04-17 15:06:31,668 [icarl.py] => Task 4, Epoch 44/200 => Loss 2.833, Loss_clf 0.364, Loss_kd 2.469, Train_accy 89.99
2025-04-17 15:06:40,872 [icarl.py] => Task 4, Epoch 45/200 => Loss 2.803, Loss_clf 0.328, Loss_kd 2.476, Train_accy 91.11
2025-04-17 15:06:50,179 [icarl.py] => Task 4, Epoch 46/200 => Loss 2.735, Loss_clf 0.282, Loss_kd 2.453, Train_accy 92.52
2025-04-17 15:06:59,375 [icarl.py] => Task 4, Epoch 47/200 => Loss 2.746, Loss_clf 0.294, Loss_kd 2.452, Train_accy 91.91
2025-04-17 15:07:08,602 [icarl.py] => Task 4, Epoch 48/200 => Loss 2.750, Loss_clf 0.300, Loss_kd 2.450, Train_accy 91.95
2025-04-17 15:07:17,726 [icarl.py] => Task 4, Epoch 49/200 => Loss 2.726, Loss_clf 0.293, Loss_kd 2.433, Train_accy 91.95
2025-04-17 15:07:27,262 [icarl.py] => Task 4, Epoch 50/200 => Loss 2.697, Loss_clf 0.264, Loss_kd 2.433, Train_accy 93.46
2025-04-17 15:07:36,477 [icarl.py] => Task 4, Epoch 51/200 => Loss 2.691, Loss_clf 0.281, Loss_kd 2.411, Train_accy 92.32
2025-04-17 15:07:45,844 [icarl.py] => Task 4, Epoch 52/200 => Loss 2.663, Loss_clf 0.258, Loss_kd 2.405, Train_accy 93.70
2025-04-17 15:07:55,210 [icarl.py] => Task 4, Epoch 53/200 => Loss 2.667, Loss_clf 0.250, Loss_kd 2.417, Train_accy 93.53
2025-04-17 15:08:04,529 [icarl.py] => Task 4, Epoch 54/200 => Loss 2.667, Loss_clf 0.236, Loss_kd 2.431, Train_accy 93.36
2025-04-17 15:08:14,372 [icarl.py] => Task 4, Epoch 55/200 => Loss 2.670, Loss_clf 0.243, Loss_kd 2.427, Train_accy 93.56
2025-04-17 15:08:24,092 [icarl.py] => Task 4, Epoch 56/200 => Loss 2.663, Loss_clf 0.251, Loss_kd 2.412, Train_accy 93.40
2025-04-17 15:08:33,373 [icarl.py] => Task 4, Epoch 57/200 => Loss 2.663, Loss_clf 0.261, Loss_kd 2.403, Train_accy 93.23
2025-04-17 15:08:42,888 [icarl.py] => Task 4, Epoch 58/200 => Loss 2.649, Loss_clf 0.243, Loss_kd 2.406, Train_accy 94.00
2025-04-17 15:08:52,315 [icarl.py] => Task 4, Epoch 59/200 => Loss 2.647, Loss_clf 0.224, Loss_kd 2.423, Train_accy 93.56
2025-04-17 15:09:01,700 [icarl.py] => Task 4, Epoch 60/200 => Loss 2.676, Loss_clf 0.253, Loss_kd 2.423, Train_accy 92.69
2025-04-17 15:09:23,531 [icarl.py] => Task 4, Epoch 61/200 => Loss 2.695, Loss_clf 0.267, Loss_kd 2.428, Train_accy 92.89, Test_accy {'Art': 22.49, 'Clipart': 15.23, 'Real World': 28.95, 'Product': 50.93}
2025-04-17 15:09:32,716 [icarl.py] => Task 4, Epoch 62/200 => Loss 2.660, Loss_clf 0.246, Loss_kd 2.414, Train_accy 93.53
2025-04-17 15:09:41,507 [icarl.py] => Task 4, Epoch 63/200 => Loss 2.678, Loss_clf 0.252, Loss_kd 2.425, Train_accy 93.33
2025-04-17 15:09:50,955 [icarl.py] => Task 4, Epoch 64/200 => Loss 2.621, Loss_clf 0.215, Loss_kd 2.406, Train_accy 94.44
2025-04-17 15:10:00,274 [icarl.py] => Task 4, Epoch 65/200 => Loss 2.584, Loss_clf 0.199, Loss_kd 2.385, Train_accy 94.64
2025-04-17 15:10:09,687 [icarl.py] => Task 4, Epoch 66/200 => Loss 2.629, Loss_clf 0.217, Loss_kd 2.413, Train_accy 94.51
2025-04-17 15:10:18,866 [icarl.py] => Task 4, Epoch 67/200 => Loss 2.585, Loss_clf 0.200, Loss_kd 2.385, Train_accy 94.78
2025-04-17 15:10:27,928 [icarl.py] => Task 4, Epoch 68/200 => Loss 2.610, Loss_clf 0.221, Loss_kd 2.389, Train_accy 94.04
2025-04-17 15:10:36,870 [icarl.py] => Task 4, Epoch 69/200 => Loss 2.623, Loss_clf 0.231, Loss_kd 2.392, Train_accy 94.24
2025-04-17 15:10:46,183 [icarl.py] => Task 4, Epoch 70/200 => Loss 2.573, Loss_clf 0.186, Loss_kd 2.387, Train_accy 95.05
2025-04-17 15:10:55,627 [icarl.py] => Task 4, Epoch 71/200 => Loss 2.566, Loss_clf 0.192, Loss_kd 2.374, Train_accy 95.11
2025-04-17 15:11:05,390 [icarl.py] => Task 4, Epoch 72/200 => Loss 2.560, Loss_clf 0.189, Loss_kd 2.371, Train_accy 95.15
2025-04-17 15:11:14,710 [icarl.py] => Task 4, Epoch 73/200 => Loss 2.627, Loss_clf 0.222, Loss_kd 2.405, Train_accy 94.14
2025-04-17 15:11:24,255 [icarl.py] => Task 4, Epoch 74/200 => Loss 2.585, Loss_clf 0.193, Loss_kd 2.392, Train_accy 94.95
2025-04-17 15:11:33,615 [icarl.py] => Task 4, Epoch 75/200 => Loss 2.535, Loss_clf 0.169, Loss_kd 2.366, Train_accy 95.75
2025-04-17 15:11:43,115 [icarl.py] => Task 4, Epoch 76/200 => Loss 2.552, Loss_clf 0.167, Loss_kd 2.385, Train_accy 95.42
2025-04-17 15:11:52,318 [icarl.py] => Task 4, Epoch 77/200 => Loss 2.526, Loss_clf 0.159, Loss_kd 2.367, Train_accy 96.23
2025-04-17 15:12:01,654 [icarl.py] => Task 4, Epoch 78/200 => Loss 2.548, Loss_clf 0.177, Loss_kd 2.371, Train_accy 95.52
2025-04-17 15:12:11,106 [icarl.py] => Task 4, Epoch 79/200 => Loss 2.528, Loss_clf 0.164, Loss_kd 2.364, Train_accy 95.75
2025-04-17 15:12:20,580 [icarl.py] => Task 4, Epoch 80/200 => Loss 2.549, Loss_clf 0.182, Loss_kd 2.367, Train_accy 95.11
2025-04-17 15:12:41,829 [icarl.py] => Task 4, Epoch 81/200 => Loss 2.541, Loss_clf 0.170, Loss_kd 2.371, Train_accy 95.86, Test_accy {'Art': 19.33, 'Clipart': 15.12, 'Real World': 29.51, 'Product': 53.88}
2025-04-17 15:12:51,379 [icarl.py] => Task 4, Epoch 82/200 => Loss 2.549, Loss_clf 0.187, Loss_kd 2.362, Train_accy 95.11
2025-04-17 15:13:00,901 [icarl.py] => Task 4, Epoch 83/200 => Loss 2.545, Loss_clf 0.170, Loss_kd 2.374, Train_accy 95.79
2025-04-17 15:13:10,290 [icarl.py] => Task 4, Epoch 84/200 => Loss 2.581, Loss_clf 0.195, Loss_kd 2.386, Train_accy 94.71
2025-04-17 15:13:20,078 [icarl.py] => Task 4, Epoch 85/200 => Loss 2.527, Loss_clf 0.163, Loss_kd 2.363, Train_accy 95.69
2025-04-17 15:13:29,200 [icarl.py] => Task 4, Epoch 86/200 => Loss 2.520, Loss_clf 0.163, Loss_kd 2.356, Train_accy 95.59
2025-04-17 15:13:39,204 [icarl.py] => Task 4, Epoch 87/200 => Loss 2.541, Loss_clf 0.170, Loss_kd 2.371, Train_accy 95.72
2025-04-17 15:13:48,677 [icarl.py] => Task 4, Epoch 88/200 => Loss 2.511, Loss_clf 0.149, Loss_kd 2.362, Train_accy 96.26
2025-04-17 15:13:57,931 [icarl.py] => Task 4, Epoch 89/200 => Loss 2.512, Loss_clf 0.147, Loss_kd 2.365, Train_accy 96.29
2025-04-17 15:14:07,550 [icarl.py] => Task 4, Epoch 90/200 => Loss 2.455, Loss_clf 0.123, Loss_kd 2.332, Train_accy 96.56
2025-04-17 15:14:16,379 [icarl.py] => Task 4, Epoch 91/200 => Loss 2.482, Loss_clf 0.140, Loss_kd 2.342, Train_accy 96.80
2025-04-17 15:14:25,315 [icarl.py] => Task 4, Epoch 92/200 => Loss 2.500, Loss_clf 0.138, Loss_kd 2.363, Train_accy 96.60
2025-04-17 15:14:34,442 [icarl.py] => Task 4, Epoch 93/200 => Loss 2.489, Loss_clf 0.142, Loss_kd 2.347, Train_accy 96.29
2025-04-17 15:14:43,499 [icarl.py] => Task 4, Epoch 94/200 => Loss 2.468, Loss_clf 0.135, Loss_kd 2.333, Train_accy 96.33
2025-04-17 15:14:52,534 [icarl.py] => Task 4, Epoch 95/200 => Loss 2.498, Loss_clf 0.146, Loss_kd 2.352, Train_accy 96.36
2025-04-17 15:15:01,674 [icarl.py] => Task 4, Epoch 96/200 => Loss 2.469, Loss_clf 0.128, Loss_kd 2.341, Train_accy 96.53
2025-04-17 15:15:11,173 [icarl.py] => Task 4, Epoch 97/200 => Loss 2.494, Loss_clf 0.151, Loss_kd 2.343, Train_accy 96.06
2025-04-17 15:15:20,349 [icarl.py] => Task 4, Epoch 98/200 => Loss 2.456, Loss_clf 0.131, Loss_kd 2.325, Train_accy 96.63
2025-04-17 15:15:29,524 [icarl.py] => Task 4, Epoch 99/200 => Loss 2.467, Loss_clf 0.126, Loss_kd 2.341, Train_accy 97.00
2025-04-17 15:15:38,624 [icarl.py] => Task 4, Epoch 100/200 => Loss 2.451, Loss_clf 0.118, Loss_kd 2.333, Train_accy 97.30
2025-04-17 15:15:59,294 [icarl.py] => Task 4, Epoch 101/200 => Loss 2.493, Loss_clf 0.136, Loss_kd 2.357, Train_accy 96.70, Test_accy {'Art': 20.12, 'Clipart': 15.57, 'Real World': 32.07, 'Product': 56.5}
2025-04-17 15:16:08,478 [icarl.py] => Task 4, Epoch 102/200 => Loss 2.463, Loss_clf 0.128, Loss_kd 2.335, Train_accy 96.93
2025-04-17 15:16:17,707 [icarl.py] => Task 4, Epoch 103/200 => Loss 2.455, Loss_clf 0.120, Loss_kd 2.335, Train_accy 96.77
2025-04-17 15:16:26,891 [icarl.py] => Task 4, Epoch 104/200 => Loss 2.433, Loss_clf 0.110, Loss_kd 2.324, Train_accy 97.41
2025-04-17 15:16:36,221 [icarl.py] => Task 4, Epoch 105/200 => Loss 2.454, Loss_clf 0.128, Loss_kd 2.325, Train_accy 97.10
2025-04-17 15:16:45,614 [icarl.py] => Task 4, Epoch 106/200 => Loss 2.457, Loss_clf 0.120, Loss_kd 2.337, Train_accy 97.04
2025-04-17 15:16:54,738 [icarl.py] => Task 4, Epoch 107/200 => Loss 2.401, Loss_clf 0.097, Loss_kd 2.304, Train_accy 97.78
2025-04-17 15:17:03,969 [icarl.py] => Task 4, Epoch 108/200 => Loss 2.440, Loss_clf 0.116, Loss_kd 2.324, Train_accy 97.14
2025-04-17 15:17:13,345 [icarl.py] => Task 4, Epoch 109/200 => Loss 2.457, Loss_clf 0.120, Loss_kd 2.337, Train_accy 96.97
2025-04-17 15:17:22,757 [icarl.py] => Task 4, Epoch 110/200 => Loss 2.446, Loss_clf 0.120, Loss_kd 2.326, Train_accy 97.14
2025-04-17 15:17:32,675 [icarl.py] => Task 4, Epoch 111/200 => Loss 2.439, Loss_clf 0.117, Loss_kd 2.323, Train_accy 97.24
2025-04-17 15:17:41,821 [icarl.py] => Task 4, Epoch 112/200 => Loss 2.469, Loss_clf 0.128, Loss_kd 2.340, Train_accy 96.97
2025-04-17 15:17:51,857 [icarl.py] => Task 4, Epoch 113/200 => Loss 2.428, Loss_clf 0.103, Loss_kd 2.324, Train_accy 97.74
2025-04-17 15:18:01,523 [icarl.py] => Task 4, Epoch 114/200 => Loss 2.405, Loss_clf 0.097, Loss_kd 2.309, Train_accy 97.81
2025-04-17 15:18:10,572 [icarl.py] => Task 4, Epoch 115/200 => Loss 2.424, Loss_clf 0.099, Loss_kd 2.325, Train_accy 97.68
2025-04-17 15:18:19,642 [icarl.py] => Task 4, Epoch 116/200 => Loss 2.409, Loss_clf 0.096, Loss_kd 2.313, Train_accy 97.68
2025-04-17 15:18:29,010 [icarl.py] => Task 4, Epoch 117/200 => Loss 2.406, Loss_clf 0.103, Loss_kd 2.302, Train_accy 97.57
2025-04-17 15:18:38,441 [icarl.py] => Task 4, Epoch 118/200 => Loss 2.375, Loss_clf 0.083, Loss_kd 2.291, Train_accy 98.21
2025-04-17 15:18:47,935 [icarl.py] => Task 4, Epoch 119/200 => Loss 2.389, Loss_clf 0.088, Loss_kd 2.302, Train_accy 97.61
2025-04-17 15:18:57,576 [icarl.py] => Task 4, Epoch 120/200 => Loss 2.413, Loss_clf 0.090, Loss_kd 2.323, Train_accy 97.84
2025-04-17 15:19:19,203 [icarl.py] => Task 4, Epoch 121/200 => Loss 2.400, Loss_clf 0.097, Loss_kd 2.304, Train_accy 97.61, Test_accy {'Art': 21.7, 'Clipart': 15.9, 'Real World': 30.85, 'Product': 58.8}
2025-04-17 15:19:28,450 [icarl.py] => Task 4, Epoch 122/200 => Loss 2.418, Loss_clf 0.103, Loss_kd 2.315, Train_accy 97.71
2025-04-17 15:19:37,605 [icarl.py] => Task 4, Epoch 123/200 => Loss 2.389, Loss_clf 0.088, Loss_kd 2.301, Train_accy 98.01
2025-04-17 15:19:46,554 [icarl.py] => Task 4, Epoch 124/200 => Loss 2.390, Loss_clf 0.085, Loss_kd 2.305, Train_accy 98.05
2025-04-17 15:19:55,459 [icarl.py] => Task 4, Epoch 125/200 => Loss 2.397, Loss_clf 0.076, Loss_kd 2.321, Train_accy 98.11
2025-04-17 15:20:04,727 [icarl.py] => Task 4, Epoch 126/200 => Loss 2.361, Loss_clf 0.085, Loss_kd 2.276, Train_accy 97.88
2025-04-17 15:20:13,758 [icarl.py] => Task 4, Epoch 127/200 => Loss 2.364, Loss_clf 0.076, Loss_kd 2.288, Train_accy 98.28
2025-04-17 15:20:22,946 [icarl.py] => Task 4, Epoch 128/200 => Loss 2.341, Loss_clf 0.068, Loss_kd 2.273, Train_accy 98.65
2025-04-17 15:20:32,282 [icarl.py] => Task 4, Epoch 129/200 => Loss 2.364, Loss_clf 0.076, Loss_kd 2.288, Train_accy 98.42
2025-04-17 15:20:41,348 [icarl.py] => Task 4, Epoch 130/200 => Loss 2.369, Loss_clf 0.073, Loss_kd 2.297, Train_accy 98.25
2025-04-17 15:20:50,545 [icarl.py] => Task 4, Epoch 131/200 => Loss 2.391, Loss_clf 0.086, Loss_kd 2.305, Train_accy 97.98
2025-04-17 15:21:00,168 [icarl.py] => Task 4, Epoch 132/200 => Loss 2.345, Loss_clf 0.071, Loss_kd 2.274, Train_accy 98.32
2025-04-17 15:21:09,176 [icarl.py] => Task 4, Epoch 133/200 => Loss 2.367, Loss_clf 0.075, Loss_kd 2.292, Train_accy 98.25
2025-04-17 15:21:18,247 [icarl.py] => Task 4, Epoch 134/200 => Loss 2.387, Loss_clf 0.084, Loss_kd 2.303, Train_accy 98.18
2025-04-17 15:21:27,572 [icarl.py] => Task 4, Epoch 135/200 => Loss 2.379, Loss_clf 0.074, Loss_kd 2.305, Train_accy 98.32
2025-04-17 15:21:37,302 [icarl.py] => Task 4, Epoch 136/200 => Loss 2.336, Loss_clf 0.064, Loss_kd 2.272, Train_accy 98.62
2025-04-17 15:21:46,584 [icarl.py] => Task 4, Epoch 137/200 => Loss 2.370, Loss_clf 0.071, Loss_kd 2.300, Train_accy 98.25
2025-04-17 15:21:56,129 [icarl.py] => Task 4, Epoch 138/200 => Loss 2.358, Loss_clf 0.066, Loss_kd 2.292, Train_accy 98.52
2025-04-17 15:22:05,735 [icarl.py] => Task 4, Epoch 139/200 => Loss 2.354, Loss_clf 0.064, Loss_kd 2.290, Train_accy 98.79
2025-04-17 15:22:15,271 [icarl.py] => Task 4, Epoch 140/200 => Loss 2.324, Loss_clf 0.057, Loss_kd 2.267, Train_accy 98.72
2025-04-17 15:22:36,966 [icarl.py] => Task 4, Epoch 141/200 => Loss 2.361, Loss_clf 0.072, Loss_kd 2.289, Train_accy 98.11, Test_accy {'Art': 20.51, 'Clipart': 15.57, 'Real World': 33.52, 'Product': 60.11}
2025-04-17 15:22:46,539 [icarl.py] => Task 4, Epoch 142/200 => Loss 2.360, Loss_clf 0.064, Loss_kd 2.296, Train_accy 98.55
2025-04-17 15:22:56,502 [icarl.py] => Task 4, Epoch 143/200 => Loss 2.347, Loss_clf 0.069, Loss_kd 2.278, Train_accy 98.48
2025-04-17 15:23:05,610 [icarl.py] => Task 4, Epoch 144/200 => Loss 2.356, Loss_clf 0.068, Loss_kd 2.288, Train_accy 98.15
2025-04-17 15:23:14,728 [icarl.py] => Task 4, Epoch 145/200 => Loss 2.353, Loss_clf 0.065, Loss_kd 2.288, Train_accy 98.72
2025-04-17 15:23:23,766 [icarl.py] => Task 4, Epoch 146/200 => Loss 2.381, Loss_clf 0.080, Loss_kd 2.300, Train_accy 98.21
2025-04-17 15:23:33,273 [icarl.py] => Task 4, Epoch 147/200 => Loss 2.338, Loss_clf 0.064, Loss_kd 2.275, Train_accy 98.85
2025-04-17 15:23:42,599 [icarl.py] => Task 4, Epoch 148/200 => Loss 2.346, Loss_clf 0.070, Loss_kd 2.276, Train_accy 98.38
2025-04-17 15:23:51,806 [icarl.py] => Task 4, Epoch 149/200 => Loss 2.327, Loss_clf 0.055, Loss_kd 2.272, Train_accy 98.79
2025-04-17 15:24:01,520 [icarl.py] => Task 4, Epoch 150/200 => Loss 2.338, Loss_clf 0.064, Loss_kd 2.273, Train_accy 98.69
2025-04-17 15:24:10,619 [icarl.py] => Task 4, Epoch 151/200 => Loss 2.329, Loss_clf 0.054, Loss_kd 2.276, Train_accy 98.92
2025-04-17 15:24:19,867 [icarl.py] => Task 4, Epoch 152/200 => Loss 2.320, Loss_clf 0.054, Loss_kd 2.266, Train_accy 99.06
2025-04-17 15:24:28,959 [icarl.py] => Task 4, Epoch 153/200 => Loss 2.338, Loss_clf 0.058, Loss_kd 2.280, Train_accy 98.69
2025-04-17 15:24:38,122 [icarl.py] => Task 4, Epoch 154/200 => Loss 2.342, Loss_clf 0.063, Loss_kd 2.280, Train_accy 98.69
2025-04-17 15:24:46,986 [icarl.py] => Task 4, Epoch 155/200 => Loss 2.336, Loss_clf 0.062, Loss_kd 2.274, Train_accy 98.69
2025-04-17 15:24:56,360 [icarl.py] => Task 4, Epoch 156/200 => Loss 2.322, Loss_clf 0.056, Loss_kd 2.266, Train_accy 98.82
2025-04-17 15:25:05,444 [icarl.py] => Task 4, Epoch 157/200 => Loss 2.336, Loss_clf 0.055, Loss_kd 2.281, Train_accy 98.89
2025-04-17 15:25:14,307 [icarl.py] => Task 4, Epoch 158/200 => Loss 2.327, Loss_clf 0.061, Loss_kd 2.266, Train_accy 98.65
2025-04-17 15:25:23,331 [icarl.py] => Task 4, Epoch 159/200 => Loss 2.302, Loss_clf 0.047, Loss_kd 2.255, Train_accy 98.99
2025-04-17 15:25:32,685 [icarl.py] => Task 4, Epoch 160/200 => Loss 2.366, Loss_clf 0.069, Loss_kd 2.297, Train_accy 98.32
2025-04-17 15:25:52,969 [icarl.py] => Task 4, Epoch 161/200 => Loss 2.341, Loss_clf 0.057, Loss_kd 2.284, Train_accy 98.96, Test_accy {'Art': 20.71, 'Clipart': 16.91, 'Real World': 32.74, 'Product': 59.45}
2025-04-17 15:26:01,635 [icarl.py] => Task 4, Epoch 162/200 => Loss 2.333, Loss_clf 0.050, Loss_kd 2.283, Train_accy 98.99
2025-04-17 15:26:10,491 [icarl.py] => Task 4, Epoch 163/200 => Loss 2.345, Loss_clf 0.056, Loss_kd 2.289, Train_accy 98.82
2025-04-17 15:26:19,993 [icarl.py] => Task 4, Epoch 164/200 => Loss 2.329, Loss_clf 0.052, Loss_kd 2.277, Train_accy 98.89
2025-04-17 15:26:28,842 [icarl.py] => Task 4, Epoch 165/200 => Loss 2.342, Loss_clf 0.069, Loss_kd 2.273, Train_accy 98.38
2025-04-17 15:26:37,445 [icarl.py] => Task 4, Epoch 166/200 => Loss 2.331, Loss_clf 0.061, Loss_kd 2.270, Train_accy 98.82
2025-04-17 15:26:46,521 [icarl.py] => Task 4, Epoch 167/200 => Loss 2.327, Loss_clf 0.050, Loss_kd 2.277, Train_accy 98.89
2025-04-17 15:26:55,986 [icarl.py] => Task 4, Epoch 168/200 => Loss 2.326, Loss_clf 0.052, Loss_kd 2.275, Train_accy 99.02
2025-04-17 15:27:05,391 [icarl.py] => Task 4, Epoch 169/200 => Loss 2.315, Loss_clf 0.055, Loss_kd 2.260, Train_accy 98.96
2025-04-17 15:27:14,977 [icarl.py] => Task 4, Epoch 170/200 => Loss 2.330, Loss_clf 0.056, Loss_kd 2.274, Train_accy 98.85
2025-04-17 15:27:24,182 [icarl.py] => Task 4, Epoch 171/200 => Loss 2.321, Loss_clf 0.048, Loss_kd 2.272, Train_accy 98.99
2025-04-17 15:27:33,581 [icarl.py] => Task 4, Epoch 172/200 => Loss 2.325, Loss_clf 0.054, Loss_kd 2.270, Train_accy 98.99
2025-04-17 15:27:43,139 [icarl.py] => Task 4, Epoch 173/200 => Loss 2.343, Loss_clf 0.055, Loss_kd 2.287, Train_accy 98.96
2025-04-17 15:27:53,015 [icarl.py] => Task 4, Epoch 174/200 => Loss 2.322, Loss_clf 0.055, Loss_kd 2.267, Train_accy 98.65
2025-04-17 15:28:02,169 [icarl.py] => Task 4, Epoch 175/200 => Loss 2.320, Loss_clf 0.053, Loss_kd 2.268, Train_accy 99.09
2025-04-17 15:28:11,440 [icarl.py] => Task 4, Epoch 176/200 => Loss 2.342, Loss_clf 0.062, Loss_kd 2.281, Train_accy 98.72
2025-04-17 15:28:20,775 [icarl.py] => Task 4, Epoch 177/200 => Loss 2.317, Loss_clf 0.050, Loss_kd 2.267, Train_accy 99.09
2025-04-17 15:28:30,013 [icarl.py] => Task 4, Epoch 178/200 => Loss 2.347, Loss_clf 0.061, Loss_kd 2.286, Train_accy 99.02
2025-04-17 15:28:39,857 [icarl.py] => Task 4, Epoch 179/200 => Loss 2.330, Loss_clf 0.054, Loss_kd 2.275, Train_accy 98.89
2025-04-17 15:28:49,711 [icarl.py] => Task 4, Epoch 180/200 => Loss 2.314, Loss_clf 0.048, Loss_kd 2.266, Train_accy 98.99
2025-04-17 15:29:11,007 [icarl.py] => Task 4, Epoch 181/200 => Loss 2.343, Loss_clf 0.059, Loss_kd 2.284, Train_accy 98.75, Test_accy {'Art': 21.3, 'Clipart': 16.24, 'Real World': 34.97, 'Product': 60.55}
2025-04-17 15:29:20,420 [icarl.py] => Task 4, Epoch 182/200 => Loss 2.304, Loss_clf 0.048, Loss_kd 2.256, Train_accy 98.96
2025-04-17 15:29:29,920 [icarl.py] => Task 4, Epoch 183/200 => Loss 2.312, Loss_clf 0.049, Loss_kd 2.263, Train_accy 99.02
2025-04-17 15:29:39,239 [icarl.py] => Task 4, Epoch 184/200 => Loss 2.333, Loss_clf 0.060, Loss_kd 2.273, Train_accy 98.75
2025-04-17 15:29:48,610 [icarl.py] => Task 4, Epoch 185/200 => Loss 2.314, Loss_clf 0.052, Loss_kd 2.262, Train_accy 98.89
2025-04-17 15:29:57,762 [icarl.py] => Task 4, Epoch 186/200 => Loss 2.323, Loss_clf 0.051, Loss_kd 2.271, Train_accy 98.99
2025-04-17 15:30:07,034 [icarl.py] => Task 4, Epoch 187/200 => Loss 2.299, Loss_clf 0.048, Loss_kd 2.251, Train_accy 99.16
2025-04-17 15:30:17,158 [icarl.py] => Task 4, Epoch 188/200 => Loss 2.308, Loss_clf 0.051, Loss_kd 2.257, Train_accy 99.19
2025-04-17 15:30:27,049 [icarl.py] => Task 4, Epoch 189/200 => Loss 2.352, Loss_clf 0.059, Loss_kd 2.293, Train_accy 99.02
2025-04-17 15:30:36,659 [icarl.py] => Task 4, Epoch 190/200 => Loss 2.308, Loss_clf 0.048, Loss_kd 2.259, Train_accy 99.09
2025-04-17 15:30:46,099 [icarl.py] => Task 4, Epoch 191/200 => Loss 2.336, Loss_clf 0.051, Loss_kd 2.285, Train_accy 98.92
2025-04-17 15:30:55,361 [icarl.py] => Task 4, Epoch 192/200 => Loss 2.334, Loss_clf 0.052, Loss_kd 2.282, Train_accy 98.79
2025-04-17 15:31:04,820 [icarl.py] => Task 4, Epoch 193/200 => Loss 2.320, Loss_clf 0.042, Loss_kd 2.277, Train_accy 99.19
2025-04-17 15:31:14,530 [icarl.py] => Task 4, Epoch 194/200 => Loss 2.317, Loss_clf 0.049, Loss_kd 2.268, Train_accy 99.06
2025-04-17 15:31:23,704 [icarl.py] => Task 4, Epoch 195/200 => Loss 2.303, Loss_clf 0.044, Loss_kd 2.260, Train_accy 99.02
2025-04-17 15:31:32,797 [icarl.py] => Task 4, Epoch 196/200 => Loss 2.318, Loss_clf 0.056, Loss_kd 2.262, Train_accy 98.89
2025-04-17 15:31:42,586 [icarl.py] => Task 4, Epoch 197/200 => Loss 2.317, Loss_clf 0.048, Loss_kd 2.269, Train_accy 99.09
2025-04-17 15:31:51,714 [icarl.py] => Task 4, Epoch 198/200 => Loss 2.322, Loss_clf 0.048, Loss_kd 2.274, Train_accy 98.99
2025-04-17 15:32:01,314 [icarl.py] => Task 4, Epoch 199/200 => Loss 2.326, Loss_clf 0.046, Loss_kd 2.281, Train_accy 98.89
2025-04-17 15:32:10,450 [icarl.py] => Task 4, Epoch 200/200 => Loss 2.303, Loss_clf 0.040, Loss_kd 2.263, Train_accy 99.26
2025-04-17 15:32:10,451 [base.py] => Reducing exemplars...(20 per classes)
2025-04-17 15:32:37,574 [base.py] => Constructing exemplars...(20 per classes)
2025-04-17 15:33:26,580 [icarl.py] => Exemplar size: 1300
2025-04-17 15:33:27,352 [trainer.py] => CNN [Art]: {'total': 21.3, '00-12': 20.43, '13-25': 14.94, '26-38': 10.09, '39-51': 14.75, '52-64': 48.96, 'old': 14.84, 'new': 48.96}
2025-04-17 15:33:27,352 [trainer.py] => NME [Art]: {'total': 23.47, '00-12': 25.81, '13-25': 14.94, '26-38': 15.6, '39-51': 18.03, '52-64': 44.79, 'old': 18.49, 'new': 44.79}
2025-04-17 15:33:27,352 [trainer.py] => CNN [Art] top1 curve: [49.46, 33.89, 30.1, 24.82, 21.3]
2025-04-17 15:33:27,352 [trainer.py] => CNN [Art] top5 curve: [78.49, 66.11, 56.06, 49.88, 46.15]
2025-04-17 15:33:27,352 [trainer.py] => NME [Art] top1 curve: [53.76, 40.56, 31.49, 24.09, 23.47]
2025-04-17 15:33:27,353 [trainer.py] => NME [Art] top5 curve: [80.65, 65.56, 56.4, 48.91, 46.94]
2025-04-17 15:33:27,353 [trainer.py] => Average Accuracy [Art] (CNN): 31.913999999999998
2025-04-17 15:33:27,353 [trainer.py] => Average Accuracy [Art] (NME): 34.674
2025-04-17 15:33:27,353 [trainer.py] => CNN [Clipart]: {'total': 16.57, '00-12': 14.04, '13-25': 9.29, '26-38': 12.27, '39-51': 22.1, '52-64': 24.47, 'old': 14.47, 'new': 24.47}
2025-04-17 15:33:27,353 [trainer.py] => NME [Clipart]: {'total': 16.69, '00-12': 16.85, '13-25': 10.38, '26-38': 12.88, '39-51': 24.31, '52-64': 18.62, 'old': 16.17, 'new': 18.62}
2025-04-17 15:33:27,353 [trainer.py] => CNN [Clipart] top1 curve: [36.52, 21.88, 19.08, 17.87, 16.57]
2025-04-17 15:33:27,353 [trainer.py] => CNN [Clipart] top5 curve: [67.42, 49.31, 41.6, 38.72, 36.62]
2025-04-17 15:33:27,353 [trainer.py] => NME [Clipart] top1 curve: [36.52, 20.5, 18.51, 18.72, 16.69]
2025-04-17 15:33:27,353 [trainer.py] => NME [Clipart] top5 curve: [69.1, 50.69, 42.37, 41.84, 37.74]
2025-04-17 15:33:27,353 [trainer.py] => Average Accuracy [Clipart] (CNN): 22.384
2025-04-17 15:33:27,353 [trainer.py] => Average Accuracy [Clipart] (NME): 22.188
2025-04-17 15:33:27,353 [trainer.py] => CNN [Product]: {'total': 61.09, '00-12': 64.9, '13-25': 45.88, '26-38': 52.11, '39-51': 60.34, '52-64': 82.74, 'old': 56.22, 'new': 82.74}
2025-04-17 15:33:27,353 [trainer.py] => NME [Product]: {'total': 63.28, '00-12': 67.31, '13-25': 49.41, '26-38': 61.05, '39-51': 62.01, '52-64': 76.19, 'old': 60.37, 'new': 76.19}
2025-04-17 15:33:27,353 [trainer.py] => CNN [Product] top1 curve: [87.02, 76.98, 72.36, 65.33, 61.09]
2025-04-17 15:33:27,353 [trainer.py] => CNN [Product] top5 curve: [99.04, 94.71, 91.9, 87.15, 83.39]
2025-04-17 15:33:27,354 [trainer.py] => NME [Product] top1 curve: [88.94, 78.57, 72.54, 65.86, 63.28]
2025-04-17 15:33:27,354 [trainer.py] => NME [Product] top5 curve: [98.56, 97.09, 93.84, 88.35, 84.26]
2025-04-17 15:33:27,354 [trainer.py] => Average Accuracy [Product] (CNN): 72.556
2025-04-17 15:33:27,354 [trainer.py] => Average Accuracy [Product] (NME): 73.838
2025-04-17 15:33:27,354 [trainer.py] => CNN [Real World]: {'total': 34.97, '00-12': 28.26, '13-25': 15.52, '26-38': 32.04, '39-51': 37.04, '52-64': 62.94, 'old': 28.43, 'new': 62.94}
2025-04-17 15:33:27,354 [trainer.py] => NME [Real World]: {'total': 36.97, '00-12': 34.24, '13-25': 17.24, '26-38': 39.23, '39-51': 40.74, '52-64': 53.53, 'old': 33.1, 'new': 53.53}
2025-04-17 15:33:27,354 [trainer.py] => CNN [Real World] top1 curve: [53.26, 41.62, 43.04, 37.91, 34.97]
2025-04-17 15:33:27,354 [trainer.py] => CNN [Real World] top5 curve: [90.22, 74.58, 72.17, 65.8, 61.58]
2025-04-17 15:33:27,354 [trainer.py] => NME [Real World] top1 curve: [53.8, 42.18, 44.9, 40.38, 36.97]
2025-04-17 15:33:27,354 [trainer.py] => NME [Real World] top5 curve: [91.85, 76.54, 73.65, 67.31, 61.14]
2025-04-17 15:33:27,354 [trainer.py] => Average Accuracy [Real World] (CNN): 42.16
2025-04-17 15:33:27,354 [trainer.py] => Average Accuracy [Real World] (NME): 43.646
2025-04-17 15:33:27,354 [trainer.py] => NME Harmonic Mean : 23.7630
2025-04-17 15:33:27,354 [trainer.py] => NME Macro Mean : 35.1025
2025-04-17 15:33:27,354 [trainer.py] => CNN Harmonic Mean : 23.2795
2025-04-17 15:33:27,354 [trainer.py] => CNN Macro Mean : 33.4825
2025-04-17 15:33:27,355 [trainer.py] => Forgetting (CNN) [Art]: 23.8375
2025-04-17 15:33:27,356 [trainer.py] => Forgetting (CNN) [Clipart]: 13.21
2025-04-17 15:33:27,357 [trainer.py] => Forgetting (CNN) [Product]: 24.129999999999992
2025-04-17 15:33:27,357 [trainer.py] => Forgetting (CNN) [Real World]: 22.555
2025-04-17 15:33:27,357 [trainer.py] => Forgetting (NME) [Art]: 20.7725
2025-04-17 15:33:27,357 [trainer.py] => Forgetting (NME) [Clipart]: 9.247499999999999
2025-04-17 15:33:27,358 [trainer.py] => Forgetting (NME) [Product]: 17.442500000000003
2025-04-17 15:33:27,358 [trainer.py] => Forgetting (NME) [Real World]: 16.799999999999997
'13_clipart_art_top1':[49.46, 33.89, 30.1, 24.82, 21.3],
'13_clipart_art_top5':[78.49, 66.11, 56.06, 49.88, 46.15],
'13_clipart_clipart_top1':[36.52, 21.88, 19.08, 17.87, 16.57],
'13_clipart_clipart_top5':[67.42, 49.31, 41.6, 38.72, 36.62],
'13_clipart_product_top1':[87.02, 76.98, 72.36, 65.33, 61.09],
'13_clipart_product_top5':[99.04, 94.71, 91.9, 87.15, 83.39],
'13_clipart_real world_top1':[53.26, 41.62, 43.04, 37.91, 34.97],
'13_clipart_real world_top5':[90.22, 74.58, 72.17, 65.8, 61.58],
