2025-04-17 12:58:09,866 [trainer.py] => config: ./exps/icarl.json
2025-04-17 12:58:09,866 [trainer.py] => prefix: reproduce
2025-04-17 12:58:09,866 [trainer.py] => dataset: officehome
2025-04-17 12:58:09,866 [trainer.py] => device: [device(type='cuda', index=3)]
2025-04-17 12:58:09,866 [trainer.py] => use_rm: False
2025-04-17 12:58:09,866 [trainer.py] => topk: 5
2025-04-17 12:58:09,866 [trainer.py] => augmentation: False
2025-04-17 12:58:09,866 [trainer.py] => refinement: False
2025-04-17 12:58:09,866 [trainer.py] => flat: False
2025-04-17 12:58:09,866 [trainer.py] => P: 0.2
2025-04-17 12:58:09,866 [trainer.py] => N: 5
2025-04-17 12:58:09,866 [trainer.py] => random_times: 10
2025-04-17 12:58:09,866 [trainer.py] => random_weight: 0.1
2025-04-17 12:58:09,866 [trainer.py] => batch_size: 64
2025-04-17 12:58:09,866 [trainer.py] => init_epoch: 200
2025-04-17 12:58:09,866 [trainer.py] => epochs: 200
2025-04-17 12:58:09,867 [trainer.py] => memory_size: 1300
2025-04-17 12:58:09,867 [trainer.py] => memory_per_class: 20
2025-04-17 12:58:09,867 [trainer.py] => learning_rate: 0.1
2025-04-17 12:58:09,867 [trainer.py] => init_weight_decay: 0.0005
2025-04-17 12:58:09,867 [trainer.py] => weight_decay: 0.0002
2025-04-17 12:58:09,867 [trainer.py] => T: 2
2025-04-17 12:58:09,867 [trainer.py] => num_workers: 4
2025-04-17 12:58:09,867 [trainer.py] => fixed_memory: False
2025-04-17 12:58:09,867 [trainer.py] => shuffle: True
2025-04-17 12:58:09,867 [trainer.py] => init_cls: 13
2025-04-17 12:58:09,867 [trainer.py] => increment: 13
2025-04-17 12:58:09,867 [trainer.py] => model_name: icarl
2025-04-17 12:58:09,867 [trainer.py] => convnet_type: resnet34
2025-04-17 12:58:09,867 [trainer.py] => seed: 1993
2025-04-17 12:58:09,867 [trainer.py] => source_domain: ['Art', 'Clipart', 'Real World']
2025-04-17 12:58:09,867 [trainer.py] => target_domain: Product
2025-04-17 12:58:09,867 [trainer.py] => resume: False
2025-04-17 12:58:09,913 [data_manager.py] => [22, 56, 44, 45, 13, 8, 23, 54, 35, 52, 34, 61, 16, 6, 55, 20, 14, 38, 17, 63, 42, 10, 59, 43, 24, 2, 62, 21, 1, 15, 0, 37, 53, 27, 18, 46, 12, 25, 40, 30, 19, 47, 26, 36, 7, 28, 11, 5, 32, 41, 50, 4, 51, 58, 9, 60, 39, 31, 48, 3, 29, 64, 49, 57, 33]
2025-04-17 12:58:10,542 [trainer.py] => Training from scratch
2025-04-17 12:58:10,543 [trainer.py] => All params: 21284672
2025-04-17 12:58:10,543 [trainer.py] => Trainable params: 21284672
2025-04-17 12:58:10,544 [icarl.py] => Learning on 0-13
2025-04-17 12:58:20,985 [icarl.py] => Task 0, Epoch 1/200 => Loss 6.337, Loss_clf 6.337, Train_accy 11.30, Test_accy {'Art': 9.68, 'Clipart': 4.49, 'Real World': 9.24, 'Product': 4.33}
2025-04-17 12:58:26,428 [icarl.py] => Task 0, Epoch 2/200 => Loss 2.831, Loss_clf 2.831, Train_accy 11.35
2025-04-17 12:58:31,890 [icarl.py] => Task 0, Epoch 3/200 => Loss 2.515, Loss_clf 2.515, Train_accy 14.28
2025-04-17 12:58:37,198 [icarl.py] => Task 0, Epoch 4/200 => Loss 2.489, Loss_clf 2.489, Train_accy 15.48
2025-04-17 12:58:42,533 [icarl.py] => Task 0, Epoch 5/200 => Loss 2.414, Loss_clf 2.414, Train_accy 17.49
2025-04-17 12:58:48,087 [icarl.py] => Task 0, Epoch 6/200 => Loss 2.409, Loss_clf 2.409, Train_accy 19.61
2025-04-17 12:58:53,784 [icarl.py] => Task 0, Epoch 7/200 => Loss 2.365, Loss_clf 2.365, Train_accy 19.38
2025-04-17 12:58:59,113 [icarl.py] => Task 0, Epoch 8/200 => Loss 2.343, Loss_clf 2.343, Train_accy 21.90
2025-04-17 12:59:04,445 [icarl.py] => Task 0, Epoch 9/200 => Loss 2.301, Loss_clf 2.301, Train_accy 23.22
2025-04-17 12:59:09,887 [icarl.py] => Task 0, Epoch 10/200 => Loss 2.287, Loss_clf 2.287, Train_accy 24.31
2025-04-17 12:59:15,379 [icarl.py] => Task 0, Epoch 11/200 => Loss 2.264, Loss_clf 2.264, Train_accy 25.63
2025-04-17 12:59:20,673 [icarl.py] => Task 0, Epoch 12/200 => Loss 2.222, Loss_clf 2.222, Train_accy 26.38
2025-04-17 12:59:25,927 [icarl.py] => Task 0, Epoch 13/200 => Loss 2.173, Loss_clf 2.173, Train_accy 27.52
2025-04-17 12:59:31,188 [icarl.py] => Task 0, Epoch 14/200 => Loss 2.182, Loss_clf 2.182, Train_accy 28.27
2025-04-17 12:59:36,379 [icarl.py] => Task 0, Epoch 15/200 => Loss 2.158, Loss_clf 2.158, Train_accy 29.24
2025-04-17 12:59:41,823 [icarl.py] => Task 0, Epoch 16/200 => Loss 2.122, Loss_clf 2.122, Train_accy 30.16
2025-04-17 12:59:47,375 [icarl.py] => Task 0, Epoch 17/200 => Loss 2.102, Loss_clf 2.102, Train_accy 29.76
2025-04-17 12:59:52,739 [icarl.py] => Task 0, Epoch 18/200 => Loss 2.058, Loss_clf 2.058, Train_accy 31.59
2025-04-17 12:59:58,153 [icarl.py] => Task 0, Epoch 19/200 => Loss 2.071, Loss_clf 2.071, Train_accy 31.88
2025-04-17 13:00:03,598 [icarl.py] => Task 0, Epoch 20/200 => Loss 2.040, Loss_clf 2.040, Train_accy 30.91
2025-04-17 13:00:13,536 [icarl.py] => Task 0, Epoch 21/200 => Loss 2.036, Loss_clf 2.036, Train_accy 32.86, Test_accy {'Art': 22.58, 'Clipart': 30.34, 'Real World': 29.89, 'Product': 26.44}
2025-04-17 13:00:18,896 [icarl.py] => Task 0, Epoch 22/200 => Loss 2.040, Loss_clf 2.040, Train_accy 32.00
2025-04-17 13:00:24,436 [icarl.py] => Task 0, Epoch 23/200 => Loss 1.993, Loss_clf 1.993, Train_accy 34.92
2025-04-17 13:00:29,917 [icarl.py] => Task 0, Epoch 24/200 => Loss 1.977, Loss_clf 1.977, Train_accy 34.98
2025-04-17 13:00:35,181 [icarl.py] => Task 0, Epoch 25/200 => Loss 1.966, Loss_clf 1.966, Train_accy 35.55
2025-04-17 13:00:40,500 [icarl.py] => Task 0, Epoch 26/200 => Loss 1.933, Loss_clf 1.933, Train_accy 37.27
2025-04-17 13:00:45,943 [icarl.py] => Task 0, Epoch 27/200 => Loss 1.936, Loss_clf 1.936, Train_accy 35.89
2025-04-17 13:00:51,316 [icarl.py] => Task 0, Epoch 28/200 => Loss 1.898, Loss_clf 1.898, Train_accy 38.02
2025-04-17 13:00:56,711 [icarl.py] => Task 0, Epoch 29/200 => Loss 1.892, Loss_clf 1.892, Train_accy 37.56
2025-04-17 13:01:02,188 [icarl.py] => Task 0, Epoch 30/200 => Loss 1.873, Loss_clf 1.873, Train_accy 37.79
2025-04-17 13:01:07,677 [icarl.py] => Task 0, Epoch 31/200 => Loss 1.780, Loss_clf 1.780, Train_accy 40.19
2025-04-17 13:01:13,009 [icarl.py] => Task 0, Epoch 32/200 => Loss 1.778, Loss_clf 1.778, Train_accy 39.85
2025-04-17 13:01:18,564 [icarl.py] => Task 0, Epoch 33/200 => Loss 1.771, Loss_clf 1.771, Train_accy 40.65
2025-04-17 13:01:24,330 [icarl.py] => Task 0, Epoch 34/200 => Loss 1.805, Loss_clf 1.805, Train_accy 39.85
2025-04-17 13:01:29,997 [icarl.py] => Task 0, Epoch 35/200 => Loss 1.769, Loss_clf 1.769, Train_accy 41.63
2025-04-17 13:01:35,636 [icarl.py] => Task 0, Epoch 36/200 => Loss 1.708, Loss_clf 1.708, Train_accy 42.60
2025-04-17 13:01:41,057 [icarl.py] => Task 0, Epoch 37/200 => Loss 1.743, Loss_clf 1.743, Train_accy 42.09
2025-04-17 13:01:46,378 [icarl.py] => Task 0, Epoch 38/200 => Loss 1.733, Loss_clf 1.733, Train_accy 43.69
2025-04-17 13:01:51,954 [icarl.py] => Task 0, Epoch 39/200 => Loss 1.675, Loss_clf 1.675, Train_accy 44.38
2025-04-17 13:01:57,407 [icarl.py] => Task 0, Epoch 40/200 => Loss 1.615, Loss_clf 1.615, Train_accy 46.33
2025-04-17 13:02:07,109 [icarl.py] => Task 0, Epoch 41/200 => Loss 1.617, Loss_clf 1.617, Train_accy 46.62, Test_accy {'Art': 27.96, 'Clipart': 52.25, 'Real World': 38.59, 'Product': 40.38}
2025-04-17 13:02:12,550 [icarl.py] => Task 0, Epoch 42/200 => Loss 1.714, Loss_clf 1.714, Train_accy 43.52
2025-04-17 13:02:18,078 [icarl.py] => Task 0, Epoch 43/200 => Loss 1.614, Loss_clf 1.614, Train_accy 47.08
2025-04-17 13:02:23,556 [icarl.py] => Task 0, Epoch 44/200 => Loss 1.606, Loss_clf 1.606, Train_accy 47.71
2025-04-17 13:02:29,019 [icarl.py] => Task 0, Epoch 45/200 => Loss 1.607, Loss_clf 1.607, Train_accy 47.08
2025-04-17 13:02:34,470 [icarl.py] => Task 0, Epoch 46/200 => Loss 1.588, Loss_clf 1.588, Train_accy 48.39
2025-04-17 13:02:40,024 [icarl.py] => Task 0, Epoch 47/200 => Loss 1.548, Loss_clf 1.548, Train_accy 48.39
2025-04-17 13:02:45,446 [icarl.py] => Task 0, Epoch 48/200 => Loss 1.540, Loss_clf 1.540, Train_accy 50.06
2025-04-17 13:02:51,284 [icarl.py] => Task 0, Epoch 49/200 => Loss 1.512, Loss_clf 1.512, Train_accy 48.85
2025-04-17 13:02:56,750 [icarl.py] => Task 0, Epoch 50/200 => Loss 1.467, Loss_clf 1.467, Train_accy 51.61
2025-04-17 13:03:02,237 [icarl.py] => Task 0, Epoch 51/200 => Loss 1.469, Loss_clf 1.469, Train_accy 51.49
2025-04-17 13:03:07,774 [icarl.py] => Task 0, Epoch 52/200 => Loss 1.445, Loss_clf 1.445, Train_accy 52.58
2025-04-17 13:03:13,164 [icarl.py] => Task 0, Epoch 53/200 => Loss 1.449, Loss_clf 1.449, Train_accy 51.38
2025-04-17 13:03:18,472 [icarl.py] => Task 0, Epoch 54/200 => Loss 1.469, Loss_clf 1.469, Train_accy 51.03
2025-04-17 13:03:23,843 [icarl.py] => Task 0, Epoch 55/200 => Loss 1.377, Loss_clf 1.377, Train_accy 54.24
2025-04-17 13:03:29,436 [icarl.py] => Task 0, Epoch 56/200 => Loss 1.364, Loss_clf 1.364, Train_accy 54.30
2025-04-17 13:03:34,865 [icarl.py] => Task 0, Epoch 57/200 => Loss 1.422, Loss_clf 1.422, Train_accy 53.27
2025-04-17 13:03:40,198 [icarl.py] => Task 0, Epoch 58/200 => Loss 1.332, Loss_clf 1.332, Train_accy 56.54
2025-04-17 13:03:45,662 [icarl.py] => Task 0, Epoch 59/200 => Loss 1.292, Loss_clf 1.292, Train_accy 57.28
2025-04-17 13:03:51,196 [icarl.py] => Task 0, Epoch 60/200 => Loss 1.326, Loss_clf 1.326, Train_accy 56.25
2025-04-17 13:04:00,825 [icarl.py] => Task 0, Epoch 61/200 => Loss 1.335, Loss_clf 1.335, Train_accy 56.25, Test_accy {'Art': 36.56, 'Clipart': 50.0, 'Real World': 46.2, 'Product': 35.58}
2025-04-17 13:04:06,279 [icarl.py] => Task 0, Epoch 62/200 => Loss 1.306, Loss_clf 1.306, Train_accy 56.94
2025-04-17 13:04:11,734 [icarl.py] => Task 0, Epoch 63/200 => Loss 1.249, Loss_clf 1.249, Train_accy 57.86
2025-04-17 13:04:17,183 [icarl.py] => Task 0, Epoch 64/200 => Loss 1.382, Loss_clf 1.382, Train_accy 54.76
2025-04-17 13:04:22,685 [icarl.py] => Task 0, Epoch 65/200 => Loss 1.315, Loss_clf 1.315, Train_accy 56.31
2025-04-17 13:04:28,211 [icarl.py] => Task 0, Epoch 66/200 => Loss 1.244, Loss_clf 1.244, Train_accy 59.69
2025-04-17 13:04:33,557 [icarl.py] => Task 0, Epoch 67/200 => Loss 1.217, Loss_clf 1.217, Train_accy 59.69
2025-04-17 13:04:39,293 [icarl.py] => Task 0, Epoch 68/200 => Loss 1.199, Loss_clf 1.199, Train_accy 59.98
2025-04-17 13:04:44,735 [icarl.py] => Task 0, Epoch 69/200 => Loss 1.188, Loss_clf 1.188, Train_accy 60.38
2025-04-17 13:04:50,253 [icarl.py] => Task 0, Epoch 70/200 => Loss 1.220, Loss_clf 1.220, Train_accy 59.63
2025-04-17 13:04:55,844 [icarl.py] => Task 0, Epoch 71/200 => Loss 1.113, Loss_clf 1.113, Train_accy 61.93
2025-04-17 13:05:01,535 [icarl.py] => Task 0, Epoch 72/200 => Loss 1.128, Loss_clf 1.128, Train_accy 61.01
2025-04-17 13:05:07,150 [icarl.py] => Task 0, Epoch 73/200 => Loss 1.132, Loss_clf 1.132, Train_accy 62.84
2025-04-17 13:05:12,494 [icarl.py] => Task 0, Epoch 74/200 => Loss 1.125, Loss_clf 1.125, Train_accy 61.70
2025-04-17 13:05:17,870 [icarl.py] => Task 0, Epoch 75/200 => Loss 1.014, Loss_clf 1.014, Train_accy 66.17
2025-04-17 13:05:23,563 [icarl.py] => Task 0, Epoch 76/200 => Loss 1.072, Loss_clf 1.072, Train_accy 64.56
2025-04-17 13:05:28,960 [icarl.py] => Task 0, Epoch 77/200 => Loss 1.009, Loss_clf 1.009, Train_accy 65.88
2025-04-17 13:05:34,327 [icarl.py] => Task 0, Epoch 78/200 => Loss 1.011, Loss_clf 1.011, Train_accy 65.88
2025-04-17 13:05:39,737 [icarl.py] => Task 0, Epoch 79/200 => Loss 1.008, Loss_clf 1.008, Train_accy 66.80
2025-04-17 13:05:45,123 [icarl.py] => Task 0, Epoch 80/200 => Loss 1.025, Loss_clf 1.025, Train_accy 65.77
2025-04-17 13:05:54,646 [icarl.py] => Task 0, Epoch 81/200 => Loss 1.000, Loss_clf 1.000, Train_accy 66.34, Test_accy {'Art': 37.63, 'Clipart': 53.93, 'Real World': 40.76, 'Product': 35.1}
2025-04-17 13:05:59,911 [icarl.py] => Task 0, Epoch 82/200 => Loss 0.971, Loss_clf 0.971, Train_accy 66.63
2025-04-17 13:06:05,450 [icarl.py] => Task 0, Epoch 83/200 => Loss 0.945, Loss_clf 0.945, Train_accy 67.89
2025-04-17 13:06:10,979 [icarl.py] => Task 0, Epoch 84/200 => Loss 0.978, Loss_clf 0.978, Train_accy 66.69
2025-04-17 13:06:16,350 [icarl.py] => Task 0, Epoch 85/200 => Loss 0.978, Loss_clf 0.978, Train_accy 69.09
2025-04-17 13:06:21,878 [icarl.py] => Task 0, Epoch 86/200 => Loss 0.915, Loss_clf 0.915, Train_accy 69.09
2025-04-17 13:06:27,280 [icarl.py] => Task 0, Epoch 87/200 => Loss 0.831, Loss_clf 0.831, Train_accy 71.85
2025-04-17 13:06:32,848 [icarl.py] => Task 0, Epoch 88/200 => Loss 0.876, Loss_clf 0.876, Train_accy 72.02
2025-04-17 13:06:38,630 [icarl.py] => Task 0, Epoch 89/200 => Loss 0.873, Loss_clf 0.873, Train_accy 71.85
2025-04-17 13:06:44,211 [icarl.py] => Task 0, Epoch 90/200 => Loss 0.841, Loss_clf 0.841, Train_accy 73.34
2025-04-17 13:06:49,781 [icarl.py] => Task 0, Epoch 91/200 => Loss 0.847, Loss_clf 0.847, Train_accy 72.65
2025-04-17 13:06:55,141 [icarl.py] => Task 0, Epoch 92/200 => Loss 0.823, Loss_clf 0.823, Train_accy 73.68
2025-04-17 13:07:00,570 [icarl.py] => Task 0, Epoch 93/200 => Loss 0.774, Loss_clf 0.774, Train_accy 73.85
2025-04-17 13:07:06,193 [icarl.py] => Task 0, Epoch 94/200 => Loss 0.761, Loss_clf 0.761, Train_accy 74.25
2025-04-17 13:07:11,570 [icarl.py] => Task 0, Epoch 95/200 => Loss 0.818, Loss_clf 0.818, Train_accy 72.02
2025-04-17 13:07:16,844 [icarl.py] => Task 0, Epoch 96/200 => Loss 0.700, Loss_clf 0.700, Train_accy 76.49
2025-04-17 13:07:22,796 [icarl.py] => Task 0, Epoch 97/200 => Loss 0.657, Loss_clf 0.657, Train_accy 78.33
2025-04-17 13:07:28,298 [icarl.py] => Task 0, Epoch 98/200 => Loss 0.714, Loss_clf 0.714, Train_accy 75.80
2025-04-17 13:07:33,599 [icarl.py] => Task 0, Epoch 99/200 => Loss 0.723, Loss_clf 0.723, Train_accy 75.63
2025-04-17 13:07:39,327 [icarl.py] => Task 0, Epoch 100/200 => Loss 0.678, Loss_clf 0.678, Train_accy 78.10
2025-04-17 13:07:49,045 [icarl.py] => Task 0, Epoch 101/200 => Loss 0.681, Loss_clf 0.681, Train_accy 76.32, Test_accy {'Art': 41.94, 'Clipart': 60.11, 'Real World': 42.39, 'Product': 46.15}
2025-04-17 13:07:54,475 [icarl.py] => Task 0, Epoch 102/200 => Loss 0.678, Loss_clf 0.678, Train_accy 76.83
2025-04-17 13:07:59,980 [icarl.py] => Task 0, Epoch 103/200 => Loss 0.591, Loss_clf 0.591, Train_accy 79.93
2025-04-17 13:08:05,526 [icarl.py] => Task 0, Epoch 104/200 => Loss 0.570, Loss_clf 0.570, Train_accy 80.79
2025-04-17 13:08:11,673 [icarl.py] => Task 0, Epoch 105/200 => Loss 0.621, Loss_clf 0.621, Train_accy 80.50
2025-04-17 13:08:17,318 [icarl.py] => Task 0, Epoch 106/200 => Loss 0.602, Loss_clf 0.602, Train_accy 80.22
2025-04-17 13:08:22,700 [icarl.py] => Task 0, Epoch 107/200 => Loss 0.612, Loss_clf 0.612, Train_accy 79.99
2025-04-17 13:08:28,156 [icarl.py] => Task 0, Epoch 108/200 => Loss 0.668, Loss_clf 0.668, Train_accy 78.84
2025-04-17 13:08:33,660 [icarl.py] => Task 0, Epoch 109/200 => Loss 0.590, Loss_clf 0.590, Train_accy 80.85
2025-04-17 13:08:39,278 [icarl.py] => Task 0, Epoch 110/200 => Loss 0.590, Loss_clf 0.590, Train_accy 81.08
2025-04-17 13:08:44,871 [icarl.py] => Task 0, Epoch 111/200 => Loss 0.501, Loss_clf 0.501, Train_accy 83.66
2025-04-17 13:08:50,333 [icarl.py] => Task 0, Epoch 112/200 => Loss 0.536, Loss_clf 0.536, Train_accy 82.45
2025-04-17 13:08:55,606 [icarl.py] => Task 0, Epoch 113/200 => Loss 0.502, Loss_clf 0.502, Train_accy 82.74
2025-04-17 13:09:00,770 [icarl.py] => Task 0, Epoch 114/200 => Loss 0.510, Loss_clf 0.510, Train_accy 84.00
2025-04-17 13:09:06,254 [icarl.py] => Task 0, Epoch 115/200 => Loss 0.429, Loss_clf 0.429, Train_accy 86.64
2025-04-17 13:09:11,497 [icarl.py] => Task 0, Epoch 116/200 => Loss 0.468, Loss_clf 0.468, Train_accy 85.26
2025-04-17 13:09:16,823 [icarl.py] => Task 0, Epoch 117/200 => Loss 0.433, Loss_clf 0.433, Train_accy 86.12
2025-04-17 13:09:22,463 [icarl.py] => Task 0, Epoch 118/200 => Loss 0.446, Loss_clf 0.446, Train_accy 86.35
2025-04-17 13:09:28,052 [icarl.py] => Task 0, Epoch 119/200 => Loss 0.417, Loss_clf 0.417, Train_accy 87.90
2025-04-17 13:09:33,587 [icarl.py] => Task 0, Epoch 120/200 => Loss 0.395, Loss_clf 0.395, Train_accy 87.84
2025-04-17 13:09:43,563 [icarl.py] => Task 0, Epoch 121/200 => Loss 0.387, Loss_clf 0.387, Train_accy 87.16, Test_accy {'Art': 50.54, 'Clipart': 62.36, 'Real World': 52.17, 'Product': 48.56}
2025-04-17 13:09:48,936 [icarl.py] => Task 0, Epoch 122/200 => Loss 0.392, Loss_clf 0.392, Train_accy 87.50
2025-04-17 13:09:54,560 [icarl.py] => Task 0, Epoch 123/200 => Loss 0.380, Loss_clf 0.380, Train_accy 88.93
2025-04-17 13:10:00,096 [icarl.py] => Task 0, Epoch 124/200 => Loss 0.356, Loss_clf 0.356, Train_accy 89.05
2025-04-17 13:10:05,385 [icarl.py] => Task 0, Epoch 125/200 => Loss 0.348, Loss_clf 0.348, Train_accy 88.82
2025-04-17 13:10:10,771 [icarl.py] => Task 0, Epoch 126/200 => Loss 0.302, Loss_clf 0.302, Train_accy 90.14
2025-04-17 13:10:16,133 [icarl.py] => Task 0, Epoch 127/200 => Loss 0.297, Loss_clf 0.297, Train_accy 89.62
2025-04-17 13:10:21,542 [icarl.py] => Task 0, Epoch 128/200 => Loss 0.289, Loss_clf 0.289, Train_accy 91.06
2025-04-17 13:10:26,977 [icarl.py] => Task 0, Epoch 129/200 => Loss 0.324, Loss_clf 0.324, Train_accy 89.05
2025-04-17 13:10:32,299 [icarl.py] => Task 0, Epoch 130/200 => Loss 0.319, Loss_clf 0.319, Train_accy 89.79
2025-04-17 13:10:37,535 [icarl.py] => Task 0, Epoch 131/200 => Loss 0.300, Loss_clf 0.300, Train_accy 90.88
2025-04-17 13:10:42,984 [icarl.py] => Task 0, Epoch 132/200 => Loss 0.338, Loss_clf 0.338, Train_accy 88.82
2025-04-17 13:10:48,593 [icarl.py] => Task 0, Epoch 133/200 => Loss 0.306, Loss_clf 0.306, Train_accy 89.85
2025-04-17 13:10:54,164 [icarl.py] => Task 0, Epoch 134/200 => Loss 0.264, Loss_clf 0.264, Train_accy 91.17
2025-04-17 13:10:59,528 [icarl.py] => Task 0, Epoch 135/200 => Loss 0.236, Loss_clf 0.236, Train_accy 92.37
2025-04-17 13:11:05,003 [icarl.py] => Task 0, Epoch 136/200 => Loss 0.221, Loss_clf 0.221, Train_accy 93.46
2025-04-17 13:11:10,447 [icarl.py] => Task 0, Epoch 137/200 => Loss 0.266, Loss_clf 0.266, Train_accy 92.55
2025-04-17 13:11:15,722 [icarl.py] => Task 0, Epoch 138/200 => Loss 0.284, Loss_clf 0.284, Train_accy 91.92
2025-04-17 13:11:21,196 [icarl.py] => Task 0, Epoch 139/200 => Loss 0.247, Loss_clf 0.247, Train_accy 92.43
2025-04-17 13:11:26,760 [icarl.py] => Task 0, Epoch 140/200 => Loss 0.230, Loss_clf 0.230, Train_accy 92.95
2025-04-17 13:11:36,995 [icarl.py] => Task 0, Epoch 141/200 => Loss 0.242, Loss_clf 0.242, Train_accy 93.18, Test_accy {'Art': 43.01, 'Clipart': 65.73, 'Real World': 51.63, 'Product': 52.4}
2025-04-17 13:11:42,353 [icarl.py] => Task 0, Epoch 142/200 => Loss 0.219, Loss_clf 0.219, Train_accy 93.12
2025-04-17 13:11:48,082 [icarl.py] => Task 0, Epoch 143/200 => Loss 0.215, Loss_clf 0.215, Train_accy 93.46
2025-04-17 13:11:53,331 [icarl.py] => Task 0, Epoch 144/200 => Loss 0.241, Loss_clf 0.241, Train_accy 92.72
2025-04-17 13:11:58,636 [icarl.py] => Task 0, Epoch 145/200 => Loss 0.212, Loss_clf 0.212, Train_accy 92.89
2025-04-17 13:12:04,118 [icarl.py] => Task 0, Epoch 146/200 => Loss 0.187, Loss_clf 0.187, Train_accy 94.55
2025-04-17 13:12:09,435 [icarl.py] => Task 0, Epoch 147/200 => Loss 0.216, Loss_clf 0.216, Train_accy 93.35
2025-04-17 13:12:14,971 [icarl.py] => Task 0, Epoch 148/200 => Loss 0.175, Loss_clf 0.175, Train_accy 94.50
2025-04-17 13:12:20,422 [icarl.py] => Task 0, Epoch 149/200 => Loss 0.191, Loss_clf 0.191, Train_accy 94.27
2025-04-17 13:12:25,758 [icarl.py] => Task 0, Epoch 150/200 => Loss 0.178, Loss_clf 0.178, Train_accy 94.90
2025-04-17 13:12:31,180 [icarl.py] => Task 0, Epoch 151/200 => Loss 0.166, Loss_clf 0.166, Train_accy 95.07
2025-04-17 13:12:36,718 [icarl.py] => Task 0, Epoch 152/200 => Loss 0.162, Loss_clf 0.162, Train_accy 94.32
2025-04-17 13:12:42,198 [icarl.py] => Task 0, Epoch 153/200 => Loss 0.174, Loss_clf 0.174, Train_accy 94.95
2025-04-17 13:12:47,879 [icarl.py] => Task 0, Epoch 154/200 => Loss 0.187, Loss_clf 0.187, Train_accy 93.98
2025-04-17 13:12:53,500 [icarl.py] => Task 0, Epoch 155/200 => Loss 0.170, Loss_clf 0.170, Train_accy 94.95
2025-04-17 13:12:58,857 [icarl.py] => Task 0, Epoch 156/200 => Loss 0.149, Loss_clf 0.149, Train_accy 95.41
2025-04-17 13:13:04,226 [icarl.py] => Task 0, Epoch 157/200 => Loss 0.162, Loss_clf 0.162, Train_accy 95.24
2025-04-17 13:13:09,565 [icarl.py] => Task 0, Epoch 158/200 => Loss 0.135, Loss_clf 0.135, Train_accy 96.04
2025-04-17 13:13:14,817 [icarl.py] => Task 0, Epoch 159/200 => Loss 0.141, Loss_clf 0.141, Train_accy 95.47
2025-04-17 13:13:20,214 [icarl.py] => Task 0, Epoch 160/200 => Loss 0.143, Loss_clf 0.143, Train_accy 95.41
2025-04-17 13:13:30,109 [icarl.py] => Task 0, Epoch 161/200 => Loss 0.140, Loss_clf 0.140, Train_accy 95.87, Test_accy {'Art': 44.09, 'Clipart': 67.98, 'Real World': 54.89, 'Product': 53.85}
2025-04-17 13:13:35,424 [icarl.py] => Task 0, Epoch 162/200 => Loss 0.122, Loss_clf 0.122, Train_accy 96.27
2025-04-17 13:13:40,944 [icarl.py] => Task 0, Epoch 163/200 => Loss 0.128, Loss_clf 0.128, Train_accy 96.62
2025-04-17 13:13:46,329 [icarl.py] => Task 0, Epoch 164/200 => Loss 0.158, Loss_clf 0.158, Train_accy 95.87
2025-04-17 13:13:52,020 [icarl.py] => Task 0, Epoch 165/200 => Loss 0.138, Loss_clf 0.138, Train_accy 95.81
2025-04-17 13:13:57,617 [icarl.py] => Task 0, Epoch 166/200 => Loss 0.122, Loss_clf 0.122, Train_accy 96.27
2025-04-17 13:14:03,102 [icarl.py] => Task 0, Epoch 167/200 => Loss 0.109, Loss_clf 0.109, Train_accy 96.85
2025-04-17 13:14:08,605 [icarl.py] => Task 0, Epoch 168/200 => Loss 0.116, Loss_clf 0.116, Train_accy 96.44
2025-04-17 13:14:14,116 [icarl.py] => Task 0, Epoch 169/200 => Loss 0.120, Loss_clf 0.120, Train_accy 96.62
2025-04-17 13:14:19,479 [icarl.py] => Task 0, Epoch 170/200 => Loss 0.099, Loss_clf 0.099, Train_accy 97.02
2025-04-17 13:14:24,849 [icarl.py] => Task 0, Epoch 171/200 => Loss 0.123, Loss_clf 0.123, Train_accy 96.90
2025-04-17 13:14:30,261 [icarl.py] => Task 0, Epoch 172/200 => Loss 0.110, Loss_clf 0.110, Train_accy 96.39
2025-04-17 13:14:35,641 [icarl.py] => Task 0, Epoch 173/200 => Loss 0.114, Loss_clf 0.114, Train_accy 96.79
2025-04-17 13:14:41,287 [icarl.py] => Task 0, Epoch 174/200 => Loss 0.080, Loss_clf 0.080, Train_accy 97.99
2025-04-17 13:14:46,942 [icarl.py] => Task 0, Epoch 175/200 => Loss 0.106, Loss_clf 0.106, Train_accy 96.79
2025-04-17 13:14:52,467 [icarl.py] => Task 0, Epoch 176/200 => Loss 0.092, Loss_clf 0.092, Train_accy 97.71
2025-04-17 13:14:58,030 [icarl.py] => Task 0, Epoch 177/200 => Loss 0.125, Loss_clf 0.125, Train_accy 96.22
2025-04-17 13:15:03,744 [icarl.py] => Task 0, Epoch 178/200 => Loss 0.090, Loss_clf 0.090, Train_accy 97.08
2025-04-17 13:15:09,267 [icarl.py] => Task 0, Epoch 179/200 => Loss 0.108, Loss_clf 0.108, Train_accy 97.02
2025-04-17 13:15:14,909 [icarl.py] => Task 0, Epoch 180/200 => Loss 0.091, Loss_clf 0.091, Train_accy 96.96
2025-04-17 13:15:25,713 [icarl.py] => Task 0, Epoch 181/200 => Loss 0.098, Loss_clf 0.098, Train_accy 97.19, Test_accy {'Art': 52.69, 'Clipart': 69.66, 'Real World': 56.52, 'Product': 56.73}
2025-04-17 13:15:31,437 [icarl.py] => Task 0, Epoch 182/200 => Loss 0.088, Loss_clf 0.088, Train_accy 97.65
2025-04-17 13:15:37,074 [icarl.py] => Task 0, Epoch 183/200 => Loss 0.095, Loss_clf 0.095, Train_accy 97.08
2025-04-17 13:15:42,716 [icarl.py] => Task 0, Epoch 184/200 => Loss 0.070, Loss_clf 0.070, Train_accy 97.99
2025-04-17 13:15:48,584 [icarl.py] => Task 0, Epoch 185/200 => Loss 0.085, Loss_clf 0.085, Train_accy 97.59
2025-04-17 13:15:54,328 [icarl.py] => Task 0, Epoch 186/200 => Loss 0.100, Loss_clf 0.100, Train_accy 97.19
2025-04-17 13:16:00,723 [icarl.py] => Task 0, Epoch 187/200 => Loss 0.077, Loss_clf 0.077, Train_accy 98.11
2025-04-17 13:16:06,395 [icarl.py] => Task 0, Epoch 188/200 => Loss 0.078, Loss_clf 0.078, Train_accy 97.53
2025-04-17 13:16:12,114 [icarl.py] => Task 0, Epoch 189/200 => Loss 0.080, Loss_clf 0.080, Train_accy 97.88
2025-04-17 13:16:17,686 [icarl.py] => Task 0, Epoch 190/200 => Loss 0.091, Loss_clf 0.091, Train_accy 97.36
2025-04-17 13:16:23,484 [icarl.py] => Task 0, Epoch 191/200 => Loss 0.065, Loss_clf 0.065, Train_accy 98.17
2025-04-17 13:16:29,339 [icarl.py] => Task 0, Epoch 192/200 => Loss 0.063, Loss_clf 0.063, Train_accy 98.51
2025-04-17 13:16:35,494 [icarl.py] => Task 0, Epoch 193/200 => Loss 0.084, Loss_clf 0.084, Train_accy 97.42
2025-04-17 13:16:41,144 [icarl.py] => Task 0, Epoch 194/200 => Loss 0.109, Loss_clf 0.109, Train_accy 96.73
2025-04-17 13:16:46,907 [icarl.py] => Task 0, Epoch 195/200 => Loss 0.072, Loss_clf 0.072, Train_accy 97.99
2025-04-17 13:16:52,645 [icarl.py] => Task 0, Epoch 196/200 => Loss 0.080, Loss_clf 0.080, Train_accy 97.76
2025-04-17 13:16:58,256 [icarl.py] => Task 0, Epoch 197/200 => Loss 0.096, Loss_clf 0.096, Train_accy 97.31
2025-04-17 13:17:04,043 [icarl.py] => Task 0, Epoch 198/200 => Loss 0.089, Loss_clf 0.089, Train_accy 97.25
2025-04-17 13:17:09,738 [icarl.py] => Task 0, Epoch 199/200 => Loss 0.083, Loss_clf 0.083, Train_accy 97.53
2025-04-17 13:17:15,447 [icarl.py] => Task 0, Epoch 200/200 => Loss 0.099, Loss_clf 0.099, Train_accy 97.13
2025-04-17 13:17:15,448 [base.py] => Reducing exemplars...(100 per classes)
2025-04-17 13:17:15,448 [base.py] => Constructing exemplars...(100 per classes)
2025-04-17 13:17:59,778 [icarl.py] => Exemplar size: 1300
2025-04-17 13:18:00,400 [trainer.py] => CNN [Art]: {'total': 48.39, '00-12': 48.39, 'old': 0, 'new': 48.39}
2025-04-17 13:18:00,401 [trainer.py] => NME [Art]: {'total': 52.69, '00-12': 52.69, 'old': 0, 'new': 52.69}
2025-04-17 13:18:00,401 [trainer.py] => CNN [Art] top1 curve: [48.39]
2025-04-17 13:18:00,401 [trainer.py] => CNN [Art] top5 curve: [75.27]
2025-04-17 13:18:00,401 [trainer.py] => NME [Art] top1 curve: [52.69]
2025-04-17 13:18:00,401 [trainer.py] => NME [Art] top5 curve: [80.65]
2025-04-17 13:18:00,401 [trainer.py] => Average Accuracy [Art] (CNN): 48.39
2025-04-17 13:18:00,401 [trainer.py] => Average Accuracy [Art] (NME): 52.69
2025-04-17 13:18:00,401 [trainer.py] => CNN [Clipart]: {'total': 71.91, '00-12': 71.91, 'old': 0, 'new': 71.91}
2025-04-17 13:18:00,401 [trainer.py] => NME [Clipart]: {'total': 70.79, '00-12': 70.79, 'old': 0, 'new': 70.79}
2025-04-17 13:18:00,401 [trainer.py] => CNN [Clipart] top1 curve: [71.91]
2025-04-17 13:18:00,401 [trainer.py] => CNN [Clipart] top5 curve: [92.13]
2025-04-17 13:18:00,401 [trainer.py] => NME [Clipart] top1 curve: [70.79]
2025-04-17 13:18:00,401 [trainer.py] => NME [Clipart] top5 curve: [92.13]
2025-04-17 13:18:00,401 [trainer.py] => Average Accuracy [Clipart] (CNN): 71.91
2025-04-17 13:18:00,401 [trainer.py] => Average Accuracy [Clipart] (NME): 70.79
2025-04-17 13:18:00,401 [trainer.py] => CNN [Product]: {'total': 56.73, '00-12': 56.73, 'old': 0, 'new': 56.73}
2025-04-17 13:18:00,401 [trainer.py] => NME [Product]: {'total': 52.88, '00-12': 52.88, 'old': 0, 'new': 52.88}
2025-04-17 13:18:00,401 [trainer.py] => CNN [Product] top1 curve: [56.73]
2025-04-17 13:18:00,401 [trainer.py] => CNN [Product] top5 curve: [88.94]
2025-04-17 13:18:00,402 [trainer.py] => NME [Product] top1 curve: [52.88]
2025-04-17 13:18:00,402 [trainer.py] => NME [Product] top5 curve: [89.9]
2025-04-17 13:18:00,402 [trainer.py] => Average Accuracy [Product] (CNN): 56.73
2025-04-17 13:18:00,402 [trainer.py] => Average Accuracy [Product] (NME): 52.88
2025-04-17 13:18:00,402 [trainer.py] => CNN [Real World]: {'total': 57.07, '00-12': 57.07, 'old': 0, 'new': 57.07}
2025-04-17 13:18:00,402 [trainer.py] => NME [Real World]: {'total': 57.61, '00-12': 57.61, 'old': 0, 'new': 57.61}
2025-04-17 13:18:00,402 [trainer.py] => CNN [Real World] top1 curve: [57.07]
2025-04-17 13:18:00,402 [trainer.py] => CNN [Real World] top5 curve: [86.96]
2025-04-17 13:18:00,402 [trainer.py] => NME [Real World] top1 curve: [57.61]
2025-04-17 13:18:00,402 [trainer.py] => NME [Real World] top5 curve: [89.67]
2025-04-17 13:18:00,402 [trainer.py] => Average Accuracy [Real World] (CNN): 57.07
2025-04-17 13:18:00,402 [trainer.py] => Average Accuracy [Real World] (NME): 57.61
2025-04-17 13:18:00,402 [trainer.py] => NME Harmonic Mean : 56.3744
2025-04-17 13:18:00,402 [trainer.py] => NME Macro Mean : 58.4925
2025-04-17 13:18:00,402 [trainer.py] => CNN Harmonic Mean : 57.9019
2025-04-17 13:18:00,402 [trainer.py] => CNN Macro Mean : 58.5250
2025-04-17 13:18:00,403 [trainer.py] => All params: 21331355
2025-04-17 13:18:00,403 [trainer.py] => Trainable params: 21331355
2025-04-17 13:18:00,405 [icarl.py] => Learning on 13-26
2025-04-17 13:18:16,029 [icarl.py] => Task 1, Epoch 1/200 => Loss 6.019, Loss_clf 3.683, Loss_kd 2.335, Train_accy 12.70, Test_accy {'Art': 15.56, 'Clipart': 13.3, 'Real World': 14.8, 'Product': 11.9}
2025-04-17 13:18:25,110 [icarl.py] => Task 1, Epoch 2/200 => Loss 4.970, Loss_clf 2.795, Loss_kd 2.175, Train_accy 20.83
2025-04-17 13:18:33,756 [icarl.py] => Task 1, Epoch 3/200 => Loss 4.637, Loss_clf 2.576, Loss_kd 2.061, Train_accy 26.16
2025-04-17 13:18:42,617 [icarl.py] => Task 1, Epoch 4/200 => Loss 4.442, Loss_clf 2.436, Loss_kd 2.006, Train_accy 28.76
2025-04-17 13:18:51,921 [icarl.py] => Task 1, Epoch 5/200 => Loss 4.257, Loss_clf 2.309, Loss_kd 1.948, Train_accy 33.16
2025-04-17 13:19:00,491 [icarl.py] => Task 1, Epoch 6/200 => Loss 4.165, Loss_clf 2.229, Loss_kd 1.936, Train_accy 35.29
2025-04-17 13:19:09,222 [icarl.py] => Task 1, Epoch 7/200 => Loss 4.034, Loss_clf 2.133, Loss_kd 1.901, Train_accy 38.15
2025-04-17 13:19:18,091 [icarl.py] => Task 1, Epoch 8/200 => Loss 3.943, Loss_clf 2.072, Loss_kd 1.871, Train_accy 39.82
2025-04-17 13:19:26,838 [icarl.py] => Task 1, Epoch 9/200 => Loss 3.857, Loss_clf 1.991, Loss_kd 1.866, Train_accy 41.85
2025-04-17 13:19:35,444 [icarl.py] => Task 1, Epoch 10/200 => Loss 3.763, Loss_clf 1.927, Loss_kd 1.836, Train_accy 43.29
2025-04-17 13:19:44,096 [icarl.py] => Task 1, Epoch 11/200 => Loss 3.722, Loss_clf 1.906, Loss_kd 1.817, Train_accy 42.75
2025-04-17 13:19:53,082 [icarl.py] => Task 1, Epoch 12/200 => Loss 3.585, Loss_clf 1.790, Loss_kd 1.795, Train_accy 46.98
2025-04-17 13:20:01,687 [icarl.py] => Task 1, Epoch 13/200 => Loss 3.524, Loss_clf 1.734, Loss_kd 1.790, Train_accy 48.52
2025-04-17 13:20:10,356 [icarl.py] => Task 1, Epoch 14/200 => Loss 3.440, Loss_clf 1.668, Loss_kd 1.772, Train_accy 50.15
2025-04-17 13:20:19,005 [icarl.py] => Task 1, Epoch 15/200 => Loss 3.402, Loss_clf 1.632, Loss_kd 1.769, Train_accy 51.22
2025-04-17 13:20:27,735 [icarl.py] => Task 1, Epoch 16/200 => Loss 3.351, Loss_clf 1.586, Loss_kd 1.766, Train_accy 53.35
2025-04-17 13:20:36,126 [icarl.py] => Task 1, Epoch 17/200 => Loss 3.268, Loss_clf 1.526, Loss_kd 1.742, Train_accy 54.72
2025-04-17 13:20:44,362 [icarl.py] => Task 1, Epoch 18/200 => Loss 3.266, Loss_clf 1.503, Loss_kd 1.764, Train_accy 55.38
2025-04-17 13:20:52,831 [icarl.py] => Task 1, Epoch 19/200 => Loss 3.235, Loss_clf 1.479, Loss_kd 1.756, Train_accy 55.95
2025-04-17 13:21:01,900 [icarl.py] => Task 1, Epoch 20/200 => Loss 3.196, Loss_clf 1.439, Loss_kd 1.757, Train_accy 57.01
2025-04-17 13:21:17,185 [icarl.py] => Task 1, Epoch 21/200 => Loss 3.099, Loss_clf 1.368, Loss_kd 1.731, Train_accy 59.78, Test_accy {'Art': 31.11, 'Clipart': 52.08, 'Real World': 35.47, 'Product': 38.36}
2025-04-17 13:21:26,126 [icarl.py] => Task 1, Epoch 22/200 => Loss 3.085, Loss_clf 1.352, Loss_kd 1.732, Train_accy 58.38
2025-04-17 13:21:34,890 [icarl.py] => Task 1, Epoch 23/200 => Loss 3.030, Loss_clf 1.315, Loss_kd 1.715, Train_accy 61.21
2025-04-17 13:21:43,919 [icarl.py] => Task 1, Epoch 24/200 => Loss 2.944, Loss_clf 1.234, Loss_kd 1.709, Train_accy 63.05
2025-04-17 13:21:52,607 [icarl.py] => Task 1, Epoch 25/200 => Loss 2.893, Loss_clf 1.198, Loss_kd 1.695, Train_accy 63.38
2025-04-17 13:22:01,653 [icarl.py] => Task 1, Epoch 26/200 => Loss 2.878, Loss_clf 1.179, Loss_kd 1.698, Train_accy 64.85
2025-04-17 13:22:10,701 [icarl.py] => Task 1, Epoch 27/200 => Loss 2.811, Loss_clf 1.128, Loss_kd 1.684, Train_accy 65.04
2025-04-17 13:22:19,541 [icarl.py] => Task 1, Epoch 28/200 => Loss 2.775, Loss_clf 1.080, Loss_kd 1.695, Train_accy 66.81
2025-04-17 13:22:28,263 [icarl.py] => Task 1, Epoch 29/200 => Loss 2.718, Loss_clf 1.039, Loss_kd 1.679, Train_accy 68.28
2025-04-17 13:22:37,150 [icarl.py] => Task 1, Epoch 30/200 => Loss 2.697, Loss_clf 1.023, Loss_kd 1.673, Train_accy 69.71
2025-04-17 13:22:45,998 [icarl.py] => Task 1, Epoch 31/200 => Loss 2.615, Loss_clf 0.962, Loss_kd 1.653, Train_accy 70.94
2025-04-17 13:22:54,649 [icarl.py] => Task 1, Epoch 32/200 => Loss 2.694, Loss_clf 1.011, Loss_kd 1.683, Train_accy 69.71
2025-04-17 13:23:03,777 [icarl.py] => Task 1, Epoch 33/200 => Loss 2.589, Loss_clf 0.926, Loss_kd 1.663, Train_accy 71.44
2025-04-17 13:23:12,794 [icarl.py] => Task 1, Epoch 34/200 => Loss 2.638, Loss_clf 0.971, Loss_kd 1.668, Train_accy 71.34
2025-04-17 13:23:21,599 [icarl.py] => Task 1, Epoch 35/200 => Loss 2.557, Loss_clf 0.904, Loss_kd 1.653, Train_accy 72.91
2025-04-17 13:23:30,167 [icarl.py] => Task 1, Epoch 36/200 => Loss 2.506, Loss_clf 0.868, Loss_kd 1.639, Train_accy 73.14
2025-04-17 13:23:38,976 [icarl.py] => Task 1, Epoch 37/200 => Loss 2.467, Loss_clf 0.820, Loss_kd 1.646, Train_accy 75.91
2025-04-17 13:23:47,499 [icarl.py] => Task 1, Epoch 38/200 => Loss 2.427, Loss_clf 0.796, Loss_kd 1.631, Train_accy 76.61
2025-04-17 13:23:56,316 [icarl.py] => Task 1, Epoch 39/200 => Loss 2.410, Loss_clf 0.765, Loss_kd 1.645, Train_accy 77.01
2025-04-17 13:24:05,131 [icarl.py] => Task 1, Epoch 40/200 => Loss 2.418, Loss_clf 0.783, Loss_kd 1.635, Train_accy 77.51
2025-04-17 13:24:19,855 [icarl.py] => Task 1, Epoch 41/200 => Loss 2.356, Loss_clf 0.723, Loss_kd 1.633, Train_accy 78.21, Test_accy {'Art': 35.0, 'Clipart': 52.91, 'Real World': 37.71, 'Product': 36.24}
2025-04-17 13:24:29,123 [icarl.py] => Task 1, Epoch 42/200 => Loss 2.365, Loss_clf 0.737, Loss_kd 1.628, Train_accy 78.04
2025-04-17 13:24:38,627 [icarl.py] => Task 1, Epoch 43/200 => Loss 2.294, Loss_clf 0.670, Loss_kd 1.624, Train_accy 80.77
2025-04-17 13:24:48,379 [icarl.py] => Task 1, Epoch 44/200 => Loss 2.330, Loss_clf 0.715, Loss_kd 1.615, Train_accy 78.07
2025-04-17 13:24:57,407 [icarl.py] => Task 1, Epoch 45/200 => Loss 2.309, Loss_clf 0.699, Loss_kd 1.610, Train_accy 79.77
2025-04-17 13:25:06,422 [icarl.py] => Task 1, Epoch 46/200 => Loss 2.295, Loss_clf 0.681, Loss_kd 1.614, Train_accy 79.91
2025-04-17 13:25:15,847 [icarl.py] => Task 1, Epoch 47/200 => Loss 2.302, Loss_clf 0.689, Loss_kd 1.613, Train_accy 79.74
2025-04-17 13:25:24,826 [icarl.py] => Task 1, Epoch 48/200 => Loss 2.245, Loss_clf 0.637, Loss_kd 1.608, Train_accy 81.34
2025-04-17 13:25:33,388 [icarl.py] => Task 1, Epoch 49/200 => Loss 2.226, Loss_clf 0.631, Loss_kd 1.595, Train_accy 81.24
2025-04-17 13:25:42,189 [icarl.py] => Task 1, Epoch 50/200 => Loss 2.205, Loss_clf 0.611, Loss_kd 1.594, Train_accy 82.41
2025-04-17 13:25:51,248 [icarl.py] => Task 1, Epoch 51/200 => Loss 2.174, Loss_clf 0.572, Loss_kd 1.601, Train_accy 82.51
2025-04-17 13:25:59,816 [icarl.py] => Task 1, Epoch 52/200 => Loss 2.139, Loss_clf 0.549, Loss_kd 1.590, Train_accy 83.61
2025-04-17 13:26:08,394 [icarl.py] => Task 1, Epoch 53/200 => Loss 2.125, Loss_clf 0.540, Loss_kd 1.585, Train_accy 84.14
2025-04-17 13:26:17,220 [icarl.py] => Task 1, Epoch 54/200 => Loss 2.108, Loss_clf 0.526, Loss_kd 1.582, Train_accy 84.57
2025-04-17 13:26:25,753 [icarl.py] => Task 1, Epoch 55/200 => Loss 2.135, Loss_clf 0.549, Loss_kd 1.586, Train_accy 84.21
2025-04-17 13:26:34,632 [icarl.py] => Task 1, Epoch 56/200 => Loss 2.156, Loss_clf 0.575, Loss_kd 1.581, Train_accy 83.37
2025-04-17 13:26:42,981 [icarl.py] => Task 1, Epoch 57/200 => Loss 2.134, Loss_clf 0.545, Loss_kd 1.589, Train_accy 84.17
2025-04-17 13:26:51,398 [icarl.py] => Task 1, Epoch 58/200 => Loss 2.110, Loss_clf 0.520, Loss_kd 1.590, Train_accy 85.80
2025-04-17 13:27:00,045 [icarl.py] => Task 1, Epoch 59/200 => Loss 2.055, Loss_clf 0.483, Loss_kd 1.572, Train_accy 87.07
2025-04-17 13:27:08,638 [icarl.py] => Task 1, Epoch 60/200 => Loss 2.085, Loss_clf 0.518, Loss_kd 1.567, Train_accy 84.91
2025-04-17 13:27:24,232 [icarl.py] => Task 1, Epoch 61/200 => Loss 2.059, Loss_clf 0.490, Loss_kd 1.570, Train_accy 85.97, Test_accy {'Art': 33.33, 'Clipart': 54.02, 'Real World': 41.9, 'Product': 38.1}
2025-04-17 13:27:33,090 [icarl.py] => Task 1, Epoch 62/200 => Loss 2.072, Loss_clf 0.504, Loss_kd 1.568, Train_accy 85.04
2025-04-17 13:27:41,789 [icarl.py] => Task 1, Epoch 63/200 => Loss 2.030, Loss_clf 0.465, Loss_kd 1.565, Train_accy 86.84
2025-04-17 13:27:50,714 [icarl.py] => Task 1, Epoch 64/200 => Loss 2.019, Loss_clf 0.452, Loss_kd 1.567, Train_accy 86.80
2025-04-17 13:27:59,665 [icarl.py] => Task 1, Epoch 65/200 => Loss 2.064, Loss_clf 0.498, Loss_kd 1.566, Train_accy 86.40
2025-04-17 13:28:08,879 [icarl.py] => Task 1, Epoch 66/200 => Loss 2.027, Loss_clf 0.461, Loss_kd 1.565, Train_accy 86.47
2025-04-17 13:28:17,403 [icarl.py] => Task 1, Epoch 67/200 => Loss 1.988, Loss_clf 0.433, Loss_kd 1.555, Train_accy 87.37
2025-04-17 13:28:26,133 [icarl.py] => Task 1, Epoch 68/200 => Loss 1.996, Loss_clf 0.430, Loss_kd 1.566, Train_accy 87.37
2025-04-17 13:28:34,859 [icarl.py] => Task 1, Epoch 69/200 => Loss 1.995, Loss_clf 0.432, Loss_kd 1.563, Train_accy 87.47
2025-04-17 13:28:43,571 [icarl.py] => Task 1, Epoch 70/200 => Loss 1.967, Loss_clf 0.408, Loss_kd 1.559, Train_accy 88.57
2025-04-17 13:28:52,332 [icarl.py] => Task 1, Epoch 71/200 => Loss 1.970, Loss_clf 0.411, Loss_kd 1.559, Train_accy 87.70
2025-04-17 13:29:01,911 [icarl.py] => Task 1, Epoch 72/200 => Loss 1.935, Loss_clf 0.371, Loss_kd 1.564, Train_accy 89.64
2025-04-17 13:29:10,930 [icarl.py] => Task 1, Epoch 73/200 => Loss 1.933, Loss_clf 0.391, Loss_kd 1.542, Train_accy 88.80
2025-04-17 13:29:19,836 [icarl.py] => Task 1, Epoch 74/200 => Loss 1.955, Loss_clf 0.410, Loss_kd 1.545, Train_accy 88.90
2025-04-17 13:29:28,599 [icarl.py] => Task 1, Epoch 75/200 => Loss 1.965, Loss_clf 0.419, Loss_kd 1.546, Train_accy 87.77
2025-04-17 13:29:37,239 [icarl.py] => Task 1, Epoch 76/200 => Loss 1.979, Loss_clf 0.427, Loss_kd 1.552, Train_accy 87.57
2025-04-17 13:29:45,854 [icarl.py] => Task 1, Epoch 77/200 => Loss 1.983, Loss_clf 0.437, Loss_kd 1.547, Train_accy 87.87
2025-04-17 13:29:54,596 [icarl.py] => Task 1, Epoch 78/200 => Loss 1.939, Loss_clf 0.382, Loss_kd 1.556, Train_accy 88.97
2025-04-17 13:30:03,526 [icarl.py] => Task 1, Epoch 79/200 => Loss 1.903, Loss_clf 0.361, Loss_kd 1.541, Train_accy 89.80
2025-04-17 13:30:12,471 [icarl.py] => Task 1, Epoch 80/200 => Loss 1.871, Loss_clf 0.333, Loss_kd 1.538, Train_accy 89.94
2025-04-17 13:30:27,641 [icarl.py] => Task 1, Epoch 81/200 => Loss 1.894, Loss_clf 0.350, Loss_kd 1.544, Train_accy 89.57, Test_accy {'Art': 33.33, 'Clipart': 61.22, 'Real World': 42.46, 'Product': 37.57}
2025-04-17 13:30:36,161 [icarl.py] => Task 1, Epoch 82/200 => Loss 1.899, Loss_clf 0.360, Loss_kd 1.540, Train_accy 89.94
2025-04-17 13:30:44,478 [icarl.py] => Task 1, Epoch 83/200 => Loss 1.866, Loss_clf 0.331, Loss_kd 1.534, Train_accy 90.47
2025-04-17 13:30:53,212 [icarl.py] => Task 1, Epoch 84/200 => Loss 1.891, Loss_clf 0.364, Loss_kd 1.526, Train_accy 88.94
2025-04-17 13:31:01,831 [icarl.py] => Task 1, Epoch 85/200 => Loss 1.903, Loss_clf 0.362, Loss_kd 1.541, Train_accy 89.70
2025-04-17 13:31:10,512 [icarl.py] => Task 1, Epoch 86/200 => Loss 1.889, Loss_clf 0.347, Loss_kd 1.543, Train_accy 89.67
2025-04-17 13:31:19,080 [icarl.py] => Task 1, Epoch 87/200 => Loss 1.884, Loss_clf 0.327, Loss_kd 1.557, Train_accy 91.04
2025-04-17 13:31:27,605 [icarl.py] => Task 1, Epoch 88/200 => Loss 1.829, Loss_clf 0.302, Loss_kd 1.527, Train_accy 91.20
2025-04-17 13:31:36,132 [icarl.py] => Task 1, Epoch 89/200 => Loss 1.822, Loss_clf 0.296, Loss_kd 1.526, Train_accy 92.00
2025-04-17 13:31:44,759 [icarl.py] => Task 1, Epoch 90/200 => Loss 1.771, Loss_clf 0.268, Loss_kd 1.503, Train_accy 92.40
2025-04-17 13:31:53,705 [icarl.py] => Task 1, Epoch 91/200 => Loss 1.818, Loss_clf 0.299, Loss_kd 1.519, Train_accy 91.87
2025-04-17 13:32:02,526 [icarl.py] => Task 1, Epoch 92/200 => Loss 1.820, Loss_clf 0.303, Loss_kd 1.517, Train_accy 91.34
2025-04-17 13:32:11,438 [icarl.py] => Task 1, Epoch 93/200 => Loss 1.807, Loss_clf 0.290, Loss_kd 1.517, Train_accy 91.67
2025-04-17 13:32:20,361 [icarl.py] => Task 1, Epoch 94/200 => Loss 1.794, Loss_clf 0.282, Loss_kd 1.512, Train_accy 92.07
2025-04-17 13:32:28,823 [icarl.py] => Task 1, Epoch 95/200 => Loss 1.816, Loss_clf 0.299, Loss_kd 1.517, Train_accy 91.40
2025-04-17 13:32:37,753 [icarl.py] => Task 1, Epoch 96/200 => Loss 1.825, Loss_clf 0.307, Loss_kd 1.517, Train_accy 91.10
2025-04-17 13:32:46,570 [icarl.py] => Task 1, Epoch 97/200 => Loss 1.781, Loss_clf 0.270, Loss_kd 1.511, Train_accy 92.27
2025-04-17 13:32:55,725 [icarl.py] => Task 1, Epoch 98/200 => Loss 1.766, Loss_clf 0.260, Loss_kd 1.506, Train_accy 92.74
2025-04-17 13:33:04,619 [icarl.py] => Task 1, Epoch 99/200 => Loss 1.777, Loss_clf 0.272, Loss_kd 1.505, Train_accy 92.10
2025-04-17 13:33:13,283 [icarl.py] => Task 1, Epoch 100/200 => Loss 1.746, Loss_clf 0.250, Loss_kd 1.495, Train_accy 92.74
2025-04-17 13:33:28,242 [icarl.py] => Task 1, Epoch 101/200 => Loss 1.756, Loss_clf 0.253, Loss_kd 1.504, Train_accy 92.97, Test_accy {'Art': 39.44, 'Clipart': 60.39, 'Real World': 42.46, 'Product': 40.48}
2025-04-17 13:33:36,739 [icarl.py] => Task 1, Epoch 102/200 => Loss 1.772, Loss_clf 0.268, Loss_kd 1.504, Train_accy 92.84
2025-04-17 13:33:45,338 [icarl.py] => Task 1, Epoch 103/200 => Loss 1.805, Loss_clf 0.285, Loss_kd 1.520, Train_accy 91.84
2025-04-17 13:33:54,339 [icarl.py] => Task 1, Epoch 104/200 => Loss 1.758, Loss_clf 0.256, Loss_kd 1.502, Train_accy 92.74
2025-04-17 13:34:03,120 [icarl.py] => Task 1, Epoch 105/200 => Loss 1.714, Loss_clf 0.222, Loss_kd 1.492, Train_accy 93.84
2025-04-17 13:34:12,005 [icarl.py] => Task 1, Epoch 106/200 => Loss 1.726, Loss_clf 0.224, Loss_kd 1.502, Train_accy 93.20
2025-04-17 13:34:20,286 [icarl.py] => Task 1, Epoch 107/200 => Loss 1.712, Loss_clf 0.225, Loss_kd 1.487, Train_accy 93.64
2025-04-17 13:34:28,831 [icarl.py] => Task 1, Epoch 108/200 => Loss 1.720, Loss_clf 0.231, Loss_kd 1.489, Train_accy 93.67
2025-04-17 13:34:37,675 [icarl.py] => Task 1, Epoch 109/200 => Loss 1.703, Loss_clf 0.229, Loss_kd 1.474, Train_accy 93.94
2025-04-17 13:34:46,309 [icarl.py] => Task 1, Epoch 110/200 => Loss 1.700, Loss_clf 0.213, Loss_kd 1.487, Train_accy 94.04
2025-04-17 13:34:54,895 [icarl.py] => Task 1, Epoch 111/200 => Loss 1.707, Loss_clf 0.215, Loss_kd 1.492, Train_accy 94.07
2025-04-17 13:35:03,320 [icarl.py] => Task 1, Epoch 112/200 => Loss 1.710, Loss_clf 0.222, Loss_kd 1.488, Train_accy 94.17
2025-04-17 13:35:12,035 [icarl.py] => Task 1, Epoch 113/200 => Loss 1.681, Loss_clf 0.197, Loss_kd 1.484, Train_accy 95.00
2025-04-17 13:35:20,926 [icarl.py] => Task 1, Epoch 114/200 => Loss 1.666, Loss_clf 0.188, Loss_kd 1.478, Train_accy 94.87
2025-04-17 13:35:29,445 [icarl.py] => Task 1, Epoch 115/200 => Loss 1.678, Loss_clf 0.198, Loss_kd 1.479, Train_accy 94.80
2025-04-17 13:35:38,832 [icarl.py] => Task 1, Epoch 116/200 => Loss 1.672, Loss_clf 0.187, Loss_kd 1.485, Train_accy 94.77
2025-04-17 13:35:47,723 [icarl.py] => Task 1, Epoch 117/200 => Loss 1.672, Loss_clf 0.192, Loss_kd 1.480, Train_accy 95.23
2025-04-17 13:35:56,498 [icarl.py] => Task 1, Epoch 118/200 => Loss 1.668, Loss_clf 0.187, Loss_kd 1.482, Train_accy 95.00
2025-04-17 13:36:05,158 [icarl.py] => Task 1, Epoch 119/200 => Loss 1.657, Loss_clf 0.192, Loss_kd 1.465, Train_accy 94.80
2025-04-17 13:36:13,706 [icarl.py] => Task 1, Epoch 120/200 => Loss 1.635, Loss_clf 0.166, Loss_kd 1.469, Train_accy 95.77
2025-04-17 13:36:29,980 [icarl.py] => Task 1, Epoch 121/200 => Loss 1.649, Loss_clf 0.171, Loss_kd 1.477, Train_accy 95.43, Test_accy {'Art': 38.33, 'Clipart': 65.1, 'Real World': 43.85, 'Product': 41.53}
2025-04-17 13:36:38,382 [icarl.py] => Task 1, Epoch 122/200 => Loss 1.650, Loss_clf 0.174, Loss_kd 1.476, Train_accy 95.77
2025-04-17 13:36:46,765 [icarl.py] => Task 1, Epoch 123/200 => Loss 1.664, Loss_clf 0.193, Loss_kd 1.471, Train_accy 94.90
2025-04-17 13:36:55,715 [icarl.py] => Task 1, Epoch 124/200 => Loss 1.634, Loss_clf 0.170, Loss_kd 1.464, Train_accy 95.77
2025-04-17 13:37:04,825 [icarl.py] => Task 1, Epoch 125/200 => Loss 1.639, Loss_clf 0.173, Loss_kd 1.467, Train_accy 95.20
2025-04-17 13:37:13,416 [icarl.py] => Task 1, Epoch 126/200 => Loss 1.628, Loss_clf 0.159, Loss_kd 1.469, Train_accy 96.00
2025-04-17 13:37:22,153 [icarl.py] => Task 1, Epoch 127/200 => Loss 1.629, Loss_clf 0.157, Loss_kd 1.472, Train_accy 95.50
2025-04-17 13:37:31,475 [icarl.py] => Task 1, Epoch 128/200 => Loss 1.635, Loss_clf 0.158, Loss_kd 1.477, Train_accy 95.47
2025-04-17 13:37:40,596 [icarl.py] => Task 1, Epoch 129/200 => Loss 1.649, Loss_clf 0.171, Loss_kd 1.479, Train_accy 95.50
2025-04-17 13:37:49,473 [icarl.py] => Task 1, Epoch 130/200 => Loss 1.619, Loss_clf 0.159, Loss_kd 1.461, Train_accy 95.60
2025-04-17 13:37:58,493 [icarl.py] => Task 1, Epoch 131/200 => Loss 1.612, Loss_clf 0.148, Loss_kd 1.464, Train_accy 95.77
2025-04-17 13:38:07,446 [icarl.py] => Task 1, Epoch 132/200 => Loss 1.610, Loss_clf 0.140, Loss_kd 1.469, Train_accy 96.50
2025-04-17 13:38:16,324 [icarl.py] => Task 1, Epoch 133/200 => Loss 1.569, Loss_clf 0.118, Loss_kd 1.451, Train_accy 97.13
2025-04-17 13:38:25,095 [icarl.py] => Task 1, Epoch 134/200 => Loss 1.587, Loss_clf 0.127, Loss_kd 1.460, Train_accy 96.50
2025-04-17 13:38:33,909 [icarl.py] => Task 1, Epoch 135/200 => Loss 1.603, Loss_clf 0.129, Loss_kd 1.474, Train_accy 96.93
2025-04-17 13:38:42,431 [icarl.py] => Task 1, Epoch 136/200 => Loss 1.611, Loss_clf 0.144, Loss_kd 1.467, Train_accy 96.13
2025-04-17 13:38:51,176 [icarl.py] => Task 1, Epoch 137/200 => Loss 1.591, Loss_clf 0.122, Loss_kd 1.470, Train_accy 96.83
2025-04-17 13:38:59,831 [icarl.py] => Task 1, Epoch 138/200 => Loss 1.561, Loss_clf 0.121, Loss_kd 1.440, Train_accy 96.77
2025-04-17 13:39:08,996 [icarl.py] => Task 1, Epoch 139/200 => Loss 1.590, Loss_clf 0.127, Loss_kd 1.462, Train_accy 96.53
2025-04-17 13:39:17,833 [icarl.py] => Task 1, Epoch 140/200 => Loss 1.570, Loss_clf 0.117, Loss_kd 1.452, Train_accy 97.03
2025-04-17 13:39:33,087 [icarl.py] => Task 1, Epoch 141/200 => Loss 1.573, Loss_clf 0.122, Loss_kd 1.451, Train_accy 96.73, Test_accy {'Art': 37.22, 'Clipart': 65.1, 'Real World': 47.21, 'Product': 42.33}
2025-04-17 13:39:41,962 [icarl.py] => Task 1, Epoch 142/200 => Loss 1.566, Loss_clf 0.128, Loss_kd 1.438, Train_accy 96.43
2025-04-17 13:39:51,021 [icarl.py] => Task 1, Epoch 143/200 => Loss 1.554, Loss_clf 0.107, Loss_kd 1.448, Train_accy 97.37
2025-04-17 13:39:59,998 [icarl.py] => Task 1, Epoch 144/200 => Loss 1.577, Loss_clf 0.130, Loss_kd 1.447, Train_accy 96.63
2025-04-17 13:40:08,697 [icarl.py] => Task 1, Epoch 145/200 => Loss 1.578, Loss_clf 0.122, Loss_kd 1.456, Train_accy 97.03
2025-04-17 13:40:17,310 [icarl.py] => Task 1, Epoch 146/200 => Loss 1.590, Loss_clf 0.137, Loss_kd 1.452, Train_accy 96.63
2025-04-17 13:40:25,818 [icarl.py] => Task 1, Epoch 147/200 => Loss 1.569, Loss_clf 0.115, Loss_kd 1.455, Train_accy 96.77
2025-04-17 13:40:34,479 [icarl.py] => Task 1, Epoch 148/200 => Loss 1.575, Loss_clf 0.118, Loss_kd 1.457, Train_accy 96.93
2025-04-17 13:40:42,928 [icarl.py] => Task 1, Epoch 149/200 => Loss 1.570, Loss_clf 0.127, Loss_kd 1.442, Train_accy 96.97
2025-04-17 13:40:51,736 [icarl.py] => Task 1, Epoch 150/200 => Loss 1.570, Loss_clf 0.128, Loss_kd 1.442, Train_accy 96.83
2025-04-17 13:41:00,841 [icarl.py] => Task 1, Epoch 151/200 => Loss 1.577, Loss_clf 0.129, Loss_kd 1.448, Train_accy 96.73
2025-04-17 13:41:09,920 [icarl.py] => Task 1, Epoch 152/200 => Loss 1.565, Loss_clf 0.116, Loss_kd 1.448, Train_accy 96.90
2025-04-17 13:41:18,861 [icarl.py] => Task 1, Epoch 153/200 => Loss 1.562, Loss_clf 0.111, Loss_kd 1.451, Train_accy 97.10
2025-04-17 13:41:27,783 [icarl.py] => Task 1, Epoch 154/200 => Loss 1.554, Loss_clf 0.109, Loss_kd 1.445, Train_accy 97.20
2025-04-17 13:41:37,158 [icarl.py] => Task 1, Epoch 155/200 => Loss 1.565, Loss_clf 0.112, Loss_kd 1.453, Train_accy 97.37
2025-04-17 13:41:45,780 [icarl.py] => Task 1, Epoch 156/200 => Loss 1.557, Loss_clf 0.103, Loss_kd 1.454, Train_accy 97.37
2025-04-17 13:41:54,691 [icarl.py] => Task 1, Epoch 157/200 => Loss 1.544, Loss_clf 0.106, Loss_kd 1.438, Train_accy 97.37
2025-04-17 13:42:03,433 [icarl.py] => Task 1, Epoch 158/200 => Loss 1.566, Loss_clf 0.108, Loss_kd 1.458, Train_accy 97.27
2025-04-17 13:42:12,073 [icarl.py] => Task 1, Epoch 159/200 => Loss 1.562, Loss_clf 0.116, Loss_kd 1.446, Train_accy 96.90
2025-04-17 13:42:20,886 [icarl.py] => Task 1, Epoch 160/200 => Loss 1.525, Loss_clf 0.097, Loss_kd 1.428, Train_accy 97.60
2025-04-17 13:42:36,062 [icarl.py] => Task 1, Epoch 161/200 => Loss 1.503, Loss_clf 0.084, Loss_kd 1.419, Train_accy 97.73, Test_accy {'Art': 37.78, 'Clipart': 63.16, 'Real World': 43.58, 'Product': 40.74}
2025-04-17 13:42:45,315 [icarl.py] => Task 1, Epoch 162/200 => Loss 1.518, Loss_clf 0.093, Loss_kd 1.425, Train_accy 97.73
2025-04-17 13:42:54,196 [icarl.py] => Task 1, Epoch 163/200 => Loss 1.546, Loss_clf 0.107, Loss_kd 1.439, Train_accy 97.10
2025-04-17 13:43:02,915 [icarl.py] => Task 1, Epoch 164/200 => Loss 1.538, Loss_clf 0.103, Loss_kd 1.435, Train_accy 97.33
2025-04-17 13:43:11,873 [icarl.py] => Task 1, Epoch 165/200 => Loss 1.551, Loss_clf 0.105, Loss_kd 1.446, Train_accy 97.40
2025-04-17 13:43:21,304 [icarl.py] => Task 1, Epoch 166/200 => Loss 1.550, Loss_clf 0.108, Loss_kd 1.441, Train_accy 97.03
2025-04-17 13:43:30,144 [icarl.py] => Task 1, Epoch 167/200 => Loss 1.498, Loss_clf 0.079, Loss_kd 1.418, Train_accy 98.17
2025-04-17 13:43:38,780 [icarl.py] => Task 1, Epoch 168/200 => Loss 1.527, Loss_clf 0.090, Loss_kd 1.437, Train_accy 97.77
2025-04-17 13:43:47,775 [icarl.py] => Task 1, Epoch 169/200 => Loss 1.522, Loss_clf 0.089, Loss_kd 1.432, Train_accy 97.80
2025-04-17 13:43:57,186 [icarl.py] => Task 1, Epoch 170/200 => Loss 1.532, Loss_clf 0.105, Loss_kd 1.427, Train_accy 97.27
2025-04-17 13:44:06,441 [icarl.py] => Task 1, Epoch 171/200 => Loss 1.506, Loss_clf 0.083, Loss_kd 1.423, Train_accy 98.13
2025-04-17 13:44:15,115 [icarl.py] => Task 1, Epoch 172/200 => Loss 1.520, Loss_clf 0.092, Loss_kd 1.428, Train_accy 97.77
2025-04-17 13:44:23,844 [icarl.py] => Task 1, Epoch 173/200 => Loss 1.525, Loss_clf 0.093, Loss_kd 1.431, Train_accy 97.73
2025-04-17 13:44:32,711 [icarl.py] => Task 1, Epoch 174/200 => Loss 1.509, Loss_clf 0.088, Loss_kd 1.421, Train_accy 97.90
2025-04-17 13:44:41,293 [icarl.py] => Task 1, Epoch 175/200 => Loss 1.529, Loss_clf 0.098, Loss_kd 1.431, Train_accy 97.60
2025-04-17 13:44:50,216 [icarl.py] => Task 1, Epoch 176/200 => Loss 1.524, Loss_clf 0.096, Loss_kd 1.428, Train_accy 97.53
2025-04-17 13:44:59,030 [icarl.py] => Task 1, Epoch 177/200 => Loss 1.531, Loss_clf 0.091, Loss_kd 1.440, Train_accy 97.83
2025-04-17 13:45:07,842 [icarl.py] => Task 1, Epoch 178/200 => Loss 1.515, Loss_clf 0.093, Loss_kd 1.422, Train_accy 97.67
2025-04-17 13:45:16,489 [icarl.py] => Task 1, Epoch 179/200 => Loss 1.546, Loss_clf 0.105, Loss_kd 1.442, Train_accy 97.30
2025-04-17 13:45:25,419 [icarl.py] => Task 1, Epoch 180/200 => Loss 1.506, Loss_clf 0.080, Loss_kd 1.426, Train_accy 97.93
2025-04-17 13:45:40,519 [icarl.py] => Task 1, Epoch 181/200 => Loss 1.541, Loss_clf 0.096, Loss_kd 1.446, Train_accy 97.63, Test_accy {'Art': 38.89, 'Clipart': 65.37, 'Real World': 45.25, 'Product': 42.33}
2025-04-17 13:45:49,167 [icarl.py] => Task 1, Epoch 182/200 => Loss 1.546, Loss_clf 0.098, Loss_kd 1.448, Train_accy 97.27
2025-04-17 13:45:58,152 [icarl.py] => Task 1, Epoch 183/200 => Loss 1.520, Loss_clf 0.085, Loss_kd 1.435, Train_accy 98.07
2025-04-17 13:46:07,779 [icarl.py] => Task 1, Epoch 184/200 => Loss 1.518, Loss_clf 0.087, Loss_kd 1.431, Train_accy 97.73
2025-04-17 13:46:16,706 [icarl.py] => Task 1, Epoch 185/200 => Loss 1.519, Loss_clf 0.084, Loss_kd 1.436, Train_accy 98.17
2025-04-17 13:46:25,041 [icarl.py] => Task 1, Epoch 186/200 => Loss 1.530, Loss_clf 0.086, Loss_kd 1.443, Train_accy 98.13
2025-04-17 13:46:33,870 [icarl.py] => Task 1, Epoch 187/200 => Loss 1.525, Loss_clf 0.091, Loss_kd 1.434, Train_accy 98.17
2025-04-17 13:46:42,832 [icarl.py] => Task 1, Epoch 188/200 => Loss 1.515, Loss_clf 0.084, Loss_kd 1.431, Train_accy 98.07
2025-04-17 13:46:51,372 [icarl.py] => Task 1, Epoch 189/200 => Loss 1.522, Loss_clf 0.079, Loss_kd 1.443, Train_accy 98.13
2025-04-17 13:47:00,043 [icarl.py] => Task 1, Epoch 190/200 => Loss 1.525, Loss_clf 0.096, Loss_kd 1.430, Train_accy 97.80
2025-04-17 13:47:08,790 [icarl.py] => Task 1, Epoch 191/200 => Loss 1.512, Loss_clf 0.090, Loss_kd 1.422, Train_accy 97.90
2025-04-17 13:47:17,069 [icarl.py] => Task 1, Epoch 192/200 => Loss 1.500, Loss_clf 0.074, Loss_kd 1.426, Train_accy 98.37
2025-04-17 13:47:25,615 [icarl.py] => Task 1, Epoch 193/200 => Loss 1.549, Loss_clf 0.106, Loss_kd 1.444, Train_accy 97.37
2025-04-17 13:47:34,427 [icarl.py] => Task 1, Epoch 194/200 => Loss 1.516, Loss_clf 0.091, Loss_kd 1.425, Train_accy 97.80
2025-04-17 13:47:43,474 [icarl.py] => Task 1, Epoch 195/200 => Loss 1.506, Loss_clf 0.082, Loss_kd 1.425, Train_accy 97.97
2025-04-17 13:47:52,731 [icarl.py] => Task 1, Epoch 196/200 => Loss 1.501, Loss_clf 0.079, Loss_kd 1.422, Train_accy 97.93
2025-04-17 13:48:01,339 [icarl.py] => Task 1, Epoch 197/200 => Loss 1.496, Loss_clf 0.072, Loss_kd 1.425, Train_accy 98.33
2025-04-17 13:48:09,877 [icarl.py] => Task 1, Epoch 198/200 => Loss 1.518, Loss_clf 0.080, Loss_kd 1.438, Train_accy 98.03
2025-04-17 13:48:18,699 [icarl.py] => Task 1, Epoch 199/200 => Loss 1.517, Loss_clf 0.082, Loss_kd 1.435, Train_accy 98.40
2025-04-17 13:48:26,865 [icarl.py] => Task 1, Epoch 200/200 => Loss 1.532, Loss_clf 0.099, Loss_kd 1.433, Train_accy 97.40
2025-04-17 13:48:26,866 [base.py] => Reducing exemplars...(50 per classes)
2025-04-17 13:48:38,034 [base.py] => Constructing exemplars...(50 per classes)
2025-04-17 13:49:18,842 [icarl.py] => Exemplar size: 1300
2025-04-17 13:49:19,579 [trainer.py] => CNN [Art]: {'total': 38.33, '00-12': 44.09, '13-25': 32.18, 'old': 44.09, 'new': 32.18}
2025-04-17 13:49:19,580 [trainer.py] => NME [Art]: {'total': 43.89, '00-12': 50.54, '13-25': 36.78, 'old': 50.54, 'new': 36.78}
2025-04-17 13:49:19,580 [trainer.py] => CNN [Art] top1 curve: [48.39, 38.33]
2025-04-17 13:49:19,580 [trainer.py] => CNN [Art] top5 curve: [75.27, 64.44]
2025-04-17 13:49:19,580 [trainer.py] => NME [Art] top1 curve: [52.69, 43.89]
2025-04-17 13:49:19,580 [trainer.py] => NME [Art] top5 curve: [80.65, 69.44]
2025-04-17 13:49:19,580 [trainer.py] => Average Accuracy [Art] (CNN): 43.36
2025-04-17 13:49:19,580 [trainer.py] => Average Accuracy [Art] (NME): 48.29
2025-04-17 13:49:19,580 [trainer.py] => CNN [Clipart]: {'total': 64.27, '00-12': 65.73, '13-25': 62.84, 'old': 65.73, 'new': 62.84}
2025-04-17 13:49:19,580 [trainer.py] => NME [Clipart]: {'total': 65.65, '00-12': 68.54, '13-25': 62.84, 'old': 68.54, 'new': 62.84}
2025-04-17 13:49:19,580 [trainer.py] => CNN [Clipart] top1 curve: [71.91, 64.27]
2025-04-17 13:49:19,580 [trainer.py] => CNN [Clipart] top5 curve: [92.13, 81.72]
2025-04-17 13:49:19,580 [trainer.py] => NME [Clipart] top1 curve: [70.79, 65.65]
2025-04-17 13:49:19,580 [trainer.py] => NME [Clipart] top5 curve: [92.13, 85.04]
2025-04-17 13:49:19,580 [trainer.py] => Average Accuracy [Clipart] (CNN): 68.09
2025-04-17 13:49:19,580 [trainer.py] => Average Accuracy [Clipart] (NME): 68.22
2025-04-17 13:49:19,580 [trainer.py] => CNN [Product]: {'total': 43.12, '00-12': 52.4, '13-25': 31.76, 'old': 52.4, 'new': 31.76}
2025-04-17 13:49:19,580 [trainer.py] => NME [Product]: {'total': 42.59, '00-12': 50.0, '13-25': 33.53, 'old': 50.0, 'new': 33.53}
2025-04-17 13:49:19,580 [trainer.py] => CNN [Product] top1 curve: [56.73, 43.12]
2025-04-17 13:49:19,580 [trainer.py] => CNN [Product] top5 curve: [88.94, 71.96]
2025-04-17 13:49:19,580 [trainer.py] => NME [Product] top1 curve: [52.88, 42.59]
2025-04-17 13:49:19,580 [trainer.py] => NME [Product] top5 curve: [89.9, 75.93]
2025-04-17 13:49:19,580 [trainer.py] => Average Accuracy [Product] (CNN): 49.925
2025-04-17 13:49:19,580 [trainer.py] => Average Accuracy [Product] (NME): 47.735
2025-04-17 13:49:19,580 [trainer.py] => CNN [Real World]: {'total': 47.49, '00-12': 55.43, '13-25': 39.08, 'old': 55.43, 'new': 39.08}
2025-04-17 13:49:19,581 [trainer.py] => NME [Real World]: {'total': 49.16, '00-12': 56.52, '13-25': 41.38, 'old': 56.52, 'new': 41.38}
2025-04-17 13:49:19,581 [trainer.py] => CNN [Real World] top1 curve: [57.07, 47.49]
2025-04-17 13:49:19,581 [trainer.py] => CNN [Real World] top5 curve: [86.96, 75.42]
2025-04-17 13:49:19,581 [trainer.py] => NME [Real World] top1 curve: [57.61, 49.16]
2025-04-17 13:49:19,581 [trainer.py] => NME [Real World] top5 curve: [89.67, 78.77]
2025-04-17 13:49:19,581 [trainer.py] => Average Accuracy [Real World] (CNN): 52.28
2025-04-17 13:49:19,581 [trainer.py] => Average Accuracy [Real World] (NME): 53.385
2025-04-17 13:49:19,581 [trainer.py] => NME Harmonic Mean : 47.1884
2025-04-17 13:49:19,581 [trainer.py] => NME Macro Mean : 50.3225
2025-04-17 13:49:19,581 [trainer.py] => CNN Harmonic Mean : 46.3187
2025-04-17 13:49:19,581 [trainer.py] => CNN Macro Mean : 48.3025
2025-04-17 13:49:19,581 [trainer.py] => All params: 21338024
2025-04-17 13:49:19,582 [trainer.py] => Trainable params: 21338024
2025-04-17 13:49:19,583 [icarl.py] => Learning on 26-39
2025-04-17 13:49:35,818 [icarl.py] => Task 2, Epoch 1/200 => Loss 5.923, Loss_clf 3.308, Loss_kd 2.615, Train_accy 25.50, Test_accy {'Art': 11.07, 'Clipart': 21.18, 'Real World': 20.04, 'Product': 8.98}
2025-04-17 13:49:44,516 [icarl.py] => Task 2, Epoch 2/200 => Loss 4.991, Loss_clf 2.467, Loss_kd 2.524, Train_accy 31.06
2025-04-17 13:49:53,298 [icarl.py] => Task 2, Epoch 3/200 => Loss 4.549, Loss_clf 2.129, Loss_kd 2.420, Train_accy 38.73
2025-04-17 13:50:02,335 [icarl.py] => Task 2, Epoch 4/200 => Loss 4.331, Loss_clf 1.962, Loss_kd 2.368, Train_accy 43.70
2025-04-17 13:50:11,114 [icarl.py] => Task 2, Epoch 5/200 => Loss 4.157, Loss_clf 1.834, Loss_kd 2.322, Train_accy 47.29
2025-04-17 13:50:19,809 [icarl.py] => Task 2, Epoch 6/200 => Loss 3.958, Loss_clf 1.670, Loss_kd 2.288, Train_accy 51.00
2025-04-17 13:50:29,068 [icarl.py] => Task 2, Epoch 7/200 => Loss 3.934, Loss_clf 1.628, Loss_kd 2.306, Train_accy 52.52
2025-04-17 13:50:37,927 [icarl.py] => Task 2, Epoch 8/200 => Loss 3.819, Loss_clf 1.544, Loss_kd 2.275, Train_accy 54.82
2025-04-17 13:50:46,720 [icarl.py] => Task 2, Epoch 9/200 => Loss 3.759, Loss_clf 1.485, Loss_kd 2.274, Train_accy 56.30
2025-04-17 13:50:55,433 [icarl.py] => Task 2, Epoch 10/200 => Loss 3.587, Loss_clf 1.349, Loss_kd 2.239, Train_accy 61.24
2025-04-17 13:51:03,855 [icarl.py] => Task 2, Epoch 11/200 => Loss 3.559, Loss_clf 1.329, Loss_kd 2.230, Train_accy 60.64
2025-04-17 13:51:12,354 [icarl.py] => Task 2, Epoch 12/200 => Loss 3.443, Loss_clf 1.231, Loss_kd 2.212, Train_accy 63.71
2025-04-17 13:51:21,183 [icarl.py] => Task 2, Epoch 13/200 => Loss 3.406, Loss_clf 1.193, Loss_kd 2.213, Train_accy 65.61
2025-04-17 13:51:29,591 [icarl.py] => Task 2, Epoch 14/200 => Loss 3.390, Loss_clf 1.166, Loss_kd 2.224, Train_accy 65.91
2025-04-17 13:51:38,679 [icarl.py] => Task 2, Epoch 15/200 => Loss 3.284, Loss_clf 1.085, Loss_kd 2.199, Train_accy 67.65
2025-04-17 13:51:47,621 [icarl.py] => Task 2, Epoch 16/200 => Loss 3.199, Loss_clf 1.017, Loss_kd 2.181, Train_accy 69.36
2025-04-17 13:51:56,366 [icarl.py] => Task 2, Epoch 17/200 => Loss 3.192, Loss_clf 1.005, Loss_kd 2.187, Train_accy 70.48
2025-04-17 13:52:05,494 [icarl.py] => Task 2, Epoch 18/200 => Loss 3.190, Loss_clf 1.003, Loss_kd 2.187, Train_accy 71.41
2025-04-17 13:52:14,286 [icarl.py] => Task 2, Epoch 19/200 => Loss 3.061, Loss_clf 0.907, Loss_kd 2.154, Train_accy 73.48
2025-04-17 13:52:23,389 [icarl.py] => Task 2, Epoch 20/200 => Loss 3.104, Loss_clf 0.921, Loss_kd 2.183, Train_accy 73.05
2025-04-17 13:52:39,873 [icarl.py] => Task 2, Epoch 21/200 => Loss 3.024, Loss_clf 0.860, Loss_kd 2.164, Train_accy 74.99, Test_accy {'Art': 20.76, 'Clipart': 41.22, 'Real World': 34.32, 'Product': 27.29}
2025-04-17 13:52:48,509 [icarl.py] => Task 2, Epoch 22/200 => Loss 3.034, Loss_clf 0.859, Loss_kd 2.174, Train_accy 74.99
2025-04-17 13:52:57,301 [icarl.py] => Task 2, Epoch 23/200 => Loss 2.883, Loss_clf 0.753, Loss_kd 2.130, Train_accy 78.71
2025-04-17 13:53:05,860 [icarl.py] => Task 2, Epoch 24/200 => Loss 2.914, Loss_clf 0.773, Loss_kd 2.141, Train_accy 78.12
2025-04-17 13:53:14,721 [icarl.py] => Task 2, Epoch 25/200 => Loss 2.927, Loss_clf 0.783, Loss_kd 2.144, Train_accy 77.79
2025-04-17 13:53:23,341 [icarl.py] => Task 2, Epoch 26/200 => Loss 2.844, Loss_clf 0.719, Loss_kd 2.125, Train_accy 79.66
2025-04-17 13:53:31,992 [icarl.py] => Task 2, Epoch 27/200 => Loss 2.783, Loss_clf 0.661, Loss_kd 2.122, Train_accy 81.01
2025-04-17 13:53:41,410 [icarl.py] => Task 2, Epoch 28/200 => Loss 2.770, Loss_clf 0.654, Loss_kd 2.116, Train_accy 81.44
2025-04-17 13:53:49,893 [icarl.py] => Task 2, Epoch 29/200 => Loss 2.705, Loss_clf 0.607, Loss_kd 2.098, Train_accy 81.64
2025-04-17 13:53:58,539 [icarl.py] => Task 2, Epoch 30/200 => Loss 2.739, Loss_clf 0.626, Loss_kd 2.113, Train_accy 82.07
2025-04-17 13:54:07,122 [icarl.py] => Task 2, Epoch 31/200 => Loss 2.708, Loss_clf 0.606, Loss_kd 2.102, Train_accy 82.99
2025-04-17 13:54:15,704 [icarl.py] => Task 2, Epoch 32/200 => Loss 2.663, Loss_clf 0.568, Loss_kd 2.095, Train_accy 84.86
2025-04-17 13:54:24,264 [icarl.py] => Task 2, Epoch 33/200 => Loss 2.651, Loss_clf 0.552, Loss_kd 2.099, Train_accy 84.21
2025-04-17 13:54:33,069 [icarl.py] => Task 2, Epoch 34/200 => Loss 2.664, Loss_clf 0.573, Loss_kd 2.091, Train_accy 83.71
2025-04-17 13:54:41,988 [icarl.py] => Task 2, Epoch 35/200 => Loss 2.662, Loss_clf 0.568, Loss_kd 2.094, Train_accy 83.15
2025-04-17 13:54:51,088 [icarl.py] => Task 2, Epoch 36/200 => Loss 2.692, Loss_clf 0.596, Loss_kd 2.096, Train_accy 83.32
2025-04-17 13:55:00,007 [icarl.py] => Task 2, Epoch 37/200 => Loss 2.647, Loss_clf 0.545, Loss_kd 2.102, Train_accy 84.11
2025-04-17 13:55:08,606 [icarl.py] => Task 2, Epoch 38/200 => Loss 2.551, Loss_clf 0.489, Loss_kd 2.061, Train_accy 86.05
2025-04-17 13:55:17,474 [icarl.py] => Task 2, Epoch 39/200 => Loss 2.591, Loss_clf 0.512, Loss_kd 2.079, Train_accy 85.03
2025-04-17 13:55:26,114 [icarl.py] => Task 2, Epoch 40/200 => Loss 2.603, Loss_clf 0.515, Loss_kd 2.087, Train_accy 85.46
2025-04-17 13:55:42,647 [icarl.py] => Task 2, Epoch 41/200 => Loss 2.545, Loss_clf 0.477, Loss_kd 2.067, Train_accy 86.48, Test_accy {'Art': 21.45, 'Clipart': 44.66, 'Real World': 36.55, 'Product': 32.04}
2025-04-17 13:55:51,573 [icarl.py] => Task 2, Epoch 42/200 => Loss 2.568, Loss_clf 0.485, Loss_kd 2.083, Train_accy 85.78
2025-04-17 13:56:00,695 [icarl.py] => Task 2, Epoch 43/200 => Loss 2.587, Loss_clf 0.502, Loss_kd 2.084, Train_accy 86.38
2025-04-17 13:56:09,741 [icarl.py] => Task 2, Epoch 44/200 => Loss 2.580, Loss_clf 0.506, Loss_kd 2.073, Train_accy 86.15
2025-04-17 13:56:18,221 [icarl.py] => Task 2, Epoch 45/200 => Loss 2.516, Loss_clf 0.445, Loss_kd 2.070, Train_accy 87.59
2025-04-17 13:56:26,968 [icarl.py] => Task 2, Epoch 46/200 => Loss 2.502, Loss_clf 0.441, Loss_kd 2.061, Train_accy 87.50
2025-04-17 13:56:35,718 [icarl.py] => Task 2, Epoch 47/200 => Loss 2.515, Loss_clf 0.452, Loss_kd 2.063, Train_accy 87.30
2025-04-17 13:56:44,897 [icarl.py] => Task 2, Epoch 48/200 => Loss 2.518, Loss_clf 0.466, Loss_kd 2.052, Train_accy 87.07
2025-04-17 13:56:53,806 [icarl.py] => Task 2, Epoch 49/200 => Loss 2.524, Loss_clf 0.453, Loss_kd 2.071, Train_accy 87.59
2025-04-17 13:57:02,459 [icarl.py] => Task 2, Epoch 50/200 => Loss 2.536, Loss_clf 0.453, Loss_kd 2.083, Train_accy 87.20
2025-04-17 13:57:11,124 [icarl.py] => Task 2, Epoch 51/200 => Loss 2.459, Loss_clf 0.395, Loss_kd 2.064, Train_accy 89.34
2025-04-17 13:57:19,826 [icarl.py] => Task 2, Epoch 52/200 => Loss 2.448, Loss_clf 0.403, Loss_kd 2.045, Train_accy 88.38
2025-04-17 13:57:28,702 [icarl.py] => Task 2, Epoch 53/200 => Loss 2.425, Loss_clf 0.384, Loss_kd 2.041, Train_accy 89.14
2025-04-17 13:57:37,178 [icarl.py] => Task 2, Epoch 54/200 => Loss 2.463, Loss_clf 0.398, Loss_kd 2.066, Train_accy 88.98
2025-04-17 13:57:45,898 [icarl.py] => Task 2, Epoch 55/200 => Loss 2.432, Loss_clf 0.389, Loss_kd 2.043, Train_accy 88.68
2025-04-17 13:57:54,535 [icarl.py] => Task 2, Epoch 56/200 => Loss 2.411, Loss_clf 0.371, Loss_kd 2.040, Train_accy 89.21
2025-04-17 13:58:03,553 [icarl.py] => Task 2, Epoch 57/200 => Loss 2.436, Loss_clf 0.404, Loss_kd 2.032, Train_accy 89.37
2025-04-17 13:58:13,194 [icarl.py] => Task 2, Epoch 58/200 => Loss 2.441, Loss_clf 0.393, Loss_kd 2.048, Train_accy 88.48
2025-04-17 13:58:22,038 [icarl.py] => Task 2, Epoch 59/200 => Loss 2.432, Loss_clf 0.380, Loss_kd 2.052, Train_accy 88.94
2025-04-17 13:58:30,778 [icarl.py] => Task 2, Epoch 60/200 => Loss 2.384, Loss_clf 0.362, Loss_kd 2.022, Train_accy 89.63
2025-04-17 13:58:47,650 [icarl.py] => Task 2, Epoch 61/200 => Loss 2.431, Loss_clf 0.380, Loss_kd 2.051, Train_accy 89.57, Test_accy {'Art': 24.22, 'Clipart': 43.13, 'Real World': 34.51, 'Product': 26.94}
2025-04-17 13:58:56,224 [icarl.py] => Task 2, Epoch 62/200 => Loss 2.360, Loss_clf 0.339, Loss_kd 2.021, Train_accy 90.59
2025-04-17 13:59:05,092 [icarl.py] => Task 2, Epoch 63/200 => Loss 2.353, Loss_clf 0.331, Loss_kd 2.021, Train_accy 91.18
2025-04-17 13:59:14,066 [icarl.py] => Task 2, Epoch 64/200 => Loss 2.304, Loss_clf 0.289, Loss_kd 2.016, Train_accy 92.23
2025-04-17 13:59:22,732 [icarl.py] => Task 2, Epoch 65/200 => Loss 2.354, Loss_clf 0.322, Loss_kd 2.031, Train_accy 91.15
2025-04-17 13:59:31,265 [icarl.py] => Task 2, Epoch 66/200 => Loss 2.339, Loss_clf 0.322, Loss_kd 2.017, Train_accy 90.98
2025-04-17 13:59:40,026 [icarl.py] => Task 2, Epoch 67/200 => Loss 2.355, Loss_clf 0.324, Loss_kd 2.031, Train_accy 91.48
2025-04-17 13:59:48,797 [icarl.py] => Task 2, Epoch 68/200 => Loss 2.318, Loss_clf 0.301, Loss_kd 2.016, Train_accy 91.58
2025-04-17 13:59:57,396 [icarl.py] => Task 2, Epoch 69/200 => Loss 2.341, Loss_clf 0.313, Loss_kd 2.028, Train_accy 91.28
2025-04-17 14:00:06,110 [icarl.py] => Task 2, Epoch 70/200 => Loss 2.314, Loss_clf 0.307, Loss_kd 2.008, Train_accy 91.51
2025-04-17 14:00:14,553 [icarl.py] => Task 2, Epoch 71/200 => Loss 2.366, Loss_clf 0.337, Loss_kd 2.029, Train_accy 90.49
2025-04-17 14:00:23,037 [icarl.py] => Task 2, Epoch 72/200 => Loss 2.311, Loss_clf 0.312, Loss_kd 1.999, Train_accy 91.51
2025-04-17 14:00:31,867 [icarl.py] => Task 2, Epoch 73/200 => Loss 2.259, Loss_clf 0.262, Loss_kd 1.997, Train_accy 92.37
2025-04-17 14:00:40,679 [icarl.py] => Task 2, Epoch 74/200 => Loss 2.290, Loss_clf 0.290, Loss_kd 2.000, Train_accy 91.71
2025-04-17 14:00:49,866 [icarl.py] => Task 2, Epoch 75/200 => Loss 2.325, Loss_clf 0.312, Loss_kd 2.013, Train_accy 91.35
2025-04-17 14:00:58,534 [icarl.py] => Task 2, Epoch 76/200 => Loss 2.329, Loss_clf 0.313, Loss_kd 2.017, Train_accy 91.08
2025-04-17 14:01:07,186 [icarl.py] => Task 2, Epoch 77/200 => Loss 2.321, Loss_clf 0.298, Loss_kd 2.024, Train_accy 91.67
2025-04-17 14:01:15,944 [icarl.py] => Task 2, Epoch 78/200 => Loss 2.343, Loss_clf 0.316, Loss_kd 2.027, Train_accy 90.98
2025-04-17 14:01:24,788 [icarl.py] => Task 2, Epoch 79/200 => Loss 2.285, Loss_clf 0.275, Loss_kd 2.011, Train_accy 92.73
2025-04-17 14:01:33,531 [icarl.py] => Task 2, Epoch 80/200 => Loss 2.266, Loss_clf 0.276, Loss_kd 1.990, Train_accy 92.63
2025-04-17 14:01:50,431 [icarl.py] => Task 2, Epoch 81/200 => Loss 2.272, Loss_clf 0.274, Loss_kd 1.998, Train_accy 92.69, Test_accy {'Art': 27.68, 'Clipart': 49.05, 'Real World': 37.29, 'Product': 29.93}
2025-04-17 14:01:59,337 [icarl.py] => Task 2, Epoch 82/200 => Loss 2.283, Loss_clf 0.279, Loss_kd 2.004, Train_accy 92.73
2025-04-17 14:02:08,529 [icarl.py] => Task 2, Epoch 83/200 => Loss 2.260, Loss_clf 0.256, Loss_kd 2.004, Train_accy 93.39
2025-04-17 14:02:17,119 [icarl.py] => Task 2, Epoch 84/200 => Loss 2.238, Loss_clf 0.251, Loss_kd 1.988, Train_accy 93.32
2025-04-17 14:02:26,026 [icarl.py] => Task 2, Epoch 85/200 => Loss 2.243, Loss_clf 0.254, Loss_kd 1.989, Train_accy 92.76
2025-04-17 14:02:34,810 [icarl.py] => Task 2, Epoch 86/200 => Loss 2.212, Loss_clf 0.229, Loss_kd 1.984, Train_accy 93.52
2025-04-17 14:02:43,416 [icarl.py] => Task 2, Epoch 87/200 => Loss 2.218, Loss_clf 0.229, Loss_kd 1.989, Train_accy 93.88
2025-04-17 14:02:52,441 [icarl.py] => Task 2, Epoch 88/200 => Loss 2.226, Loss_clf 0.249, Loss_kd 1.977, Train_accy 92.93
2025-04-17 14:03:01,245 [icarl.py] => Task 2, Epoch 89/200 => Loss 2.261, Loss_clf 0.254, Loss_kd 2.007, Train_accy 93.35
2025-04-17 14:03:10,140 [icarl.py] => Task 2, Epoch 90/200 => Loss 2.182, Loss_clf 0.210, Loss_kd 1.972, Train_accy 94.31
2025-04-17 14:03:18,940 [icarl.py] => Task 2, Epoch 91/200 => Loss 2.229, Loss_clf 0.245, Loss_kd 1.984, Train_accy 92.96
2025-04-17 14:03:27,791 [icarl.py] => Task 2, Epoch 92/200 => Loss 2.182, Loss_clf 0.196, Loss_kd 1.986, Train_accy 94.64
2025-04-17 14:03:36,788 [icarl.py] => Task 2, Epoch 93/200 => Loss 2.214, Loss_clf 0.241, Loss_kd 1.973, Train_accy 93.35
2025-04-17 14:03:45,807 [icarl.py] => Task 2, Epoch 94/200 => Loss 2.185, Loss_clf 0.219, Loss_kd 1.966, Train_accy 94.34
2025-04-17 14:03:54,690 [icarl.py] => Task 2, Epoch 95/200 => Loss 2.168, Loss_clf 0.204, Loss_kd 1.964, Train_accy 94.83
2025-04-17 14:04:03,651 [icarl.py] => Task 2, Epoch 96/200 => Loss 2.224, Loss_clf 0.245, Loss_kd 1.979, Train_accy 92.96
2025-04-17 14:04:12,533 [icarl.py] => Task 2, Epoch 97/200 => Loss 2.201, Loss_clf 0.216, Loss_kd 1.985, Train_accy 94.14
2025-04-17 14:04:21,458 [icarl.py] => Task 2, Epoch 98/200 => Loss 2.172, Loss_clf 0.211, Loss_kd 1.961, Train_accy 94.44
2025-04-17 14:04:30,595 [icarl.py] => Task 2, Epoch 99/200 => Loss 2.190, Loss_clf 0.221, Loss_kd 1.969, Train_accy 94.18
2025-04-17 14:04:39,510 [icarl.py] => Task 2, Epoch 100/200 => Loss 2.157, Loss_clf 0.195, Loss_kd 1.962, Train_accy 95.10
2025-04-17 14:04:56,475 [icarl.py] => Task 2, Epoch 101/200 => Loss 2.164, Loss_clf 0.191, Loss_kd 1.973, Train_accy 94.97, Test_accy {'Art': 25.61, 'Clipart': 47.33, 'Real World': 39.33, 'Product': 31.87}
2025-04-17 14:05:05,251 [icarl.py] => Task 2, Epoch 102/200 => Loss 2.139, Loss_clf 0.194, Loss_kd 1.945, Train_accy 95.20
2025-04-17 14:05:14,186 [icarl.py] => Task 2, Epoch 103/200 => Loss 2.168, Loss_clf 0.202, Loss_kd 1.966, Train_accy 94.64
2025-04-17 14:05:23,075 [icarl.py] => Task 2, Epoch 104/200 => Loss 2.150, Loss_clf 0.188, Loss_kd 1.962, Train_accy 95.10
2025-04-17 14:05:32,092 [icarl.py] => Task 2, Epoch 105/200 => Loss 2.133, Loss_clf 0.173, Loss_kd 1.960, Train_accy 95.36
2025-04-17 14:05:40,492 [icarl.py] => Task 2, Epoch 106/200 => Loss 2.134, Loss_clf 0.180, Loss_kd 1.954, Train_accy 95.20
2025-04-17 14:05:49,195 [icarl.py] => Task 2, Epoch 107/200 => Loss 2.134, Loss_clf 0.177, Loss_kd 1.957, Train_accy 95.16
2025-04-17 14:05:58,186 [icarl.py] => Task 2, Epoch 108/200 => Loss 2.105, Loss_clf 0.153, Loss_kd 1.953, Train_accy 96.05
2025-04-17 14:06:06,994 [icarl.py] => Task 2, Epoch 109/200 => Loss 2.119, Loss_clf 0.169, Loss_kd 1.950, Train_accy 95.39
2025-04-17 14:06:15,823 [icarl.py] => Task 2, Epoch 110/200 => Loss 2.106, Loss_clf 0.159, Loss_kd 1.947, Train_accy 95.69
2025-04-17 14:06:24,622 [icarl.py] => Task 2, Epoch 111/200 => Loss 2.128, Loss_clf 0.173, Loss_kd 1.954, Train_accy 95.56
2025-04-17 14:06:33,652 [icarl.py] => Task 2, Epoch 112/200 => Loss 2.106, Loss_clf 0.161, Loss_kd 1.945, Train_accy 95.95
2025-04-17 14:06:42,251 [icarl.py] => Task 2, Epoch 113/200 => Loss 2.071, Loss_clf 0.141, Loss_kd 1.930, Train_accy 96.54
2025-04-17 14:06:50,927 [icarl.py] => Task 2, Epoch 114/200 => Loss 2.110, Loss_clf 0.158, Loss_kd 1.952, Train_accy 95.79
2025-04-17 14:06:59,898 [icarl.py] => Task 2, Epoch 115/200 => Loss 2.094, Loss_clf 0.163, Loss_kd 1.931, Train_accy 95.52
2025-04-17 14:07:08,664 [icarl.py] => Task 2, Epoch 116/200 => Loss 2.096, Loss_clf 0.163, Loss_kd 1.933, Train_accy 95.56
2025-04-17 14:07:17,521 [icarl.py] => Task 2, Epoch 117/200 => Loss 2.118, Loss_clf 0.171, Loss_kd 1.947, Train_accy 95.82
2025-04-17 14:07:26,159 [icarl.py] => Task 2, Epoch 118/200 => Loss 2.076, Loss_clf 0.139, Loss_kd 1.937, Train_accy 96.58
2025-04-17 14:07:34,443 [icarl.py] => Task 2, Epoch 119/200 => Loss 2.110, Loss_clf 0.167, Loss_kd 1.944, Train_accy 95.62
2025-04-17 14:07:43,335 [icarl.py] => Task 2, Epoch 120/200 => Loss 2.085, Loss_clf 0.151, Loss_kd 1.934, Train_accy 96.12
2025-04-17 14:08:00,253 [icarl.py] => Task 2, Epoch 121/200 => Loss 2.054, Loss_clf 0.128, Loss_kd 1.926, Train_accy 96.97, Test_accy {'Art': 28.72, 'Clipart': 51.53, 'Real World': 41.19, 'Product': 33.98}
2025-04-17 14:08:09,095 [icarl.py] => Task 2, Epoch 122/200 => Loss 2.094, Loss_clf 0.158, Loss_kd 1.936, Train_accy 96.02
2025-04-17 14:08:18,105 [icarl.py] => Task 2, Epoch 123/200 => Loss 2.102, Loss_clf 0.169, Loss_kd 1.933, Train_accy 95.43
2025-04-17 14:08:27,295 [icarl.py] => Task 2, Epoch 124/200 => Loss 2.103, Loss_clf 0.162, Loss_kd 1.941, Train_accy 95.66
2025-04-17 14:08:35,523 [icarl.py] => Task 2, Epoch 125/200 => Loss 2.066, Loss_clf 0.140, Loss_kd 1.926, Train_accy 96.28
2025-04-17 14:08:44,385 [icarl.py] => Task 2, Epoch 126/200 => Loss 2.049, Loss_clf 0.131, Loss_kd 1.918, Train_accy 96.64
2025-04-17 14:08:53,029 [icarl.py] => Task 2, Epoch 127/200 => Loss 2.030, Loss_clf 0.121, Loss_kd 1.909, Train_accy 97.01
2025-04-17 14:09:01,965 [icarl.py] => Task 2, Epoch 128/200 => Loss 2.051, Loss_clf 0.123, Loss_kd 1.928, Train_accy 96.84
2025-04-17 14:09:10,947 [icarl.py] => Task 2, Epoch 129/200 => Loss 2.050, Loss_clf 0.134, Loss_kd 1.916, Train_accy 96.61
2025-04-17 14:09:19,316 [icarl.py] => Task 2, Epoch 130/200 => Loss 2.047, Loss_clf 0.117, Loss_kd 1.930, Train_accy 96.94
2025-04-17 14:09:27,703 [icarl.py] => Task 2, Epoch 131/200 => Loss 2.017, Loss_clf 0.106, Loss_kd 1.911, Train_accy 97.17
2025-04-17 14:09:36,796 [icarl.py] => Task 2, Epoch 132/200 => Loss 2.057, Loss_clf 0.125, Loss_kd 1.932, Train_accy 97.17
2025-04-17 14:09:45,706 [icarl.py] => Task 2, Epoch 133/200 => Loss 2.019, Loss_clf 0.102, Loss_kd 1.918, Train_accy 97.63
2025-04-17 14:09:54,674 [icarl.py] => Task 2, Epoch 134/200 => Loss 2.025, Loss_clf 0.118, Loss_kd 1.907, Train_accy 97.01
2025-04-17 14:10:03,822 [icarl.py] => Task 2, Epoch 135/200 => Loss 2.018, Loss_clf 0.102, Loss_kd 1.916, Train_accy 97.47
2025-04-17 14:10:13,797 [icarl.py] => Task 2, Epoch 136/200 => Loss 2.031, Loss_clf 0.115, Loss_kd 1.916, Train_accy 97.27
2025-04-17 14:10:22,840 [icarl.py] => Task 2, Epoch 137/200 => Loss 2.020, Loss_clf 0.104, Loss_kd 1.916, Train_accy 97.66
2025-04-17 14:10:31,786 [icarl.py] => Task 2, Epoch 138/200 => Loss 2.014, Loss_clf 0.104, Loss_kd 1.910, Train_accy 97.56
2025-04-17 14:10:40,594 [icarl.py] => Task 2, Epoch 139/200 => Loss 2.027, Loss_clf 0.108, Loss_kd 1.919, Train_accy 96.97
2025-04-17 14:10:49,683 [icarl.py] => Task 2, Epoch 140/200 => Loss 1.999, Loss_clf 0.088, Loss_kd 1.911, Train_accy 97.93
2025-04-17 14:11:06,282 [icarl.py] => Task 2, Epoch 141/200 => Loss 1.986, Loss_clf 0.087, Loss_kd 1.899, Train_accy 98.09, Test_accy {'Art': 28.72, 'Clipart': 52.48, 'Real World': 43.23, 'Product': 34.68}
2025-04-17 14:11:14,930 [icarl.py] => Task 2, Epoch 142/200 => Loss 2.000, Loss_clf 0.105, Loss_kd 1.896, Train_accy 97.20
2025-04-17 14:11:23,774 [icarl.py] => Task 2, Epoch 143/200 => Loss 2.045, Loss_clf 0.121, Loss_kd 1.924, Train_accy 97.14
2025-04-17 14:11:32,925 [icarl.py] => Task 2, Epoch 144/200 => Loss 2.010, Loss_clf 0.101, Loss_kd 1.909, Train_accy 97.76
2025-04-17 14:11:41,822 [icarl.py] => Task 2, Epoch 145/200 => Loss 2.008, Loss_clf 0.093, Loss_kd 1.915, Train_accy 97.86
2025-04-17 14:11:51,075 [icarl.py] => Task 2, Epoch 146/200 => Loss 1.996, Loss_clf 0.097, Loss_kd 1.900, Train_accy 97.89
2025-04-17 14:12:00,152 [icarl.py] => Task 2, Epoch 147/200 => Loss 2.017, Loss_clf 0.107, Loss_kd 1.910, Train_accy 97.50
2025-04-17 14:12:09,233 [icarl.py] => Task 2, Epoch 148/200 => Loss 2.022, Loss_clf 0.103, Loss_kd 1.919, Train_accy 97.70
2025-04-17 14:12:18,261 [icarl.py] => Task 2, Epoch 149/200 => Loss 2.007, Loss_clf 0.104, Loss_kd 1.903, Train_accy 97.60
2025-04-17 14:12:26,911 [icarl.py] => Task 2, Epoch 150/200 => Loss 2.032, Loss_clf 0.105, Loss_kd 1.927, Train_accy 97.47
2025-04-17 14:12:35,972 [icarl.py] => Task 2, Epoch 151/200 => Loss 2.008, Loss_clf 0.096, Loss_kd 1.912, Train_accy 97.73
2025-04-17 14:12:44,786 [icarl.py] => Task 2, Epoch 152/200 => Loss 2.003, Loss_clf 0.094, Loss_kd 1.909, Train_accy 97.73
2025-04-17 14:12:53,169 [icarl.py] => Task 2, Epoch 153/200 => Loss 1.990, Loss_clf 0.093, Loss_kd 1.897, Train_accy 97.76
2025-04-17 14:13:02,070 [icarl.py] => Task 2, Epoch 154/200 => Loss 1.980, Loss_clf 0.089, Loss_kd 1.891, Train_accy 97.93
2025-04-17 14:13:11,296 [icarl.py] => Task 2, Epoch 155/200 => Loss 1.974, Loss_clf 0.084, Loss_kd 1.890, Train_accy 98.16
2025-04-17 14:13:20,163 [icarl.py] => Task 2, Epoch 156/200 => Loss 1.978, Loss_clf 0.088, Loss_kd 1.890, Train_accy 98.03
2025-04-17 14:13:29,438 [icarl.py] => Task 2, Epoch 157/200 => Loss 1.970, Loss_clf 0.075, Loss_kd 1.895, Train_accy 98.39
2025-04-17 14:13:38,475 [icarl.py] => Task 2, Epoch 158/200 => Loss 1.976, Loss_clf 0.088, Loss_kd 1.887, Train_accy 97.93
2025-04-17 14:13:47,811 [icarl.py] => Task 2, Epoch 159/200 => Loss 1.980, Loss_clf 0.090, Loss_kd 1.891, Train_accy 97.86
2025-04-17 14:13:56,611 [icarl.py] => Task 2, Epoch 160/200 => Loss 1.973, Loss_clf 0.086, Loss_kd 1.887, Train_accy 98.19
2025-04-17 14:14:12,357 [icarl.py] => Task 2, Epoch 161/200 => Loss 2.003, Loss_clf 0.094, Loss_kd 1.909, Train_accy 97.96, Test_accy {'Art': 30.8, 'Clipart': 55.53, 'Real World': 44.71, 'Product': 35.56}
2025-04-17 14:14:21,161 [icarl.py] => Task 2, Epoch 162/200 => Loss 1.964, Loss_clf 0.078, Loss_kd 1.886, Train_accy 98.06
2025-04-17 14:14:30,504 [icarl.py] => Task 2, Epoch 163/200 => Loss 1.999, Loss_clf 0.096, Loss_kd 1.903, Train_accy 97.73
2025-04-17 14:14:39,451 [icarl.py] => Task 2, Epoch 164/200 => Loss 1.994, Loss_clf 0.084, Loss_kd 1.910, Train_accy 98.03
2025-04-17 14:14:48,609 [icarl.py] => Task 2, Epoch 165/200 => Loss 1.981, Loss_clf 0.082, Loss_kd 1.898, Train_accy 98.09
2025-04-17 14:14:57,388 [icarl.py] => Task 2, Epoch 166/200 => Loss 1.967, Loss_clf 0.079, Loss_kd 1.888, Train_accy 98.03
2025-04-17 14:15:05,911 [icarl.py] => Task 2, Epoch 167/200 => Loss 1.961, Loss_clf 0.077, Loss_kd 1.884, Train_accy 98.29
2025-04-17 14:15:14,200 [icarl.py] => Task 2, Epoch 168/200 => Loss 1.976, Loss_clf 0.078, Loss_kd 1.898, Train_accy 98.52
2025-04-17 14:15:23,310 [icarl.py] => Task 2, Epoch 169/200 => Loss 1.977, Loss_clf 0.078, Loss_kd 1.899, Train_accy 98.12
2025-04-17 14:15:32,948 [icarl.py] => Task 2, Epoch 170/200 => Loss 1.989, Loss_clf 0.089, Loss_kd 1.900, Train_accy 98.09
2025-04-17 14:15:41,987 [icarl.py] => Task 2, Epoch 171/200 => Loss 1.950, Loss_clf 0.070, Loss_kd 1.880, Train_accy 98.68
2025-04-17 14:15:50,668 [icarl.py] => Task 2, Epoch 172/200 => Loss 1.967, Loss_clf 0.072, Loss_kd 1.895, Train_accy 98.72
2025-04-17 14:15:59,883 [icarl.py] => Task 2, Epoch 173/200 => Loss 1.963, Loss_clf 0.076, Loss_kd 1.888, Train_accy 98.19
2025-04-17 14:16:08,597 [icarl.py] => Task 2, Epoch 174/200 => Loss 1.969, Loss_clf 0.074, Loss_kd 1.895, Train_accy 98.42
2025-04-17 14:16:17,433 [icarl.py] => Task 2, Epoch 175/200 => Loss 1.963, Loss_clf 0.072, Loss_kd 1.891, Train_accy 98.45
2025-04-17 14:16:26,046 [icarl.py] => Task 2, Epoch 176/200 => Loss 1.957, Loss_clf 0.067, Loss_kd 1.890, Train_accy 98.55
2025-04-17 14:16:34,918 [icarl.py] => Task 2, Epoch 177/200 => Loss 1.970, Loss_clf 0.069, Loss_kd 1.901, Train_accy 98.68
2025-04-17 14:16:43,696 [icarl.py] => Task 2, Epoch 178/200 => Loss 1.976, Loss_clf 0.079, Loss_kd 1.897, Train_accy 98.32
2025-04-17 14:16:52,798 [icarl.py] => Task 2, Epoch 179/200 => Loss 1.985, Loss_clf 0.077, Loss_kd 1.909, Train_accy 98.39
2025-04-17 14:17:01,456 [icarl.py] => Task 2, Epoch 180/200 => Loss 1.979, Loss_clf 0.077, Loss_kd 1.902, Train_accy 98.35
2025-04-17 14:17:18,458 [icarl.py] => Task 2, Epoch 181/200 => Loss 1.977, Loss_clf 0.085, Loss_kd 1.892, Train_accy 98.03, Test_accy {'Art': 29.41, 'Clipart': 54.58, 'Real World': 45.45, 'Product': 34.68}
2025-04-17 14:17:27,139 [icarl.py] => Task 2, Epoch 182/200 => Loss 1.975, Loss_clf 0.078, Loss_kd 1.897, Train_accy 98.62
2025-04-17 14:17:36,625 [icarl.py] => Task 2, Epoch 183/200 => Loss 1.961, Loss_clf 0.080, Loss_kd 1.881, Train_accy 98.35
2025-04-17 14:17:45,697 [icarl.py] => Task 2, Epoch 184/200 => Loss 1.936, Loss_clf 0.069, Loss_kd 1.866, Train_accy 98.75
2025-04-17 14:17:54,179 [icarl.py] => Task 2, Epoch 185/200 => Loss 1.978, Loss_clf 0.074, Loss_kd 1.905, Train_accy 98.35
2025-04-17 14:18:02,880 [icarl.py] => Task 2, Epoch 186/200 => Loss 1.966, Loss_clf 0.072, Loss_kd 1.894, Train_accy 98.52
2025-04-17 14:18:11,717 [icarl.py] => Task 2, Epoch 187/200 => Loss 1.986, Loss_clf 0.088, Loss_kd 1.898, Train_accy 97.83
2025-04-17 14:18:20,410 [icarl.py] => Task 2, Epoch 188/200 => Loss 1.961, Loss_clf 0.076, Loss_kd 1.886, Train_accy 98.32
2025-04-17 14:18:29,039 [icarl.py] => Task 2, Epoch 189/200 => Loss 1.980, Loss_clf 0.085, Loss_kd 1.895, Train_accy 97.99
2025-04-17 14:18:37,983 [icarl.py] => Task 2, Epoch 190/200 => Loss 1.950, Loss_clf 0.067, Loss_kd 1.883, Train_accy 98.72
2025-04-17 14:18:46,572 [icarl.py] => Task 2, Epoch 191/200 => Loss 1.950, Loss_clf 0.070, Loss_kd 1.880, Train_accy 98.52
2025-04-17 14:18:55,340 [icarl.py] => Task 2, Epoch 192/200 => Loss 1.958, Loss_clf 0.073, Loss_kd 1.885, Train_accy 98.52
2025-04-17 14:19:04,220 [icarl.py] => Task 2, Epoch 193/200 => Loss 1.943, Loss_clf 0.068, Loss_kd 1.875, Train_accy 98.55
2025-04-17 14:19:13,270 [icarl.py] => Task 2, Epoch 194/200 => Loss 1.949, Loss_clf 0.066, Loss_kd 1.884, Train_accy 98.78
2025-04-17 14:19:22,166 [icarl.py] => Task 2, Epoch 195/200 => Loss 1.963, Loss_clf 0.070, Loss_kd 1.893, Train_accy 98.49
2025-04-17 14:19:31,008 [icarl.py] => Task 2, Epoch 196/200 => Loss 1.964, Loss_clf 0.071, Loss_kd 1.892, Train_accy 98.39
2025-04-17 14:19:39,856 [icarl.py] => Task 2, Epoch 197/200 => Loss 1.956, Loss_clf 0.074, Loss_kd 1.882, Train_accy 98.45
2025-04-17 14:19:48,302 [icarl.py] => Task 2, Epoch 198/200 => Loss 1.966, Loss_clf 0.065, Loss_kd 1.901, Train_accy 98.55
2025-04-17 14:19:56,653 [icarl.py] => Task 2, Epoch 199/200 => Loss 1.943, Loss_clf 0.070, Loss_kd 1.873, Train_accy 98.22
2025-04-17 14:20:05,646 [icarl.py] => Task 2, Epoch 200/200 => Loss 1.955, Loss_clf 0.066, Loss_kd 1.889, Train_accy 98.42
2025-04-17 14:20:05,647 [base.py] => Reducing exemplars...(33 per classes)
2025-04-17 14:20:23,312 [base.py] => Constructing exemplars...(33 per classes)
2025-04-17 14:21:03,333 [icarl.py] => Exemplar size: 1287
2025-04-17 14:21:04,039 [trainer.py] => CNN [Art]: {'total': 30.8, '00-12': 40.86, '13-25': 12.64, '26-38': 36.7, 'old': 27.22, 'new': 36.7}
2025-04-17 14:21:04,039 [trainer.py] => NME [Art]: {'total': 33.22, '00-12': 43.01, '13-25': 18.39, '26-38': 36.7, 'old': 31.11, 'new': 36.7}
2025-04-17 14:21:04,039 [trainer.py] => CNN [Art] top1 curve: [48.39, 38.33, 30.8]
2025-04-17 14:21:04,039 [trainer.py] => CNN [Art] top5 curve: [75.27, 64.44, 57.09]
2025-04-17 14:21:04,039 [trainer.py] => NME [Art] top1 curve: [52.69, 43.89, 33.22]
2025-04-17 14:21:04,039 [trainer.py] => NME [Art] top5 curve: [80.65, 69.44, 58.48]
2025-04-17 14:21:04,039 [trainer.py] => Average Accuracy [Art] (CNN): 39.17333333333333
2025-04-17 14:21:04,039 [trainer.py] => Average Accuracy [Art] (NME): 43.26666666666667
2025-04-17 14:21:04,040 [trainer.py] => CNN [Clipart]: {'total': 54.77, '00-12': 54.49, '13-25': 51.37, '26-38': 58.9, 'old': 52.91, 'new': 58.9}
2025-04-17 14:21:04,040 [trainer.py] => NME [Clipart]: {'total': 54.58, '00-12': 61.24, '13-25': 50.27, '26-38': 52.15, 'old': 55.68, 'new': 52.15}
2025-04-17 14:21:04,040 [trainer.py] => CNN [Clipart] top1 curve: [71.91, 64.27, 54.77]
2025-04-17 14:21:04,040 [trainer.py] => CNN [Clipart] top5 curve: [92.13, 81.72, 77.67]
2025-04-17 14:21:04,040 [trainer.py] => NME [Clipart] top1 curve: [70.79, 65.65, 54.58]
2025-04-17 14:21:04,040 [trainer.py] => NME [Clipart] top5 curve: [92.13, 85.04, 80.73]
2025-04-17 14:21:04,040 [trainer.py] => Average Accuracy [Clipart] (CNN): 63.65
2025-04-17 14:21:04,040 [trainer.py] => Average Accuracy [Clipart] (NME): 63.67333333333334
2025-04-17 14:21:04,040 [trainer.py] => CNN [Product]: {'total': 35.74, '00-12': 41.35, '13-25': 30.0, '26-38': 34.74, 'old': 36.24, 'new': 34.74}
2025-04-17 14:21:04,040 [trainer.py] => NME [Product]: {'total': 38.38, '00-12': 48.08, '13-25': 30.0, '26-38': 35.26, 'old': 39.95, 'new': 35.26}
2025-04-17 14:21:04,040 [trainer.py] => CNN [Product] top1 curve: [56.73, 43.12, 35.74]
2025-04-17 14:21:04,040 [trainer.py] => CNN [Product] top5 curve: [88.94, 71.96, 66.9]
2025-04-17 14:21:04,040 [trainer.py] => NME [Product] top1 curve: [52.88, 42.59, 38.38]
2025-04-17 14:21:04,040 [trainer.py] => NME [Product] top5 curve: [89.9, 75.93, 69.01]
2025-04-17 14:21:04,040 [trainer.py] => Average Accuracy [Product] (CNN): 45.196666666666665
2025-04-17 14:21:04,040 [trainer.py] => Average Accuracy [Product] (NME): 44.616666666666674
2025-04-17 14:21:04,041 [trainer.py] => CNN [Real World]: {'total': 45.08, '00-12': 44.02, '13-25': 26.44, '26-38': 64.09, 'old': 35.47, 'new': 64.09}
2025-04-17 14:21:04,041 [trainer.py] => NME [Real World]: {'total': 47.12, '00-12': 46.2, '13-25': 32.76, '26-38': 61.88, 'old': 39.66, 'new': 61.88}
2025-04-17 14:21:04,041 [trainer.py] => CNN [Real World] top1 curve: [57.07, 47.49, 45.08]
2025-04-17 14:21:04,041 [trainer.py] => CNN [Real World] top5 curve: [86.96, 75.42, 69.94]
2025-04-17 14:21:04,041 [trainer.py] => NME [Real World] top1 curve: [57.61, 49.16, 47.12]
2025-04-17 14:21:04,041 [trainer.py] => NME [Real World] top5 curve: [89.67, 78.77, 72.36]
2025-04-17 14:21:04,041 [trainer.py] => Average Accuracy [Real World] (CNN): 49.879999999999995
2025-04-17 14:21:04,041 [trainer.py] => Average Accuracy [Real World] (NME): 51.29666666666666
2025-04-17 14:21:04,041 [trainer.py] => NME Harmonic Mean : 41.4159
2025-04-17 14:21:04,041 [trainer.py] => NME Macro Mean : 43.3250
2025-04-17 14:21:04,041 [trainer.py] => CNN Harmonic Mean : 39.2604
2025-04-17 14:21:04,041 [trainer.py] => CNN Macro Mean : 41.5975
2025-04-17 14:21:04,042 [trainer.py] => All params: 21344693
2025-04-17 14:21:04,043 [trainer.py] => Trainable params: 21344693
2025-04-17 14:21:04,044 [icarl.py] => Learning on 39-52
2025-04-17 14:21:24,735 [icarl.py] => Task 3, Epoch 1/200 => Loss 6.220, Loss_clf 3.270, Loss_kd 2.950, Train_accy 25.95, Test_accy {'Art': 6.81, 'Clipart': 10.64, 'Real World': 12.36, 'Product': 5.22}
2025-04-17 14:21:34,953 [icarl.py] => Task 3, Epoch 2/200 => Loss 5.322, Loss_clf 2.403, Loss_kd 2.919, Train_accy 33.34
2025-04-17 14:21:45,357 [icarl.py] => Task 3, Epoch 3/200 => Loss 4.779, Loss_clf 2.003, Loss_kd 2.776, Train_accy 42.90
2025-04-17 14:21:55,634 [icarl.py] => Task 3, Epoch 4/200 => Loss 4.606, Loss_clf 1.856, Loss_kd 2.750, Train_accy 46.04
2025-04-17 14:22:06,568 [icarl.py] => Task 3, Epoch 5/200 => Loss 4.464, Loss_clf 1.739, Loss_kd 2.725, Train_accy 50.61
2025-04-17 14:22:17,345 [icarl.py] => Task 3, Epoch 6/200 => Loss 4.317, Loss_clf 1.625, Loss_kd 2.692, Train_accy 53.37
2025-04-17 14:22:28,407 [icarl.py] => Task 3, Epoch 7/200 => Loss 4.097, Loss_clf 1.457, Loss_kd 2.640, Train_accy 57.85
2025-04-17 14:22:39,157 [icarl.py] => Task 3, Epoch 8/200 => Loss 3.995, Loss_clf 1.370, Loss_kd 2.625, Train_accy 60.11
2025-04-17 14:22:50,455 [icarl.py] => Task 3, Epoch 9/200 => Loss 3.950, Loss_clf 1.319, Loss_kd 2.631, Train_accy 61.42
2025-04-17 14:23:01,083 [icarl.py] => Task 3, Epoch 10/200 => Loss 3.815, Loss_clf 1.210, Loss_kd 2.605, Train_accy 64.78
2025-04-17 14:23:12,255 [icarl.py] => Task 3, Epoch 11/200 => Loss 3.705, Loss_clf 1.137, Loss_kd 2.568, Train_accy 66.84
2025-04-17 14:23:22,647 [icarl.py] => Task 3, Epoch 12/200 => Loss 3.687, Loss_clf 1.107, Loss_kd 2.580, Train_accy 68.29
2025-04-17 14:23:34,247 [icarl.py] => Task 3, Epoch 13/200 => Loss 3.591, Loss_clf 1.022, Loss_kd 2.569, Train_accy 70.95
2025-04-17 14:23:44,870 [icarl.py] => Task 3, Epoch 14/200 => Loss 3.515, Loss_clf 0.947, Loss_kd 2.568, Train_accy 72.52
2025-04-17 14:23:55,375 [icarl.py] => Task 3, Epoch 15/200 => Loss 3.410, Loss_clf 0.882, Loss_kd 2.528, Train_accy 73.27
2025-04-17 14:24:06,262 [icarl.py] => Task 3, Epoch 16/200 => Loss 3.424, Loss_clf 0.881, Loss_kd 2.543, Train_accy 74.49
2025-04-17 14:24:17,554 [icarl.py] => Task 3, Epoch 17/200 => Loss 3.274, Loss_clf 0.771, Loss_kd 2.503, Train_accy 78.00
2025-04-17 14:24:28,402 [icarl.py] => Task 3, Epoch 18/200 => Loss 3.328, Loss_clf 0.815, Loss_kd 2.513, Train_accy 76.43
2025-04-17 14:24:39,178 [icarl.py] => Task 3, Epoch 19/200 => Loss 3.234, Loss_clf 0.728, Loss_kd 2.507, Train_accy 79.50
2025-04-17 14:24:50,038 [icarl.py] => Task 3, Epoch 20/200 => Loss 3.292, Loss_clf 0.785, Loss_kd 2.507, Train_accy 77.88
2025-04-17 14:25:10,537 [icarl.py] => Task 3, Epoch 21/200 => Loss 3.260, Loss_clf 0.746, Loss_kd 2.513, Train_accy 77.88, Test_accy {'Art': 16.79, 'Clipart': 33.62, 'Real World': 26.37, 'Product': 21.29}
2025-04-17 14:25:21,391 [icarl.py] => Task 3, Epoch 22/200 => Loss 3.203, Loss_clf 0.697, Loss_kd 2.506, Train_accy 80.07
2025-04-17 14:25:32,244 [icarl.py] => Task 3, Epoch 23/200 => Loss 3.211, Loss_clf 0.711, Loss_kd 2.500, Train_accy 79.66
2025-04-17 14:25:43,954 [icarl.py] => Task 3, Epoch 24/200 => Loss 3.178, Loss_clf 0.685, Loss_kd 2.493, Train_accy 80.48
2025-04-17 14:25:54,994 [icarl.py] => Task 3, Epoch 25/200 => Loss 3.126, Loss_clf 0.643, Loss_kd 2.482, Train_accy 81.64
2025-04-17 14:26:05,838 [icarl.py] => Task 3, Epoch 26/200 => Loss 3.026, Loss_clf 0.571, Loss_kd 2.454, Train_accy 83.86
2025-04-17 14:26:17,234 [icarl.py] => Task 3, Epoch 27/200 => Loss 3.049, Loss_clf 0.582, Loss_kd 2.467, Train_accy 83.67
2025-04-17 14:26:28,143 [icarl.py] => Task 3, Epoch 28/200 => Loss 2.988, Loss_clf 0.539, Loss_kd 2.449, Train_accy 84.74
2025-04-17 14:26:38,759 [icarl.py] => Task 3, Epoch 29/200 => Loss 3.012, Loss_clf 0.558, Loss_kd 2.454, Train_accy 84.39
2025-04-17 14:26:49,158 [icarl.py] => Task 3, Epoch 30/200 => Loss 2.936, Loss_clf 0.498, Loss_kd 2.437, Train_accy 86.02
2025-04-17 14:26:59,865 [icarl.py] => Task 3, Epoch 31/200 => Loss 2.996, Loss_clf 0.548, Loss_kd 2.448, Train_accy 84.93
2025-04-17 14:27:10,333 [icarl.py] => Task 3, Epoch 32/200 => Loss 2.958, Loss_clf 0.520, Loss_kd 2.438, Train_accy 85.87
2025-04-17 14:27:20,806 [icarl.py] => Task 3, Epoch 33/200 => Loss 2.925, Loss_clf 0.493, Loss_kd 2.432, Train_accy 85.77
2025-04-17 14:27:31,317 [icarl.py] => Task 3, Epoch 34/200 => Loss 2.944, Loss_clf 0.517, Loss_kd 2.427, Train_accy 85.55
2025-04-17 14:27:41,820 [icarl.py] => Task 3, Epoch 35/200 => Loss 2.937, Loss_clf 0.485, Loss_kd 2.453, Train_accy 86.05
2025-04-17 14:27:52,433 [icarl.py] => Task 3, Epoch 36/200 => Loss 2.906, Loss_clf 0.479, Loss_kd 2.427, Train_accy 86.87
2025-04-17 14:28:03,098 [icarl.py] => Task 3, Epoch 37/200 => Loss 2.936, Loss_clf 0.489, Loss_kd 2.447, Train_accy 86.40
2025-04-17 14:28:13,261 [icarl.py] => Task 3, Epoch 38/200 => Loss 2.931, Loss_clf 0.497, Loss_kd 2.434, Train_accy 85.68
2025-04-17 14:28:23,710 [icarl.py] => Task 3, Epoch 39/200 => Loss 2.821, Loss_clf 0.407, Loss_kd 2.414, Train_accy 88.00
2025-04-17 14:28:34,695 [icarl.py] => Task 3, Epoch 40/200 => Loss 2.849, Loss_clf 0.428, Loss_kd 2.421, Train_accy 87.97
2025-04-17 14:28:57,035 [icarl.py] => Task 3, Epoch 41/200 => Loss 2.855, Loss_clf 0.430, Loss_kd 2.425, Train_accy 88.94, Test_accy {'Art': 18.25, 'Clipart': 42.27, 'Real World': 29.12, 'Product': 23.83}
2025-04-17 14:29:08,021 [icarl.py] => Task 3, Epoch 42/200 => Loss 2.823, Loss_clf 0.427, Loss_kd 2.396, Train_accy 88.34
2025-04-17 14:29:18,909 [icarl.py] => Task 3, Epoch 43/200 => Loss 2.833, Loss_clf 0.422, Loss_kd 2.411, Train_accy 88.56
2025-04-17 14:29:29,437 [icarl.py] => Task 3, Epoch 44/200 => Loss 2.828, Loss_clf 0.424, Loss_kd 2.404, Train_accy 88.31
2025-04-17 14:29:39,962 [icarl.py] => Task 3, Epoch 45/200 => Loss 2.855, Loss_clf 0.432, Loss_kd 2.423, Train_accy 88.06
2025-04-17 14:29:50,565 [icarl.py] => Task 3, Epoch 46/200 => Loss 2.774, Loss_clf 0.372, Loss_kd 2.402, Train_accy 89.75
2025-04-17 14:30:01,585 [icarl.py] => Task 3, Epoch 47/200 => Loss 2.790, Loss_clf 0.388, Loss_kd 2.402, Train_accy 89.41
2025-04-17 14:30:12,584 [icarl.py] => Task 3, Epoch 48/200 => Loss 2.808, Loss_clf 0.409, Loss_kd 2.399, Train_accy 89.25
2025-04-17 14:30:23,237 [icarl.py] => Task 3, Epoch 49/200 => Loss 2.753, Loss_clf 0.372, Loss_kd 2.380, Train_accy 90.00
2025-04-17 14:30:34,283 [icarl.py] => Task 3, Epoch 50/200 => Loss 2.807, Loss_clf 0.393, Loss_kd 2.415, Train_accy 89.41
2025-04-17 14:30:45,570 [icarl.py] => Task 3, Epoch 51/200 => Loss 2.750, Loss_clf 0.366, Loss_kd 2.383, Train_accy 90.07
2025-04-17 14:30:56,575 [icarl.py] => Task 3, Epoch 52/200 => Loss 2.785, Loss_clf 0.393, Loss_kd 2.392, Train_accy 89.47
2025-04-17 14:31:07,334 [icarl.py] => Task 3, Epoch 53/200 => Loss 2.791, Loss_clf 0.397, Loss_kd 2.394, Train_accy 89.66
2025-04-17 14:31:18,279 [icarl.py] => Task 3, Epoch 54/200 => Loss 2.778, Loss_clf 0.384, Loss_kd 2.394, Train_accy 90.47
2025-04-17 14:31:29,216 [icarl.py] => Task 3, Epoch 55/200 => Loss 2.683, Loss_clf 0.313, Loss_kd 2.370, Train_accy 91.66
2025-04-17 14:31:39,749 [icarl.py] => Task 3, Epoch 56/200 => Loss 2.693, Loss_clf 0.336, Loss_kd 2.357, Train_accy 90.91
2025-04-17 14:31:50,537 [icarl.py] => Task 3, Epoch 57/200 => Loss 2.713, Loss_clf 0.342, Loss_kd 2.371, Train_accy 90.50
2025-04-17 14:32:01,106 [icarl.py] => Task 3, Epoch 58/200 => Loss 2.719, Loss_clf 0.333, Loss_kd 2.385, Train_accy 91.16
2025-04-17 14:32:12,075 [icarl.py] => Task 3, Epoch 59/200 => Loss 2.722, Loss_clf 0.340, Loss_kd 2.382, Train_accy 90.60
2025-04-17 14:32:23,000 [icarl.py] => Task 3, Epoch 60/200 => Loss 2.753, Loss_clf 0.362, Loss_kd 2.391, Train_accy 89.69
2025-04-17 14:32:44,584 [icarl.py] => Task 3, Epoch 61/200 => Loss 2.719, Loss_clf 0.341, Loss_kd 2.378, Train_accy 91.10, Test_accy {'Art': 19.95, 'Clipart': 40.14, 'Real World': 30.36, 'Product': 23.83}
2025-04-17 14:32:55,068 [icarl.py] => Task 3, Epoch 62/200 => Loss 2.669, Loss_clf 0.305, Loss_kd 2.364, Train_accy 91.73
2025-04-17 14:33:05,790 [icarl.py] => Task 3, Epoch 63/200 => Loss 2.689, Loss_clf 0.316, Loss_kd 2.373, Train_accy 91.48
2025-04-17 14:33:16,339 [icarl.py] => Task 3, Epoch 64/200 => Loss 2.667, Loss_clf 0.307, Loss_kd 2.360, Train_accy 92.17
2025-04-17 14:33:27,105 [icarl.py] => Task 3, Epoch 65/200 => Loss 2.723, Loss_clf 0.348, Loss_kd 2.375, Train_accy 90.54
2025-04-17 14:33:37,700 [icarl.py] => Task 3, Epoch 66/200 => Loss 2.661, Loss_clf 0.286, Loss_kd 2.375, Train_accy 91.98
2025-04-17 14:33:48,214 [icarl.py] => Task 3, Epoch 67/200 => Loss 2.668, Loss_clf 0.302, Loss_kd 2.365, Train_accy 91.91
2025-04-17 14:33:59,440 [icarl.py] => Task 3, Epoch 68/200 => Loss 2.685, Loss_clf 0.320, Loss_kd 2.365, Train_accy 90.91
2025-04-17 14:34:10,384 [icarl.py] => Task 3, Epoch 69/200 => Loss 2.666, Loss_clf 0.309, Loss_kd 2.357, Train_accy 91.54
2025-04-17 14:34:21,644 [icarl.py] => Task 3, Epoch 70/200 => Loss 2.623, Loss_clf 0.280, Loss_kd 2.342, Train_accy 92.45
2025-04-17 14:34:32,363 [icarl.py] => Task 3, Epoch 71/200 => Loss 2.656, Loss_clf 0.299, Loss_kd 2.356, Train_accy 92.57
2025-04-17 14:34:43,259 [icarl.py] => Task 3, Epoch 72/200 => Loss 2.634, Loss_clf 0.282, Loss_kd 2.352, Train_accy 92.26
2025-04-17 14:34:54,316 [icarl.py] => Task 3, Epoch 73/200 => Loss 2.655, Loss_clf 0.283, Loss_kd 2.372, Train_accy 92.60
2025-04-17 14:35:04,746 [icarl.py] => Task 3, Epoch 74/200 => Loss 2.648, Loss_clf 0.286, Loss_kd 2.362, Train_accy 92.29
2025-04-17 14:35:15,698 [icarl.py] => Task 3, Epoch 75/200 => Loss 2.620, Loss_clf 0.270, Loss_kd 2.350, Train_accy 92.85
2025-04-17 14:35:26,735 [icarl.py] => Task 3, Epoch 76/200 => Loss 2.596, Loss_clf 0.255, Loss_kd 2.340, Train_accy 92.92
2025-04-17 14:35:38,135 [icarl.py] => Task 3, Epoch 77/200 => Loss 2.610, Loss_clf 0.270, Loss_kd 2.340, Train_accy 92.92
2025-04-17 14:35:48,571 [icarl.py] => Task 3, Epoch 78/200 => Loss 2.607, Loss_clf 0.264, Loss_kd 2.342, Train_accy 92.85
2025-04-17 14:35:59,436 [icarl.py] => Task 3, Epoch 79/200 => Loss 2.596, Loss_clf 0.261, Loss_kd 2.334, Train_accy 93.23
2025-04-17 14:36:10,062 [icarl.py] => Task 3, Epoch 80/200 => Loss 2.590, Loss_clf 0.256, Loss_kd 2.334, Train_accy 93.36
2025-04-17 14:36:31,461 [icarl.py] => Task 3, Epoch 81/200 => Loss 2.582, Loss_clf 0.244, Loss_kd 2.338, Train_accy 93.29, Test_accy {'Art': 16.79, 'Clipart': 41.84, 'Real World': 33.38, 'Product': 29.05}
2025-04-17 14:36:42,610 [icarl.py] => Task 3, Epoch 82/200 => Loss 2.598, Loss_clf 0.247, Loss_kd 2.351, Train_accy 93.89
2025-04-17 14:36:53,482 [icarl.py] => Task 3, Epoch 83/200 => Loss 2.587, Loss_clf 0.244, Loss_kd 2.343, Train_accy 93.39
2025-04-17 14:37:04,636 [icarl.py] => Task 3, Epoch 84/200 => Loss 2.565, Loss_clf 0.232, Loss_kd 2.333, Train_accy 94.11
2025-04-17 14:37:15,054 [icarl.py] => Task 3, Epoch 85/200 => Loss 2.574, Loss_clf 0.238, Loss_kd 2.336, Train_accy 94.01
2025-04-17 14:37:25,845 [icarl.py] => Task 3, Epoch 86/200 => Loss 2.559, Loss_clf 0.237, Loss_kd 2.321, Train_accy 93.83
2025-04-17 14:37:36,606 [icarl.py] => Task 3, Epoch 87/200 => Loss 2.576, Loss_clf 0.240, Loss_kd 2.335, Train_accy 93.64
2025-04-17 14:37:47,354 [icarl.py] => Task 3, Epoch 88/200 => Loss 2.555, Loss_clf 0.234, Loss_kd 2.321, Train_accy 94.05
2025-04-17 14:37:57,877 [icarl.py] => Task 3, Epoch 89/200 => Loss 2.546, Loss_clf 0.225, Loss_kd 2.321, Train_accy 93.92
2025-04-17 14:38:09,351 [icarl.py] => Task 3, Epoch 90/200 => Loss 2.546, Loss_clf 0.234, Loss_kd 2.312, Train_accy 93.83
2025-04-17 14:38:20,098 [icarl.py] => Task 3, Epoch 91/200 => Loss 2.574, Loss_clf 0.232, Loss_kd 2.341, Train_accy 93.86
2025-04-17 14:38:30,825 [icarl.py] => Task 3, Epoch 92/200 => Loss 2.505, Loss_clf 0.198, Loss_kd 2.307, Train_accy 94.64
2025-04-17 14:38:41,528 [icarl.py] => Task 3, Epoch 93/200 => Loss 2.538, Loss_clf 0.222, Loss_kd 2.315, Train_accy 94.36
2025-04-17 14:38:52,553 [icarl.py] => Task 3, Epoch 94/200 => Loss 2.498, Loss_clf 0.187, Loss_kd 2.311, Train_accy 95.39
2025-04-17 14:39:03,388 [icarl.py] => Task 3, Epoch 95/200 => Loss 2.484, Loss_clf 0.179, Loss_kd 2.306, Train_accy 95.77
2025-04-17 14:39:13,939 [icarl.py] => Task 3, Epoch 96/200 => Loss 2.502, Loss_clf 0.198, Loss_kd 2.304, Train_accy 95.21
2025-04-17 14:39:25,236 [icarl.py] => Task 3, Epoch 97/200 => Loss 2.499, Loss_clf 0.196, Loss_kd 2.303, Train_accy 94.77
2025-04-17 14:39:36,102 [icarl.py] => Task 3, Epoch 98/200 => Loss 2.527, Loss_clf 0.209, Loss_kd 2.318, Train_accy 94.48
2025-04-17 14:39:46,731 [icarl.py] => Task 3, Epoch 99/200 => Loss 2.466, Loss_clf 0.169, Loss_kd 2.296, Train_accy 95.77
2025-04-17 14:39:58,089 [icarl.py] => Task 3, Epoch 100/200 => Loss 2.479, Loss_clf 0.184, Loss_kd 2.295, Train_accy 95.68
2025-04-17 14:40:18,834 [icarl.py] => Task 3, Epoch 101/200 => Loss 2.460, Loss_clf 0.175, Loss_kd 2.285, Train_accy 95.17, Test_accy {'Art': 20.19, 'Clipart': 44.54, 'Real World': 32.69, 'Product': 27.71}
2025-04-17 14:40:29,521 [icarl.py] => Task 3, Epoch 102/200 => Loss 2.502, Loss_clf 0.201, Loss_kd 2.301, Train_accy 94.58
2025-04-17 14:40:39,852 [icarl.py] => Task 3, Epoch 103/200 => Loss 2.481, Loss_clf 0.186, Loss_kd 2.295, Train_accy 95.21
2025-04-17 14:40:50,154 [icarl.py] => Task 3, Epoch 104/200 => Loss 2.448, Loss_clf 0.162, Loss_kd 2.285, Train_accy 95.86
2025-04-17 14:41:00,644 [icarl.py] => Task 3, Epoch 105/200 => Loss 2.458, Loss_clf 0.163, Loss_kd 2.295, Train_accy 96.08
2025-04-17 14:41:11,271 [icarl.py] => Task 3, Epoch 106/200 => Loss 2.455, Loss_clf 0.160, Loss_kd 2.295, Train_accy 95.83
2025-04-17 14:41:21,858 [icarl.py] => Task 3, Epoch 107/200 => Loss 2.457, Loss_clf 0.153, Loss_kd 2.304, Train_accy 96.11
2025-04-17 14:41:32,597 [icarl.py] => Task 3, Epoch 108/200 => Loss 2.422, Loss_clf 0.143, Loss_kd 2.279, Train_accy 96.36
2025-04-17 14:41:43,518 [icarl.py] => Task 3, Epoch 109/200 => Loss 2.466, Loss_clf 0.180, Loss_kd 2.286, Train_accy 95.02
2025-04-17 14:41:54,862 [icarl.py] => Task 3, Epoch 110/200 => Loss 2.448, Loss_clf 0.151, Loss_kd 2.297, Train_accy 96.21
2025-04-17 14:42:06,139 [icarl.py] => Task 3, Epoch 111/200 => Loss 2.434, Loss_clf 0.157, Loss_kd 2.277, Train_accy 95.96
2025-04-17 14:42:16,565 [icarl.py] => Task 3, Epoch 112/200 => Loss 2.443, Loss_clf 0.159, Loss_kd 2.284, Train_accy 95.83
2025-04-17 14:42:27,118 [icarl.py] => Task 3, Epoch 113/200 => Loss 2.440, Loss_clf 0.158, Loss_kd 2.282, Train_accy 96.43
2025-04-17 14:42:37,493 [icarl.py] => Task 3, Epoch 114/200 => Loss 2.436, Loss_clf 0.142, Loss_kd 2.294, Train_accy 96.71
2025-04-17 14:42:48,408 [icarl.py] => Task 3, Epoch 115/200 => Loss 2.401, Loss_clf 0.123, Loss_kd 2.277, Train_accy 97.15
2025-04-17 14:42:59,088 [icarl.py] => Task 3, Epoch 116/200 => Loss 2.448, Loss_clf 0.158, Loss_kd 2.290, Train_accy 96.27
2025-04-17 14:43:10,046 [icarl.py] => Task 3, Epoch 117/200 => Loss 2.451, Loss_clf 0.168, Loss_kd 2.283, Train_accy 95.46
2025-04-17 14:43:20,582 [icarl.py] => Task 3, Epoch 118/200 => Loss 2.415, Loss_clf 0.130, Loss_kd 2.285, Train_accy 97.09
2025-04-17 14:43:31,111 [icarl.py] => Task 3, Epoch 119/200 => Loss 2.382, Loss_clf 0.133, Loss_kd 2.249, Train_accy 96.80
2025-04-17 14:43:41,597 [icarl.py] => Task 3, Epoch 120/200 => Loss 2.390, Loss_clf 0.127, Loss_kd 2.263, Train_accy 97.09
2025-04-17 14:44:02,078 [icarl.py] => Task 3, Epoch 121/200 => Loss 2.412, Loss_clf 0.136, Loss_kd 2.276, Train_accy 96.62, Test_accy {'Art': 21.65, 'Clipart': 44.54, 'Real World': 35.3, 'Product': 28.25}
2025-04-17 14:44:13,104 [icarl.py] => Task 3, Epoch 122/200 => Loss 2.405, Loss_clf 0.141, Loss_kd 2.265, Train_accy 96.68
2025-04-17 14:44:24,083 [icarl.py] => Task 3, Epoch 123/200 => Loss 2.404, Loss_clf 0.127, Loss_kd 2.277, Train_accy 96.74
2025-04-17 14:44:34,689 [icarl.py] => Task 3, Epoch 124/200 => Loss 2.378, Loss_clf 0.123, Loss_kd 2.255, Train_accy 97.27
2025-04-17 14:44:45,575 [icarl.py] => Task 3, Epoch 125/200 => Loss 2.405, Loss_clf 0.129, Loss_kd 2.276, Train_accy 96.93
2025-04-17 14:44:56,217 [icarl.py] => Task 3, Epoch 126/200 => Loss 2.387, Loss_clf 0.125, Loss_kd 2.262, Train_accy 97.05
2025-04-17 14:45:06,850 [icarl.py] => Task 3, Epoch 127/200 => Loss 2.388, Loss_clf 0.129, Loss_kd 2.259, Train_accy 96.87
2025-04-17 14:45:17,260 [icarl.py] => Task 3, Epoch 128/200 => Loss 2.391, Loss_clf 0.127, Loss_kd 2.264, Train_accy 97.05
2025-04-17 14:45:28,148 [icarl.py] => Task 3, Epoch 129/200 => Loss 2.372, Loss_clf 0.110, Loss_kd 2.262, Train_accy 97.46
2025-04-17 14:45:39,048 [icarl.py] => Task 3, Epoch 130/200 => Loss 2.366, Loss_clf 0.104, Loss_kd 2.262, Train_accy 97.68
2025-04-17 14:45:50,277 [icarl.py] => Task 3, Epoch 131/200 => Loss 2.376, Loss_clf 0.110, Loss_kd 2.266, Train_accy 97.37
2025-04-17 14:46:01,531 [icarl.py] => Task 3, Epoch 132/200 => Loss 2.378, Loss_clf 0.114, Loss_kd 2.264, Train_accy 97.37
2025-04-17 14:46:12,577 [icarl.py] => Task 3, Epoch 133/200 => Loss 2.398, Loss_clf 0.129, Loss_kd 2.269, Train_accy 96.99
2025-04-17 14:46:23,257 [icarl.py] => Task 3, Epoch 134/200 => Loss 2.372, Loss_clf 0.119, Loss_kd 2.253, Train_accy 97.21
2025-04-17 14:46:33,908 [icarl.py] => Task 3, Epoch 135/200 => Loss 2.341, Loss_clf 0.103, Loss_kd 2.238, Train_accy 97.59
2025-04-17 14:46:44,425 [icarl.py] => Task 3, Epoch 136/200 => Loss 2.373, Loss_clf 0.110, Loss_kd 2.263, Train_accy 97.52
2025-04-17 14:46:55,157 [icarl.py] => Task 3, Epoch 137/200 => Loss 2.366, Loss_clf 0.112, Loss_kd 2.255, Train_accy 97.40
2025-04-17 14:47:06,310 [icarl.py] => Task 3, Epoch 138/200 => Loss 2.355, Loss_clf 0.100, Loss_kd 2.255, Train_accy 97.46
2025-04-17 14:47:16,973 [icarl.py] => Task 3, Epoch 139/200 => Loss 2.357, Loss_clf 0.101, Loss_kd 2.256, Train_accy 97.49
2025-04-17 14:47:28,263 [icarl.py] => Task 3, Epoch 140/200 => Loss 2.331, Loss_clf 0.090, Loss_kd 2.241, Train_accy 98.03
2025-04-17 14:47:49,659 [icarl.py] => Task 3, Epoch 141/200 => Loss 2.335, Loss_clf 0.088, Loss_kd 2.247, Train_accy 97.90, Test_accy {'Art': 19.22, 'Clipart': 45.11, 'Real World': 34.75, 'Product': 31.19}
2025-04-17 14:48:00,778 [icarl.py] => Task 3, Epoch 142/200 => Loss 2.375, Loss_clf 0.114, Loss_kd 2.262, Train_accy 97.49
2025-04-17 14:48:11,507 [icarl.py] => Task 3, Epoch 143/200 => Loss 2.339, Loss_clf 0.094, Loss_kd 2.245, Train_accy 97.74
2025-04-17 14:48:22,538 [icarl.py] => Task 3, Epoch 144/200 => Loss 2.336, Loss_clf 0.093, Loss_kd 2.243, Train_accy 97.74
2025-04-17 14:48:33,265 [icarl.py] => Task 3, Epoch 145/200 => Loss 2.346, Loss_clf 0.098, Loss_kd 2.248, Train_accy 97.65
2025-04-17 14:48:43,701 [icarl.py] => Task 3, Epoch 146/200 => Loss 2.334, Loss_clf 0.096, Loss_kd 2.239, Train_accy 97.87
2025-04-17 14:48:54,795 [icarl.py] => Task 3, Epoch 147/200 => Loss 2.345, Loss_clf 0.092, Loss_kd 2.253, Train_accy 98.03
2025-04-17 14:49:05,783 [icarl.py] => Task 3, Epoch 148/200 => Loss 2.327, Loss_clf 0.086, Loss_kd 2.241, Train_accy 98.03
2025-04-17 14:49:16,464 [icarl.py] => Task 3, Epoch 149/200 => Loss 2.322, Loss_clf 0.085, Loss_kd 2.237, Train_accy 98.12
2025-04-17 14:49:27,268 [icarl.py] => Task 3, Epoch 150/200 => Loss 2.329, Loss_clf 0.088, Loss_kd 2.240, Train_accy 97.90
2025-04-17 14:49:37,689 [icarl.py] => Task 3, Epoch 151/200 => Loss 2.320, Loss_clf 0.077, Loss_kd 2.242, Train_accy 98.37
2025-04-17 14:49:49,222 [icarl.py] => Task 3, Epoch 152/200 => Loss 2.343, Loss_clf 0.097, Loss_kd 2.246, Train_accy 97.81
2025-04-17 14:50:00,010 [icarl.py] => Task 3, Epoch 153/200 => Loss 2.317, Loss_clf 0.084, Loss_kd 2.233, Train_accy 98.03
2025-04-17 14:50:11,099 [icarl.py] => Task 3, Epoch 154/200 => Loss 2.308, Loss_clf 0.075, Loss_kd 2.233, Train_accy 98.72
2025-04-17 14:50:21,497 [icarl.py] => Task 3, Epoch 155/200 => Loss 2.325, Loss_clf 0.085, Loss_kd 2.240, Train_accy 98.12
2025-04-17 14:50:31,990 [icarl.py] => Task 3, Epoch 156/200 => Loss 2.316, Loss_clf 0.084, Loss_kd 2.233, Train_accy 98.03
2025-04-17 14:50:42,767 [icarl.py] => Task 3, Epoch 157/200 => Loss 2.318, Loss_clf 0.081, Loss_kd 2.237, Train_accy 98.59
2025-04-17 14:50:53,223 [icarl.py] => Task 3, Epoch 158/200 => Loss 2.316, Loss_clf 0.077, Loss_kd 2.239, Train_accy 98.31
2025-04-17 14:51:03,759 [icarl.py] => Task 3, Epoch 159/200 => Loss 2.312, Loss_clf 0.076, Loss_kd 2.236, Train_accy 98.43
2025-04-17 14:51:14,509 [icarl.py] => Task 3, Epoch 160/200 => Loss 2.333, Loss_clf 0.085, Loss_kd 2.248, Train_accy 97.87
2025-04-17 14:51:35,796 [icarl.py] => Task 3, Epoch 161/200 => Loss 2.305, Loss_clf 0.065, Loss_kd 2.240, Train_accy 98.46, Test_accy {'Art': 20.19, 'Clipart': 46.81, 'Real World': 36.13, 'Product': 31.86}
2025-04-17 14:51:47,571 [icarl.py] => Task 3, Epoch 162/200 => Loss 2.308, Loss_clf 0.077, Loss_kd 2.231, Train_accy 98.31
2025-04-17 14:51:58,419 [icarl.py] => Task 3, Epoch 163/200 => Loss 2.316, Loss_clf 0.076, Loss_kd 2.240, Train_accy 98.40
2025-04-17 14:52:08,972 [icarl.py] => Task 3, Epoch 164/200 => Loss 2.329, Loss_clf 0.084, Loss_kd 2.245, Train_accy 98.06
2025-04-17 14:52:20,509 [icarl.py] => Task 3, Epoch 165/200 => Loss 2.327, Loss_clf 0.075, Loss_kd 2.252, Train_accy 98.21
2025-04-17 14:52:31,489 [icarl.py] => Task 3, Epoch 166/200 => Loss 2.315, Loss_clf 0.077, Loss_kd 2.239, Train_accy 98.43
2025-04-17 14:52:41,999 [icarl.py] => Task 3, Epoch 167/200 => Loss 2.283, Loss_clf 0.065, Loss_kd 2.218, Train_accy 98.56
2025-04-17 14:52:52,547 [icarl.py] => Task 3, Epoch 168/200 => Loss 2.320, Loss_clf 0.082, Loss_kd 2.238, Train_accy 98.18
2025-04-17 14:53:03,257 [icarl.py] => Task 3, Epoch 169/200 => Loss 2.310, Loss_clf 0.070, Loss_kd 2.240, Train_accy 98.56
2025-04-17 14:53:14,211 [icarl.py] => Task 3, Epoch 170/200 => Loss 2.301, Loss_clf 0.067, Loss_kd 2.234, Train_accy 98.43
2025-04-17 14:53:25,137 [icarl.py] => Task 3, Epoch 171/200 => Loss 2.272, Loss_clf 0.064, Loss_kd 2.208, Train_accy 98.75
2025-04-17 14:53:35,721 [icarl.py] => Task 3, Epoch 172/200 => Loss 2.300, Loss_clf 0.071, Loss_kd 2.229, Train_accy 98.56
2025-04-17 14:53:46,335 [icarl.py] => Task 3, Epoch 173/200 => Loss 2.301, Loss_clf 0.077, Loss_kd 2.224, Train_accy 98.31
2025-04-17 14:53:57,008 [icarl.py] => Task 3, Epoch 174/200 => Loss 2.306, Loss_clf 0.077, Loss_kd 2.229, Train_accy 98.12
2025-04-17 14:54:08,149 [icarl.py] => Task 3, Epoch 175/200 => Loss 2.313, Loss_clf 0.071, Loss_kd 2.242, Train_accy 98.68
2025-04-17 14:54:18,889 [icarl.py] => Task 3, Epoch 176/200 => Loss 2.297, Loss_clf 0.072, Loss_kd 2.225, Train_accy 98.62
2025-04-17 14:54:29,955 [icarl.py] => Task 3, Epoch 177/200 => Loss 2.300, Loss_clf 0.075, Loss_kd 2.225, Train_accy 98.59
2025-04-17 14:54:40,638 [icarl.py] => Task 3, Epoch 178/200 => Loss 2.306, Loss_clf 0.061, Loss_kd 2.245, Train_accy 98.81
2025-04-17 14:54:51,673 [icarl.py] => Task 3, Epoch 179/200 => Loss 2.317, Loss_clf 0.080, Loss_kd 2.238, Train_accy 98.21
2025-04-17 14:55:02,274 [icarl.py] => Task 3, Epoch 180/200 => Loss 2.292, Loss_clf 0.068, Loss_kd 2.224, Train_accy 98.59
2025-04-17 14:55:22,964 [icarl.py] => Task 3, Epoch 181/200 => Loss 2.308, Loss_clf 0.069, Loss_kd 2.239, Train_accy 98.43, Test_accy {'Art': 20.44, 'Clipart': 47.66, 'Real World': 37.09, 'Product': 31.73}
2025-04-17 14:55:34,014 [icarl.py] => Task 3, Epoch 182/200 => Loss 2.303, Loss_clf 0.078, Loss_kd 2.225, Train_accy 98.31
2025-04-17 14:55:44,699 [icarl.py] => Task 3, Epoch 183/200 => Loss 2.290, Loss_clf 0.070, Loss_kd 2.220, Train_accy 98.68
2025-04-17 14:55:55,600 [icarl.py] => Task 3, Epoch 184/200 => Loss 2.272, Loss_clf 0.062, Loss_kd 2.211, Train_accy 98.75
2025-04-17 14:56:06,779 [icarl.py] => Task 3, Epoch 185/200 => Loss 2.308, Loss_clf 0.077, Loss_kd 2.231, Train_accy 98.37
2025-04-17 14:56:17,303 [icarl.py] => Task 3, Epoch 186/200 => Loss 2.284, Loss_clf 0.062, Loss_kd 2.223, Train_accy 98.78
2025-04-17 14:56:28,359 [icarl.py] => Task 3, Epoch 187/200 => Loss 2.282, Loss_clf 0.064, Loss_kd 2.218, Train_accy 98.78
2025-04-17 14:56:39,036 [icarl.py] => Task 3, Epoch 188/200 => Loss 2.288, Loss_clf 0.053, Loss_kd 2.235, Train_accy 99.03
2025-04-17 14:56:49,586 [icarl.py] => Task 3, Epoch 189/200 => Loss 2.271, Loss_clf 0.059, Loss_kd 2.212, Train_accy 99.09
2025-04-17 14:57:01,008 [icarl.py] => Task 3, Epoch 190/200 => Loss 2.313, Loss_clf 0.070, Loss_kd 2.242, Train_accy 98.43
2025-04-17 14:57:11,738 [icarl.py] => Task 3, Epoch 191/200 => Loss 2.293, Loss_clf 0.069, Loss_kd 2.225, Train_accy 98.75
2025-04-17 14:57:22,241 [icarl.py] => Task 3, Epoch 192/200 => Loss 2.305, Loss_clf 0.073, Loss_kd 2.233, Train_accy 98.46
2025-04-17 14:57:32,855 [icarl.py] => Task 3, Epoch 193/200 => Loss 2.275, Loss_clf 0.053, Loss_kd 2.222, Train_accy 99.15
2025-04-17 14:57:43,345 [icarl.py] => Task 3, Epoch 194/200 => Loss 2.298, Loss_clf 0.070, Loss_kd 2.228, Train_accy 98.59
2025-04-17 14:57:54,141 [icarl.py] => Task 3, Epoch 195/200 => Loss 2.295, Loss_clf 0.070, Loss_kd 2.224, Train_accy 98.53
2025-04-17 14:58:05,104 [icarl.py] => Task 3, Epoch 196/200 => Loss 2.301, Loss_clf 0.066, Loss_kd 2.235, Train_accy 98.65
2025-04-17 14:58:15,468 [icarl.py] => Task 3, Epoch 197/200 => Loss 2.269, Loss_clf 0.053, Loss_kd 2.216, Train_accy 99.19
2025-04-17 14:58:25,599 [icarl.py] => Task 3, Epoch 198/200 => Loss 2.284, Loss_clf 0.062, Loss_kd 2.223, Train_accy 98.81
2025-04-17 14:58:36,157 [icarl.py] => Task 3, Epoch 199/200 => Loss 2.293, Loss_clf 0.062, Loss_kd 2.231, Train_accy 98.72
2025-04-17 14:58:46,870 [icarl.py] => Task 3, Epoch 200/200 => Loss 2.294, Loss_clf 0.064, Loss_kd 2.230, Train_accy 98.90
2025-04-17 14:58:46,871 [base.py] => Reducing exemplars...(25 per classes)
2025-04-17 14:59:08,770 [base.py] => Constructing exemplars...(25 per classes)
2025-04-17 14:59:55,116 [icarl.py] => Exemplar size: 1300
2025-04-17 14:59:55,817 [trainer.py] => CNN [Art]: {'total': 20.68, '00-12': 26.88, '13-25': 6.9, '26-38': 12.84, '39-51': 32.79, 'old': 15.57, 'new': 32.79}
2025-04-17 14:59:55,817 [trainer.py] => NME [Art]: {'total': 21.65, '00-12': 31.18, '13-25': 11.49, '26-38': 16.51, '39-51': 26.23, 'old': 19.72, 'new': 26.23}
2025-04-17 14:59:55,817 [trainer.py] => CNN [Art] top1 curve: [48.39, 38.33, 30.8, 20.68]
2025-04-17 14:59:55,817 [trainer.py] => CNN [Art] top5 curve: [75.27, 64.44, 57.09, 47.93]
2025-04-17 14:59:55,817 [trainer.py] => NME [Art] top1 curve: [52.69, 43.89, 33.22, 21.65]
2025-04-17 14:59:55,818 [trainer.py] => NME [Art] top5 curve: [80.65, 69.44, 58.48, 48.66]
2025-04-17 14:59:55,818 [trainer.py] => Average Accuracy [Art] (CNN): 34.55
2025-04-17 14:59:55,818 [trainer.py] => Average Accuracy [Art] (NME): 37.8625
2025-04-17 14:59:55,818 [trainer.py] => CNN [Clipart]: {'total': 47.8, '00-12': 47.75, '13-25': 39.34, '26-38': 31.9, '39-51': 70.72, 'old': 39.89, 'new': 70.72}
2025-04-17 14:59:55,818 [trainer.py] => NME [Clipart]: {'total': 46.81, '00-12': 50.56, '13-25': 41.53, '26-38': 34.36, '39-51': 59.67, 'old': 42.37, 'new': 59.67}
2025-04-17 14:59:55,818 [trainer.py] => CNN [Clipart] top1 curve: [71.91, 64.27, 54.77, 47.8]
2025-04-17 14:59:55,818 [trainer.py] => CNN [Clipart] top5 curve: [92.13, 81.72, 77.67, 71.77]
2025-04-17 14:59:55,818 [trainer.py] => NME [Clipart] top1 curve: [70.79, 65.65, 54.58, 46.81]
2025-04-17 14:59:55,818 [trainer.py] => NME [Clipart] top5 curve: [92.13, 85.04, 80.73, 73.33]
2025-04-17 14:59:55,818 [trainer.py] => Average Accuracy [Clipart] (CNN): 59.6875
2025-04-17 14:59:55,818 [trainer.py] => Average Accuracy [Clipart] (NME): 59.4575
2025-04-17 14:59:55,818 [trainer.py] => CNN [Product]: {'total': 31.19, '00-12': 31.73, '13-25': 17.06, '26-38': 23.16, '39-51': 52.51, 'old': 24.47, 'new': 52.51}
2025-04-17 14:59:55,818 [trainer.py] => NME [Product]: {'total': 34.4, '00-12': 38.46, '13-25': 24.71, '26-38': 30.0, '39-51': 43.58, 'old': 31.51, 'new': 43.58}
2025-04-17 14:59:55,818 [trainer.py] => CNN [Product] top1 curve: [56.73, 43.12, 35.74, 31.19]
2025-04-17 14:59:55,818 [trainer.py] => CNN [Product] top5 curve: [88.94, 71.96, 66.9, 61.85]
2025-04-17 14:59:55,818 [trainer.py] => NME [Product] top1 curve: [52.88, 42.59, 38.38, 34.4]
2025-04-17 14:59:55,818 [trainer.py] => NME [Product] top5 curve: [89.9, 75.93, 69.01, 63.32]
2025-04-17 14:59:55,818 [trainer.py] => Average Accuracy [Product] (CNN): 41.695
2025-04-17 14:59:55,818 [trainer.py] => Average Accuracy [Product] (NME): 42.0625
2025-04-17 14:59:55,818 [trainer.py] => CNN [Real World]: {'total': 36.26, '00-12': 35.33, '13-25': 17.24, '26-38': 41.44, '39-51': 49.74, 'old': 31.54, 'new': 49.74}
2025-04-17 14:59:55,818 [trainer.py] => NME [Real World]: {'total': 43.13, '00-12': 42.93, '13-25': 22.99, '26-38': 49.72, '39-51': 55.56, 'old': 38.78, 'new': 55.56}
2025-04-17 14:59:55,818 [trainer.py] => CNN [Real World] top1 curve: [57.07, 47.49, 45.08, 36.26]
2025-04-17 14:59:55,818 [trainer.py] => CNN [Real World] top5 curve: [86.96, 75.42, 69.94, 65.8]
2025-04-17 14:59:55,818 [trainer.py] => NME [Real World] top1 curve: [57.61, 49.16, 47.12, 43.13]
2025-04-17 14:59:55,818 [trainer.py] => NME [Real World] top5 curve: [89.67, 78.77, 72.36, 67.45]
2025-04-17 14:59:55,819 [trainer.py] => Average Accuracy [Real World] (CNN): 46.475
2025-04-17 14:59:55,819 [trainer.py] => Average Accuracy [Real World] (NME): 49.254999999999995
2025-04-17 14:59:55,819 [trainer.py] => NME Harmonic Mean : 35.7437
2025-04-17 14:59:55,819 [trainer.py] => NME Macro Mean : 36.4975
2025-04-17 14:59:55,819 [trainer.py] => CNN Harmonic Mean : 32.9468
2025-04-17 14:59:55,819 [trainer.py] => CNN Macro Mean : 33.9825
2025-04-17 14:59:55,819 [trainer.py] => All params: 21351362
2025-04-17 14:59:55,820 [trainer.py] => Trainable params: 21351362
2025-04-17 14:59:55,821 [icarl.py] => Learning on 52-65
2025-04-17 15:00:17,419 [icarl.py] => Task 4, Epoch 1/200 => Loss 6.400, Loss_clf 3.233, Loss_kd 3.167, Train_accy 26.41, Test_accy {'Art': 10.45, 'Clipart': 16.57, 'Real World': 18.26, 'Product': 12.13}
2025-04-17 15:00:27,148 [icarl.py] => Task 4, Epoch 2/200 => Loss 5.586, Loss_clf 2.404, Loss_kd 3.182, Train_accy 35.26
2025-04-17 15:00:36,643 [icarl.py] => Task 4, Epoch 3/200 => Loss 5.059, Loss_clf 2.025, Loss_kd 3.034, Train_accy 43.65
2025-04-17 15:00:46,244 [icarl.py] => Task 4, Epoch 4/200 => Loss 4.794, Loss_clf 1.818, Loss_kd 2.976, Train_accy 48.74
2025-04-17 15:00:57,072 [icarl.py] => Task 4, Epoch 5/200 => Loss 4.533, Loss_clf 1.615, Loss_kd 2.919, Train_accy 54.39
2025-04-17 15:01:06,751 [icarl.py] => Task 4, Epoch 6/200 => Loss 4.389, Loss_clf 1.514, Loss_kd 2.875, Train_accy 56.71
2025-04-17 15:01:16,424 [icarl.py] => Task 4, Epoch 7/200 => Loss 4.275, Loss_clf 1.407, Loss_kd 2.868, Train_accy 60.46
2025-04-17 15:01:26,276 [icarl.py] => Task 4, Epoch 8/200 => Loss 4.066, Loss_clf 1.257, Loss_kd 2.809, Train_accy 64.68
2025-04-17 15:01:36,428 [icarl.py] => Task 4, Epoch 9/200 => Loss 3.980, Loss_clf 1.164, Loss_kd 2.815, Train_accy 66.37
2025-04-17 15:01:45,897 [icarl.py] => Task 4, Epoch 10/200 => Loss 3.992, Loss_clf 1.169, Loss_kd 2.823, Train_accy 66.70
2025-04-17 15:01:56,396 [icarl.py] => Task 4, Epoch 11/200 => Loss 3.845, Loss_clf 1.058, Loss_kd 2.787, Train_accy 70.42
2025-04-17 15:02:06,341 [icarl.py] => Task 4, Epoch 12/200 => Loss 3.762, Loss_clf 0.987, Loss_kd 2.774, Train_accy 71.47
2025-04-17 15:02:16,284 [icarl.py] => Task 4, Epoch 13/200 => Loss 3.760, Loss_clf 0.989, Loss_kd 2.771, Train_accy 71.63
2025-04-17 15:02:26,198 [icarl.py] => Task 4, Epoch 14/200 => Loss 3.638, Loss_clf 0.887, Loss_kd 2.750, Train_accy 75.29
2025-04-17 15:02:36,777 [icarl.py] => Task 4, Epoch 15/200 => Loss 3.558, Loss_clf 0.826, Loss_kd 2.732, Train_accy 77.70
2025-04-17 15:02:46,664 [icarl.py] => Task 4, Epoch 16/200 => Loss 3.503, Loss_clf 0.785, Loss_kd 2.718, Train_accy 77.80
2025-04-17 15:02:56,978 [icarl.py] => Task 4, Epoch 17/200 => Loss 3.451, Loss_clf 0.756, Loss_kd 2.695, Train_accy 79.76
2025-04-17 15:03:07,451 [icarl.py] => Task 4, Epoch 18/200 => Loss 3.480, Loss_clf 0.763, Loss_kd 2.717, Train_accy 78.88
2025-04-17 15:03:17,763 [icarl.py] => Task 4, Epoch 19/200 => Loss 3.380, Loss_clf 0.693, Loss_kd 2.687, Train_accy 80.71
2025-04-17 15:03:28,180 [icarl.py] => Task 4, Epoch 20/200 => Loss 3.328, Loss_clf 0.648, Loss_kd 2.680, Train_accy 81.49
2025-04-17 15:03:50,071 [icarl.py] => Task 4, Epoch 21/200 => Loss 3.321, Loss_clf 0.643, Loss_kd 2.678, Train_accy 81.95, Test_accy {'Art': 16.77, 'Clipart': 34.71, 'Real World': 27.73, 'Product': 20.55}
2025-04-17 15:03:59,872 [icarl.py] => Task 4, Epoch 22/200 => Loss 3.214, Loss_clf 0.566, Loss_kd 2.648, Train_accy 84.10
2025-04-17 15:04:09,684 [icarl.py] => Task 4, Epoch 23/200 => Loss 3.231, Loss_clf 0.585, Loss_kd 2.646, Train_accy 84.23
2025-04-17 15:04:19,373 [icarl.py] => Task 4, Epoch 24/200 => Loss 3.202, Loss_clf 0.555, Loss_kd 2.647, Train_accy 84.85
2025-04-17 15:04:29,209 [icarl.py] => Task 4, Epoch 25/200 => Loss 3.199, Loss_clf 0.534, Loss_kd 2.666, Train_accy 85.08
2025-04-17 15:04:38,959 [icarl.py] => Task 4, Epoch 26/200 => Loss 3.134, Loss_clf 0.513, Loss_kd 2.621, Train_accy 85.63
2025-04-17 15:04:48,824 [icarl.py] => Task 4, Epoch 27/200 => Loss 3.130, Loss_clf 0.505, Loss_kd 2.626, Train_accy 86.06
2025-04-17 15:04:58,897 [icarl.py] => Task 4, Epoch 28/200 => Loss 3.120, Loss_clf 0.500, Loss_kd 2.621, Train_accy 86.22
2025-04-17 15:05:08,421 [icarl.py] => Task 4, Epoch 29/200 => Loss 3.175, Loss_clf 0.527, Loss_kd 2.648, Train_accy 85.60
2025-04-17 15:05:18,121 [icarl.py] => Task 4, Epoch 30/200 => Loss 3.087, Loss_clf 0.460, Loss_kd 2.627, Train_accy 87.07
2025-04-17 15:05:27,948 [icarl.py] => Task 4, Epoch 31/200 => Loss 3.111, Loss_clf 0.494, Loss_kd 2.617, Train_accy 86.22
2025-04-17 15:05:37,749 [icarl.py] => Task 4, Epoch 32/200 => Loss 3.077, Loss_clf 0.473, Loss_kd 2.604, Train_accy 86.91
2025-04-17 15:05:47,253 [icarl.py] => Task 4, Epoch 33/200 => Loss 3.045, Loss_clf 0.437, Loss_kd 2.608, Train_accy 88.15
2025-04-17 15:05:57,195 [icarl.py] => Task 4, Epoch 34/200 => Loss 3.054, Loss_clf 0.430, Loss_kd 2.624, Train_accy 88.05
2025-04-17 15:06:06,670 [icarl.py] => Task 4, Epoch 35/200 => Loss 3.042, Loss_clf 0.442, Loss_kd 2.600, Train_accy 88.83
2025-04-17 15:06:16,263 [icarl.py] => Task 4, Epoch 36/200 => Loss 3.038, Loss_clf 0.434, Loss_kd 2.604, Train_accy 88.87
2025-04-17 15:06:26,174 [icarl.py] => Task 4, Epoch 37/200 => Loss 3.069, Loss_clf 0.446, Loss_kd 2.623, Train_accy 88.15
2025-04-17 15:06:35,886 [icarl.py] => Task 4, Epoch 38/200 => Loss 3.014, Loss_clf 0.412, Loss_kd 2.601, Train_accy 88.90
2025-04-17 15:06:45,516 [icarl.py] => Task 4, Epoch 39/200 => Loss 3.022, Loss_clf 0.414, Loss_kd 2.608, Train_accy 88.44
2025-04-17 15:06:55,325 [icarl.py] => Task 4, Epoch 40/200 => Loss 3.000, Loss_clf 0.404, Loss_kd 2.596, Train_accy 89.55
2025-04-17 15:07:17,788 [icarl.py] => Task 4, Epoch 41/200 => Loss 3.041, Loss_clf 0.428, Loss_kd 2.614, Train_accy 88.77, Test_accy {'Art': 18.54, 'Clipart': 35.16, 'Real World': 30.07, 'Product': 23.17}
2025-04-17 15:07:27,848 [icarl.py] => Task 4, Epoch 42/200 => Loss 2.964, Loss_clf 0.367, Loss_kd 2.597, Train_accy 89.98
2025-04-17 15:07:37,483 [icarl.py] => Task 4, Epoch 43/200 => Loss 2.961, Loss_clf 0.375, Loss_kd 2.586, Train_accy 90.24
2025-04-17 15:07:47,533 [icarl.py] => Task 4, Epoch 44/200 => Loss 2.949, Loss_clf 0.372, Loss_kd 2.577, Train_accy 90.04
2025-04-17 15:07:57,516 [icarl.py] => Task 4, Epoch 45/200 => Loss 2.930, Loss_clf 0.364, Loss_kd 2.566, Train_accy 90.56
2025-04-17 15:08:07,308 [icarl.py] => Task 4, Epoch 46/200 => Loss 2.957, Loss_clf 0.371, Loss_kd 2.586, Train_accy 90.24
2025-04-17 15:08:17,147 [icarl.py] => Task 4, Epoch 47/200 => Loss 2.936, Loss_clf 0.356, Loss_kd 2.580, Train_accy 90.37
2025-04-17 15:08:27,168 [icarl.py] => Task 4, Epoch 48/200 => Loss 2.910, Loss_clf 0.346, Loss_kd 2.564, Train_accy 91.02
2025-04-17 15:08:36,858 [icarl.py] => Task 4, Epoch 49/200 => Loss 2.950, Loss_clf 0.378, Loss_kd 2.571, Train_accy 90.08
2025-04-17 15:08:46,444 [icarl.py] => Task 4, Epoch 50/200 => Loss 2.949, Loss_clf 0.359, Loss_kd 2.590, Train_accy 90.53
2025-04-17 15:08:55,666 [icarl.py] => Task 4, Epoch 51/200 => Loss 2.922, Loss_clf 0.345, Loss_kd 2.577, Train_accy 90.63
2025-04-17 15:09:05,158 [icarl.py] => Task 4, Epoch 52/200 => Loss 2.906, Loss_clf 0.334, Loss_kd 2.572, Train_accy 91.32
2025-04-17 15:09:14,503 [icarl.py] => Task 4, Epoch 53/200 => Loss 2.891, Loss_clf 0.330, Loss_kd 2.561, Train_accy 90.83
2025-04-17 15:09:24,794 [icarl.py] => Task 4, Epoch 54/200 => Loss 2.877, Loss_clf 0.316, Loss_kd 2.562, Train_accy 91.90
2025-04-17 15:09:34,558 [icarl.py] => Task 4, Epoch 55/200 => Loss 2.912, Loss_clf 0.343, Loss_kd 2.570, Train_accy 91.12
2025-04-17 15:09:44,570 [icarl.py] => Task 4, Epoch 56/200 => Loss 2.907, Loss_clf 0.330, Loss_kd 2.577, Train_accy 91.32
2025-04-17 15:09:54,692 [icarl.py] => Task 4, Epoch 57/200 => Loss 2.861, Loss_clf 0.302, Loss_kd 2.559, Train_accy 91.51
2025-04-17 15:10:04,660 [icarl.py] => Task 4, Epoch 58/200 => Loss 2.867, Loss_clf 0.325, Loss_kd 2.542, Train_accy 90.89
2025-04-17 15:10:14,123 [icarl.py] => Task 4, Epoch 59/200 => Loss 2.909, Loss_clf 0.328, Loss_kd 2.580, Train_accy 91.48
2025-04-17 15:10:23,552 [icarl.py] => Task 4, Epoch 60/200 => Loss 2.837, Loss_clf 0.291, Loss_kd 2.546, Train_accy 92.39
2025-04-17 15:10:45,513 [icarl.py] => Task 4, Epoch 61/200 => Loss 2.895, Loss_clf 0.333, Loss_kd 2.562, Train_accy 91.15, Test_accy {'Art': 15.78, 'Clipart': 31.35, 'Real World': 25.5, 'Product': 19.02}
2025-04-17 15:10:54,878 [icarl.py] => Task 4, Epoch 62/200 => Loss 2.860, Loss_clf 0.304, Loss_kd 2.556, Train_accy 91.90
2025-04-17 15:11:04,861 [icarl.py] => Task 4, Epoch 63/200 => Loss 2.864, Loss_clf 0.301, Loss_kd 2.563, Train_accy 92.26
2025-04-17 15:11:14,416 [icarl.py] => Task 4, Epoch 64/200 => Loss 2.875, Loss_clf 0.301, Loss_kd 2.573, Train_accy 91.51
2025-04-17 15:11:24,030 [icarl.py] => Task 4, Epoch 65/200 => Loss 2.832, Loss_clf 0.274, Loss_kd 2.559, Train_accy 93.31
2025-04-17 15:11:34,442 [icarl.py] => Task 4, Epoch 66/200 => Loss 2.810, Loss_clf 0.272, Loss_kd 2.538, Train_accy 93.11
2025-04-17 15:11:44,906 [icarl.py] => Task 4, Epoch 67/200 => Loss 2.806, Loss_clf 0.275, Loss_kd 2.531, Train_accy 92.59
2025-04-17 15:11:54,506 [icarl.py] => Task 4, Epoch 68/200 => Loss 2.767, Loss_clf 0.250, Loss_kd 2.517, Train_accy 93.37
2025-04-17 15:12:04,338 [icarl.py] => Task 4, Epoch 69/200 => Loss 2.790, Loss_clf 0.262, Loss_kd 2.528, Train_accy 93.31
2025-04-17 15:12:14,372 [icarl.py] => Task 4, Epoch 70/200 => Loss 2.761, Loss_clf 0.233, Loss_kd 2.528, Train_accy 93.47
2025-04-17 15:12:24,498 [icarl.py] => Task 4, Epoch 71/200 => Loss 2.758, Loss_clf 0.243, Loss_kd 2.515, Train_accy 93.80
2025-04-17 15:12:34,429 [icarl.py] => Task 4, Epoch 72/200 => Loss 2.790, Loss_clf 0.261, Loss_kd 2.530, Train_accy 93.31
2025-04-17 15:12:44,451 [icarl.py] => Task 4, Epoch 73/200 => Loss 2.800, Loss_clf 0.268, Loss_kd 2.533, Train_accy 93.37
2025-04-17 15:12:53,869 [icarl.py] => Task 4, Epoch 74/200 => Loss 2.788, Loss_clf 0.257, Loss_kd 2.531, Train_accy 93.21
2025-04-17 15:13:03,875 [icarl.py] => Task 4, Epoch 75/200 => Loss 2.761, Loss_clf 0.233, Loss_kd 2.528, Train_accy 93.60
2025-04-17 15:13:15,165 [icarl.py] => Task 4, Epoch 76/200 => Loss 2.775, Loss_clf 0.248, Loss_kd 2.527, Train_accy 93.31
2025-04-17 15:13:24,842 [icarl.py] => Task 4, Epoch 77/200 => Loss 2.802, Loss_clf 0.272, Loss_kd 2.530, Train_accy 92.69
2025-04-17 15:13:34,750 [icarl.py] => Task 4, Epoch 78/200 => Loss 2.803, Loss_clf 0.262, Loss_kd 2.541, Train_accy 93.18
2025-04-17 15:13:44,677 [icarl.py] => Task 4, Epoch 79/200 => Loss 2.773, Loss_clf 0.242, Loss_kd 2.531, Train_accy 93.93
2025-04-17 15:13:54,284 [icarl.py] => Task 4, Epoch 80/200 => Loss 2.758, Loss_clf 0.238, Loss_kd 2.520, Train_accy 93.83
2025-04-17 15:14:16,012 [icarl.py] => Task 4, Epoch 81/200 => Loss 2.747, Loss_clf 0.228, Loss_kd 2.519, Train_accy 94.16, Test_accy {'Art': 18.54, 'Clipart': 37.18, 'Real World': 27.28, 'Product': 23.06}
2025-04-17 15:14:26,091 [icarl.py] => Task 4, Epoch 82/200 => Loss 2.787, Loss_clf 0.247, Loss_kd 2.540, Train_accy 93.44
2025-04-17 15:14:35,881 [icarl.py] => Task 4, Epoch 83/200 => Loss 2.718, Loss_clf 0.212, Loss_kd 2.507, Train_accy 94.52
2025-04-17 15:14:45,649 [icarl.py] => Task 4, Epoch 84/200 => Loss 2.715, Loss_clf 0.205, Loss_kd 2.510, Train_accy 94.97
2025-04-17 15:14:55,562 [icarl.py] => Task 4, Epoch 85/200 => Loss 2.744, Loss_clf 0.225, Loss_kd 2.519, Train_accy 94.16
2025-04-17 15:15:05,467 [icarl.py] => Task 4, Epoch 86/200 => Loss 2.718, Loss_clf 0.205, Loss_kd 2.512, Train_accy 94.91
2025-04-17 15:15:15,308 [icarl.py] => Task 4, Epoch 87/200 => Loss 2.720, Loss_clf 0.213, Loss_kd 2.507, Train_accy 94.84
2025-04-17 15:15:25,651 [icarl.py] => Task 4, Epoch 88/200 => Loss 2.715, Loss_clf 0.203, Loss_kd 2.512, Train_accy 95.04
2025-04-17 15:15:35,580 [icarl.py] => Task 4, Epoch 89/200 => Loss 2.715, Loss_clf 0.201, Loss_kd 2.514, Train_accy 94.74
2025-04-17 15:15:45,015 [icarl.py] => Task 4, Epoch 90/200 => Loss 2.708, Loss_clf 0.195, Loss_kd 2.514, Train_accy 95.04
2025-04-17 15:15:54,953 [icarl.py] => Task 4, Epoch 91/200 => Loss 2.714, Loss_clf 0.215, Loss_kd 2.499, Train_accy 94.42
2025-04-17 15:16:04,500 [icarl.py] => Task 4, Epoch 92/200 => Loss 2.676, Loss_clf 0.182, Loss_kd 2.494, Train_accy 95.46
2025-04-17 15:16:14,256 [icarl.py] => Task 4, Epoch 93/200 => Loss 2.666, Loss_clf 0.173, Loss_kd 2.493, Train_accy 95.43
2025-04-17 15:16:24,019 [icarl.py] => Task 4, Epoch 94/200 => Loss 2.687, Loss_clf 0.197, Loss_kd 2.490, Train_accy 95.20
2025-04-17 15:16:33,950 [icarl.py] => Task 4, Epoch 95/200 => Loss 2.682, Loss_clf 0.178, Loss_kd 2.504, Train_accy 95.66
2025-04-17 15:16:43,618 [icarl.py] => Task 4, Epoch 96/200 => Loss 2.663, Loss_clf 0.177, Loss_kd 2.486, Train_accy 95.66
2025-04-17 15:16:53,426 [icarl.py] => Task 4, Epoch 97/200 => Loss 2.659, Loss_clf 0.168, Loss_kd 2.492, Train_accy 95.85
2025-04-17 15:17:03,204 [icarl.py] => Task 4, Epoch 98/200 => Loss 2.653, Loss_clf 0.175, Loss_kd 2.478, Train_accy 95.63
2025-04-17 15:17:13,235 [icarl.py] => Task 4, Epoch 99/200 => Loss 2.661, Loss_clf 0.171, Loss_kd 2.490, Train_accy 95.53
2025-04-17 15:17:22,877 [icarl.py] => Task 4, Epoch 100/200 => Loss 2.645, Loss_clf 0.167, Loss_kd 2.478, Train_accy 95.95
2025-04-17 15:17:44,824 [icarl.py] => Task 4, Epoch 101/200 => Loss 2.674, Loss_clf 0.180, Loss_kd 2.494, Train_accy 95.89, Test_accy {'Art': 17.95, 'Clipart': 33.37, 'Real World': 27.28, 'Product': 20.87}
2025-04-17 15:17:54,568 [icarl.py] => Task 4, Epoch 102/200 => Loss 2.652, Loss_clf 0.166, Loss_kd 2.486, Train_accy 95.43
2025-04-17 15:18:04,404 [icarl.py] => Task 4, Epoch 103/200 => Loss 2.621, Loss_clf 0.142, Loss_kd 2.479, Train_accy 96.34
2025-04-17 15:18:14,591 [icarl.py] => Task 4, Epoch 104/200 => Loss 2.618, Loss_clf 0.146, Loss_kd 2.472, Train_accy 96.47
2025-04-17 15:18:24,524 [icarl.py] => Task 4, Epoch 105/200 => Loss 2.614, Loss_clf 0.148, Loss_kd 2.466, Train_accy 96.34
2025-04-17 15:18:33,971 [icarl.py] => Task 4, Epoch 106/200 => Loss 2.626, Loss_clf 0.143, Loss_kd 2.483, Train_accy 96.47
2025-04-17 15:18:43,632 [icarl.py] => Task 4, Epoch 107/200 => Loss 2.635, Loss_clf 0.154, Loss_kd 2.481, Train_accy 96.02
2025-04-17 15:18:53,417 [icarl.py] => Task 4, Epoch 108/200 => Loss 2.635, Loss_clf 0.159, Loss_kd 2.476, Train_accy 96.15
2025-04-17 15:19:03,391 [icarl.py] => Task 4, Epoch 109/200 => Loss 2.606, Loss_clf 0.141, Loss_kd 2.465, Train_accy 96.83
2025-04-17 15:19:13,136 [icarl.py] => Task 4, Epoch 110/200 => Loss 2.604, Loss_clf 0.140, Loss_kd 2.464, Train_accy 96.47
2025-04-17 15:19:22,911 [icarl.py] => Task 4, Epoch 111/200 => Loss 2.598, Loss_clf 0.135, Loss_kd 2.463, Train_accy 96.67
2025-04-17 15:19:32,590 [icarl.py] => Task 4, Epoch 112/200 => Loss 2.580, Loss_clf 0.121, Loss_kd 2.459, Train_accy 96.87
2025-04-17 15:19:42,851 [icarl.py] => Task 4, Epoch 113/200 => Loss 2.579, Loss_clf 0.127, Loss_kd 2.452, Train_accy 96.93
2025-04-17 15:19:52,517 [icarl.py] => Task 4, Epoch 114/200 => Loss 2.592, Loss_clf 0.132, Loss_kd 2.460, Train_accy 96.80
2025-04-17 15:20:02,025 [icarl.py] => Task 4, Epoch 115/200 => Loss 2.609, Loss_clf 0.151, Loss_kd 2.458, Train_accy 96.51
2025-04-17 15:20:11,845 [icarl.py] => Task 4, Epoch 116/200 => Loss 2.591, Loss_clf 0.139, Loss_kd 2.452, Train_accy 96.74
2025-04-17 15:20:21,694 [icarl.py] => Task 4, Epoch 117/200 => Loss 2.590, Loss_clf 0.134, Loss_kd 2.456, Train_accy 96.90
2025-04-17 15:20:31,608 [icarl.py] => Task 4, Epoch 118/200 => Loss 2.580, Loss_clf 0.129, Loss_kd 2.451, Train_accy 97.09
2025-04-17 15:20:41,399 [icarl.py] => Task 4, Epoch 119/200 => Loss 2.541, Loss_clf 0.102, Loss_kd 2.439, Train_accy 97.65
2025-04-17 15:20:51,360 [icarl.py] => Task 4, Epoch 120/200 => Loss 2.565, Loss_clf 0.124, Loss_kd 2.441, Train_accy 97.19
2025-04-17 15:21:13,198 [icarl.py] => Task 4, Epoch 121/200 => Loss 2.560, Loss_clf 0.117, Loss_kd 2.444, Train_accy 97.13, Test_accy {'Art': 17.95, 'Clipart': 38.52, 'Real World': 29.4, 'Product': 22.73}
2025-04-17 15:21:23,132 [icarl.py] => Task 4, Epoch 122/200 => Loss 2.555, Loss_clf 0.106, Loss_kd 2.449, Train_accy 97.42
2025-04-17 15:21:33,453 [icarl.py] => Task 4, Epoch 123/200 => Loss 2.557, Loss_clf 0.115, Loss_kd 2.442, Train_accy 97.29
2025-04-17 15:21:43,510 [icarl.py] => Task 4, Epoch 124/200 => Loss 2.543, Loss_clf 0.101, Loss_kd 2.442, Train_accy 97.58
2025-04-17 15:21:54,317 [icarl.py] => Task 4, Epoch 125/200 => Loss 2.585, Loss_clf 0.129, Loss_kd 2.456, Train_accy 97.19
2025-04-17 15:22:04,306 [icarl.py] => Task 4, Epoch 126/200 => Loss 2.578, Loss_clf 0.118, Loss_kd 2.460, Train_accy 97.13
2025-04-17 15:22:14,197 [icarl.py] => Task 4, Epoch 127/200 => Loss 2.555, Loss_clf 0.102, Loss_kd 2.453, Train_accy 97.75
2025-04-17 15:22:23,904 [icarl.py] => Task 4, Epoch 128/200 => Loss 2.547, Loss_clf 0.101, Loss_kd 2.446, Train_accy 97.71
2025-04-17 15:22:33,513 [icarl.py] => Task 4, Epoch 129/200 => Loss 2.528, Loss_clf 0.105, Loss_kd 2.423, Train_accy 97.45
2025-04-17 15:22:43,342 [icarl.py] => Task 4, Epoch 130/200 => Loss 2.523, Loss_clf 0.096, Loss_kd 2.427, Train_accy 97.81
2025-04-17 15:22:53,287 [icarl.py] => Task 4, Epoch 131/200 => Loss 2.517, Loss_clf 0.088, Loss_kd 2.428, Train_accy 97.94
2025-04-17 15:23:02,866 [icarl.py] => Task 4, Epoch 132/200 => Loss 2.555, Loss_clf 0.116, Loss_kd 2.439, Train_accy 97.39
2025-04-17 15:23:12,613 [icarl.py] => Task 4, Epoch 133/200 => Loss 2.521, Loss_clf 0.103, Loss_kd 2.418, Train_accy 97.52
2025-04-17 15:23:22,424 [icarl.py] => Task 4, Epoch 134/200 => Loss 2.549, Loss_clf 0.101, Loss_kd 2.448, Train_accy 97.88
2025-04-17 15:23:32,043 [icarl.py] => Task 4, Epoch 135/200 => Loss 2.507, Loss_clf 0.085, Loss_kd 2.421, Train_accy 98.11
2025-04-17 15:23:41,692 [icarl.py] => Task 4, Epoch 136/200 => Loss 2.524, Loss_clf 0.090, Loss_kd 2.434, Train_accy 98.01
2025-04-17 15:23:51,329 [icarl.py] => Task 4, Epoch 137/200 => Loss 2.539, Loss_clf 0.091, Loss_kd 2.448, Train_accy 98.17
2025-04-17 15:24:01,086 [icarl.py] => Task 4, Epoch 138/200 => Loss 2.513, Loss_clf 0.085, Loss_kd 2.428, Train_accy 98.04
2025-04-17 15:24:10,957 [icarl.py] => Task 4, Epoch 139/200 => Loss 2.522, Loss_clf 0.084, Loss_kd 2.438, Train_accy 98.14
2025-04-17 15:24:20,835 [icarl.py] => Task 4, Epoch 140/200 => Loss 2.522, Loss_clf 0.086, Loss_kd 2.436, Train_accy 98.24
2025-04-17 15:24:42,690 [icarl.py] => Task 4, Epoch 141/200 => Loss 2.504, Loss_clf 0.081, Loss_kd 2.423, Train_accy 98.27, Test_accy {'Art': 19.92, 'Clipart': 39.75, 'Real World': 31.51, 'Product': 24.37}
2025-04-17 15:24:52,724 [icarl.py] => Task 4, Epoch 142/200 => Loss 2.527, Loss_clf 0.088, Loss_kd 2.439, Train_accy 98.20
2025-04-17 15:25:02,292 [icarl.py] => Task 4, Epoch 143/200 => Loss 2.533, Loss_clf 0.092, Loss_kd 2.441, Train_accy 98.04
2025-04-17 15:25:11,563 [icarl.py] => Task 4, Epoch 144/200 => Loss 2.526, Loss_clf 0.096, Loss_kd 2.430, Train_accy 97.81
2025-04-17 15:25:21,258 [icarl.py] => Task 4, Epoch 145/200 => Loss 2.506, Loss_clf 0.076, Loss_kd 2.430, Train_accy 98.37
2025-04-17 15:25:31,232 [icarl.py] => Task 4, Epoch 146/200 => Loss 2.518, Loss_clf 0.089, Loss_kd 2.429, Train_accy 97.91
2025-04-17 15:25:40,292 [icarl.py] => Task 4, Epoch 147/200 => Loss 2.476, Loss_clf 0.070, Loss_kd 2.406, Train_accy 98.63
2025-04-17 15:25:49,954 [icarl.py] => Task 4, Epoch 148/200 => Loss 2.498, Loss_clf 0.081, Loss_kd 2.416, Train_accy 98.20
2025-04-17 15:25:59,547 [icarl.py] => Task 4, Epoch 149/200 => Loss 2.493, Loss_clf 0.078, Loss_kd 2.415, Train_accy 98.33
2025-04-17 15:26:09,348 [icarl.py] => Task 4, Epoch 150/200 => Loss 2.487, Loss_clf 0.078, Loss_kd 2.409, Train_accy 98.33
2025-04-17 15:26:18,841 [icarl.py] => Task 4, Epoch 151/200 => Loss 2.507, Loss_clf 0.078, Loss_kd 2.429, Train_accy 98.30
2025-04-17 15:26:28,113 [icarl.py] => Task 4, Epoch 152/200 => Loss 2.497, Loss_clf 0.067, Loss_kd 2.430, Train_accy 98.53
2025-04-17 15:26:37,382 [icarl.py] => Task 4, Epoch 153/200 => Loss 2.495, Loss_clf 0.078, Loss_kd 2.417, Train_accy 98.17
2025-04-17 15:26:46,863 [icarl.py] => Task 4, Epoch 154/200 => Loss 2.496, Loss_clf 0.073, Loss_kd 2.423, Train_accy 98.30
2025-04-17 15:26:56,650 [icarl.py] => Task 4, Epoch 155/200 => Loss 2.471, Loss_clf 0.067, Loss_kd 2.404, Train_accy 98.82
2025-04-17 15:27:06,288 [icarl.py] => Task 4, Epoch 156/200 => Loss 2.483, Loss_clf 0.074, Loss_kd 2.409, Train_accy 98.30
2025-04-17 15:27:16,661 [icarl.py] => Task 4, Epoch 157/200 => Loss 2.469, Loss_clf 0.066, Loss_kd 2.404, Train_accy 98.76
2025-04-17 15:27:26,471 [icarl.py] => Task 4, Epoch 158/200 => Loss 2.492, Loss_clf 0.072, Loss_kd 2.420, Train_accy 98.33
2025-04-17 15:27:36,320 [icarl.py] => Task 4, Epoch 159/200 => Loss 2.485, Loss_clf 0.061, Loss_kd 2.424, Train_accy 98.66
2025-04-17 15:27:46,727 [icarl.py] => Task 4, Epoch 160/200 => Loss 2.481, Loss_clf 0.071, Loss_kd 2.410, Train_accy 98.30
2025-04-17 15:28:09,169 [icarl.py] => Task 4, Epoch 161/200 => Loss 2.490, Loss_clf 0.073, Loss_kd 2.417, Train_accy 98.60, Test_accy {'Art': 19.13, 'Clipart': 40.87, 'Real World': 32.07, 'Product': 25.14}
2025-04-17 15:28:18,947 [icarl.py] => Task 4, Epoch 162/200 => Loss 2.482, Loss_clf 0.069, Loss_kd 2.412, Train_accy 98.56
2025-04-17 15:28:28,597 [icarl.py] => Task 4, Epoch 163/200 => Loss 2.494, Loss_clf 0.080, Loss_kd 2.414, Train_accy 98.47
2025-04-17 15:28:38,129 [icarl.py] => Task 4, Epoch 164/200 => Loss 2.495, Loss_clf 0.080, Loss_kd 2.415, Train_accy 98.24
2025-04-17 15:28:47,852 [icarl.py] => Task 4, Epoch 165/200 => Loss 2.480, Loss_clf 0.070, Loss_kd 2.410, Train_accy 98.50
2025-04-17 15:28:57,731 [icarl.py] => Task 4, Epoch 166/200 => Loss 2.483, Loss_clf 0.065, Loss_kd 2.418, Train_accy 98.53
2025-04-17 15:29:07,124 [icarl.py] => Task 4, Epoch 167/200 => Loss 2.479, Loss_clf 0.061, Loss_kd 2.419, Train_accy 99.09
2025-04-17 15:29:16,729 [icarl.py] => Task 4, Epoch 168/200 => Loss 2.472, Loss_clf 0.071, Loss_kd 2.402, Train_accy 98.76
2025-04-17 15:29:26,692 [icarl.py] => Task 4, Epoch 169/200 => Loss 2.489, Loss_clf 0.069, Loss_kd 2.420, Train_accy 98.53
2025-04-17 15:29:37,085 [icarl.py] => Task 4, Epoch 170/200 => Loss 2.483, Loss_clf 0.065, Loss_kd 2.418, Train_accy 98.82
2025-04-17 15:29:47,330 [icarl.py] => Task 4, Epoch 171/200 => Loss 2.476, Loss_clf 0.068, Loss_kd 2.408, Train_accy 98.47
2025-04-17 15:29:56,821 [icarl.py] => Task 4, Epoch 172/200 => Loss 2.477, Loss_clf 0.073, Loss_kd 2.404, Train_accy 98.43
2025-04-17 15:30:06,414 [icarl.py] => Task 4, Epoch 173/200 => Loss 2.465, Loss_clf 0.063, Loss_kd 2.402, Train_accy 98.76
2025-04-17 15:30:16,583 [icarl.py] => Task 4, Epoch 174/200 => Loss 2.485, Loss_clf 0.070, Loss_kd 2.415, Train_accy 98.56
2025-04-17 15:30:26,385 [icarl.py] => Task 4, Epoch 175/200 => Loss 2.470, Loss_clf 0.057, Loss_kd 2.414, Train_accy 98.99
2025-04-17 15:30:36,023 [icarl.py] => Task 4, Epoch 176/200 => Loss 2.434, Loss_clf 0.051, Loss_kd 2.383, Train_accy 99.02
2025-04-17 15:30:46,114 [icarl.py] => Task 4, Epoch 177/200 => Loss 2.461, Loss_clf 0.055, Loss_kd 2.406, Train_accy 98.99
2025-04-17 15:30:55,694 [icarl.py] => Task 4, Epoch 178/200 => Loss 2.463, Loss_clf 0.063, Loss_kd 2.400, Train_accy 98.86
2025-04-17 15:31:05,644 [icarl.py] => Task 4, Epoch 179/200 => Loss 2.480, Loss_clf 0.066, Loss_kd 2.414, Train_accy 98.50
2025-04-17 15:31:15,078 [icarl.py] => Task 4, Epoch 180/200 => Loss 2.473, Loss_clf 0.065, Loss_kd 2.408, Train_accy 98.63
2025-04-17 15:31:36,664 [icarl.py] => Task 4, Epoch 181/200 => Loss 2.480, Loss_clf 0.071, Loss_kd 2.409, Train_accy 98.53, Test_accy {'Art': 19.72, 'Clipart': 40.99, 'Real World': 32.63, 'Product': 25.14}
2025-04-17 15:31:46,399 [icarl.py] => Task 4, Epoch 182/200 => Loss 2.469, Loss_clf 0.062, Loss_kd 2.407, Train_accy 98.60
2025-04-17 15:31:56,261 [icarl.py] => Task 4, Epoch 183/200 => Loss 2.464, Loss_clf 0.058, Loss_kd 2.406, Train_accy 98.73
2025-04-17 15:32:06,205 [icarl.py] => Task 4, Epoch 184/200 => Loss 2.474, Loss_clf 0.067, Loss_kd 2.407, Train_accy 98.66
2025-04-17 15:32:15,862 [icarl.py] => Task 4, Epoch 185/200 => Loss 2.487, Loss_clf 0.066, Loss_kd 2.421, Train_accy 98.69
2025-04-17 15:32:25,740 [icarl.py] => Task 4, Epoch 186/200 => Loss 2.481, Loss_clf 0.064, Loss_kd 2.417, Train_accy 98.86
2025-04-17 15:32:35,489 [icarl.py] => Task 4, Epoch 187/200 => Loss 2.465, Loss_clf 0.062, Loss_kd 2.403, Train_accy 98.63
2025-04-17 15:32:45,095 [icarl.py] => Task 4, Epoch 188/200 => Loss 2.489, Loss_clf 0.073, Loss_kd 2.416, Train_accy 98.73
2025-04-17 15:32:54,409 [icarl.py] => Task 4, Epoch 189/200 => Loss 2.473, Loss_clf 0.068, Loss_kd 2.404, Train_accy 98.56
2025-04-17 15:33:04,262 [icarl.py] => Task 4, Epoch 190/200 => Loss 2.439, Loss_clf 0.059, Loss_kd 2.381, Train_accy 98.96
2025-04-17 15:33:14,178 [icarl.py] => Task 4, Epoch 191/200 => Loss 2.435, Loss_clf 0.049, Loss_kd 2.386, Train_accy 99.18
2025-04-17 15:33:23,748 [icarl.py] => Task 4, Epoch 192/200 => Loss 2.479, Loss_clf 0.066, Loss_kd 2.413, Train_accy 98.82
2025-04-17 15:33:33,203 [icarl.py] => Task 4, Epoch 193/200 => Loss 2.474, Loss_clf 0.065, Loss_kd 2.409, Train_accy 98.53
2025-04-17 15:33:42,873 [icarl.py] => Task 4, Epoch 194/200 => Loss 2.476, Loss_clf 0.068, Loss_kd 2.408, Train_accy 98.56
2025-04-17 15:33:52,085 [icarl.py] => Task 4, Epoch 195/200 => Loss 2.460, Loss_clf 0.064, Loss_kd 2.396, Train_accy 98.73
2025-04-17 15:34:01,613 [icarl.py] => Task 4, Epoch 196/200 => Loss 2.462, Loss_clf 0.055, Loss_kd 2.406, Train_accy 98.79
2025-04-17 15:34:11,023 [icarl.py] => Task 4, Epoch 197/200 => Loss 2.460, Loss_clf 0.055, Loss_kd 2.405, Train_accy 98.79
2025-04-17 15:34:20,874 [icarl.py] => Task 4, Epoch 198/200 => Loss 2.485, Loss_clf 0.061, Loss_kd 2.425, Train_accy 98.69
2025-04-17 15:34:30,215 [icarl.py] => Task 4, Epoch 199/200 => Loss 2.490, Loss_clf 0.068, Loss_kd 2.422, Train_accy 98.66
2025-04-17 15:34:39,682 [icarl.py] => Task 4, Epoch 200/200 => Loss 2.479, Loss_clf 0.075, Loss_kd 2.404, Train_accy 98.56
2025-04-17 15:34:39,683 [base.py] => Reducing exemplars...(20 per classes)
2025-04-17 15:35:05,670 [base.py] => Constructing exemplars...(20 per classes)
2025-04-17 15:35:52,911 [icarl.py] => Exemplar size: 1300
2025-04-17 15:35:53,941 [trainer.py] => CNN [Art]: {'total': 19.13, '00-12': 21.51, '13-25': 5.75, '26-38': 8.26, '39-51': 13.93, '52-64': 47.92, 'old': 12.41, 'new': 47.92}
2025-04-17 15:35:53,942 [trainer.py] => NME [Art]: {'total': 23.87, '00-12': 29.03, '13-25': 12.64, '26-38': 17.43, '39-51': 17.21, '52-64': 44.79, 'old': 18.98, 'new': 44.79}
2025-04-17 15:35:53,942 [trainer.py] => CNN [Art] top1 curve: [48.39, 38.33, 30.8, 20.68, 19.13]
2025-04-17 15:35:53,942 [trainer.py] => CNN [Art] top5 curve: [75.27, 64.44, 57.09, 47.93, 43.39]
2025-04-17 15:35:53,942 [trainer.py] => NME [Art] top1 curve: [52.69, 43.89, 33.22, 21.65, 23.87]
2025-04-17 15:35:53,942 [trainer.py] => NME [Art] top5 curve: [80.65, 69.44, 58.48, 48.66, 44.38]
2025-04-17 15:35:53,942 [trainer.py] => Average Accuracy [Art] (CNN): 31.465999999999998
2025-04-17 15:35:53,942 [trainer.py] => Average Accuracy [Art] (NME): 35.064
2025-04-17 15:35:53,942 [trainer.py] => CNN [Clipart]: {'total': 41.1, '00-12': 41.57, '13-25': 30.6, '26-38': 20.86, '39-51': 46.41, '52-64': 63.3, 'old': 35.18, 'new': 63.3}
2025-04-17 15:35:53,942 [trainer.py] => NME [Clipart]: {'total': 43.67, '00-12': 44.38, '13-25': 35.52, '26-38': 26.99, '39-51': 54.7, '52-64': 54.79, 'old': 40.71, 'new': 54.79}
2025-04-17 15:35:53,942 [trainer.py] => CNN [Clipart] top1 curve: [71.91, 64.27, 54.77, 47.8, 41.1]
2025-04-17 15:35:53,942 [trainer.py] => CNN [Clipart] top5 curve: [92.13, 81.72, 77.67, 71.77, 65.62]
2025-04-17 15:35:53,942 [trainer.py] => NME [Clipart] top1 curve: [70.79, 65.65, 54.58, 46.81, 43.67]
2025-04-17 15:35:53,942 [trainer.py] => NME [Clipart] top5 curve: [92.13, 85.04, 80.73, 73.33, 65.73]
2025-04-17 15:35:53,942 [trainer.py] => Average Accuracy [Clipart] (CNN): 55.970000000000006
2025-04-17 15:35:53,942 [trainer.py] => Average Accuracy [Clipart] (NME): 56.3
2025-04-17 15:35:53,942 [trainer.py] => CNN [Product]: {'total': 25.36, '00-12': 28.37, '13-25': 10.59, '26-38': 15.79, '39-51': 31.84, '52-64': 40.48, 'old': 21.95, 'new': 40.48}
2025-04-17 15:35:53,942 [trainer.py] => NME [Product]: {'total': 29.18, '00-12': 33.65, '13-25': 18.24, '26-38': 21.05, '39-51': 33.52, '52-64': 39.29, 'old': 26.91, 'new': 39.29}
2025-04-17 15:35:53,942 [trainer.py] => CNN [Product] top1 curve: [56.73, 43.12, 35.74, 31.19, 25.36]
2025-04-17 15:35:53,942 [trainer.py] => CNN [Product] top5 curve: [88.94, 71.96, 66.9, 61.85, 54.32]
2025-04-17 15:35:53,942 [trainer.py] => NME [Product] top1 curve: [52.88, 42.59, 38.38, 34.4, 29.18]
2025-04-17 15:35:53,942 [trainer.py] => NME [Product] top5 curve: [89.9, 75.93, 69.01, 63.32, 56.61]
2025-04-17 15:35:53,942 [trainer.py] => Average Accuracy [Product] (CNN): 38.428
2025-04-17 15:35:53,943 [trainer.py] => Average Accuracy [Product] (NME): 39.486000000000004
2025-04-17 15:35:53,943 [trainer.py] => CNN [Real World]: {'total': 32.29, '00-12': 28.26, '13-25': 14.37, '26-38': 31.49, '39-51': 33.86, '52-64': 54.12, 'old': 27.2, 'new': 54.12}
2025-04-17 15:35:53,943 [trainer.py] => NME [Real World]: {'total': 37.42, '00-12': 35.33, '13-25': 20.11, '26-38': 38.12, '39-51': 39.68, '52-64': 54.12, 'old': 33.52, 'new': 54.12}
2025-04-17 15:35:53,943 [trainer.py] => CNN [Real World] top1 curve: [57.07, 47.49, 45.08, 36.26, 32.29]
2025-04-17 15:35:53,943 [trainer.py] => CNN [Real World] top5 curve: [86.96, 75.42, 69.94, 65.8, 60.69]
2025-04-17 15:35:53,943 [trainer.py] => NME [Real World] top1 curve: [57.61, 49.16, 47.12, 43.13, 37.42]
2025-04-17 15:35:53,943 [trainer.py] => NME [Real World] top5 curve: [89.67, 78.77, 72.36, 67.45, 63.03]
2025-04-17 15:35:53,943 [trainer.py] => Average Accuracy [Real World] (CNN): 43.638
2025-04-17 15:35:53,943 [trainer.py] => Average Accuracy [Real World] (NME): 46.888
2025-04-17 15:35:53,943 [trainer.py] => NME Harmonic Mean : 31.8206
2025-04-17 15:35:53,943 [trainer.py] => NME Macro Mean : 33.5350
2025-04-17 15:35:53,943 [trainer.py] => CNN Harmonic Mean : 27.8328
2025-04-17 15:35:53,943 [trainer.py] => CNN Macro Mean : 29.4700
2025-04-17 15:35:53,944 [trainer.py] => Forgetting (CNN) [Art]: 25.1525
2025-04-17 15:35:53,944 [trainer.py] => Forgetting (CNN) [Clipart]: 31.2325
2025-04-17 15:35:53,945 [trainer.py] => Forgetting (CNN) [Product]: 22.2875
2025-04-17 15:35:53,945 [trainer.py] => Forgetting (CNN) [Real World]: 25.5
2025-04-17 15:35:53,945 [trainer.py] => Forgetting (NME) [Art]: 19.022499999999997
2025-04-17 15:35:53,945 [trainer.py] => Forgetting (NME) [Clipart]: 20.965
2025-04-17 15:35:53,945 [trainer.py] => Forgetting (NME) [Product]: 14.6975
2025-04-17 15:35:53,946 [trainer.py] => Forgetting (NME) [Real World]: 20.7975
'13_product_art_top1':[48.39, 38.33, 30.8, 20.68, 19.13],
'13_product_art_top5':[75.27, 64.44, 57.09, 47.93, 43.39],
'13_product_clipart_top1':[71.91, 64.27, 54.77, 47.8, 41.1],
'13_product_clipart_top5':[92.13, 81.72, 77.67, 71.77, 65.62],
'13_product_product_top1':[56.73, 43.12, 35.74, 31.19, 25.36],
'13_product_product_top5':[88.94, 71.96, 66.9, 61.85, 54.32],
'13_product_real world_top1':[57.07, 47.49, 45.08, 36.26, 32.29],
'13_product_real world_top5':[86.96, 75.42, 69.94, 65.8, 60.69],
