2025-04-17 15:26:48,052 [trainer.py] => config: ./exps/icarl.json
2025-04-17 15:26:48,052 [trainer.py] => prefix: reproduce
2025-04-17 15:26:48,053 [trainer.py] => dataset: officehome
2025-04-17 15:26:48,053 [trainer.py] => device: [device(type='cuda', index=1)]
2025-04-17 15:26:48,053 [trainer.py] => use_rm: False
2025-04-17 15:26:48,053 [trainer.py] => topk: 5
2025-04-17 15:26:48,053 [trainer.py] => augmentation: False
2025-04-17 15:26:48,053 [trainer.py] => refinement: False
2025-04-17 15:26:48,053 [trainer.py] => flat: False
2025-04-17 15:26:48,053 [trainer.py] => P: 0.2
2025-04-17 15:26:48,053 [trainer.py] => N: 5
2025-04-17 15:26:48,053 [trainer.py] => random_times: 10
2025-04-17 15:26:48,053 [trainer.py] => random_weight: 0.1
2025-04-17 15:26:48,053 [trainer.py] => batch_size: 64
2025-04-17 15:26:48,053 [trainer.py] => init_epoch: 200
2025-04-17 15:26:48,053 [trainer.py] => epochs: 200
2025-04-17 15:26:48,053 [trainer.py] => memory_size: 1300
2025-04-17 15:26:48,053 [trainer.py] => memory_per_class: 20
2025-04-17 15:26:48,053 [trainer.py] => learning_rate: 0.1
2025-04-17 15:26:48,053 [trainer.py] => init_weight_decay: 0.0005
2025-04-17 15:26:48,053 [trainer.py] => weight_decay: 0.0002
2025-04-17 15:26:48,053 [trainer.py] => T: 2
2025-04-17 15:26:48,053 [trainer.py] => num_workers: 4
2025-04-17 15:26:48,053 [trainer.py] => fixed_memory: False
2025-04-17 15:26:48,053 [trainer.py] => shuffle: True
2025-04-17 15:26:48,053 [trainer.py] => init_cls: 13
2025-04-17 15:26:48,053 [trainer.py] => increment: 13
2025-04-17 15:26:48,053 [trainer.py] => model_name: icarl
2025-04-17 15:26:48,053 [trainer.py] => convnet_type: resnet34
2025-04-17 15:26:48,053 [trainer.py] => seed: 1993
2025-04-17 15:26:48,053 [trainer.py] => source_domain: ['Art', 'Clipart', 'Product']
2025-04-17 15:26:48,053 [trainer.py] => target_domain: Real World
2025-04-17 15:26:48,053 [trainer.py] => resume: False
2025-04-17 15:26:48,098 [data_manager.py] => [22, 56, 44, 45, 13, 8, 23, 54, 35, 52, 34, 61, 16, 6, 55, 20, 14, 38, 17, 63, 42, 10, 59, 43, 24, 2, 62, 21, 1, 15, 0, 37, 53, 27, 18, 46, 12, 25, 40, 30, 19, 47, 26, 36, 7, 28, 11, 5, 32, 41, 50, 4, 51, 58, 9, 60, 39, 31, 48, 3, 29, 64, 49, 57, 33]
2025-04-17 15:26:48,790 [trainer.py] => Training from scratch
2025-04-17 15:26:48,791 [trainer.py] => All params: 21284672
2025-04-17 15:26:48,791 [trainer.py] => Trainable params: 21284672
2025-04-17 15:26:48,792 [icarl.py] => Learning on 0-13
2025-04-17 15:26:56,771 [icarl.py] => Task 0, Epoch 1/200 => Loss 4.866, Loss_clf 4.866, Train_accy 10.54, Test_accy {'Art': 19.35, 'Clipart': 11.24, 'Real World': 8.15, 'Product': 9.13}
2025-04-17 15:26:59,746 [icarl.py] => Task 0, Epoch 2/200 => Loss 2.649, Loss_clf 2.649, Train_accy 16.27
2025-04-17 15:27:02,758 [icarl.py] => Task 0, Epoch 3/200 => Loss 2.541, Loss_clf 2.541, Train_accy 16.92
2025-04-17 15:27:05,958 [icarl.py] => Task 0, Epoch 4/200 => Loss 2.362, Loss_clf 2.362, Train_accy 19.30
2025-04-17 15:27:09,050 [icarl.py] => Task 0, Epoch 5/200 => Loss 2.300, Loss_clf 2.300, Train_accy 21.46
2025-04-17 15:27:12,562 [icarl.py] => Task 0, Epoch 6/200 => Loss 2.251, Loss_clf 2.251, Train_accy 23.41
2025-04-17 15:27:15,564 [icarl.py] => Task 0, Epoch 7/200 => Loss 2.209, Loss_clf 2.209, Train_accy 24.81
2025-04-17 15:27:18,559 [icarl.py] => Task 0, Epoch 8/200 => Loss 2.174, Loss_clf 2.174, Train_accy 27.84
2025-04-17 15:27:21,765 [icarl.py] => Task 0, Epoch 9/200 => Loss 2.151, Loss_clf 2.151, Train_accy 26.81
2025-04-17 15:27:24,779 [icarl.py] => Task 0, Epoch 10/200 => Loss 2.097, Loss_clf 2.097, Train_accy 29.57
2025-04-17 15:27:27,820 [icarl.py] => Task 0, Epoch 11/200 => Loss 2.065, Loss_clf 2.065, Train_accy 30.05
2025-04-17 15:27:30,828 [icarl.py] => Task 0, Epoch 12/200 => Loss 2.041, Loss_clf 2.041, Train_accy 31.89
2025-04-17 15:27:34,010 [icarl.py] => Task 0, Epoch 13/200 => Loss 2.065, Loss_clf 2.065, Train_accy 30.92
2025-04-17 15:27:37,077 [icarl.py] => Task 0, Epoch 14/200 => Loss 2.040, Loss_clf 2.040, Train_accy 31.51
2025-04-17 15:27:40,243 [icarl.py] => Task 0, Epoch 15/200 => Loss 2.013, Loss_clf 2.013, Train_accy 32.70
2025-04-17 15:27:43,748 [icarl.py] => Task 0, Epoch 16/200 => Loss 1.941, Loss_clf 1.941, Train_accy 34.97
2025-04-17 15:27:47,117 [icarl.py] => Task 0, Epoch 17/200 => Loss 1.923, Loss_clf 1.923, Train_accy 36.11
2025-04-17 15:27:50,591 [icarl.py] => Task 0, Epoch 18/200 => Loss 1.898, Loss_clf 1.898, Train_accy 37.46
2025-04-17 15:27:53,855 [icarl.py] => Task 0, Epoch 19/200 => Loss 1.901, Loss_clf 1.901, Train_accy 36.86
2025-04-17 15:27:56,962 [icarl.py] => Task 0, Epoch 20/200 => Loss 1.874, Loss_clf 1.874, Train_accy 38.11
2025-04-17 15:28:04,441 [icarl.py] => Task 0, Epoch 21/200 => Loss 1.813, Loss_clf 1.813, Train_accy 41.35, Test_accy {'Art': 19.35, 'Clipart': 45.51, 'Real World': 32.61, 'Product': 53.85}
2025-04-17 15:28:07,553 [icarl.py] => Task 0, Epoch 22/200 => Loss 1.765, Loss_clf 1.765, Train_accy 41.19
2025-04-17 15:28:10,608 [icarl.py] => Task 0, Epoch 23/200 => Loss 1.759, Loss_clf 1.759, Train_accy 42.70
2025-04-17 15:28:13,802 [icarl.py] => Task 0, Epoch 24/200 => Loss 1.770, Loss_clf 1.770, Train_accy 42.49
2025-04-17 15:28:16,811 [icarl.py] => Task 0, Epoch 25/200 => Loss 1.741, Loss_clf 1.741, Train_accy 42.70
2025-04-17 15:28:19,809 [icarl.py] => Task 0, Epoch 26/200 => Loss 1.712, Loss_clf 1.712, Train_accy 43.41
2025-04-17 15:28:22,808 [icarl.py] => Task 0, Epoch 27/200 => Loss 1.670, Loss_clf 1.670, Train_accy 44.43
2025-04-17 15:28:25,959 [icarl.py] => Task 0, Epoch 28/200 => Loss 1.632, Loss_clf 1.632, Train_accy 46.81
2025-04-17 15:28:28,954 [icarl.py] => Task 0, Epoch 29/200 => Loss 1.621, Loss_clf 1.621, Train_accy 46.76
2025-04-17 15:28:32,033 [icarl.py] => Task 0, Epoch 30/200 => Loss 1.624, Loss_clf 1.624, Train_accy 45.89
2025-04-17 15:28:35,675 [icarl.py] => Task 0, Epoch 31/200 => Loss 1.533, Loss_clf 1.533, Train_accy 49.84
2025-04-17 15:28:38,707 [icarl.py] => Task 0, Epoch 32/200 => Loss 1.565, Loss_clf 1.565, Train_accy 49.03
2025-04-17 15:28:41,718 [icarl.py] => Task 0, Epoch 33/200 => Loss 1.510, Loss_clf 1.510, Train_accy 49.03
2025-04-17 15:28:44,738 [icarl.py] => Task 0, Epoch 34/200 => Loss 1.446, Loss_clf 1.446, Train_accy 52.76
2025-04-17 15:28:47,737 [icarl.py] => Task 0, Epoch 35/200 => Loss 1.470, Loss_clf 1.470, Train_accy 50.92
2025-04-17 15:28:50,743 [icarl.py] => Task 0, Epoch 36/200 => Loss 1.450, Loss_clf 1.450, Train_accy 52.05
2025-04-17 15:28:53,772 [icarl.py] => Task 0, Epoch 37/200 => Loss 1.420, Loss_clf 1.420, Train_accy 52.49
2025-04-17 15:28:56,858 [icarl.py] => Task 0, Epoch 38/200 => Loss 1.375, Loss_clf 1.375, Train_accy 54.32
2025-04-17 15:29:00,031 [icarl.py] => Task 0, Epoch 39/200 => Loss 1.351, Loss_clf 1.351, Train_accy 55.46
2025-04-17 15:29:03,034 [icarl.py] => Task 0, Epoch 40/200 => Loss 1.326, Loss_clf 1.326, Train_accy 56.76
2025-04-17 15:29:10,403 [icarl.py] => Task 0, Epoch 41/200 => Loss 1.328, Loss_clf 1.328, Train_accy 55.14, Test_accy {'Art': 35.48, 'Clipart': 50.56, 'Real World': 36.41, 'Product': 51.92}
2025-04-17 15:29:13,414 [icarl.py] => Task 0, Epoch 42/200 => Loss 1.265, Loss_clf 1.265, Train_accy 59.19
2025-04-17 15:29:16,428 [icarl.py] => Task 0, Epoch 43/200 => Loss 1.248, Loss_clf 1.248, Train_accy 58.43
2025-04-17 15:29:19,418 [icarl.py] => Task 0, Epoch 44/200 => Loss 1.276, Loss_clf 1.276, Train_accy 58.54
2025-04-17 15:29:22,579 [icarl.py] => Task 0, Epoch 45/200 => Loss 1.251, Loss_clf 1.251, Train_accy 58.49
2025-04-17 15:29:25,593 [icarl.py] => Task 0, Epoch 46/200 => Loss 1.187, Loss_clf 1.187, Train_accy 59.89
2025-04-17 15:29:28,707 [icarl.py] => Task 0, Epoch 47/200 => Loss 1.251, Loss_clf 1.251, Train_accy 58.49
2025-04-17 15:29:31,928 [icarl.py] => Task 0, Epoch 48/200 => Loss 1.253, Loss_clf 1.253, Train_accy 58.76
2025-04-17 15:29:35,182 [icarl.py] => Task 0, Epoch 49/200 => Loss 1.132, Loss_clf 1.132, Train_accy 63.24
2025-04-17 15:29:38,425 [icarl.py] => Task 0, Epoch 50/200 => Loss 1.123, Loss_clf 1.123, Train_accy 63.19
2025-04-17 15:29:41,634 [icarl.py] => Task 0, Epoch 51/200 => Loss 1.160, Loss_clf 1.160, Train_accy 60.92
2025-04-17 15:29:44,732 [icarl.py] => Task 0, Epoch 52/200 => Loss 1.095, Loss_clf 1.095, Train_accy 63.46
2025-04-17 15:29:47,771 [icarl.py] => Task 0, Epoch 53/200 => Loss 1.143, Loss_clf 1.143, Train_accy 62.32
2025-04-17 15:29:50,847 [icarl.py] => Task 0, Epoch 54/200 => Loss 1.100, Loss_clf 1.100, Train_accy 64.76
2025-04-17 15:29:54,068 [icarl.py] => Task 0, Epoch 55/200 => Loss 1.015, Loss_clf 1.015, Train_accy 66.81
2025-04-17 15:29:57,237 [icarl.py] => Task 0, Epoch 56/200 => Loss 1.042, Loss_clf 1.042, Train_accy 65.89
2025-04-17 15:30:00,278 [icarl.py] => Task 0, Epoch 57/200 => Loss 1.004, Loss_clf 1.004, Train_accy 67.03
2025-04-17 15:30:03,531 [icarl.py] => Task 0, Epoch 58/200 => Loss 1.038, Loss_clf 1.038, Train_accy 65.78
2025-04-17 15:30:06,773 [icarl.py] => Task 0, Epoch 59/200 => Loss 0.964, Loss_clf 0.964, Train_accy 68.11
2025-04-17 15:30:09,992 [icarl.py] => Task 0, Epoch 60/200 => Loss 0.950, Loss_clf 0.950, Train_accy 68.54
2025-04-17 15:30:17,701 [icarl.py] => Task 0, Epoch 61/200 => Loss 0.921, Loss_clf 0.921, Train_accy 69.41, Test_accy {'Art': 40.86, 'Clipart': 51.12, 'Real World': 47.83, 'Product': 65.38}
2025-04-17 15:30:20,728 [icarl.py] => Task 0, Epoch 62/200 => Loss 0.964, Loss_clf 0.964, Train_accy 68.70
2025-04-17 15:30:23,756 [icarl.py] => Task 0, Epoch 63/200 => Loss 0.938, Loss_clf 0.938, Train_accy 69.08
2025-04-17 15:30:27,083 [icarl.py] => Task 0, Epoch 64/200 => Loss 0.879, Loss_clf 0.879, Train_accy 71.41
2025-04-17 15:30:30,141 [icarl.py] => Task 0, Epoch 65/200 => Loss 0.906, Loss_clf 0.906, Train_accy 69.73
2025-04-17 15:30:33,142 [icarl.py] => Task 0, Epoch 66/200 => Loss 0.911, Loss_clf 0.911, Train_accy 71.08
2025-04-17 15:30:36,403 [icarl.py] => Task 0, Epoch 67/200 => Loss 0.855, Loss_clf 0.855, Train_accy 71.89
2025-04-17 15:30:39,594 [icarl.py] => Task 0, Epoch 68/200 => Loss 0.865, Loss_clf 0.865, Train_accy 70.97
2025-04-17 15:30:42,757 [icarl.py] => Task 0, Epoch 69/200 => Loss 0.874, Loss_clf 0.874, Train_accy 72.54
2025-04-17 15:30:45,916 [icarl.py] => Task 0, Epoch 70/200 => Loss 0.833, Loss_clf 0.833, Train_accy 73.03
2025-04-17 15:30:48,992 [icarl.py] => Task 0, Epoch 71/200 => Loss 0.815, Loss_clf 0.815, Train_accy 72.86
2025-04-17 15:30:52,179 [icarl.py] => Task 0, Epoch 72/200 => Loss 0.740, Loss_clf 0.740, Train_accy 75.95
2025-04-17 15:30:55,467 [icarl.py] => Task 0, Epoch 73/200 => Loss 0.724, Loss_clf 0.724, Train_accy 76.11
2025-04-17 15:30:58,523 [icarl.py] => Task 0, Epoch 74/200 => Loss 0.747, Loss_clf 0.747, Train_accy 75.30
2025-04-17 15:31:01,516 [icarl.py] => Task 0, Epoch 75/200 => Loss 0.741, Loss_clf 0.741, Train_accy 76.00
2025-04-17 15:31:04,546 [icarl.py] => Task 0, Epoch 76/200 => Loss 0.736, Loss_clf 0.736, Train_accy 75.95
2025-04-17 15:31:07,528 [icarl.py] => Task 0, Epoch 77/200 => Loss 0.707, Loss_clf 0.707, Train_accy 77.89
2025-04-17 15:31:10,806 [icarl.py] => Task 0, Epoch 78/200 => Loss 0.696, Loss_clf 0.696, Train_accy 76.70
2025-04-17 15:31:14,137 [icarl.py] => Task 0, Epoch 79/200 => Loss 0.721, Loss_clf 0.721, Train_accy 77.08
2025-04-17 15:31:17,267 [icarl.py] => Task 0, Epoch 80/200 => Loss 0.675, Loss_clf 0.675, Train_accy 78.27
2025-04-17 15:31:24,838 [icarl.py] => Task 0, Epoch 81/200 => Loss 0.634, Loss_clf 0.634, Train_accy 80.05, Test_accy {'Art': 38.71, 'Clipart': 63.48, 'Real World': 42.39, 'Product': 70.67}
2025-04-17 15:31:27,877 [icarl.py] => Task 0, Epoch 82/200 => Loss 0.647, Loss_clf 0.647, Train_accy 78.97
2025-04-17 15:31:30,919 [icarl.py] => Task 0, Epoch 83/200 => Loss 0.676, Loss_clf 0.676, Train_accy 78.54
2025-04-17 15:31:34,042 [icarl.py] => Task 0, Epoch 84/200 => Loss 0.674, Loss_clf 0.674, Train_accy 77.78
2025-04-17 15:31:37,166 [icarl.py] => Task 0, Epoch 85/200 => Loss 0.623, Loss_clf 0.623, Train_accy 79.46
2025-04-17 15:31:40,211 [icarl.py] => Task 0, Epoch 86/200 => Loss 0.626, Loss_clf 0.626, Train_accy 78.92
2025-04-17 15:31:43,361 [icarl.py] => Task 0, Epoch 87/200 => Loss 0.575, Loss_clf 0.575, Train_accy 80.65
2025-04-17 15:31:46,381 [icarl.py] => Task 0, Epoch 88/200 => Loss 0.556, Loss_clf 0.556, Train_accy 82.05
2025-04-17 15:31:49,544 [icarl.py] => Task 0, Epoch 89/200 => Loss 0.545, Loss_clf 0.545, Train_accy 83.08
2025-04-17 15:31:52,700 [icarl.py] => Task 0, Epoch 90/200 => Loss 0.533, Loss_clf 0.533, Train_accy 82.54
2025-04-17 15:31:55,832 [icarl.py] => Task 0, Epoch 91/200 => Loss 0.548, Loss_clf 0.548, Train_accy 81.95
2025-04-17 15:31:59,003 [icarl.py] => Task 0, Epoch 92/200 => Loss 0.516, Loss_clf 0.516, Train_accy 83.35
2025-04-17 15:32:02,267 [icarl.py] => Task 0, Epoch 93/200 => Loss 0.534, Loss_clf 0.534, Train_accy 82.49
2025-04-17 15:32:05,571 [icarl.py] => Task 0, Epoch 94/200 => Loss 0.491, Loss_clf 0.491, Train_accy 84.54
2025-04-17 15:32:08,615 [icarl.py] => Task 0, Epoch 95/200 => Loss 0.506, Loss_clf 0.506, Train_accy 83.57
2025-04-17 15:32:11,968 [icarl.py] => Task 0, Epoch 96/200 => Loss 0.512, Loss_clf 0.512, Train_accy 83.95
2025-04-17 15:32:15,037 [icarl.py] => Task 0, Epoch 97/200 => Loss 0.541, Loss_clf 0.541, Train_accy 83.14
2025-04-17 15:32:18,041 [icarl.py] => Task 0, Epoch 98/200 => Loss 0.455, Loss_clf 0.455, Train_accy 85.19
2025-04-17 15:32:21,132 [icarl.py] => Task 0, Epoch 99/200 => Loss 0.434, Loss_clf 0.434, Train_accy 86.32
2025-04-17 15:32:24,151 [icarl.py] => Task 0, Epoch 100/200 => Loss 0.444, Loss_clf 0.444, Train_accy 86.27
2025-04-17 15:32:31,374 [icarl.py] => Task 0, Epoch 101/200 => Loss 0.450, Loss_clf 0.450, Train_accy 85.73, Test_accy {'Art': 38.71, 'Clipart': 60.11, 'Real World': 41.3, 'Product': 68.75}
2025-04-17 15:32:34,421 [icarl.py] => Task 0, Epoch 102/200 => Loss 0.482, Loss_clf 0.482, Train_accy 85.03
2025-04-17 15:32:37,526 [icarl.py] => Task 0, Epoch 103/200 => Loss 0.450, Loss_clf 0.450, Train_accy 85.95
2025-04-17 15:32:40,706 [icarl.py] => Task 0, Epoch 104/200 => Loss 0.442, Loss_clf 0.442, Train_accy 85.57
2025-04-17 15:32:43,747 [icarl.py] => Task 0, Epoch 105/200 => Loss 0.394, Loss_clf 0.394, Train_accy 88.32
2025-04-17 15:32:46,762 [icarl.py] => Task 0, Epoch 106/200 => Loss 0.395, Loss_clf 0.395, Train_accy 87.46
2025-04-17 15:32:49,763 [icarl.py] => Task 0, Epoch 107/200 => Loss 0.379, Loss_clf 0.379, Train_accy 87.95
2025-04-17 15:32:52,782 [icarl.py] => Task 0, Epoch 108/200 => Loss 0.374, Loss_clf 0.374, Train_accy 87.62
2025-04-17 15:32:55,758 [icarl.py] => Task 0, Epoch 109/200 => Loss 0.379, Loss_clf 0.379, Train_accy 88.32
2025-04-17 15:32:58,785 [icarl.py] => Task 0, Epoch 110/200 => Loss 0.347, Loss_clf 0.347, Train_accy 89.89
2025-04-17 15:33:01,800 [icarl.py] => Task 0, Epoch 111/200 => Loss 0.333, Loss_clf 0.333, Train_accy 89.14
2025-04-17 15:33:04,802 [icarl.py] => Task 0, Epoch 112/200 => Loss 0.321, Loss_clf 0.321, Train_accy 89.24
2025-04-17 15:33:07,815 [icarl.py] => Task 0, Epoch 113/200 => Loss 0.357, Loss_clf 0.357, Train_accy 88.22
2025-04-17 15:33:10,820 [icarl.py] => Task 0, Epoch 114/200 => Loss 0.304, Loss_clf 0.304, Train_accy 89.68
2025-04-17 15:33:13,926 [icarl.py] => Task 0, Epoch 115/200 => Loss 0.314, Loss_clf 0.314, Train_accy 90.65
2025-04-17 15:33:16,964 [icarl.py] => Task 0, Epoch 116/200 => Loss 0.319, Loss_clf 0.319, Train_accy 89.84
2025-04-17 15:33:19,983 [icarl.py] => Task 0, Epoch 117/200 => Loss 0.307, Loss_clf 0.307, Train_accy 91.14
2025-04-17 15:33:22,983 [icarl.py] => Task 0, Epoch 118/200 => Loss 0.306, Loss_clf 0.306, Train_accy 90.38
2025-04-17 15:33:25,976 [icarl.py] => Task 0, Epoch 119/200 => Loss 0.300, Loss_clf 0.300, Train_accy 90.43
2025-04-17 15:33:28,999 [icarl.py] => Task 0, Epoch 120/200 => Loss 0.277, Loss_clf 0.277, Train_accy 91.84
2025-04-17 15:33:36,065 [icarl.py] => Task 0, Epoch 121/200 => Loss 0.242, Loss_clf 0.242, Train_accy 92.49, Test_accy {'Art': 46.24, 'Clipart': 69.66, 'Real World': 52.17, 'Product': 85.58}
2025-04-17 15:33:39,094 [icarl.py] => Task 0, Epoch 122/200 => Loss 0.262, Loss_clf 0.262, Train_accy 91.35
2025-04-17 15:33:42,073 [icarl.py] => Task 0, Epoch 123/200 => Loss 0.283, Loss_clf 0.283, Train_accy 90.97
2025-04-17 15:33:45,065 [icarl.py] => Task 0, Epoch 124/200 => Loss 0.257, Loss_clf 0.257, Train_accy 92.16
2025-04-17 15:33:48,080 [icarl.py] => Task 0, Epoch 125/200 => Loss 0.248, Loss_clf 0.248, Train_accy 92.49
2025-04-17 15:33:51,136 [icarl.py] => Task 0, Epoch 126/200 => Loss 0.231, Loss_clf 0.231, Train_accy 93.03
2025-04-17 15:33:54,105 [icarl.py] => Task 0, Epoch 127/200 => Loss 0.239, Loss_clf 0.239, Train_accy 92.00
2025-04-17 15:33:57,099 [icarl.py] => Task 0, Epoch 128/200 => Loss 0.229, Loss_clf 0.229, Train_accy 93.19
2025-04-17 15:34:00,189 [icarl.py] => Task 0, Epoch 129/200 => Loss 0.229, Loss_clf 0.229, Train_accy 93.03
2025-04-17 15:34:03,156 [icarl.py] => Task 0, Epoch 130/200 => Loss 0.261, Loss_clf 0.261, Train_accy 92.16
2025-04-17 15:34:06,130 [icarl.py] => Task 0, Epoch 131/200 => Loss 0.232, Loss_clf 0.232, Train_accy 93.19
2025-04-17 15:34:09,190 [icarl.py] => Task 0, Epoch 132/200 => Loss 0.240, Loss_clf 0.240, Train_accy 92.32
2025-04-17 15:34:12,176 [icarl.py] => Task 0, Epoch 133/200 => Loss 0.237, Loss_clf 0.237, Train_accy 93.41
2025-04-17 15:34:15,146 [icarl.py] => Task 0, Epoch 134/200 => Loss 0.237, Loss_clf 0.237, Train_accy 93.03
2025-04-17 15:34:18,145 [icarl.py] => Task 0, Epoch 135/200 => Loss 0.197, Loss_clf 0.197, Train_accy 93.57
2025-04-17 15:34:21,158 [icarl.py] => Task 0, Epoch 136/200 => Loss 0.205, Loss_clf 0.205, Train_accy 94.16
2025-04-17 15:34:24,164 [icarl.py] => Task 0, Epoch 137/200 => Loss 0.188, Loss_clf 0.188, Train_accy 94.38
2025-04-17 15:34:27,161 [icarl.py] => Task 0, Epoch 138/200 => Loss 0.185, Loss_clf 0.185, Train_accy 94.65
2025-04-17 15:34:30,157 [icarl.py] => Task 0, Epoch 139/200 => Loss 0.157, Loss_clf 0.157, Train_accy 95.19
2025-04-17 15:34:33,300 [icarl.py] => Task 0, Epoch 140/200 => Loss 0.170, Loss_clf 0.170, Train_accy 95.03
2025-04-17 15:34:40,492 [icarl.py] => Task 0, Epoch 141/200 => Loss 0.151, Loss_clf 0.151, Train_accy 95.68, Test_accy {'Art': 47.31, 'Clipart': 70.22, 'Real World': 47.28, 'Product': 87.5}
2025-04-17 15:34:43,454 [icarl.py] => Task 0, Epoch 142/200 => Loss 0.168, Loss_clf 0.168, Train_accy 94.76
2025-04-17 15:34:46,434 [icarl.py] => Task 0, Epoch 143/200 => Loss 0.181, Loss_clf 0.181, Train_accy 94.70
2025-04-17 15:34:49,416 [icarl.py] => Task 0, Epoch 144/200 => Loss 0.151, Loss_clf 0.151, Train_accy 95.84
2025-04-17 15:34:52,382 [icarl.py] => Task 0, Epoch 145/200 => Loss 0.169, Loss_clf 0.169, Train_accy 95.41
2025-04-17 15:34:55,334 [icarl.py] => Task 0, Epoch 146/200 => Loss 0.143, Loss_clf 0.143, Train_accy 95.68
2025-04-17 15:34:58,358 [icarl.py] => Task 0, Epoch 147/200 => Loss 0.131, Loss_clf 0.131, Train_accy 96.49
2025-04-17 15:35:01,381 [icarl.py] => Task 0, Epoch 148/200 => Loss 0.142, Loss_clf 0.142, Train_accy 95.78
2025-04-17 15:35:04,399 [icarl.py] => Task 0, Epoch 149/200 => Loss 0.139, Loss_clf 0.139, Train_accy 95.78
2025-04-17 15:35:07,388 [icarl.py] => Task 0, Epoch 150/200 => Loss 0.145, Loss_clf 0.145, Train_accy 95.51
2025-04-17 15:35:10,366 [icarl.py] => Task 0, Epoch 151/200 => Loss 0.141, Loss_clf 0.141, Train_accy 95.73
2025-04-17 15:35:13,394 [icarl.py] => Task 0, Epoch 152/200 => Loss 0.118, Loss_clf 0.118, Train_accy 96.54
2025-04-17 15:35:16,441 [icarl.py] => Task 0, Epoch 153/200 => Loss 0.116, Loss_clf 0.116, Train_accy 96.81
2025-04-17 15:35:19,472 [icarl.py] => Task 0, Epoch 154/200 => Loss 0.139, Loss_clf 0.139, Train_accy 95.73
2025-04-17 15:35:22,478 [icarl.py] => Task 0, Epoch 155/200 => Loss 0.127, Loss_clf 0.127, Train_accy 96.27
2025-04-17 15:35:25,503 [icarl.py] => Task 0, Epoch 156/200 => Loss 0.134, Loss_clf 0.134, Train_accy 95.89
2025-04-17 15:35:28,504 [icarl.py] => Task 0, Epoch 157/200 => Loss 0.110, Loss_clf 0.110, Train_accy 96.49
2025-04-17 15:35:31,601 [icarl.py] => Task 0, Epoch 158/200 => Loss 0.111, Loss_clf 0.111, Train_accy 96.43
2025-04-17 15:35:34,645 [icarl.py] => Task 0, Epoch 159/200 => Loss 0.122, Loss_clf 0.122, Train_accy 97.08
2025-04-17 15:35:37,751 [icarl.py] => Task 0, Epoch 160/200 => Loss 0.106, Loss_clf 0.106, Train_accy 96.86
2025-04-17 15:35:45,134 [icarl.py] => Task 0, Epoch 161/200 => Loss 0.101, Loss_clf 0.101, Train_accy 96.76, Test_accy {'Art': 50.54, 'Clipart': 71.91, 'Real World': 48.37, 'Product': 86.06}
2025-04-17 15:35:48,299 [icarl.py] => Task 0, Epoch 162/200 => Loss 0.091, Loss_clf 0.091, Train_accy 97.46
2025-04-17 15:35:51,345 [icarl.py] => Task 0, Epoch 163/200 => Loss 0.096, Loss_clf 0.096, Train_accy 97.14
2025-04-17 15:35:54,352 [icarl.py] => Task 0, Epoch 164/200 => Loss 0.104, Loss_clf 0.104, Train_accy 96.65
2025-04-17 15:35:57,391 [icarl.py] => Task 0, Epoch 165/200 => Loss 0.090, Loss_clf 0.090, Train_accy 97.30
2025-04-17 15:36:00,395 [icarl.py] => Task 0, Epoch 166/200 => Loss 0.120, Loss_clf 0.120, Train_accy 96.27
2025-04-17 15:36:03,433 [icarl.py] => Task 0, Epoch 167/200 => Loss 0.086, Loss_clf 0.086, Train_accy 97.78
2025-04-17 15:36:06,466 [icarl.py] => Task 0, Epoch 168/200 => Loss 0.085, Loss_clf 0.085, Train_accy 97.68
2025-04-17 15:36:09,465 [icarl.py] => Task 0, Epoch 169/200 => Loss 0.088, Loss_clf 0.088, Train_accy 97.62
2025-04-17 15:36:12,446 [icarl.py] => Task 0, Epoch 170/200 => Loss 0.096, Loss_clf 0.096, Train_accy 97.46
2025-04-17 15:36:15,527 [icarl.py] => Task 0, Epoch 171/200 => Loss 0.099, Loss_clf 0.099, Train_accy 97.30
2025-04-17 15:36:18,527 [icarl.py] => Task 0, Epoch 172/200 => Loss 0.091, Loss_clf 0.091, Train_accy 97.62
2025-04-17 15:36:21,510 [icarl.py] => Task 0, Epoch 173/200 => Loss 0.092, Loss_clf 0.092, Train_accy 97.35
2025-04-17 15:36:24,548 [icarl.py] => Task 0, Epoch 174/200 => Loss 0.092, Loss_clf 0.092, Train_accy 97.14
2025-04-17 15:36:27,564 [icarl.py] => Task 0, Epoch 175/200 => Loss 0.102, Loss_clf 0.102, Train_accy 97.24
2025-04-17 15:36:30,530 [icarl.py] => Task 0, Epoch 176/200 => Loss 0.092, Loss_clf 0.092, Train_accy 96.86
2025-04-17 15:36:33,520 [icarl.py] => Task 0, Epoch 177/200 => Loss 0.081, Loss_clf 0.081, Train_accy 97.68
2025-04-17 15:36:36,501 [icarl.py] => Task 0, Epoch 178/200 => Loss 0.082, Loss_clf 0.082, Train_accy 97.95
2025-04-17 15:36:39,527 [icarl.py] => Task 0, Epoch 179/200 => Loss 0.080, Loss_clf 0.080, Train_accy 97.78
2025-04-17 15:36:42,542 [icarl.py] => Task 0, Epoch 180/200 => Loss 0.067, Loss_clf 0.067, Train_accy 98.11
2025-04-17 15:36:49,651 [icarl.py] => Task 0, Epoch 181/200 => Loss 0.075, Loss_clf 0.075, Train_accy 97.68, Test_accy {'Art': 47.31, 'Clipart': 71.91, 'Real World': 50.0, 'Product': 89.9}
2025-04-17 15:36:52,698 [icarl.py] => Task 0, Epoch 182/200 => Loss 0.072, Loss_clf 0.072, Train_accy 97.89
2025-04-17 15:36:55,702 [icarl.py] => Task 0, Epoch 183/200 => Loss 0.074, Loss_clf 0.074, Train_accy 97.89
2025-04-17 15:36:58,763 [icarl.py] => Task 0, Epoch 184/200 => Loss 0.089, Loss_clf 0.089, Train_accy 97.35
2025-04-17 15:37:01,812 [icarl.py] => Task 0, Epoch 185/200 => Loss 0.081, Loss_clf 0.081, Train_accy 97.89
2025-04-17 15:37:04,850 [icarl.py] => Task 0, Epoch 186/200 => Loss 0.074, Loss_clf 0.074, Train_accy 98.05
2025-04-17 15:37:07,848 [icarl.py] => Task 0, Epoch 187/200 => Loss 0.070, Loss_clf 0.070, Train_accy 98.22
2025-04-17 15:37:10,877 [icarl.py] => Task 0, Epoch 188/200 => Loss 0.079, Loss_clf 0.079, Train_accy 97.89
2025-04-17 15:37:13,879 [icarl.py] => Task 0, Epoch 189/200 => Loss 0.076, Loss_clf 0.076, Train_accy 97.78
2025-04-17 15:37:16,954 [icarl.py] => Task 0, Epoch 190/200 => Loss 0.073, Loss_clf 0.073, Train_accy 97.84
2025-04-17 15:37:19,931 [icarl.py] => Task 0, Epoch 191/200 => Loss 0.081, Loss_clf 0.081, Train_accy 97.89
2025-04-17 15:37:23,101 [icarl.py] => Task 0, Epoch 192/200 => Loss 0.080, Loss_clf 0.080, Train_accy 97.84
2025-04-17 15:37:26,125 [icarl.py] => Task 0, Epoch 193/200 => Loss 0.089, Loss_clf 0.089, Train_accy 97.35
2025-04-17 15:37:29,150 [icarl.py] => Task 0, Epoch 194/200 => Loss 0.066, Loss_clf 0.066, Train_accy 98.05
2025-04-17 15:37:32,191 [icarl.py] => Task 0, Epoch 195/200 => Loss 0.069, Loss_clf 0.069, Train_accy 97.89
2025-04-17 15:37:35,178 [icarl.py] => Task 0, Epoch 196/200 => Loss 0.081, Loss_clf 0.081, Train_accy 97.57
2025-04-17 15:37:38,182 [icarl.py] => Task 0, Epoch 197/200 => Loss 0.074, Loss_clf 0.074, Train_accy 97.95
2025-04-17 15:37:41,228 [icarl.py] => Task 0, Epoch 198/200 => Loss 0.078, Loss_clf 0.078, Train_accy 97.51
2025-04-17 15:37:44,331 [icarl.py] => Task 0, Epoch 199/200 => Loss 0.082, Loss_clf 0.082, Train_accy 97.46
2025-04-17 15:37:47,448 [icarl.py] => Task 0, Epoch 200/200 => Loss 0.075, Loss_clf 0.075, Train_accy 97.78
2025-04-17 15:37:47,449 [base.py] => Reducing exemplars...(100 per classes)
2025-04-17 15:37:47,449 [base.py] => Constructing exemplars...(100 per classes)
2025-04-17 15:38:13,643 [icarl.py] => Exemplar size: 1300
2025-04-17 15:38:14,468 [trainer.py] => CNN [Art]: {'total': 46.24, '00-12': 46.24, 'old': 0, 'new': 46.24}
2025-04-17 15:38:14,469 [trainer.py] => NME [Art]: {'total': 47.31, '00-12': 47.31, 'old': 0, 'new': 47.31}
2025-04-17 15:38:14,469 [trainer.py] => CNN [Art] top1 curve: [46.24]
2025-04-17 15:38:14,469 [trainer.py] => CNN [Art] top5 curve: [78.49]
2025-04-17 15:38:14,469 [trainer.py] => NME [Art] top1 curve: [47.31]
2025-04-17 15:38:14,469 [trainer.py] => NME [Art] top5 curve: [77.42]
2025-04-17 15:38:14,469 [trainer.py] => Average Accuracy [Art] (CNN): 46.24
2025-04-17 15:38:14,469 [trainer.py] => Average Accuracy [Art] (NME): 47.31
2025-04-17 15:38:14,469 [trainer.py] => CNN [Clipart]: {'total': 73.03, '00-12': 73.03, 'old': 0, 'new': 73.03}
2025-04-17 15:38:14,469 [trainer.py] => NME [Clipart]: {'total': 70.22, '00-12': 70.22, 'old': 0, 'new': 70.22}
2025-04-17 15:38:14,469 [trainer.py] => CNN [Clipart] top1 curve: [73.03]
2025-04-17 15:38:14,469 [trainer.py] => CNN [Clipart] top5 curve: [89.89]
2025-04-17 15:38:14,469 [trainer.py] => NME [Clipart] top1 curve: [70.22]
2025-04-17 15:38:14,469 [trainer.py] => NME [Clipart] top5 curve: [89.33]
2025-04-17 15:38:14,469 [trainer.py] => Average Accuracy [Clipart] (CNN): 73.03
2025-04-17 15:38:14,469 [trainer.py] => Average Accuracy [Clipart] (NME): 70.22
2025-04-17 15:38:14,469 [trainer.py] => CNN [Product]: {'total': 88.94, '00-12': 88.94, 'old': 0, 'new': 88.94}
2025-04-17 15:38:14,469 [trainer.py] => NME [Product]: {'total': 87.02, '00-12': 87.02, 'old': 0, 'new': 87.02}
2025-04-17 15:38:14,469 [trainer.py] => CNN [Product] top1 curve: [88.94]
2025-04-17 15:38:14,469 [trainer.py] => CNN [Product] top5 curve: [98.56]
2025-04-17 15:38:14,469 [trainer.py] => NME [Product] top1 curve: [87.02]
2025-04-17 15:38:14,469 [trainer.py] => NME [Product] top5 curve: [98.56]
2025-04-17 15:38:14,470 [trainer.py] => Average Accuracy [Product] (CNN): 88.94
2025-04-17 15:38:14,470 [trainer.py] => Average Accuracy [Product] (NME): 87.02
2025-04-17 15:38:14,470 [trainer.py] => CNN [Real World]: {'total': 51.09, '00-12': 51.09, 'old': 0, 'new': 51.09}
2025-04-17 15:38:14,470 [trainer.py] => NME [Real World]: {'total': 52.17, '00-12': 52.17, 'old': 0, 'new': 52.17}
2025-04-17 15:38:14,470 [trainer.py] => CNN [Real World] top1 curve: [51.09]
2025-04-17 15:38:14,470 [trainer.py] => CNN [Real World] top5 curve: [83.15]
2025-04-17 15:38:14,470 [trainer.py] => NME [Real World] top1 curve: [52.17]
2025-04-17 15:38:14,470 [trainer.py] => NME [Real World] top5 curve: [85.33]
2025-04-17 15:38:14,470 [trainer.py] => Average Accuracy [Real World] (CNN): 51.09
2025-04-17 15:38:14,470 [trainer.py] => Average Accuracy [Real World] (NME): 52.17
2025-04-17 15:38:14,470 [trainer.py] => NME Harmonic Mean : 59.1114
2025-04-17 15:38:14,470 [trainer.py] => NME Macro Mean : 64.1800
2025-04-17 15:38:14,470 [trainer.py] => CNN Harmonic Mean : 58.8550
2025-04-17 15:38:14,470 [trainer.py] => CNN Macro Mean : 64.8250
2025-04-17 15:38:14,471 [trainer.py] => All params: 21331355
2025-04-17 15:38:14,471 [trainer.py] => Trainable params: 21331355
2025-04-17 15:38:14,472 [icarl.py] => Learning on 13-26
2025-04-17 15:38:26,511 [icarl.py] => Task 1, Epoch 1/200 => Loss 5.838, Loss_clf 3.577, Loss_kd 2.261, Train_accy 15.75, Test_accy {'Art': 16.67, 'Clipart': 21.05, 'Real World': 18.72, 'Product': 31.48}
2025-04-17 15:38:32,124 [icarl.py] => Task 1, Epoch 2/200 => Loss 4.782, Loss_clf 2.672, Loss_kd 2.110, Train_accy 24.39
2025-04-17 15:38:37,794 [icarl.py] => Task 1, Epoch 3/200 => Loss 4.418, Loss_clf 2.434, Loss_kd 1.983, Train_accy 30.49
2025-04-17 15:38:43,422 [icarl.py] => Task 1, Epoch 4/200 => Loss 4.172, Loss_clf 2.254, Loss_kd 1.919, Train_accy 34.87
2025-04-17 15:38:49,063 [icarl.py] => Task 1, Epoch 5/200 => Loss 4.057, Loss_clf 2.184, Loss_kd 1.874, Train_accy 35.81
2025-04-17 15:38:54,733 [icarl.py] => Task 1, Epoch 6/200 => Loss 3.830, Loss_clf 2.013, Loss_kd 1.816, Train_accy 39.50
2025-04-17 15:39:00,408 [icarl.py] => Task 1, Epoch 7/200 => Loss 3.778, Loss_clf 1.977, Loss_kd 1.801, Train_accy 41.37
2025-04-17 15:39:06,057 [icarl.py] => Task 1, Epoch 8/200 => Loss 3.663, Loss_clf 1.883, Loss_kd 1.780, Train_accy 43.72
2025-04-17 15:39:11,731 [icarl.py] => Task 1, Epoch 9/200 => Loss 3.587, Loss_clf 1.823, Loss_kd 1.764, Train_accy 45.70
2025-04-17 15:39:17,430 [icarl.py] => Task 1, Epoch 10/200 => Loss 3.480, Loss_clf 1.743, Loss_kd 1.737, Train_accy 47.97
2025-04-17 15:39:23,124 [icarl.py] => Task 1, Epoch 11/200 => Loss 3.374, Loss_clf 1.658, Loss_kd 1.716, Train_accy 49.92
2025-04-17 15:39:28,738 [icarl.py] => Task 1, Epoch 12/200 => Loss 3.350, Loss_clf 1.631, Loss_kd 1.719, Train_accy 51.49
2025-04-17 15:39:34,404 [icarl.py] => Task 1, Epoch 13/200 => Loss 3.220, Loss_clf 1.531, Loss_kd 1.689, Train_accy 53.43
2025-04-17 15:39:40,062 [icarl.py] => Task 1, Epoch 14/200 => Loss 3.145, Loss_clf 1.480, Loss_kd 1.666, Train_accy 56.01
2025-04-17 15:39:45,677 [icarl.py] => Task 1, Epoch 15/200 => Loss 3.110, Loss_clf 1.439, Loss_kd 1.671, Train_accy 56.78
2025-04-17 15:39:51,324 [icarl.py] => Task 1, Epoch 16/200 => Loss 3.048, Loss_clf 1.395, Loss_kd 1.653, Train_accy 57.45
2025-04-17 15:39:56,991 [icarl.py] => Task 1, Epoch 17/200 => Loss 3.036, Loss_clf 1.393, Loss_kd 1.643, Train_accy 58.02
2025-04-17 15:40:02,635 [icarl.py] => Task 1, Epoch 18/200 => Loss 2.885, Loss_clf 1.251, Loss_kd 1.635, Train_accy 62.14
2025-04-17 15:40:08,312 [icarl.py] => Task 1, Epoch 19/200 => Loss 2.882, Loss_clf 1.273, Loss_kd 1.609, Train_accy 61.57
2025-04-17 15:40:13,946 [icarl.py] => Task 1, Epoch 20/200 => Loss 2.876, Loss_clf 1.255, Loss_kd 1.621, Train_accy 61.24
2025-04-17 15:40:26,128 [icarl.py] => Task 1, Epoch 21/200 => Loss 2.863, Loss_clf 1.237, Loss_kd 1.627, Train_accy 62.95, Test_accy {'Art': 21.67, 'Clipart': 34.9, 'Real World': 23.46, 'Product': 46.83}
2025-04-17 15:40:31,794 [icarl.py] => Task 1, Epoch 22/200 => Loss 2.848, Loss_clf 1.212, Loss_kd 1.636, Train_accy 62.78
2025-04-17 15:40:37,450 [icarl.py] => Task 1, Epoch 23/200 => Loss 2.691, Loss_clf 1.099, Loss_kd 1.591, Train_accy 66.40
2025-04-17 15:40:43,186 [icarl.py] => Task 1, Epoch 24/200 => Loss 2.637, Loss_clf 1.045, Loss_kd 1.592, Train_accy 68.58
2025-04-17 15:40:48,851 [icarl.py] => Task 1, Epoch 25/200 => Loss 2.582, Loss_clf 1.014, Loss_kd 1.568, Train_accy 69.35
2025-04-17 15:40:54,532 [icarl.py] => Task 1, Epoch 26/200 => Loss 2.609, Loss_clf 1.027, Loss_kd 1.582, Train_accy 68.21
2025-04-17 15:41:00,194 [icarl.py] => Task 1, Epoch 27/200 => Loss 2.507, Loss_clf 0.945, Loss_kd 1.562, Train_accy 71.46
2025-04-17 15:41:05,847 [icarl.py] => Task 1, Epoch 28/200 => Loss 2.437, Loss_clf 0.883, Loss_kd 1.554, Train_accy 73.20
2025-04-17 15:41:11,618 [icarl.py] => Task 1, Epoch 29/200 => Loss 2.412, Loss_clf 0.868, Loss_kd 1.545, Train_accy 73.67
2025-04-17 15:41:17,292 [icarl.py] => Task 1, Epoch 30/200 => Loss 2.421, Loss_clf 0.870, Loss_kd 1.551, Train_accy 73.47
2025-04-17 15:41:22,964 [icarl.py] => Task 1, Epoch 31/200 => Loss 2.336, Loss_clf 0.808, Loss_kd 1.527, Train_accy 76.15
2025-04-17 15:41:28,641 [icarl.py] => Task 1, Epoch 32/200 => Loss 2.323, Loss_clf 0.785, Loss_kd 1.538, Train_accy 76.15
2025-04-17 15:41:34,335 [icarl.py] => Task 1, Epoch 33/200 => Loss 2.320, Loss_clf 0.777, Loss_kd 1.543, Train_accy 76.65
2025-04-17 15:41:40,005 [icarl.py] => Task 1, Epoch 34/200 => Loss 2.315, Loss_clf 0.772, Loss_kd 1.543, Train_accy 76.21
2025-04-17 15:41:45,668 [icarl.py] => Task 1, Epoch 35/200 => Loss 2.265, Loss_clf 0.741, Loss_kd 1.524, Train_accy 77.49
2025-04-17 15:41:51,296 [icarl.py] => Task 1, Epoch 36/200 => Loss 2.187, Loss_clf 0.669, Loss_kd 1.517, Train_accy 79.87
2025-04-17 15:41:57,005 [icarl.py] => Task 1, Epoch 37/200 => Loss 2.103, Loss_clf 0.624, Loss_kd 1.479, Train_accy 81.07
2025-04-17 15:42:02,707 [icarl.py] => Task 1, Epoch 38/200 => Loss 2.194, Loss_clf 0.681, Loss_kd 1.513, Train_accy 79.70
2025-04-17 15:42:08,370 [icarl.py] => Task 1, Epoch 39/200 => Loss 2.115, Loss_clf 0.622, Loss_kd 1.493, Train_accy 81.54
2025-04-17 15:42:14,089 [icarl.py] => Task 1, Epoch 40/200 => Loss 2.145, Loss_clf 0.643, Loss_kd 1.501, Train_accy 80.77
2025-04-17 15:42:26,414 [icarl.py] => Task 1, Epoch 41/200 => Loss 2.125, Loss_clf 0.629, Loss_kd 1.495, Train_accy 81.27, Test_accy {'Art': 26.11, 'Clipart': 52.08, 'Real World': 26.82, 'Product': 61.9}
2025-04-17 15:42:32,051 [icarl.py] => Task 1, Epoch 42/200 => Loss 2.090, Loss_clf 0.611, Loss_kd 1.478, Train_accy 81.88
2025-04-17 15:42:37,663 [icarl.py] => Task 1, Epoch 43/200 => Loss 2.073, Loss_clf 0.601, Loss_kd 1.472, Train_accy 81.91
2025-04-17 15:42:43,326 [icarl.py] => Task 1, Epoch 44/200 => Loss 2.071, Loss_clf 0.586, Loss_kd 1.485, Train_accy 82.45
2025-04-17 15:42:49,080 [icarl.py] => Task 1, Epoch 45/200 => Loss 2.064, Loss_clf 0.571, Loss_kd 1.492, Train_accy 83.05
2025-04-17 15:42:54,717 [icarl.py] => Task 1, Epoch 46/200 => Loss 1.994, Loss_clf 0.519, Loss_kd 1.475, Train_accy 84.79
2025-04-17 15:43:00,472 [icarl.py] => Task 1, Epoch 47/200 => Loss 2.057, Loss_clf 0.566, Loss_kd 1.491, Train_accy 83.75
2025-04-17 15:43:06,104 [icarl.py] => Task 1, Epoch 48/200 => Loss 2.021, Loss_clf 0.549, Loss_kd 1.473, Train_accy 83.58
2025-04-17 15:43:11,778 [icarl.py] => Task 1, Epoch 49/200 => Loss 1.969, Loss_clf 0.496, Loss_kd 1.473, Train_accy 84.82
2025-04-17 15:43:17,454 [icarl.py] => Task 1, Epoch 50/200 => Loss 1.972, Loss_clf 0.515, Loss_kd 1.457, Train_accy 84.99
2025-04-17 15:43:23,177 [icarl.py] => Task 1, Epoch 51/200 => Loss 1.949, Loss_clf 0.493, Loss_kd 1.456, Train_accy 84.82
2025-04-17 15:43:28,828 [icarl.py] => Task 1, Epoch 52/200 => Loss 2.002, Loss_clf 0.535, Loss_kd 1.466, Train_accy 84.36
2025-04-17 15:43:34,555 [icarl.py] => Task 1, Epoch 53/200 => Loss 1.942, Loss_clf 0.485, Loss_kd 1.457, Train_accy 85.09
2025-04-17 15:43:40,272 [icarl.py] => Task 1, Epoch 54/200 => Loss 1.947, Loss_clf 0.494, Loss_kd 1.453, Train_accy 85.76
2025-04-17 15:43:45,967 [icarl.py] => Task 1, Epoch 55/200 => Loss 1.944, Loss_clf 0.491, Loss_kd 1.453, Train_accy 85.56
2025-04-17 15:43:51,671 [icarl.py] => Task 1, Epoch 56/200 => Loss 1.937, Loss_clf 0.466, Loss_kd 1.471, Train_accy 86.47
2025-04-17 15:43:57,318 [icarl.py] => Task 1, Epoch 57/200 => Loss 1.891, Loss_clf 0.450, Loss_kd 1.442, Train_accy 86.06
2025-04-17 15:44:03,035 [icarl.py] => Task 1, Epoch 58/200 => Loss 1.865, Loss_clf 0.428, Loss_kd 1.437, Train_accy 87.30
2025-04-17 15:44:08,870 [icarl.py] => Task 1, Epoch 59/200 => Loss 1.845, Loss_clf 0.403, Loss_kd 1.442, Train_accy 88.07
2025-04-17 15:44:14,561 [icarl.py] => Task 1, Epoch 60/200 => Loss 1.852, Loss_clf 0.407, Loss_kd 1.446, Train_accy 87.84
2025-04-17 15:44:26,827 [icarl.py] => Task 1, Epoch 61/200 => Loss 1.898, Loss_clf 0.446, Loss_kd 1.452, Train_accy 86.77, Test_accy {'Art': 30.0, 'Clipart': 45.71, 'Real World': 29.33, 'Product': 53.7}
2025-04-17 15:44:32,473 [icarl.py] => Task 1, Epoch 62/200 => Loss 1.893, Loss_clf 0.447, Loss_kd 1.446, Train_accy 87.34
2025-04-17 15:44:38,114 [icarl.py] => Task 1, Epoch 63/200 => Loss 1.841, Loss_clf 0.408, Loss_kd 1.433, Train_accy 87.60
2025-04-17 15:44:43,764 [icarl.py] => Task 1, Epoch 64/200 => Loss 1.784, Loss_clf 0.366, Loss_kd 1.418, Train_accy 89.35
2025-04-17 15:44:49,456 [icarl.py] => Task 1, Epoch 65/200 => Loss 1.791, Loss_clf 0.372, Loss_kd 1.419, Train_accy 88.48
2025-04-17 15:44:55,109 [icarl.py] => Task 1, Epoch 66/200 => Loss 1.796, Loss_clf 0.358, Loss_kd 1.439, Train_accy 89.41
2025-04-17 15:45:00,724 [icarl.py] => Task 1, Epoch 67/200 => Loss 1.834, Loss_clf 0.409, Loss_kd 1.425, Train_accy 87.64
2025-04-17 15:45:06,338 [icarl.py] => Task 1, Epoch 68/200 => Loss 1.777, Loss_clf 0.355, Loss_kd 1.422, Train_accy 90.15
2025-04-17 15:45:12,098 [icarl.py] => Task 1, Epoch 69/200 => Loss 1.809, Loss_clf 0.388, Loss_kd 1.421, Train_accy 88.24
2025-04-17 15:45:17,777 [icarl.py] => Task 1, Epoch 70/200 => Loss 1.803, Loss_clf 0.384, Loss_kd 1.419, Train_accy 88.07
2025-04-17 15:45:23,478 [icarl.py] => Task 1, Epoch 71/200 => Loss 1.753, Loss_clf 0.340, Loss_kd 1.414, Train_accy 89.92
2025-04-17 15:45:29,139 [icarl.py] => Task 1, Epoch 72/200 => Loss 1.762, Loss_clf 0.356, Loss_kd 1.407, Train_accy 89.92
2025-04-17 15:45:34,822 [icarl.py] => Task 1, Epoch 73/200 => Loss 1.746, Loss_clf 0.332, Loss_kd 1.414, Train_accy 90.28
2025-04-17 15:45:40,500 [icarl.py] => Task 1, Epoch 74/200 => Loss 1.696, Loss_clf 0.284, Loss_kd 1.411, Train_accy 91.83
2025-04-17 15:45:46,156 [icarl.py] => Task 1, Epoch 75/200 => Loss 1.709, Loss_clf 0.297, Loss_kd 1.412, Train_accy 91.06
2025-04-17 15:45:51,813 [icarl.py] => Task 1, Epoch 76/200 => Loss 1.749, Loss_clf 0.335, Loss_kd 1.414, Train_accy 90.42
2025-04-17 15:45:57,495 [icarl.py] => Task 1, Epoch 77/200 => Loss 1.726, Loss_clf 0.314, Loss_kd 1.412, Train_accy 90.85
2025-04-17 15:46:03,183 [icarl.py] => Task 1, Epoch 78/200 => Loss 1.692, Loss_clf 0.293, Loss_kd 1.399, Train_accy 91.32
2025-04-17 15:46:08,883 [icarl.py] => Task 1, Epoch 79/200 => Loss 1.706, Loss_clf 0.299, Loss_kd 1.407, Train_accy 91.29
2025-04-17 15:46:14,573 [icarl.py] => Task 1, Epoch 80/200 => Loss 1.722, Loss_clf 0.326, Loss_kd 1.395, Train_accy 90.69
2025-04-17 15:46:26,829 [icarl.py] => Task 1, Epoch 81/200 => Loss 1.732, Loss_clf 0.320, Loss_kd 1.413, Train_accy 90.49, Test_accy {'Art': 35.56, 'Clipart': 56.23, 'Real World': 31.01, 'Product': 65.61}
2025-04-17 15:46:32,520 [icarl.py] => Task 1, Epoch 82/200 => Loss 1.677, Loss_clf 0.276, Loss_kd 1.402, Train_accy 91.99
2025-04-17 15:46:38,169 [icarl.py] => Task 1, Epoch 83/200 => Loss 1.691, Loss_clf 0.278, Loss_kd 1.413, Train_accy 92.03
2025-04-17 15:46:43,816 [icarl.py] => Task 1, Epoch 84/200 => Loss 1.705, Loss_clf 0.301, Loss_kd 1.404, Train_accy 90.92
2025-04-17 15:46:49,580 [icarl.py] => Task 1, Epoch 85/200 => Loss 1.672, Loss_clf 0.279, Loss_kd 1.392, Train_accy 91.69
2025-04-17 15:46:55,284 [icarl.py] => Task 1, Epoch 86/200 => Loss 1.688, Loss_clf 0.286, Loss_kd 1.402, Train_accy 91.56
2025-04-17 15:47:00,971 [icarl.py] => Task 1, Epoch 87/200 => Loss 1.626, Loss_clf 0.246, Loss_kd 1.380, Train_accy 93.07
2025-04-17 15:47:06,667 [icarl.py] => Task 1, Epoch 88/200 => Loss 1.638, Loss_clf 0.255, Loss_kd 1.383, Train_accy 92.83
2025-04-17 15:47:12,381 [icarl.py] => Task 1, Epoch 89/200 => Loss 1.622, Loss_clf 0.245, Loss_kd 1.377, Train_accy 93.17
2025-04-17 15:47:18,035 [icarl.py] => Task 1, Epoch 90/200 => Loss 1.639, Loss_clf 0.247, Loss_kd 1.392, Train_accy 92.76
2025-04-17 15:47:23,773 [icarl.py] => Task 1, Epoch 91/200 => Loss 1.629, Loss_clf 0.243, Loss_kd 1.386, Train_accy 93.27
2025-04-17 15:47:29,501 [icarl.py] => Task 1, Epoch 92/200 => Loss 1.663, Loss_clf 0.273, Loss_kd 1.390, Train_accy 92.19
2025-04-17 15:47:35,216 [icarl.py] => Task 1, Epoch 93/200 => Loss 1.635, Loss_clf 0.248, Loss_kd 1.387, Train_accy 92.96
2025-04-17 15:47:40,916 [icarl.py] => Task 1, Epoch 94/200 => Loss 1.580, Loss_clf 0.208, Loss_kd 1.371, Train_accy 94.14
2025-04-17 15:47:46,581 [icarl.py] => Task 1, Epoch 95/200 => Loss 1.597, Loss_clf 0.216, Loss_kd 1.381, Train_accy 93.94
2025-04-17 15:47:52,262 [icarl.py] => Task 1, Epoch 96/200 => Loss 1.592, Loss_clf 0.226, Loss_kd 1.366, Train_accy 93.47
2025-04-17 15:47:57,915 [icarl.py] => Task 1, Epoch 97/200 => Loss 1.624, Loss_clf 0.249, Loss_kd 1.375, Train_accy 92.66
2025-04-17 15:48:03,552 [icarl.py] => Task 1, Epoch 98/200 => Loss 1.577, Loss_clf 0.205, Loss_kd 1.372, Train_accy 93.84
2025-04-17 15:48:09,195 [icarl.py] => Task 1, Epoch 99/200 => Loss 1.593, Loss_clf 0.228, Loss_kd 1.364, Train_accy 93.40
2025-04-17 15:48:14,843 [icarl.py] => Task 1, Epoch 100/200 => Loss 1.569, Loss_clf 0.204, Loss_kd 1.365, Train_accy 94.41
2025-04-17 15:48:27,060 [icarl.py] => Task 1, Epoch 101/200 => Loss 1.564, Loss_clf 0.212, Loss_kd 1.352, Train_accy 94.44, Test_accy {'Art': 36.67, 'Clipart': 61.77, 'Real World': 32.12, 'Product': 72.49}
2025-04-17 15:48:32,739 [icarl.py] => Task 1, Epoch 102/200 => Loss 1.573, Loss_clf 0.208, Loss_kd 1.366, Train_accy 93.94
2025-04-17 15:48:38,436 [icarl.py] => Task 1, Epoch 103/200 => Loss 1.545, Loss_clf 0.189, Loss_kd 1.356, Train_accy 94.97
2025-04-17 15:48:44,072 [icarl.py] => Task 1, Epoch 104/200 => Loss 1.547, Loss_clf 0.190, Loss_kd 1.357, Train_accy 94.64
2025-04-17 15:48:49,757 [icarl.py] => Task 1, Epoch 105/200 => Loss 1.562, Loss_clf 0.195, Loss_kd 1.367, Train_accy 94.27
2025-04-17 15:48:55,453 [icarl.py] => Task 1, Epoch 106/200 => Loss 1.557, Loss_clf 0.195, Loss_kd 1.362, Train_accy 94.77
2025-04-17 15:49:01,148 [icarl.py] => Task 1, Epoch 107/200 => Loss 1.548, Loss_clf 0.193, Loss_kd 1.355, Train_accy 94.14
2025-04-17 15:49:06,827 [icarl.py] => Task 1, Epoch 108/200 => Loss 1.528, Loss_clf 0.179, Loss_kd 1.349, Train_accy 94.81
2025-04-17 15:49:12,490 [icarl.py] => Task 1, Epoch 109/200 => Loss 1.534, Loss_clf 0.180, Loss_kd 1.354, Train_accy 94.57
2025-04-17 15:49:18,174 [icarl.py] => Task 1, Epoch 110/200 => Loss 1.535, Loss_clf 0.192, Loss_kd 1.343, Train_accy 94.81
2025-04-17 15:49:23,884 [icarl.py] => Task 1, Epoch 111/200 => Loss 1.519, Loss_clf 0.169, Loss_kd 1.351, Train_accy 95.38
2025-04-17 15:49:29,586 [icarl.py] => Task 1, Epoch 112/200 => Loss 1.518, Loss_clf 0.172, Loss_kd 1.347, Train_accy 95.38
2025-04-17 15:49:35,336 [icarl.py] => Task 1, Epoch 113/200 => Loss 1.548, Loss_clf 0.191, Loss_kd 1.357, Train_accy 94.94
2025-04-17 15:49:41,023 [icarl.py] => Task 1, Epoch 114/200 => Loss 1.534, Loss_clf 0.194, Loss_kd 1.340, Train_accy 94.54
2025-04-17 15:49:46,722 [icarl.py] => Task 1, Epoch 115/200 => Loss 1.515, Loss_clf 0.162, Loss_kd 1.353, Train_accy 95.85
2025-04-17 15:49:52,456 [icarl.py] => Task 1, Epoch 116/200 => Loss 1.538, Loss_clf 0.179, Loss_kd 1.358, Train_accy 94.97
2025-04-17 15:49:58,255 [icarl.py] => Task 1, Epoch 117/200 => Loss 1.509, Loss_clf 0.166, Loss_kd 1.343, Train_accy 95.54
2025-04-17 15:50:04,031 [icarl.py] => Task 1, Epoch 118/200 => Loss 1.512, Loss_clf 0.162, Loss_kd 1.351, Train_accy 95.54
2025-04-17 15:50:09,839 [icarl.py] => Task 1, Epoch 119/200 => Loss 1.491, Loss_clf 0.151, Loss_kd 1.341, Train_accy 95.54
2025-04-17 15:50:15,595 [icarl.py] => Task 1, Epoch 120/200 => Loss 1.501, Loss_clf 0.155, Loss_kd 1.345, Train_accy 95.88
2025-04-17 15:50:28,111 [icarl.py] => Task 1, Epoch 121/200 => Loss 1.518, Loss_clf 0.176, Loss_kd 1.342, Train_accy 95.01, Test_accy {'Art': 39.44, 'Clipart': 60.39, 'Real World': 32.68, 'Product': 73.54}
2025-04-17 15:50:33,854 [icarl.py] => Task 1, Epoch 122/200 => Loss 1.487, Loss_clf 0.157, Loss_kd 1.330, Train_accy 95.75
2025-04-17 15:50:39,511 [icarl.py] => Task 1, Epoch 123/200 => Loss 1.508, Loss_clf 0.159, Loss_kd 1.349, Train_accy 95.44
2025-04-17 15:50:45,173 [icarl.py] => Task 1, Epoch 124/200 => Loss 1.473, Loss_clf 0.134, Loss_kd 1.339, Train_accy 96.62
2025-04-17 15:50:50,863 [icarl.py] => Task 1, Epoch 125/200 => Loss 1.487, Loss_clf 0.149, Loss_kd 1.338, Train_accy 95.75
2025-04-17 15:50:56,562 [icarl.py] => Task 1, Epoch 126/200 => Loss 1.489, Loss_clf 0.150, Loss_kd 1.339, Train_accy 95.54
2025-04-17 15:51:02,331 [icarl.py] => Task 1, Epoch 127/200 => Loss 1.484, Loss_clf 0.150, Loss_kd 1.334, Train_accy 95.78
2025-04-17 15:51:08,012 [icarl.py] => Task 1, Epoch 128/200 => Loss 1.495, Loss_clf 0.151, Loss_kd 1.344, Train_accy 95.95
2025-04-17 15:51:13,764 [icarl.py] => Task 1, Epoch 129/200 => Loss 1.476, Loss_clf 0.145, Loss_kd 1.331, Train_accy 96.11
2025-04-17 15:51:19,443 [icarl.py] => Task 1, Epoch 130/200 => Loss 1.470, Loss_clf 0.147, Loss_kd 1.323, Train_accy 96.45
2025-04-17 15:51:25,164 [icarl.py] => Task 1, Epoch 131/200 => Loss 1.479, Loss_clf 0.145, Loss_kd 1.334, Train_accy 96.25
2025-04-17 15:51:30,835 [icarl.py] => Task 1, Epoch 132/200 => Loss 1.457, Loss_clf 0.119, Loss_kd 1.338, Train_accy 96.95
2025-04-17 15:51:36,537 [icarl.py] => Task 1, Epoch 133/200 => Loss 1.448, Loss_clf 0.120, Loss_kd 1.328, Train_accy 96.68
2025-04-17 15:51:42,276 [icarl.py] => Task 1, Epoch 134/200 => Loss 1.448, Loss_clf 0.127, Loss_kd 1.321, Train_accy 96.58
2025-04-17 15:51:47,968 [icarl.py] => Task 1, Epoch 135/200 => Loss 1.455, Loss_clf 0.136, Loss_kd 1.319, Train_accy 96.38
2025-04-17 15:51:53,675 [icarl.py] => Task 1, Epoch 136/200 => Loss 1.444, Loss_clf 0.121, Loss_kd 1.324, Train_accy 96.78
2025-04-17 15:51:59,422 [icarl.py] => Task 1, Epoch 137/200 => Loss 1.439, Loss_clf 0.114, Loss_kd 1.325, Train_accy 97.12
2025-04-17 15:52:05,217 [icarl.py] => Task 1, Epoch 138/200 => Loss 1.439, Loss_clf 0.107, Loss_kd 1.332, Train_accy 97.39
2025-04-17 15:52:11,001 [icarl.py] => Task 1, Epoch 139/200 => Loss 1.432, Loss_clf 0.117, Loss_kd 1.316, Train_accy 97.12
2025-04-17 15:52:16,698 [icarl.py] => Task 1, Epoch 140/200 => Loss 1.447, Loss_clf 0.112, Loss_kd 1.335, Train_accy 97.05
2025-04-17 15:52:29,229 [icarl.py] => Task 1, Epoch 141/200 => Loss 1.430, Loss_clf 0.109, Loss_kd 1.321, Train_accy 96.82, Test_accy {'Art': 37.78, 'Clipart': 61.5, 'Real World': 33.24, 'Product': 72.22}
2025-04-17 15:52:34,856 [icarl.py] => Task 1, Epoch 142/200 => Loss 1.414, Loss_clf 0.098, Loss_kd 1.316, Train_accy 97.25
2025-04-17 15:52:40,534 [icarl.py] => Task 1, Epoch 143/200 => Loss 1.406, Loss_clf 0.108, Loss_kd 1.298, Train_accy 97.02
2025-04-17 15:52:46,322 [icarl.py] => Task 1, Epoch 144/200 => Loss 1.410, Loss_clf 0.095, Loss_kd 1.315, Train_accy 97.82
2025-04-17 15:52:52,034 [icarl.py] => Task 1, Epoch 145/200 => Loss 1.422, Loss_clf 0.102, Loss_kd 1.320, Train_accy 97.32
2025-04-17 15:52:57,687 [icarl.py] => Task 1, Epoch 146/200 => Loss 1.417, Loss_clf 0.102, Loss_kd 1.315, Train_accy 97.22
2025-04-17 15:53:03,422 [icarl.py] => Task 1, Epoch 147/200 => Loss 1.390, Loss_clf 0.089, Loss_kd 1.301, Train_accy 97.59
2025-04-17 15:53:09,113 [icarl.py] => Task 1, Epoch 148/200 => Loss 1.405, Loss_clf 0.088, Loss_kd 1.317, Train_accy 97.32
2025-04-17 15:53:14,809 [icarl.py] => Task 1, Epoch 149/200 => Loss 1.413, Loss_clf 0.104, Loss_kd 1.310, Train_accy 97.12
2025-04-17 15:53:20,450 [icarl.py] => Task 1, Epoch 150/200 => Loss 1.404, Loss_clf 0.094, Loss_kd 1.311, Train_accy 97.35
2025-04-17 15:53:26,115 [icarl.py] => Task 1, Epoch 151/200 => Loss 1.422, Loss_clf 0.113, Loss_kd 1.309, Train_accy 96.82
2025-04-17 15:53:31,840 [icarl.py] => Task 1, Epoch 152/200 => Loss 1.408, Loss_clf 0.098, Loss_kd 1.310, Train_accy 97.35
2025-04-17 15:53:37,489 [icarl.py] => Task 1, Epoch 153/200 => Loss 1.419, Loss_clf 0.098, Loss_kd 1.321, Train_accy 97.62
2025-04-17 15:53:43,203 [icarl.py] => Task 1, Epoch 154/200 => Loss 1.390, Loss_clf 0.081, Loss_kd 1.309, Train_accy 97.92
2025-04-17 15:53:48,882 [icarl.py] => Task 1, Epoch 155/200 => Loss 1.411, Loss_clf 0.099, Loss_kd 1.312, Train_accy 97.35
2025-04-17 15:53:54,608 [icarl.py] => Task 1, Epoch 156/200 => Loss 1.382, Loss_clf 0.080, Loss_kd 1.302, Train_accy 97.89
2025-04-17 15:54:00,346 [icarl.py] => Task 1, Epoch 157/200 => Loss 1.398, Loss_clf 0.097, Loss_kd 1.300, Train_accy 97.59
2025-04-17 15:54:06,069 [icarl.py] => Task 1, Epoch 158/200 => Loss 1.391, Loss_clf 0.088, Loss_kd 1.304, Train_accy 97.76
2025-04-17 15:54:11,733 [icarl.py] => Task 1, Epoch 159/200 => Loss 1.400, Loss_clf 0.093, Loss_kd 1.306, Train_accy 97.65
2025-04-17 15:54:17,371 [icarl.py] => Task 1, Epoch 160/200 => Loss 1.398, Loss_clf 0.087, Loss_kd 1.311, Train_accy 97.79
2025-04-17 15:54:29,305 [icarl.py] => Task 1, Epoch 161/200 => Loss 1.374, Loss_clf 0.078, Loss_kd 1.295, Train_accy 97.86, Test_accy {'Art': 34.44, 'Clipart': 63.43, 'Real World': 34.64, 'Product': 74.07}
2025-04-17 15:54:34,986 [icarl.py] => Task 1, Epoch 162/200 => Loss 1.393, Loss_clf 0.089, Loss_kd 1.304, Train_accy 97.42
2025-04-17 15:54:40,647 [icarl.py] => Task 1, Epoch 163/200 => Loss 1.376, Loss_clf 0.082, Loss_kd 1.293, Train_accy 97.89
2025-04-17 15:54:46,307 [icarl.py] => Task 1, Epoch 164/200 => Loss 1.383, Loss_clf 0.079, Loss_kd 1.304, Train_accy 98.02
2025-04-17 15:54:51,943 [icarl.py] => Task 1, Epoch 165/200 => Loss 1.407, Loss_clf 0.089, Loss_kd 1.318, Train_accy 97.45
2025-04-17 15:54:57,586 [icarl.py] => Task 1, Epoch 166/200 => Loss 1.391, Loss_clf 0.090, Loss_kd 1.301, Train_accy 97.79
2025-04-17 15:55:03,234 [icarl.py] => Task 1, Epoch 167/200 => Loss 1.393, Loss_clf 0.089, Loss_kd 1.304, Train_accy 97.69
2025-04-17 15:55:08,886 [icarl.py] => Task 1, Epoch 168/200 => Loss 1.391, Loss_clf 0.083, Loss_kd 1.309, Train_accy 97.82
2025-04-17 15:55:14,583 [icarl.py] => Task 1, Epoch 169/200 => Loss 1.376, Loss_clf 0.079, Loss_kd 1.298, Train_accy 97.86
2025-04-17 15:55:20,404 [icarl.py] => Task 1, Epoch 170/200 => Loss 1.380, Loss_clf 0.084, Loss_kd 1.296, Train_accy 97.76
2025-04-17 15:55:26,102 [icarl.py] => Task 1, Epoch 171/200 => Loss 1.390, Loss_clf 0.086, Loss_kd 1.304, Train_accy 97.82
2025-04-17 15:55:31,749 [icarl.py] => Task 1, Epoch 172/200 => Loss 1.362, Loss_clf 0.067, Loss_kd 1.295, Train_accy 98.26
2025-04-17 15:55:37,439 [icarl.py] => Task 1, Epoch 173/200 => Loss 1.382, Loss_clf 0.082, Loss_kd 1.300, Train_accy 97.65
2025-04-17 15:55:43,155 [icarl.py] => Task 1, Epoch 174/200 => Loss 1.360, Loss_clf 0.072, Loss_kd 1.288, Train_accy 98.02
2025-04-17 15:55:48,834 [icarl.py] => Task 1, Epoch 175/200 => Loss 1.372, Loss_clf 0.077, Loss_kd 1.295, Train_accy 98.22
2025-04-17 15:55:54,478 [icarl.py] => Task 1, Epoch 176/200 => Loss 1.382, Loss_clf 0.074, Loss_kd 1.308, Train_accy 98.02
2025-04-17 15:56:00,189 [icarl.py] => Task 1, Epoch 177/200 => Loss 1.386, Loss_clf 0.078, Loss_kd 1.308, Train_accy 98.02
2025-04-17 15:56:05,894 [icarl.py] => Task 1, Epoch 178/200 => Loss 1.387, Loss_clf 0.086, Loss_kd 1.300, Train_accy 97.55
2025-04-17 15:56:11,653 [icarl.py] => Task 1, Epoch 179/200 => Loss 1.366, Loss_clf 0.062, Loss_kd 1.304, Train_accy 98.56
2025-04-17 15:56:17,339 [icarl.py] => Task 1, Epoch 180/200 => Loss 1.384, Loss_clf 0.086, Loss_kd 1.297, Train_accy 97.76
2025-04-17 15:56:29,483 [icarl.py] => Task 1, Epoch 181/200 => Loss 1.377, Loss_clf 0.076, Loss_kd 1.301, Train_accy 97.86, Test_accy {'Art': 34.44, 'Clipart': 63.99, 'Real World': 33.8, 'Product': 74.87}
2025-04-17 15:56:35,182 [icarl.py] => Task 1, Epoch 182/200 => Loss 1.375, Loss_clf 0.076, Loss_kd 1.300, Train_accy 98.16
2025-04-17 15:56:40,851 [icarl.py] => Task 1, Epoch 183/200 => Loss 1.377, Loss_clf 0.079, Loss_kd 1.298, Train_accy 97.96
2025-04-17 15:56:46,491 [icarl.py] => Task 1, Epoch 184/200 => Loss 1.347, Loss_clf 0.066, Loss_kd 1.281, Train_accy 98.56
2025-04-17 15:56:52,134 [icarl.py] => Task 1, Epoch 185/200 => Loss 1.369, Loss_clf 0.075, Loss_kd 1.293, Train_accy 97.89
2025-04-17 15:56:57,843 [icarl.py] => Task 1, Epoch 186/200 => Loss 1.351, Loss_clf 0.064, Loss_kd 1.287, Train_accy 98.53
2025-04-17 15:57:03,488 [icarl.py] => Task 1, Epoch 187/200 => Loss 1.362, Loss_clf 0.066, Loss_kd 1.296, Train_accy 98.29
2025-04-17 15:57:09,126 [icarl.py] => Task 1, Epoch 188/200 => Loss 1.369, Loss_clf 0.070, Loss_kd 1.299, Train_accy 98.53
2025-04-17 15:57:14,765 [icarl.py] => Task 1, Epoch 189/200 => Loss 1.375, Loss_clf 0.069, Loss_kd 1.306, Train_accy 98.22
2025-04-17 15:57:20,442 [icarl.py] => Task 1, Epoch 190/200 => Loss 1.376, Loss_clf 0.070, Loss_kd 1.306, Train_accy 98.26
2025-04-17 15:57:26,160 [icarl.py] => Task 1, Epoch 191/200 => Loss 1.363, Loss_clf 0.074, Loss_kd 1.288, Train_accy 98.19
2025-04-17 15:57:31,805 [icarl.py] => Task 1, Epoch 192/200 => Loss 1.372, Loss_clf 0.069, Loss_kd 1.303, Train_accy 98.36
2025-04-17 15:57:37,472 [icarl.py] => Task 1, Epoch 193/200 => Loss 1.380, Loss_clf 0.087, Loss_kd 1.293, Train_accy 97.79
2025-04-17 15:57:43,109 [icarl.py] => Task 1, Epoch 194/200 => Loss 1.363, Loss_clf 0.063, Loss_kd 1.300, Train_accy 98.39
2025-04-17 15:57:48,811 [icarl.py] => Task 1, Epoch 195/200 => Loss 1.364, Loss_clf 0.067, Loss_kd 1.297, Train_accy 98.43
2025-04-17 15:57:54,559 [icarl.py] => Task 1, Epoch 196/200 => Loss 1.382, Loss_clf 0.082, Loss_kd 1.300, Train_accy 97.86
2025-04-17 15:58:00,257 [icarl.py] => Task 1, Epoch 197/200 => Loss 1.372, Loss_clf 0.070, Loss_kd 1.302, Train_accy 98.22
2025-04-17 15:58:05,874 [icarl.py] => Task 1, Epoch 198/200 => Loss 1.378, Loss_clf 0.073, Loss_kd 1.305, Train_accy 97.99
2025-04-17 15:58:11,509 [icarl.py] => Task 1, Epoch 199/200 => Loss 1.372, Loss_clf 0.073, Loss_kd 1.299, Train_accy 98.36
2025-04-17 15:58:17,190 [icarl.py] => Task 1, Epoch 200/200 => Loss 1.351, Loss_clf 0.070, Loss_kd 1.281, Train_accy 98.06
2025-04-17 15:58:17,191 [base.py] => Reducing exemplars...(50 per classes)
2025-04-17 15:58:24,463 [base.py] => Constructing exemplars...(50 per classes)
2025-04-17 15:58:54,763 [icarl.py] => Exemplar size: 1300
2025-04-17 15:58:55,554 [trainer.py] => CNN [Art]: {'total': 35.56, '00-12': 41.94, '13-25': 28.74, 'old': 41.94, 'new': 28.74}
2025-04-17 15:58:55,586 [trainer.py] => NME [Art]: {'total': 38.33, '00-12': 43.01, '13-25': 33.33, 'old': 43.01, 'new': 33.33}
2025-04-17 15:58:55,586 [trainer.py] => CNN [Art] top1 curve: [46.24, 35.56]
2025-04-17 15:58:55,586 [trainer.py] => CNN [Art] top5 curve: [78.49, 63.89]
2025-04-17 15:58:55,586 [trainer.py] => NME [Art] top1 curve: [47.31, 38.33]
2025-04-17 15:58:55,586 [trainer.py] => NME [Art] top5 curve: [77.42, 62.78]
2025-04-17 15:58:55,586 [trainer.py] => Average Accuracy [Art] (CNN): 40.900000000000006
2025-04-17 15:58:55,586 [trainer.py] => Average Accuracy [Art] (NME): 42.82
2025-04-17 15:58:55,586 [trainer.py] => CNN [Clipart]: {'total': 63.43, '00-12': 63.48, '13-25': 63.39, 'old': 63.48, 'new': 63.39}
2025-04-17 15:58:55,586 [trainer.py] => NME [Clipart]: {'total': 63.71, '00-12': 64.61, '13-25': 62.84, 'old': 64.61, 'new': 62.84}
2025-04-17 15:58:55,586 [trainer.py] => CNN [Clipart] top1 curve: [73.03, 63.43]
2025-04-17 15:58:55,587 [trainer.py] => CNN [Clipart] top5 curve: [89.89, 82.83]
2025-04-17 15:58:55,587 [trainer.py] => NME [Clipart] top1 curve: [70.22, 63.71]
2025-04-17 15:58:55,587 [trainer.py] => NME [Clipart] top5 curve: [89.33, 82.27]
2025-04-17 15:58:55,587 [trainer.py] => Average Accuracy [Clipart] (CNN): 68.23
2025-04-17 15:58:55,587 [trainer.py] => Average Accuracy [Clipart] (NME): 66.965
2025-04-17 15:58:55,587 [trainer.py] => CNN [Product]: {'total': 74.6, '00-12': 83.65, '13-25': 63.53, 'old': 83.65, 'new': 63.53}
2025-04-17 15:58:55,587 [trainer.py] => NME [Product]: {'total': 76.46, '00-12': 86.06, '13-25': 64.71, 'old': 86.06, 'new': 64.71}
2025-04-17 15:58:55,587 [trainer.py] => CNN [Product] top1 curve: [88.94, 74.6]
2025-04-17 15:58:55,587 [trainer.py] => CNN [Product] top5 curve: [98.56, 91.53]
2025-04-17 15:58:55,587 [trainer.py] => NME [Product] top1 curve: [87.02, 76.46]
2025-04-17 15:58:55,587 [trainer.py] => NME [Product] top5 curve: [98.56, 94.18]
2025-04-17 15:58:55,587 [trainer.py] => Average Accuracy [Product] (CNN): 81.77
2025-04-17 15:58:55,587 [trainer.py] => Average Accuracy [Product] (NME): 81.74
2025-04-17 15:58:55,587 [trainer.py] => CNN [Real World]: {'total': 33.52, '00-12': 46.2, '13-25': 20.11, 'old': 46.2, 'new': 20.11}
2025-04-17 15:58:55,587 [trainer.py] => NME [Real World]: {'total': 34.08, '00-12': 50.54, '13-25': 16.67, 'old': 50.54, 'new': 16.67}
2025-04-17 15:58:55,587 [trainer.py] => CNN [Real World] top1 curve: [51.09, 33.52]
2025-04-17 15:58:55,587 [trainer.py] => CNN [Real World] top5 curve: [83.15, 63.69]
2025-04-17 15:58:55,587 [trainer.py] => NME [Real World] top1 curve: [52.17, 34.08]
2025-04-17 15:58:55,587 [trainer.py] => NME [Real World] top5 curve: [85.33, 66.48]
2025-04-17 15:58:55,587 [trainer.py] => Average Accuracy [Real World] (CNN): 42.30500000000001
2025-04-17 15:58:55,587 [trainer.py] => Average Accuracy [Real World] (NME): 43.125
2025-04-17 15:58:55,587 [trainer.py] => NME Harmonic Mean : 43.3375
2025-04-17 15:58:55,587 [trainer.py] => NME Macro Mean : 53.1450
2025-04-17 15:58:55,588 [trainer.py] => CNN Harmonic Mean : 42.4493
2025-04-17 15:58:55,588 [trainer.py] => CNN Macro Mean : 51.7775
2025-04-17 15:58:55,588 [trainer.py] => All params: 21338024
2025-04-17 15:58:55,588 [trainer.py] => Trainable params: 21338024
2025-04-17 15:58:55,590 [icarl.py] => Learning on 26-39
2025-04-17 15:59:09,580 [icarl.py] => Task 2, Epoch 1/200 => Loss 5.821, Loss_clf 3.292, Loss_kd 2.529, Train_accy 24.28, Test_accy {'Art': 11.07, 'Clipart': 18.89, 'Real World': 10.76, 'Product': 18.66}
2025-04-17 15:59:15,360 [icarl.py] => Task 2, Epoch 2/200 => Loss 4.762, Loss_clf 2.327, Loss_kd 2.435, Train_accy 34.79
2025-04-17 15:59:21,124 [icarl.py] => Task 2, Epoch 3/200 => Loss 4.503, Loss_clf 2.133, Loss_kd 2.370, Train_accy 40.29
2025-04-17 15:59:26,934 [icarl.py] => Task 2, Epoch 4/200 => Loss 4.262, Loss_clf 1.941, Loss_kd 2.321, Train_accy 44.16
2025-04-17 15:59:32,742 [icarl.py] => Task 2, Epoch 5/200 => Loss 4.077, Loss_clf 1.792, Loss_kd 2.284, Train_accy 49.43
2025-04-17 15:59:38,593 [icarl.py] => Task 2, Epoch 6/200 => Loss 3.947, Loss_clf 1.686, Loss_kd 2.261, Train_accy 52.16
2025-04-17 15:59:44,418 [icarl.py] => Task 2, Epoch 7/200 => Loss 3.865, Loss_clf 1.599, Loss_kd 2.266, Train_accy 53.53
2025-04-17 15:59:50,267 [icarl.py] => Task 2, Epoch 8/200 => Loss 3.696, Loss_clf 1.470, Loss_kd 2.226, Train_accy 56.85
2025-04-17 15:59:56,122 [icarl.py] => Task 2, Epoch 9/200 => Loss 3.643, Loss_clf 1.441, Loss_kd 2.202, Train_accy 58.44
2025-04-17 16:00:01,992 [icarl.py] => Task 2, Epoch 10/200 => Loss 3.494, Loss_clf 1.302, Loss_kd 2.192, Train_accy 62.22
2025-04-17 16:00:07,808 [icarl.py] => Task 2, Epoch 11/200 => Loss 3.377, Loss_clf 1.205, Loss_kd 2.172, Train_accy 63.68
2025-04-17 16:00:13,585 [icarl.py] => Task 2, Epoch 12/200 => Loss 3.308, Loss_clf 1.135, Loss_kd 2.173, Train_accy 65.34
2025-04-17 16:00:19,377 [icarl.py] => Task 2, Epoch 13/200 => Loss 3.217, Loss_clf 1.074, Loss_kd 2.143, Train_accy 67.10
2025-04-17 16:00:25,141 [icarl.py] => Task 2, Epoch 14/200 => Loss 3.143, Loss_clf 1.023, Loss_kd 2.119, Train_accy 69.22
2025-04-17 16:00:30,874 [icarl.py] => Task 2, Epoch 15/200 => Loss 3.110, Loss_clf 0.991, Loss_kd 2.118, Train_accy 70.22
2025-04-17 16:00:36,627 [icarl.py] => Task 2, Epoch 16/200 => Loss 3.035, Loss_clf 0.934, Loss_kd 2.101, Train_accy 72.14
2025-04-17 16:00:42,471 [icarl.py] => Task 2, Epoch 17/200 => Loss 2.989, Loss_clf 0.894, Loss_kd 2.095, Train_accy 73.54
2025-04-17 16:00:48,276 [icarl.py] => Task 2, Epoch 18/200 => Loss 3.013, Loss_clf 0.905, Loss_kd 2.108, Train_accy 73.12
2025-04-17 16:00:54,100 [icarl.py] => Task 2, Epoch 19/200 => Loss 2.964, Loss_clf 0.861, Loss_kd 2.102, Train_accy 74.45
2025-04-17 16:00:59,892 [icarl.py] => Task 2, Epoch 20/200 => Loss 2.862, Loss_clf 0.792, Loss_kd 2.071, Train_accy 77.09
2025-04-17 16:01:13,693 [icarl.py] => Task 2, Epoch 21/200 => Loss 2.817, Loss_clf 0.752, Loss_kd 2.065, Train_accy 77.38, Test_accy {'Art': 17.99, 'Clipart': 34.16, 'Real World': 23.19, 'Product': 40.85}
2025-04-17 16:01:19,517 [icarl.py] => Task 2, Epoch 22/200 => Loss 2.871, Loss_clf 0.788, Loss_kd 2.083, Train_accy 77.09
2025-04-17 16:01:25,304 [icarl.py] => Task 2, Epoch 23/200 => Loss 2.754, Loss_clf 0.690, Loss_kd 2.064, Train_accy 79.47
2025-04-17 16:01:31,117 [icarl.py] => Task 2, Epoch 24/200 => Loss 2.822, Loss_clf 0.742, Loss_kd 2.080, Train_accy 78.78
2025-04-17 16:01:36,891 [icarl.py] => Task 2, Epoch 25/200 => Loss 2.843, Loss_clf 0.770, Loss_kd 2.073, Train_accy 76.67
2025-04-17 16:01:42,630 [icarl.py] => Task 2, Epoch 26/200 => Loss 2.742, Loss_clf 0.682, Loss_kd 2.060, Train_accy 80.18
2025-04-17 16:01:48,416 [icarl.py] => Task 2, Epoch 27/200 => Loss 2.733, Loss_clf 0.675, Loss_kd 2.057, Train_accy 80.41
2025-04-17 16:01:54,216 [icarl.py] => Task 2, Epoch 28/200 => Loss 2.677, Loss_clf 0.635, Loss_kd 2.042, Train_accy 81.78
2025-04-17 16:02:00,038 [icarl.py] => Task 2, Epoch 29/200 => Loss 2.626, Loss_clf 0.593, Loss_kd 2.033, Train_accy 83.18
2025-04-17 16:02:05,837 [icarl.py] => Task 2, Epoch 30/200 => Loss 2.609, Loss_clf 0.583, Loss_kd 2.026, Train_accy 82.82
2025-04-17 16:02:11,634 [icarl.py] => Task 2, Epoch 31/200 => Loss 2.585, Loss_clf 0.563, Loss_kd 2.022, Train_accy 83.37
2025-04-17 16:02:17,460 [icarl.py] => Task 2, Epoch 32/200 => Loss 2.598, Loss_clf 0.561, Loss_kd 2.037, Train_accy 83.60
2025-04-17 16:02:23,339 [icarl.py] => Task 2, Epoch 33/200 => Loss 2.594, Loss_clf 0.573, Loss_kd 2.021, Train_accy 83.53
2025-04-17 16:02:29,191 [icarl.py] => Task 2, Epoch 34/200 => Loss 2.503, Loss_clf 0.501, Loss_kd 2.003, Train_accy 85.68
2025-04-17 16:02:34,977 [icarl.py] => Task 2, Epoch 35/200 => Loss 2.546, Loss_clf 0.520, Loss_kd 2.027, Train_accy 84.77
2025-04-17 16:02:40,746 [icarl.py] => Task 2, Epoch 36/200 => Loss 2.458, Loss_clf 0.485, Loss_kd 1.973, Train_accy 86.46
2025-04-17 16:02:46,537 [icarl.py] => Task 2, Epoch 37/200 => Loss 2.531, Loss_clf 0.514, Loss_kd 2.017, Train_accy 84.45
2025-04-17 16:02:52,353 [icarl.py] => Task 2, Epoch 38/200 => Loss 2.506, Loss_clf 0.503, Loss_kd 2.003, Train_accy 85.62
2025-04-17 16:02:58,223 [icarl.py] => Task 2, Epoch 39/200 => Loss 2.497, Loss_clf 0.484, Loss_kd 2.013, Train_accy 86.10
2025-04-17 16:03:04,111 [icarl.py] => Task 2, Epoch 40/200 => Loss 2.509, Loss_clf 0.492, Loss_kd 2.017, Train_accy 85.81
2025-04-17 16:03:18,041 [icarl.py] => Task 2, Epoch 41/200 => Loss 2.459, Loss_clf 0.471, Loss_kd 1.988, Train_accy 86.82, Test_accy {'Art': 19.38, 'Clipart': 44.27, 'Real World': 29.5, 'Product': 60.74}
2025-04-17 16:03:23,831 [icarl.py] => Task 2, Epoch 42/200 => Loss 2.461, Loss_clf 0.464, Loss_kd 1.997, Train_accy 86.53
2025-04-17 16:03:29,658 [icarl.py] => Task 2, Epoch 43/200 => Loss 2.463, Loss_clf 0.462, Loss_kd 2.002, Train_accy 87.28
2025-04-17 16:03:35,490 [icarl.py] => Task 2, Epoch 44/200 => Loss 2.451, Loss_clf 0.459, Loss_kd 1.992, Train_accy 86.79
2025-04-17 16:03:41,303 [icarl.py] => Task 2, Epoch 45/200 => Loss 2.359, Loss_clf 0.395, Loss_kd 1.964, Train_accy 89.20
2025-04-17 16:03:47,132 [icarl.py] => Task 2, Epoch 46/200 => Loss 2.411, Loss_clf 0.421, Loss_kd 1.990, Train_accy 88.32
2025-04-17 16:03:52,975 [icarl.py] => Task 2, Epoch 47/200 => Loss 2.407, Loss_clf 0.441, Loss_kd 1.966, Train_accy 86.95
2025-04-17 16:03:58,782 [icarl.py] => Task 2, Epoch 48/200 => Loss 2.375, Loss_clf 0.391, Loss_kd 1.984, Train_accy 88.77
2025-04-17 16:04:04,583 [icarl.py] => Task 2, Epoch 49/200 => Loss 2.367, Loss_clf 0.383, Loss_kd 1.984, Train_accy 89.26
2025-04-17 16:04:10,414 [icarl.py] => Task 2, Epoch 50/200 => Loss 2.452, Loss_clf 0.452, Loss_kd 2.000, Train_accy 86.14
2025-04-17 16:04:16,237 [icarl.py] => Task 2, Epoch 51/200 => Loss 2.309, Loss_clf 0.346, Loss_kd 1.962, Train_accy 90.07
2025-04-17 16:04:22,050 [icarl.py] => Task 2, Epoch 52/200 => Loss 2.280, Loss_clf 0.332, Loss_kd 1.948, Train_accy 90.04
2025-04-17 16:04:27,890 [icarl.py] => Task 2, Epoch 53/200 => Loss 2.368, Loss_clf 0.399, Loss_kd 1.969, Train_accy 88.81
2025-04-17 16:04:33,710 [icarl.py] => Task 2, Epoch 54/200 => Loss 2.312, Loss_clf 0.358, Loss_kd 1.954, Train_accy 89.88
2025-04-17 16:04:39,526 [icarl.py] => Task 2, Epoch 55/200 => Loss 2.370, Loss_clf 0.398, Loss_kd 1.972, Train_accy 88.51
2025-04-17 16:04:45,351 [icarl.py] => Task 2, Epoch 56/200 => Loss 2.335, Loss_clf 0.369, Loss_kd 1.966, Train_accy 89.26
2025-04-17 16:04:51,191 [icarl.py] => Task 2, Epoch 57/200 => Loss 2.275, Loss_clf 0.333, Loss_kd 1.942, Train_accy 90.69
2025-04-17 16:04:56,990 [icarl.py] => Task 2, Epoch 58/200 => Loss 2.233, Loss_clf 0.287, Loss_kd 1.945, Train_accy 92.12
2025-04-17 16:05:02,826 [icarl.py] => Task 2, Epoch 59/200 => Loss 2.324, Loss_clf 0.357, Loss_kd 1.967, Train_accy 89.81
2025-04-17 16:05:08,680 [icarl.py] => Task 2, Epoch 60/200 => Loss 2.244, Loss_clf 0.296, Loss_kd 1.948, Train_accy 91.86
2025-04-17 16:05:22,605 [icarl.py] => Task 2, Epoch 61/200 => Loss 2.236, Loss_clf 0.291, Loss_kd 1.945, Train_accy 91.64, Test_accy {'Art': 22.15, 'Clipart': 40.27, 'Real World': 25.79, 'Product': 57.39}
2025-04-17 16:05:28,532 [icarl.py] => Task 2, Epoch 62/200 => Loss 2.291, Loss_clf 0.344, Loss_kd 1.947, Train_accy 89.65
2025-04-17 16:05:34,389 [icarl.py] => Task 2, Epoch 63/200 => Loss 2.272, Loss_clf 0.332, Loss_kd 1.940, Train_accy 91.12
2025-04-17 16:05:40,173 [icarl.py] => Task 2, Epoch 64/200 => Loss 2.265, Loss_clf 0.313, Loss_kd 1.952, Train_accy 90.86
2025-04-17 16:05:45,991 [icarl.py] => Task 2, Epoch 65/200 => Loss 2.253, Loss_clf 0.316, Loss_kd 1.937, Train_accy 90.82
2025-04-17 16:05:51,847 [icarl.py] => Task 2, Epoch 66/200 => Loss 2.240, Loss_clf 0.292, Loss_kd 1.948, Train_accy 91.86
2025-04-17 16:05:57,563 [icarl.py] => Task 2, Epoch 67/200 => Loss 2.249, Loss_clf 0.315, Loss_kd 1.934, Train_accy 90.79
2025-04-17 16:06:03,351 [icarl.py] => Task 2, Epoch 68/200 => Loss 2.238, Loss_clf 0.296, Loss_kd 1.941, Train_accy 91.57
2025-04-17 16:06:09,349 [icarl.py] => Task 2, Epoch 69/200 => Loss 2.221, Loss_clf 0.298, Loss_kd 1.924, Train_accy 91.51
2025-04-17 16:06:15,184 [icarl.py] => Task 2, Epoch 70/200 => Loss 2.190, Loss_clf 0.273, Loss_kd 1.917, Train_accy 92.26
2025-04-17 16:06:21,009 [icarl.py] => Task 2, Epoch 71/200 => Loss 2.184, Loss_clf 0.268, Loss_kd 1.917, Train_accy 92.45
2025-04-17 16:06:26,831 [icarl.py] => Task 2, Epoch 72/200 => Loss 2.199, Loss_clf 0.266, Loss_kd 1.933, Train_accy 92.68
2025-04-17 16:06:32,672 [icarl.py] => Task 2, Epoch 73/200 => Loss 2.200, Loss_clf 0.279, Loss_kd 1.921, Train_accy 92.61
2025-04-17 16:06:38,589 [icarl.py] => Task 2, Epoch 74/200 => Loss 2.174, Loss_clf 0.258, Loss_kd 1.916, Train_accy 92.65
2025-04-17 16:06:44,434 [icarl.py] => Task 2, Epoch 75/200 => Loss 2.188, Loss_clf 0.272, Loss_kd 1.916, Train_accy 92.32
2025-04-17 16:06:50,243 [icarl.py] => Task 2, Epoch 76/200 => Loss 2.195, Loss_clf 0.265, Loss_kd 1.930, Train_accy 92.52
2025-04-17 16:06:56,039 [icarl.py] => Task 2, Epoch 77/200 => Loss 2.204, Loss_clf 0.274, Loss_kd 1.930, Train_accy 92.39
2025-04-17 16:07:01,932 [icarl.py] => Task 2, Epoch 78/200 => Loss 2.187, Loss_clf 0.270, Loss_kd 1.917, Train_accy 92.55
2025-04-17 16:07:07,879 [icarl.py] => Task 2, Epoch 79/200 => Loss 2.183, Loss_clf 0.265, Loss_kd 1.918, Train_accy 92.45
2025-04-17 16:07:13,684 [icarl.py] => Task 2, Epoch 80/200 => Loss 2.181, Loss_clf 0.262, Loss_kd 1.919, Train_accy 93.00
2025-04-17 16:07:27,489 [icarl.py] => Task 2, Epoch 81/200 => Loss 2.117, Loss_clf 0.220, Loss_kd 1.897, Train_accy 94.11, Test_accy {'Art': 22.49, 'Clipart': 37.4, 'Real World': 24.68, 'Product': 50.7}
2025-04-17 16:07:33,281 [icarl.py] => Task 2, Epoch 82/200 => Loss 2.174, Loss_clf 0.260, Loss_kd 1.915, Train_accy 93.75
2025-04-17 16:07:39,109 [icarl.py] => Task 2, Epoch 83/200 => Loss 2.163, Loss_clf 0.258, Loss_kd 1.906, Train_accy 92.52
2025-04-17 16:07:44,900 [icarl.py] => Task 2, Epoch 84/200 => Loss 2.140, Loss_clf 0.231, Loss_kd 1.909, Train_accy 93.33
2025-04-17 16:07:50,638 [icarl.py] => Task 2, Epoch 85/200 => Loss 2.170, Loss_clf 0.275, Loss_kd 1.895, Train_accy 92.06
2025-04-17 16:07:56,492 [icarl.py] => Task 2, Epoch 86/200 => Loss 2.122, Loss_clf 0.214, Loss_kd 1.908, Train_accy 93.98
2025-04-17 16:08:02,363 [icarl.py] => Task 2, Epoch 87/200 => Loss 2.135, Loss_clf 0.228, Loss_kd 1.908, Train_accy 94.04
2025-04-17 16:08:08,204 [icarl.py] => Task 2, Epoch 88/200 => Loss 2.099, Loss_clf 0.212, Loss_kd 1.887, Train_accy 94.08
2025-04-17 16:08:14,048 [icarl.py] => Task 2, Epoch 89/200 => Loss 2.111, Loss_clf 0.216, Loss_kd 1.895, Train_accy 94.11
2025-04-17 16:08:19,856 [icarl.py] => Task 2, Epoch 90/200 => Loss 2.159, Loss_clf 0.227, Loss_kd 1.931, Train_accy 93.62
2025-04-17 16:08:25,664 [icarl.py] => Task 2, Epoch 91/200 => Loss 2.129, Loss_clf 0.227, Loss_kd 1.902, Train_accy 94.01
2025-04-17 16:08:31,454 [icarl.py] => Task 2, Epoch 92/200 => Loss 2.093, Loss_clf 0.207, Loss_kd 1.886, Train_accy 94.24
2025-04-17 16:08:37,286 [icarl.py] => Task 2, Epoch 93/200 => Loss 2.076, Loss_clf 0.193, Loss_kd 1.883, Train_accy 94.79
2025-04-17 16:08:43,030 [icarl.py] => Task 2, Epoch 94/200 => Loss 2.098, Loss_clf 0.205, Loss_kd 1.892, Train_accy 94.34
2025-04-17 16:08:48,809 [icarl.py] => Task 2, Epoch 95/200 => Loss 2.090, Loss_clf 0.195, Loss_kd 1.895, Train_accy 94.63
2025-04-17 16:08:54,643 [icarl.py] => Task 2, Epoch 96/200 => Loss 2.076, Loss_clf 0.199, Loss_kd 1.878, Train_accy 94.86
2025-04-17 16:09:00,456 [icarl.py] => Task 2, Epoch 97/200 => Loss 2.099, Loss_clf 0.219, Loss_kd 1.880, Train_accy 93.62
2025-04-17 16:09:06,224 [icarl.py] => Task 2, Epoch 98/200 => Loss 2.109, Loss_clf 0.205, Loss_kd 1.904, Train_accy 94.31
2025-04-17 16:09:12,043 [icarl.py] => Task 2, Epoch 99/200 => Loss 2.067, Loss_clf 0.194, Loss_kd 1.873, Train_accy 94.53
2025-04-17 16:09:17,860 [icarl.py] => Task 2, Epoch 100/200 => Loss 2.064, Loss_clf 0.192, Loss_kd 1.871, Train_accy 95.22
2025-04-17 16:09:31,361 [icarl.py] => Task 2, Epoch 101/200 => Loss 2.034, Loss_clf 0.169, Loss_kd 1.865, Train_accy 95.25, Test_accy {'Art': 23.53, 'Clipart': 48.09, 'Real World': 28.57, 'Product': 64.96}
2025-04-17 16:09:37,152 [icarl.py] => Task 2, Epoch 102/200 => Loss 2.048, Loss_clf 0.169, Loss_kd 1.879, Train_accy 95.09
2025-04-17 16:09:42,973 [icarl.py] => Task 2, Epoch 103/200 => Loss 2.053, Loss_clf 0.182, Loss_kd 1.871, Train_accy 95.22
2025-04-17 16:09:48,770 [icarl.py] => Task 2, Epoch 104/200 => Loss 2.025, Loss_clf 0.162, Loss_kd 1.863, Train_accy 95.80
2025-04-17 16:09:54,562 [icarl.py] => Task 2, Epoch 105/200 => Loss 2.068, Loss_clf 0.187, Loss_kd 1.881, Train_accy 94.73
2025-04-17 16:10:00,378 [icarl.py] => Task 2, Epoch 106/200 => Loss 2.063, Loss_clf 0.181, Loss_kd 1.882, Train_accy 95.57
2025-04-17 16:10:06,213 [icarl.py] => Task 2, Epoch 107/200 => Loss 2.042, Loss_clf 0.170, Loss_kd 1.873, Train_accy 95.44
2025-04-17 16:10:12,075 [icarl.py] => Task 2, Epoch 108/200 => Loss 2.010, Loss_clf 0.159, Loss_kd 1.851, Train_accy 95.83
2025-04-17 16:10:17,923 [icarl.py] => Task 2, Epoch 109/200 => Loss 1.998, Loss_clf 0.143, Loss_kd 1.855, Train_accy 95.80
2025-04-17 16:10:23,685 [icarl.py] => Task 2, Epoch 110/200 => Loss 1.986, Loss_clf 0.144, Loss_kd 1.842, Train_accy 96.23
2025-04-17 16:10:29,515 [icarl.py] => Task 2, Epoch 111/200 => Loss 1.998, Loss_clf 0.149, Loss_kd 1.849, Train_accy 96.19
2025-04-17 16:10:35,308 [icarl.py] => Task 2, Epoch 112/200 => Loss 1.956, Loss_clf 0.117, Loss_kd 1.839, Train_accy 96.88
2025-04-17 16:10:41,103 [icarl.py] => Task 2, Epoch 113/200 => Loss 1.985, Loss_clf 0.131, Loss_kd 1.854, Train_accy 96.97
2025-04-17 16:10:46,851 [icarl.py] => Task 2, Epoch 114/200 => Loss 1.990, Loss_clf 0.137, Loss_kd 1.854, Train_accy 96.42
2025-04-17 16:10:52,605 [icarl.py] => Task 2, Epoch 115/200 => Loss 1.990, Loss_clf 0.135, Loss_kd 1.855, Train_accy 96.42
2025-04-17 16:10:58,388 [icarl.py] => Task 2, Epoch 116/200 => Loss 1.985, Loss_clf 0.138, Loss_kd 1.847, Train_accy 96.52
2025-04-17 16:11:04,267 [icarl.py] => Task 2, Epoch 117/200 => Loss 1.989, Loss_clf 0.133, Loss_kd 1.855, Train_accy 96.10
2025-04-17 16:11:10,078 [icarl.py] => Task 2, Epoch 118/200 => Loss 1.948, Loss_clf 0.118, Loss_kd 1.830, Train_accy 96.84
2025-04-17 16:11:15,853 [icarl.py] => Task 2, Epoch 119/200 => Loss 2.002, Loss_clf 0.144, Loss_kd 1.858, Train_accy 95.96
2025-04-17 16:11:21,684 [icarl.py] => Task 2, Epoch 120/200 => Loss 1.977, Loss_clf 0.140, Loss_kd 1.837, Train_accy 96.49
2025-04-17 16:11:35,424 [icarl.py] => Task 2, Epoch 121/200 => Loss 1.974, Loss_clf 0.128, Loss_kd 1.846, Train_accy 96.75, Test_accy {'Art': 23.18, 'Clipart': 42.94, 'Real World': 27.64, 'Product': 57.57}
2025-04-17 16:11:41,267 [icarl.py] => Task 2, Epoch 122/200 => Loss 1.967, Loss_clf 0.126, Loss_kd 1.840, Train_accy 96.55
2025-04-17 16:11:47,065 [icarl.py] => Task 2, Epoch 123/200 => Loss 1.963, Loss_clf 0.133, Loss_kd 1.829, Train_accy 96.58
2025-04-17 16:11:52,851 [icarl.py] => Task 2, Epoch 124/200 => Loss 1.983, Loss_clf 0.118, Loss_kd 1.865, Train_accy 97.01
2025-04-17 16:11:58,674 [icarl.py] => Task 2, Epoch 125/200 => Loss 1.988, Loss_clf 0.135, Loss_kd 1.853, Train_accy 96.26
2025-04-17 16:12:04,432 [icarl.py] => Task 2, Epoch 126/200 => Loss 1.982, Loss_clf 0.126, Loss_kd 1.856, Train_accy 96.68
2025-04-17 16:12:10,251 [icarl.py] => Task 2, Epoch 127/200 => Loss 1.955, Loss_clf 0.114, Loss_kd 1.841, Train_accy 97.14
2025-04-17 16:12:16,113 [icarl.py] => Task 2, Epoch 128/200 => Loss 1.959, Loss_clf 0.123, Loss_kd 1.836, Train_accy 96.91
2025-04-17 16:12:22,003 [icarl.py] => Task 2, Epoch 129/200 => Loss 1.979, Loss_clf 0.136, Loss_kd 1.844, Train_accy 96.49
2025-04-17 16:12:27,887 [icarl.py] => Task 2, Epoch 130/200 => Loss 1.952, Loss_clf 0.109, Loss_kd 1.843, Train_accy 97.33
2025-04-17 16:12:33,768 [icarl.py] => Task 2, Epoch 131/200 => Loss 1.950, Loss_clf 0.120, Loss_kd 1.830, Train_accy 96.71
2025-04-17 16:12:39,579 [icarl.py] => Task 2, Epoch 132/200 => Loss 1.925, Loss_clf 0.095, Loss_kd 1.830, Train_accy 97.69
2025-04-17 16:12:45,354 [icarl.py] => Task 2, Epoch 133/200 => Loss 1.919, Loss_clf 0.098, Loss_kd 1.820, Train_accy 97.59
2025-04-17 16:12:51,216 [icarl.py] => Task 2, Epoch 134/200 => Loss 1.955, Loss_clf 0.114, Loss_kd 1.840, Train_accy 96.84
2025-04-17 16:12:57,097 [icarl.py] => Task 2, Epoch 135/200 => Loss 1.928, Loss_clf 0.104, Loss_kd 1.824, Train_accy 97.43
2025-04-17 16:13:03,027 [icarl.py] => Task 2, Epoch 136/200 => Loss 1.917, Loss_clf 0.091, Loss_kd 1.827, Train_accy 97.82
2025-04-17 16:13:08,849 [icarl.py] => Task 2, Epoch 137/200 => Loss 1.901, Loss_clf 0.094, Loss_kd 1.807, Train_accy 97.88
2025-04-17 16:13:14,739 [icarl.py] => Task 2, Epoch 138/200 => Loss 1.929, Loss_clf 0.103, Loss_kd 1.826, Train_accy 97.79
2025-04-17 16:13:20,550 [icarl.py] => Task 2, Epoch 139/200 => Loss 1.934, Loss_clf 0.102, Loss_kd 1.832, Train_accy 97.07
2025-04-17 16:13:26,401 [icarl.py] => Task 2, Epoch 140/200 => Loss 1.934, Loss_clf 0.103, Loss_kd 1.831, Train_accy 97.33
2025-04-17 16:13:40,040 [icarl.py] => Task 2, Epoch 141/200 => Loss 1.935, Loss_clf 0.100, Loss_kd 1.835, Train_accy 97.43, Test_accy {'Art': 25.26, 'Clipart': 48.28, 'Real World': 28.39, 'Product': 64.44}
2025-04-17 16:13:45,834 [icarl.py] => Task 2, Epoch 142/200 => Loss 1.929, Loss_clf 0.109, Loss_kd 1.819, Train_accy 97.56
2025-04-17 16:13:51,599 [icarl.py] => Task 2, Epoch 143/200 => Loss 1.919, Loss_clf 0.104, Loss_kd 1.815, Train_accy 97.23
2025-04-17 16:13:57,407 [icarl.py] => Task 2, Epoch 144/200 => Loss 1.914, Loss_clf 0.092, Loss_kd 1.822, Train_accy 97.69
2025-04-17 16:14:03,196 [icarl.py] => Task 2, Epoch 145/200 => Loss 1.914, Loss_clf 0.091, Loss_kd 1.824, Train_accy 97.85
2025-04-17 16:14:09,006 [icarl.py] => Task 2, Epoch 146/200 => Loss 1.911, Loss_clf 0.094, Loss_kd 1.818, Train_accy 97.69
2025-04-17 16:14:14,832 [icarl.py] => Task 2, Epoch 147/200 => Loss 1.896, Loss_clf 0.083, Loss_kd 1.814, Train_accy 97.85
2025-04-17 16:14:20,639 [icarl.py] => Task 2, Epoch 148/200 => Loss 1.896, Loss_clf 0.089, Loss_kd 1.807, Train_accy 97.62
2025-04-17 16:14:26,459 [icarl.py] => Task 2, Epoch 149/200 => Loss 1.902, Loss_clf 0.084, Loss_kd 1.817, Train_accy 98.08
2025-04-17 16:14:32,275 [icarl.py] => Task 2, Epoch 150/200 => Loss 1.894, Loss_clf 0.092, Loss_kd 1.802, Train_accy 97.69
2025-04-17 16:14:38,141 [icarl.py] => Task 2, Epoch 151/200 => Loss 1.896, Loss_clf 0.079, Loss_kd 1.817, Train_accy 97.95
2025-04-17 16:14:43,951 [icarl.py] => Task 2, Epoch 152/200 => Loss 1.906, Loss_clf 0.088, Loss_kd 1.819, Train_accy 98.08
2025-04-17 16:14:49,752 [icarl.py] => Task 2, Epoch 153/200 => Loss 1.900, Loss_clf 0.075, Loss_kd 1.825, Train_accy 98.47
2025-04-17 16:14:55,507 [icarl.py] => Task 2, Epoch 154/200 => Loss 1.903, Loss_clf 0.086, Loss_kd 1.817, Train_accy 97.95
2025-04-17 16:15:01,361 [icarl.py] => Task 2, Epoch 155/200 => Loss 1.880, Loss_clf 0.074, Loss_kd 1.806, Train_accy 98.15
2025-04-17 16:15:07,148 [icarl.py] => Task 2, Epoch 156/200 => Loss 1.926, Loss_clf 0.103, Loss_kd 1.823, Train_accy 97.46
2025-04-17 16:15:12,957 [icarl.py] => Task 2, Epoch 157/200 => Loss 1.937, Loss_clf 0.098, Loss_kd 1.839, Train_accy 97.33
2025-04-17 16:15:18,706 [icarl.py] => Task 2, Epoch 158/200 => Loss 1.902, Loss_clf 0.087, Loss_kd 1.815, Train_accy 97.92
2025-04-17 16:15:24,479 [icarl.py] => Task 2, Epoch 159/200 => Loss 1.859, Loss_clf 0.071, Loss_kd 1.788, Train_accy 98.24
2025-04-17 16:15:30,342 [icarl.py] => Task 2, Epoch 160/200 => Loss 1.890, Loss_clf 0.084, Loss_kd 1.805, Train_accy 97.82
2025-04-17 16:15:44,331 [icarl.py] => Task 2, Epoch 161/200 => Loss 1.881, Loss_clf 0.074, Loss_kd 1.806, Train_accy 98.34, Test_accy {'Art': 23.88, 'Clipart': 52.29, 'Real World': 29.13, 'Product': 67.08}
2025-04-17 16:15:50,266 [icarl.py] => Task 2, Epoch 162/200 => Loss 1.874, Loss_clf 0.085, Loss_kd 1.789, Train_accy 97.59
2025-04-17 16:15:56,080 [icarl.py] => Task 2, Epoch 163/200 => Loss 1.892, Loss_clf 0.079, Loss_kd 1.814, Train_accy 97.98
2025-04-17 16:16:01,886 [icarl.py] => Task 2, Epoch 164/200 => Loss 1.882, Loss_clf 0.071, Loss_kd 1.812, Train_accy 98.34
2025-04-17 16:16:07,691 [icarl.py] => Task 2, Epoch 165/200 => Loss 1.870, Loss_clf 0.067, Loss_kd 1.803, Train_accy 98.44
2025-04-17 16:16:13,526 [icarl.py] => Task 2, Epoch 166/200 => Loss 1.888, Loss_clf 0.080, Loss_kd 1.808, Train_accy 98.08
2025-04-17 16:16:19,380 [icarl.py] => Task 2, Epoch 167/200 => Loss 1.877, Loss_clf 0.074, Loss_kd 1.803, Train_accy 98.28
2025-04-17 16:16:25,195 [icarl.py] => Task 2, Epoch 168/200 => Loss 1.887, Loss_clf 0.071, Loss_kd 1.816, Train_accy 98.57
2025-04-17 16:16:31,036 [icarl.py] => Task 2, Epoch 169/200 => Loss 1.883, Loss_clf 0.086, Loss_kd 1.797, Train_accy 98.01
2025-04-17 16:16:36,896 [icarl.py] => Task 2, Epoch 170/200 => Loss 1.876, Loss_clf 0.073, Loss_kd 1.804, Train_accy 98.31
2025-04-17 16:16:42,805 [icarl.py] => Task 2, Epoch 171/200 => Loss 1.871, Loss_clf 0.067, Loss_kd 1.804, Train_accy 98.31
2025-04-17 16:16:48,672 [icarl.py] => Task 2, Epoch 172/200 => Loss 1.882, Loss_clf 0.080, Loss_kd 1.802, Train_accy 97.98
2025-04-17 16:16:54,568 [icarl.py] => Task 2, Epoch 173/200 => Loss 1.893, Loss_clf 0.078, Loss_kd 1.816, Train_accy 97.98
2025-04-17 16:17:00,291 [icarl.py] => Task 2, Epoch 174/200 => Loss 1.880, Loss_clf 0.070, Loss_kd 1.810, Train_accy 98.34
2025-04-17 16:17:06,050 [icarl.py] => Task 2, Epoch 175/200 => Loss 1.870, Loss_clf 0.074, Loss_kd 1.796, Train_accy 98.24
2025-04-17 16:17:11,846 [icarl.py] => Task 2, Epoch 176/200 => Loss 1.899, Loss_clf 0.082, Loss_kd 1.817, Train_accy 98.05
2025-04-17 16:17:17,837 [icarl.py] => Task 2, Epoch 177/200 => Loss 1.892, Loss_clf 0.088, Loss_kd 1.804, Train_accy 97.88
2025-04-17 16:17:23,634 [icarl.py] => Task 2, Epoch 178/200 => Loss 1.902, Loss_clf 0.079, Loss_kd 1.823, Train_accy 98.28
2025-04-17 16:17:29,400 [icarl.py] => Task 2, Epoch 179/200 => Loss 1.852, Loss_clf 0.060, Loss_kd 1.792, Train_accy 98.70
2025-04-17 16:17:35,206 [icarl.py] => Task 2, Epoch 180/200 => Loss 1.874, Loss_clf 0.068, Loss_kd 1.805, Train_accy 98.28
2025-04-17 16:17:49,169 [icarl.py] => Task 2, Epoch 181/200 => Loss 1.875, Loss_clf 0.069, Loss_kd 1.806, Train_accy 98.47, Test_accy {'Art': 26.99, 'Clipart': 51.72, 'Real World': 31.54, 'Product': 68.66}
2025-04-17 16:17:54,983 [icarl.py] => Task 2, Epoch 182/200 => Loss 1.857, Loss_clf 0.063, Loss_kd 1.793, Train_accy 98.44
2025-04-17 16:18:00,804 [icarl.py] => Task 2, Epoch 183/200 => Loss 1.876, Loss_clf 0.067, Loss_kd 1.808, Train_accy 98.34
2025-04-17 16:18:06,585 [icarl.py] => Task 2, Epoch 184/200 => Loss 1.882, Loss_clf 0.065, Loss_kd 1.817, Train_accy 98.57
2025-04-17 16:18:12,521 [icarl.py] => Task 2, Epoch 185/200 => Loss 1.871, Loss_clf 0.074, Loss_kd 1.797, Train_accy 98.28
2025-04-17 16:18:18,332 [icarl.py] => Task 2, Epoch 186/200 => Loss 1.892, Loss_clf 0.074, Loss_kd 1.818, Train_accy 98.44
2025-04-17 16:18:24,154 [icarl.py] => Task 2, Epoch 187/200 => Loss 1.891, Loss_clf 0.077, Loss_kd 1.815, Train_accy 98.15
2025-04-17 16:18:29,931 [icarl.py] => Task 2, Epoch 188/200 => Loss 1.904, Loss_clf 0.085, Loss_kd 1.819, Train_accy 98.05
2025-04-17 16:18:35,738 [icarl.py] => Task 2, Epoch 189/200 => Loss 1.871, Loss_clf 0.078, Loss_kd 1.793, Train_accy 98.01
2025-04-17 16:18:41,607 [icarl.py] => Task 2, Epoch 190/200 => Loss 1.857, Loss_clf 0.063, Loss_kd 1.794, Train_accy 98.57
2025-04-17 16:18:47,434 [icarl.py] => Task 2, Epoch 191/200 => Loss 1.869, Loss_clf 0.067, Loss_kd 1.801, Train_accy 98.86
2025-04-17 16:18:53,372 [icarl.py] => Task 2, Epoch 192/200 => Loss 1.863, Loss_clf 0.067, Loss_kd 1.796, Train_accy 98.57
2025-04-17 16:18:59,193 [icarl.py] => Task 2, Epoch 193/200 => Loss 1.866, Loss_clf 0.072, Loss_kd 1.794, Train_accy 98.50
2025-04-17 16:19:04,988 [icarl.py] => Task 2, Epoch 194/200 => Loss 1.896, Loss_clf 0.072, Loss_kd 1.823, Train_accy 98.50
2025-04-17 16:19:10,822 [icarl.py] => Task 2, Epoch 195/200 => Loss 1.871, Loss_clf 0.076, Loss_kd 1.795, Train_accy 98.31
2025-04-17 16:19:16,647 [icarl.py] => Task 2, Epoch 196/200 => Loss 1.885, Loss_clf 0.073, Loss_kd 1.812, Train_accy 98.21
2025-04-17 16:19:22,477 [icarl.py] => Task 2, Epoch 197/200 => Loss 1.867, Loss_clf 0.072, Loss_kd 1.794, Train_accy 98.28
2025-04-17 16:19:28,332 [icarl.py] => Task 2, Epoch 198/200 => Loss 1.850, Loss_clf 0.056, Loss_kd 1.794, Train_accy 98.70
2025-04-17 16:19:34,214 [icarl.py] => Task 2, Epoch 199/200 => Loss 1.845, Loss_clf 0.069, Loss_kd 1.775, Train_accy 98.24
2025-04-17 16:19:40,062 [icarl.py] => Task 2, Epoch 200/200 => Loss 1.885, Loss_clf 0.081, Loss_kd 1.804, Train_accy 98.28
2025-04-17 16:19:40,063 [base.py] => Reducing exemplars...(33 per classes)
2025-04-17 16:19:52,020 [base.py] => Constructing exemplars...(33 per classes)
2025-04-17 16:20:22,593 [icarl.py] => Exemplar size: 1287
2025-04-17 16:20:23,446 [trainer.py] => CNN [Art]: {'total': 25.26, '00-12': 32.26, '13-25': 16.09, '26-38': 26.61, 'old': 24.44, 'new': 26.61}
2025-04-17 16:20:23,446 [trainer.py] => NME [Art]: {'total': 24.22, '00-12': 30.11, '13-25': 18.39, '26-38': 23.85, 'old': 24.44, 'new': 23.85}
2025-04-17 16:20:23,446 [trainer.py] => CNN [Art] top1 curve: [46.24, 35.56, 25.26]
2025-04-17 16:20:23,446 [trainer.py] => CNN [Art] top5 curve: [78.49, 63.89, 54.33]
2025-04-17 16:20:23,446 [trainer.py] => NME [Art] top1 curve: [47.31, 38.33, 24.22]
2025-04-17 16:20:23,446 [trainer.py] => NME [Art] top5 curve: [77.42, 62.78, 55.71]
2025-04-17 16:20:23,446 [trainer.py] => Average Accuracy [Art] (CNN): 35.68666666666667
2025-04-17 16:20:23,446 [trainer.py] => Average Accuracy [Art] (NME): 36.62
2025-04-17 16:20:23,447 [trainer.py] => CNN [Clipart]: {'total': 53.05, '00-12': 51.69, '13-25': 50.82, '26-38': 57.06, 'old': 51.25, 'new': 57.06}
2025-04-17 16:20:23,447 [trainer.py] => NME [Clipart]: {'total': 52.48, '00-12': 55.06, '13-25': 51.37, '26-38': 50.92, 'old': 53.19, 'new': 50.92}
2025-04-17 16:20:23,447 [trainer.py] => CNN [Clipart] top1 curve: [73.03, 63.43, 53.05]
2025-04-17 16:20:23,447 [trainer.py] => CNN [Clipart] top5 curve: [89.89, 82.83, 77.29]
2025-04-17 16:20:23,447 [trainer.py] => NME [Clipart] top1 curve: [70.22, 63.71, 52.48]
2025-04-17 16:20:23,447 [trainer.py] => NME [Clipart] top5 curve: [89.33, 82.27, 76.53]
2025-04-17 16:20:23,447 [trainer.py] => Average Accuracy [Clipart] (CNN): 63.169999999999995
2025-04-17 16:20:23,447 [trainer.py] => Average Accuracy [Clipart] (NME): 62.13666666666666
2025-04-17 16:20:23,447 [trainer.py] => CNN [Product]: {'total': 67.78, '00-12': 71.63, '13-25': 56.47, '26-38': 73.68, 'old': 64.81, 'new': 73.68}
2025-04-17 16:20:23,447 [trainer.py] => NME [Product]: {'total': 68.31, '00-12': 72.6, '13-25': 57.65, '26-38': 73.16, 'old': 65.87, 'new': 73.16}
2025-04-17 16:20:23,447 [trainer.py] => CNN [Product] top1 curve: [88.94, 74.6, 67.78]
2025-04-17 16:20:23,447 [trainer.py] => CNN [Product] top5 curve: [98.56, 91.53, 89.08]
2025-04-17 16:20:23,447 [trainer.py] => NME [Product] top1 curve: [87.02, 76.46, 68.31]
2025-04-17 16:20:23,447 [trainer.py] => NME [Product] top5 curve: [98.56, 94.18, 90.49]
2025-04-17 16:20:23,447 [trainer.py] => Average Accuracy [Product] (CNN): 77.10666666666667
2025-04-17 16:20:23,447 [trainer.py] => Average Accuracy [Product] (NME): 77.26333333333334
2025-04-17 16:20:23,447 [trainer.py] => CNN [Real World]: {'total': 30.06, '00-12': 35.33, '13-25': 14.37, '26-38': 39.78, 'old': 25.14, 'new': 39.78}
2025-04-17 16:20:23,447 [trainer.py] => NME [Real World]: {'total': 31.91, '00-12': 39.13, '13-25': 15.52, '26-38': 40.33, 'old': 27.65, 'new': 40.33}
2025-04-17 16:20:23,447 [trainer.py] => CNN [Real World] top1 curve: [51.09, 33.52, 30.06]
2025-04-17 16:20:23,447 [trainer.py] => CNN [Real World] top5 curve: [83.15, 63.69, 55.84]
2025-04-17 16:20:23,448 [trainer.py] => NME [Real World] top1 curve: [52.17, 34.08, 31.91]
2025-04-17 16:20:23,448 [trainer.py] => NME [Real World] top5 curve: [85.33, 66.48, 56.77]
2025-04-17 16:20:23,448 [trainer.py] => Average Accuracy [Real World] (CNN): 38.223333333333336
2025-04-17 16:20:23,448 [trainer.py] => Average Accuracy [Real World] (NME): 39.38666666666666
2025-04-17 16:20:23,448 [trainer.py] => NME Harmonic Mean : 38.4420
2025-04-17 16:20:23,448 [trainer.py] => NME Macro Mean : 44.2300
2025-04-17 16:20:23,448 [trainer.py] => CNN Harmonic Mean : 37.1733
2025-04-17 16:20:23,448 [trainer.py] => CNN Macro Mean : 44.0375
2025-04-17 16:20:23,448 [trainer.py] => All params: 21344693
2025-04-17 16:20:23,449 [trainer.py] => Trainable params: 21344693
2025-04-17 16:20:23,450 [icarl.py] => Learning on 39-52
2025-04-17 16:20:39,777 [icarl.py] => Task 3, Epoch 1/200 => Loss 6.039, Loss_clf 3.152, Loss_kd 2.887, Train_accy 28.71, Test_accy {'Art': 9.49, 'Clipart': 22.84, 'Real World': 13.05, 'Product': 24.1}
2025-04-17 16:20:45,649 [icarl.py] => Task 3, Epoch 2/200 => Loss 5.327, Loss_clf 2.416, Loss_kd 2.911, Train_accy 33.86
2025-04-17 16:20:51,483 [icarl.py] => Task 3, Epoch 3/200 => Loss 4.784, Loss_clf 2.023, Loss_kd 2.761, Train_accy 43.53
2025-04-17 16:20:57,364 [icarl.py] => Task 3, Epoch 4/200 => Loss 4.547, Loss_clf 1.831, Loss_kd 2.716, Train_accy 48.36
2025-04-17 16:21:03,273 [icarl.py] => Task 3, Epoch 5/200 => Loss 4.396, Loss_clf 1.712, Loss_kd 2.684, Train_accy 50.84
2025-04-17 16:21:09,256 [icarl.py] => Task 3, Epoch 6/200 => Loss 4.277, Loss_clf 1.609, Loss_kd 2.668, Train_accy 52.43
2025-04-17 16:21:15,296 [icarl.py] => Task 3, Epoch 7/200 => Loss 4.019, Loss_clf 1.418, Loss_kd 2.600, Train_accy 58.82
2025-04-17 16:21:21,218 [icarl.py] => Task 3, Epoch 8/200 => Loss 3.996, Loss_clf 1.401, Loss_kd 2.595, Train_accy 60.29
2025-04-17 16:21:27,200 [icarl.py] => Task 3, Epoch 9/200 => Loss 3.874, Loss_clf 1.282, Loss_kd 2.592, Train_accy 62.93
2025-04-17 16:21:33,124 [icarl.py] => Task 3, Epoch 10/200 => Loss 3.776, Loss_clf 1.221, Loss_kd 2.555, Train_accy 63.62
2025-04-17 16:21:39,061 [icarl.py] => Task 3, Epoch 11/200 => Loss 3.612, Loss_clf 1.088, Loss_kd 2.524, Train_accy 68.87
2025-04-17 16:21:44,995 [icarl.py] => Task 3, Epoch 12/200 => Loss 3.560, Loss_clf 1.043, Loss_kd 2.516, Train_accy 68.74
2025-04-17 16:21:50,942 [icarl.py] => Task 3, Epoch 13/200 => Loss 3.477, Loss_clf 0.977, Loss_kd 2.500, Train_accy 70.91
2025-04-17 16:21:56,872 [icarl.py] => Task 3, Epoch 14/200 => Loss 3.490, Loss_clf 0.969, Loss_kd 2.522, Train_accy 71.80
2025-04-17 16:22:02,818 [icarl.py] => Task 3, Epoch 15/200 => Loss 3.399, Loss_clf 0.904, Loss_kd 2.495, Train_accy 72.81
2025-04-17 16:22:08,728 [icarl.py] => Task 3, Epoch 16/200 => Loss 3.376, Loss_clf 0.882, Loss_kd 2.494, Train_accy 75.26
2025-04-17 16:22:14,579 [icarl.py] => Task 3, Epoch 17/200 => Loss 3.339, Loss_clf 0.855, Loss_kd 2.484, Train_accy 75.39
2025-04-17 16:22:20,497 [icarl.py] => Task 3, Epoch 18/200 => Loss 3.200, Loss_clf 0.748, Loss_kd 2.452, Train_accy 78.76
2025-04-17 16:22:26,384 [icarl.py] => Task 3, Epoch 19/200 => Loss 3.178, Loss_clf 0.737, Loss_kd 2.442, Train_accy 78.41
2025-04-17 16:22:32,296 [icarl.py] => Task 3, Epoch 20/200 => Loss 3.120, Loss_clf 0.715, Loss_kd 2.404, Train_accy 79.97
2025-04-17 16:22:48,404 [icarl.py] => Task 3, Epoch 21/200 => Loss 3.258, Loss_clf 0.790, Loss_kd 2.468, Train_accy 77.17, Test_accy {'Art': 14.84, 'Clipart': 37.3, 'Real World': 21.02, 'Product': 46.99}
2025-04-17 16:22:54,300 [icarl.py] => Task 3, Epoch 22/200 => Loss 3.056, Loss_clf 0.631, Loss_kd 2.425, Train_accy 82.58
2025-04-17 16:23:00,283 [icarl.py] => Task 3, Epoch 23/200 => Loss 3.001, Loss_clf 0.599, Loss_kd 2.402, Train_accy 83.31
2025-04-17 16:23:06,226 [icarl.py] => Task 3, Epoch 24/200 => Loss 3.012, Loss_clf 0.600, Loss_kd 2.412, Train_accy 82.58
2025-04-17 16:23:12,151 [icarl.py] => Task 3, Epoch 25/200 => Loss 3.005, Loss_clf 0.594, Loss_kd 2.411, Train_accy 83.50
2025-04-17 16:23:18,086 [icarl.py] => Task 3, Epoch 26/200 => Loss 2.952, Loss_clf 0.543, Loss_kd 2.410, Train_accy 84.96
2025-04-17 16:23:24,057 [icarl.py] => Task 3, Epoch 27/200 => Loss 2.942, Loss_clf 0.565, Loss_kd 2.378, Train_accy 84.17
2025-04-17 16:23:29,974 [icarl.py] => Task 3, Epoch 28/200 => Loss 2.947, Loss_clf 0.544, Loss_kd 2.403, Train_accy 84.90
2025-04-17 16:23:35,876 [icarl.py] => Task 3, Epoch 29/200 => Loss 2.954, Loss_clf 0.556, Loss_kd 2.398, Train_accy 84.20
2025-04-17 16:23:41,803 [icarl.py] => Task 3, Epoch 30/200 => Loss 2.926, Loss_clf 0.538, Loss_kd 2.388, Train_accy 85.34
2025-04-17 16:23:47,780 [icarl.py] => Task 3, Epoch 31/200 => Loss 2.931, Loss_clf 0.545, Loss_kd 2.386, Train_accy 84.23
2025-04-17 16:23:53,715 [icarl.py] => Task 3, Epoch 32/200 => Loss 2.914, Loss_clf 0.531, Loss_kd 2.383, Train_accy 85.50
2025-04-17 16:23:59,648 [icarl.py] => Task 3, Epoch 33/200 => Loss 2.845, Loss_clf 0.476, Loss_kd 2.369, Train_accy 86.71
2025-04-17 16:24:05,560 [icarl.py] => Task 3, Epoch 34/200 => Loss 2.808, Loss_clf 0.452, Loss_kd 2.356, Train_accy 87.38
2025-04-17 16:24:11,461 [icarl.py] => Task 3, Epoch 35/200 => Loss 2.813, Loss_clf 0.459, Loss_kd 2.354, Train_accy 86.90
2025-04-17 16:24:17,325 [icarl.py] => Task 3, Epoch 36/200 => Loss 2.782, Loss_clf 0.426, Loss_kd 2.356, Train_accy 87.89
2025-04-17 16:24:23,295 [icarl.py] => Task 3, Epoch 37/200 => Loss 2.799, Loss_clf 0.445, Loss_kd 2.354, Train_accy 87.41
2025-04-17 16:24:29,277 [icarl.py] => Task 3, Epoch 38/200 => Loss 2.778, Loss_clf 0.432, Loss_kd 2.346, Train_accy 87.98
2025-04-17 16:24:35,191 [icarl.py] => Task 3, Epoch 39/200 => Loss 2.781, Loss_clf 0.441, Loss_kd 2.341, Train_accy 87.00
2025-04-17 16:24:41,172 [icarl.py] => Task 3, Epoch 40/200 => Loss 2.807, Loss_clf 0.444, Loss_kd 2.363, Train_accy 87.28
2025-04-17 16:24:57,536 [icarl.py] => Task 3, Epoch 41/200 => Loss 2.744, Loss_clf 0.411, Loss_kd 2.333, Train_accy 88.78, Test_accy {'Art': 13.87, 'Clipart': 30.07, 'Real World': 17.17, 'Product': 31.99}
2025-04-17 16:25:03,475 [icarl.py] => Task 3, Epoch 42/200 => Loss 2.757, Loss_clf 0.412, Loss_kd 2.345, Train_accy 88.24
2025-04-17 16:25:09,356 [icarl.py] => Task 3, Epoch 43/200 => Loss 2.722, Loss_clf 0.375, Loss_kd 2.347, Train_accy 89.38
2025-04-17 16:25:15,305 [icarl.py] => Task 3, Epoch 44/200 => Loss 2.720, Loss_clf 0.386, Loss_kd 2.334, Train_accy 89.51
2025-04-17 16:25:21,322 [icarl.py] => Task 3, Epoch 45/200 => Loss 2.735, Loss_clf 0.386, Loss_kd 2.349, Train_accy 89.19
2025-04-17 16:25:27,271 [icarl.py] => Task 3, Epoch 46/200 => Loss 2.752, Loss_clf 0.413, Loss_kd 2.339, Train_accy 88.68
2025-04-17 16:25:33,193 [icarl.py] => Task 3, Epoch 47/200 => Loss 2.710, Loss_clf 0.378, Loss_kd 2.332, Train_accy 89.70
2025-04-17 16:25:39,113 [icarl.py] => Task 3, Epoch 48/200 => Loss 2.730, Loss_clf 0.396, Loss_kd 2.333, Train_accy 89.25
2025-04-17 16:25:45,051 [icarl.py] => Task 3, Epoch 49/200 => Loss 2.709, Loss_clf 0.376, Loss_kd 2.333, Train_accy 89.35
2025-04-17 16:25:50,984 [icarl.py] => Task 3, Epoch 50/200 => Loss 2.703, Loss_clf 0.377, Loss_kd 2.325, Train_accy 89.70
2025-04-17 16:25:56,934 [icarl.py] => Task 3, Epoch 51/200 => Loss 2.755, Loss_clf 0.392, Loss_kd 2.363, Train_accy 88.71
2025-04-17 16:26:02,927 [icarl.py] => Task 3, Epoch 52/200 => Loss 2.701, Loss_clf 0.365, Loss_kd 2.336, Train_accy 90.05
2025-04-17 16:26:08,847 [icarl.py] => Task 3, Epoch 53/200 => Loss 2.679, Loss_clf 0.360, Loss_kd 2.319, Train_accy 90.46
2025-04-17 16:26:14,752 [icarl.py] => Task 3, Epoch 54/200 => Loss 2.640, Loss_clf 0.328, Loss_kd 2.312, Train_accy 91.07
2025-04-17 16:26:20,661 [icarl.py] => Task 3, Epoch 55/200 => Loss 2.740, Loss_clf 0.378, Loss_kd 2.362, Train_accy 89.28
2025-04-17 16:26:26,585 [icarl.py] => Task 3, Epoch 56/200 => Loss 2.721, Loss_clf 0.374, Loss_kd 2.346, Train_accy 89.86
2025-04-17 16:26:32,518 [icarl.py] => Task 3, Epoch 57/200 => Loss 2.691, Loss_clf 0.356, Loss_kd 2.335, Train_accy 90.17
2025-04-17 16:26:38,486 [icarl.py] => Task 3, Epoch 58/200 => Loss 2.713, Loss_clf 0.376, Loss_kd 2.337, Train_accy 89.98
2025-04-17 16:26:44,382 [icarl.py] => Task 3, Epoch 59/200 => Loss 2.664, Loss_clf 0.347, Loss_kd 2.317, Train_accy 90.68
2025-04-17 16:26:50,347 [icarl.py] => Task 3, Epoch 60/200 => Loss 2.645, Loss_clf 0.335, Loss_kd 2.310, Train_accy 91.10
2025-04-17 16:27:06,318 [icarl.py] => Task 3, Epoch 61/200 => Loss 2.623, Loss_clf 0.304, Loss_kd 2.319, Train_accy 91.64, Test_accy {'Art': 17.52, 'Clipart': 39.86, 'Real World': 21.7, 'Product': 50.47}
2025-04-17 16:27:12,201 [icarl.py] => Task 3, Epoch 62/200 => Loss 2.620, Loss_clf 0.311, Loss_kd 2.310, Train_accy 91.19
2025-04-17 16:27:18,177 [icarl.py] => Task 3, Epoch 63/200 => Loss 2.588, Loss_clf 0.312, Loss_kd 2.276, Train_accy 91.13
2025-04-17 16:27:24,071 [icarl.py] => Task 3, Epoch 64/200 => Loss 2.558, Loss_clf 0.284, Loss_kd 2.274, Train_accy 91.70
2025-04-17 16:27:30,061 [icarl.py] => Task 3, Epoch 65/200 => Loss 2.612, Loss_clf 0.307, Loss_kd 2.305, Train_accy 91.22
2025-04-17 16:27:35,966 [icarl.py] => Task 3, Epoch 66/200 => Loss 2.612, Loss_clf 0.312, Loss_kd 2.300, Train_accy 91.80
2025-04-17 16:27:41,849 [icarl.py] => Task 3, Epoch 67/200 => Loss 2.552, Loss_clf 0.270, Loss_kd 2.282, Train_accy 92.24
2025-04-17 16:27:47,770 [icarl.py] => Task 3, Epoch 68/200 => Loss 2.608, Loss_clf 0.305, Loss_kd 2.303, Train_accy 91.96
2025-04-17 16:27:53,657 [icarl.py] => Task 3, Epoch 69/200 => Loss 2.546, Loss_clf 0.255, Loss_kd 2.291, Train_accy 92.78
2025-04-17 16:27:59,565 [icarl.py] => Task 3, Epoch 70/200 => Loss 2.527, Loss_clf 0.244, Loss_kd 2.283, Train_accy 93.48
2025-04-17 16:28:05,526 [icarl.py] => Task 3, Epoch 71/200 => Loss 2.561, Loss_clf 0.276, Loss_kd 2.285, Train_accy 92.75
2025-04-17 16:28:11,391 [icarl.py] => Task 3, Epoch 72/200 => Loss 2.550, Loss_clf 0.264, Loss_kd 2.286, Train_accy 92.78
2025-04-17 16:28:17,287 [icarl.py] => Task 3, Epoch 73/200 => Loss 2.522, Loss_clf 0.258, Loss_kd 2.264, Train_accy 92.69
2025-04-17 16:28:23,238 [icarl.py] => Task 3, Epoch 74/200 => Loss 2.506, Loss_clf 0.238, Loss_kd 2.268, Train_accy 93.77
2025-04-17 16:28:29,245 [icarl.py] => Task 3, Epoch 75/200 => Loss 2.525, Loss_clf 0.244, Loss_kd 2.281, Train_accy 93.48
2025-04-17 16:28:35,230 [icarl.py] => Task 3, Epoch 76/200 => Loss 2.509, Loss_clf 0.234, Loss_kd 2.275, Train_accy 93.67
2025-04-17 16:28:41,239 [icarl.py] => Task 3, Epoch 77/200 => Loss 2.497, Loss_clf 0.238, Loss_kd 2.259, Train_accy 93.83
2025-04-17 16:28:47,166 [icarl.py] => Task 3, Epoch 78/200 => Loss 2.563, Loss_clf 0.283, Loss_kd 2.281, Train_accy 92.56
2025-04-17 16:28:53,071 [icarl.py] => Task 3, Epoch 79/200 => Loss 2.559, Loss_clf 0.276, Loss_kd 2.283, Train_accy 92.08
2025-04-17 16:28:58,992 [icarl.py] => Task 3, Epoch 80/200 => Loss 2.516, Loss_clf 0.245, Loss_kd 2.271, Train_accy 93.45
2025-04-17 16:29:15,622 [icarl.py] => Task 3, Epoch 81/200 => Loss 2.486, Loss_clf 0.241, Loss_kd 2.245, Train_accy 93.51, Test_accy {'Art': 16.06, 'Clipart': 37.45, 'Real World': 23.63, 'Product': 52.88}
2025-04-17 16:29:21,525 [icarl.py] => Task 3, Epoch 82/200 => Loss 2.560, Loss_clf 0.285, Loss_kd 2.275, Train_accy 92.24
2025-04-17 16:29:27,422 [icarl.py] => Task 3, Epoch 83/200 => Loss 2.502, Loss_clf 0.258, Loss_kd 2.244, Train_accy 93.26
2025-04-17 16:29:33,355 [icarl.py] => Task 3, Epoch 84/200 => Loss 2.481, Loss_clf 0.222, Loss_kd 2.258, Train_accy 94.05
2025-04-17 16:29:39,403 [icarl.py] => Task 3, Epoch 85/200 => Loss 2.469, Loss_clf 0.211, Loss_kd 2.257, Train_accy 94.28
2025-04-17 16:29:45,386 [icarl.py] => Task 3, Epoch 86/200 => Loss 2.456, Loss_clf 0.204, Loss_kd 2.252, Train_accy 94.28
2025-04-17 16:29:51,309 [icarl.py] => Task 3, Epoch 87/200 => Loss 2.481, Loss_clf 0.219, Loss_kd 2.262, Train_accy 93.83
2025-04-17 16:29:57,262 [icarl.py] => Task 3, Epoch 88/200 => Loss 2.470, Loss_clf 0.211, Loss_kd 2.258, Train_accy 94.40
2025-04-17 16:30:03,182 [icarl.py] => Task 3, Epoch 89/200 => Loss 2.430, Loss_clf 0.172, Loss_kd 2.258, Train_accy 95.58
2025-04-17 16:30:09,134 [icarl.py] => Task 3, Epoch 90/200 => Loss 2.436, Loss_clf 0.199, Loss_kd 2.237, Train_accy 94.94
2025-04-17 16:30:15,079 [icarl.py] => Task 3, Epoch 91/200 => Loss 2.460, Loss_clf 0.204, Loss_kd 2.256, Train_accy 94.18
2025-04-17 16:30:20,958 [icarl.py] => Task 3, Epoch 92/200 => Loss 2.441, Loss_clf 0.186, Loss_kd 2.256, Train_accy 95.42
2025-04-17 16:30:26,848 [icarl.py] => Task 3, Epoch 93/200 => Loss 2.409, Loss_clf 0.177, Loss_kd 2.231, Train_accy 95.45
2025-04-17 16:30:32,754 [icarl.py] => Task 3, Epoch 94/200 => Loss 2.444, Loss_clf 0.187, Loss_kd 2.258, Train_accy 95.20
2025-04-17 16:30:38,650 [icarl.py] => Task 3, Epoch 95/200 => Loss 2.453, Loss_clf 0.198, Loss_kd 2.255, Train_accy 94.56
2025-04-17 16:30:44,556 [icarl.py] => Task 3, Epoch 96/200 => Loss 2.445, Loss_clf 0.180, Loss_kd 2.265, Train_accy 95.58
2025-04-17 16:30:50,462 [icarl.py] => Task 3, Epoch 97/200 => Loss 2.450, Loss_clf 0.201, Loss_kd 2.250, Train_accy 94.28
2025-04-17 16:30:56,376 [icarl.py] => Task 3, Epoch 98/200 => Loss 2.447, Loss_clf 0.208, Loss_kd 2.238, Train_accy 94.37
2025-04-17 16:31:02,284 [icarl.py] => Task 3, Epoch 99/200 => Loss 2.419, Loss_clf 0.182, Loss_kd 2.237, Train_accy 95.17
2025-04-17 16:31:08,230 [icarl.py] => Task 3, Epoch 100/200 => Loss 2.378, Loss_clf 0.154, Loss_kd 2.224, Train_accy 95.83
2025-04-17 16:31:24,087 [icarl.py] => Task 3, Epoch 101/200 => Loss 2.403, Loss_clf 0.164, Loss_kd 2.239, Train_accy 95.64, Test_accy {'Art': 17.27, 'Clipart': 42.55, 'Real World': 21.84, 'Product': 54.89}
2025-04-17 16:31:30,073 [icarl.py] => Task 3, Epoch 102/200 => Loss 2.407, Loss_clf 0.161, Loss_kd 2.247, Train_accy 95.83
2025-04-17 16:31:36,158 [icarl.py] => Task 3, Epoch 103/200 => Loss 2.393, Loss_clf 0.177, Loss_kd 2.216, Train_accy 95.26
2025-04-17 16:31:42,132 [icarl.py] => Task 3, Epoch 104/200 => Loss 2.410, Loss_clf 0.179, Loss_kd 2.231, Train_accy 95.39
2025-04-17 16:31:48,048 [icarl.py] => Task 3, Epoch 105/200 => Loss 2.374, Loss_clf 0.159, Loss_kd 2.215, Train_accy 95.83
2025-04-17 16:31:54,020 [icarl.py] => Task 3, Epoch 106/200 => Loss 2.379, Loss_clf 0.152, Loss_kd 2.227, Train_accy 95.99
2025-04-17 16:31:59,944 [icarl.py] => Task 3, Epoch 107/200 => Loss 2.371, Loss_clf 0.158, Loss_kd 2.213, Train_accy 95.87
2025-04-17 16:32:05,894 [icarl.py] => Task 3, Epoch 108/200 => Loss 2.328, Loss_clf 0.127, Loss_kd 2.201, Train_accy 96.98
2025-04-17 16:32:11,810 [icarl.py] => Task 3, Epoch 109/200 => Loss 2.388, Loss_clf 0.163, Loss_kd 2.225, Train_accy 95.61
2025-04-17 16:32:17,718 [icarl.py] => Task 3, Epoch 110/200 => Loss 2.368, Loss_clf 0.148, Loss_kd 2.220, Train_accy 96.41
2025-04-17 16:32:23,582 [icarl.py] => Task 3, Epoch 111/200 => Loss 2.373, Loss_clf 0.148, Loss_kd 2.224, Train_accy 96.22
2025-04-17 16:32:29,535 [icarl.py] => Task 3, Epoch 112/200 => Loss 2.373, Loss_clf 0.143, Loss_kd 2.229, Train_accy 96.25
2025-04-17 16:32:35,463 [icarl.py] => Task 3, Epoch 113/200 => Loss 2.348, Loss_clf 0.140, Loss_kd 2.208, Train_accy 96.38
2025-04-17 16:32:41,398 [icarl.py] => Task 3, Epoch 114/200 => Loss 2.377, Loss_clf 0.150, Loss_kd 2.227, Train_accy 96.15
2025-04-17 16:32:47,304 [icarl.py] => Task 3, Epoch 115/200 => Loss 2.326, Loss_clf 0.133, Loss_kd 2.193, Train_accy 96.69
2025-04-17 16:32:53,241 [icarl.py] => Task 3, Epoch 116/200 => Loss 2.338, Loss_clf 0.124, Loss_kd 2.214, Train_accy 96.88
2025-04-17 16:32:59,150 [icarl.py] => Task 3, Epoch 117/200 => Loss 2.334, Loss_clf 0.121, Loss_kd 2.213, Train_accy 97.04
2025-04-17 16:33:05,087 [icarl.py] => Task 3, Epoch 118/200 => Loss 2.343, Loss_clf 0.140, Loss_kd 2.202, Train_accy 96.57
2025-04-17 16:33:11,063 [icarl.py] => Task 3, Epoch 119/200 => Loss 2.321, Loss_clf 0.124, Loss_kd 2.197, Train_accy 96.69
2025-04-17 16:33:16,933 [icarl.py] => Task 3, Epoch 120/200 => Loss 2.352, Loss_clf 0.135, Loss_kd 2.216, Train_accy 96.44
2025-04-17 16:33:33,379 [icarl.py] => Task 3, Epoch 121/200 => Loss 2.351, Loss_clf 0.130, Loss_kd 2.221, Train_accy 96.63, Test_accy {'Art': 19.95, 'Clipart': 46.1, 'Real World': 24.45, 'Product': 58.63}
2025-04-17 16:33:39,558 [icarl.py] => Task 3, Epoch 122/200 => Loss 2.321, Loss_clf 0.122, Loss_kd 2.199, Train_accy 96.98
2025-04-17 16:33:45,502 [icarl.py] => Task 3, Epoch 123/200 => Loss 2.311, Loss_clf 0.118, Loss_kd 2.193, Train_accy 97.11
2025-04-17 16:33:51,480 [icarl.py] => Task 3, Epoch 124/200 => Loss 2.317, Loss_clf 0.125, Loss_kd 2.192, Train_accy 96.95
2025-04-17 16:33:57,505 [icarl.py] => Task 3, Epoch 125/200 => Loss 2.346, Loss_clf 0.135, Loss_kd 2.211, Train_accy 96.47
2025-04-17 16:34:03,465 [icarl.py] => Task 3, Epoch 126/200 => Loss 2.317, Loss_clf 0.119, Loss_kd 2.198, Train_accy 96.88
2025-04-17 16:34:09,421 [icarl.py] => Task 3, Epoch 127/200 => Loss 2.311, Loss_clf 0.111, Loss_kd 2.200, Train_accy 97.52
2025-04-17 16:34:15,411 [icarl.py] => Task 3, Epoch 128/200 => Loss 2.304, Loss_clf 0.105, Loss_kd 2.198, Train_accy 97.62
2025-04-17 16:34:21,349 [icarl.py] => Task 3, Epoch 129/200 => Loss 2.326, Loss_clf 0.124, Loss_kd 2.202, Train_accy 97.04
2025-04-17 16:34:27,289 [icarl.py] => Task 3, Epoch 130/200 => Loss 2.318, Loss_clf 0.124, Loss_kd 2.194, Train_accy 96.88
2025-04-17 16:34:33,234 [icarl.py] => Task 3, Epoch 131/200 => Loss 2.287, Loss_clf 0.109, Loss_kd 2.178, Train_accy 97.52
2025-04-17 16:34:39,165 [icarl.py] => Task 3, Epoch 132/200 => Loss 2.290, Loss_clf 0.099, Loss_kd 2.191, Train_accy 97.68
2025-04-17 16:34:45,075 [icarl.py] => Task 3, Epoch 133/200 => Loss 2.288, Loss_clf 0.098, Loss_kd 2.189, Train_accy 97.71
2025-04-17 16:34:51,021 [icarl.py] => Task 3, Epoch 134/200 => Loss 2.269, Loss_clf 0.089, Loss_kd 2.180, Train_accy 97.93
2025-04-17 16:34:56,948 [icarl.py] => Task 3, Epoch 135/200 => Loss 2.278, Loss_clf 0.107, Loss_kd 2.171, Train_accy 97.30
2025-04-17 16:35:02,930 [icarl.py] => Task 3, Epoch 136/200 => Loss 2.243, Loss_clf 0.075, Loss_kd 2.168, Train_accy 98.44
2025-04-17 16:35:08,907 [icarl.py] => Task 3, Epoch 137/200 => Loss 2.243, Loss_clf 0.087, Loss_kd 2.156, Train_accy 97.81
2025-04-17 16:35:14,895 [icarl.py] => Task 3, Epoch 138/200 => Loss 2.301, Loss_clf 0.111, Loss_kd 2.190, Train_accy 97.20
2025-04-17 16:35:20,861 [icarl.py] => Task 3, Epoch 139/200 => Loss 2.278, Loss_clf 0.095, Loss_kd 2.183, Train_accy 97.84
2025-04-17 16:35:26,828 [icarl.py] => Task 3, Epoch 140/200 => Loss 2.302, Loss_clf 0.116, Loss_kd 2.186, Train_accy 97.04
2025-04-17 16:35:42,996 [icarl.py] => Task 3, Epoch 141/200 => Loss 2.279, Loss_clf 0.106, Loss_kd 2.174, Train_accy 97.33, Test_accy {'Art': 18.0, 'Clipart': 45.25, 'Real World': 23.08, 'Product': 59.84}
2025-04-17 16:35:48,925 [icarl.py] => Task 3, Epoch 142/200 => Loss 2.253, Loss_clf 0.083, Loss_kd 2.170, Train_accy 97.93
2025-04-17 16:35:54,884 [icarl.py] => Task 3, Epoch 143/200 => Loss 2.254, Loss_clf 0.086, Loss_kd 2.168, Train_accy 98.00
2025-04-17 16:36:00,839 [icarl.py] => Task 3, Epoch 144/200 => Loss 2.249, Loss_clf 0.077, Loss_kd 2.172, Train_accy 98.22
2025-04-17 16:36:06,857 [icarl.py] => Task 3, Epoch 145/200 => Loss 2.265, Loss_clf 0.093, Loss_kd 2.173, Train_accy 97.74
2025-04-17 16:36:12,778 [icarl.py] => Task 3, Epoch 146/200 => Loss 2.278, Loss_clf 0.095, Loss_kd 2.183, Train_accy 97.87
2025-04-17 16:36:18,711 [icarl.py] => Task 3, Epoch 147/200 => Loss 2.251, Loss_clf 0.089, Loss_kd 2.163, Train_accy 97.87
2025-04-17 16:36:24,665 [icarl.py] => Task 3, Epoch 148/200 => Loss 2.268, Loss_clf 0.094, Loss_kd 2.174, Train_accy 97.71
2025-04-17 16:36:30,589 [icarl.py] => Task 3, Epoch 149/200 => Loss 2.253, Loss_clf 0.083, Loss_kd 2.171, Train_accy 98.03
2025-04-17 16:36:36,488 [icarl.py] => Task 3, Epoch 150/200 => Loss 2.268, Loss_clf 0.089, Loss_kd 2.179, Train_accy 97.68
2025-04-17 16:36:42,404 [icarl.py] => Task 3, Epoch 151/200 => Loss 2.254, Loss_clf 0.086, Loss_kd 2.168, Train_accy 98.12
2025-04-17 16:36:48,312 [icarl.py] => Task 3, Epoch 152/200 => Loss 2.252, Loss_clf 0.086, Loss_kd 2.166, Train_accy 97.93
2025-04-17 16:36:54,211 [icarl.py] => Task 3, Epoch 153/200 => Loss 2.238, Loss_clf 0.069, Loss_kd 2.168, Train_accy 98.47
2025-04-17 16:37:00,094 [icarl.py] => Task 3, Epoch 154/200 => Loss 2.254, Loss_clf 0.077, Loss_kd 2.177, Train_accy 98.38
2025-04-17 16:37:05,982 [icarl.py] => Task 3, Epoch 155/200 => Loss 2.255, Loss_clf 0.083, Loss_kd 2.172, Train_accy 97.93
2025-04-17 16:37:11,883 [icarl.py] => Task 3, Epoch 156/200 => Loss 2.233, Loss_clf 0.078, Loss_kd 2.155, Train_accy 98.35
2025-04-17 16:37:17,806 [icarl.py] => Task 3, Epoch 157/200 => Loss 2.242, Loss_clf 0.077, Loss_kd 2.165, Train_accy 98.28
2025-04-17 16:37:23,693 [icarl.py] => Task 3, Epoch 158/200 => Loss 2.258, Loss_clf 0.088, Loss_kd 2.169, Train_accy 97.93
2025-04-17 16:37:29,636 [icarl.py] => Task 3, Epoch 159/200 => Loss 2.268, Loss_clf 0.087, Loss_kd 2.180, Train_accy 98.03
2025-04-17 16:37:35,547 [icarl.py] => Task 3, Epoch 160/200 => Loss 2.238, Loss_clf 0.081, Loss_kd 2.157, Train_accy 98.16
2025-04-17 16:37:52,161 [icarl.py] => Task 3, Epoch 161/200 => Loss 2.231, Loss_clf 0.075, Loss_kd 2.156, Train_accy 98.47, Test_accy {'Art': 16.06, 'Clipart': 47.66, 'Real World': 25.14, 'Product': 61.45}
2025-04-17 16:37:58,070 [icarl.py] => Task 3, Epoch 162/200 => Loss 2.229, Loss_clf 0.071, Loss_kd 2.159, Train_accy 98.38
2025-04-17 16:38:04,014 [icarl.py] => Task 3, Epoch 163/200 => Loss 2.245, Loss_clf 0.066, Loss_kd 2.179, Train_accy 98.57
2025-04-17 16:38:09,969 [icarl.py] => Task 3, Epoch 164/200 => Loss 2.250, Loss_clf 0.074, Loss_kd 2.176, Train_accy 98.22
2025-04-17 16:38:15,870 [icarl.py] => Task 3, Epoch 165/200 => Loss 2.246, Loss_clf 0.083, Loss_kd 2.163, Train_accy 98.12
2025-04-17 16:38:21,793 [icarl.py] => Task 3, Epoch 166/200 => Loss 2.245, Loss_clf 0.081, Loss_kd 2.164, Train_accy 98.12
2025-04-17 16:38:27,750 [icarl.py] => Task 3, Epoch 167/200 => Loss 2.210, Loss_clf 0.062, Loss_kd 2.148, Train_accy 98.66
2025-04-17 16:38:33,667 [icarl.py] => Task 3, Epoch 168/200 => Loss 2.239, Loss_clf 0.072, Loss_kd 2.167, Train_accy 98.25
2025-04-17 16:38:39,569 [icarl.py] => Task 3, Epoch 169/200 => Loss 2.248, Loss_clf 0.081, Loss_kd 2.168, Train_accy 98.12
2025-04-17 16:38:45,489 [icarl.py] => Task 3, Epoch 170/200 => Loss 2.245, Loss_clf 0.079, Loss_kd 2.166, Train_accy 98.16
2025-04-17 16:38:51,476 [icarl.py] => Task 3, Epoch 171/200 => Loss 2.233, Loss_clf 0.076, Loss_kd 2.157, Train_accy 98.35
2025-04-17 16:38:57,431 [icarl.py] => Task 3, Epoch 172/200 => Loss 2.237, Loss_clf 0.076, Loss_kd 2.161, Train_accy 98.22
2025-04-17 16:39:03,355 [icarl.py] => Task 3, Epoch 173/200 => Loss 2.230, Loss_clf 0.057, Loss_kd 2.173, Train_accy 98.73
2025-04-17 16:39:09,282 [icarl.py] => Task 3, Epoch 174/200 => Loss 2.243, Loss_clf 0.078, Loss_kd 2.165, Train_accy 98.31
2025-04-17 16:39:15,194 [icarl.py] => Task 3, Epoch 175/200 => Loss 2.226, Loss_clf 0.069, Loss_kd 2.157, Train_accy 98.38
2025-04-17 16:39:21,144 [icarl.py] => Task 3, Epoch 176/200 => Loss 2.224, Loss_clf 0.069, Loss_kd 2.155, Train_accy 98.54
2025-04-17 16:39:27,081 [icarl.py] => Task 3, Epoch 177/200 => Loss 2.214, Loss_clf 0.059, Loss_kd 2.155, Train_accy 98.66
2025-04-17 16:39:33,042 [icarl.py] => Task 3, Epoch 178/200 => Loss 2.261, Loss_clf 0.083, Loss_kd 2.178, Train_accy 98.28
2025-04-17 16:39:38,980 [icarl.py] => Task 3, Epoch 179/200 => Loss 2.207, Loss_clf 0.059, Loss_kd 2.149, Train_accy 98.79
2025-04-17 16:39:44,958 [icarl.py] => Task 3, Epoch 180/200 => Loss 2.218, Loss_clf 0.059, Loss_kd 2.160, Train_accy 98.63
2025-04-17 16:40:00,945 [icarl.py] => Task 3, Epoch 181/200 => Loss 2.216, Loss_clf 0.063, Loss_kd 2.152, Train_accy 98.79, Test_accy {'Art': 17.27, 'Clipart': 47.8, 'Real World': 24.18, 'Product': 62.38}
2025-04-17 16:40:06,883 [icarl.py] => Task 3, Epoch 182/200 => Loss 2.254, Loss_clf 0.071, Loss_kd 2.183, Train_accy 98.44
2025-04-17 16:40:12,856 [icarl.py] => Task 3, Epoch 183/200 => Loss 2.231, Loss_clf 0.071, Loss_kd 2.161, Train_accy 98.41
2025-04-17 16:40:18,844 [icarl.py] => Task 3, Epoch 184/200 => Loss 2.207, Loss_clf 0.068, Loss_kd 2.139, Train_accy 98.63
2025-04-17 16:40:24,822 [icarl.py] => Task 3, Epoch 185/200 => Loss 2.249, Loss_clf 0.071, Loss_kd 2.177, Train_accy 98.35
2025-04-17 16:40:30,770 [icarl.py] => Task 3, Epoch 186/200 => Loss 2.219, Loss_clf 0.056, Loss_kd 2.164, Train_accy 98.86
2025-04-17 16:40:36,701 [icarl.py] => Task 3, Epoch 187/200 => Loss 2.242, Loss_clf 0.074, Loss_kd 2.168, Train_accy 98.28
2025-04-17 16:40:42,671 [icarl.py] => Task 3, Epoch 188/200 => Loss 2.231, Loss_clf 0.068, Loss_kd 2.164, Train_accy 98.51
2025-04-17 16:40:48,631 [icarl.py] => Task 3, Epoch 189/200 => Loss 2.250, Loss_clf 0.075, Loss_kd 2.175, Train_accy 98.57
2025-04-17 16:40:54,561 [icarl.py] => Task 3, Epoch 190/200 => Loss 2.234, Loss_clf 0.072, Loss_kd 2.162, Train_accy 98.38
2025-04-17 16:41:00,500 [icarl.py] => Task 3, Epoch 191/200 => Loss 2.222, Loss_clf 0.066, Loss_kd 2.155, Train_accy 98.63
2025-04-17 16:41:06,475 [icarl.py] => Task 3, Epoch 192/200 => Loss 2.220, Loss_clf 0.073, Loss_kd 2.148, Train_accy 98.41
2025-04-17 16:41:12,449 [icarl.py] => Task 3, Epoch 193/200 => Loss 2.238, Loss_clf 0.068, Loss_kd 2.170, Train_accy 98.41
2025-04-17 16:41:18,354 [icarl.py] => Task 3, Epoch 194/200 => Loss 2.230, Loss_clf 0.067, Loss_kd 2.163, Train_accy 98.31
2025-04-17 16:41:24,247 [icarl.py] => Task 3, Epoch 195/200 => Loss 2.234, Loss_clf 0.064, Loss_kd 2.170, Train_accy 98.54
2025-04-17 16:41:30,218 [icarl.py] => Task 3, Epoch 196/200 => Loss 2.228, Loss_clf 0.073, Loss_kd 2.155, Train_accy 98.41
2025-04-17 16:41:36,243 [icarl.py] => Task 3, Epoch 197/200 => Loss 2.211, Loss_clf 0.064, Loss_kd 2.147, Train_accy 98.63
2025-04-17 16:41:42,207 [icarl.py] => Task 3, Epoch 198/200 => Loss 2.242, Loss_clf 0.068, Loss_kd 2.174, Train_accy 98.41
2025-04-17 16:41:48,140 [icarl.py] => Task 3, Epoch 199/200 => Loss 2.206, Loss_clf 0.065, Loss_kd 2.142, Train_accy 98.51
2025-04-17 16:41:54,101 [icarl.py] => Task 3, Epoch 200/200 => Loss 2.225, Loss_clf 0.067, Loss_kd 2.158, Train_accy 98.44
2025-04-17 16:41:54,103 [base.py] => Reducing exemplars...(25 per classes)
2025-04-17 16:42:09,881 [base.py] => Constructing exemplars...(25 per classes)
2025-04-17 16:42:45,087 [icarl.py] => Exemplar size: 1300
2025-04-17 16:42:45,987 [trainer.py] => CNN [Art]: {'total': 16.79, '00-12': 23.66, '13-25': 6.9, '26-38': 5.5, '39-51': 28.69, 'old': 11.76, 'new': 28.69}
2025-04-17 16:42:45,987 [trainer.py] => NME [Art]: {'total': 18.98, '00-12': 26.88, '13-25': 9.2, '26-38': 8.26, '39-51': 29.51, 'old': 14.53, 'new': 29.51}
2025-04-17 16:42:45,987 [trainer.py] => CNN [Art] top1 curve: [46.24, 35.56, 25.26, 16.79]
2025-04-17 16:42:45,988 [trainer.py] => CNN [Art] top5 curve: [78.49, 63.89, 54.33, 42.82]
2025-04-17 16:42:45,988 [trainer.py] => NME [Art] top1 curve: [47.31, 38.33, 24.22, 18.98]
2025-04-17 16:42:45,988 [trainer.py] => NME [Art] top5 curve: [77.42, 62.78, 55.71, 44.04]
2025-04-17 16:42:45,988 [trainer.py] => Average Accuracy [Art] (CNN): 30.962500000000002
2025-04-17 16:42:45,988 [trainer.py] => Average Accuracy [Art] (NME): 32.21
2025-04-17 16:42:45,988 [trainer.py] => CNN [Clipart]: {'total': 48.09, '00-12': 46.07, '13-25': 39.89, '26-38': 36.81, '39-51': 68.51, 'old': 41.03, 'new': 68.51}
2025-04-17 16:42:45,988 [trainer.py] => NME [Clipart]: {'total': 48.37, '00-12': 50.0, '13-25': 42.08, '26-38': 39.26, '39-51': 61.33, 'old': 43.89, 'new': 61.33}
2025-04-17 16:42:45,988 [trainer.py] => CNN [Clipart] top1 curve: [73.03, 63.43, 53.05, 48.09]
2025-04-17 16:42:45,988 [trainer.py] => CNN [Clipart] top5 curve: [89.89, 82.83, 77.29, 70.21]
2025-04-17 16:42:45,988 [trainer.py] => NME [Clipart] top1 curve: [70.22, 63.71, 52.48, 48.37]
2025-04-17 16:42:45,988 [trainer.py] => NME [Clipart] top5 curve: [89.33, 82.27, 76.53, 71.06]
2025-04-17 16:42:45,988 [trainer.py] => Average Accuracy [Clipart] (CNN): 59.4
2025-04-17 16:42:45,988 [trainer.py] => Average Accuracy [Clipart] (NME): 58.695
2025-04-17 16:42:45,988 [trainer.py] => CNN [Product]: {'total': 62.25, '00-12': 68.27, '13-25': 48.82, '26-38': 52.63, '39-51': 78.21, 'old': 57.22, 'new': 78.21}
2025-04-17 16:42:45,988 [trainer.py] => NME [Product]: {'total': 63.72, '00-12': 71.63, '13-25': 54.71, '26-38': 57.89, '39-51': 69.27, 'old': 61.97, 'new': 69.27}
2025-04-17 16:42:45,988 [trainer.py] => CNN [Product] top1 curve: [88.94, 74.6, 67.78, 62.25]
2025-04-17 16:42:45,988 [trainer.py] => CNN [Product] top5 curve: [98.56, 91.53, 89.08, 86.21]
2025-04-17 16:42:45,988 [trainer.py] => NME [Product] top1 curve: [87.02, 76.46, 68.31, 63.72]
2025-04-17 16:42:45,988 [trainer.py] => NME [Product] top5 curve: [98.56, 94.18, 90.49, 87.55]
2025-04-17 16:42:45,988 [trainer.py] => Average Accuracy [Product] (CNN): 73.3925
2025-04-17 16:42:45,988 [trainer.py] => Average Accuracy [Product] (NME): 73.8775
2025-04-17 16:42:45,988 [trainer.py] => CNN [Real World]: {'total': 24.45, '00-12': 28.8, '13-25': 9.2, '26-38': 19.89, '39-51': 38.62, 'old': 19.48, 'new': 38.62}
2025-04-17 16:42:45,988 [trainer.py] => NME [Real World]: {'total': 27.34, '00-12': 33.7, '13-25': 10.92, '26-38': 30.39, '39-51': 33.33, 'old': 25.23, 'new': 33.33}
2025-04-17 16:42:45,988 [trainer.py] => CNN [Real World] top1 curve: [51.09, 33.52, 30.06, 24.45]
2025-04-17 16:42:45,988 [trainer.py] => CNN [Real World] top5 curve: [83.15, 63.69, 55.84, 50.27]
2025-04-17 16:42:45,989 [trainer.py] => NME [Real World] top1 curve: [52.17, 34.08, 31.91, 27.34]
2025-04-17 16:42:45,989 [trainer.py] => NME [Real World] top5 curve: [85.33, 66.48, 56.77, 51.65]
2025-04-17 16:42:45,989 [trainer.py] => Average Accuracy [Real World] (CNN): 34.78
2025-04-17 16:42:45,989 [trainer.py] => Average Accuracy [Real World] (NME): 36.375
2025-04-17 16:42:45,989 [trainer.py] => NME Harmonic Mean : 33.6332
2025-04-17 16:42:45,989 [trainer.py] => NME Macro Mean : 39.6025
2025-04-17 16:42:45,989 [trainer.py] => CNN Harmonic Mean : 31.0089
2025-04-17 16:42:45,989 [trainer.py] => CNN Macro Mean : 37.8950
2025-04-17 16:42:45,989 [trainer.py] => All params: 21351362
2025-04-17 16:42:45,990 [trainer.py] => Trainable params: 21351362
2025-04-17 16:42:45,991 [icarl.py] => Learning on 52-65
2025-04-17 16:43:04,051 [icarl.py] => Task 4, Epoch 1/200 => Loss 6.417, Loss_clf 3.250, Loss_kd 3.166, Train_accy 27.08, Test_accy {'Art': 6.51, 'Clipart': 10.3, 'Real World': 7.24, 'Product': 13.11}
2025-04-17 16:43:09,773 [icarl.py] => Task 4, Epoch 2/200 => Loss 5.721, Loss_clf 2.510, Loss_kd 3.211, Train_accy 34.33
2025-04-17 16:43:15,482 [icarl.py] => Task 4, Epoch 3/200 => Loss 5.034, Loss_clf 2.039, Loss_kd 2.995, Train_accy 44.85
2025-04-17 16:43:21,217 [icarl.py] => Task 4, Epoch 4/200 => Loss 4.685, Loss_clf 1.785, Loss_kd 2.900, Train_accy 50.46
2025-04-17 16:43:26,901 [icarl.py] => Task 4, Epoch 5/200 => Loss 4.493, Loss_clf 1.627, Loss_kd 2.866, Train_accy 53.67
2025-04-17 16:43:32,628 [icarl.py] => Task 4, Epoch 6/200 => Loss 4.331, Loss_clf 1.484, Loss_kd 2.847, Train_accy 58.00
2025-04-17 16:43:38,371 [icarl.py] => Task 4, Epoch 7/200 => Loss 4.123, Loss_clf 1.337, Loss_kd 2.786, Train_accy 61.51
2025-04-17 16:43:44,067 [icarl.py] => Task 4, Epoch 8/200 => Loss 4.061, Loss_clf 1.284, Loss_kd 2.777, Train_accy 62.75
2025-04-17 16:43:49,702 [icarl.py] => Task 4, Epoch 9/200 => Loss 3.886, Loss_clf 1.144, Loss_kd 2.742, Train_accy 67.70
2025-04-17 16:43:55,400 [icarl.py] => Task 4, Epoch 10/200 => Loss 3.804, Loss_clf 1.084, Loss_kd 2.720, Train_accy 69.15
2025-04-17 16:44:01,087 [icarl.py] => Task 4, Epoch 11/200 => Loss 3.788, Loss_clf 1.051, Loss_kd 2.737, Train_accy 70.39
2025-04-17 16:44:06,757 [icarl.py] => Task 4, Epoch 12/200 => Loss 3.654, Loss_clf 0.954, Loss_kd 2.700, Train_accy 72.52
2025-04-17 16:44:12,452 [icarl.py] => Task 4, Epoch 13/200 => Loss 3.581, Loss_clf 0.901, Loss_kd 2.679, Train_accy 74.26
2025-04-17 16:44:18,174 [icarl.py] => Task 4, Epoch 14/200 => Loss 3.540, Loss_clf 0.871, Loss_kd 2.670, Train_accy 75.15
2025-04-17 16:44:23,883 [icarl.py] => Task 4, Epoch 15/200 => Loss 3.478, Loss_clf 0.814, Loss_kd 2.664, Train_accy 77.48
2025-04-17 16:44:29,587 [icarl.py] => Task 4, Epoch 16/200 => Loss 3.432, Loss_clf 0.788, Loss_kd 2.645, Train_accy 77.38
2025-04-17 16:44:35,290 [icarl.py] => Task 4, Epoch 17/200 => Loss 3.293, Loss_clf 0.700, Loss_kd 2.594, Train_accy 79.70
2025-04-17 16:44:40,969 [icarl.py] => Task 4, Epoch 18/200 => Loss 3.302, Loss_clf 0.675, Loss_kd 2.626, Train_accy 80.79
2025-04-17 16:44:46,674 [icarl.py] => Task 4, Epoch 19/200 => Loss 3.180, Loss_clf 0.607, Loss_kd 2.574, Train_accy 83.25
2025-04-17 16:44:52,361 [icarl.py] => Task 4, Epoch 20/200 => Loss 3.219, Loss_clf 0.636, Loss_kd 2.583, Train_accy 82.43
2025-04-17 16:45:10,248 [icarl.py] => Task 4, Epoch 21/200 => Loss 3.223, Loss_clf 0.625, Loss_kd 2.598, Train_accy 81.80, Test_accy {'Art': 11.64, 'Clipart': 28.33, 'Real World': 14.81, 'Product': 32.13}
2025-04-17 16:45:15,934 [icarl.py] => Task 4, Epoch 22/200 => Loss 3.231, Loss_clf 0.637, Loss_kd 2.594, Train_accy 81.51
2025-04-17 16:45:21,706 [icarl.py] => Task 4, Epoch 23/200 => Loss 3.150, Loss_clf 0.572, Loss_kd 2.578, Train_accy 83.90
2025-04-17 16:45:27,374 [icarl.py] => Task 4, Epoch 24/200 => Loss 3.174, Loss_clf 0.594, Loss_kd 2.580, Train_accy 83.93
2025-04-17 16:45:33,083 [icarl.py] => Task 4, Epoch 25/200 => Loss 3.100, Loss_clf 0.543, Loss_kd 2.557, Train_accy 85.11
2025-04-17 16:45:38,795 [icarl.py] => Task 4, Epoch 26/200 => Loss 3.087, Loss_clf 0.517, Loss_kd 2.570, Train_accy 86.10
2025-04-17 16:45:44,529 [icarl.py] => Task 4, Epoch 27/200 => Loss 3.014, Loss_clf 0.468, Loss_kd 2.546, Train_accy 87.21
2025-04-17 16:45:50,322 [icarl.py] => Task 4, Epoch 28/200 => Loss 2.998, Loss_clf 0.470, Loss_kd 2.528, Train_accy 87.25
2025-04-17 16:45:56,109 [icarl.py] => Task 4, Epoch 29/200 => Loss 3.049, Loss_clf 0.509, Loss_kd 2.539, Train_accy 85.93
2025-04-17 16:46:01,824 [icarl.py] => Task 4, Epoch 30/200 => Loss 3.043, Loss_clf 0.485, Loss_kd 2.558, Train_accy 86.20
2025-04-17 16:46:07,478 [icarl.py] => Task 4, Epoch 31/200 => Loss 2.994, Loss_clf 0.446, Loss_kd 2.548, Train_accy 87.70
2025-04-17 16:46:13,202 [icarl.py] => Task 4, Epoch 32/200 => Loss 2.931, Loss_clf 0.399, Loss_kd 2.532, Train_accy 88.79
2025-04-17 16:46:18,928 [icarl.py] => Task 4, Epoch 33/200 => Loss 2.965, Loss_clf 0.429, Loss_kd 2.536, Train_accy 88.66
2025-04-17 16:46:24,651 [icarl.py] => Task 4, Epoch 34/200 => Loss 2.925, Loss_clf 0.405, Loss_kd 2.520, Train_accy 89.31
2025-04-17 16:46:30,439 [icarl.py] => Task 4, Epoch 35/200 => Loss 2.932, Loss_clf 0.415, Loss_kd 2.517, Train_accy 89.54
2025-04-17 16:46:36,133 [icarl.py] => Task 4, Epoch 36/200 => Loss 2.929, Loss_clf 0.400, Loss_kd 2.529, Train_accy 89.05
2025-04-17 16:46:41,810 [icarl.py] => Task 4, Epoch 37/200 => Loss 2.924, Loss_clf 0.402, Loss_kd 2.522, Train_accy 88.82
2025-04-17 16:46:47,473 [icarl.py] => Task 4, Epoch 38/200 => Loss 2.903, Loss_clf 0.396, Loss_kd 2.507, Train_accy 89.31
2025-04-17 16:46:53,165 [icarl.py] => Task 4, Epoch 39/200 => Loss 2.974, Loss_clf 0.447, Loss_kd 2.527, Train_accy 87.84
2025-04-17 16:46:58,910 [icarl.py] => Task 4, Epoch 40/200 => Loss 2.916, Loss_clf 0.402, Loss_kd 2.514, Train_accy 89.34
2025-04-17 16:47:16,924 [icarl.py] => Task 4, Epoch 41/200 => Loss 2.926, Loss_clf 0.406, Loss_kd 2.519, Train_accy 88.92, Test_accy {'Art': 15.38, 'Clipart': 35.27, 'Real World': 18.93, 'Product': 49.07}
2025-04-17 16:47:22,613 [icarl.py] => Task 4, Epoch 42/200 => Loss 2.869, Loss_clf 0.381, Loss_kd 2.488, Train_accy 89.77
2025-04-17 16:47:28,328 [icarl.py] => Task 4, Epoch 43/200 => Loss 2.884, Loss_clf 0.389, Loss_kd 2.495, Train_accy 89.64
2025-04-17 16:47:34,037 [icarl.py] => Task 4, Epoch 44/200 => Loss 2.859, Loss_clf 0.357, Loss_kd 2.502, Train_accy 90.07
2025-04-17 16:47:39,747 [icarl.py] => Task 4, Epoch 45/200 => Loss 2.831, Loss_clf 0.357, Loss_kd 2.474, Train_accy 90.36
2025-04-17 16:47:45,463 [icarl.py] => Task 4, Epoch 46/200 => Loss 2.851, Loss_clf 0.365, Loss_kd 2.487, Train_accy 90.30
2025-04-17 16:47:51,194 [icarl.py] => Task 4, Epoch 47/200 => Loss 2.859, Loss_clf 0.358, Loss_kd 2.501, Train_accy 89.80
2025-04-17 16:47:56,930 [icarl.py] => Task 4, Epoch 48/200 => Loss 2.869, Loss_clf 0.367, Loss_kd 2.502, Train_accy 89.93
2025-04-17 16:48:02,685 [icarl.py] => Task 4, Epoch 49/200 => Loss 2.804, Loss_clf 0.326, Loss_kd 2.478, Train_accy 91.11
2025-04-17 16:48:08,447 [icarl.py] => Task 4, Epoch 50/200 => Loss 2.844, Loss_clf 0.354, Loss_kd 2.490, Train_accy 90.62
2025-04-17 16:48:14,167 [icarl.py] => Task 4, Epoch 51/200 => Loss 2.790, Loss_clf 0.312, Loss_kd 2.478, Train_accy 91.61
2025-04-17 16:48:20,208 [icarl.py] => Task 4, Epoch 52/200 => Loss 2.797, Loss_clf 0.333, Loss_kd 2.464, Train_accy 91.74
2025-04-17 16:48:25,900 [icarl.py] => Task 4, Epoch 53/200 => Loss 2.844, Loss_clf 0.361, Loss_kd 2.483, Train_accy 90.72
2025-04-17 16:48:31,591 [icarl.py] => Task 4, Epoch 54/200 => Loss 2.767, Loss_clf 0.306, Loss_kd 2.461, Train_accy 91.44
2025-04-17 16:48:37,333 [icarl.py] => Task 4, Epoch 55/200 => Loss 2.799, Loss_clf 0.322, Loss_kd 2.478, Train_accy 91.11
2025-04-17 16:48:43,047 [icarl.py] => Task 4, Epoch 56/200 => Loss 2.755, Loss_clf 0.284, Loss_kd 2.472, Train_accy 92.85
2025-04-17 16:48:48,826 [icarl.py] => Task 4, Epoch 57/200 => Loss 2.813, Loss_clf 0.341, Loss_kd 2.472, Train_accy 91.21
2025-04-17 16:48:54,496 [icarl.py] => Task 4, Epoch 58/200 => Loss 2.787, Loss_clf 0.303, Loss_kd 2.484, Train_accy 91.93
2025-04-17 16:49:00,207 [icarl.py] => Task 4, Epoch 59/200 => Loss 2.783, Loss_clf 0.311, Loss_kd 2.471, Train_accy 91.80
2025-04-17 16:49:05,903 [icarl.py] => Task 4, Epoch 60/200 => Loss 2.755, Loss_clf 0.299, Loss_kd 2.456, Train_accy 91.48
2025-04-17 16:49:23,770 [icarl.py] => Task 4, Epoch 61/200 => Loss 2.763, Loss_clf 0.303, Loss_kd 2.460, Train_accy 91.70, Test_accy {'Art': 14.6, 'Clipart': 35.61, 'Real World': 20.16, 'Product': 49.07}
2025-04-17 16:49:29,479 [icarl.py] => Task 4, Epoch 62/200 => Loss 2.763, Loss_clf 0.291, Loss_kd 2.472, Train_accy 92.30
2025-04-17 16:49:35,161 [icarl.py] => Task 4, Epoch 63/200 => Loss 2.724, Loss_clf 0.276, Loss_kd 2.449, Train_accy 92.49
2025-04-17 16:49:40,887 [icarl.py] => Task 4, Epoch 64/200 => Loss 2.688, Loss_clf 0.248, Loss_kd 2.440, Train_accy 93.28
2025-04-17 16:49:46,601 [icarl.py] => Task 4, Epoch 65/200 => Loss 2.667, Loss_clf 0.239, Loss_kd 2.427, Train_accy 94.16
2025-04-17 16:49:52,351 [icarl.py] => Task 4, Epoch 66/200 => Loss 2.687, Loss_clf 0.241, Loss_kd 2.446, Train_accy 93.61
2025-04-17 16:49:58,155 [icarl.py] => Task 4, Epoch 67/200 => Loss 2.705, Loss_clf 0.258, Loss_kd 2.447, Train_accy 93.02
2025-04-17 16:50:03,889 [icarl.py] => Task 4, Epoch 68/200 => Loss 2.692, Loss_clf 0.245, Loss_kd 2.447, Train_accy 93.70
2025-04-17 16:50:09,639 [icarl.py] => Task 4, Epoch 69/200 => Loss 2.687, Loss_clf 0.251, Loss_kd 2.436, Train_accy 93.34
2025-04-17 16:50:15,380 [icarl.py] => Task 4, Epoch 70/200 => Loss 2.712, Loss_clf 0.266, Loss_kd 2.445, Train_accy 93.21
2025-04-17 16:50:21,130 [icarl.py] => Task 4, Epoch 71/200 => Loss 2.719, Loss_clf 0.268, Loss_kd 2.451, Train_accy 93.67
2025-04-17 16:50:26,922 [icarl.py] => Task 4, Epoch 72/200 => Loss 2.706, Loss_clf 0.253, Loss_kd 2.453, Train_accy 93.21
2025-04-17 16:50:32,589 [icarl.py] => Task 4, Epoch 73/200 => Loss 2.677, Loss_clf 0.252, Loss_kd 2.425, Train_accy 93.48
2025-04-17 16:50:38,342 [icarl.py] => Task 4, Epoch 74/200 => Loss 2.686, Loss_clf 0.252, Loss_kd 2.433, Train_accy 93.18
2025-04-17 16:50:44,052 [icarl.py] => Task 4, Epoch 75/200 => Loss 2.669, Loss_clf 0.226, Loss_kd 2.443, Train_accy 94.26
2025-04-17 16:50:49,793 [icarl.py] => Task 4, Epoch 76/200 => Loss 2.690, Loss_clf 0.252, Loss_kd 2.438, Train_accy 93.97
2025-04-17 16:50:55,491 [icarl.py] => Task 4, Epoch 77/200 => Loss 2.635, Loss_clf 0.227, Loss_kd 2.409, Train_accy 94.26
2025-04-17 16:51:01,147 [icarl.py] => Task 4, Epoch 78/200 => Loss 2.652, Loss_clf 0.237, Loss_kd 2.415, Train_accy 93.64
2025-04-17 16:51:06,862 [icarl.py] => Task 4, Epoch 79/200 => Loss 2.630, Loss_clf 0.213, Loss_kd 2.416, Train_accy 94.07
2025-04-17 16:51:12,517 [icarl.py] => Task 4, Epoch 80/200 => Loss 2.631, Loss_clf 0.213, Loss_kd 2.418, Train_accy 93.57
2025-04-17 16:51:30,022 [icarl.py] => Task 4, Epoch 81/200 => Loss 2.634, Loss_clf 0.215, Loss_kd 2.419, Train_accy 94.52, Test_accy {'Art': 13.61, 'Clipart': 28.89, 'Real World': 14.92, 'Product': 40.0}
2025-04-17 16:51:35,722 [icarl.py] => Task 4, Epoch 82/200 => Loss 2.623, Loss_clf 0.209, Loss_kd 2.414, Train_accy 94.69
2025-04-17 16:51:41,365 [icarl.py] => Task 4, Epoch 83/200 => Loss 2.624, Loss_clf 0.218, Loss_kd 2.406, Train_accy 94.49
2025-04-17 16:51:47,048 [icarl.py] => Task 4, Epoch 84/200 => Loss 2.614, Loss_clf 0.204, Loss_kd 2.410, Train_accy 94.79
2025-04-17 16:51:52,703 [icarl.py] => Task 4, Epoch 85/200 => Loss 2.603, Loss_clf 0.199, Loss_kd 2.404, Train_accy 94.98
2025-04-17 16:51:58,431 [icarl.py] => Task 4, Epoch 86/200 => Loss 2.615, Loss_clf 0.198, Loss_kd 2.417, Train_accy 94.62
2025-04-17 16:52:04,114 [icarl.py] => Task 4, Epoch 87/200 => Loss 2.660, Loss_clf 0.215, Loss_kd 2.445, Train_accy 94.33
2025-04-17 16:52:09,841 [icarl.py] => Task 4, Epoch 88/200 => Loss 2.597, Loss_clf 0.185, Loss_kd 2.411, Train_accy 95.25
2025-04-17 16:52:15,709 [icarl.py] => Task 4, Epoch 89/200 => Loss 2.602, Loss_clf 0.207, Loss_kd 2.395, Train_accy 94.39
2025-04-17 16:52:21,478 [icarl.py] => Task 4, Epoch 90/200 => Loss 2.625, Loss_clf 0.207, Loss_kd 2.418, Train_accy 94.66
2025-04-17 16:52:27,192 [icarl.py] => Task 4, Epoch 91/200 => Loss 2.595, Loss_clf 0.189, Loss_kd 2.405, Train_accy 95.25
2025-04-17 16:52:32,969 [icarl.py] => Task 4, Epoch 92/200 => Loss 2.566, Loss_clf 0.173, Loss_kd 2.393, Train_accy 95.67
2025-04-17 16:52:38,716 [icarl.py] => Task 4, Epoch 93/200 => Loss 2.541, Loss_clf 0.155, Loss_kd 2.386, Train_accy 96.20
2025-04-17 16:52:44,621 [icarl.py] => Task 4, Epoch 94/200 => Loss 2.581, Loss_clf 0.182, Loss_kd 2.400, Train_accy 95.70
2025-04-17 16:52:50,284 [icarl.py] => Task 4, Epoch 95/200 => Loss 2.562, Loss_clf 0.168, Loss_kd 2.394, Train_accy 96.10
2025-04-17 16:52:55,988 [icarl.py] => Task 4, Epoch 96/200 => Loss 2.498, Loss_clf 0.132, Loss_kd 2.366, Train_accy 96.13
2025-04-17 16:53:01,671 [icarl.py] => Task 4, Epoch 97/200 => Loss 2.535, Loss_clf 0.147, Loss_kd 2.388, Train_accy 96.49
2025-04-17 16:53:07,379 [icarl.py] => Task 4, Epoch 98/200 => Loss 2.513, Loss_clf 0.142, Loss_kd 2.371, Train_accy 96.30
2025-04-17 16:53:13,079 [icarl.py] => Task 4, Epoch 99/200 => Loss 2.535, Loss_clf 0.157, Loss_kd 2.378, Train_accy 96.26
2025-04-17 16:53:18,793 [icarl.py] => Task 4, Epoch 100/200 => Loss 2.540, Loss_clf 0.141, Loss_kd 2.399, Train_accy 96.30
2025-04-17 16:53:36,432 [icarl.py] => Task 4, Epoch 101/200 => Loss 2.541, Loss_clf 0.166, Loss_kd 2.374, Train_accy 95.77, Test_accy {'Art': 14.4, 'Clipart': 33.03, 'Real World': 19.04, 'Product': 51.26}
2025-04-17 16:53:42,115 [icarl.py] => Task 4, Epoch 102/200 => Loss 2.563, Loss_clf 0.168, Loss_kd 2.395, Train_accy 95.74
2025-04-17 16:53:47,814 [icarl.py] => Task 4, Epoch 103/200 => Loss 2.542, Loss_clf 0.164, Loss_kd 2.378, Train_accy 95.97
2025-04-17 16:53:53,539 [icarl.py] => Task 4, Epoch 104/200 => Loss 2.524, Loss_clf 0.137, Loss_kd 2.386, Train_accy 96.72
2025-04-17 16:53:59,254 [icarl.py] => Task 4, Epoch 105/200 => Loss 2.506, Loss_clf 0.135, Loss_kd 2.371, Train_accy 96.92
2025-04-17 16:54:04,994 [icarl.py] => Task 4, Epoch 106/200 => Loss 2.487, Loss_clf 0.132, Loss_kd 2.355, Train_accy 96.75
2025-04-17 16:54:10,678 [icarl.py] => Task 4, Epoch 107/200 => Loss 2.509, Loss_clf 0.136, Loss_kd 2.373, Train_accy 96.85
2025-04-17 16:54:16,433 [icarl.py] => Task 4, Epoch 108/200 => Loss 2.498, Loss_clf 0.129, Loss_kd 2.369, Train_accy 96.89
2025-04-17 16:54:22,130 [icarl.py] => Task 4, Epoch 109/200 => Loss 2.522, Loss_clf 0.148, Loss_kd 2.374, Train_accy 95.87
2025-04-17 16:54:27,860 [icarl.py] => Task 4, Epoch 110/200 => Loss 2.497, Loss_clf 0.133, Loss_kd 2.364, Train_accy 96.92
2025-04-17 16:54:33,566 [icarl.py] => Task 4, Epoch 111/200 => Loss 2.462, Loss_clf 0.118, Loss_kd 2.343, Train_accy 96.92
2025-04-17 16:54:39,264 [icarl.py] => Task 4, Epoch 112/200 => Loss 2.489, Loss_clf 0.128, Loss_kd 2.360, Train_accy 97.02
2025-04-17 16:54:44,938 [icarl.py] => Task 4, Epoch 113/200 => Loss 2.494, Loss_clf 0.134, Loss_kd 2.360, Train_accy 96.89
2025-04-17 16:54:50,647 [icarl.py] => Task 4, Epoch 114/200 => Loss 2.495, Loss_clf 0.133, Loss_kd 2.362, Train_accy 96.89
2025-04-17 16:54:56,467 [icarl.py] => Task 4, Epoch 115/200 => Loss 2.483, Loss_clf 0.126, Loss_kd 2.357, Train_accy 97.08
2025-04-17 16:55:02,217 [icarl.py] => Task 4, Epoch 116/200 => Loss 2.462, Loss_clf 0.114, Loss_kd 2.348, Train_accy 97.34
2025-04-17 16:55:08,017 [icarl.py] => Task 4, Epoch 117/200 => Loss 2.486, Loss_clf 0.112, Loss_kd 2.374, Train_accy 97.51
2025-04-17 16:55:13,742 [icarl.py] => Task 4, Epoch 118/200 => Loss 2.508, Loss_clf 0.144, Loss_kd 2.364, Train_accy 96.49
2025-04-17 16:55:19,448 [icarl.py] => Task 4, Epoch 119/200 => Loss 2.486, Loss_clf 0.129, Loss_kd 2.357, Train_accy 96.75
2025-04-17 16:55:25,167 [icarl.py] => Task 4, Epoch 120/200 => Loss 2.496, Loss_clf 0.129, Loss_kd 2.367, Train_accy 96.98
2025-04-17 16:55:42,881 [icarl.py] => Task 4, Epoch 121/200 => Loss 2.456, Loss_clf 0.101, Loss_kd 2.355, Train_accy 97.61, Test_accy {'Art': 17.36, 'Clipart': 37.85, 'Real World': 20.38, 'Product': 54.54}
2025-04-17 16:55:48,622 [icarl.py] => Task 4, Epoch 122/200 => Loss 2.461, Loss_clf 0.106, Loss_kd 2.355, Train_accy 97.44
2025-04-17 16:55:54,318 [icarl.py] => Task 4, Epoch 123/200 => Loss 2.436, Loss_clf 0.104, Loss_kd 2.332, Train_accy 97.70
2025-04-17 16:56:00,042 [icarl.py] => Task 4, Epoch 124/200 => Loss 2.456, Loss_clf 0.099, Loss_kd 2.356, Train_accy 97.51
2025-04-17 16:56:05,891 [icarl.py] => Task 4, Epoch 125/200 => Loss 2.463, Loss_clf 0.112, Loss_kd 2.351, Train_accy 97.48
2025-04-17 16:56:11,632 [icarl.py] => Task 4, Epoch 126/200 => Loss 2.444, Loss_clf 0.092, Loss_kd 2.352, Train_accy 97.67
2025-04-17 16:56:17,341 [icarl.py] => Task 4, Epoch 127/200 => Loss 2.483, Loss_clf 0.123, Loss_kd 2.360, Train_accy 96.92
2025-04-17 16:56:23,071 [icarl.py] => Task 4, Epoch 128/200 => Loss 2.418, Loss_clf 0.092, Loss_kd 2.326, Train_accy 98.10
2025-04-17 16:56:28,765 [icarl.py] => Task 4, Epoch 129/200 => Loss 2.443, Loss_clf 0.099, Loss_kd 2.344, Train_accy 97.80
2025-04-17 16:56:34,480 [icarl.py] => Task 4, Epoch 130/200 => Loss 2.446, Loss_clf 0.102, Loss_kd 2.344, Train_accy 97.74
2025-04-17 16:56:40,179 [icarl.py] => Task 4, Epoch 131/200 => Loss 2.443, Loss_clf 0.111, Loss_kd 2.332, Train_accy 97.57
2025-04-17 16:56:45,849 [icarl.py] => Task 4, Epoch 132/200 => Loss 2.441, Loss_clf 0.096, Loss_kd 2.345, Train_accy 97.64
2025-04-17 16:56:51,552 [icarl.py] => Task 4, Epoch 133/200 => Loss 2.417, Loss_clf 0.088, Loss_kd 2.329, Train_accy 98.30
2025-04-17 16:56:57,303 [icarl.py] => Task 4, Epoch 134/200 => Loss 2.448, Loss_clf 0.105, Loss_kd 2.342, Train_accy 97.57
2025-04-17 16:57:03,070 [icarl.py] => Task 4, Epoch 135/200 => Loss 2.442, Loss_clf 0.099, Loss_kd 2.343, Train_accy 97.61
2025-04-17 16:57:08,801 [icarl.py] => Task 4, Epoch 136/200 => Loss 2.443, Loss_clf 0.092, Loss_kd 2.352, Train_accy 97.80
2025-04-17 16:57:14,542 [icarl.py] => Task 4, Epoch 137/200 => Loss 2.433, Loss_clf 0.091, Loss_kd 2.342, Train_accy 98.07
2025-04-17 16:57:20,391 [icarl.py] => Task 4, Epoch 138/200 => Loss 2.430, Loss_clf 0.099, Loss_kd 2.331, Train_accy 97.61
2025-04-17 16:57:26,125 [icarl.py] => Task 4, Epoch 139/200 => Loss 2.413, Loss_clf 0.093, Loss_kd 2.319, Train_accy 97.93
2025-04-17 16:57:31,865 [icarl.py] => Task 4, Epoch 140/200 => Loss 2.405, Loss_clf 0.088, Loss_kd 2.317, Train_accy 98.13
2025-04-17 16:57:49,726 [icarl.py] => Task 4, Epoch 141/200 => Loss 2.411, Loss_clf 0.080, Loss_kd 2.331, Train_accy 98.30, Test_accy {'Art': 17.95, 'Clipart': 38.75, 'Real World': 20.82, 'Product': 54.75}
2025-04-17 16:57:55,397 [icarl.py] => Task 4, Epoch 142/200 => Loss 2.429, Loss_clf 0.088, Loss_kd 2.341, Train_accy 98.10
2025-04-17 16:58:01,155 [icarl.py] => Task 4, Epoch 143/200 => Loss 2.404, Loss_clf 0.084, Loss_kd 2.320, Train_accy 98.26
2025-04-17 16:58:06,971 [icarl.py] => Task 4, Epoch 144/200 => Loss 2.406, Loss_clf 0.078, Loss_kd 2.328, Train_accy 98.13
2025-04-17 16:58:12,674 [icarl.py] => Task 4, Epoch 145/200 => Loss 2.427, Loss_clf 0.088, Loss_kd 2.339, Train_accy 98.03
2025-04-17 16:58:18,480 [icarl.py] => Task 4, Epoch 146/200 => Loss 2.397, Loss_clf 0.078, Loss_kd 2.318, Train_accy 98.49
2025-04-17 16:58:24,224 [icarl.py] => Task 4, Epoch 147/200 => Loss 2.380, Loss_clf 0.078, Loss_kd 2.302, Train_accy 98.30
2025-04-17 16:58:30,112 [icarl.py] => Task 4, Epoch 148/200 => Loss 2.415, Loss_clf 0.090, Loss_kd 2.325, Train_accy 97.90
2025-04-17 16:58:35,836 [icarl.py] => Task 4, Epoch 149/200 => Loss 2.399, Loss_clf 0.073, Loss_kd 2.327, Train_accy 98.46
2025-04-17 16:58:41,533 [icarl.py] => Task 4, Epoch 150/200 => Loss 2.400, Loss_clf 0.076, Loss_kd 2.324, Train_accy 98.26
2025-04-17 16:58:47,304 [icarl.py] => Task 4, Epoch 151/200 => Loss 2.390, Loss_clf 0.076, Loss_kd 2.314, Train_accy 98.26
2025-04-17 16:58:53,007 [icarl.py] => Task 4, Epoch 152/200 => Loss 2.396, Loss_clf 0.082, Loss_kd 2.314, Train_accy 98.16
2025-04-17 16:58:58,688 [icarl.py] => Task 4, Epoch 153/200 => Loss 2.378, Loss_clf 0.065, Loss_kd 2.313, Train_accy 98.49
2025-04-17 16:59:04,396 [icarl.py] => Task 4, Epoch 154/200 => Loss 2.394, Loss_clf 0.074, Loss_kd 2.320, Train_accy 98.59
2025-04-17 16:59:10,112 [icarl.py] => Task 4, Epoch 155/200 => Loss 2.394, Loss_clf 0.077, Loss_kd 2.317, Train_accy 98.46
2025-04-17 16:59:15,813 [icarl.py] => Task 4, Epoch 156/200 => Loss 2.378, Loss_clf 0.069, Loss_kd 2.308, Train_accy 98.62
2025-04-17 16:59:21,526 [icarl.py] => Task 4, Epoch 157/200 => Loss 2.407, Loss_clf 0.081, Loss_kd 2.326, Train_accy 98.33
2025-04-17 16:59:27,253 [icarl.py] => Task 4, Epoch 158/200 => Loss 2.392, Loss_clf 0.071, Loss_kd 2.321, Train_accy 98.56
2025-04-17 16:59:32,930 [icarl.py] => Task 4, Epoch 159/200 => Loss 2.376, Loss_clf 0.072, Loss_kd 2.304, Train_accy 98.59
2025-04-17 16:59:38,606 [icarl.py] => Task 4, Epoch 160/200 => Loss 2.418, Loss_clf 0.083, Loss_kd 2.335, Train_accy 98.30
2025-04-17 16:59:56,455 [icarl.py] => Task 4, Epoch 161/200 => Loss 2.377, Loss_clf 0.060, Loss_kd 2.317, Train_accy 98.62, Test_accy {'Art': 18.54, 'Clipart': 37.96, 'Real World': 20.16, 'Product': 55.3}
2025-04-17 17:00:02,133 [icarl.py] => Task 4, Epoch 162/200 => Loss 2.389, Loss_clf 0.064, Loss_kd 2.325, Train_accy 98.52
2025-04-17 17:00:07,862 [icarl.py] => Task 4, Epoch 163/200 => Loss 2.374, Loss_clf 0.070, Loss_kd 2.305, Train_accy 98.59
2025-04-17 17:00:13,612 [icarl.py] => Task 4, Epoch 164/200 => Loss 2.397, Loss_clf 0.069, Loss_kd 2.328, Train_accy 98.52
2025-04-17 17:00:19,311 [icarl.py] => Task 4, Epoch 165/200 => Loss 2.385, Loss_clf 0.069, Loss_kd 2.317, Train_accy 98.59
2025-04-17 17:00:25,116 [icarl.py] => Task 4, Epoch 166/200 => Loss 2.386, Loss_clf 0.067, Loss_kd 2.319, Train_accy 98.82
2025-04-17 17:00:30,914 [icarl.py] => Task 4, Epoch 167/200 => Loss 2.377, Loss_clf 0.073, Loss_kd 2.304, Train_accy 98.52
2025-04-17 17:00:36,724 [icarl.py] => Task 4, Epoch 168/200 => Loss 2.382, Loss_clf 0.069, Loss_kd 2.313, Train_accy 98.59
2025-04-17 17:00:42,494 [icarl.py] => Task 4, Epoch 169/200 => Loss 2.394, Loss_clf 0.075, Loss_kd 2.320, Train_accy 98.59
2025-04-17 17:00:48,279 [icarl.py] => Task 4, Epoch 170/200 => Loss 2.403, Loss_clf 0.075, Loss_kd 2.328, Train_accy 98.43
2025-04-17 17:00:54,015 [icarl.py] => Task 4, Epoch 171/200 => Loss 2.370, Loss_clf 0.067, Loss_kd 2.303, Train_accy 98.59
2025-04-17 17:00:59,754 [icarl.py] => Task 4, Epoch 172/200 => Loss 2.417, Loss_clf 0.082, Loss_kd 2.335, Train_accy 98.26
2025-04-17 17:01:05,542 [icarl.py] => Task 4, Epoch 173/200 => Loss 2.365, Loss_clf 0.064, Loss_kd 2.301, Train_accy 98.75
2025-04-17 17:01:11,474 [icarl.py] => Task 4, Epoch 174/200 => Loss 2.396, Loss_clf 0.072, Loss_kd 2.324, Train_accy 98.69
2025-04-17 17:01:17,131 [icarl.py] => Task 4, Epoch 175/200 => Loss 2.378, Loss_clf 0.069, Loss_kd 2.308, Train_accy 98.62
2025-04-17 17:01:23,059 [icarl.py] => Task 4, Epoch 176/200 => Loss 2.371, Loss_clf 0.061, Loss_kd 2.310, Train_accy 98.75
2025-04-17 17:01:28,873 [icarl.py] => Task 4, Epoch 177/200 => Loss 2.398, Loss_clf 0.075, Loss_kd 2.322, Train_accy 98.33
2025-04-17 17:01:34,617 [icarl.py] => Task 4, Epoch 178/200 => Loss 2.367, Loss_clf 0.065, Loss_kd 2.303, Train_accy 98.79
2025-04-17 17:01:40,317 [icarl.py] => Task 4, Epoch 179/200 => Loss 2.384, Loss_clf 0.070, Loss_kd 2.314, Train_accy 98.30
2025-04-17 17:01:46,073 [icarl.py] => Task 4, Epoch 180/200 => Loss 2.376, Loss_clf 0.062, Loss_kd 2.313, Train_accy 98.75
2025-04-17 17:02:03,813 [icarl.py] => Task 4, Epoch 181/200 => Loss 2.389, Loss_clf 0.065, Loss_kd 2.324, Train_accy 98.72, Test_accy {'Art': 18.15, 'Clipart': 38.3, 'Real World': 22.27, 'Product': 55.85}
2025-04-17 17:02:09,525 [icarl.py] => Task 4, Epoch 182/200 => Loss 2.378, Loss_clf 0.059, Loss_kd 2.319, Train_accy 98.82
2025-04-17 17:02:15,220 [icarl.py] => Task 4, Epoch 183/200 => Loss 2.387, Loss_clf 0.075, Loss_kd 2.312, Train_accy 98.33
2025-04-17 17:02:20,938 [icarl.py] => Task 4, Epoch 184/200 => Loss 2.368, Loss_clf 0.055, Loss_kd 2.313, Train_accy 98.98
2025-04-17 17:02:26,632 [icarl.py] => Task 4, Epoch 185/200 => Loss 2.367, Loss_clf 0.062, Loss_kd 2.305, Train_accy 98.52
2025-04-17 17:02:32,362 [icarl.py] => Task 4, Epoch 186/200 => Loss 2.381, Loss_clf 0.063, Loss_kd 2.318, Train_accy 98.75
2025-04-17 17:02:38,110 [icarl.py] => Task 4, Epoch 187/200 => Loss 2.358, Loss_clf 0.055, Loss_kd 2.303, Train_accy 98.95
2025-04-17 17:02:43,858 [icarl.py] => Task 4, Epoch 188/200 => Loss 2.366, Loss_clf 0.061, Loss_kd 2.305, Train_accy 98.82
2025-04-17 17:02:49,599 [icarl.py] => Task 4, Epoch 189/200 => Loss 2.389, Loss_clf 0.077, Loss_kd 2.312, Train_accy 98.46
2025-04-17 17:02:55,355 [icarl.py] => Task 4, Epoch 190/200 => Loss 2.366, Loss_clf 0.063, Loss_kd 2.304, Train_accy 98.75
2025-04-17 17:03:01,061 [icarl.py] => Task 4, Epoch 191/200 => Loss 2.361, Loss_clf 0.062, Loss_kd 2.299, Train_accy 98.49
2025-04-17 17:03:06,752 [icarl.py] => Task 4, Epoch 192/200 => Loss 2.362, Loss_clf 0.064, Loss_kd 2.298, Train_accy 98.82
2025-04-17 17:03:12,485 [icarl.py] => Task 4, Epoch 193/200 => Loss 2.382, Loss_clf 0.066, Loss_kd 2.315, Train_accy 98.52
2025-04-17 17:03:18,215 [icarl.py] => Task 4, Epoch 194/200 => Loss 2.378, Loss_clf 0.064, Loss_kd 2.314, Train_accy 98.72
2025-04-17 17:03:23,938 [icarl.py] => Task 4, Epoch 195/200 => Loss 2.380, Loss_clf 0.064, Loss_kd 2.316, Train_accy 98.59
2025-04-17 17:03:29,625 [icarl.py] => Task 4, Epoch 196/200 => Loss 2.386, Loss_clf 0.062, Loss_kd 2.324, Train_accy 98.95
2025-04-17 17:03:35,342 [icarl.py] => Task 4, Epoch 197/200 => Loss 2.358, Loss_clf 0.049, Loss_kd 2.309, Train_accy 98.95
2025-04-17 17:03:41,081 [icarl.py] => Task 4, Epoch 198/200 => Loss 2.373, Loss_clf 0.068, Loss_kd 2.305, Train_accy 98.39
2025-04-17 17:03:47,331 [icarl.py] => Task 4, Epoch 199/200 => Loss 2.372, Loss_clf 0.065, Loss_kd 2.307, Train_accy 98.75
2025-04-17 17:03:53,079 [icarl.py] => Task 4, Epoch 200/200 => Loss 2.365, Loss_clf 0.064, Loss_kd 2.302, Train_accy 98.49
2025-04-17 17:03:53,080 [base.py] => Reducing exemplars...(20 per classes)
2025-04-17 17:04:12,045 [base.py] => Constructing exemplars...(20 per classes)
2025-04-17 17:04:50,724 [icarl.py] => Exemplar size: 1300
2025-04-17 17:04:51,679 [trainer.py] => CNN [Art]: {'total': 18.34, '00-12': 15.05, '13-25': 8.05, '26-38': 6.42, '39-51': 13.93, '52-64': 50.0, 'old': 10.95, 'new': 50.0}
2025-04-17 17:04:51,679 [trainer.py] => NME [Art]: {'total': 20.71, '00-12': 20.43, '13-25': 10.34, '26-38': 10.09, '39-51': 17.21, '52-64': 46.88, 'old': 14.6, 'new': 46.88}
2025-04-17 17:04:51,679 [trainer.py] => CNN [Art] top1 curve: [46.24, 35.56, 25.26, 16.79, 18.34]
2025-04-17 17:04:51,679 [trainer.py] => CNN [Art] top5 curve: [78.49, 63.89, 54.33, 42.82, 39.05]
2025-04-17 17:04:51,679 [trainer.py] => NME [Art] top1 curve: [47.31, 38.33, 24.22, 18.98, 20.71]
2025-04-17 17:04:51,679 [trainer.py] => NME [Art] top5 curve: [77.42, 62.78, 55.71, 44.04, 38.46]
2025-04-17 17:04:51,679 [trainer.py] => Average Accuracy [Art] (CNN): 28.438
2025-04-17 17:04:51,680 [trainer.py] => Average Accuracy [Art] (NME): 29.910000000000004
2025-04-17 17:04:51,680 [trainer.py] => CNN [Clipart]: {'total': 38.52, '00-12': 35.96, '13-25': 24.59, '26-38': 24.54, '39-51': 40.88, '52-64': 64.36, 'old': 31.63, 'new': 64.36}
2025-04-17 17:04:51,680 [trainer.py] => NME [Clipart]: {'total': 40.99, '00-12': 39.89, '13-25': 31.69, '26-38': 31.9, '39-51': 49.72, '52-64': 50.53, 'old': 38.44, 'new': 50.53}
2025-04-17 17:04:51,680 [trainer.py] => CNN [Clipart] top1 curve: [73.03, 63.43, 53.05, 48.09, 38.52]
2025-04-17 17:04:51,680 [trainer.py] => CNN [Clipart] top5 curve: [89.89, 82.83, 77.29, 70.21, 65.17]
2025-04-17 17:04:51,680 [trainer.py] => NME [Clipart] top1 curve: [70.22, 63.71, 52.48, 48.37, 40.99]
2025-04-17 17:04:51,680 [trainer.py] => NME [Clipart] top5 curve: [89.33, 82.27, 76.53, 71.06, 66.52]
2025-04-17 17:04:51,680 [trainer.py] => Average Accuracy [Clipart] (CNN): 55.224000000000004
2025-04-17 17:04:51,680 [trainer.py] => Average Accuracy [Clipart] (NME): 55.153999999999996
2025-04-17 17:04:51,680 [trainer.py] => CNN [Product]: {'total': 56.28, '00-12': 59.13, '13-25': 38.24, '26-38': 42.63, '39-51': 56.98, '52-64': 85.71, 'old': 49.67, 'new': 85.71}
2025-04-17 17:04:51,680 [trainer.py] => NME [Product]: {'total': 60.22, '00-12': 66.83, '13-25': 46.47, '26-38': 48.42, '39-51': 60.89, '52-64': 78.57, 'old': 56.09, 'new': 78.57}
2025-04-17 17:04:51,680 [trainer.py] => CNN [Product] top1 curve: [88.94, 74.6, 67.78, 62.25, 56.28]
2025-04-17 17:04:51,680 [trainer.py] => CNN [Product] top5 curve: [98.56, 91.53, 89.08, 86.21, 81.64]
2025-04-17 17:04:51,680 [trainer.py] => NME [Product] top1 curve: [87.02, 76.46, 68.31, 63.72, 60.22]
2025-04-17 17:04:51,680 [trainer.py] => NME [Product] top5 curve: [98.56, 94.18, 90.49, 87.55, 83.5]
2025-04-17 17:04:51,680 [trainer.py] => Average Accuracy [Product] (CNN): 69.97
2025-04-17 17:04:51,680 [trainer.py] => Average Accuracy [Product] (NME): 71.146
2025-04-17 17:04:51,680 [trainer.py] => CNN [Real World]: {'total': 22.38, '00-12': 25.54, '13-25': 6.32, '26-38': 17.13, '39-51': 20.63, '52-64': 42.94, 'old': 17.58, 'new': 42.94}
2025-04-17 17:04:51,680 [trainer.py] => NME [Real World]: {'total': 24.61, '00-12': 29.89, '13-25': 8.05, '26-38': 19.89, '39-51': 23.81, '52-64': 41.76, 'old': 20.6, 'new': 41.76}
2025-04-17 17:04:51,680 [trainer.py] => CNN [Real World] top1 curve: [51.09, 33.52, 30.06, 24.45, 22.38]
2025-04-17 17:04:51,680 [trainer.py] => CNN [Real World] top5 curve: [83.15, 63.69, 55.84, 50.27, 44.1]
2025-04-17 17:04:51,680 [trainer.py] => NME [Real World] top1 curve: [52.17, 34.08, 31.91, 27.34, 24.61]
2025-04-17 17:04:51,680 [trainer.py] => NME [Real World] top5 curve: [85.33, 66.48, 56.77, 51.65, 47.1]
2025-04-17 17:04:51,680 [trainer.py] => Average Accuracy [Real World] (CNN): 32.3
2025-04-17 17:04:51,681 [trainer.py] => Average Accuracy [Real World] (NME): 34.022000000000006
2025-04-17 17:04:51,681 [trainer.py] => NME Harmonic Mean : 30.6560
2025-04-17 17:04:51,681 [trainer.py] => NME Macro Mean : 36.6325
2025-04-17 17:04:51,681 [trainer.py] => CNN Harmonic Mean : 28.0905
2025-04-17 17:04:51,681 [trainer.py] => CNN Macro Mean : 33.8800
2025-04-17 17:04:51,681 [trainer.py] => Forgetting (CNN) [Art]: 21.7075
2025-04-17 17:04:51,682 [trainer.py] => Forgetting (CNN) [Clipart]: 34.005
2025-04-17 17:04:51,682 [trainer.py] => Forgetting (CNN) [Product]: 26.845
2025-04-17 17:04:51,683 [trainer.py] => Forgetting (CNN) [Real World]: 19.995
2025-04-17 17:04:51,683 [trainer.py] => Forgetting (NME) [Art]: 18.9825
2025-04-17 17:04:51,683 [trainer.py] => Forgetting (NME) [Clipart]: 23.0275
2025-04-17 17:04:51,683 [trainer.py] => Forgetting (NME) [Product]: 17.887499999999996
2025-04-17 17:04:51,683 [trainer.py] => Forgetting (NME) [Real World]: 15.215
'13_real world_art_top1':[46.24, 35.56, 25.26, 16.79, 18.34],
'13_real world_art_top5':[78.49, 63.89, 54.33, 42.82, 39.05],
'13_real world_clipart_top1':[73.03, 63.43, 53.05, 48.09, 38.52],
'13_real world_clipart_top5':[89.89, 82.83, 77.29, 70.21, 65.17],
'13_real world_product_top1':[88.94, 74.6, 67.78, 62.25, 56.28],
'13_real world_product_top5':[98.56, 91.53, 89.08, 86.21, 81.64],
'13_real world_real world_top1':[51.09, 33.52, 30.06, 24.45, 22.38],
'13_real world_real world_top5':[83.15, 63.69, 55.84, 50.27, 44.1],
