2025-06-26 20:12:50,532 [trainer.py] => config: ./exps/icarl.json
2025-06-26 20:12:50,532 [trainer.py] => prefix: reproduce
2025-06-26 20:12:50,532 [trainer.py] => dataset: officehome
2025-06-26 20:12:50,532 [trainer.py] => device: [device(type='cuda', index=0)]
2025-06-26 20:12:50,532 [trainer.py] => topk: 5
2025-06-26 20:12:50,532 [trainer.py] => inter_refinement: True
2025-06-26 20:12:50,532 [trainer.py] => intra_refinement: True
2025-06-26 20:12:50,532 [trainer.py] => inter_ref_high: False
2025-06-26 20:12:50,532 [trainer.py] => intra_ref_high: True
2025-06-26 20:12:50,532 [trainer.py] => lamda_ref: 0.15
2025-06-26 20:12:50,532 [trainer.py] => kernel: True
2025-06-26 20:12:50,532 [trainer.py] => k_cosine: False
2025-06-26 20:12:50,532 [trainer.py] => k_tstd: True
2025-06-26 20:12:50,532 [trainer.py] => lamda_kernel: 0.005
2025-06-26 20:12:50,533 [trainer.py] => EPSILON: 1e-08
2025-06-26 20:12:50,533 [trainer.py] => batch_size: 64
2025-06-26 20:12:50,533 [trainer.py] => init_epoch: 200
2025-06-26 20:12:50,533 [trainer.py] => epochs: 200
2025-06-26 20:12:50,533 [trainer.py] => memory_size: 1300
2025-06-26 20:12:50,533 [trainer.py] => memory_per_class: 20
2025-06-26 20:12:50,533 [trainer.py] => learning_rate: 0.1
2025-06-26 20:12:50,533 [trainer.py] => init_weight_decay: 0.0005
2025-06-26 20:12:50,533 [trainer.py] => weight_decay: 0.0002
2025-06-26 20:12:50,533 [trainer.py] => T: 2
2025-06-26 20:12:50,533 [trainer.py] => num_workers: 2
2025-06-26 20:12:50,533 [trainer.py] => fixed_memory: False
2025-06-26 20:12:50,533 [trainer.py] => shuffle: True
2025-06-26 20:12:50,533 [trainer.py] => init_cls: 5
2025-06-26 20:12:50,533 [trainer.py] => increment: 5
2025-06-26 20:12:50,533 [trainer.py] => model_name: icarl
2025-06-26 20:12:50,533 [trainer.py] => convnet_type: resnet34
2025-06-26 20:12:50,533 [trainer.py] => seed: 1993
2025-06-26 20:12:50,533 [trainer.py] => source_domain: ['Clipart', 'Product', 'Real World']
2025-06-26 20:12:50,533 [trainer.py] => target_domain: Art
2025-06-26 20:12:50,533 [trainer.py] => resume: False
2025-06-26 20:12:50,578 [data_manager.py] => [22, 56, 44, 45, 13, 8, 23, 54, 35, 52, 34, 61, 16, 6, 55, 20, 14, 38, 17, 63, 42, 10, 59, 43, 24, 2, 62, 21, 1, 15, 0, 37, 53, 27, 18, 46, 12, 25, 40, 30, 19, 47, 26, 36, 7, 28, 11, 5, 32, 41, 50, 4, 51, 58, 9, 60, 39, 31, 48, 3, 29, 64, 49, 57, 33]
2025-06-26 20:12:53,453 [trainer.py] => Training from scratch
2025-06-26 20:12:53,454 [trainer.py] => All params: 21284672
2025-06-26 20:12:53,454 [trainer.py] => Trainable params: 21284672
2025-06-26 20:12:53,455 [icarl.py] => Learning on 0-5
2025-06-26 20:13:07,155 [icarl.py] => Task 0, Epoch 1/200 => Loss 11.735, Loss_clf 11.735, Train_accy 18.89, Test_accy {'Art': 47.37, 'Clipart': 25.64, 'Real World': 20.55, 'Product': 22.35}
2025-06-26 20:13:15,374 [icarl.py] => Task 0, Epoch 2/200 => Loss 4.841, Loss_clf 4.841, Train_accy 17.93
2025-06-26 20:13:23,189 [icarl.py] => Task 0, Epoch 3/200 => Loss 2.518, Loss_clf 2.518, Train_accy 19.17
2025-06-26 20:13:31,635 [icarl.py] => Task 0, Epoch 4/200 => Loss 2.248, Loss_clf 2.248, Train_accy 23.12
2025-06-26 20:13:39,515 [icarl.py] => Task 0, Epoch 5/200 => Loss 2.033, Loss_clf 2.033, Train_accy 23.66
2025-06-26 20:13:47,325 [icarl.py] => Task 0, Epoch 6/200 => Loss 1.840, Loss_clf 1.840, Train_accy 28.68
2025-06-26 20:13:55,368 [icarl.py] => Task 0, Epoch 7/200 => Loss 1.778, Loss_clf 1.778, Train_accy 30.55
2025-06-26 20:14:04,037 [icarl.py] => Task 0, Epoch 8/200 => Loss 1.735, Loss_clf 1.735, Train_accy 31.48
2025-06-26 20:14:12,058 [icarl.py] => Task 0, Epoch 9/200 => Loss 1.713, Loss_clf 1.713, Train_accy 32.28
2025-06-26 20:14:19,774 [icarl.py] => Task 0, Epoch 10/200 => Loss 1.659, Loss_clf 1.659, Train_accy 36.33
2025-06-26 20:14:27,468 [icarl.py] => Task 0, Epoch 11/200 => Loss 1.653, Loss_clf 1.653, Train_accy 33.46
2025-06-26 20:14:35,470 [icarl.py] => Task 0, Epoch 12/200 => Loss 1.545, Loss_clf 1.545, Train_accy 36.66
2025-06-26 20:14:43,443 [icarl.py] => Task 0, Epoch 13/200 => Loss 1.573, Loss_clf 1.573, Train_accy 38.54
2025-06-26 20:14:51,332 [icarl.py] => Task 0, Epoch 14/200 => Loss 1.520, Loss_clf 1.520, Train_accy 38.38
2025-06-26 20:14:59,087 [icarl.py] => Task 0, Epoch 15/200 => Loss 1.534, Loss_clf 1.534, Train_accy 37.64
2025-06-26 20:15:06,880 [icarl.py] => Task 0, Epoch 16/200 => Loss 1.566, Loss_clf 1.566, Train_accy 36.58
2025-06-26 20:15:14,773 [icarl.py] => Task 0, Epoch 17/200 => Loss 1.430, Loss_clf 1.430, Train_accy 39.75
2025-06-26 20:15:23,097 [icarl.py] => Task 0, Epoch 18/200 => Loss 1.476, Loss_clf 1.476, Train_accy 38.32
2025-06-26 20:15:31,252 [icarl.py] => Task 0, Epoch 19/200 => Loss 1.457, Loss_clf 1.457, Train_accy 41.42
2025-06-26 20:15:39,378 [icarl.py] => Task 0, Epoch 20/200 => Loss 1.423, Loss_clf 1.423, Train_accy 42.40
2025-06-26 20:15:50,872 [icarl.py] => Task 0, Epoch 21/200 => Loss 1.450, Loss_clf 1.450, Train_accy 42.31, Test_accy {'Art': 44.74, 'Clipart': 32.05, 'Real World': 31.51, 'Product': 45.88}
2025-06-26 20:15:58,868 [icarl.py] => Task 0, Epoch 22/200 => Loss 1.387, Loss_clf 1.387, Train_accy 43.16
2025-06-26 20:16:06,693 [icarl.py] => Task 0, Epoch 23/200 => Loss 1.475, Loss_clf 1.475, Train_accy 39.29
2025-06-26 20:16:14,557 [icarl.py] => Task 0, Epoch 24/200 => Loss 1.428, Loss_clf 1.428, Train_accy 42.88
2025-06-26 20:16:22,425 [icarl.py] => Task 0, Epoch 25/200 => Loss 1.441, Loss_clf 1.441, Train_accy 43.90
2025-06-26 20:16:30,219 [icarl.py] => Task 0, Epoch 26/200 => Loss 1.433, Loss_clf 1.433, Train_accy 46.47
2025-06-26 20:16:37,787 [icarl.py] => Task 0, Epoch 27/200 => Loss 1.323, Loss_clf 1.323, Train_accy 49.52
2025-06-26 20:16:45,273 [icarl.py] => Task 0, Epoch 28/200 => Loss 1.388, Loss_clf 1.388, Train_accy 46.70
2025-06-26 20:16:53,056 [icarl.py] => Task 0, Epoch 29/200 => Loss 1.346, Loss_clf 1.346, Train_accy 47.00
2025-06-26 20:17:00,984 [icarl.py] => Task 0, Epoch 30/200 => Loss 1.304, Loss_clf 1.304, Train_accy 50.34
2025-06-26 20:17:09,142 [icarl.py] => Task 0, Epoch 31/200 => Loss 1.319, Loss_clf 1.319, Train_accy 47.95
2025-06-26 20:17:17,406 [icarl.py] => Task 0, Epoch 32/200 => Loss 1.369, Loss_clf 1.369, Train_accy 45.88
2025-06-26 20:17:25,596 [icarl.py] => Task 0, Epoch 33/200 => Loss 1.240, Loss_clf 1.240, Train_accy 50.58
2025-06-26 20:17:33,804 [icarl.py] => Task 0, Epoch 34/200 => Loss 1.272, Loss_clf 1.272, Train_accy 49.67
2025-06-26 20:17:41,396 [icarl.py] => Task 0, Epoch 35/200 => Loss 1.257, Loss_clf 1.257, Train_accy 50.14
2025-06-26 20:17:49,103 [icarl.py] => Task 0, Epoch 36/200 => Loss 1.281, Loss_clf 1.281, Train_accy 49.19
2025-06-26 20:17:56,795 [icarl.py] => Task 0, Epoch 37/200 => Loss 1.283, Loss_clf 1.283, Train_accy 49.86
2025-06-26 20:18:04,534 [icarl.py] => Task 0, Epoch 38/200 => Loss 1.217, Loss_clf 1.217, Train_accy 52.62
2025-06-26 20:18:12,208 [icarl.py] => Task 0, Epoch 39/200 => Loss 1.248, Loss_clf 1.248, Train_accy 50.05
2025-06-26 20:18:19,795 [icarl.py] => Task 0, Epoch 40/200 => Loss 1.177, Loss_clf 1.177, Train_accy 53.93
2025-06-26 20:18:31,214 [icarl.py] => Task 0, Epoch 41/200 => Loss 1.233, Loss_clf 1.233, Train_accy 52.44, Test_accy {'Art': 36.84, 'Clipart': 55.13, 'Real World': 52.05, 'Product': 55.29}
2025-06-26 20:18:39,493 [icarl.py] => Task 0, Epoch 42/200 => Loss 1.257, Loss_clf 1.257, Train_accy 50.56
2025-06-26 20:18:47,210 [icarl.py] => Task 0, Epoch 43/200 => Loss 1.247, Loss_clf 1.247, Train_accy 51.28
2025-06-26 20:18:54,938 [icarl.py] => Task 0, Epoch 44/200 => Loss 1.181, Loss_clf 1.181, Train_accy 52.72
2025-06-26 20:19:02,734 [icarl.py] => Task 0, Epoch 45/200 => Loss 1.166, Loss_clf 1.166, Train_accy 54.18
2025-06-26 20:19:10,562 [icarl.py] => Task 0, Epoch 46/200 => Loss 1.182, Loss_clf 1.182, Train_accy 54.48
2025-06-26 20:19:18,110 [icarl.py] => Task 0, Epoch 47/200 => Loss 1.120, Loss_clf 1.120, Train_accy 55.85
2025-06-26 20:19:25,675 [icarl.py] => Task 0, Epoch 48/200 => Loss 1.165, Loss_clf 1.165, Train_accy 53.53
2025-06-26 20:19:33,273 [icarl.py] => Task 0, Epoch 49/200 => Loss 1.126, Loss_clf 1.126, Train_accy 55.46
2025-06-26 20:19:40,848 [icarl.py] => Task 0, Epoch 50/200 => Loss 1.119, Loss_clf 1.119, Train_accy 55.38
2025-06-26 20:19:48,701 [icarl.py] => Task 0, Epoch 51/200 => Loss 1.083, Loss_clf 1.083, Train_accy 58.41
2025-06-26 20:19:56,444 [icarl.py] => Task 0, Epoch 52/200 => Loss 1.159, Loss_clf 1.159, Train_accy 55.83
2025-06-26 20:20:04,099 [icarl.py] => Task 0, Epoch 53/200 => Loss 1.079, Loss_clf 1.079, Train_accy 57.79
2025-06-26 20:20:11,616 [icarl.py] => Task 0, Epoch 54/200 => Loss 1.066, Loss_clf 1.066, Train_accy 58.86
2025-06-26 20:20:19,727 [icarl.py] => Task 0, Epoch 55/200 => Loss 1.066, Loss_clf 1.066, Train_accy 57.99
2025-06-26 20:20:27,449 [icarl.py] => Task 0, Epoch 56/200 => Loss 1.060, Loss_clf 1.060, Train_accy 58.09
2025-06-26 20:20:35,235 [icarl.py] => Task 0, Epoch 57/200 => Loss 1.027, Loss_clf 1.027, Train_accy 58.01
2025-06-26 20:20:42,958 [icarl.py] => Task 0, Epoch 58/200 => Loss 1.040, Loss_clf 1.040, Train_accy 57.32
2025-06-26 20:20:50,718 [icarl.py] => Task 0, Epoch 59/200 => Loss 0.980, Loss_clf 0.980, Train_accy 60.15
2025-06-26 20:20:58,608 [icarl.py] => Task 0, Epoch 60/200 => Loss 1.033, Loss_clf 1.033, Train_accy 59.13
2025-06-26 20:21:09,918 [icarl.py] => Task 0, Epoch 61/200 => Loss 1.060, Loss_clf 1.060, Train_accy 58.63, Test_accy {'Art': 28.95, 'Clipart': 58.97, 'Real World': 52.05, 'Product': 60.0}
2025-06-26 20:21:17,495 [icarl.py] => Task 0, Epoch 62/200 => Loss 1.016, Loss_clf 1.016, Train_accy 60.37
2025-06-26 20:21:25,129 [icarl.py] => Task 0, Epoch 63/200 => Loss 1.035, Loss_clf 1.035, Train_accy 58.97
2025-06-26 20:21:32,787 [icarl.py] => Task 0, Epoch 64/200 => Loss 1.027, Loss_clf 1.027, Train_accy 59.64
2025-06-26 20:21:40,545 [icarl.py] => Task 0, Epoch 65/200 => Loss 0.979, Loss_clf 0.979, Train_accy 60.23
2025-06-26 20:21:48,261 [icarl.py] => Task 0, Epoch 66/200 => Loss 1.090, Loss_clf 1.090, Train_accy 60.00
2025-06-26 20:21:56,487 [icarl.py] => Task 0, Epoch 67/200 => Loss 1.036, Loss_clf 1.036, Train_accy 59.31
2025-06-26 20:22:04,192 [icarl.py] => Task 0, Epoch 68/200 => Loss 0.978, Loss_clf 0.978, Train_accy 61.52
2025-06-26 20:22:11,757 [icarl.py] => Task 0, Epoch 69/200 => Loss 1.082, Loss_clf 1.082, Train_accy 59.67
2025-06-26 20:22:19,343 [icarl.py] => Task 0, Epoch 70/200 => Loss 0.990, Loss_clf 0.990, Train_accy 60.86
2025-06-26 20:22:26,949 [icarl.py] => Task 0, Epoch 71/200 => Loss 0.957, Loss_clf 0.957, Train_accy 62.50
2025-06-26 20:22:34,505 [icarl.py] => Task 0, Epoch 72/200 => Loss 0.963, Loss_clf 0.963, Train_accy 63.03
2025-06-26 20:22:42,172 [icarl.py] => Task 0, Epoch 73/200 => Loss 0.931, Loss_clf 0.931, Train_accy 63.88
2025-06-26 20:22:49,721 [icarl.py] => Task 0, Epoch 74/200 => Loss 0.902, Loss_clf 0.902, Train_accy 65.39
2025-06-26 20:22:57,460 [icarl.py] => Task 0, Epoch 75/200 => Loss 0.924, Loss_clf 0.924, Train_accy 64.38
2025-06-26 20:23:05,023 [icarl.py] => Task 0, Epoch 76/200 => Loss 0.885, Loss_clf 0.885, Train_accy 66.41
2025-06-26 20:23:12,709 [icarl.py] => Task 0, Epoch 77/200 => Loss 0.907, Loss_clf 0.907, Train_accy 64.55
2025-06-26 20:23:20,323 [icarl.py] => Task 0, Epoch 78/200 => Loss 0.898, Loss_clf 0.898, Train_accy 64.97
2025-06-26 20:23:28,218 [icarl.py] => Task 0, Epoch 79/200 => Loss 0.896, Loss_clf 0.896, Train_accy 67.64
2025-06-26 20:23:35,862 [icarl.py] => Task 0, Epoch 80/200 => Loss 0.946, Loss_clf 0.946, Train_accy 64.31
2025-06-26 20:23:47,106 [icarl.py] => Task 0, Epoch 81/200 => Loss 0.865, Loss_clf 0.865, Train_accy 65.04, Test_accy {'Art': 63.16, 'Clipart': 75.64, 'Real World': 65.75, 'Product': 77.65}
2025-06-26 20:23:55,101 [icarl.py] => Task 0, Epoch 82/200 => Loss 0.919, Loss_clf 0.919, Train_accy 66.25
2025-06-26 20:24:02,713 [icarl.py] => Task 0, Epoch 83/200 => Loss 0.882, Loss_clf 0.882, Train_accy 64.39
2025-06-26 20:24:10,268 [icarl.py] => Task 0, Epoch 84/200 => Loss 0.838, Loss_clf 0.838, Train_accy 67.83
2025-06-26 20:24:17,955 [icarl.py] => Task 0, Epoch 85/200 => Loss 0.884, Loss_clf 0.884, Train_accy 65.50
2025-06-26 20:24:25,618 [icarl.py] => Task 0, Epoch 86/200 => Loss 0.843, Loss_clf 0.843, Train_accy 67.34
2025-06-26 20:24:33,242 [icarl.py] => Task 0, Epoch 87/200 => Loss 0.853, Loss_clf 0.853, Train_accy 64.97
2025-06-26 20:24:40,781 [icarl.py] => Task 0, Epoch 88/200 => Loss 0.847, Loss_clf 0.847, Train_accy 68.40
2025-06-26 20:24:48,329 [icarl.py] => Task 0, Epoch 89/200 => Loss 0.809, Loss_clf 0.809, Train_accy 68.88
2025-06-26 20:24:55,929 [icarl.py] => Task 0, Epoch 90/200 => Loss 0.793, Loss_clf 0.793, Train_accy 68.71
2025-06-26 20:25:03,563 [icarl.py] => Task 0, Epoch 91/200 => Loss 0.795, Loss_clf 0.795, Train_accy 69.34
2025-06-26 20:25:11,194 [icarl.py] => Task 0, Epoch 92/200 => Loss 0.850, Loss_clf 0.850, Train_accy 68.93
2025-06-26 20:25:18,770 [icarl.py] => Task 0, Epoch 93/200 => Loss 0.807, Loss_clf 0.807, Train_accy 68.68
2025-06-26 20:25:26,452 [icarl.py] => Task 0, Epoch 94/200 => Loss 0.846, Loss_clf 0.846, Train_accy 68.33
2025-06-26 20:25:34,031 [icarl.py] => Task 0, Epoch 95/200 => Loss 0.780, Loss_clf 0.780, Train_accy 70.06
2025-06-26 20:25:41,600 [icarl.py] => Task 0, Epoch 96/200 => Loss 0.767, Loss_clf 0.767, Train_accy 70.71
2025-06-26 20:25:49,637 [icarl.py] => Task 0, Epoch 97/200 => Loss 0.774, Loss_clf 0.774, Train_accy 70.51
2025-06-26 20:25:57,100 [icarl.py] => Task 0, Epoch 98/200 => Loss 0.753, Loss_clf 0.753, Train_accy 71.50
2025-06-26 20:26:04,582 [icarl.py] => Task 0, Epoch 99/200 => Loss 0.769, Loss_clf 0.769, Train_accy 70.77
2025-06-26 20:26:12,078 [icarl.py] => Task 0, Epoch 100/200 => Loss 0.765, Loss_clf 0.765, Train_accy 70.93
2025-06-26 20:26:23,235 [icarl.py] => Task 0, Epoch 101/200 => Loss 0.750, Loss_clf 0.750, Train_accy 70.79, Test_accy {'Art': 52.63, 'Clipart': 74.36, 'Real World': 69.86, 'Product': 82.35}
2025-06-26 20:26:30,885 [icarl.py] => Task 0, Epoch 102/200 => Loss 0.700, Loss_clf 0.700, Train_accy 72.45
2025-06-26 20:26:38,463 [icarl.py] => Task 0, Epoch 103/200 => Loss 0.732, Loss_clf 0.732, Train_accy 73.29
2025-06-26 20:26:45,953 [icarl.py] => Task 0, Epoch 104/200 => Loss 0.762, Loss_clf 0.762, Train_accy 70.34
2025-06-26 20:26:53,391 [icarl.py] => Task 0, Epoch 105/200 => Loss 0.775, Loss_clf 0.775, Train_accy 70.52
2025-06-26 20:27:00,910 [icarl.py] => Task 0, Epoch 106/200 => Loss 0.751, Loss_clf 0.751, Train_accy 71.72
2025-06-26 20:27:08,792 [icarl.py] => Task 0, Epoch 107/200 => Loss 0.711, Loss_clf 0.711, Train_accy 73.57
2025-06-26 20:27:16,329 [icarl.py] => Task 0, Epoch 108/200 => Loss 0.670, Loss_clf 0.670, Train_accy 73.58
2025-06-26 20:27:23,853 [icarl.py] => Task 0, Epoch 109/200 => Loss 0.648, Loss_clf 0.648, Train_accy 74.73
2025-06-26 20:27:31,462 [icarl.py] => Task 0, Epoch 110/200 => Loss 0.713, Loss_clf 0.713, Train_accy 72.13
2025-06-26 20:27:39,108 [icarl.py] => Task 0, Epoch 111/200 => Loss 0.721, Loss_clf 0.721, Train_accy 74.90
2025-06-26 20:27:46,672 [icarl.py] => Task 0, Epoch 112/200 => Loss 0.638, Loss_clf 0.638, Train_accy 74.48
2025-06-26 20:27:54,278 [icarl.py] => Task 0, Epoch 113/200 => Loss 0.643, Loss_clf 0.643, Train_accy 75.00
2025-06-26 20:28:01,764 [icarl.py] => Task 0, Epoch 114/200 => Loss 0.651, Loss_clf 0.651, Train_accy 75.42
2025-06-26 20:28:09,289 [icarl.py] => Task 0, Epoch 115/200 => Loss 0.697, Loss_clf 0.697, Train_accy 72.78
2025-06-26 20:28:16,813 [icarl.py] => Task 0, Epoch 116/200 => Loss 0.635, Loss_clf 0.635, Train_accy 74.85
2025-06-26 20:28:24,484 [icarl.py] => Task 0, Epoch 117/200 => Loss 0.677, Loss_clf 0.677, Train_accy 74.47
2025-06-26 20:28:31,917 [icarl.py] => Task 0, Epoch 118/200 => Loss 0.639, Loss_clf 0.639, Train_accy 76.04
2025-06-26 20:28:39,364 [icarl.py] => Task 0, Epoch 119/200 => Loss 0.654, Loss_clf 0.654, Train_accy 75.24
2025-06-26 20:28:46,811 [icarl.py] => Task 0, Epoch 120/200 => Loss 0.609, Loss_clf 0.609, Train_accy 77.41
2025-06-26 20:28:57,862 [icarl.py] => Task 0, Epoch 121/200 => Loss 0.574, Loss_clf 0.574, Train_accy 77.95, Test_accy {'Art': 65.79, 'Clipart': 79.49, 'Real World': 73.97, 'Product': 84.71}
2025-06-26 20:29:05,457 [icarl.py] => Task 0, Epoch 122/200 => Loss 0.633, Loss_clf 0.633, Train_accy 76.35
2025-06-26 20:29:12,983 [icarl.py] => Task 0, Epoch 123/200 => Loss 0.600, Loss_clf 0.600, Train_accy 79.25
2025-06-26 20:29:20,579 [icarl.py] => Task 0, Epoch 124/200 => Loss 0.678, Loss_clf 0.678, Train_accy 73.54
2025-06-26 20:29:28,067 [icarl.py] => Task 0, Epoch 125/200 => Loss 0.633, Loss_clf 0.633, Train_accy 74.93
2025-06-26 20:29:35,561 [icarl.py] => Task 0, Epoch 126/200 => Loss 0.581, Loss_clf 0.581, Train_accy 77.97
2025-06-26 20:29:43,043 [icarl.py] => Task 0, Epoch 127/200 => Loss 0.604, Loss_clf 0.604, Train_accy 77.71
2025-06-26 20:29:50,240 [icarl.py] => Task 0, Epoch 128/200 => Loss 0.544, Loss_clf 0.544, Train_accy 82.01
2025-06-26 20:29:57,794 [icarl.py] => Task 0, Epoch 129/200 => Loss 0.584, Loss_clf 0.584, Train_accy 78.52
2025-06-26 20:30:05,302 [icarl.py] => Task 0, Epoch 130/200 => Loss 0.522, Loss_clf 0.522, Train_accy 80.65
2025-06-26 20:30:12,824 [icarl.py] => Task 0, Epoch 131/200 => Loss 0.584, Loss_clf 0.584, Train_accy 79.30
2025-06-26 20:30:20,323 [icarl.py] => Task 0, Epoch 132/200 => Loss 0.567, Loss_clf 0.567, Train_accy 77.98
2025-06-26 20:30:28,231 [icarl.py] => Task 0, Epoch 133/200 => Loss 0.569, Loss_clf 0.569, Train_accy 77.99
2025-06-26 20:30:35,705 [icarl.py] => Task 0, Epoch 134/200 => Loss 0.517, Loss_clf 0.517, Train_accy 81.06
2025-06-26 20:30:43,193 [icarl.py] => Task 0, Epoch 135/200 => Loss 0.528, Loss_clf 0.528, Train_accy 80.68
2025-06-26 20:30:51,109 [icarl.py] => Task 0, Epoch 136/200 => Loss 0.543, Loss_clf 0.543, Train_accy 80.87
2025-06-26 20:30:58,638 [icarl.py] => Task 0, Epoch 137/200 => Loss 0.546, Loss_clf 0.546, Train_accy 79.96
2025-06-26 20:31:06,197 [icarl.py] => Task 0, Epoch 138/200 => Loss 0.539, Loss_clf 0.539, Train_accy 80.76
2025-06-26 20:31:13,699 [icarl.py] => Task 0, Epoch 139/200 => Loss 0.506, Loss_clf 0.506, Train_accy 81.03
2025-06-26 20:31:21,204 [icarl.py] => Task 0, Epoch 140/200 => Loss 0.480, Loss_clf 0.480, Train_accy 82.04
2025-06-26 20:31:32,367 [icarl.py] => Task 0, Epoch 141/200 => Loss 0.562, Loss_clf 0.562, Train_accy 80.12, Test_accy {'Art': 52.63, 'Clipart': 80.77, 'Real World': 72.6, 'Product': 83.53}
2025-06-26 20:31:39,876 [icarl.py] => Task 0, Epoch 142/200 => Loss 0.545, Loss_clf 0.545, Train_accy 80.49
2025-06-26 20:31:47,360 [icarl.py] => Task 0, Epoch 143/200 => Loss 0.554, Loss_clf 0.554, Train_accy 81.15
2025-06-26 20:31:54,856 [icarl.py] => Task 0, Epoch 144/200 => Loss 0.505, Loss_clf 0.505, Train_accy 81.67
2025-06-26 20:32:02,388 [icarl.py] => Task 0, Epoch 145/200 => Loss 0.506, Loss_clf 0.506, Train_accy 81.51
2025-06-26 20:32:09,870 [icarl.py] => Task 0, Epoch 146/200 => Loss 0.483, Loss_clf 0.483, Train_accy 80.82
2025-06-26 20:32:17,468 [icarl.py] => Task 0, Epoch 147/200 => Loss 0.464, Loss_clf 0.464, Train_accy 83.12
2025-06-26 20:32:24,930 [icarl.py] => Task 0, Epoch 148/200 => Loss 0.511, Loss_clf 0.511, Train_accy 81.08
2025-06-26 20:32:32,427 [icarl.py] => Task 0, Epoch 149/200 => Loss 0.465, Loss_clf 0.465, Train_accy 82.32
2025-06-26 20:32:39,912 [icarl.py] => Task 0, Epoch 150/200 => Loss 0.460, Loss_clf 0.460, Train_accy 83.12
2025-06-26 20:32:47,487 [icarl.py] => Task 0, Epoch 151/200 => Loss 0.501, Loss_clf 0.501, Train_accy 79.50
2025-06-26 20:32:55,015 [icarl.py] => Task 0, Epoch 152/200 => Loss 0.466, Loss_clf 0.466, Train_accy 84.16
2025-06-26 20:33:02,545 [icarl.py] => Task 0, Epoch 153/200 => Loss 0.426, Loss_clf 0.426, Train_accy 83.92
2025-06-26 20:33:10,079 [icarl.py] => Task 0, Epoch 154/200 => Loss 0.408, Loss_clf 0.408, Train_accy 85.76
2025-06-26 20:33:17,632 [icarl.py] => Task 0, Epoch 155/200 => Loss 0.460, Loss_clf 0.460, Train_accy 83.53
2025-06-26 20:33:25,076 [icarl.py] => Task 0, Epoch 156/200 => Loss 0.401, Loss_clf 0.401, Train_accy 83.87
2025-06-26 20:33:32,558 [icarl.py] => Task 0, Epoch 157/200 => Loss 0.438, Loss_clf 0.438, Train_accy 85.04
2025-06-26 20:33:40,019 [icarl.py] => Task 0, Epoch 158/200 => Loss 0.386, Loss_clf 0.386, Train_accy 85.66
2025-06-26 20:33:47,551 [icarl.py] => Task 0, Epoch 159/200 => Loss 0.432, Loss_clf 0.432, Train_accy 83.63
2025-06-26 20:33:55,057 [icarl.py] => Task 0, Epoch 160/200 => Loss 0.387, Loss_clf 0.387, Train_accy 86.73
2025-06-26 20:34:06,048 [icarl.py] => Task 0, Epoch 161/200 => Loss 0.396, Loss_clf 0.396, Train_accy 85.43, Test_accy {'Art': 60.53, 'Clipart': 75.64, 'Real World': 72.6, 'Product': 87.06}
2025-06-26 20:34:13,472 [icarl.py] => Task 0, Epoch 162/200 => Loss 0.374, Loss_clf 0.374, Train_accy 85.74
2025-06-26 20:34:20,978 [icarl.py] => Task 0, Epoch 163/200 => Loss 0.384, Loss_clf 0.384, Train_accy 85.56
2025-06-26 20:34:28,514 [icarl.py] => Task 0, Epoch 164/200 => Loss 0.445, Loss_clf 0.445, Train_accy 82.95
2025-06-26 20:34:35,980 [icarl.py] => Task 0, Epoch 165/200 => Loss 0.404, Loss_clf 0.404, Train_accy 85.93
2025-06-26 20:34:43,112 [icarl.py] => Task 0, Epoch 166/200 => Loss 0.403, Loss_clf 0.403, Train_accy 84.76
2025-06-26 20:34:50,622 [icarl.py] => Task 0, Epoch 167/200 => Loss 0.414, Loss_clf 0.414, Train_accy 84.82
2025-06-26 20:34:58,174 [icarl.py] => Task 0, Epoch 168/200 => Loss 0.384, Loss_clf 0.384, Train_accy 85.57
2025-06-26 20:35:05,704 [icarl.py] => Task 0, Epoch 169/200 => Loss 0.365, Loss_clf 0.365, Train_accy 87.35
2025-06-26 20:35:12,997 [icarl.py] => Task 0, Epoch 170/200 => Loss 0.392, Loss_clf 0.392, Train_accy 86.28
2025-06-26 20:35:20,368 [icarl.py] => Task 0, Epoch 171/200 => Loss 0.396, Loss_clf 0.396, Train_accy 86.13
2025-06-26 20:35:28,075 [icarl.py] => Task 0, Epoch 172/200 => Loss 0.330, Loss_clf 0.330, Train_accy 88.22
2025-06-26 20:35:35,740 [icarl.py] => Task 0, Epoch 173/200 => Loss 0.388, Loss_clf 0.388, Train_accy 86.66
2025-06-26 20:35:43,375 [icarl.py] => Task 0, Epoch 174/200 => Loss 0.334, Loss_clf 0.334, Train_accy 88.90
2025-06-26 20:35:50,955 [icarl.py] => Task 0, Epoch 175/200 => Loss 0.334, Loss_clf 0.334, Train_accy 88.01
2025-06-26 20:35:58,620 [icarl.py] => Task 0, Epoch 176/200 => Loss 0.344, Loss_clf 0.344, Train_accy 87.64
2025-06-26 20:36:06,293 [icarl.py] => Task 0, Epoch 177/200 => Loss 0.364, Loss_clf 0.364, Train_accy 86.41
2025-06-26 20:36:14,025 [icarl.py] => Task 0, Epoch 178/200 => Loss 0.338, Loss_clf 0.338, Train_accy 87.84
2025-06-26 20:36:21,667 [icarl.py] => Task 0, Epoch 179/200 => Loss 0.368, Loss_clf 0.368, Train_accy 86.59
2025-06-26 20:36:28,987 [icarl.py] => Task 0, Epoch 180/200 => Loss 0.306, Loss_clf 0.306, Train_accy 89.40
2025-06-26 20:36:40,367 [icarl.py] => Task 0, Epoch 181/200 => Loss 0.359, Loss_clf 0.359, Train_accy 86.56, Test_accy {'Art': 57.89, 'Clipart': 75.64, 'Real World': 69.86, 'Product': 87.06}
2025-06-26 20:36:47,633 [icarl.py] => Task 0, Epoch 182/200 => Loss 0.367, Loss_clf 0.367, Train_accy 87.60
2025-06-26 20:36:55,176 [icarl.py] => Task 0, Epoch 183/200 => Loss 0.350, Loss_clf 0.350, Train_accy 87.30
2025-06-26 20:37:02,669 [icarl.py] => Task 0, Epoch 184/200 => Loss 0.344, Loss_clf 0.344, Train_accy 87.20
2025-06-26 20:37:10,383 [icarl.py] => Task 0, Epoch 185/200 => Loss 0.325, Loss_clf 0.325, Train_accy 88.16
2025-06-26 20:37:17,948 [icarl.py] => Task 0, Epoch 186/200 => Loss 0.319, Loss_clf 0.319, Train_accy 88.40
2025-06-26 20:37:25,447 [icarl.py] => Task 0, Epoch 187/200 => Loss 0.325, Loss_clf 0.325, Train_accy 88.64
2025-06-26 20:37:33,102 [icarl.py] => Task 0, Epoch 188/200 => Loss 0.305, Loss_clf 0.305, Train_accy 89.43
2025-06-26 20:37:40,819 [icarl.py] => Task 0, Epoch 189/200 => Loss 0.338, Loss_clf 0.338, Train_accy 89.00
2025-06-26 20:37:48,490 [icarl.py] => Task 0, Epoch 190/200 => Loss 0.346, Loss_clf 0.346, Train_accy 87.75
2025-06-26 20:37:56,140 [icarl.py] => Task 0, Epoch 191/200 => Loss 0.335, Loss_clf 0.335, Train_accy 87.90
2025-06-26 20:38:03,751 [icarl.py] => Task 0, Epoch 192/200 => Loss 0.314, Loss_clf 0.314, Train_accy 88.99
2025-06-26 20:38:11,354 [icarl.py] => Task 0, Epoch 193/200 => Loss 0.297, Loss_clf 0.297, Train_accy 89.25
2025-06-26 20:38:19,028 [icarl.py] => Task 0, Epoch 194/200 => Loss 0.316, Loss_clf 0.316, Train_accy 89.09
2025-06-26 20:38:26,547 [icarl.py] => Task 0, Epoch 195/200 => Loss 0.324, Loss_clf 0.324, Train_accy 87.38
2025-06-26 20:38:33,772 [icarl.py] => Task 0, Epoch 196/200 => Loss 0.312, Loss_clf 0.312, Train_accy 88.67
2025-06-26 20:38:40,973 [icarl.py] => Task 0, Epoch 197/200 => Loss 0.296, Loss_clf 0.296, Train_accy 88.77
2025-06-26 20:38:48,520 [icarl.py] => Task 0, Epoch 198/200 => Loss 0.298, Loss_clf 0.298, Train_accy 88.69
2025-06-26 20:38:55,546 [icarl.py] => Task 0, Epoch 199/200 => Loss 0.279, Loss_clf 0.279, Train_accy 91.09
2025-06-26 20:39:03,292 [icarl.py] => Task 0, Epoch 200/200 => Loss 0.315, Loss_clf 0.315, Train_accy 88.24
2025-06-26 20:39:03,293 [base.py] => Reducing exemplars...(260 per classes)
2025-06-26 20:39:03,293 [base.py] => Constructing exemplars...(260 per classes)
2025-06-26 20:39:25,340 [icarl.py] => Exemplar size: 1300
2025-06-26 20:39:25,681 [trainer.py] => CNN [Art]: {'total': 57.89, '00-04': 57.89, 'old': 0, 'new': 57.89}
2025-06-26 20:39:25,681 [trainer.py] => NME [Art]: {'total': 63.16, '00-04': 63.16, 'old': 0, 'new': 63.16}
2025-06-26 20:39:25,681 [trainer.py] => CNN [Art] top1 curve: [57.89]
2025-06-26 20:39:25,681 [trainer.py] => CNN [Art] top5 curve: [97.37]
2025-06-26 20:39:25,681 [trainer.py] => NME [Art] top1 curve: [63.16]
2025-06-26 20:39:25,681 [trainer.py] => NME [Art] top5 curve: [100.0]
2025-06-26 20:39:25,681 [trainer.py] => Average Accuracy [Art] (CNN): 57.89
2025-06-26 20:39:25,681 [trainer.py] => Average Accuracy [Art] (NME): 63.16
2025-06-26 20:39:25,682 [trainer.py] => CNN [Clipart]: {'total': 75.64, '00-04': 75.64, 'old': 0, 'new': 75.64}
2025-06-26 20:39:25,682 [trainer.py] => NME [Clipart]: {'total': 71.79, '00-04': 71.79, 'old': 0, 'new': 71.79}
2025-06-26 20:39:25,682 [trainer.py] => CNN [Clipart] top1 curve: [75.64]
2025-06-26 20:39:25,682 [trainer.py] => CNN [Clipart] top5 curve: [98.72]
2025-06-26 20:39:25,682 [trainer.py] => NME [Clipart] top1 curve: [71.79]
2025-06-26 20:39:25,682 [trainer.py] => NME [Clipart] top5 curve: [100.0]
2025-06-26 20:39:25,682 [trainer.py] => Average Accuracy [Clipart] (CNN): 75.64
2025-06-26 20:39:25,682 [trainer.py] => Average Accuracy [Clipart] (NME): 71.79
2025-06-26 20:39:25,682 [trainer.py] => CNN [Product]: {'total': 85.88, '00-04': 85.88, 'old': 0, 'new': 85.88}
2025-06-26 20:39:25,682 [trainer.py] => NME [Product]: {'total': 90.59, '00-04': 90.59, 'old': 0, 'new': 90.59}
2025-06-26 20:39:25,682 [trainer.py] => CNN [Product] top1 curve: [85.88]
2025-06-26 20:39:25,682 [trainer.py] => CNN [Product] top5 curve: [100.0]
2025-06-26 20:39:25,682 [trainer.py] => NME [Product] top1 curve: [90.59]
2025-06-26 20:39:25,682 [trainer.py] => NME [Product] top5 curve: [100.0]
2025-06-26 20:39:25,682 [trainer.py] => Average Accuracy [Product] (CNN): 85.88
2025-06-26 20:39:25,682 [trainer.py] => Average Accuracy [Product] (NME): 90.59
2025-06-26 20:39:25,682 [trainer.py] => CNN [Real World]: {'total': 71.23, '00-04': 71.23, 'old': 0, 'new': 71.23}
2025-06-26 20:39:25,682 [trainer.py] => NME [Real World]: {'total': 79.45, '00-04': 79.45, 'old': 0, 'new': 79.45}
2025-06-26 20:39:25,682 [trainer.py] => CNN [Real World] top1 curve: [71.23]
2025-06-26 20:39:25,682 [trainer.py] => CNN [Real World] top5 curve: [100.0]
2025-06-26 20:39:25,682 [trainer.py] => NME [Real World] top1 curve: [79.45]
2025-06-26 20:39:25,682 [trainer.py] => NME [Real World] top5 curve: [100.0]
2025-06-26 20:39:25,682 [trainer.py] => Average Accuracy [Real World] (CNN): 71.23
2025-06-26 20:39:25,682 [trainer.py] => Average Accuracy [Real World] (NME): 79.45
2025-06-26 20:39:25,682 [trainer.py] => NME Harmonic Mean : 70.8260
2025-06-26 20:39:25,682 [trainer.py] => NME Macro Mean : 76.2475
2025-06-26 20:39:25,683 [trainer.py] => CNN Harmonic Mean : 66.3053
2025-06-26 20:39:25,683 [trainer.py] => CNN Macro Mean : 72.6600
2025-06-26 20:39:25,683 [trainer.py] => All params: 21292367
2025-06-26 20:39:25,683 [trainer.py] => Trainable params: 21292367
2025-06-26 20:39:25,684 [icarl.py] => Learning on 5-10
2025-06-26 20:39:48,968 [icarl.py] => Task 1, Epoch 1/200 => Loss 3.361, Loss_clf 2.136, Loss_kd 1.213, Loss_kernel 0.011, Train_accy 38.90, Test_accy {'Art': 27.78, 'Clipart': 40.71, 'Real World': 39.01, 'Product': 47.27}
2025-06-26 20:40:04,616 [icarl.py] => Task 1, Epoch 2/200 => Loss 2.912, Loss_clf 1.723, Loss_kd 1.178, Loss_kernel 0.011, Train_accy 42.62
2025-06-26 20:40:21,238 [icarl.py] => Task 1, Epoch 3/200 => Loss 2.754, Loss_clf 1.620, Loss_kd 1.124, Loss_kernel 0.009, Train_accy 46.98
2025-06-26 20:40:37,747 [icarl.py] => Task 1, Epoch 4/200 => Loss 2.687, Loss_clf 1.566, Loss_kd 1.111, Loss_kernel 0.010, Train_accy 48.77
2025-06-26 20:40:54,381 [icarl.py] => Task 1, Epoch 5/200 => Loss 2.577, Loss_clf 1.477, Loss_kd 1.091, Loss_kernel 0.009, Train_accy 49.00
2025-06-26 20:41:15,132 [icarl.py] => Task 1, Epoch 6/200 => Loss 2.599, Loss_clf 1.493, Loss_kd 1.097, Loss_kernel 0.009, Train_accy 50.59, Test_accy {'Art': 37.5, 'Clipart': 49.29, 'Real World': 46.1, 'Product': 46.67}
2025-06-26 20:41:32,208 [icarl.py] => Task 1, Epoch 7/200 => Loss 2.456, Loss_clf 1.387, Loss_kd 1.060, Loss_kernel 0.009, Train_accy 53.32
2025-06-26 20:41:48,416 [icarl.py] => Task 1, Epoch 8/200 => Loss 2.453, Loss_clf 1.382, Loss_kd 1.061, Loss_kernel 0.009, Train_accy 54.41
2025-06-26 20:42:03,859 [icarl.py] => Task 1, Epoch 9/200 => Loss 2.298, Loss_clf 1.268, Loss_kd 1.022, Loss_kernel 0.009, Train_accy 57.12
2025-06-26 20:42:20,306 [icarl.py] => Task 1, Epoch 10/200 => Loss 2.329, Loss_clf 1.281, Loss_kd 1.038, Loss_kernel 0.010, Train_accy 57.96
2025-06-26 20:42:42,065 [icarl.py] => Task 1, Epoch 11/200 => Loss 2.278, Loss_clf 1.235, Loss_kd 1.033, Loss_kernel 0.010, Train_accy 58.78, Test_accy {'Art': 36.11, 'Clipart': 51.43, 'Real World': 59.57, 'Product': 55.15}
2025-06-26 20:42:58,815 [icarl.py] => Task 1, Epoch 12/200 => Loss 2.288, Loss_clf 1.234, Loss_kd 1.043, Loss_kernel 0.011, Train_accy 57.96
2025-06-26 20:43:14,740 [icarl.py] => Task 1, Epoch 13/200 => Loss 2.244, Loss_clf 1.202, Loss_kd 1.031, Loss_kernel 0.011, Train_accy 59.58
2025-06-26 20:43:31,335 [icarl.py] => Task 1, Epoch 14/200 => Loss 2.165, Loss_clf 1.142, Loss_kd 1.012, Loss_kernel 0.011, Train_accy 61.36
2025-06-26 20:43:48,208 [icarl.py] => Task 1, Epoch 15/200 => Loss 2.136, Loss_clf 1.097, Loss_kd 1.027, Loss_kernel 0.011, Train_accy 62.59
2025-06-26 20:44:08,467 [icarl.py] => Task 1, Epoch 16/200 => Loss 2.165, Loss_clf 1.134, Loss_kd 1.020, Loss_kernel 0.011, Train_accy 61.54, Test_accy {'Art': 43.06, 'Clipart': 52.86, 'Real World': 48.23, 'Product': 53.94}
2025-06-26 20:44:24,019 [icarl.py] => Task 1, Epoch 17/200 => Loss 2.140, Loss_clf 1.099, Loss_kd 1.029, Loss_kernel 0.012, Train_accy 63.26
2025-06-26 20:44:40,297 [icarl.py] => Task 1, Epoch 18/200 => Loss 2.181, Loss_clf 1.137, Loss_kd 1.032, Loss_kernel 0.012, Train_accy 62.99
2025-06-26 20:44:55,900 [icarl.py] => Task 1, Epoch 19/200 => Loss 2.104, Loss_clf 1.082, Loss_kd 1.010, Loss_kernel 0.012, Train_accy 63.58
2025-06-26 20:45:12,341 [icarl.py] => Task 1, Epoch 20/200 => Loss 2.049, Loss_clf 1.048, Loss_kd 0.989, Loss_kernel 0.011, Train_accy 63.35
2025-06-26 20:45:32,366 [icarl.py] => Task 1, Epoch 21/200 => Loss 2.044, Loss_clf 1.028, Loss_kd 1.004, Loss_kernel 0.012, Train_accy 65.96, Test_accy {'Art': 37.5, 'Clipart': 59.29, 'Real World': 57.45, 'Product': 61.82}
2025-06-26 20:45:47,682 [icarl.py] => Task 1, Epoch 22/200 => Loss 2.039, Loss_clf 1.026, Loss_kd 1.000, Loss_kernel 0.012, Train_accy 64.46
2025-06-26 20:46:04,154 [icarl.py] => Task 1, Epoch 23/200 => Loss 2.000, Loss_clf 0.990, Loss_kd 0.999, Loss_kernel 0.012, Train_accy 66.09
2025-06-26 20:46:20,180 [icarl.py] => Task 1, Epoch 24/200 => Loss 1.991, Loss_clf 0.976, Loss_kd 1.002, Loss_kernel 0.013, Train_accy 67.11
2025-06-26 20:46:36,270 [icarl.py] => Task 1, Epoch 25/200 => Loss 1.974, Loss_clf 0.964, Loss_kd 0.998, Loss_kernel 0.012, Train_accy 66.24
2025-06-26 20:46:56,417 [icarl.py] => Task 1, Epoch 26/200 => Loss 1.895, Loss_clf 0.903, Loss_kd 0.980, Loss_kernel 0.012, Train_accy 68.97, Test_accy {'Art': 43.06, 'Clipart': 57.14, 'Real World': 51.77, 'Product': 63.64}
2025-06-26 20:47:12,223 [icarl.py] => Task 1, Epoch 27/200 => Loss 1.921, Loss_clf 0.925, Loss_kd 0.985, Loss_kernel 0.012, Train_accy 68.03
2025-06-26 20:47:28,458 [icarl.py] => Task 1, Epoch 28/200 => Loss 1.977, Loss_clf 0.955, Loss_kd 1.008, Loss_kernel 0.013, Train_accy 68.80
2025-06-26 20:47:45,696 [icarl.py] => Task 1, Epoch 29/200 => Loss 1.916, Loss_clf 0.923, Loss_kd 0.981, Loss_kernel 0.012, Train_accy 68.70
2025-06-26 20:47:59,850 [icarl.py] => Task 1, Epoch 30/200 => Loss 1.838, Loss_clf 0.855, Loss_kd 0.969, Loss_kernel 0.013, Train_accy 70.20
2025-06-26 20:48:19,975 [icarl.py] => Task 1, Epoch 31/200 => Loss 1.851, Loss_clf 0.863, Loss_kd 0.975, Loss_kernel 0.013, Train_accy 70.80, Test_accy {'Art': 43.06, 'Clipart': 62.14, 'Real World': 65.25, 'Product': 73.94}
2025-06-26 20:48:35,588 [icarl.py] => Task 1, Epoch 32/200 => Loss 1.813, Loss_clf 0.818, Loss_kd 0.982, Loss_kernel 0.014, Train_accy 70.79
2025-06-26 20:48:50,479 [icarl.py] => Task 1, Epoch 33/200 => Loss 1.801, Loss_clf 0.810, Loss_kd 0.978, Loss_kernel 0.013, Train_accy 72.53
2025-06-26 20:49:05,221 [icarl.py] => Task 1, Epoch 34/200 => Loss 1.829, Loss_clf 0.835, Loss_kd 0.980, Loss_kernel 0.014, Train_accy 71.71
2025-06-26 20:49:21,767 [icarl.py] => Task 1, Epoch 35/200 => Loss 1.833, Loss_clf 0.842, Loss_kd 0.977, Loss_kernel 0.013, Train_accy 71.09
2025-06-26 20:49:41,751 [icarl.py] => Task 1, Epoch 36/200 => Loss 1.770, Loss_clf 0.781, Loss_kd 0.976, Loss_kernel 0.013, Train_accy 73.70, Test_accy {'Art': 51.39, 'Clipart': 58.57, 'Real World': 58.16, 'Product': 72.73}
2025-06-26 20:49:57,895 [icarl.py] => Task 1, Epoch 37/200 => Loss 1.776, Loss_clf 0.778, Loss_kd 0.984, Loss_kernel 0.014, Train_accy 73.09
2025-06-26 20:50:12,595 [icarl.py] => Task 1, Epoch 38/200 => Loss 1.779, Loss_clf 0.782, Loss_kd 0.984, Loss_kernel 0.013, Train_accy 72.89
2025-06-26 20:50:27,346 [icarl.py] => Task 1, Epoch 39/200 => Loss 1.756, Loss_clf 0.769, Loss_kd 0.974, Loss_kernel 0.014, Train_accy 74.84
2025-06-26 20:50:43,188 [icarl.py] => Task 1, Epoch 40/200 => Loss 1.697, Loss_clf 0.720, Loss_kd 0.964, Loss_kernel 0.014, Train_accy 76.01
2025-06-26 20:51:03,118 [icarl.py] => Task 1, Epoch 41/200 => Loss 1.774, Loss_clf 0.785, Loss_kd 0.975, Loss_kernel 0.014, Train_accy 72.93, Test_accy {'Art': 43.06, 'Clipart': 57.86, 'Real World': 53.19, 'Product': 61.21}
2025-06-26 20:51:18,727 [icarl.py] => Task 1, Epoch 42/200 => Loss 1.725, Loss_clf 0.727, Loss_kd 0.984, Loss_kernel 0.014, Train_accy 76.28
2025-06-26 20:51:34,671 [icarl.py] => Task 1, Epoch 43/200 => Loss 1.705, Loss_clf 0.721, Loss_kd 0.970, Loss_kernel 0.014, Train_accy 76.13
2025-06-26 20:51:50,179 [icarl.py] => Task 1, Epoch 44/200 => Loss 1.699, Loss_clf 0.707, Loss_kd 0.978, Loss_kernel 0.014, Train_accy 75.65
2025-06-26 20:52:06,297 [icarl.py] => Task 1, Epoch 45/200 => Loss 1.739, Loss_clf 0.752, Loss_kd 0.973, Loss_kernel 0.014, Train_accy 75.25
2025-06-26 20:52:26,150 [icarl.py] => Task 1, Epoch 46/200 => Loss 1.672, Loss_clf 0.685, Loss_kd 0.972, Loss_kernel 0.015, Train_accy 77.25, Test_accy {'Art': 47.22, 'Clipart': 62.86, 'Real World': 60.28, 'Product': 68.48}
2025-06-26 20:52:40,277 [icarl.py] => Task 1, Epoch 47/200 => Loss 1.679, Loss_clf 0.698, Loss_kd 0.967, Loss_kernel 0.014, Train_accy 75.88
2025-06-26 20:52:56,041 [icarl.py] => Task 1, Epoch 48/200 => Loss 1.679, Loss_clf 0.700, Loss_kd 0.965, Loss_kernel 0.014, Train_accy 75.97
2025-06-26 20:53:11,666 [icarl.py] => Task 1, Epoch 49/200 => Loss 1.693, Loss_clf 0.704, Loss_kd 0.974, Loss_kernel 0.015, Train_accy 76.81
2025-06-26 20:53:26,930 [icarl.py] => Task 1, Epoch 50/200 => Loss 1.582, Loss_clf 0.611, Loss_kd 0.956, Loss_kernel 0.014, Train_accy 79.90
2025-06-26 20:53:46,556 [icarl.py] => Task 1, Epoch 51/200 => Loss 1.618, Loss_clf 0.645, Loss_kd 0.958, Loss_kernel 0.014, Train_accy 77.75, Test_accy {'Art': 43.06, 'Clipart': 62.14, 'Real World': 58.16, 'Product': 72.73}
2025-06-26 20:54:00,801 [icarl.py] => Task 1, Epoch 52/200 => Loss 1.621, Loss_clf 0.653, Loss_kd 0.953, Loss_kernel 0.015, Train_accy 78.62
2025-06-26 20:54:16,165 [icarl.py] => Task 1, Epoch 53/200 => Loss 1.620, Loss_clf 0.637, Loss_kd 0.969, Loss_kernel 0.015, Train_accy 78.60
2025-06-26 20:54:32,217 [icarl.py] => Task 1, Epoch 54/200 => Loss 1.650, Loss_clf 0.670, Loss_kd 0.965, Loss_kernel 0.014, Train_accy 77.73
2025-06-26 20:54:46,781 [icarl.py] => Task 1, Epoch 55/200 => Loss 1.565, Loss_clf 0.590, Loss_kd 0.961, Loss_kernel 0.014, Train_accy 80.78
2025-06-26 20:55:07,429 [icarl.py] => Task 1, Epoch 56/200 => Loss 1.613, Loss_clf 0.624, Loss_kd 0.975, Loss_kernel 0.015, Train_accy 80.09, Test_accy {'Art': 44.44, 'Clipart': 57.14, 'Real World': 57.45, 'Product': 72.12}
2025-06-26 20:55:22,590 [icarl.py] => Task 1, Epoch 57/200 => Loss 1.626, Loss_clf 0.641, Loss_kd 0.971, Loss_kernel 0.015, Train_accy 79.10
2025-06-26 20:55:36,706 [icarl.py] => Task 1, Epoch 58/200 => Loss 1.547, Loss_clf 0.577, Loss_kd 0.956, Loss_kernel 0.015, Train_accy 81.54
2025-06-26 20:55:50,270 [icarl.py] => Task 1, Epoch 59/200 => Loss 1.526, Loss_clf 0.567, Loss_kd 0.944, Loss_kernel 0.015, Train_accy 81.81
2025-06-26 20:56:05,956 [icarl.py] => Task 1, Epoch 60/200 => Loss 1.549, Loss_clf 0.583, Loss_kd 0.952, Loss_kernel 0.015, Train_accy 80.87
2025-06-26 20:56:24,806 [icarl.py] => Task 1, Epoch 61/200 => Loss 1.495, Loss_clf 0.539, Loss_kd 0.941, Loss_kernel 0.014, Train_accy 81.05, Test_accy {'Art': 48.61, 'Clipart': 58.57, 'Real World': 56.03, 'Product': 70.3}
2025-06-26 20:56:39,253 [icarl.py] => Task 1, Epoch 62/200 => Loss 1.534, Loss_clf 0.565, Loss_kd 0.954, Loss_kernel 0.015, Train_accy 82.01
2025-06-26 20:56:54,399 [icarl.py] => Task 1, Epoch 63/200 => Loss 1.547, Loss_clf 0.580, Loss_kd 0.952, Loss_kernel 0.015, Train_accy 80.59
2025-06-26 20:57:10,493 [icarl.py] => Task 1, Epoch 64/200 => Loss 1.543, Loss_clf 0.571, Loss_kd 0.956, Loss_kernel 0.015, Train_accy 80.09
2025-06-26 20:57:25,259 [icarl.py] => Task 1, Epoch 65/200 => Loss 1.518, Loss_clf 0.559, Loss_kd 0.945, Loss_kernel 0.014, Train_accy 81.05
2025-06-26 20:57:43,981 [icarl.py] => Task 1, Epoch 66/200 => Loss 1.476, Loss_clf 0.510, Loss_kd 0.951, Loss_kernel 0.015, Train_accy 83.43, Test_accy {'Art': 43.06, 'Clipart': 62.86, 'Real World': 58.16, 'Product': 73.33}
2025-06-26 20:57:59,303 [icarl.py] => Task 1, Epoch 67/200 => Loss 1.523, Loss_clf 0.553, Loss_kd 0.956, Loss_kernel 0.015, Train_accy 82.16
2025-06-26 20:58:15,237 [icarl.py] => Task 1, Epoch 68/200 => Loss 1.512, Loss_clf 0.553, Loss_kd 0.944, Loss_kernel 0.015, Train_accy 82.48
2025-06-26 20:58:29,635 [icarl.py] => Task 1, Epoch 69/200 => Loss 1.484, Loss_clf 0.521, Loss_kd 0.949, Loss_kernel 0.015, Train_accy 82.93
2025-06-26 20:58:43,576 [icarl.py] => Task 1, Epoch 70/200 => Loss 1.499, Loss_clf 0.529, Loss_kd 0.955, Loss_kernel 0.015, Train_accy 83.08
2025-06-26 20:59:01,168 [icarl.py] => Task 1, Epoch 71/200 => Loss 1.446, Loss_clf 0.485, Loss_kd 0.946, Loss_kernel 0.015, Train_accy 84.06, Test_accy {'Art': 40.28, 'Clipart': 62.14, 'Real World': 53.9, 'Product': 59.39}
2025-06-26 20:59:15,868 [icarl.py] => Task 1, Epoch 72/200 => Loss 1.444, Loss_clf 0.492, Loss_kd 0.938, Loss_kernel 0.015, Train_accy 84.30
2025-06-26 20:59:30,043 [icarl.py] => Task 1, Epoch 73/200 => Loss 1.484, Loss_clf 0.519, Loss_kd 0.949, Loss_kernel 0.016, Train_accy 82.69
2025-06-26 20:59:45,829 [icarl.py] => Task 1, Epoch 74/200 => Loss 1.437, Loss_clf 0.486, Loss_kd 0.936, Loss_kernel 0.015, Train_accy 84.83
2025-06-26 21:00:00,442 [icarl.py] => Task 1, Epoch 75/200 => Loss 1.419, Loss_clf 0.459, Loss_kd 0.945, Loss_kernel 0.015, Train_accy 85.75
2025-06-26 21:00:19,684 [icarl.py] => Task 1, Epoch 76/200 => Loss 1.444, Loss_clf 0.485, Loss_kd 0.945, Loss_kernel 0.015, Train_accy 84.06, Test_accy {'Art': 44.44, 'Clipart': 61.43, 'Real World': 60.99, 'Product': 73.94}
2025-06-26 21:00:34,403 [icarl.py] => Task 1, Epoch 77/200 => Loss 1.418, Loss_clf 0.469, Loss_kd 0.934, Loss_kernel 0.015, Train_accy 84.50
2025-06-26 21:00:48,927 [icarl.py] => Task 1, Epoch 78/200 => Loss 1.447, Loss_clf 0.487, Loss_kd 0.945, Loss_kernel 0.015, Train_accy 84.34
2025-06-26 21:01:04,109 [icarl.py] => Task 1, Epoch 79/200 => Loss 1.411, Loss_clf 0.441, Loss_kd 0.955, Loss_kernel 0.016, Train_accy 86.15
2025-06-26 21:01:19,389 [icarl.py] => Task 1, Epoch 80/200 => Loss 1.412, Loss_clf 0.458, Loss_kd 0.939, Loss_kernel 0.015, Train_accy 84.74
2025-06-26 21:01:38,939 [icarl.py] => Task 1, Epoch 81/200 => Loss 1.419, Loss_clf 0.458, Loss_kd 0.946, Loss_kernel 0.015, Train_accy 85.26, Test_accy {'Art': 41.67, 'Clipart': 67.86, 'Real World': 63.12, 'Product': 77.58}
2025-06-26 21:01:54,001 [icarl.py] => Task 1, Epoch 82/200 => Loss 1.437, Loss_clf 0.473, Loss_kd 0.949, Loss_kernel 0.014, Train_accy 85.45
2025-06-26 21:02:08,848 [icarl.py] => Task 1, Epoch 83/200 => Loss 1.360, Loss_clf 0.418, Loss_kd 0.927, Loss_kernel 0.015, Train_accy 86.61
2025-06-26 21:02:22,745 [icarl.py] => Task 1, Epoch 84/200 => Loss 1.342, Loss_clf 0.402, Loss_kd 0.925, Loss_kernel 0.015, Train_accy 87.19
2025-06-26 21:02:37,240 [icarl.py] => Task 1, Epoch 85/200 => Loss 1.354, Loss_clf 0.407, Loss_kd 0.932, Loss_kernel 0.015, Train_accy 86.11
2025-06-26 21:02:56,887 [icarl.py] => Task 1, Epoch 86/200 => Loss 1.366, Loss_clf 0.413, Loss_kd 0.938, Loss_kernel 0.016, Train_accy 86.47, Test_accy {'Art': 41.67, 'Clipart': 58.57, 'Real World': 56.03, 'Product': 71.52}
2025-06-26 21:03:12,222 [icarl.py] => Task 1, Epoch 87/200 => Loss 1.393, Loss_clf 0.435, Loss_kd 0.943, Loss_kernel 0.015, Train_accy 85.71
2025-06-26 21:03:26,206 [icarl.py] => Task 1, Epoch 88/200 => Loss 1.342, Loss_clf 0.402, Loss_kd 0.925, Loss_kernel 0.015, Train_accy 88.35
2025-06-26 21:03:41,094 [icarl.py] => Task 1, Epoch 89/200 => Loss 1.350, Loss_clf 0.404, Loss_kd 0.931, Loss_kernel 0.015, Train_accy 87.60
2025-06-26 21:03:56,525 [icarl.py] => Task 1, Epoch 90/200 => Loss 1.360, Loss_clf 0.411, Loss_kd 0.935, Loss_kernel 0.015, Train_accy 86.27
2025-06-26 21:04:16,260 [icarl.py] => Task 1, Epoch 91/200 => Loss 1.374, Loss_clf 0.429, Loss_kd 0.931, Loss_kernel 0.015, Train_accy 86.07, Test_accy {'Art': 41.67, 'Clipart': 52.86, 'Real World': 52.48, 'Product': 58.79}
2025-06-26 21:04:31,002 [icarl.py] => Task 1, Epoch 92/200 => Loss 1.315, Loss_clf 0.375, Loss_kd 0.924, Loss_kernel 0.015, Train_accy 87.52
2025-06-26 21:04:45,572 [icarl.py] => Task 1, Epoch 93/200 => Loss 1.314, Loss_clf 0.367, Loss_kd 0.932, Loss_kernel 0.015, Train_accy 88.39
2025-06-26 21:05:00,003 [icarl.py] => Task 1, Epoch 94/200 => Loss 1.332, Loss_clf 0.384, Loss_kd 0.934, Loss_kernel 0.015, Train_accy 87.48
2025-06-26 21:05:13,862 [icarl.py] => Task 1, Epoch 95/200 => Loss 1.303, Loss_clf 0.371, Loss_kd 0.918, Loss_kernel 0.014, Train_accy 88.27
2025-06-26 21:05:32,449 [icarl.py] => Task 1, Epoch 96/200 => Loss 1.284, Loss_clf 0.354, Loss_kd 0.917, Loss_kernel 0.014, Train_accy 88.90, Test_accy {'Art': 44.44, 'Clipart': 64.29, 'Real World': 62.41, 'Product': 78.79}
2025-06-26 21:05:45,519 [icarl.py] => Task 1, Epoch 97/200 => Loss 1.326, Loss_clf 0.376, Loss_kd 0.934, Loss_kernel 0.015, Train_accy 87.89
2025-06-26 21:05:59,295 [icarl.py] => Task 1, Epoch 98/200 => Loss 1.301, Loss_clf 0.368, Loss_kd 0.918, Loss_kernel 0.015, Train_accy 88.13
2025-06-26 21:06:12,655 [icarl.py] => Task 1, Epoch 99/200 => Loss 1.277, Loss_clf 0.339, Loss_kd 0.923, Loss_kernel 0.015, Train_accy 88.54
2025-06-26 21:06:28,186 [icarl.py] => Task 1, Epoch 100/200 => Loss 1.339, Loss_clf 0.385, Loss_kd 0.940, Loss_kernel 0.015, Train_accy 88.40
2025-06-26 21:06:48,644 [icarl.py] => Task 1, Epoch 101/200 => Loss 1.277, Loss_clf 0.337, Loss_kd 0.925, Loss_kernel 0.014, Train_accy 88.95, Test_accy {'Art': 47.22, 'Clipart': 65.0, 'Real World': 57.45, 'Product': 78.79}
2025-06-26 21:07:03,223 [icarl.py] => Task 1, Epoch 102/200 => Loss 1.268, Loss_clf 0.329, Loss_kd 0.923, Loss_kernel 0.015, Train_accy 89.54
2025-06-26 21:07:16,866 [icarl.py] => Task 1, Epoch 103/200 => Loss 1.261, Loss_clf 0.328, Loss_kd 0.919, Loss_kernel 0.015, Train_accy 89.51
2025-06-26 21:07:31,567 [icarl.py] => Task 1, Epoch 104/200 => Loss 1.253, Loss_clf 0.312, Loss_kd 0.927, Loss_kernel 0.014, Train_accy 89.76
2025-06-26 21:07:45,209 [icarl.py] => Task 1, Epoch 105/200 => Loss 1.220, Loss_clf 0.289, Loss_kd 0.915, Loss_kernel 0.015, Train_accy 90.55
2025-06-26 21:08:06,506 [icarl.py] => Task 1, Epoch 106/200 => Loss 1.287, Loss_clf 0.350, Loss_kd 0.922, Loss_kernel 0.015, Train_accy 89.20, Test_accy {'Art': 43.06, 'Clipart': 64.29, 'Real World': 65.25, 'Product': 80.0}
2025-06-26 21:08:20,665 [icarl.py] => Task 1, Epoch 107/200 => Loss 1.258, Loss_clf 0.320, Loss_kd 0.923, Loss_kernel 0.015, Train_accy 90.01
2025-06-26 21:08:35,412 [icarl.py] => Task 1, Epoch 108/200 => Loss 1.258, Loss_clf 0.327, Loss_kd 0.916, Loss_kernel 0.015, Train_accy 89.96
2025-06-26 21:08:49,419 [icarl.py] => Task 1, Epoch 109/200 => Loss 1.244, Loss_clf 0.309, Loss_kd 0.921, Loss_kernel 0.014, Train_accy 90.12
2025-06-26 21:09:05,177 [icarl.py] => Task 1, Epoch 110/200 => Loss 1.192, Loss_clf 0.264, Loss_kd 0.914, Loss_kernel 0.014, Train_accy 92.13
2025-06-26 21:09:23,379 [icarl.py] => Task 1, Epoch 111/200 => Loss 1.236, Loss_clf 0.306, Loss_kd 0.916, Loss_kernel 0.014, Train_accy 90.13, Test_accy {'Art': 45.83, 'Clipart': 72.86, 'Real World': 62.41, 'Product': 82.42}
2025-06-26 21:09:36,130 [icarl.py] => Task 1, Epoch 112/200 => Loss 1.203, Loss_clf 0.286, Loss_kd 0.903, Loss_kernel 0.014, Train_accy 91.48
2025-06-26 21:09:49,278 [icarl.py] => Task 1, Epoch 113/200 => Loss 1.210, Loss_clf 0.272, Loss_kd 0.924, Loss_kernel 0.014, Train_accy 91.28
2025-06-26 21:10:02,669 [icarl.py] => Task 1, Epoch 114/200 => Loss 1.190, Loss_clf 0.263, Loss_kd 0.912, Loss_kernel 0.014, Train_accy 91.65
2025-06-26 21:10:15,786 [icarl.py] => Task 1, Epoch 115/200 => Loss 1.214, Loss_clf 0.282, Loss_kd 0.917, Loss_kernel 0.014, Train_accy 91.88
2025-06-26 21:10:34,058 [icarl.py] => Task 1, Epoch 116/200 => Loss 1.197, Loss_clf 0.271, Loss_kd 0.911, Loss_kernel 0.015, Train_accy 91.84, Test_accy {'Art': 45.83, 'Clipart': 65.0, 'Real World': 68.09, 'Product': 76.36}
2025-06-26 21:10:49,222 [icarl.py] => Task 1, Epoch 117/200 => Loss 1.230, Loss_clf 0.295, Loss_kd 0.921, Loss_kernel 0.014, Train_accy 91.45
2025-06-26 21:11:01,692 [icarl.py] => Task 1, Epoch 118/200 => Loss 1.172, Loss_clf 0.255, Loss_kd 0.903, Loss_kernel 0.014, Train_accy 92.50
2025-06-26 21:11:14,692 [icarl.py] => Task 1, Epoch 119/200 => Loss 1.191, Loss_clf 0.267, Loss_kd 0.910, Loss_kernel 0.014, Train_accy 92.00
2025-06-26 21:11:28,809 [icarl.py] => Task 1, Epoch 120/200 => Loss 1.185, Loss_clf 0.265, Loss_kd 0.907, Loss_kernel 0.014, Train_accy 91.47
2025-06-26 21:11:46,940 [icarl.py] => Task 1, Epoch 121/200 => Loss 1.181, Loss_clf 0.269, Loss_kd 0.898, Loss_kernel 0.013, Train_accy 92.27, Test_accy {'Art': 45.83, 'Clipart': 70.71, 'Real World': 63.83, 'Product': 82.42}
2025-06-26 21:12:00,769 [icarl.py] => Task 1, Epoch 122/200 => Loss 1.163, Loss_clf 0.250, Loss_kd 0.899, Loss_kernel 0.014, Train_accy 92.23
2025-06-26 21:12:14,988 [icarl.py] => Task 1, Epoch 123/200 => Loss 1.206, Loss_clf 0.285, Loss_kd 0.908, Loss_kernel 0.013, Train_accy 91.04
2025-06-26 21:12:29,469 [icarl.py] => Task 1, Epoch 124/200 => Loss 1.149, Loss_clf 0.227, Loss_kd 0.908, Loss_kernel 0.014, Train_accy 93.29
2025-06-26 21:12:43,646 [icarl.py] => Task 1, Epoch 125/200 => Loss 1.167, Loss_clf 0.250, Loss_kd 0.904, Loss_kernel 0.014, Train_accy 92.53
2025-06-26 21:13:01,943 [icarl.py] => Task 1, Epoch 126/200 => Loss 1.166, Loss_clf 0.251, Loss_kd 0.902, Loss_kernel 0.014, Train_accy 92.65, Test_accy {'Art': 43.06, 'Clipart': 70.0, 'Real World': 63.83, 'Product': 84.24}
2025-06-26 21:13:14,772 [icarl.py] => Task 1, Epoch 127/200 => Loss 1.157, Loss_clf 0.235, Loss_kd 0.909, Loss_kernel 0.013, Train_accy 93.09
2025-06-26 21:13:28,937 [icarl.py] => Task 1, Epoch 128/200 => Loss 1.157, Loss_clf 0.246, Loss_kd 0.897, Loss_kernel 0.014, Train_accy 92.82
2025-06-26 21:13:41,233 [icarl.py] => Task 1, Epoch 129/200 => Loss 1.128, Loss_clf 0.207, Loss_kd 0.908, Loss_kernel 0.013, Train_accy 93.35
2025-06-26 21:13:54,304 [icarl.py] => Task 1, Epoch 130/200 => Loss 1.098, Loss_clf 0.200, Loss_kd 0.885, Loss_kernel 0.013, Train_accy 94.29
2025-06-26 21:14:12,242 [icarl.py] => Task 1, Epoch 131/200 => Loss 1.127, Loss_clf 0.217, Loss_kd 0.896, Loss_kernel 0.013, Train_accy 93.59, Test_accy {'Art': 45.83, 'Clipart': 68.57, 'Real World': 60.99, 'Product': 83.64}
2025-06-26 21:14:26,138 [icarl.py] => Task 1, Epoch 132/200 => Loss 1.135, Loss_clf 0.224, Loss_kd 0.898, Loss_kernel 0.013, Train_accy 93.76
2025-06-26 21:14:39,172 [icarl.py] => Task 1, Epoch 133/200 => Loss 1.108, Loss_clf 0.203, Loss_kd 0.892, Loss_kernel 0.013, Train_accy 94.06
2025-06-26 21:14:51,558 [icarl.py] => Task 1, Epoch 134/200 => Loss 1.103, Loss_clf 0.196, Loss_kd 0.894, Loss_kernel 0.014, Train_accy 94.32
2025-06-26 21:15:03,293 [icarl.py] => Task 1, Epoch 135/200 => Loss 1.097, Loss_clf 0.188, Loss_kd 0.895, Loss_kernel 0.013, Train_accy 94.95
2025-06-26 21:15:20,174 [icarl.py] => Task 1, Epoch 136/200 => Loss 1.110, Loss_clf 0.202, Loss_kd 0.895, Loss_kernel 0.013, Train_accy 94.16, Test_accy {'Art': 41.67, 'Clipart': 65.0, 'Real World': 65.96, 'Product': 82.42}
2025-06-26 21:15:32,629 [icarl.py] => Task 1, Epoch 137/200 => Loss 1.098, Loss_clf 0.201, Loss_kd 0.883, Loss_kernel 0.013, Train_accy 94.05
2025-06-26 21:15:45,258 [icarl.py] => Task 1, Epoch 138/200 => Loss 1.092, Loss_clf 0.194, Loss_kd 0.885, Loss_kernel 0.013, Train_accy 94.13
2025-06-26 21:15:58,090 [icarl.py] => Task 1, Epoch 139/200 => Loss 1.102, Loss_clf 0.196, Loss_kd 0.893, Loss_kernel 0.013, Train_accy 94.83
2025-06-26 21:16:11,278 [icarl.py] => Task 1, Epoch 140/200 => Loss 1.129, Loss_clf 0.220, Loss_kd 0.897, Loss_kernel 0.013, Train_accy 93.65
2025-06-26 21:16:27,422 [icarl.py] => Task 1, Epoch 141/200 => Loss 1.070, Loss_clf 0.170, Loss_kd 0.887, Loss_kernel 0.013, Train_accy 94.91, Test_accy {'Art': 37.5, 'Clipart': 67.14, 'Real World': 60.99, 'Product': 86.06}
2025-06-26 21:16:39,823 [icarl.py] => Task 1, Epoch 142/200 => Loss 1.097, Loss_clf 0.186, Loss_kd 0.898, Loss_kernel 0.013, Train_accy 94.85
2025-06-26 21:16:53,186 [icarl.py] => Task 1, Epoch 143/200 => Loss 1.105, Loss_clf 0.200, Loss_kd 0.892, Loss_kernel 0.013, Train_accy 93.91
2025-06-26 21:17:07,461 [icarl.py] => Task 1, Epoch 144/200 => Loss 1.091, Loss_clf 0.201, Loss_kd 0.877, Loss_kernel 0.013, Train_accy 94.22
2025-06-26 21:17:19,896 [icarl.py] => Task 1, Epoch 145/200 => Loss 1.064, Loss_clf 0.167, Loss_kd 0.884, Loss_kernel 0.013, Train_accy 95.30
2025-06-26 21:17:36,768 [icarl.py] => Task 1, Epoch 146/200 => Loss 1.075, Loss_clf 0.171, Loss_kd 0.891, Loss_kernel 0.013, Train_accy 94.79, Test_accy {'Art': 43.06, 'Clipart': 70.0, 'Real World': 65.25, 'Product': 83.64}
2025-06-26 21:17:49,421 [icarl.py] => Task 1, Epoch 147/200 => Loss 1.057, Loss_clf 0.155, Loss_kd 0.889, Loss_kernel 0.013, Train_accy 95.53
2025-06-26 21:18:02,197 [icarl.py] => Task 1, Epoch 148/200 => Loss 1.051, Loss_clf 0.158, Loss_kd 0.880, Loss_kernel 0.013, Train_accy 95.35
2025-06-26 21:18:15,549 [icarl.py] => Task 1, Epoch 149/200 => Loss 1.048, Loss_clf 0.160, Loss_kd 0.876, Loss_kernel 0.012, Train_accy 95.58
2025-06-26 21:18:27,644 [icarl.py] => Task 1, Epoch 150/200 => Loss 1.070, Loss_clf 0.172, Loss_kd 0.886, Loss_kernel 0.012, Train_accy 95.06
2025-06-26 21:18:44,642 [icarl.py] => Task 1, Epoch 151/200 => Loss 1.066, Loss_clf 0.166, Loss_kd 0.888, Loss_kernel 0.012, Train_accy 95.53, Test_accy {'Art': 44.44, 'Clipart': 67.14, 'Real World': 63.12, 'Product': 84.85}
2025-06-26 21:18:57,687 [icarl.py] => Task 1, Epoch 152/200 => Loss 1.023, Loss_clf 0.136, Loss_kd 0.875, Loss_kernel 0.012, Train_accy 96.32
2025-06-26 21:19:10,550 [icarl.py] => Task 1, Epoch 153/200 => Loss 1.030, Loss_clf 0.147, Loss_kd 0.871, Loss_kernel 0.012, Train_accy 95.99
2025-06-26 21:19:24,955 [icarl.py] => Task 1, Epoch 154/200 => Loss 1.090, Loss_clf 0.185, Loss_kd 0.892, Loss_kernel 0.013, Train_accy 94.13
2025-06-26 21:19:38,043 [icarl.py] => Task 1, Epoch 155/200 => Loss 1.032, Loss_clf 0.137, Loss_kd 0.882, Loss_kernel 0.012, Train_accy 96.17
2025-06-26 21:19:56,942 [icarl.py] => Task 1, Epoch 156/200 => Loss 1.048, Loss_clf 0.166, Loss_kd 0.870, Loss_kernel 0.012, Train_accy 95.14, Test_accy {'Art': 48.61, 'Clipart': 68.57, 'Real World': 63.83, 'Product': 83.03}
2025-06-26 21:20:09,551 [icarl.py] => Task 1, Epoch 157/200 => Loss 1.035, Loss_clf 0.146, Loss_kd 0.877, Loss_kernel 0.012, Train_accy 95.80
2025-06-26 21:20:21,939 [icarl.py] => Task 1, Epoch 158/200 => Loss 1.024, Loss_clf 0.147, Loss_kd 0.865, Loss_kernel 0.012, Train_accy 96.22
2025-06-26 21:20:34,550 [icarl.py] => Task 1, Epoch 159/200 => Loss 1.022, Loss_clf 0.133, Loss_kd 0.877, Loss_kernel 0.012, Train_accy 96.45
2025-06-26 21:20:47,036 [icarl.py] => Task 1, Epoch 160/200 => Loss 1.053, Loss_clf 0.163, Loss_kd 0.878, Loss_kernel 0.012, Train_accy 95.58
2025-06-26 21:21:03,562 [icarl.py] => Task 1, Epoch 161/200 => Loss 1.046, Loss_clf 0.153, Loss_kd 0.880, Loss_kernel 0.012, Train_accy 95.53, Test_accy {'Art': 44.44, 'Clipart': 68.57, 'Real World': 64.54, 'Product': 84.85}
2025-06-26 21:21:14,651 [icarl.py] => Task 1, Epoch 162/200 => Loss 1.022, Loss_clf 0.128, Loss_kd 0.882, Loss_kernel 0.012, Train_accy 96.72
2025-06-26 21:21:25,747 [icarl.py] => Task 1, Epoch 163/200 => Loss 1.017, Loss_clf 0.136, Loss_kd 0.870, Loss_kernel 0.012, Train_accy 96.82
2025-06-26 21:21:38,980 [icarl.py] => Task 1, Epoch 164/200 => Loss 1.023, Loss_clf 0.134, Loss_kd 0.877, Loss_kernel 0.012, Train_accy 96.46
2025-06-26 21:21:51,077 [icarl.py] => Task 1, Epoch 165/200 => Loss 1.028, Loss_clf 0.131, Loss_kd 0.885, Loss_kernel 0.012, Train_accy 96.77
2025-06-26 21:22:07,707 [icarl.py] => Task 1, Epoch 166/200 => Loss 1.018, Loss_clf 0.138, Loss_kd 0.868, Loss_kernel 0.012, Train_accy 96.17, Test_accy {'Art': 43.06, 'Clipart': 68.57, 'Real World': 63.12, 'Product': 81.82}
2025-06-26 21:22:20,872 [icarl.py] => Task 1, Epoch 167/200 => Loss 1.020, Loss_clf 0.140, Loss_kd 0.868, Loss_kernel 0.012, Train_accy 96.23
2025-06-26 21:22:33,180 [icarl.py] => Task 1, Epoch 168/200 => Loss 1.016, Loss_clf 0.130, Loss_kd 0.875, Loss_kernel 0.012, Train_accy 96.56
2025-06-26 21:22:45,913 [icarl.py] => Task 1, Epoch 169/200 => Loss 1.031, Loss_clf 0.143, Loss_kd 0.876, Loss_kernel 0.012, Train_accy 95.87
2025-06-26 21:22:58,605 [icarl.py] => Task 1, Epoch 170/200 => Loss 1.005, Loss_clf 0.127, Loss_kd 0.867, Loss_kernel 0.011, Train_accy 96.54
2025-06-26 21:23:16,116 [icarl.py] => Task 1, Epoch 171/200 => Loss 1.027, Loss_clf 0.142, Loss_kd 0.874, Loss_kernel 0.012, Train_accy 96.13, Test_accy {'Art': 43.06, 'Clipart': 67.14, 'Real World': 63.83, 'Product': 86.67}
2025-06-26 21:23:28,790 [icarl.py] => Task 1, Epoch 172/200 => Loss 1.004, Loss_clf 0.131, Loss_kd 0.861, Loss_kernel 0.012, Train_accy 96.23
2025-06-26 21:23:40,863 [icarl.py] => Task 1, Epoch 173/200 => Loss 1.013, Loss_clf 0.128, Loss_kd 0.874, Loss_kernel 0.012, Train_accy 96.22
2025-06-26 21:23:52,346 [icarl.py] => Task 1, Epoch 174/200 => Loss 0.996, Loss_clf 0.115, Loss_kd 0.870, Loss_kernel 0.011, Train_accy 96.59
2025-06-26 21:24:05,714 [icarl.py] => Task 1, Epoch 175/200 => Loss 1.028, Loss_clf 0.137, Loss_kd 0.880, Loss_kernel 0.012, Train_accy 96.19
2025-06-26 21:24:22,406 [icarl.py] => Task 1, Epoch 176/200 => Loss 1.007, Loss_clf 0.121, Loss_kd 0.874, Loss_kernel 0.012, Train_accy 96.22, Test_accy {'Art': 41.67, 'Clipart': 67.86, 'Real World': 63.12, 'Product': 86.67}
2025-06-26 21:24:34,727 [icarl.py] => Task 1, Epoch 177/200 => Loss 1.022, Loss_clf 0.125, Loss_kd 0.886, Loss_kernel 0.011, Train_accy 96.78
2025-06-26 21:24:47,317 [icarl.py] => Task 1, Epoch 178/200 => Loss 1.008, Loss_clf 0.127, Loss_kd 0.870, Loss_kernel 0.012, Train_accy 96.74
2025-06-26 21:24:57,938 [icarl.py] => Task 1, Epoch 179/200 => Loss 0.993, Loss_clf 0.122, Loss_kd 0.860, Loss_kernel 0.011, Train_accy 96.91
2025-06-26 21:25:08,621 [icarl.py] => Task 1, Epoch 180/200 => Loss 0.970, Loss_clf 0.098, Loss_kd 0.861, Loss_kernel 0.011, Train_accy 97.70
2025-06-26 21:25:23,639 [icarl.py] => Task 1, Epoch 181/200 => Loss 0.978, Loss_clf 0.105, Loss_kd 0.862, Loss_kernel 0.011, Train_accy 97.28, Test_accy {'Art': 44.44, 'Clipart': 67.86, 'Real World': 61.7, 'Product': 86.06}
2025-06-26 21:25:34,640 [icarl.py] => Task 1, Epoch 182/200 => Loss 1.001, Loss_clf 0.119, Loss_kd 0.871, Loss_kernel 0.011, Train_accy 96.72
2025-06-26 21:25:45,126 [icarl.py] => Task 1, Epoch 183/200 => Loss 0.978, Loss_clf 0.101, Loss_kd 0.866, Loss_kernel 0.011, Train_accy 97.46
2025-06-26 21:25:56,886 [icarl.py] => Task 1, Epoch 184/200 => Loss 1.000, Loss_clf 0.124, Loss_kd 0.865, Loss_kernel 0.011, Train_accy 96.73
2025-06-26 21:26:08,296 [icarl.py] => Task 1, Epoch 185/200 => Loss 0.991, Loss_clf 0.109, Loss_kd 0.872, Loss_kernel 0.011, Train_accy 97.19
2025-06-26 21:26:23,505 [icarl.py] => Task 1, Epoch 186/200 => Loss 0.981, Loss_clf 0.104, Loss_kd 0.866, Loss_kernel 0.011, Train_accy 97.33, Test_accy {'Art': 44.44, 'Clipart': 66.43, 'Real World': 64.54, 'Product': 86.06}
2025-06-26 21:26:34,987 [icarl.py] => Task 1, Epoch 187/200 => Loss 1.001, Loss_clf 0.120, Loss_kd 0.870, Loss_kernel 0.011, Train_accy 96.73
2025-06-26 21:26:45,426 [icarl.py] => Task 1, Epoch 188/200 => Loss 0.967, Loss_clf 0.093, Loss_kd 0.863, Loss_kernel 0.011, Train_accy 97.79
2025-06-26 21:26:56,201 [icarl.py] => Task 1, Epoch 189/200 => Loss 0.982, Loss_clf 0.110, Loss_kd 0.861, Loss_kernel 0.011, Train_accy 97.23
2025-06-26 21:27:06,769 [icarl.py] => Task 1, Epoch 190/200 => Loss 0.975, Loss_clf 0.096, Loss_kd 0.868, Loss_kernel 0.011, Train_accy 97.60
2025-06-26 21:27:22,945 [icarl.py] => Task 1, Epoch 191/200 => Loss 0.993, Loss_clf 0.115, Loss_kd 0.867, Loss_kernel 0.011, Train_accy 96.81, Test_accy {'Art': 43.06, 'Clipart': 68.57, 'Real World': 64.54, 'Product': 84.24}
2025-06-26 21:27:34,128 [icarl.py] => Task 1, Epoch 192/200 => Loss 0.975, Loss_clf 0.104, Loss_kd 0.860, Loss_kernel 0.011, Train_accy 97.56
2025-06-26 21:27:46,002 [icarl.py] => Task 1, Epoch 193/200 => Loss 0.979, Loss_clf 0.105, Loss_kd 0.863, Loss_kernel 0.011, Train_accy 97.01
2025-06-26 21:27:56,476 [icarl.py] => Task 1, Epoch 194/200 => Loss 0.967, Loss_clf 0.092, Loss_kd 0.864, Loss_kernel 0.011, Train_accy 97.61
2025-06-26 21:28:07,008 [icarl.py] => Task 1, Epoch 195/200 => Loss 0.964, Loss_clf 0.102, Loss_kd 0.851, Loss_kernel 0.011, Train_accy 97.32
2025-06-26 21:28:22,219 [icarl.py] => Task 1, Epoch 196/200 => Loss 0.980, Loss_clf 0.100, Loss_kd 0.868, Loss_kernel 0.011, Train_accy 97.70, Test_accy {'Art': 43.06, 'Clipart': 67.86, 'Real World': 65.25, 'Product': 84.24}
2025-06-26 21:28:33,239 [icarl.py] => Task 1, Epoch 197/200 => Loss 0.979, Loss_clf 0.104, Loss_kd 0.864, Loss_kernel 0.011, Train_accy 97.19
2025-06-26 21:28:44,571 [icarl.py] => Task 1, Epoch 198/200 => Loss 0.978, Loss_clf 0.102, Loss_kd 0.864, Loss_kernel 0.011, Train_accy 97.56
2025-06-26 21:28:56,604 [icarl.py] => Task 1, Epoch 199/200 => Loss 0.984, Loss_clf 0.112, Loss_kd 0.861, Loss_kernel 0.011, Train_accy 96.91
2025-06-26 21:29:07,075 [icarl.py] => Task 1, Epoch 200/200 => Loss 0.985, Loss_clf 0.108, Loss_kd 0.866, Loss_kernel 0.011, Train_accy 97.22
2025-06-26 21:29:07,076 [base.py] => Reducing exemplars...(130 per classes)
2025-06-26 21:29:12,958 [base.py] => Constructing exemplars...(130 per classes)
2025-06-26 21:29:33,104 [icarl.py] => Exemplar size: 1300
2025-06-26 21:29:34,229 [trainer.py] => CNN [Art]: {'total': 43.06, '00-04': 63.16, '05-09': 20.59, 'old': 63.16, 'new': 20.59}
2025-06-26 21:29:34,230 [trainer.py] => NME [Art]: {'total': 54.17, '00-04': 65.79, '05-09': 41.18, 'old': 65.79, 'new': 41.18}
2025-06-26 21:29:34,230 [trainer.py] => CNN [Art] top1 curve: [57.89, 43.06]
2025-06-26 21:29:34,230 [trainer.py] => CNN [Art] top5 curve: [97.37, 81.94]
2025-06-26 21:29:34,230 [trainer.py] => NME [Art] top1 curve: [63.16, 54.17]
2025-06-26 21:29:34,230 [trainer.py] => NME [Art] top5 curve: [100.0, 87.5]
2025-06-26 21:29:34,231 [trainer.py] => Average Accuracy [Art] (CNN): 50.475
2025-06-26 21:29:34,231 [trainer.py] => Average Accuracy [Art] (NME): 58.665
2025-06-26 21:29:34,231 [trainer.py] => CNN [Clipart]: {'total': 67.86, '00-04': 78.21, '05-09': 54.84, 'old': 78.21, 'new': 54.84}
2025-06-26 21:29:34,231 [trainer.py] => NME [Clipart]: {'total': 70.71, '00-04': 73.08, '05-09': 67.74, 'old': 73.08, 'new': 67.74}
2025-06-26 21:29:34,231 [trainer.py] => CNN [Clipart] top1 curve: [75.64, 67.86]
2025-06-26 21:29:34,231 [trainer.py] => CNN [Clipart] top5 curve: [98.72, 94.29]
2025-06-26 21:29:34,231 [trainer.py] => NME [Clipart] top1 curve: [71.79, 70.71]
2025-06-26 21:29:34,231 [trainer.py] => NME [Clipart] top5 curve: [100.0, 94.29]
2025-06-26 21:29:34,231 [trainer.py] => Average Accuracy [Clipart] (CNN): 71.75
2025-06-26 21:29:34,231 [trainer.py] => Average Accuracy [Clipart] (NME): 71.25
2025-06-26 21:29:34,232 [trainer.py] => CNN [Product]: {'total': 86.06, '00-04': 96.47, '05-09': 75.0, 'old': 96.47, 'new': 75.0}
2025-06-26 21:29:34,232 [trainer.py] => NME [Product]: {'total': 87.88, '00-04': 91.76, '05-09': 83.75, 'old': 91.76, 'new': 83.75}
2025-06-26 21:29:34,232 [trainer.py] => CNN [Product] top1 curve: [85.88, 86.06]
2025-06-26 21:29:34,232 [trainer.py] => CNN [Product] top5 curve: [100.0, 99.39]
2025-06-26 21:29:34,232 [trainer.py] => NME [Product] top1 curve: [90.59, 87.88]
2025-06-26 21:29:34,232 [trainer.py] => NME [Product] top5 curve: [100.0, 99.39]
2025-06-26 21:29:34,232 [trainer.py] => Average Accuracy [Product] (CNN): 85.97
2025-06-26 21:29:34,232 [trainer.py] => Average Accuracy [Product] (NME): 89.235
2025-06-26 21:29:34,232 [trainer.py] => CNN [Real World]: {'total': 64.54, '00-04': 79.45, '05-09': 48.53, 'old': 79.45, 'new': 48.53}
2025-06-26 21:29:34,233 [trainer.py] => NME [Real World]: {'total': 70.21, '00-04': 79.45, '05-09': 60.29, 'old': 79.45, 'new': 60.29}
2025-06-26 21:29:34,233 [trainer.py] => CNN [Real World] top1 curve: [71.23, 64.54]
2025-06-26 21:29:34,233 [trainer.py] => CNN [Real World] top5 curve: [100.0, 92.2]
2025-06-26 21:29:34,233 [trainer.py] => NME [Real World] top1 curve: [79.45, 70.21]
2025-06-26 21:29:34,233 [trainer.py] => NME [Real World] top5 curve: [100.0, 96.45]
2025-06-26 21:29:34,233 [trainer.py] => Average Accuracy [Real World] (CNN): 67.885
2025-06-26 21:29:34,233 [trainer.py] => Average Accuracy [Real World] (NME): 74.83
2025-06-26 21:29:34,233 [trainer.py] => NME Harmonic Mean : 63.3467
2025-06-26 21:29:34,233 [trainer.py] => NME Macro Mean : 70.7425
2025-06-26 21:29:34,234 [trainer.py] => CNN Harmonic Mean : 54.1186
2025-06-26 21:29:34,234 [trainer.py] => CNN Macro Mean : 65.3800
2025-06-26 21:29:34,234 [trainer.py] => All params: 21294932
2025-06-26 21:29:34,234 [trainer.py] => Trainable params: 21294932
2025-06-26 21:29:34,235 [icarl.py] => Learning on 10-15
2025-06-26 21:29:56,634 [icarl.py] => Task 2, Epoch 1/200 => Loss 3.875, Loss_clf 2.228, Loss_kd 1.642, Loss_kernel 0.005, Train_accy 38.50, Test_accy {'Art': 29.36, 'Clipart': 33.01, 'Real World': 33.33, 'Product': 37.89}
2025-06-26 21:30:12,491 [icarl.py] => Task 2, Epoch 2/200 => Loss 3.604, Loss_clf 1.931, Loss_kd 1.667, Loss_kernel 0.006, Train_accy 39.39
2025-06-26 21:30:28,244 [icarl.py] => Task 2, Epoch 3/200 => Loss 3.280, Loss_clf 1.706, Loss_kd 1.569, Loss_kernel 0.005, Train_accy 46.13
2025-06-26 21:30:42,825 [icarl.py] => Task 2, Epoch 4/200 => Loss 3.138, Loss_clf 1.618, Loss_kd 1.515, Loss_kernel 0.005, Train_accy 49.12
2025-06-26 21:30:57,349 [icarl.py] => Task 2, Epoch 5/200 => Loss 3.057, Loss_clf 1.541, Loss_kd 1.512, Loss_kernel 0.005, Train_accy 50.79
2025-06-26 21:31:17,807 [icarl.py] => Task 2, Epoch 6/200 => Loss 3.005, Loss_clf 1.497, Loss_kd 1.504, Loss_kernel 0.005, Train_accy 51.36, Test_accy {'Art': 32.11, 'Clipart': 53.88, 'Real World': 47.42, 'Product': 55.95}
2025-06-26 21:31:32,721 [icarl.py] => Task 2, Epoch 7/200 => Loss 2.837, Loss_clf 1.378, Loss_kd 1.454, Loss_kernel 0.005, Train_accy 55.93
2025-06-26 21:31:48,109 [icarl.py] => Task 2, Epoch 8/200 => Loss 2.859, Loss_clf 1.388, Loss_kd 1.466, Loss_kernel 0.005, Train_accy 55.72
2025-06-26 21:32:02,828 [icarl.py] => Task 2, Epoch 9/200 => Loss 2.801, Loss_clf 1.352, Loss_kd 1.444, Loss_kernel 0.005, Train_accy 57.62
2025-06-26 21:32:18,505 [icarl.py] => Task 2, Epoch 10/200 => Loss 2.744, Loss_clf 1.298, Loss_kd 1.441, Loss_kernel 0.004, Train_accy 57.18
2025-06-26 21:32:39,707 [icarl.py] => Task 2, Epoch 11/200 => Loss 2.662, Loss_clf 1.235, Loss_kd 1.422, Loss_kernel 0.005, Train_accy 60.73, Test_accy {'Art': 41.28, 'Clipart': 46.12, 'Real World': 44.6, 'Product': 50.66}
2025-06-26 21:32:53,555 [icarl.py] => Task 2, Epoch 12/200 => Loss 2.562, Loss_clf 1.160, Loss_kd 1.397, Loss_kernel 0.005, Train_accy 63.40
2025-06-26 21:33:08,735 [icarl.py] => Task 2, Epoch 13/200 => Loss 2.603, Loss_clf 1.196, Loss_kd 1.403, Loss_kernel 0.005, Train_accy 61.25
2025-06-26 21:33:23,577 [icarl.py] => Task 2, Epoch 14/200 => Loss 2.554, Loss_clf 1.148, Loss_kd 1.401, Loss_kernel 0.005, Train_accy 62.92
2025-06-26 21:33:38,786 [icarl.py] => Task 2, Epoch 15/200 => Loss 2.517, Loss_clf 1.140, Loss_kd 1.372, Loss_kernel 0.005, Train_accy 63.67
2025-06-26 21:33:57,936 [icarl.py] => Task 2, Epoch 16/200 => Loss 2.394, Loss_clf 1.028, Loss_kd 1.361, Loss_kernel 0.005, Train_accy 66.64, Test_accy {'Art': 32.11, 'Clipart': 58.25, 'Real World': 53.52, 'Product': 66.08}
2025-06-26 21:34:12,968 [icarl.py] => Task 2, Epoch 17/200 => Loss 2.401, Loss_clf 1.046, Loss_kd 1.350, Loss_kernel 0.005, Train_accy 67.70
2025-06-26 21:34:28,118 [icarl.py] => Task 2, Epoch 18/200 => Loss 2.378, Loss_clf 1.030, Loss_kd 1.344, Loss_kernel 0.005, Train_accy 65.71
2025-06-26 21:34:43,744 [icarl.py] => Task 2, Epoch 19/200 => Loss 2.342, Loss_clf 0.993, Loss_kd 1.345, Loss_kernel 0.005, Train_accy 68.19
2025-06-26 21:34:57,944 [icarl.py] => Task 2, Epoch 20/200 => Loss 2.336, Loss_clf 0.986, Loss_kd 1.345, Loss_kernel 0.004, Train_accy 68.14
2025-06-26 21:35:18,762 [icarl.py] => Task 2, Epoch 21/200 => Loss 2.307, Loss_clf 0.954, Loss_kd 1.348, Loss_kernel 0.005, Train_accy 68.39, Test_accy {'Art': 30.28, 'Clipart': 52.43, 'Real World': 47.42, 'Product': 61.67}
2025-06-26 21:35:33,438 [icarl.py] => Task 2, Epoch 22/200 => Loss 2.289, Loss_clf 0.934, Loss_kd 1.350, Loss_kernel 0.005, Train_accy 70.04
2025-06-26 21:35:47,912 [icarl.py] => Task 2, Epoch 23/200 => Loss 2.369, Loss_clf 0.995, Loss_kd 1.369, Loss_kernel 0.004, Train_accy 68.60
2025-06-26 21:36:03,032 [icarl.py] => Task 2, Epoch 24/200 => Loss 2.263, Loss_clf 0.938, Loss_kd 1.320, Loss_kernel 0.005, Train_accy 70.82
2025-06-26 21:36:17,459 [icarl.py] => Task 2, Epoch 25/200 => Loss 2.216, Loss_clf 0.887, Loss_kd 1.324, Loss_kernel 0.005, Train_accy 70.46
2025-06-26 21:36:37,482 [icarl.py] => Task 2, Epoch 26/200 => Loss 2.120, Loss_clf 0.819, Loss_kd 1.296, Loss_kernel 0.005, Train_accy 73.56, Test_accy {'Art': 34.86, 'Clipart': 61.65, 'Real World': 58.22, 'Product': 73.57}
2025-06-26 21:36:53,793 [icarl.py] => Task 2, Epoch 27/200 => Loss 2.184, Loss_clf 0.864, Loss_kd 1.315, Loss_kernel 0.005, Train_accy 72.23
2025-06-26 21:37:09,951 [icarl.py] => Task 2, Epoch 28/200 => Loss 2.111, Loss_clf 0.822, Loss_kd 1.285, Loss_kernel 0.005, Train_accy 72.78
2025-06-26 21:37:25,900 [icarl.py] => Task 2, Epoch 29/200 => Loss 2.133, Loss_clf 0.830, Loss_kd 1.298, Loss_kernel 0.005, Train_accy 73.24
2025-06-26 21:37:41,431 [icarl.py] => Task 2, Epoch 30/200 => Loss 2.162, Loss_clf 0.844, Loss_kd 1.313, Loss_kernel 0.005, Train_accy 73.68
2025-06-26 21:38:02,765 [icarl.py] => Task 2, Epoch 31/200 => Loss 2.044, Loss_clf 0.762, Loss_kd 1.278, Loss_kernel 0.005, Train_accy 75.87, Test_accy {'Art': 36.7, 'Clipart': 63.11, 'Real World': 49.3, 'Product': 72.69}
2025-06-26 21:38:16,319 [icarl.py] => Task 2, Epoch 32/200 => Loss 2.122, Loss_clf 0.823, Loss_kd 1.294, Loss_kernel 0.005, Train_accy 74.34
2025-06-26 21:38:30,664 [icarl.py] => Task 2, Epoch 33/200 => Loss 2.046, Loss_clf 0.767, Loss_kd 1.274, Loss_kernel 0.005, Train_accy 75.60
2025-06-26 21:38:44,536 [icarl.py] => Task 2, Epoch 34/200 => Loss 2.051, Loss_clf 0.762, Loss_kd 1.284, Loss_kernel 0.005, Train_accy 75.76
2025-06-26 21:39:00,185 [icarl.py] => Task 2, Epoch 35/200 => Loss 2.096, Loss_clf 0.792, Loss_kd 1.300, Loss_kernel 0.005, Train_accy 74.58
2025-06-26 21:39:22,811 [icarl.py] => Task 2, Epoch 36/200 => Loss 2.083, Loss_clf 0.776, Loss_kd 1.302, Loss_kernel 0.005, Train_accy 76.32, Test_accy {'Art': 39.45, 'Clipart': 60.19, 'Real World': 55.4, 'Product': 77.09}
2025-06-26 21:39:37,306 [icarl.py] => Task 2, Epoch 37/200 => Loss 1.969, Loss_clf 0.696, Loss_kd 1.268, Loss_kernel 0.005, Train_accy 77.84
2025-06-26 21:39:52,225 [icarl.py] => Task 2, Epoch 38/200 => Loss 1.952, Loss_clf 0.683, Loss_kd 1.265, Loss_kernel 0.004, Train_accy 78.39
2025-06-26 21:40:06,383 [icarl.py] => Task 2, Epoch 39/200 => Loss 1.935, Loss_clf 0.661, Loss_kd 1.269, Loss_kernel 0.005, Train_accy 78.23
2025-06-26 21:40:22,702 [icarl.py] => Task 2, Epoch 40/200 => Loss 1.874, Loss_clf 0.624, Loss_kd 1.245, Loss_kernel 0.005, Train_accy 79.83
2025-06-26 21:40:43,682 [icarl.py] => Task 2, Epoch 41/200 => Loss 1.977, Loss_clf 0.709, Loss_kd 1.263, Loss_kernel 0.005, Train_accy 77.40, Test_accy {'Art': 42.2, 'Clipart': 54.85, 'Real World': 51.64, 'Product': 70.48}
2025-06-26 21:40:59,130 [icarl.py] => Task 2, Epoch 42/200 => Loss 1.931, Loss_clf 0.658, Loss_kd 1.268, Loss_kernel 0.005, Train_accy 79.16
2025-06-26 21:41:15,511 [icarl.py] => Task 2, Epoch 43/200 => Loss 1.906, Loss_clf 0.642, Loss_kd 1.259, Loss_kernel 0.005, Train_accy 79.32
2025-06-26 21:41:30,894 [icarl.py] => Task 2, Epoch 44/200 => Loss 1.945, Loss_clf 0.661, Loss_kd 1.279, Loss_kernel 0.005, Train_accy 79.17
2025-06-26 21:41:45,811 [icarl.py] => Task 2, Epoch 45/200 => Loss 1.912, Loss_clf 0.655, Loss_kd 1.253, Loss_kernel 0.005, Train_accy 78.73
2025-06-26 21:42:05,432 [icarl.py] => Task 2, Epoch 46/200 => Loss 1.893, Loss_clf 0.620, Loss_kd 1.268, Loss_kernel 0.005, Train_accy 81.06, Test_accy {'Art': 40.37, 'Clipart': 57.77, 'Real World': 59.15, 'Product': 79.3}
2025-06-26 21:42:20,853 [icarl.py] => Task 2, Epoch 47/200 => Loss 1.947, Loss_clf 0.673, Loss_kd 1.270, Loss_kernel 0.004, Train_accy 78.22
2025-06-26 21:42:35,783 [icarl.py] => Task 2, Epoch 48/200 => Loss 1.888, Loss_clf 0.633, Loss_kd 1.251, Loss_kernel 0.004, Train_accy 79.93
2025-06-26 21:42:50,526 [icarl.py] => Task 2, Epoch 49/200 => Loss 1.881, Loss_clf 0.613, Loss_kd 1.264, Loss_kernel 0.005, Train_accy 80.07
2025-06-26 21:43:05,136 [icarl.py] => Task 2, Epoch 50/200 => Loss 1.899, Loss_clf 0.642, Loss_kd 1.252, Loss_kernel 0.005, Train_accy 78.84
2025-06-26 21:43:25,895 [icarl.py] => Task 2, Epoch 51/200 => Loss 1.798, Loss_clf 0.559, Loss_kd 1.235, Loss_kernel 0.004, Train_accy 82.06, Test_accy {'Art': 33.94, 'Clipart': 58.25, 'Real World': 56.34, 'Product': 72.25}
2025-06-26 21:43:41,101 [icarl.py] => Task 2, Epoch 52/200 => Loss 1.802, Loss_clf 0.571, Loss_kd 1.227, Loss_kernel 0.004, Train_accy 82.50
2025-06-26 21:43:57,146 [icarl.py] => Task 2, Epoch 53/200 => Loss 1.845, Loss_clf 0.594, Loss_kd 1.247, Loss_kernel 0.005, Train_accy 80.78
2025-06-26 21:44:12,413 [icarl.py] => Task 2, Epoch 54/200 => Loss 1.824, Loss_clf 0.575, Loss_kd 1.244, Loss_kernel 0.004, Train_accy 82.00
2025-06-26 21:44:28,093 [icarl.py] => Task 2, Epoch 55/200 => Loss 1.808, Loss_clf 0.568, Loss_kd 1.235, Loss_kernel 0.004, Train_accy 82.00
2025-06-26 21:44:48,131 [icarl.py] => Task 2, Epoch 56/200 => Loss 1.776, Loss_clf 0.543, Loss_kd 1.228, Loss_kernel 0.005, Train_accy 82.58, Test_accy {'Art': 33.03, 'Clipart': 56.31, 'Real World': 54.46, 'Product': 74.45}
2025-06-26 21:45:03,465 [icarl.py] => Task 2, Epoch 57/200 => Loss 1.831, Loss_clf 0.592, Loss_kd 1.235, Loss_kernel 0.004, Train_accy 81.17
2025-06-26 21:45:17,303 [icarl.py] => Task 2, Epoch 58/200 => Loss 1.754, Loss_clf 0.520, Loss_kd 1.230, Loss_kernel 0.004, Train_accy 83.29
2025-06-26 21:45:31,355 [icarl.py] => Task 2, Epoch 59/200 => Loss 1.790, Loss_clf 0.556, Loss_kd 1.230, Loss_kernel 0.004, Train_accy 81.49
2025-06-26 21:45:45,855 [icarl.py] => Task 2, Epoch 60/200 => Loss 1.861, Loss_clf 0.598, Loss_kd 1.258, Loss_kernel 0.004, Train_accy 81.26
2025-06-26 21:46:06,420 [icarl.py] => Task 2, Epoch 61/200 => Loss 1.820, Loss_clf 0.576, Loss_kd 1.240, Loss_kernel 0.004, Train_accy 81.44, Test_accy {'Art': 39.45, 'Clipart': 65.53, 'Real World': 55.87, 'Product': 77.09}
2025-06-26 21:46:20,633 [icarl.py] => Task 2, Epoch 62/200 => Loss 1.716, Loss_clf 0.493, Loss_kd 1.219, Loss_kernel 0.004, Train_accy 82.80
2025-06-26 21:46:34,167 [icarl.py] => Task 2, Epoch 63/200 => Loss 1.664, Loss_clf 0.461, Loss_kd 1.198, Loss_kernel 0.004, Train_accy 85.86
2025-06-26 21:46:48,059 [icarl.py] => Task 2, Epoch 64/200 => Loss 1.743, Loss_clf 0.517, Loss_kd 1.222, Loss_kernel 0.004, Train_accy 82.90
2025-06-26 21:47:02,001 [icarl.py] => Task 2, Epoch 65/200 => Loss 1.762, Loss_clf 0.525, Loss_kd 1.233, Loss_kernel 0.004, Train_accy 82.76
2025-06-26 21:47:23,132 [icarl.py] => Task 2, Epoch 66/200 => Loss 1.774, Loss_clf 0.546, Loss_kd 1.223, Loss_kernel 0.004, Train_accy 83.04, Test_accy {'Art': 35.78, 'Clipart': 62.14, 'Real World': 53.05, 'Product': 82.38}
2025-06-26 21:47:38,656 [icarl.py] => Task 2, Epoch 67/200 => Loss 1.786, Loss_clf 0.537, Loss_kd 1.245, Loss_kernel 0.004, Train_accy 82.98
2025-06-26 21:47:53,050 [icarl.py] => Task 2, Epoch 68/200 => Loss 1.716, Loss_clf 0.491, Loss_kd 1.220, Loss_kernel 0.004, Train_accy 83.65
2025-06-26 21:48:07,651 [icarl.py] => Task 2, Epoch 69/200 => Loss 1.757, Loss_clf 0.532, Loss_kd 1.221, Loss_kernel 0.004, Train_accy 83.68
2025-06-26 21:48:22,891 [icarl.py] => Task 2, Epoch 70/200 => Loss 1.722, Loss_clf 0.506, Loss_kd 1.212, Loss_kernel 0.004, Train_accy 83.74
2025-06-26 21:48:42,951 [icarl.py] => Task 2, Epoch 71/200 => Loss 1.612, Loss_clf 0.414, Loss_kd 1.193, Loss_kernel 0.004, Train_accy 87.47, Test_accy {'Art': 39.45, 'Clipart': 61.17, 'Real World': 56.81, 'Product': 76.21}
2025-06-26 21:48:55,264 [icarl.py] => Task 2, Epoch 72/200 => Loss 1.603, Loss_clf 0.407, Loss_kd 1.192, Loss_kernel 0.004, Train_accy 87.36
2025-06-26 21:49:08,956 [icarl.py] => Task 2, Epoch 73/200 => Loss 1.675, Loss_clf 0.462, Loss_kd 1.209, Loss_kernel 0.004, Train_accy 85.77
2025-06-26 21:49:23,393 [icarl.py] => Task 2, Epoch 74/200 => Loss 1.659, Loss_clf 0.443, Loss_kd 1.212, Loss_kernel 0.004, Train_accy 86.44
2025-06-26 21:49:38,050 [icarl.py] => Task 2, Epoch 75/200 => Loss 1.647, Loss_clf 0.444, Loss_kd 1.199, Loss_kernel 0.004, Train_accy 86.41
2025-06-26 21:49:57,708 [icarl.py] => Task 2, Epoch 76/200 => Loss 1.637, Loss_clf 0.440, Loss_kd 1.193, Loss_kernel 0.004, Train_accy 86.08, Test_accy {'Art': 38.53, 'Clipart': 67.96, 'Real World': 56.81, 'Product': 81.94}
2025-06-26 21:50:10,974 [icarl.py] => Task 2, Epoch 77/200 => Loss 1.642, Loss_clf 0.433, Loss_kd 1.205, Loss_kernel 0.004, Train_accy 86.23
2025-06-26 21:50:24,528 [icarl.py] => Task 2, Epoch 78/200 => Loss 1.603, Loss_clf 0.415, Loss_kd 1.184, Loss_kernel 0.004, Train_accy 86.95
2025-06-26 21:50:39,427 [icarl.py] => Task 2, Epoch 79/200 => Loss 1.627, Loss_clf 0.425, Loss_kd 1.197, Loss_kernel 0.004, Train_accy 86.64
2025-06-26 21:50:53,890 [icarl.py] => Task 2, Epoch 80/200 => Loss 1.578, Loss_clf 0.393, Loss_kd 1.181, Loss_kernel 0.004, Train_accy 87.17
2025-06-26 21:51:14,021 [icarl.py] => Task 2, Epoch 81/200 => Loss 1.634, Loss_clf 0.423, Loss_kd 1.206, Loss_kernel 0.004, Train_accy 87.04, Test_accy {'Art': 37.61, 'Clipart': 63.11, 'Real World': 56.81, 'Product': 76.21}
2025-06-26 21:51:29,161 [icarl.py] => Task 2, Epoch 82/200 => Loss 1.632, Loss_clf 0.425, Loss_kd 1.203, Loss_kernel 0.004, Train_accy 87.11
2025-06-26 21:51:43,615 [icarl.py] => Task 2, Epoch 83/200 => Loss 1.622, Loss_clf 0.423, Loss_kd 1.194, Loss_kernel 0.004, Train_accy 87.16
2025-06-26 21:51:57,538 [icarl.py] => Task 2, Epoch 84/200 => Loss 1.555, Loss_clf 0.372, Loss_kd 1.179, Loss_kernel 0.004, Train_accy 89.08
2025-06-26 21:52:12,145 [icarl.py] => Task 2, Epoch 85/200 => Loss 1.634, Loss_clf 0.421, Loss_kd 1.208, Loss_kernel 0.004, Train_accy 86.76
2025-06-26 21:52:32,545 [icarl.py] => Task 2, Epoch 86/200 => Loss 1.550, Loss_clf 0.369, Loss_kd 1.177, Loss_kernel 0.004, Train_accy 88.55, Test_accy {'Art': 37.61, 'Clipart': 63.11, 'Real World': 51.64, 'Product': 77.09}
2025-06-26 21:52:47,616 [icarl.py] => Task 2, Epoch 87/200 => Loss 1.605, Loss_clf 0.406, Loss_kd 1.195, Loss_kernel 0.004, Train_accy 87.83
2025-06-26 21:53:00,863 [icarl.py] => Task 2, Epoch 88/200 => Loss 1.598, Loss_clf 0.406, Loss_kd 1.188, Loss_kernel 0.004, Train_accy 87.43
2025-06-26 21:53:14,636 [icarl.py] => Task 2, Epoch 89/200 => Loss 1.598, Loss_clf 0.397, Loss_kd 1.196, Loss_kernel 0.004, Train_accy 88.14
2025-06-26 21:53:28,373 [icarl.py] => Task 2, Epoch 90/200 => Loss 1.569, Loss_clf 0.381, Loss_kd 1.184, Loss_kernel 0.004, Train_accy 88.01
2025-06-26 21:53:49,144 [icarl.py] => Task 2, Epoch 91/200 => Loss 1.611, Loss_clf 0.407, Loss_kd 1.199, Loss_kernel 0.004, Train_accy 86.90, Test_accy {'Art': 36.7, 'Clipart': 65.05, 'Real World': 57.75, 'Product': 80.18}
2025-06-26 21:54:03,075 [icarl.py] => Task 2, Epoch 92/200 => Loss 1.534, Loss_clf 0.352, Loss_kd 1.178, Loss_kernel 0.004, Train_accy 89.13
2025-06-26 21:54:16,465 [icarl.py] => Task 2, Epoch 93/200 => Loss 1.514, Loss_clf 0.339, Loss_kd 1.171, Loss_kernel 0.004, Train_accy 89.57
2025-06-26 21:54:30,556 [icarl.py] => Task 2, Epoch 94/200 => Loss 1.580, Loss_clf 0.399, Loss_kd 1.177, Loss_kernel 0.004, Train_accy 87.80
2025-06-26 21:54:45,477 [icarl.py] => Task 2, Epoch 95/200 => Loss 1.521, Loss_clf 0.341, Loss_kd 1.176, Loss_kernel 0.004, Train_accy 88.68
2025-06-26 21:55:05,908 [icarl.py] => Task 2, Epoch 96/200 => Loss 1.520, Loss_clf 0.343, Loss_kd 1.173, Loss_kernel 0.004, Train_accy 89.38, Test_accy {'Art': 33.03, 'Clipart': 65.05, 'Real World': 51.17, 'Product': 79.74}
2025-06-26 21:55:17,781 [icarl.py] => Task 2, Epoch 97/200 => Loss 1.514, Loss_clf 0.341, Loss_kd 1.168, Loss_kernel 0.004, Train_accy 89.52
2025-06-26 21:55:32,062 [icarl.py] => Task 2, Epoch 98/200 => Loss 1.503, Loss_clf 0.341, Loss_kd 1.158, Loss_kernel 0.004, Train_accy 89.65
2025-06-26 21:55:44,261 [icarl.py] => Task 2, Epoch 99/200 => Loss 1.483, Loss_clf 0.314, Loss_kd 1.164, Loss_kernel 0.004, Train_accy 90.21
2025-06-26 21:55:58,218 [icarl.py] => Task 2, Epoch 100/200 => Loss 1.477, Loss_clf 0.311, Loss_kd 1.162, Loss_kernel 0.004, Train_accy 90.57
2025-06-26 21:56:17,448 [icarl.py] => Task 2, Epoch 101/200 => Loss 1.462, Loss_clf 0.306, Loss_kd 1.151, Loss_kernel 0.004, Train_accy 90.70, Test_accy {'Art': 34.86, 'Clipart': 58.25, 'Real World': 54.93, 'Product': 77.09}
2025-06-26 21:56:30,829 [icarl.py] => Task 2, Epoch 102/200 => Loss 1.460, Loss_clf 0.308, Loss_kd 1.148, Loss_kernel 0.004, Train_accy 91.19
2025-06-26 21:56:45,631 [icarl.py] => Task 2, Epoch 103/200 => Loss 1.485, Loss_clf 0.331, Loss_kd 1.150, Loss_kernel 0.004, Train_accy 89.76
2025-06-26 21:56:59,963 [icarl.py] => Task 2, Epoch 104/200 => Loss 1.469, Loss_clf 0.312, Loss_kd 1.153, Loss_kernel 0.004, Train_accy 90.63
2025-06-26 21:57:13,303 [icarl.py] => Task 2, Epoch 105/200 => Loss 1.449, Loss_clf 0.296, Loss_kd 1.149, Loss_kernel 0.004, Train_accy 91.08
2025-06-26 21:57:33,614 [icarl.py] => Task 2, Epoch 106/200 => Loss 1.447, Loss_clf 0.288, Loss_kd 1.156, Loss_kernel 0.004, Train_accy 91.07, Test_accy {'Art': 34.86, 'Clipart': 55.34, 'Real World': 55.4, 'Product': 72.25}
2025-06-26 21:57:45,763 [icarl.py] => Task 2, Epoch 107/200 => Loss 1.434, Loss_clf 0.276, Loss_kd 1.154, Loss_kernel 0.004, Train_accy 91.62
2025-06-26 21:57:59,803 [icarl.py] => Task 2, Epoch 108/200 => Loss 1.436, Loss_clf 0.289, Loss_kd 1.144, Loss_kernel 0.004, Train_accy 90.75
2025-06-26 21:58:12,287 [icarl.py] => Task 2, Epoch 109/200 => Loss 1.438, Loss_clf 0.278, Loss_kd 1.156, Loss_kernel 0.004, Train_accy 91.59
2025-06-26 21:58:25,150 [icarl.py] => Task 2, Epoch 110/200 => Loss 1.453, Loss_clf 0.297, Loss_kd 1.152, Loss_kernel 0.004, Train_accy 91.40
2025-06-26 21:58:44,517 [icarl.py] => Task 2, Epoch 111/200 => Loss 1.447, Loss_clf 0.294, Loss_kd 1.149, Loss_kernel 0.004, Train_accy 90.83, Test_accy {'Art': 35.78, 'Clipart': 56.31, 'Real World': 47.42, 'Product': 70.48}
2025-06-26 21:58:58,471 [icarl.py] => Task 2, Epoch 112/200 => Loss 1.429, Loss_clf 0.275, Loss_kd 1.150, Loss_kernel 0.004, Train_accy 90.76
2025-06-26 21:59:09,987 [icarl.py] => Task 2, Epoch 113/200 => Loss 1.387, Loss_clf 0.245, Loss_kd 1.138, Loss_kernel 0.004, Train_accy 91.85
2025-06-26 21:59:22,472 [icarl.py] => Task 2, Epoch 114/200 => Loss 1.400, Loss_clf 0.248, Loss_kd 1.149, Loss_kernel 0.004, Train_accy 92.28
2025-06-26 21:59:35,763 [icarl.py] => Task 2, Epoch 115/200 => Loss 1.421, Loss_clf 0.274, Loss_kd 1.143, Loss_kernel 0.004, Train_accy 91.82
2025-06-26 21:59:56,556 [icarl.py] => Task 2, Epoch 116/200 => Loss 1.431, Loss_clf 0.294, Loss_kd 1.133, Loss_kernel 0.004, Train_accy 91.71, Test_accy {'Art': 37.61, 'Clipart': 65.05, 'Real World': 56.81, 'Product': 85.9}
2025-06-26 22:00:09,785 [icarl.py] => Task 2, Epoch 117/200 => Loss 1.409, Loss_clf 0.269, Loss_kd 1.136, Loss_kernel 0.003, Train_accy 91.25
2025-06-26 22:00:21,789 [icarl.py] => Task 2, Epoch 118/200 => Loss 1.405, Loss_clf 0.263, Loss_kd 1.139, Loss_kernel 0.003, Train_accy 92.04
2025-06-26 22:00:34,464 [icarl.py] => Task 2, Epoch 119/200 => Loss 1.377, Loss_clf 0.242, Loss_kd 1.132, Loss_kernel 0.004, Train_accy 92.74
2025-06-26 22:00:48,701 [icarl.py] => Task 2, Epoch 120/200 => Loss 1.412, Loss_clf 0.262, Loss_kd 1.147, Loss_kernel 0.004, Train_accy 92.18
2025-06-26 22:01:07,801 [icarl.py] => Task 2, Epoch 121/200 => Loss 1.375, Loss_clf 0.236, Loss_kd 1.136, Loss_kernel 0.004, Train_accy 92.91, Test_accy {'Art': 37.61, 'Clipart': 60.68, 'Real World': 53.52, 'Product': 83.26}
2025-06-26 22:01:22,359 [icarl.py] => Task 2, Epoch 122/200 => Loss 1.429, Loss_clf 0.287, Loss_kd 1.138, Loss_kernel 0.004, Train_accy 91.98
2025-06-26 22:01:34,289 [icarl.py] => Task 2, Epoch 123/200 => Loss 1.360, Loss_clf 0.240, Loss_kd 1.116, Loss_kernel 0.004, Train_accy 92.60
2025-06-26 22:01:44,924 [icarl.py] => Task 2, Epoch 124/200 => Loss 1.355, Loss_clf 0.230, Loss_kd 1.121, Loss_kernel 0.004, Train_accy 93.57
2025-06-26 22:01:58,557 [icarl.py] => Task 2, Epoch 125/200 => Loss 1.371, Loss_clf 0.235, Loss_kd 1.132, Loss_kernel 0.004, Train_accy 92.78
2025-06-26 22:02:16,050 [icarl.py] => Task 2, Epoch 126/200 => Loss 1.359, Loss_clf 0.230, Loss_kd 1.126, Loss_kernel 0.004, Train_accy 93.11, Test_accy {'Art': 35.78, 'Clipart': 61.17, 'Real World': 51.64, 'Product': 80.18}
2025-06-26 22:02:28,253 [icarl.py] => Task 2, Epoch 127/200 => Loss 1.333, Loss_clf 0.215, Loss_kd 1.114, Loss_kernel 0.004, Train_accy 93.60
2025-06-26 22:02:39,966 [icarl.py] => Task 2, Epoch 128/200 => Loss 1.344, Loss_clf 0.231, Loss_kd 1.110, Loss_kernel 0.003, Train_accy 93.08
2025-06-26 22:02:51,466 [icarl.py] => Task 2, Epoch 129/200 => Loss 1.323, Loss_clf 0.203, Loss_kd 1.117, Loss_kernel 0.003, Train_accy 93.78
2025-06-26 22:03:02,901 [icarl.py] => Task 2, Epoch 130/200 => Loss 1.328, Loss_clf 0.206, Loss_kd 1.119, Loss_kernel 0.003, Train_accy 93.68
2025-06-26 22:03:21,952 [icarl.py] => Task 2, Epoch 131/200 => Loss 1.340, Loss_clf 0.212, Loss_kd 1.124, Loss_kernel 0.004, Train_accy 93.72, Test_accy {'Art': 33.03, 'Clipart': 68.93, 'Real World': 55.87, 'Product': 83.26}
2025-06-26 22:03:34,107 [icarl.py] => Task 2, Epoch 132/200 => Loss 1.329, Loss_clf 0.213, Loss_kd 1.112, Loss_kernel 0.003, Train_accy 93.98
2025-06-26 22:03:47,213 [icarl.py] => Task 2, Epoch 133/200 => Loss 1.323, Loss_clf 0.194, Loss_kd 1.125, Loss_kernel 0.003, Train_accy 93.96
2025-06-26 22:04:02,402 [icarl.py] => Task 2, Epoch 134/200 => Loss 1.338, Loss_clf 0.216, Loss_kd 1.119, Loss_kernel 0.003, Train_accy 92.80
2025-06-26 22:04:15,324 [icarl.py] => Task 2, Epoch 135/200 => Loss 1.306, Loss_clf 0.196, Loss_kd 1.106, Loss_kernel 0.003, Train_accy 94.13
2025-06-26 22:04:34,644 [icarl.py] => Task 2, Epoch 136/200 => Loss 1.326, Loss_clf 0.205, Loss_kd 1.118, Loss_kernel 0.003, Train_accy 93.44, Test_accy {'Art': 33.03, 'Clipart': 67.48, 'Real World': 55.87, 'Product': 89.87}
2025-06-26 22:04:46,594 [icarl.py] => Task 2, Epoch 137/200 => Loss 1.287, Loss_clf 0.183, Loss_kd 1.101, Loss_kernel 0.003, Train_accy 94.35
2025-06-26 22:04:58,747 [icarl.py] => Task 2, Epoch 138/200 => Loss 1.315, Loss_clf 0.199, Loss_kd 1.112, Loss_kernel 0.003, Train_accy 93.89
2025-06-26 22:05:09,874 [icarl.py] => Task 2, Epoch 139/200 => Loss 1.266, Loss_clf 0.174, Loss_kd 1.089, Loss_kernel 0.003, Train_accy 94.57
2025-06-26 22:05:20,496 [icarl.py] => Task 2, Epoch 140/200 => Loss 1.292, Loss_clf 0.179, Loss_kd 1.109, Loss_kernel 0.003, Train_accy 94.67
2025-06-26 22:05:39,728 [icarl.py] => Task 2, Epoch 141/200 => Loss 1.285, Loss_clf 0.182, Loss_kd 1.100, Loss_kernel 0.003, Train_accy 94.70, Test_accy {'Art': 36.7, 'Clipart': 67.48, 'Real World': 58.22, 'Product': 89.87}
2025-06-26 22:05:52,035 [icarl.py] => Task 2, Epoch 142/200 => Loss 1.274, Loss_clf 0.175, Loss_kd 1.095, Loss_kernel 0.003, Train_accy 94.98
2025-06-26 22:06:05,062 [icarl.py] => Task 2, Epoch 143/200 => Loss 1.322, Loss_clf 0.209, Loss_kd 1.111, Loss_kernel 0.003, Train_accy 94.00
2025-06-26 22:06:16,740 [icarl.py] => Task 2, Epoch 144/200 => Loss 1.287, Loss_clf 0.180, Loss_kd 1.104, Loss_kernel 0.003, Train_accy 94.79
2025-06-26 22:06:28,006 [icarl.py] => Task 2, Epoch 145/200 => Loss 1.271, Loss_clf 0.170, Loss_kd 1.098, Loss_kernel 0.003, Train_accy 95.42
2025-06-26 22:06:44,986 [icarl.py] => Task 2, Epoch 146/200 => Loss 1.251, Loss_clf 0.158, Loss_kd 1.090, Loss_kernel 0.003, Train_accy 95.56, Test_accy {'Art': 35.78, 'Clipart': 64.56, 'Real World': 56.81, 'Product': 88.11}
2025-06-26 22:06:56,734 [icarl.py] => Task 2, Epoch 147/200 => Loss 1.248, Loss_clf 0.147, Loss_kd 1.098, Loss_kernel 0.003, Train_accy 95.86
2025-06-26 22:07:08,598 [icarl.py] => Task 2, Epoch 148/200 => Loss 1.253, Loss_clf 0.157, Loss_kd 1.093, Loss_kernel 0.003, Train_accy 95.72
2025-06-26 22:07:18,952 [icarl.py] => Task 2, Epoch 149/200 => Loss 1.251, Loss_clf 0.157, Loss_kd 1.091, Loss_kernel 0.003, Train_accy 95.23
2025-06-26 22:07:30,408 [icarl.py] => Task 2, Epoch 150/200 => Loss 1.256, Loss_clf 0.164, Loss_kd 1.089, Loss_kernel 0.003, Train_accy 95.15
2025-06-26 22:07:48,778 [icarl.py] => Task 2, Epoch 151/200 => Loss 1.254, Loss_clf 0.154, Loss_kd 1.097, Loss_kernel 0.003, Train_accy 95.29, Test_accy {'Art': 35.78, 'Clipart': 65.53, 'Real World': 59.15, 'Product': 86.78}
2025-06-26 22:07:59,622 [icarl.py] => Task 2, Epoch 152/200 => Loss 1.237, Loss_clf 0.148, Loss_kd 1.085, Loss_kernel 0.003, Train_accy 95.66
2025-06-26 22:08:11,443 [icarl.py] => Task 2, Epoch 153/200 => Loss 1.248, Loss_clf 0.150, Loss_kd 1.095, Loss_kernel 0.003, Train_accy 95.95
2025-06-26 22:08:24,853 [icarl.py] => Task 2, Epoch 154/200 => Loss 1.255, Loss_clf 0.157, Loss_kd 1.095, Loss_kernel 0.003, Train_accy 95.09
2025-06-26 22:08:35,647 [icarl.py] => Task 2, Epoch 155/200 => Loss 1.196, Loss_clf 0.124, Loss_kd 1.069, Loss_kernel 0.003, Train_accy 96.56
2025-06-26 22:08:52,895 [icarl.py] => Task 2, Epoch 156/200 => Loss 1.252, Loss_clf 0.167, Loss_kd 1.082, Loss_kernel 0.003, Train_accy 95.58, Test_accy {'Art': 37.61, 'Clipart': 67.48, 'Real World': 59.15, 'Product': 83.7}
2025-06-26 22:09:05,098 [icarl.py] => Task 2, Epoch 157/200 => Loss 1.235, Loss_clf 0.145, Loss_kd 1.087, Loss_kernel 0.003, Train_accy 95.96
2025-06-26 22:09:16,501 [icarl.py] => Task 2, Epoch 158/200 => Loss 1.205, Loss_clf 0.139, Loss_kd 1.063, Loss_kernel 0.003, Train_accy 96.52
2025-06-26 22:09:28,993 [icarl.py] => Task 2, Epoch 159/200 => Loss 1.229, Loss_clf 0.141, Loss_kd 1.085, Loss_kernel 0.003, Train_accy 96.16
2025-06-26 22:09:40,891 [icarl.py] => Task 2, Epoch 160/200 => Loss 1.238, Loss_clf 0.142, Loss_kd 1.093, Loss_kernel 0.003, Train_accy 96.10
2025-06-26 22:09:59,550 [icarl.py] => Task 2, Epoch 161/200 => Loss 1.231, Loss_clf 0.144, Loss_kd 1.084, Loss_kernel 0.003, Train_accy 96.07, Test_accy {'Art': 33.94, 'Clipart': 66.5, 'Real World': 56.81, 'Product': 86.78}
2025-06-26 22:10:12,022 [icarl.py] => Task 2, Epoch 162/200 => Loss 1.222, Loss_clf 0.137, Loss_kd 1.083, Loss_kernel 0.003, Train_accy 96.30
2025-06-26 22:10:24,134 [icarl.py] => Task 2, Epoch 163/200 => Loss 1.235, Loss_clf 0.148, Loss_kd 1.084, Loss_kernel 0.003, Train_accy 95.74
2025-06-26 22:10:35,589 [icarl.py] => Task 2, Epoch 164/200 => Loss 1.216, Loss_clf 0.129, Loss_kd 1.084, Loss_kernel 0.003, Train_accy 96.29
2025-06-26 22:10:45,969 [icarl.py] => Task 2, Epoch 165/200 => Loss 1.206, Loss_clf 0.121, Loss_kd 1.082, Loss_kernel 0.003, Train_accy 96.70
2025-06-26 22:11:02,067 [icarl.py] => Task 2, Epoch 166/200 => Loss 1.196, Loss_clf 0.118, Loss_kd 1.075, Loss_kernel 0.003, Train_accy 96.64, Test_accy {'Art': 33.03, 'Clipart': 64.56, 'Real World': 58.22, 'Product': 87.22}
2025-06-26 22:11:14,350 [icarl.py] => Task 2, Epoch 167/200 => Loss 1.214, Loss_clf 0.129, Loss_kd 1.082, Loss_kernel 0.003, Train_accy 96.34
2025-06-26 22:11:25,199 [icarl.py] => Task 2, Epoch 168/200 => Loss 1.201, Loss_clf 0.123, Loss_kd 1.075, Loss_kernel 0.003, Train_accy 96.47
2025-06-26 22:11:37,166 [icarl.py] => Task 2, Epoch 169/200 => Loss 1.227, Loss_clf 0.142, Loss_kd 1.082, Loss_kernel 0.003, Train_accy 96.10
2025-06-26 22:11:49,532 [icarl.py] => Task 2, Epoch 170/200 => Loss 1.193, Loss_clf 0.116, Loss_kd 1.074, Loss_kernel 0.003, Train_accy 96.86
2025-06-26 22:12:07,231 [icarl.py] => Task 2, Epoch 171/200 => Loss 1.201, Loss_clf 0.122, Loss_kd 1.075, Loss_kernel 0.003, Train_accy 96.57, Test_accy {'Art': 34.86, 'Clipart': 65.05, 'Real World': 59.62, 'Product': 87.22}
2025-06-26 22:12:19,135 [icarl.py] => Task 2, Epoch 172/200 => Loss 1.192, Loss_clf 0.120, Loss_kd 1.069, Loss_kernel 0.003, Train_accy 96.57
2025-06-26 22:12:29,609 [icarl.py] => Task 2, Epoch 173/200 => Loss 1.177, Loss_clf 0.107, Loss_kd 1.068, Loss_kernel 0.003, Train_accy 96.70
2025-06-26 22:12:40,226 [icarl.py] => Task 2, Epoch 174/200 => Loss 1.186, Loss_clf 0.126, Loss_kd 1.057, Loss_kernel 0.003, Train_accy 96.57
2025-06-26 22:12:50,654 [icarl.py] => Task 2, Epoch 175/200 => Loss 1.182, Loss_clf 0.109, Loss_kd 1.070, Loss_kernel 0.003, Train_accy 96.94
2025-06-26 22:13:08,566 [icarl.py] => Task 2, Epoch 176/200 => Loss 1.211, Loss_clf 0.127, Loss_kd 1.081, Loss_kernel 0.003, Train_accy 96.24, Test_accy {'Art': 36.7, 'Clipart': 65.05, 'Real World': 57.75, 'Product': 88.99}
2025-06-26 22:13:20,709 [icarl.py] => Task 2, Epoch 177/200 => Loss 1.217, Loss_clf 0.132, Loss_kd 1.082, Loss_kernel 0.003, Train_accy 96.15
2025-06-26 22:13:30,400 [icarl.py] => Task 2, Epoch 178/200 => Loss 1.188, Loss_clf 0.114, Loss_kd 1.071, Loss_kernel 0.003, Train_accy 96.79
2025-06-26 22:13:42,670 [icarl.py] => Task 2, Epoch 179/200 => Loss 1.193, Loss_clf 0.117, Loss_kd 1.073, Loss_kernel 0.003, Train_accy 96.86
2025-06-26 22:13:53,851 [icarl.py] => Task 2, Epoch 180/200 => Loss 1.201, Loss_clf 0.123, Loss_kd 1.076, Loss_kernel 0.003, Train_accy 96.33
2025-06-26 22:14:10,483 [icarl.py] => Task 2, Epoch 181/200 => Loss 1.174, Loss_clf 0.101, Loss_kd 1.070, Loss_kernel 0.003, Train_accy 96.98, Test_accy {'Art': 35.78, 'Clipart': 64.56, 'Real World': 58.22, 'Product': 88.55}
2025-06-26 22:14:22,249 [icarl.py] => Task 2, Epoch 182/200 => Loss 1.220, Loss_clf 0.132, Loss_kd 1.085, Loss_kernel 0.003, Train_accy 96.21
2025-06-26 22:14:33,581 [icarl.py] => Task 2, Epoch 183/200 => Loss 1.192, Loss_clf 0.109, Loss_kd 1.080, Loss_kernel 0.003, Train_accy 97.19
2025-06-26 22:14:44,222 [icarl.py] => Task 2, Epoch 184/200 => Loss 1.180, Loss_clf 0.108, Loss_kd 1.069, Loss_kernel 0.003, Train_accy 96.80
2025-06-26 22:14:54,512 [icarl.py] => Task 2, Epoch 185/200 => Loss 1.186, Loss_clf 0.119, Loss_kd 1.065, Loss_kernel 0.003, Train_accy 96.89
2025-06-26 22:15:12,252 [icarl.py] => Task 2, Epoch 186/200 => Loss 1.203, Loss_clf 0.127, Loss_kd 1.073, Loss_kernel 0.003, Train_accy 96.52, Test_accy {'Art': 35.78, 'Clipart': 64.56, 'Real World': 58.69, 'Product': 88.11}
2025-06-26 22:15:21,917 [icarl.py] => Task 2, Epoch 187/200 => Loss 1.193, Loss_clf 0.107, Loss_kd 1.083, Loss_kernel 0.003, Train_accy 97.17
2025-06-26 22:15:33,016 [icarl.py] => Task 2, Epoch 188/200 => Loss 1.176, Loss_clf 0.104, Loss_kd 1.070, Loss_kernel 0.003, Train_accy 96.90
2025-06-26 22:15:43,557 [icarl.py] => Task 2, Epoch 189/200 => Loss 1.190, Loss_clf 0.113, Loss_kd 1.075, Loss_kernel 0.003, Train_accy 97.18
2025-06-26 22:15:53,000 [icarl.py] => Task 2, Epoch 190/200 => Loss 1.175, Loss_clf 0.101, Loss_kd 1.071, Loss_kernel 0.003, Train_accy 97.31
2025-06-26 22:16:10,178 [icarl.py] => Task 2, Epoch 191/200 => Loss 1.179, Loss_clf 0.118, Loss_kd 1.059, Loss_kernel 0.003, Train_accy 96.89, Test_accy {'Art': 35.78, 'Clipart': 64.56, 'Real World': 59.62, 'Product': 88.99}
2025-06-26 22:16:20,077 [icarl.py] => Task 2, Epoch 192/200 => Loss 1.176, Loss_clf 0.105, Loss_kd 1.068, Loss_kernel 0.003, Train_accy 97.13
2025-06-26 22:16:30,840 [icarl.py] => Task 2, Epoch 193/200 => Loss 1.192, Loss_clf 0.105, Loss_kd 1.084, Loss_kernel 0.003, Train_accy 96.99
2025-06-26 22:16:40,911 [icarl.py] => Task 2, Epoch 194/200 => Loss 1.172, Loss_clf 0.103, Loss_kd 1.066, Loss_kernel 0.003, Train_accy 97.22
2025-06-26 22:16:50,721 [icarl.py] => Task 2, Epoch 195/200 => Loss 1.144, Loss_clf 0.090, Loss_kd 1.051, Loss_kernel 0.003, Train_accy 97.75
2025-06-26 22:17:07,058 [icarl.py] => Task 2, Epoch 196/200 => Loss 1.186, Loss_clf 0.108, Loss_kd 1.076, Loss_kernel 0.003, Train_accy 97.41, Test_accy {'Art': 37.61, 'Clipart': 64.08, 'Real World': 59.15, 'Product': 88.55}
2025-06-26 22:17:16,928 [icarl.py] => Task 2, Epoch 197/200 => Loss 1.171, Loss_clf 0.099, Loss_kd 1.069, Loss_kernel 0.003, Train_accy 97.36
2025-06-26 22:17:26,651 [icarl.py] => Task 2, Epoch 198/200 => Loss 1.167, Loss_clf 0.111, Loss_kd 1.053, Loss_kernel 0.003, Train_accy 97.03
2025-06-26 22:17:36,521 [icarl.py] => Task 2, Epoch 199/200 => Loss 1.195, Loss_clf 0.116, Loss_kd 1.076, Loss_kernel 0.003, Train_accy 96.70
2025-06-26 22:17:46,409 [icarl.py] => Task 2, Epoch 200/200 => Loss 1.207, Loss_clf 0.124, Loss_kd 1.080, Loss_kernel 0.003, Train_accy 96.46
2025-06-26 22:17:46,410 [base.py] => Reducing exemplars...(86 per classes)
2025-06-26 22:17:56,425 [base.py] => Constructing exemplars...(86 per classes)
2025-06-26 22:18:21,823 [icarl.py] => Exemplar size: 1290
2025-06-26 22:18:22,975 [trainer.py] => CNN [Art]: {'total': 35.78, '00-04': 57.89, '05-09': 23.53, '10-14': 24.32, 'old': 41.67, 'new': 24.32}
2025-06-26 22:18:22,975 [trainer.py] => NME [Art]: {'total': 40.37, '00-04': 55.26, '05-09': 32.35, '10-14': 32.43, 'old': 44.44, 'new': 32.43}
2025-06-26 22:18:22,975 [trainer.py] => CNN [Art] top1 curve: [57.89, 43.06, 35.78]
2025-06-26 22:18:22,976 [trainer.py] => CNN [Art] top5 curve: [97.37, 81.94, 66.06]
2025-06-26 22:18:22,976 [trainer.py] => NME [Art] top1 curve: [63.16, 54.17, 40.37]
2025-06-26 22:18:22,976 [trainer.py] => NME [Art] top5 curve: [100.0, 87.5, 80.73]
2025-06-26 22:18:22,976 [trainer.py] => Average Accuracy [Art] (CNN): 45.576666666666675
2025-06-26 22:18:22,976 [trainer.py] => Average Accuracy [Art] (NME): 52.56666666666666
2025-06-26 22:18:22,976 [trainer.py] => CNN [Clipart]: {'total': 65.05, '00-04': 73.08, '05-09': 54.84, '10-14': 65.15, 'old': 65.0, 'new': 65.15}
2025-06-26 22:18:22,976 [trainer.py] => NME [Clipart]: {'total': 66.5, '00-04': 64.1, '05-09': 59.68, '10-14': 75.76, 'old': 62.14, 'new': 75.76}
2025-06-26 22:18:22,976 [trainer.py] => CNN [Clipart] top1 curve: [75.64, 67.86, 65.05]
2025-06-26 22:18:22,977 [trainer.py] => CNN [Clipart] top5 curve: [98.72, 94.29, 87.86]
2025-06-26 22:18:22,977 [trainer.py] => NME [Clipart] top1 curve: [71.79, 70.71, 66.5]
2025-06-26 22:18:22,977 [trainer.py] => NME [Clipart] top5 curve: [100.0, 94.29, 85.92]
2025-06-26 22:18:22,977 [trainer.py] => Average Accuracy [Clipart] (CNN): 69.51666666666667
2025-06-26 22:18:22,977 [trainer.py] => Average Accuracy [Clipart] (NME): 69.66666666666667
2025-06-26 22:18:22,977 [trainer.py] => CNN [Product]: {'total': 87.67, '00-04': 94.12, '05-09': 81.25, '10-14': 87.1, 'old': 87.88, 'new': 87.1}
2025-06-26 22:18:22,977 [trainer.py] => NME [Product]: {'total': 92.51, '00-04': 95.29, '05-09': 91.25, '10-14': 90.32, 'old': 93.33, 'new': 90.32}
2025-06-26 22:18:22,977 [trainer.py] => CNN [Product] top1 curve: [85.88, 86.06, 87.67]
2025-06-26 22:18:22,978 [trainer.py] => CNN [Product] top5 curve: [100.0, 99.39, 98.24]
2025-06-26 22:18:22,978 [trainer.py] => NME [Product] top1 curve: [90.59, 87.88, 92.51]
2025-06-26 22:18:22,978 [trainer.py] => NME [Product] top5 curve: [100.0, 99.39, 99.12]
2025-06-26 22:18:22,978 [trainer.py] => Average Accuracy [Product] (CNN): 86.53666666666668
2025-06-26 22:18:22,978 [trainer.py] => Average Accuracy [Product] (NME): 90.32666666666667
2025-06-26 22:18:22,978 [trainer.py] => CNN [Real World]: {'total': 58.22, '00-04': 78.08, '05-09': 58.82, '10-14': 37.5, 'old': 68.79, 'new': 37.5}
2025-06-26 22:18:22,978 [trainer.py] => NME [Real World]: {'total': 60.56, '00-04': 64.38, '05-09': 70.59, '10-14': 47.22, 'old': 67.38, 'new': 47.22}
2025-06-26 22:18:22,978 [trainer.py] => CNN [Real World] top1 curve: [71.23, 64.54, 58.22]
2025-06-26 22:18:22,979 [trainer.py] => CNN [Real World] top5 curve: [100.0, 92.2, 84.98]
2025-06-26 22:18:22,979 [trainer.py] => NME [Real World] top1 curve: [79.45, 70.21, 60.56]
2025-06-26 22:18:22,979 [trainer.py] => NME [Real World] top5 curve: [100.0, 96.45, 85.92]
2025-06-26 22:18:22,979 [trainer.py] => Average Accuracy [Real World] (CNN): 64.66333333333334
2025-06-26 22:18:22,979 [trainer.py] => Average Accuracy [Real World] (NME): 70.07333333333334
2025-06-26 22:18:22,979 [trainer.py] => NME Harmonic Mean : 52.0373
2025-06-26 22:18:22,979 [trainer.py] => NME Macro Mean : 64.9850
2025-06-26 22:18:22,979 [trainer.py] => CNN Harmonic Mean : 47.4264
2025-06-26 22:18:22,979 [trainer.py] => CNN Macro Mean : 61.6800
2025-06-26 22:18:22,980 [trainer.py] => All params: 21297497
2025-06-26 22:18:22,981 [trainer.py] => Trainable params: 21297497
2025-06-26 22:18:22,983 [icarl.py] => Learning on 15-20
2025-06-26 22:18:47,375 [icarl.py] => Task 3, Epoch 1/200 => Loss 4.492, Loss_clf 2.498, Loss_kd 1.990, Loss_kernel 0.005, Train_accy 34.73, Test_accy {'Art': 13.24, 'Clipart': 15.06, 'Real World': 16.07, 'Product': 15.13}
2025-06-26 22:19:03,048 [icarl.py] => Task 3, Epoch 2/200 => Loss 4.314, Loss_clf 2.189, Loss_kd 2.119, Loss_kernel 0.006, Train_accy 34.84
2025-06-26 22:19:18,492 [icarl.py] => Task 3, Epoch 3/200 => Loss 3.869, Loss_clf 1.903, Loss_kd 1.962, Loss_kernel 0.005, Train_accy 42.04
2025-06-26 22:19:33,336 [icarl.py] => Task 3, Epoch 4/200 => Loss 3.636, Loss_clf 1.741, Loss_kd 1.890, Loss_kernel 0.004, Train_accy 47.18
2025-06-26 22:19:47,969 [icarl.py] => Task 3, Epoch 5/200 => Loss 3.444, Loss_clf 1.615, Loss_kd 1.825, Loss_kernel 0.004, Train_accy 50.94
2025-06-26 22:20:09,588 [icarl.py] => Task 3, Epoch 6/200 => Loss 3.275, Loss_clf 1.501, Loss_kd 1.771, Loss_kernel 0.004, Train_accy 54.36, Test_accy {'Art': 31.62, 'Clipart': 53.67, 'Real World': 44.64, 'Product': 59.87}
2025-06-26 22:20:25,840 [icarl.py] => Task 3, Epoch 7/200 => Loss 3.072, Loss_clf 1.370, Loss_kd 1.699, Loss_kernel 0.004, Train_accy 57.18
2025-06-26 22:20:41,377 [icarl.py] => Task 3, Epoch 8/200 => Loss 3.038, Loss_clf 1.346, Loss_kd 1.689, Loss_kernel 0.003, Train_accy 58.86
2025-06-26 22:20:57,143 [icarl.py] => Task 3, Epoch 9/200 => Loss 2.920, Loss_clf 1.250, Loss_kd 1.667, Loss_kernel 0.003, Train_accy 60.68
2025-06-26 22:21:12,238 [icarl.py] => Task 3, Epoch 10/200 => Loss 2.850, Loss_clf 1.207, Loss_kd 1.640, Loss_kernel 0.003, Train_accy 62.34
2025-06-26 22:21:34,554 [icarl.py] => Task 3, Epoch 11/200 => Loss 2.902, Loss_clf 1.233, Loss_kd 1.666, Loss_kernel 0.003, Train_accy 61.35, Test_accy {'Art': 33.09, 'Clipart': 50.97, 'Real World': 41.79, 'Product': 58.55}
2025-06-26 22:21:49,729 [icarl.py] => Task 3, Epoch 12/200 => Loss 2.776, Loss_clf 1.147, Loss_kd 1.625, Loss_kernel 0.003, Train_accy 64.86
2025-06-26 22:22:05,105 [icarl.py] => Task 3, Epoch 13/200 => Loss 2.737, Loss_clf 1.118, Loss_kd 1.616, Loss_kernel 0.003, Train_accy 65.37
2025-06-26 22:22:20,673 [icarl.py] => Task 3, Epoch 14/200 => Loss 2.761, Loss_clf 1.134, Loss_kd 1.624, Loss_kernel 0.004, Train_accy 65.53
2025-06-26 22:22:35,695 [icarl.py] => Task 3, Epoch 15/200 => Loss 2.678, Loss_clf 1.055, Loss_kd 1.620, Loss_kernel 0.004, Train_accy 67.73
2025-06-26 22:22:57,970 [icarl.py] => Task 3, Epoch 16/200 => Loss 2.611, Loss_clf 1.024, Loss_kd 1.583, Loss_kernel 0.003, Train_accy 67.64, Test_accy {'Art': 33.09, 'Clipart': 58.69, 'Real World': 45.0, 'Product': 59.54}
2025-06-26 22:23:12,342 [icarl.py] => Task 3, Epoch 17/200 => Loss 2.578, Loss_clf 1.005, Loss_kd 1.569, Loss_kernel 0.004, Train_accy 67.83
2025-06-26 22:23:27,483 [icarl.py] => Task 3, Epoch 18/200 => Loss 2.479, Loss_clf 0.921, Loss_kd 1.555, Loss_kernel 0.003, Train_accy 71.29
2025-06-26 22:23:42,350 [icarl.py] => Task 3, Epoch 19/200 => Loss 2.486, Loss_clf 0.936, Loss_kd 1.547, Loss_kernel 0.004, Train_accy 70.46
2025-06-26 22:23:58,419 [icarl.py] => Task 3, Epoch 20/200 => Loss 2.508, Loss_clf 0.945, Loss_kd 1.560, Loss_kernel 0.003, Train_accy 69.56
2025-06-26 22:24:20,656 [icarl.py] => Task 3, Epoch 21/200 => Loss 2.475, Loss_clf 0.899, Loss_kd 1.572, Loss_kernel 0.003, Train_accy 71.92, Test_accy {'Art': 30.88, 'Clipart': 57.53, 'Real World': 46.79, 'Product': 64.47}
2025-06-26 22:24:33,987 [icarl.py] => Task 3, Epoch 22/200 => Loss 2.366, Loss_clf 0.829, Loss_kd 1.534, Loss_kernel 0.003, Train_accy 73.80
2025-06-26 22:24:48,028 [icarl.py] => Task 3, Epoch 23/200 => Loss 2.225, Loss_clf 0.733, Loss_kd 1.489, Loss_kernel 0.003, Train_accy 76.56
2025-06-26 22:25:04,563 [icarl.py] => Task 3, Epoch 24/200 => Loss 2.453, Loss_clf 0.892, Loss_kd 1.557, Loss_kernel 0.003, Train_accy 71.87
2025-06-26 22:25:18,927 [icarl.py] => Task 3, Epoch 25/200 => Loss 2.306, Loss_clf 0.783, Loss_kd 1.520, Loss_kernel 0.003, Train_accy 75.27
2025-06-26 22:25:40,269 [icarl.py] => Task 3, Epoch 26/200 => Loss 2.313, Loss_clf 0.778, Loss_kd 1.532, Loss_kernel 0.003, Train_accy 76.33, Test_accy {'Art': 30.88, 'Clipart': 60.23, 'Real World': 46.43, 'Product': 62.5}
2025-06-26 22:25:54,033 [icarl.py] => Task 3, Epoch 27/200 => Loss 2.306, Loss_clf 0.770, Loss_kd 1.532, Loss_kernel 0.003, Train_accy 76.81
2025-06-26 22:26:09,663 [icarl.py] => Task 3, Epoch 28/200 => Loss 2.364, Loss_clf 0.823, Loss_kd 1.537, Loss_kernel 0.003, Train_accy 74.41
2025-06-26 22:26:25,203 [icarl.py] => Task 3, Epoch 29/200 => Loss 2.331, Loss_clf 0.793, Loss_kd 1.535, Loss_kernel 0.003, Train_accy 76.25
2025-06-26 22:26:39,874 [icarl.py] => Task 3, Epoch 30/200 => Loss 2.271, Loss_clf 0.759, Loss_kd 1.509, Loss_kernel 0.003, Train_accy 75.76
2025-06-26 22:27:01,434 [icarl.py] => Task 3, Epoch 31/200 => Loss 2.219, Loss_clf 0.724, Loss_kd 1.492, Loss_kernel 0.003, Train_accy 77.93, Test_accy {'Art': 27.94, 'Clipart': 61.0, 'Real World': 46.43, 'Product': 62.83}
2025-06-26 22:27:16,706 [icarl.py] => Task 3, Epoch 32/200 => Loss 2.156, Loss_clf 0.671, Loss_kd 1.482, Loss_kernel 0.003, Train_accy 78.33
2025-06-26 22:27:31,725 [icarl.py] => Task 3, Epoch 33/200 => Loss 2.170, Loss_clf 0.681, Loss_kd 1.486, Loss_kernel 0.003, Train_accy 79.05
2025-06-26 22:27:47,303 [icarl.py] => Task 3, Epoch 34/200 => Loss 2.185, Loss_clf 0.676, Loss_kd 1.506, Loss_kernel 0.003, Train_accy 79.08
2025-06-26 22:28:00,884 [icarl.py] => Task 3, Epoch 35/200 => Loss 2.128, Loss_clf 0.656, Loss_kd 1.470, Loss_kernel 0.003, Train_accy 79.86
2025-06-26 22:28:23,549 [icarl.py] => Task 3, Epoch 36/200 => Loss 2.155, Loss_clf 0.668, Loss_kd 1.484, Loss_kernel 0.003, Train_accy 79.44, Test_accy {'Art': 35.29, 'Clipart': 62.93, 'Real World': 52.5, 'Product': 73.36}
2025-06-26 22:28:39,398 [icarl.py] => Task 3, Epoch 37/200 => Loss 2.074, Loss_clf 0.628, Loss_kd 1.443, Loss_kernel 0.003, Train_accy 80.31
2025-06-26 22:28:55,620 [icarl.py] => Task 3, Epoch 38/200 => Loss 2.059, Loss_clf 0.610, Loss_kd 1.447, Loss_kernel 0.003, Train_accy 81.54
2025-06-26 22:29:10,604 [icarl.py] => Task 3, Epoch 39/200 => Loss 2.069, Loss_clf 0.602, Loss_kd 1.464, Loss_kernel 0.003, Train_accy 81.29
2025-06-26 22:29:25,642 [icarl.py] => Task 3, Epoch 40/200 => Loss 2.056, Loss_clf 0.585, Loss_kd 1.469, Loss_kernel 0.003, Train_accy 81.54
2025-06-26 22:29:48,352 [icarl.py] => Task 3, Epoch 41/200 => Loss 2.124, Loss_clf 0.643, Loss_kd 1.479, Loss_kernel 0.003, Train_accy 80.16, Test_accy {'Art': 27.94, 'Clipart': 54.83, 'Real World': 47.14, 'Product': 68.75}
2025-06-26 22:30:04,322 [icarl.py] => Task 3, Epoch 42/200 => Loss 2.029, Loss_clf 0.585, Loss_kd 1.441, Loss_kernel 0.003, Train_accy 81.49
2025-06-26 22:30:18,027 [icarl.py] => Task 3, Epoch 43/200 => Loss 2.063, Loss_clf 0.606, Loss_kd 1.454, Loss_kernel 0.003, Train_accy 81.36
2025-06-26 22:30:33,329 [icarl.py] => Task 3, Epoch 44/200 => Loss 2.014, Loss_clf 0.559, Loss_kd 1.452, Loss_kernel 0.003, Train_accy 82.39
2025-06-26 22:30:48,409 [icarl.py] => Task 3, Epoch 45/200 => Loss 2.084, Loss_clf 0.606, Loss_kd 1.475, Loss_kernel 0.003, Train_accy 80.87
2025-06-26 22:31:10,351 [icarl.py] => Task 3, Epoch 46/200 => Loss 1.980, Loss_clf 0.539, Loss_kd 1.438, Loss_kernel 0.003, Train_accy 83.26, Test_accy {'Art': 29.41, 'Clipart': 62.55, 'Real World': 53.57, 'Product': 68.42}
2025-06-26 22:31:24,499 [icarl.py] => Task 3, Epoch 47/200 => Loss 2.012, Loss_clf 0.563, Loss_kd 1.447, Loss_kernel 0.003, Train_accy 82.59
2025-06-26 22:31:38,224 [icarl.py] => Task 3, Epoch 48/200 => Loss 2.005, Loss_clf 0.551, Loss_kd 1.450, Loss_kernel 0.003, Train_accy 82.69
2025-06-26 22:31:53,964 [icarl.py] => Task 3, Epoch 49/200 => Loss 2.037, Loss_clf 0.570, Loss_kd 1.464, Loss_kernel 0.003, Train_accy 82.32
2025-06-26 22:32:07,111 [icarl.py] => Task 3, Epoch 50/200 => Loss 2.006, Loss_clf 0.549, Loss_kd 1.453, Loss_kernel 0.003, Train_accy 82.87
2025-06-26 22:32:29,193 [icarl.py] => Task 3, Epoch 51/200 => Loss 2.052, Loss_clf 0.585, Loss_kd 1.464, Loss_kernel 0.003, Train_accy 81.37, Test_accy {'Art': 33.82, 'Clipart': 58.3, 'Real World': 47.86, 'Product': 65.13}
2025-06-26 22:32:43,999 [icarl.py] => Task 3, Epoch 52/200 => Loss 1.974, Loss_clf 0.533, Loss_kd 1.438, Loss_kernel 0.003, Train_accy 83.48
2025-06-26 22:32:58,534 [icarl.py] => Task 3, Epoch 53/200 => Loss 1.973, Loss_clf 0.537, Loss_kd 1.432, Loss_kernel 0.003, Train_accy 83.83
2025-06-26 22:33:11,270 [icarl.py] => Task 3, Epoch 54/200 => Loss 2.047, Loss_clf 0.598, Loss_kd 1.447, Loss_kernel 0.003, Train_accy 82.36
2025-06-26 22:33:25,016 [icarl.py] => Task 3, Epoch 55/200 => Loss 1.976, Loss_clf 0.522, Loss_kd 1.451, Loss_kernel 0.003, Train_accy 84.22
2025-06-26 22:33:46,427 [icarl.py] => Task 3, Epoch 56/200 => Loss 1.983, Loss_clf 0.527, Loss_kd 1.452, Loss_kernel 0.003, Train_accy 83.49, Test_accy {'Art': 36.76, 'Clipart': 58.3, 'Real World': 50.36, 'Product': 72.37}
2025-06-26 22:34:01,152 [icarl.py] => Task 3, Epoch 57/200 => Loss 1.933, Loss_clf 0.499, Loss_kd 1.431, Loss_kernel 0.003, Train_accy 84.43
2025-06-26 22:34:15,185 [icarl.py] => Task 3, Epoch 58/200 => Loss 1.942, Loss_clf 0.501, Loss_kd 1.438, Loss_kernel 0.003, Train_accy 84.80
2025-06-26 22:34:29,211 [icarl.py] => Task 3, Epoch 59/200 => Loss 1.930, Loss_clf 0.503, Loss_kd 1.424, Loss_kernel 0.003, Train_accy 84.58
2025-06-26 22:34:44,411 [icarl.py] => Task 3, Epoch 60/200 => Loss 1.941, Loss_clf 0.498, Loss_kd 1.440, Loss_kernel 0.003, Train_accy 84.12
2025-06-26 22:35:05,240 [icarl.py] => Task 3, Epoch 61/200 => Loss 1.904, Loss_clf 0.482, Loss_kd 1.419, Loss_kernel 0.003, Train_accy 85.12, Test_accy {'Art': 33.82, 'Clipart': 57.53, 'Real World': 48.21, 'Product': 67.11}
2025-06-26 22:35:19,673 [icarl.py] => Task 3, Epoch 62/200 => Loss 1.904, Loss_clf 0.478, Loss_kd 1.424, Loss_kernel 0.003, Train_accy 85.59
2025-06-26 22:35:33,203 [icarl.py] => Task 3, Epoch 63/200 => Loss 1.848, Loss_clf 0.424, Loss_kd 1.421, Loss_kernel 0.003, Train_accy 87.21
2025-06-26 22:35:48,534 [icarl.py] => Task 3, Epoch 64/200 => Loss 1.846, Loss_clf 0.442, Loss_kd 1.401, Loss_kernel 0.003, Train_accy 86.27
2025-06-26 22:36:02,200 [icarl.py] => Task 3, Epoch 65/200 => Loss 1.853, Loss_clf 0.447, Loss_kd 1.403, Loss_kernel 0.003, Train_accy 86.45
2025-06-26 22:36:23,557 [icarl.py] => Task 3, Epoch 66/200 => Loss 1.909, Loss_clf 0.483, Loss_kd 1.423, Loss_kernel 0.003, Train_accy 86.36, Test_accy {'Art': 28.68, 'Clipart': 50.19, 'Real World': 43.21, 'Product': 56.25}
2025-06-26 22:36:36,957 [icarl.py] => Task 3, Epoch 67/200 => Loss 1.899, Loss_clf 0.483, Loss_kd 1.413, Loss_kernel 0.003, Train_accy 84.79
2025-06-26 22:36:51,075 [icarl.py] => Task 3, Epoch 68/200 => Loss 1.873, Loss_clf 0.465, Loss_kd 1.406, Loss_kernel 0.003, Train_accy 85.74
2025-06-26 22:37:05,934 [icarl.py] => Task 3, Epoch 69/200 => Loss 1.823, Loss_clf 0.421, Loss_kd 1.399, Loss_kernel 0.003, Train_accy 87.50
2025-06-26 22:37:20,137 [icarl.py] => Task 3, Epoch 70/200 => Loss 1.838, Loss_clf 0.423, Loss_kd 1.413, Loss_kernel 0.003, Train_accy 87.51
2025-06-26 22:37:42,426 [icarl.py] => Task 3, Epoch 71/200 => Loss 1.877, Loss_clf 0.447, Loss_kd 1.427, Loss_kernel 0.003, Train_accy 86.74, Test_accy {'Art': 33.82, 'Clipart': 61.0, 'Real World': 48.93, 'Product': 76.64}
2025-06-26 22:37:55,379 [icarl.py] => Task 3, Epoch 72/200 => Loss 1.843, Loss_clf 0.436, Loss_kd 1.404, Loss_kernel 0.002, Train_accy 87.04
2025-06-26 22:38:08,691 [icarl.py] => Task 3, Epoch 73/200 => Loss 1.854, Loss_clf 0.451, Loss_kd 1.401, Loss_kernel 0.003, Train_accy 86.32
2025-06-26 22:38:20,602 [icarl.py] => Task 3, Epoch 74/200 => Loss 1.766, Loss_clf 0.369, Loss_kd 1.394, Loss_kernel 0.003, Train_accy 89.12
2025-06-26 22:38:34,381 [icarl.py] => Task 3, Epoch 75/200 => Loss 1.801, Loss_clf 0.397, Loss_kd 1.401, Loss_kernel 0.003, Train_accy 88.19
2025-06-26 22:38:55,143 [icarl.py] => Task 3, Epoch 76/200 => Loss 1.769, Loss_clf 0.397, Loss_kd 1.370, Loss_kernel 0.003, Train_accy 87.72, Test_accy {'Art': 33.82, 'Clipart': 64.48, 'Real World': 52.5, 'Product': 72.37}
2025-06-26 22:39:08,583 [icarl.py] => Task 3, Epoch 77/200 => Loss 1.736, Loss_clf 0.355, Loss_kd 1.379, Loss_kernel 0.003, Train_accy 89.19
2025-06-26 22:39:20,806 [icarl.py] => Task 3, Epoch 78/200 => Loss 1.732, Loss_clf 0.368, Loss_kd 1.361, Loss_kernel 0.002, Train_accy 89.49
2025-06-26 22:39:34,139 [icarl.py] => Task 3, Epoch 79/200 => Loss 1.756, Loss_clf 0.373, Loss_kd 1.381, Loss_kernel 0.003, Train_accy 88.27
2025-06-26 22:39:47,557 [icarl.py] => Task 3, Epoch 80/200 => Loss 1.817, Loss_clf 0.409, Loss_kd 1.405, Loss_kernel 0.003, Train_accy 87.32
2025-06-26 22:40:09,654 [icarl.py] => Task 3, Epoch 81/200 => Loss 1.767, Loss_clf 0.383, Loss_kd 1.382, Loss_kernel 0.003, Train_accy 87.56, Test_accy {'Art': 36.76, 'Clipart': 64.48, 'Real World': 53.57, 'Product': 76.32}
2025-06-26 22:40:24,042 [icarl.py] => Task 3, Epoch 82/200 => Loss 1.769, Loss_clf 0.386, Loss_kd 1.380, Loss_kernel 0.003, Train_accy 87.97
2025-06-26 22:40:37,831 [icarl.py] => Task 3, Epoch 83/200 => Loss 1.827, Loss_clf 0.419, Loss_kd 1.405, Loss_kernel 0.003, Train_accy 87.84
2025-06-26 22:40:52,914 [icarl.py] => Task 3, Epoch 84/200 => Loss 1.734, Loss_clf 0.352, Loss_kd 1.380, Loss_kernel 0.003, Train_accy 89.69
2025-06-26 22:41:06,224 [icarl.py] => Task 3, Epoch 85/200 => Loss 1.727, Loss_clf 0.356, Loss_kd 1.368, Loss_kernel 0.003, Train_accy 89.25
2025-06-26 22:41:28,647 [icarl.py] => Task 3, Epoch 86/200 => Loss 1.766, Loss_clf 0.381, Loss_kd 1.383, Loss_kernel 0.003, Train_accy 88.41, Test_accy {'Art': 35.29, 'Clipart': 61.0, 'Real World': 51.43, 'Product': 75.0}
2025-06-26 22:41:42,740 [icarl.py] => Task 3, Epoch 87/200 => Loss 1.704, Loss_clf 0.337, Loss_kd 1.365, Loss_kernel 0.002, Train_accy 89.88
2025-06-26 22:41:56,840 [icarl.py] => Task 3, Epoch 88/200 => Loss 1.705, Loss_clf 0.343, Loss_kd 1.359, Loss_kernel 0.002, Train_accy 89.40
2025-06-26 22:42:11,712 [icarl.py] => Task 3, Epoch 89/200 => Loss 1.680, Loss_clf 0.327, Loss_kd 1.351, Loss_kernel 0.002, Train_accy 89.52
2025-06-26 22:42:27,003 [icarl.py] => Task 3, Epoch 90/200 => Loss 1.706, Loss_clf 0.345, Loss_kd 1.358, Loss_kernel 0.003, Train_accy 89.53
2025-06-26 22:42:48,043 [icarl.py] => Task 3, Epoch 91/200 => Loss 1.712, Loss_clf 0.337, Loss_kd 1.372, Loss_kernel 0.002, Train_accy 90.05, Test_accy {'Art': 33.82, 'Clipart': 64.86, 'Real World': 51.07, 'Product': 78.62}
2025-06-26 22:43:03,960 [icarl.py] => Task 3, Epoch 92/200 => Loss 1.669, Loss_clf 0.320, Loss_kd 1.346, Loss_kernel 0.002, Train_accy 90.80
2025-06-26 22:43:17,313 [icarl.py] => Task 3, Epoch 93/200 => Loss 1.677, Loss_clf 0.311, Loss_kd 1.364, Loss_kernel 0.002, Train_accy 90.96
2025-06-26 22:43:30,490 [icarl.py] => Task 3, Epoch 94/200 => Loss 1.672, Loss_clf 0.329, Loss_kd 1.341, Loss_kernel 0.002, Train_accy 91.04
2025-06-26 22:43:43,557 [icarl.py] => Task 3, Epoch 95/200 => Loss 1.620, Loss_clf 0.290, Loss_kd 1.328, Loss_kernel 0.002, Train_accy 90.89
2025-06-26 22:44:03,508 [icarl.py] => Task 3, Epoch 96/200 => Loss 1.610, Loss_clf 0.269, Loss_kd 1.338, Loss_kernel 0.002, Train_accy 92.24, Test_accy {'Art': 37.5, 'Clipart': 62.55, 'Real World': 51.43, 'Product': 76.97}
2025-06-26 22:44:16,677 [icarl.py] => Task 3, Epoch 97/200 => Loss 1.605, Loss_clf 0.261, Loss_kd 1.342, Loss_kernel 0.002, Train_accy 92.02
2025-06-26 22:44:29,311 [icarl.py] => Task 3, Epoch 98/200 => Loss 1.615, Loss_clf 0.282, Loss_kd 1.331, Loss_kernel 0.002, Train_accy 91.82
2025-06-26 22:44:43,405 [icarl.py] => Task 3, Epoch 99/200 => Loss 1.632, Loss_clf 0.293, Loss_kd 1.336, Loss_kernel 0.002, Train_accy 91.46
2025-06-26 22:44:55,543 [icarl.py] => Task 3, Epoch 100/200 => Loss 1.611, Loss_clf 0.269, Loss_kd 1.340, Loss_kernel 0.002, Train_accy 92.30
2025-06-26 22:45:15,440 [icarl.py] => Task 3, Epoch 101/200 => Loss 1.604, Loss_clf 0.274, Loss_kd 1.328, Loss_kernel 0.002, Train_accy 92.43, Test_accy {'Art': 33.82, 'Clipart': 63.32, 'Real World': 49.29, 'Product': 73.68}
2025-06-26 22:45:28,865 [icarl.py] => Task 3, Epoch 102/200 => Loss 1.594, Loss_clf 0.270, Loss_kd 1.322, Loss_kernel 0.002, Train_accy 92.12
2025-06-26 22:45:41,357 [icarl.py] => Task 3, Epoch 103/200 => Loss 1.592, Loss_clf 0.269, Loss_kd 1.321, Loss_kernel 0.002, Train_accy 92.23
2025-06-26 22:45:56,183 [icarl.py] => Task 3, Epoch 104/200 => Loss 1.614, Loss_clf 0.267, Loss_kd 1.344, Loss_kernel 0.002, Train_accy 91.86
2025-06-26 22:46:08,528 [icarl.py] => Task 3, Epoch 105/200 => Loss 1.559, Loss_clf 0.235, Loss_kd 1.322, Loss_kernel 0.002, Train_accy 93.13
2025-06-26 22:46:28,827 [icarl.py] => Task 3, Epoch 106/200 => Loss 1.640, Loss_clf 0.278, Loss_kd 1.360, Loss_kernel 0.002, Train_accy 91.27, Test_accy {'Art': 36.76, 'Clipart': 61.78, 'Real World': 52.5, 'Product': 72.7}
2025-06-26 22:46:43,065 [icarl.py] => Task 3, Epoch 107/200 => Loss 1.589, Loss_clf 0.260, Loss_kd 1.327, Loss_kernel 0.002, Train_accy 92.36
2025-06-26 22:46:55,850 [icarl.py] => Task 3, Epoch 108/200 => Loss 1.571, Loss_clf 0.241, Loss_kd 1.328, Loss_kernel 0.002, Train_accy 92.65
2025-06-26 22:47:08,967 [icarl.py] => Task 3, Epoch 109/200 => Loss 1.585, Loss_clf 0.245, Loss_kd 1.338, Loss_kernel 0.002, Train_accy 92.43
2025-06-26 22:47:21,819 [icarl.py] => Task 3, Epoch 110/200 => Loss 1.563, Loss_clf 0.232, Loss_kd 1.329, Loss_kernel 0.002, Train_accy 93.02
2025-06-26 22:47:42,351 [icarl.py] => Task 3, Epoch 111/200 => Loss 1.586, Loss_clf 0.251, Loss_kd 1.333, Loss_kernel 0.002, Train_accy 92.85, Test_accy {'Art': 36.76, 'Clipart': 64.48, 'Real World': 55.71, 'Product': 75.66}
2025-06-26 22:47:55,381 [icarl.py] => Task 3, Epoch 112/200 => Loss 1.527, Loss_clf 0.215, Loss_kd 1.310, Loss_kernel 0.002, Train_accy 93.85
2025-06-26 22:48:08,585 [icarl.py] => Task 3, Epoch 113/200 => Loss 1.573, Loss_clf 0.247, Loss_kd 1.324, Loss_kernel 0.002, Train_accy 93.03
2025-06-26 22:48:22,000 [icarl.py] => Task 3, Epoch 114/200 => Loss 1.586, Loss_clf 0.261, Loss_kd 1.323, Loss_kernel 0.002, Train_accy 91.94
2025-06-26 22:48:34,053 [icarl.py] => Task 3, Epoch 115/200 => Loss 1.555, Loss_clf 0.232, Loss_kd 1.321, Loss_kernel 0.002, Train_accy 93.59
2025-06-26 22:48:53,966 [icarl.py] => Task 3, Epoch 116/200 => Loss 1.571, Loss_clf 0.251, Loss_kd 1.317, Loss_kernel 0.002, Train_accy 92.26, Test_accy {'Art': 32.35, 'Clipart': 66.02, 'Real World': 48.93, 'Product': 78.95}
2025-06-26 22:49:06,061 [icarl.py] => Task 3, Epoch 117/200 => Loss 1.568, Loss_clf 0.240, Loss_kd 1.326, Loss_kernel 0.002, Train_accy 92.61
2025-06-26 22:49:17,211 [icarl.py] => Task 3, Epoch 118/200 => Loss 1.547, Loss_clf 0.222, Loss_kd 1.323, Loss_kernel 0.002, Train_accy 93.81
2025-06-26 22:49:29,867 [icarl.py] => Task 3, Epoch 119/200 => Loss 1.554, Loss_clf 0.226, Loss_kd 1.326, Loss_kernel 0.002, Train_accy 93.37
2025-06-26 22:49:43,294 [icarl.py] => Task 3, Epoch 120/200 => Loss 1.574, Loss_clf 0.255, Loss_kd 1.317, Loss_kernel 0.002, Train_accy 92.53
2025-06-26 22:50:04,125 [icarl.py] => Task 3, Epoch 121/200 => Loss 1.541, Loss_clf 0.220, Loss_kd 1.318, Loss_kernel 0.002, Train_accy 94.09, Test_accy {'Art': 34.56, 'Clipart': 66.41, 'Real World': 51.07, 'Product': 79.28}
2025-06-26 22:50:17,911 [icarl.py] => Task 3, Epoch 122/200 => Loss 1.521, Loss_clf 0.217, Loss_kd 1.302, Loss_kernel 0.002, Train_accy 93.87
2025-06-26 22:50:29,261 [icarl.py] => Task 3, Epoch 123/200 => Loss 1.516, Loss_clf 0.201, Loss_kd 1.313, Loss_kernel 0.002, Train_accy 94.00
2025-06-26 22:50:40,680 [icarl.py] => Task 3, Epoch 124/200 => Loss 1.485, Loss_clf 0.189, Loss_kd 1.294, Loss_kernel 0.002, Train_accy 94.48
2025-06-26 22:50:52,781 [icarl.py] => Task 3, Epoch 125/200 => Loss 1.491, Loss_clf 0.185, Loss_kd 1.304, Loss_kernel 0.002, Train_accy 94.68
2025-06-26 22:51:13,212 [icarl.py] => Task 3, Epoch 126/200 => Loss 1.479, Loss_clf 0.193, Loss_kd 1.283, Loss_kernel 0.002, Train_accy 93.80, Test_accy {'Art': 40.44, 'Clipart': 62.16, 'Real World': 57.14, 'Product': 80.92}
2025-06-26 22:51:26,027 [icarl.py] => Task 3, Epoch 127/200 => Loss 1.484, Loss_clf 0.186, Loss_kd 1.295, Loss_kernel 0.002, Train_accy 94.66
2025-06-26 22:51:37,628 [icarl.py] => Task 3, Epoch 128/200 => Loss 1.492, Loss_clf 0.196, Loss_kd 1.294, Loss_kernel 0.002, Train_accy 94.44
2025-06-26 22:51:51,421 [icarl.py] => Task 3, Epoch 129/200 => Loss 1.477, Loss_clf 0.193, Loss_kd 1.282, Loss_kernel 0.002, Train_accy 94.14
2025-06-26 22:52:03,748 [icarl.py] => Task 3, Epoch 130/200 => Loss 1.471, Loss_clf 0.183, Loss_kd 1.286, Loss_kernel 0.002, Train_accy 94.37
2025-06-26 22:52:23,512 [icarl.py] => Task 3, Epoch 131/200 => Loss 1.476, Loss_clf 0.179, Loss_kd 1.294, Loss_kernel 0.002, Train_accy 94.74, Test_accy {'Art': 34.56, 'Clipart': 66.02, 'Real World': 52.86, 'Product': 82.24}
2025-06-26 22:52:38,072 [icarl.py] => Task 3, Epoch 132/200 => Loss 1.462, Loss_clf 0.172, Loss_kd 1.288, Loss_kernel 0.002, Train_accy 94.91
2025-06-26 22:52:52,781 [icarl.py] => Task 3, Epoch 133/200 => Loss 1.446, Loss_clf 0.168, Loss_kd 1.276, Loss_kernel 0.002, Train_accy 95.09
2025-06-26 22:53:04,569 [icarl.py] => Task 3, Epoch 134/200 => Loss 1.409, Loss_clf 0.141, Loss_kd 1.266, Loss_kernel 0.002, Train_accy 96.46
2025-06-26 22:53:17,998 [icarl.py] => Task 3, Epoch 135/200 => Loss 1.450, Loss_clf 0.165, Loss_kd 1.283, Loss_kernel 0.002, Train_accy 94.95
2025-06-26 22:53:37,078 [icarl.py] => Task 3, Epoch 136/200 => Loss 1.465, Loss_clf 0.159, Loss_kd 1.304, Loss_kernel 0.002, Train_accy 95.78, Test_accy {'Art': 36.03, 'Clipart': 66.8, 'Real World': 51.07, 'Product': 78.95}
2025-06-26 22:53:48,364 [icarl.py] => Task 3, Epoch 137/200 => Loss 1.430, Loss_clf 0.151, Loss_kd 1.277, Loss_kernel 0.002, Train_accy 95.72
2025-06-26 22:54:00,919 [icarl.py] => Task 3, Epoch 138/200 => Loss 1.428, Loss_clf 0.149, Loss_kd 1.277, Loss_kernel 0.002, Train_accy 96.18
2025-06-26 22:54:14,196 [icarl.py] => Task 3, Epoch 139/200 => Loss 1.442, Loss_clf 0.162, Loss_kd 1.278, Loss_kernel 0.002, Train_accy 95.05
2025-06-26 22:54:26,705 [icarl.py] => Task 3, Epoch 140/200 => Loss 1.472, Loss_clf 0.191, Loss_kd 1.279, Loss_kernel 0.002, Train_accy 94.25
2025-06-26 22:54:47,480 [icarl.py] => Task 3, Epoch 141/200 => Loss 1.459, Loss_clf 0.176, Loss_kd 1.281, Loss_kernel 0.002, Train_accy 94.96, Test_accy {'Art': 34.56, 'Clipart': 66.8, 'Real World': 51.43, 'Product': 79.93}
2025-06-26 22:54:59,055 [icarl.py] => Task 3, Epoch 142/200 => Loss 1.407, Loss_clf 0.143, Loss_kd 1.262, Loss_kernel 0.002, Train_accy 96.02
2025-06-26 22:55:12,067 [icarl.py] => Task 3, Epoch 143/200 => Loss 1.388, Loss_clf 0.142, Loss_kd 1.244, Loss_kernel 0.002, Train_accy 96.13
2025-06-26 22:55:24,537 [icarl.py] => Task 3, Epoch 144/200 => Loss 1.398, Loss_clf 0.141, Loss_kd 1.255, Loss_kernel 0.002, Train_accy 95.93
2025-06-26 22:55:36,520 [icarl.py] => Task 3, Epoch 145/200 => Loss 1.384, Loss_clf 0.131, Loss_kd 1.252, Loss_kernel 0.002, Train_accy 96.40
2025-06-26 22:55:55,301 [icarl.py] => Task 3, Epoch 146/200 => Loss 1.382, Loss_clf 0.123, Loss_kd 1.258, Loss_kernel 0.002, Train_accy 96.88, Test_accy {'Art': 34.56, 'Clipart': 64.86, 'Real World': 50.71, 'Product': 79.28}
2025-06-26 22:56:07,229 [icarl.py] => Task 3, Epoch 147/200 => Loss 1.417, Loss_clf 0.147, Loss_kd 1.268, Loss_kernel 0.002, Train_accy 95.45
2025-06-26 22:56:18,133 [icarl.py] => Task 3, Epoch 148/200 => Loss 1.385, Loss_clf 0.125, Loss_kd 1.258, Loss_kernel 0.002, Train_accy 96.92
2025-06-26 22:56:29,027 [icarl.py] => Task 3, Epoch 149/200 => Loss 1.377, Loss_clf 0.127, Loss_kd 1.247, Loss_kernel 0.002, Train_accy 95.97
2025-06-26 22:56:40,661 [icarl.py] => Task 3, Epoch 150/200 => Loss 1.404, Loss_clf 0.138, Loss_kd 1.264, Loss_kernel 0.002, Train_accy 95.98
2025-06-26 22:56:59,181 [icarl.py] => Task 3, Epoch 151/200 => Loss 1.384, Loss_clf 0.126, Loss_kd 1.256, Loss_kernel 0.002, Train_accy 96.40, Test_accy {'Art': 32.35, 'Clipart': 66.02, 'Real World': 54.29, 'Product': 81.25}
2025-06-26 22:57:11,096 [icarl.py] => Task 3, Epoch 152/200 => Loss 1.388, Loss_clf 0.120, Loss_kd 1.266, Loss_kernel 0.002, Train_accy 96.73
2025-06-26 22:57:22,111 [icarl.py] => Task 3, Epoch 153/200 => Loss 1.396, Loss_clf 0.139, Loss_kd 1.255, Loss_kernel 0.002, Train_accy 96.15
2025-06-26 22:57:33,214 [icarl.py] => Task 3, Epoch 154/200 => Loss 1.391, Loss_clf 0.119, Loss_kd 1.271, Loss_kernel 0.002, Train_accy 96.63
2025-06-26 22:57:45,572 [icarl.py] => Task 3, Epoch 155/200 => Loss 1.405, Loss_clf 0.137, Loss_kd 1.265, Loss_kernel 0.002, Train_accy 96.14
2025-06-26 22:58:02,739 [icarl.py] => Task 3, Epoch 156/200 => Loss 1.357, Loss_clf 0.117, Loss_kd 1.239, Loss_kernel 0.002, Train_accy 96.68, Test_accy {'Art': 35.29, 'Clipart': 66.02, 'Real World': 52.86, 'Product': 81.58}
2025-06-26 22:58:13,762 [icarl.py] => Task 3, Epoch 157/200 => Loss 1.371, Loss_clf 0.112, Loss_kd 1.257, Loss_kernel 0.002, Train_accy 96.88
2025-06-26 22:58:24,614 [icarl.py] => Task 3, Epoch 158/200 => Loss 1.367, Loss_clf 0.119, Loss_kd 1.246, Loss_kernel 0.002, Train_accy 96.83
2025-06-26 22:58:35,291 [icarl.py] => Task 3, Epoch 159/200 => Loss 1.379, Loss_clf 0.110, Loss_kd 1.267, Loss_kernel 0.002, Train_accy 97.11
2025-06-26 22:58:47,807 [icarl.py] => Task 3, Epoch 160/200 => Loss 1.386, Loss_clf 0.133, Loss_kd 1.251, Loss_kernel 0.002, Train_accy 96.12
2025-06-26 22:59:06,561 [icarl.py] => Task 3, Epoch 161/200 => Loss 1.381, Loss_clf 0.118, Loss_kd 1.262, Loss_kernel 0.002, Train_accy 96.64, Test_accy {'Art': 34.56, 'Clipart': 67.18, 'Real World': 53.21, 'Product': 80.92}
2025-06-26 22:59:18,113 [icarl.py] => Task 3, Epoch 162/200 => Loss 1.392, Loss_clf 0.128, Loss_kd 1.263, Loss_kernel 0.002, Train_accy 96.64
2025-06-26 22:59:29,489 [icarl.py] => Task 3, Epoch 163/200 => Loss 1.375, Loss_clf 0.116, Loss_kd 1.257, Loss_kernel 0.002, Train_accy 97.22
2025-06-26 22:59:40,830 [icarl.py] => Task 3, Epoch 164/200 => Loss 1.371, Loss_clf 0.120, Loss_kd 1.250, Loss_kernel 0.002, Train_accy 96.73
2025-06-26 22:59:51,794 [icarl.py] => Task 3, Epoch 165/200 => Loss 1.357, Loss_clf 0.101, Loss_kd 1.255, Loss_kernel 0.002, Train_accy 97.07
2025-06-26 23:00:09,891 [icarl.py] => Task 3, Epoch 166/200 => Loss 1.342, Loss_clf 0.103, Loss_kd 1.237, Loss_kernel 0.002, Train_accy 97.11, Test_accy {'Art': 38.24, 'Clipart': 66.8, 'Real World': 55.0, 'Product': 84.21}
2025-06-26 23:00:20,611 [icarl.py] => Task 3, Epoch 167/200 => Loss 1.369, Loss_clf 0.105, Loss_kd 1.262, Loss_kernel 0.002, Train_accy 96.87
2025-06-26 23:00:32,223 [icarl.py] => Task 3, Epoch 168/200 => Loss 1.371, Loss_clf 0.115, Loss_kd 1.255, Loss_kernel 0.002, Train_accy 97.41
2025-06-26 23:00:44,505 [icarl.py] => Task 3, Epoch 169/200 => Loss 1.368, Loss_clf 0.115, Loss_kd 1.251, Loss_kernel 0.002, Train_accy 97.08
2025-06-26 23:00:56,152 [icarl.py] => Task 3, Epoch 170/200 => Loss 1.354, Loss_clf 0.105, Loss_kd 1.247, Loss_kernel 0.002, Train_accy 97.21
2025-06-26 23:01:13,988 [icarl.py] => Task 3, Epoch 171/200 => Loss 1.347, Loss_clf 0.103, Loss_kd 1.242, Loss_kernel 0.002, Train_accy 97.11, Test_accy {'Art': 37.5, 'Clipart': 67.18, 'Real World': 52.5, 'Product': 81.58}
2025-06-26 23:01:25,630 [icarl.py] => Task 3, Epoch 172/200 => Loss 1.385, Loss_clf 0.121, Loss_kd 1.262, Loss_kernel 0.002, Train_accy 97.17
2025-06-26 23:01:36,361 [icarl.py] => Task 3, Epoch 173/200 => Loss 1.369, Loss_clf 0.114, Loss_kd 1.254, Loss_kernel 0.002, Train_accy 97.02
2025-06-26 23:01:48,330 [icarl.py] => Task 3, Epoch 174/200 => Loss 1.379, Loss_clf 0.124, Loss_kd 1.254, Loss_kernel 0.002, Train_accy 96.61
2025-06-26 23:01:59,115 [icarl.py] => Task 3, Epoch 175/200 => Loss 1.333, Loss_clf 0.098, Loss_kd 1.234, Loss_kernel 0.002, Train_accy 97.34
2025-06-26 23:02:18,029 [icarl.py] => Task 3, Epoch 176/200 => Loss 1.343, Loss_clf 0.104, Loss_kd 1.238, Loss_kernel 0.002, Train_accy 97.17, Test_accy {'Art': 36.03, 'Clipart': 65.64, 'Real World': 52.5, 'Product': 81.25}
2025-06-26 23:02:29,778 [icarl.py] => Task 3, Epoch 177/200 => Loss 1.373, Loss_clf 0.120, Loss_kd 1.251, Loss_kernel 0.002, Train_accy 96.69
2025-06-26 23:02:40,519 [icarl.py] => Task 3, Epoch 178/200 => Loss 1.336, Loss_clf 0.093, Loss_kd 1.242, Loss_kernel 0.002, Train_accy 97.69
2025-06-26 23:02:50,746 [icarl.py] => Task 3, Epoch 179/200 => Loss 1.330, Loss_clf 0.087, Loss_kd 1.241, Loss_kernel 0.002, Train_accy 97.97
2025-06-26 23:03:02,729 [icarl.py] => Task 3, Epoch 180/200 => Loss 1.371, Loss_clf 0.119, Loss_kd 1.250, Loss_kernel 0.002, Train_accy 96.69
2025-06-26 23:03:20,743 [icarl.py] => Task 3, Epoch 181/200 => Loss 1.341, Loss_clf 0.102, Loss_kd 1.238, Loss_kernel 0.002, Train_accy 97.15, Test_accy {'Art': 33.09, 'Clipart': 67.18, 'Real World': 52.14, 'Product': 81.25}
2025-06-26 23:03:30,210 [icarl.py] => Task 3, Epoch 182/200 => Loss 1.326, Loss_clf 0.087, Loss_kd 1.238, Loss_kernel 0.002, Train_accy 98.21
2025-06-26 23:03:41,636 [icarl.py] => Task 3, Epoch 183/200 => Loss 1.349, Loss_clf 0.097, Loss_kd 1.251, Loss_kernel 0.002, Train_accy 97.64
2025-06-26 23:03:52,185 [icarl.py] => Task 3, Epoch 184/200 => Loss 1.388, Loss_clf 0.112, Loss_kd 1.274, Loss_kernel 0.002, Train_accy 97.11
2025-06-26 23:04:03,275 [icarl.py] => Task 3, Epoch 185/200 => Loss 1.360, Loss_clf 0.111, Loss_kd 1.248, Loss_kernel 0.002, Train_accy 96.88
2025-06-26 23:04:21,468 [icarl.py] => Task 3, Epoch 186/200 => Loss 1.359, Loss_clf 0.107, Loss_kd 1.250, Loss_kernel 0.002, Train_accy 97.21, Test_accy {'Art': 36.76, 'Clipart': 66.8, 'Real World': 52.5, 'Product': 82.24}
2025-06-26 23:04:31,354 [icarl.py] => Task 3, Epoch 187/200 => Loss 1.345, Loss_clf 0.094, Loss_kd 1.250, Loss_kernel 0.002, Train_accy 97.44
2025-06-26 23:04:41,016 [icarl.py] => Task 3, Epoch 188/200 => Loss 1.336, Loss_clf 0.099, Loss_kd 1.235, Loss_kernel 0.002, Train_accy 97.58
2025-06-26 23:04:50,684 [icarl.py] => Task 3, Epoch 189/200 => Loss 1.327, Loss_clf 0.082, Loss_kd 1.243, Loss_kernel 0.002, Train_accy 98.02
2025-06-26 23:05:01,407 [icarl.py] => Task 3, Epoch 190/200 => Loss 1.347, Loss_clf 0.094, Loss_kd 1.251, Loss_kernel 0.002, Train_accy 97.54
2025-06-26 23:05:19,342 [icarl.py] => Task 3, Epoch 191/200 => Loss 1.356, Loss_clf 0.107, Loss_kd 1.247, Loss_kernel 0.002, Train_accy 96.82, Test_accy {'Art': 33.82, 'Clipart': 65.64, 'Real World': 52.86, 'Product': 82.57}
2025-06-26 23:05:30,315 [icarl.py] => Task 3, Epoch 192/200 => Loss 1.343, Loss_clf 0.096, Loss_kd 1.245, Loss_kernel 0.002, Train_accy 97.30
2025-06-26 23:05:39,607 [icarl.py] => Task 3, Epoch 193/200 => Loss 1.342, Loss_clf 0.090, Loss_kd 1.249, Loss_kernel 0.002, Train_accy 97.63
2025-06-26 23:05:50,041 [icarl.py] => Task 3, Epoch 194/200 => Loss 1.335, Loss_clf 0.094, Loss_kd 1.239, Loss_kernel 0.002, Train_accy 97.59
2025-06-26 23:06:00,241 [icarl.py] => Task 3, Epoch 195/200 => Loss 1.327, Loss_clf 0.083, Loss_kd 1.243, Loss_kernel 0.002, Train_accy 97.73
2025-06-26 23:06:18,142 [icarl.py] => Task 3, Epoch 196/200 => Loss 1.335, Loss_clf 0.088, Loss_kd 1.245, Loss_kernel 0.002, Train_accy 97.97, Test_accy {'Art': 33.09, 'Clipart': 66.8, 'Real World': 53.21, 'Product': 81.58}
2025-06-26 23:06:28,241 [icarl.py] => Task 3, Epoch 197/200 => Loss 1.345, Loss_clf 0.096, Loss_kd 1.248, Loss_kernel 0.002, Train_accy 97.68
2025-06-26 23:06:38,989 [icarl.py] => Task 3, Epoch 198/200 => Loss 1.333, Loss_clf 0.097, Loss_kd 1.235, Loss_kernel 0.002, Train_accy 97.35
2025-06-26 23:06:48,890 [icarl.py] => Task 3, Epoch 199/200 => Loss 1.340, Loss_clf 0.094, Loss_kd 1.244, Loss_kernel 0.002, Train_accy 97.58
2025-06-26 23:07:00,145 [icarl.py] => Task 3, Epoch 200/200 => Loss 1.362, Loss_clf 0.107, Loss_kd 1.253, Loss_kernel 0.002, Train_accy 97.07
2025-06-26 23:07:00,147 [base.py] => Reducing exemplars...(65 per classes)
2025-06-26 23:07:15,202 [base.py] => Constructing exemplars...(65 per classes)
2025-06-26 23:07:42,200 [icarl.py] => Exemplar size: 1300
2025-06-26 23:07:43,290 [trainer.py] => CNN [Art]: {'total': 35.29, '00-04': 60.53, '05-09': 32.35, '10-14': 21.62, '15-19': 22.22, 'old': 38.53, 'new': 22.22}
2025-06-26 23:07:43,291 [trainer.py] => NME [Art]: {'total': 39.71, '00-04': 57.89, '05-09': 29.41, '10-14': 32.43, '15-19': 37.04, 'old': 40.37, 'new': 37.04}
2025-06-26 23:07:43,291 [trainer.py] => CNN [Art] top1 curve: [57.89, 43.06, 35.78, 35.29]
2025-06-26 23:07:43,291 [trainer.py] => CNN [Art] top5 curve: [97.37, 81.94, 66.06, 59.56]
2025-06-26 23:07:43,292 [trainer.py] => NME [Art] top1 curve: [63.16, 54.17, 40.37, 39.71]
2025-06-26 23:07:43,292 [trainer.py] => NME [Art] top5 curve: [100.0, 87.5, 80.73, 68.38]
2025-06-26 23:07:43,292 [trainer.py] => Average Accuracy [Art] (CNN): 43.005
2025-06-26 23:07:43,292 [trainer.py] => Average Accuracy [Art] (NME): 49.3525
2025-06-26 23:07:43,292 [trainer.py] => CNN [Clipart]: {'total': 66.8, '00-04': 75.64, '05-09': 53.23, '10-14': 63.64, '15-19': 73.58, 'old': 65.05, 'new': 73.58}
2025-06-26 23:07:43,292 [trainer.py] => NME [Clipart]: {'total': 65.64, '00-04': 64.1, '05-09': 59.68, '10-14': 71.21, '15-19': 67.92, 'old': 65.05, 'new': 67.92}
2025-06-26 23:07:43,292 [trainer.py] => CNN [Clipart] top1 curve: [75.64, 67.86, 65.05, 66.8]
2025-06-26 23:07:43,292 [trainer.py] => CNN [Clipart] top5 curve: [98.72, 94.29, 87.86, 85.71]
2025-06-26 23:07:43,292 [trainer.py] => NME [Clipart] top1 curve: [71.79, 70.71, 66.5, 65.64]
2025-06-26 23:07:43,293 [trainer.py] => NME [Clipart] top5 curve: [100.0, 94.29, 85.92, 87.26]
2025-06-26 23:07:43,293 [trainer.py] => Average Accuracy [Clipart] (CNN): 68.8375
2025-06-26 23:07:43,293 [trainer.py] => Average Accuracy [Clipart] (NME): 68.66
2025-06-26 23:07:43,293 [trainer.py] => CNN [Product]: {'total': 81.91, '00-04': 94.12, '05-09': 82.5, '10-14': 87.1, '15-19': 63.64, 'old': 88.11, 'new': 63.64}
2025-06-26 23:07:43,293 [trainer.py] => NME [Product]: {'total': 84.87, '00-04': 88.24, '05-09': 91.25, '10-14': 90.32, '15-19': 70.13, 'old': 89.87, 'new': 70.13}
2025-06-26 23:07:43,293 [trainer.py] => CNN [Product] top1 curve: [85.88, 86.06, 87.67, 81.91]
2025-06-26 23:07:43,293 [trainer.py] => CNN [Product] top5 curve: [100.0, 99.39, 98.24, 97.7]
2025-06-26 23:07:43,293 [trainer.py] => NME [Product] top1 curve: [90.59, 87.88, 92.51, 84.87]
2025-06-26 23:07:43,293 [trainer.py] => NME [Product] top5 curve: [100.0, 99.39, 99.12, 98.68]
2025-06-26 23:07:43,294 [trainer.py] => Average Accuracy [Product] (CNN): 85.38
2025-06-26 23:07:43,294 [trainer.py] => Average Accuracy [Product] (NME): 88.9625
2025-06-26 23:07:43,294 [trainer.py] => CNN [Real World]: {'total': 52.86, '00-04': 71.23, '05-09': 58.82, '10-14': 40.28, '15-19': 40.3, 'old': 56.81, 'new': 40.3}
2025-06-26 23:07:43,294 [trainer.py] => NME [Real World]: {'total': 56.43, '00-04': 57.53, '05-09': 64.71, '10-14': 52.78, '15-19': 50.75, 'old': 58.22, 'new': 50.75}
2025-06-26 23:07:43,294 [trainer.py] => CNN [Real World] top1 curve: [71.23, 64.54, 58.22, 52.86]
2025-06-26 23:07:43,294 [trainer.py] => CNN [Real World] top5 curve: [100.0, 92.2, 84.98, 76.07]
2025-06-26 23:07:43,294 [trainer.py] => NME [Real World] top1 curve: [79.45, 70.21, 60.56, 56.43]
2025-06-26 23:07:43,295 [trainer.py] => NME [Real World] top5 curve: [100.0, 96.45, 85.92, 82.5]
2025-06-26 23:07:43,295 [trainer.py] => Average Accuracy [Real World] (CNN): 61.712500000000006
2025-06-26 23:07:43,295 [trainer.py] => Average Accuracy [Real World] (NME): 66.6625
2025-06-26 23:07:43,295 [trainer.py] => NME Harmonic Mean : 50.4038
2025-06-26 23:07:43,295 [trainer.py] => NME Macro Mean : 61.6625
2025-06-26 23:07:43,295 [trainer.py] => CNN Harmonic Mean : 46.2751
2025-06-26 23:07:43,295 [trainer.py] => CNN Macro Mean : 59.2150
2025-06-26 23:07:43,296 [trainer.py] => All params: 21300062
2025-06-26 23:07:43,297 [trainer.py] => Trainable params: 21300062
2025-06-26 23:07:43,299 [icarl.py] => Learning on 20-25
2025-06-26 23:08:09,843 [icarl.py] => Task 4, Epoch 1/200 => Loss 4.738, Loss_clf 2.514, Loss_kd 2.220, Loss_kernel 0.004, Train_accy 36.27, Test_accy {'Art': 14.37, 'Clipart': 18.39, 'Real World': 22.32, 'Product': 23.84}
2025-06-26 23:08:26,140 [icarl.py] => Task 4, Epoch 2/200 => Loss 4.622, Loss_clf 2.256, Loss_kd 2.362, Loss_kernel 0.005, Train_accy 33.45
2025-06-26 23:08:41,080 [icarl.py] => Task 4, Epoch 3/200 => Loss 4.173, Loss_clf 1.964, Loss_kd 2.205, Loss_kernel 0.004, Train_accy 41.27
2025-06-26 23:08:57,295 [icarl.py] => Task 4, Epoch 4/200 => Loss 3.963, Loss_clf 1.832, Loss_kd 2.127, Loss_kernel 0.004, Train_accy 45.00
2025-06-26 23:09:13,572 [icarl.py] => Task 4, Epoch 5/200 => Loss 3.862, Loss_clf 1.766, Loss_kd 2.092, Loss_kernel 0.004, Train_accy 47.64
2025-06-26 23:09:38,355 [icarl.py] => Task 4, Epoch 6/200 => Loss 3.633, Loss_clf 1.611, Loss_kd 2.018, Loss_kernel 0.004, Train_accy 51.49, Test_accy {'Art': 26.44, 'Clipart': 40.52, 'Real World': 42.32, 'Product': 54.52}
2025-06-26 23:09:53,140 [icarl.py] => Task 4, Epoch 7/200 => Loss 3.491, Loss_clf 1.510, Loss_kd 1.978, Loss_kernel 0.003, Train_accy 53.77
2025-06-26 23:10:09,341 [icarl.py] => Task 4, Epoch 8/200 => Loss 3.451, Loss_clf 1.490, Loss_kd 1.958, Loss_kernel 0.003, Train_accy 55.01
2025-06-26 23:10:25,493 [icarl.py] => Task 4, Epoch 9/200 => Loss 3.382, Loss_clf 1.427, Loss_kd 1.952, Loss_kernel 0.003, Train_accy 56.62
2025-06-26 23:10:40,640 [icarl.py] => Task 4, Epoch 10/200 => Loss 3.193, Loss_clf 1.305, Loss_kd 1.885, Loss_kernel 0.003, Train_accy 59.58
2025-06-26 23:11:05,215 [icarl.py] => Task 4, Epoch 11/200 => Loss 3.123, Loss_clf 1.257, Loss_kd 1.862, Loss_kernel 0.003, Train_accy 60.08, Test_accy {'Art': 27.59, 'Clipart': 52.87, 'Real World': 44.64, 'Product': 62.74}
2025-06-26 23:11:21,593 [icarl.py] => Task 4, Epoch 12/200 => Loss 3.212, Loss_clf 1.321, Loss_kd 1.888, Loss_kernel 0.003, Train_accy 59.65
2025-06-26 23:11:38,200 [icarl.py] => Task 4, Epoch 13/200 => Loss 3.035, Loss_clf 1.194, Loss_kd 1.838, Loss_kernel 0.003, Train_accy 61.83
2025-06-26 23:11:54,503 [icarl.py] => Task 4, Epoch 14/200 => Loss 2.921, Loss_clf 1.101, Loss_kd 1.816, Loss_kernel 0.003, Train_accy 65.67
2025-06-26 23:12:11,317 [icarl.py] => Task 4, Epoch 15/200 => Loss 2.996, Loss_clf 1.150, Loss_kd 1.843, Loss_kernel 0.003, Train_accy 64.05
2025-06-26 23:12:36,245 [icarl.py] => Task 4, Epoch 16/200 => Loss 2.944, Loss_clf 1.117, Loss_kd 1.823, Loss_kernel 0.003, Train_accy 65.00, Test_accy {'Art': 26.44, 'Clipart': 52.01, 'Real World': 44.64, 'Product': 61.64}
2025-06-26 23:12:52,633 [icarl.py] => Task 4, Epoch 17/200 => Loss 2.853, Loss_clf 1.046, Loss_kd 1.804, Loss_kernel 0.003, Train_accy 67.62
2025-06-26 23:13:09,312 [icarl.py] => Task 4, Epoch 18/200 => Loss 2.886, Loss_clf 1.081, Loss_kd 1.803, Loss_kernel 0.003, Train_accy 66.52
2025-06-26 23:13:24,681 [icarl.py] => Task 4, Epoch 19/200 => Loss 2.804, Loss_clf 1.028, Loss_kd 1.773, Loss_kernel 0.003, Train_accy 68.34
2025-06-26 23:13:40,926 [icarl.py] => Task 4, Epoch 20/200 => Loss 2.841, Loss_clf 1.046, Loss_kd 1.792, Loss_kernel 0.003, Train_accy 67.26
2025-06-26 23:14:06,738 [icarl.py] => Task 4, Epoch 21/200 => Loss 2.820, Loss_clf 1.026, Loss_kd 1.791, Loss_kernel 0.003, Train_accy 68.23, Test_accy {'Art': 25.86, 'Clipart': 51.44, 'Real World': 41.16, 'Product': 65.75}
2025-06-26 23:14:22,417 [icarl.py] => Task 4, Epoch 22/200 => Loss 2.695, Loss_clf 0.936, Loss_kd 1.756, Loss_kernel 0.003, Train_accy 69.99
2025-06-26 23:14:38,287 [icarl.py] => Task 4, Epoch 23/200 => Loss 2.720, Loss_clf 0.954, Loss_kd 1.763, Loss_kernel 0.003, Train_accy 71.31
2025-06-26 23:14:54,565 [icarl.py] => Task 4, Epoch 24/200 => Loss 2.614, Loss_clf 0.863, Loss_kd 1.749, Loss_kernel 0.003, Train_accy 73.33
2025-06-26 23:15:09,889 [icarl.py] => Task 4, Epoch 25/200 => Loss 2.591, Loss_clf 0.854, Loss_kd 1.734, Loss_kernel 0.003, Train_accy 74.18
2025-06-26 23:15:35,304 [icarl.py] => Task 4, Epoch 26/200 => Loss 2.572, Loss_clf 0.837, Loss_kd 1.732, Loss_kernel 0.003, Train_accy 73.03, Test_accy {'Art': 27.01, 'Clipart': 42.24, 'Real World': 37.97, 'Product': 49.32}
2025-06-26 23:15:50,609 [icarl.py] => Task 4, Epoch 27/200 => Loss 2.622, Loss_clf 0.871, Loss_kd 1.748, Loss_kernel 0.003, Train_accy 73.20
2025-06-26 23:16:06,746 [icarl.py] => Task 4, Epoch 28/200 => Loss 2.563, Loss_clf 0.845, Loss_kd 1.715, Loss_kernel 0.003, Train_accy 74.26
2025-06-26 23:16:22,370 [icarl.py] => Task 4, Epoch 29/200 => Loss 2.590, Loss_clf 0.858, Loss_kd 1.729, Loss_kernel 0.003, Train_accy 73.63
2025-06-26 23:16:38,055 [icarl.py] => Task 4, Epoch 30/200 => Loss 2.510, Loss_clf 0.793, Loss_kd 1.715, Loss_kernel 0.003, Train_accy 74.79
2025-06-26 23:17:02,166 [icarl.py] => Task 4, Epoch 31/200 => Loss 2.499, Loss_clf 0.781, Loss_kd 1.716, Loss_kernel 0.003, Train_accy 75.51, Test_accy {'Art': 25.29, 'Clipart': 54.31, 'Real World': 43.48, 'Product': 66.85}
2025-06-26 23:17:18,463 [icarl.py] => Task 4, Epoch 32/200 => Loss 2.459, Loss_clf 0.751, Loss_kd 1.705, Loss_kernel 0.003, Train_accy 76.23
2025-06-26 23:17:34,299 [icarl.py] => Task 4, Epoch 33/200 => Loss 2.444, Loss_clf 0.749, Loss_kd 1.692, Loss_kernel 0.003, Train_accy 76.43
2025-06-26 23:17:50,815 [icarl.py] => Task 4, Epoch 34/200 => Loss 2.455, Loss_clf 0.741, Loss_kd 1.711, Loss_kernel 0.003, Train_accy 76.86
2025-06-26 23:18:07,570 [icarl.py] => Task 4, Epoch 35/200 => Loss 2.421, Loss_clf 0.730, Loss_kd 1.688, Loss_kernel 0.003, Train_accy 76.91
2025-06-26 23:18:32,235 [icarl.py] => Task 4, Epoch 36/200 => Loss 2.500, Loss_clf 0.784, Loss_kd 1.713, Loss_kernel 0.003, Train_accy 77.39, Test_accy {'Art': 24.71, 'Clipart': 44.25, 'Real World': 42.9, 'Product': 57.81}
2025-06-26 23:18:47,461 [icarl.py] => Task 4, Epoch 37/200 => Loss 2.362, Loss_clf 0.688, Loss_kd 1.671, Loss_kernel 0.003, Train_accy 78.34
2025-06-26 23:19:03,331 [icarl.py] => Task 4, Epoch 38/200 => Loss 2.391, Loss_clf 0.691, Loss_kd 1.697, Loss_kernel 0.003, Train_accy 78.19
2025-06-26 23:19:19,390 [icarl.py] => Task 4, Epoch 39/200 => Loss 2.393, Loss_clf 0.719, Loss_kd 1.672, Loss_kernel 0.003, Train_accy 77.55
2025-06-26 23:19:34,847 [icarl.py] => Task 4, Epoch 40/200 => Loss 2.332, Loss_clf 0.671, Loss_kd 1.659, Loss_kernel 0.003, Train_accy 79.74
2025-06-26 23:20:00,652 [icarl.py] => Task 4, Epoch 41/200 => Loss 2.360, Loss_clf 0.681, Loss_kd 1.677, Loss_kernel 0.003, Train_accy 79.23, Test_accy {'Art': 29.89, 'Clipart': 53.45, 'Real World': 40.58, 'Product': 66.58}
2025-06-26 23:20:15,853 [icarl.py] => Task 4, Epoch 42/200 => Loss 2.320, Loss_clf 0.651, Loss_kd 1.667, Loss_kernel 0.003, Train_accy 80.28
2025-06-26 23:20:31,745 [icarl.py] => Task 4, Epoch 43/200 => Loss 2.387, Loss_clf 0.700, Loss_kd 1.684, Loss_kernel 0.003, Train_accy 78.37
2025-06-26 23:20:47,054 [icarl.py] => Task 4, Epoch 44/200 => Loss 2.394, Loss_clf 0.699, Loss_kd 1.692, Loss_kernel 0.003, Train_accy 78.57
2025-06-26 23:21:02,375 [icarl.py] => Task 4, Epoch 45/200 => Loss 2.315, Loss_clf 0.637, Loss_kd 1.675, Loss_kernel 0.003, Train_accy 80.19
2025-06-26 23:21:28,442 [icarl.py] => Task 4, Epoch 46/200 => Loss 2.320, Loss_clf 0.647, Loss_kd 1.670, Loss_kernel 0.003, Train_accy 79.04, Test_accy {'Art': 28.16, 'Clipart': 54.89, 'Real World': 39.42, 'Product': 66.3}
2025-06-26 23:21:44,082 [icarl.py] => Task 4, Epoch 47/200 => Loss 2.329, Loss_clf 0.658, Loss_kd 1.668, Loss_kernel 0.003, Train_accy 78.23
2025-06-26 23:21:58,563 [icarl.py] => Task 4, Epoch 48/200 => Loss 2.301, Loss_clf 0.639, Loss_kd 1.659, Loss_kernel 0.003, Train_accy 79.53
2025-06-26 23:22:14,448 [icarl.py] => Task 4, Epoch 49/200 => Loss 2.234, Loss_clf 0.589, Loss_kd 1.643, Loss_kernel 0.003, Train_accy 81.79
2025-06-26 23:22:29,907 [icarl.py] => Task 4, Epoch 50/200 => Loss 2.296, Loss_clf 0.630, Loss_kd 1.663, Loss_kernel 0.003, Train_accy 81.04
2025-06-26 23:22:55,879 [icarl.py] => Task 4, Epoch 51/200 => Loss 2.181, Loss_clf 0.546, Loss_kd 1.633, Loss_kernel 0.003, Train_accy 82.61, Test_accy {'Art': 25.29, 'Clipart': 49.71, 'Real World': 38.84, 'Product': 62.74}
2025-06-26 23:23:11,527 [icarl.py] => Task 4, Epoch 52/200 => Loss 2.223, Loss_clf 0.577, Loss_kd 1.644, Loss_kernel 0.003, Train_accy 81.27
2025-06-26 23:23:26,924 [icarl.py] => Task 4, Epoch 53/200 => Loss 2.332, Loss_clf 0.651, Loss_kd 1.678, Loss_kernel 0.003, Train_accy 79.52
2025-06-26 23:23:42,740 [icarl.py] => Task 4, Epoch 54/200 => Loss 2.250, Loss_clf 0.582, Loss_kd 1.666, Loss_kernel 0.003, Train_accy 81.34
2025-06-26 23:23:58,455 [icarl.py] => Task 4, Epoch 55/200 => Loss 2.163, Loss_clf 0.538, Loss_kd 1.623, Loss_kernel 0.003, Train_accy 83.84
2025-06-26 23:24:23,849 [icarl.py] => Task 4, Epoch 56/200 => Loss 2.159, Loss_clf 0.538, Loss_kd 1.619, Loss_kernel 0.002, Train_accy 82.29, Test_accy {'Art': 27.01, 'Clipart': 50.29, 'Real World': 43.19, 'Product': 72.33}
2025-06-26 23:24:39,049 [icarl.py] => Task 4, Epoch 57/200 => Loss 2.173, Loss_clf 0.547, Loss_kd 1.623, Loss_kernel 0.003, Train_accy 83.08
2025-06-26 23:24:53,034 [icarl.py] => Task 4, Epoch 58/200 => Loss 2.175, Loss_clf 0.546, Loss_kd 1.627, Loss_kernel 0.003, Train_accy 83.61
2025-06-26 23:25:08,177 [icarl.py] => Task 4, Epoch 59/200 => Loss 2.141, Loss_clf 0.517, Loss_kd 1.622, Loss_kernel 0.002, Train_accy 83.75
2025-06-26 23:25:23,484 [icarl.py] => Task 4, Epoch 60/200 => Loss 2.191, Loss_clf 0.558, Loss_kd 1.630, Loss_kernel 0.003, Train_accy 83.51
2025-06-26 23:25:46,555 [icarl.py] => Task 4, Epoch 61/200 => Loss 2.179, Loss_clf 0.551, Loss_kd 1.626, Loss_kernel 0.003, Train_accy 82.98, Test_accy {'Art': 32.18, 'Clipart': 51.44, 'Real World': 46.38, 'Product': 64.93}
2025-06-26 23:26:02,240 [icarl.py] => Task 4, Epoch 62/200 => Loss 2.114, Loss_clf 0.510, Loss_kd 1.602, Loss_kernel 0.002, Train_accy 83.95
2025-06-26 23:26:17,229 [icarl.py] => Task 4, Epoch 63/200 => Loss 2.139, Loss_clf 0.508, Loss_kd 1.628, Loss_kernel 0.003, Train_accy 83.98
2025-06-26 23:26:31,883 [icarl.py] => Task 4, Epoch 64/200 => Loss 2.104, Loss_clf 0.492, Loss_kd 1.609, Loss_kernel 0.002, Train_accy 84.88
2025-06-26 23:26:47,839 [icarl.py] => Task 4, Epoch 65/200 => Loss 2.089, Loss_clf 0.470, Loss_kd 1.616, Loss_kernel 0.003, Train_accy 85.88
2025-06-26 23:27:10,721 [icarl.py] => Task 4, Epoch 66/200 => Loss 2.111, Loss_clf 0.501, Loss_kd 1.608, Loss_kernel 0.002, Train_accy 84.77, Test_accy {'Art': 25.86, 'Clipart': 50.86, 'Real World': 45.22, 'Product': 63.56}
2025-06-26 23:27:25,839 [icarl.py] => Task 4, Epoch 67/200 => Loss 2.091, Loss_clf 0.487, Loss_kd 1.602, Loss_kernel 0.002, Train_accy 84.91
2025-06-26 23:27:41,994 [icarl.py] => Task 4, Epoch 68/200 => Loss 2.122, Loss_clf 0.501, Loss_kd 1.618, Loss_kernel 0.003, Train_accy 84.28
2025-06-26 23:27:55,913 [icarl.py] => Task 4, Epoch 69/200 => Loss 2.075, Loss_clf 0.472, Loss_kd 1.600, Loss_kernel 0.003, Train_accy 86.08
2025-06-26 23:28:10,844 [icarl.py] => Task 4, Epoch 70/200 => Loss 2.092, Loss_clf 0.500, Loss_kd 1.589, Loss_kernel 0.002, Train_accy 84.69
2025-06-26 23:28:35,163 [icarl.py] => Task 4, Epoch 71/200 => Loss 2.085, Loss_clf 0.480, Loss_kd 1.603, Loss_kernel 0.002, Train_accy 85.54, Test_accy {'Art': 24.14, 'Clipart': 55.75, 'Real World': 44.93, 'Product': 68.49}
2025-06-26 23:28:50,366 [icarl.py] => Task 4, Epoch 72/200 => Loss 2.095, Loss_clf 0.485, Loss_kd 1.608, Loss_kernel 0.002, Train_accy 84.36
2025-06-26 23:29:04,560 [icarl.py] => Task 4, Epoch 73/200 => Loss 2.051, Loss_clf 0.459, Loss_kd 1.589, Loss_kernel 0.002, Train_accy 85.13
2025-06-26 23:29:19,381 [icarl.py] => Task 4, Epoch 74/200 => Loss 2.059, Loss_clf 0.469, Loss_kd 1.587, Loss_kernel 0.002, Train_accy 85.95
2025-06-26 23:29:34,588 [icarl.py] => Task 4, Epoch 75/200 => Loss 2.032, Loss_clf 0.443, Loss_kd 1.587, Loss_kernel 0.002, Train_accy 87.03
2025-06-26 23:29:57,450 [icarl.py] => Task 4, Epoch 76/200 => Loss 2.042, Loss_clf 0.455, Loss_kd 1.584, Loss_kernel 0.002, Train_accy 86.52, Test_accy {'Art': 25.29, 'Clipart': 55.46, 'Real World': 42.9, 'Product': 65.75}
2025-06-26 23:30:13,048 [icarl.py] => Task 4, Epoch 77/200 => Loss 2.027, Loss_clf 0.445, Loss_kd 1.579, Loss_kernel 0.002, Train_accy 85.80
2025-06-26 23:30:27,892 [icarl.py] => Task 4, Epoch 78/200 => Loss 2.045, Loss_clf 0.467, Loss_kd 1.575, Loss_kernel 0.002, Train_accy 86.54
2025-06-26 23:30:41,566 [icarl.py] => Task 4, Epoch 79/200 => Loss 2.038, Loss_clf 0.434, Loss_kd 1.602, Loss_kernel 0.002, Train_accy 87.09
2025-06-26 23:30:57,020 [icarl.py] => Task 4, Epoch 80/200 => Loss 2.042, Loss_clf 0.448, Loss_kd 1.592, Loss_kernel 0.002, Train_accy 87.26
2025-06-26 23:31:21,098 [icarl.py] => Task 4, Epoch 81/200 => Loss 2.013, Loss_clf 0.433, Loss_kd 1.577, Loss_kernel 0.002, Train_accy 87.08, Test_accy {'Art': 25.86, 'Clipart': 59.2, 'Real World': 43.77, 'Product': 72.05}
2025-06-26 23:31:35,885 [icarl.py] => Task 4, Epoch 82/200 => Loss 1.966, Loss_clf 0.401, Loss_kd 1.563, Loss_kernel 0.002, Train_accy 87.95
2025-06-26 23:31:51,455 [icarl.py] => Task 4, Epoch 83/200 => Loss 1.976, Loss_clf 0.401, Loss_kd 1.573, Loss_kernel 0.002, Train_accy 87.60
2025-06-26 23:32:07,970 [icarl.py] => Task 4, Epoch 84/200 => Loss 1.989, Loss_clf 0.408, Loss_kd 1.579, Loss_kernel 0.002, Train_accy 88.02
2025-06-26 23:32:22,395 [icarl.py] => Task 4, Epoch 85/200 => Loss 1.934, Loss_clf 0.371, Loss_kd 1.561, Loss_kernel 0.002, Train_accy 88.99
2025-06-26 23:32:46,511 [icarl.py] => Task 4, Epoch 86/200 => Loss 1.898, Loss_clf 0.353, Loss_kd 1.543, Loss_kernel 0.002, Train_accy 89.36, Test_accy {'Art': 28.16, 'Clipart': 56.32, 'Real World': 44.64, 'Product': 71.78}
2025-06-26 23:33:02,419 [icarl.py] => Task 4, Epoch 87/200 => Loss 1.908, Loss_clf 0.371, Loss_kd 1.535, Loss_kernel 0.002, Train_accy 88.66
2025-06-26 23:33:16,777 [icarl.py] => Task 4, Epoch 88/200 => Loss 1.915, Loss_clf 0.364, Loss_kd 1.549, Loss_kernel 0.002, Train_accy 88.62
2025-06-26 23:33:30,762 [icarl.py] => Task 4, Epoch 89/200 => Loss 1.922, Loss_clf 0.370, Loss_kd 1.550, Loss_kernel 0.002, Train_accy 88.64
2025-06-26 23:33:47,005 [icarl.py] => Task 4, Epoch 90/200 => Loss 1.911, Loss_clf 0.354, Loss_kd 1.555, Loss_kernel 0.002, Train_accy 88.95
2025-06-26 23:34:11,028 [icarl.py] => Task 4, Epoch 91/200 => Loss 1.928, Loss_clf 0.366, Loss_kd 1.560, Loss_kernel 0.002, Train_accy 88.90, Test_accy {'Art': 25.86, 'Clipart': 53.45, 'Real World': 48.7, 'Product': 72.6}
2025-06-26 23:34:27,843 [icarl.py] => Task 4, Epoch 92/200 => Loss 1.899, Loss_clf 0.342, Loss_kd 1.555, Loss_kernel 0.002, Train_accy 90.16
2025-06-26 23:34:41,850 [icarl.py] => Task 4, Epoch 93/200 => Loss 1.889, Loss_clf 0.353, Loss_kd 1.534, Loss_kernel 0.002, Train_accy 89.99
2025-06-26 23:34:57,790 [icarl.py] => Task 4, Epoch 94/200 => Loss 1.903, Loss_clf 0.353, Loss_kd 1.548, Loss_kernel 0.002, Train_accy 89.45
2025-06-26 23:35:11,425 [icarl.py] => Task 4, Epoch 95/200 => Loss 1.897, Loss_clf 0.340, Loss_kd 1.555, Loss_kernel 0.002, Train_accy 90.03
2025-06-26 23:35:35,396 [icarl.py] => Task 4, Epoch 96/200 => Loss 1.867, Loss_clf 0.322, Loss_kd 1.542, Loss_kernel 0.002, Train_accy 90.27, Test_accy {'Art': 24.71, 'Clipart': 56.61, 'Real World': 42.9, 'Product': 71.78}
2025-06-26 23:35:49,678 [icarl.py] => Task 4, Epoch 97/200 => Loss 1.826, Loss_clf 0.299, Loss_kd 1.525, Loss_kernel 0.002, Train_accy 91.22
2025-06-26 23:36:03,964 [icarl.py] => Task 4, Epoch 98/200 => Loss 1.824, Loss_clf 0.296, Loss_kd 1.526, Loss_kernel 0.002, Train_accy 90.95
2025-06-26 23:36:18,745 [icarl.py] => Task 4, Epoch 99/200 => Loss 1.859, Loss_clf 0.323, Loss_kd 1.534, Loss_kernel 0.002, Train_accy 90.39
2025-06-26 23:36:33,331 [icarl.py] => Task 4, Epoch 100/200 => Loss 1.845, Loss_clf 0.320, Loss_kd 1.523, Loss_kernel 0.002, Train_accy 90.63
2025-06-26 23:36:57,400 [icarl.py] => Task 4, Epoch 101/200 => Loss 1.833, Loss_clf 0.295, Loss_kd 1.536, Loss_kernel 0.002, Train_accy 90.60, Test_accy {'Art': 29.89, 'Clipart': 56.9, 'Real World': 47.54, 'Product': 73.15}
2025-06-26 23:37:14,203 [icarl.py] => Task 4, Epoch 102/200 => Loss 1.819, Loss_clf 0.290, Loss_kd 1.527, Loss_kernel 0.002, Train_accy 91.18
2025-06-26 23:37:29,394 [icarl.py] => Task 4, Epoch 103/200 => Loss 1.852, Loss_clf 0.322, Loss_kd 1.528, Loss_kernel 0.002, Train_accy 90.39
2025-06-26 23:37:42,774 [icarl.py] => Task 4, Epoch 104/200 => Loss 1.799, Loss_clf 0.285, Loss_kd 1.512, Loss_kernel 0.002, Train_accy 91.56
2025-06-26 23:37:56,965 [icarl.py] => Task 4, Epoch 105/200 => Loss 1.824, Loss_clf 0.310, Loss_kd 1.512, Loss_kernel 0.002, Train_accy 90.58
2025-06-26 23:38:21,015 [icarl.py] => Task 4, Epoch 106/200 => Loss 1.815, Loss_clf 0.314, Loss_kd 1.500, Loss_kernel 0.002, Train_accy 91.01, Test_accy {'Art': 27.59, 'Clipart': 56.61, 'Real World': 48.41, 'Product': 72.6}
2025-06-26 23:38:34,266 [icarl.py] => Task 4, Epoch 107/200 => Loss 1.750, Loss_clf 0.256, Loss_kd 1.492, Loss_kernel 0.002, Train_accy 92.39
2025-06-26 23:38:48,989 [icarl.py] => Task 4, Epoch 108/200 => Loss 1.778, Loss_clf 0.271, Loss_kd 1.505, Loss_kernel 0.002, Train_accy 91.90
2025-06-26 23:39:03,379 [icarl.py] => Task 4, Epoch 109/200 => Loss 1.828, Loss_clf 0.303, Loss_kd 1.523, Loss_kernel 0.002, Train_accy 91.05
2025-06-26 23:39:16,892 [icarl.py] => Task 4, Epoch 110/200 => Loss 1.761, Loss_clf 0.260, Loss_kd 1.499, Loss_kernel 0.002, Train_accy 92.51
2025-06-26 23:39:39,977 [icarl.py] => Task 4, Epoch 111/200 => Loss 1.742, Loss_clf 0.242, Loss_kd 1.498, Loss_kernel 0.002, Train_accy 93.12, Test_accy {'Art': 26.44, 'Clipart': 52.01, 'Real World': 43.19, 'Product': 62.47}
2025-06-26 23:39:54,645 [icarl.py] => Task 4, Epoch 112/200 => Loss 1.783, Loss_clf 0.274, Loss_kd 1.507, Loss_kernel 0.002, Train_accy 92.03
2025-06-26 23:40:09,371 [icarl.py] => Task 4, Epoch 113/200 => Loss 1.747, Loss_clf 0.242, Loss_kd 1.503, Loss_kernel 0.002, Train_accy 92.71
2025-06-26 23:40:23,338 [icarl.py] => Task 4, Epoch 114/200 => Loss 1.733, Loss_clf 0.235, Loss_kd 1.496, Loss_kernel 0.002, Train_accy 93.35
2025-06-26 23:40:36,785 [icarl.py] => Task 4, Epoch 115/200 => Loss 1.756, Loss_clf 0.253, Loss_kd 1.501, Loss_kernel 0.002, Train_accy 92.22
2025-06-26 23:40:59,512 [icarl.py] => Task 4, Epoch 116/200 => Loss 1.719, Loss_clf 0.235, Loss_kd 1.483, Loss_kernel 0.002, Train_accy 92.76, Test_accy {'Art': 29.31, 'Clipart': 62.93, 'Real World': 45.8, 'Product': 74.79}
2025-06-26 23:41:14,580 [icarl.py] => Task 4, Epoch 117/200 => Loss 1.738, Loss_clf 0.240, Loss_kd 1.496, Loss_kernel 0.002, Train_accy 92.79
2025-06-26 23:41:29,669 [icarl.py] => Task 4, Epoch 118/200 => Loss 1.785, Loss_clf 0.274, Loss_kd 1.509, Loss_kernel 0.002, Train_accy 91.77
2025-06-26 23:41:45,089 [icarl.py] => Task 4, Epoch 119/200 => Loss 1.726, Loss_clf 0.234, Loss_kd 1.491, Loss_kernel 0.002, Train_accy 93.28
2025-06-26 23:41:58,945 [icarl.py] => Task 4, Epoch 120/200 => Loss 1.702, Loss_clf 0.215, Loss_kd 1.486, Loss_kernel 0.002, Train_accy 93.85
2025-06-26 23:42:21,544 [icarl.py] => Task 4, Epoch 121/200 => Loss 1.716, Loss_clf 0.226, Loss_kd 1.488, Loss_kernel 0.002, Train_accy 93.35, Test_accy {'Art': 27.59, 'Clipart': 50.86, 'Real World': 45.8, 'Product': 64.38}
2025-06-26 23:42:34,036 [icarl.py] => Task 4, Epoch 122/200 => Loss 1.703, Loss_clf 0.216, Loss_kd 1.485, Loss_kernel 0.002, Train_accy 93.47
2025-06-26 23:42:48,408 [icarl.py] => Task 4, Epoch 123/200 => Loss 1.712, Loss_clf 0.230, Loss_kd 1.480, Loss_kernel 0.002, Train_accy 93.32
2025-06-26 23:43:02,444 [icarl.py] => Task 4, Epoch 124/200 => Loss 1.712, Loss_clf 0.225, Loss_kd 1.485, Loss_kernel 0.002, Train_accy 93.77
2025-06-26 23:43:17,566 [icarl.py] => Task 4, Epoch 125/200 => Loss 1.736, Loss_clf 0.225, Loss_kd 1.509, Loss_kernel 0.002, Train_accy 92.88
2025-06-26 23:43:40,052 [icarl.py] => Task 4, Epoch 126/200 => Loss 1.674, Loss_clf 0.206, Loss_kd 1.467, Loss_kernel 0.002, Train_accy 94.07, Test_accy {'Art': 26.44, 'Clipart': 58.33, 'Real World': 46.38, 'Product': 73.97}
2025-06-26 23:43:53,144 [icarl.py] => Task 4, Epoch 127/200 => Loss 1.649, Loss_clf 0.187, Loss_kd 1.460, Loss_kernel 0.002, Train_accy 94.29
2025-06-26 23:44:06,536 [icarl.py] => Task 4, Epoch 128/200 => Loss 1.653, Loss_clf 0.190, Loss_kd 1.462, Loss_kernel 0.002, Train_accy 94.43
2025-06-26 23:44:19,668 [icarl.py] => Task 4, Epoch 129/200 => Loss 1.668, Loss_clf 0.198, Loss_kd 1.468, Loss_kernel 0.002, Train_accy 94.14
2025-06-26 23:44:34,484 [icarl.py] => Task 4, Epoch 130/200 => Loss 1.693, Loss_clf 0.207, Loss_kd 1.484, Loss_kernel 0.002, Train_accy 93.93
2025-06-26 23:44:57,424 [icarl.py] => Task 4, Epoch 131/200 => Loss 1.668, Loss_clf 0.200, Loss_kd 1.467, Loss_kernel 0.002, Train_accy 94.71, Test_accy {'Art': 27.01, 'Clipart': 60.63, 'Real World': 46.09, 'Product': 74.52}
2025-06-26 23:45:10,866 [icarl.py] => Task 4, Epoch 132/200 => Loss 1.668, Loss_clf 0.194, Loss_kd 1.473, Loss_kernel 0.002, Train_accy 94.55
2025-06-26 23:45:24,633 [icarl.py] => Task 4, Epoch 133/200 => Loss 1.670, Loss_clf 0.197, Loss_kd 1.472, Loss_kernel 0.002, Train_accy 94.15
2025-06-26 23:45:37,879 [icarl.py] => Task 4, Epoch 134/200 => Loss 1.644, Loss_clf 0.185, Loss_kd 1.457, Loss_kernel 0.002, Train_accy 94.38
2025-06-26 23:45:49,889 [icarl.py] => Task 4, Epoch 135/200 => Loss 1.625, Loss_clf 0.168, Loss_kd 1.455, Loss_kernel 0.002, Train_accy 95.65
2025-06-26 23:46:13,442 [icarl.py] => Task 4, Epoch 136/200 => Loss 1.657, Loss_clf 0.196, Loss_kd 1.460, Loss_kernel 0.002, Train_accy 94.36, Test_accy {'Art': 29.31, 'Clipart': 57.18, 'Real World': 47.54, 'Product': 75.07}
2025-06-26 23:46:26,944 [icarl.py] => Task 4, Epoch 137/200 => Loss 1.649, Loss_clf 0.179, Loss_kd 1.468, Loss_kernel 0.002, Train_accy 95.34
2025-06-26 23:46:39,439 [icarl.py] => Task 4, Epoch 138/200 => Loss 1.618, Loss_clf 0.167, Loss_kd 1.449, Loss_kernel 0.002, Train_accy 95.11
2025-06-26 23:46:52,046 [icarl.py] => Task 4, Epoch 139/200 => Loss 1.633, Loss_clf 0.177, Loss_kd 1.454, Loss_kernel 0.002, Train_accy 94.75
2025-06-26 23:47:05,511 [icarl.py] => Task 4, Epoch 140/200 => Loss 1.614, Loss_clf 0.174, Loss_kd 1.439, Loss_kernel 0.002, Train_accy 95.25
2025-06-26 23:47:27,744 [icarl.py] => Task 4, Epoch 141/200 => Loss 1.633, Loss_clf 0.163, Loss_kd 1.469, Loss_kernel 0.002, Train_accy 95.20, Test_accy {'Art': 29.31, 'Clipart': 56.9, 'Real World': 47.25, 'Product': 75.62}
2025-06-26 23:47:38,750 [icarl.py] => Task 4, Epoch 142/200 => Loss 1.557, Loss_clf 0.130, Loss_kd 1.425, Loss_kernel 0.001, Train_accy 96.50
2025-06-26 23:47:51,062 [icarl.py] => Task 4, Epoch 143/200 => Loss 1.610, Loss_clf 0.152, Loss_kd 1.456, Loss_kernel 0.002, Train_accy 95.95
2025-06-26 23:48:03,979 [icarl.py] => Task 4, Epoch 144/200 => Loss 1.596, Loss_clf 0.148, Loss_kd 1.447, Loss_kernel 0.002, Train_accy 95.92
2025-06-26 23:48:17,915 [icarl.py] => Task 4, Epoch 145/200 => Loss 1.626, Loss_clf 0.162, Loss_kd 1.463, Loss_kernel 0.002, Train_accy 94.97
2025-06-26 23:48:40,666 [icarl.py] => Task 4, Epoch 146/200 => Loss 1.584, Loss_clf 0.148, Loss_kd 1.435, Loss_kernel 0.002, Train_accy 95.89, Test_accy {'Art': 32.18, 'Clipart': 58.91, 'Real World': 49.57, 'Product': 74.79}
2025-06-26 23:48:53,810 [icarl.py] => Task 4, Epoch 147/200 => Loss 1.603, Loss_clf 0.147, Loss_kd 1.454, Loss_kernel 0.002, Train_accy 95.83
2025-06-26 23:49:06,036 [icarl.py] => Task 4, Epoch 148/200 => Loss 1.572, Loss_clf 0.143, Loss_kd 1.428, Loss_kernel 0.002, Train_accy 95.87
2025-06-26 23:49:18,913 [icarl.py] => Task 4, Epoch 149/200 => Loss 1.587, Loss_clf 0.148, Loss_kd 1.438, Loss_kernel 0.002, Train_accy 96.14
2025-06-26 23:49:30,653 [icarl.py] => Task 4, Epoch 150/200 => Loss 1.543, Loss_clf 0.124, Loss_kd 1.418, Loss_kernel 0.001, Train_accy 96.51
2025-06-26 23:49:54,162 [icarl.py] => Task 4, Epoch 151/200 => Loss 1.568, Loss_clf 0.133, Loss_kd 1.433, Loss_kernel 0.001, Train_accy 96.38, Test_accy {'Art': 30.46, 'Clipart': 59.77, 'Real World': 48.99, 'Product': 75.62}
2025-06-26 23:50:05,042 [icarl.py] => Task 4, Epoch 152/200 => Loss 1.579, Loss_clf 0.133, Loss_kd 1.445, Loss_kernel 0.001, Train_accy 96.08
2025-06-26 23:50:18,281 [icarl.py] => Task 4, Epoch 153/200 => Loss 1.579, Loss_clf 0.142, Loss_kd 1.436, Loss_kernel 0.001, Train_accy 96.01
2025-06-26 23:50:31,608 [icarl.py] => Task 4, Epoch 154/200 => Loss 1.616, Loss_clf 0.158, Loss_kd 1.456, Loss_kernel 0.002, Train_accy 94.94
2025-06-26 23:50:44,681 [icarl.py] => Task 4, Epoch 155/200 => Loss 1.580, Loss_clf 0.147, Loss_kd 1.431, Loss_kernel 0.002, Train_accy 95.65
2025-06-26 23:51:05,116 [icarl.py] => Task 4, Epoch 156/200 => Loss 1.548, Loss_clf 0.113, Loss_kd 1.433, Loss_kernel 0.001, Train_accy 96.77, Test_accy {'Art': 28.74, 'Clipart': 58.05, 'Real World': 48.99, 'Product': 73.97}
2025-06-26 23:51:18,730 [icarl.py] => Task 4, Epoch 157/200 => Loss 1.575, Loss_clf 0.134, Loss_kd 1.439, Loss_kernel 0.001, Train_accy 96.39
2025-06-26 23:51:32,827 [icarl.py] => Task 4, Epoch 158/200 => Loss 1.608, Loss_clf 0.157, Loss_kd 1.449, Loss_kernel 0.002, Train_accy 95.21
2025-06-26 23:51:46,682 [icarl.py] => Task 4, Epoch 159/200 => Loss 1.590, Loss_clf 0.134, Loss_kd 1.454, Loss_kernel 0.001, Train_accy 95.89
2025-06-26 23:51:58,139 [icarl.py] => Task 4, Epoch 160/200 => Loss 1.542, Loss_clf 0.112, Loss_kd 1.429, Loss_kernel 0.001, Train_accy 97.11
2025-06-26 23:52:19,808 [icarl.py] => Task 4, Epoch 161/200 => Loss 1.568, Loss_clf 0.128, Loss_kd 1.439, Loss_kernel 0.001, Train_accy 96.16, Test_accy {'Art': 29.89, 'Clipart': 57.18, 'Real World': 48.12, 'Product': 74.79}
2025-06-26 23:52:31,488 [icarl.py] => Task 4, Epoch 162/200 => Loss 1.548, Loss_clf 0.120, Loss_kd 1.427, Loss_kernel 0.001, Train_accy 96.50
2025-06-26 23:52:43,519 [icarl.py] => Task 4, Epoch 163/200 => Loss 1.538, Loss_clf 0.119, Loss_kd 1.418, Loss_kernel 0.001, Train_accy 96.78
2025-06-26 23:52:55,991 [icarl.py] => Task 4, Epoch 164/200 => Loss 1.571, Loss_clf 0.136, Loss_kd 1.434, Loss_kernel 0.001, Train_accy 96.43
2025-06-26 23:53:07,865 [icarl.py] => Task 4, Epoch 165/200 => Loss 1.548, Loss_clf 0.116, Loss_kd 1.431, Loss_kernel 0.001, Train_accy 96.92
2025-06-26 23:53:28,032 [icarl.py] => Task 4, Epoch 166/200 => Loss 1.553, Loss_clf 0.128, Loss_kd 1.424, Loss_kernel 0.001, Train_accy 96.13, Test_accy {'Art': 31.03, 'Clipart': 57.76, 'Real World': 51.01, 'Product': 73.97}
2025-06-26 23:53:40,414 [icarl.py] => Task 4, Epoch 167/200 => Loss 1.546, Loss_clf 0.115, Loss_kd 1.429, Loss_kernel 0.001, Train_accy 96.65
2025-06-26 23:53:50,854 [icarl.py] => Task 4, Epoch 168/200 => Loss 1.550, Loss_clf 0.117, Loss_kd 1.431, Loss_kernel 0.001, Train_accy 97.14
2025-06-26 23:54:03,069 [icarl.py] => Task 4, Epoch 169/200 => Loss 1.580, Loss_clf 0.132, Loss_kd 1.446, Loss_kernel 0.001, Train_accy 96.05
2025-06-26 23:54:15,419 [icarl.py] => Task 4, Epoch 170/200 => Loss 1.541, Loss_clf 0.108, Loss_kd 1.432, Loss_kernel 0.001, Train_accy 96.97
2025-06-26 23:54:36,930 [icarl.py] => Task 4, Epoch 171/200 => Loss 1.558, Loss_clf 0.129, Loss_kd 1.428, Loss_kernel 0.001, Train_accy 96.39, Test_accy {'Art': 29.31, 'Clipart': 56.61, 'Real World': 48.99, 'Product': 74.79}
2025-06-26 23:54:48,567 [icarl.py] => Task 4, Epoch 172/200 => Loss 1.531, Loss_clf 0.107, Loss_kd 1.423, Loss_kernel 0.001, Train_accy 97.00
2025-06-26 23:55:00,700 [icarl.py] => Task 4, Epoch 173/200 => Loss 1.550, Loss_clf 0.119, Loss_kd 1.430, Loss_kernel 0.001, Train_accy 96.61
2025-06-26 23:55:10,822 [icarl.py] => Task 4, Epoch 174/200 => Loss 1.516, Loss_clf 0.101, Loss_kd 1.414, Loss_kernel 0.001, Train_accy 97.03
2025-06-26 23:55:22,563 [icarl.py] => Task 4, Epoch 175/200 => Loss 1.519, Loss_clf 0.102, Loss_kd 1.415, Loss_kernel 0.001, Train_accy 97.01
2025-06-26 23:55:42,579 [icarl.py] => Task 4, Epoch 176/200 => Loss 1.527, Loss_clf 0.107, Loss_kd 1.418, Loss_kernel 0.001, Train_accy 97.14, Test_accy {'Art': 29.31, 'Clipart': 58.05, 'Real World': 48.41, 'Product': 74.52}
2025-06-26 23:55:55,251 [icarl.py] => Task 4, Epoch 177/200 => Loss 1.558, Loss_clf 0.119, Loss_kd 1.438, Loss_kernel 0.001, Train_accy 97.02
2025-06-26 23:56:08,043 [icarl.py] => Task 4, Epoch 178/200 => Loss 1.542, Loss_clf 0.116, Loss_kd 1.425, Loss_kernel 0.001, Train_accy 96.92
2025-06-26 23:56:19,331 [icarl.py] => Task 4, Epoch 179/200 => Loss 1.531, Loss_clf 0.102, Loss_kd 1.428, Loss_kernel 0.001, Train_accy 97.24
2025-06-26 23:56:30,692 [icarl.py] => Task 4, Epoch 180/200 => Loss 1.529, Loss_clf 0.113, Loss_kd 1.415, Loss_kernel 0.001, Train_accy 97.01
2025-06-26 23:56:53,379 [icarl.py] => Task 4, Epoch 181/200 => Loss 1.551, Loss_clf 0.119, Loss_kd 1.430, Loss_kernel 0.001, Train_accy 96.84, Test_accy {'Art': 30.46, 'Clipart': 58.91, 'Real World': 48.12, 'Product': 74.79}
2025-06-26 23:57:04,151 [icarl.py] => Task 4, Epoch 182/200 => Loss 1.530, Loss_clf 0.102, Loss_kd 1.427, Loss_kernel 0.001, Train_accy 97.27
2025-06-26 23:57:15,734 [icarl.py] => Task 4, Epoch 183/200 => Loss 1.546, Loss_clf 0.115, Loss_kd 1.430, Loss_kernel 0.001, Train_accy 96.96
2025-06-26 23:57:29,188 [icarl.py] => Task 4, Epoch 184/200 => Loss 1.563, Loss_clf 0.122, Loss_kd 1.440, Loss_kernel 0.001, Train_accy 96.93
2025-06-26 23:57:40,527 [icarl.py] => Task 4, Epoch 185/200 => Loss 1.512, Loss_clf 0.098, Loss_kd 1.413, Loss_kernel 0.001, Train_accy 97.42
2025-06-26 23:58:01,922 [icarl.py] => Task 4, Epoch 186/200 => Loss 1.538, Loss_clf 0.115, Loss_kd 1.422, Loss_kernel 0.001, Train_accy 96.74, Test_accy {'Art': 30.46, 'Clipart': 57.18, 'Real World': 48.99, 'Product': 75.07}
2025-06-26 23:58:13,318 [icarl.py] => Task 4, Epoch 187/200 => Loss 1.533, Loss_clf 0.108, Loss_kd 1.423, Loss_kernel 0.001, Train_accy 97.23
2025-06-26 23:58:23,799 [icarl.py] => Task 4, Epoch 188/200 => Loss 1.509, Loss_clf 0.101, Loss_kd 1.407, Loss_kernel 0.001, Train_accy 97.45
2025-06-26 23:58:33,628 [icarl.py] => Task 4, Epoch 189/200 => Loss 1.506, Loss_clf 0.094, Loss_kd 1.410, Loss_kernel 0.001, Train_accy 97.21
2025-06-26 23:58:44,355 [icarl.py] => Task 4, Epoch 190/200 => Loss 1.516, Loss_clf 0.096, Loss_kd 1.418, Loss_kernel 0.001, Train_accy 97.32
2025-06-26 23:59:03,168 [icarl.py] => Task 4, Epoch 191/200 => Loss 1.552, Loss_clf 0.104, Loss_kd 1.447, Loss_kernel 0.001, Train_accy 97.36, Test_accy {'Art': 29.89, 'Clipart': 58.33, 'Real World': 48.7, 'Product': 75.62}
2025-06-26 23:59:14,628 [icarl.py] => Task 4, Epoch 192/200 => Loss 1.530, Loss_clf 0.110, Loss_kd 1.418, Loss_kernel 0.001, Train_accy 96.82
2025-06-26 23:59:26,175 [icarl.py] => Task 4, Epoch 193/200 => Loss 1.552, Loss_clf 0.114, Loss_kd 1.437, Loss_kernel 0.001, Train_accy 97.05
2025-06-26 23:59:38,504 [icarl.py] => Task 4, Epoch 194/200 => Loss 1.538, Loss_clf 0.116, Loss_kd 1.421, Loss_kernel 0.001, Train_accy 96.92
2025-06-26 23:59:49,887 [icarl.py] => Task 4, Epoch 195/200 => Loss 1.502, Loss_clf 0.091, Loss_kd 1.410, Loss_kernel 0.001, Train_accy 97.56
2025-06-27 00:00:09,785 [icarl.py] => Task 4, Epoch 196/200 => Loss 1.523, Loss_clf 0.105, Loss_kd 1.417, Loss_kernel 0.001, Train_accy 97.37, Test_accy {'Art': 30.46, 'Clipart': 58.33, 'Real World': 49.86, 'Product': 76.99}
2025-06-27 00:00:22,055 [icarl.py] => Task 4, Epoch 197/200 => Loss 1.523, Loss_clf 0.108, Loss_kd 1.413, Loss_kernel 0.001, Train_accy 97.24
2025-06-27 00:00:32,486 [icarl.py] => Task 4, Epoch 198/200 => Loss 1.515, Loss_clf 0.098, Loss_kd 1.415, Loss_kernel 0.001, Train_accy 97.41
2025-06-27 00:00:42,603 [icarl.py] => Task 4, Epoch 199/200 => Loss 1.515, Loss_clf 0.094, Loss_kd 1.420, Loss_kernel 0.001, Train_accy 97.64
2025-06-27 00:00:53,291 [icarl.py] => Task 4, Epoch 200/200 => Loss 1.529, Loss_clf 0.099, Loss_kd 1.429, Loss_kernel 0.001, Train_accy 97.18
2025-06-27 00:00:53,292 [base.py] => Reducing exemplars...(52 per classes)
2025-06-27 00:01:11,539 [base.py] => Constructing exemplars...(52 per classes)
2025-06-27 00:01:42,012 [icarl.py] => Exemplar size: 1300
2025-06-27 00:01:43,101 [trainer.py] => CNN [Art]: {'total': 29.89, '00-04': 63.16, '05-09': 26.47, '10-14': 21.62, '15-19': 29.63, '20-24': 7.89, 'old': 36.03, 'new': 7.89}
2025-06-27 00:01:43,101 [trainer.py] => NME [Art]: {'total': 29.31, '00-04': 57.89, '05-09': 26.47, '10-14': 24.32, '15-19': 29.63, '20-24': 7.89, 'old': 35.29, 'new': 7.89}
2025-06-27 00:01:43,102 [trainer.py] => CNN [Art] top1 curve: [57.89, 43.06, 35.78, 35.29, 29.89]
2025-06-27 00:01:43,102 [trainer.py] => CNN [Art] top5 curve: [97.37, 81.94, 66.06, 59.56, 48.85]
2025-06-27 00:01:43,102 [trainer.py] => NME [Art] top1 curve: [63.16, 54.17, 40.37, 39.71, 29.31]
2025-06-27 00:01:43,102 [trainer.py] => NME [Art] top5 curve: [100.0, 87.5, 80.73, 68.38, 55.75]
2025-06-27 00:01:43,102 [trainer.py] => Average Accuracy [Art] (CNN): 40.382
2025-06-27 00:01:43,102 [trainer.py] => Average Accuracy [Art] (NME): 45.344
2025-06-27 00:01:43,102 [trainer.py] => CNN [Clipart]: {'total': 57.47, '00-04': 66.67, '05-09': 51.61, '10-14': 57.58, '15-19': 56.6, '20-24': 53.93, 'old': 58.69, 'new': 53.93}
2025-06-27 00:01:43,102 [trainer.py] => NME [Clipart]: {'total': 59.2, '00-04': 61.54, '05-09': 53.23, '10-14': 62.12, '15-19': 64.15, '20-24': 56.18, 'old': 60.23, 'new': 56.18}
2025-06-27 00:01:43,103 [trainer.py] => CNN [Clipart] top1 curve: [75.64, 67.86, 65.05, 66.8, 57.47]
2025-06-27 00:01:43,103 [trainer.py] => CNN [Clipart] top5 curve: [98.72, 94.29, 87.86, 85.71, 82.76]
2025-06-27 00:01:43,103 [trainer.py] => NME [Clipart] top1 curve: [71.79, 70.71, 66.5, 65.64, 59.2]
2025-06-27 00:01:43,103 [trainer.py] => NME [Clipart] top5 curve: [100.0, 94.29, 85.92, 87.26, 82.18]
2025-06-27 00:01:43,103 [trainer.py] => Average Accuracy [Clipart] (CNN): 66.564
2025-06-27 00:01:43,103 [trainer.py] => Average Accuracy [Clipart] (NME): 66.768
2025-06-27 00:01:43,103 [trainer.py] => CNN [Product]: {'total': 75.89, '00-04': 90.59, '05-09': 70.0, '10-14': 87.1, '15-19': 67.53, '20-24': 62.3, 'old': 78.62, 'new': 62.3}
2025-06-27 00:01:43,104 [trainer.py] => NME [Product]: {'total': 78.36, '00-04': 84.71, '05-09': 81.25, '10-14': 90.32, '15-19': 74.03, '20-24': 59.02, 'old': 82.24, 'new': 59.02}
2025-06-27 00:01:43,104 [trainer.py] => CNN [Product] top1 curve: [85.88, 86.06, 87.67, 81.91, 75.89]
2025-06-27 00:01:43,104 [trainer.py] => CNN [Product] top5 curve: [100.0, 99.39, 98.24, 97.7, 92.05]
2025-06-27 00:01:43,104 [trainer.py] => NME [Product] top1 curve: [90.59, 87.88, 92.51, 84.87, 78.36]
2025-06-27 00:01:43,104 [trainer.py] => NME [Product] top5 curve: [100.0, 99.39, 99.12, 98.68, 95.07]
2025-06-27 00:01:43,104 [trainer.py] => Average Accuracy [Product] (CNN): 83.482
2025-06-27 00:01:43,104 [trainer.py] => Average Accuracy [Product] (NME): 86.84200000000001
2025-06-27 00:01:43,104 [trainer.py] => CNN [Real World]: {'total': 48.7, '00-04': 76.71, '05-09': 57.35, '10-14': 37.5, '15-19': 43.28, '20-24': 26.15, 'old': 53.93, 'new': 26.15}
2025-06-27 00:01:43,104 [trainer.py] => NME [Real World]: {'total': 49.86, '00-04': 56.16, '05-09': 66.18, '10-14': 40.28, '15-19': 53.73, '20-24': 32.31, 'old': 53.93, 'new': 32.31}
2025-06-27 00:01:43,105 [trainer.py] => CNN [Real World] top1 curve: [71.23, 64.54, 58.22, 52.86, 48.7]
2025-06-27 00:01:43,105 [trainer.py] => CNN [Real World] top5 curve: [100.0, 92.2, 84.98, 76.07, 73.04]
2025-06-27 00:01:43,105 [trainer.py] => NME [Real World] top1 curve: [79.45, 70.21, 60.56, 56.43, 49.86]
2025-06-27 00:01:43,105 [trainer.py] => NME [Real World] top5 curve: [100.0, 96.45, 85.92, 82.5, 79.71]
2025-06-27 00:01:43,105 [trainer.py] => Average Accuracy [Real World] (CNN): 59.11
2025-06-27 00:01:43,105 [trainer.py] => Average Accuracy [Real World] (NME): 63.302
2025-06-27 00:01:43,105 [trainer.py] => NME Harmonic Mean : 39.9003
2025-06-27 00:01:43,105 [trainer.py] => NME Macro Mean : 54.1825
2025-06-27 00:01:43,105 [trainer.py] => CNN Harmonic Mean : 40.0528
2025-06-27 00:01:43,105 [trainer.py] => CNN Macro Mean : 52.9875
2025-06-27 00:01:43,106 [trainer.py] => All params: 21302627
2025-06-27 00:01:43,107 [trainer.py] => Trainable params: 21302627
2025-06-27 00:01:43,109 [icarl.py] => Learning on 25-30
2025-06-27 00:02:08,248 [icarl.py] => Task 5, Epoch 1/200 => Loss 4.911, Loss_clf 2.559, Loss_kd 2.349, Loss_kernel 0.003, Train_accy 35.16, Test_accy {'Art': 4.81, 'Clipart': 8.29, 'Real World': 8.53, 'Product': 6.98}
2025-06-27 00:02:25,376 [icarl.py] => Task 5, Epoch 2/200 => Loss 5.260, Loss_clf 2.572, Loss_kd 2.682, Loss_kernel 0.006, Train_accy 29.71
2025-06-27 00:02:42,056 [icarl.py] => Task 5, Epoch 3/200 => Loss 4.627, Loss_clf 2.163, Loss_kd 2.459, Loss_kernel 0.004, Train_accy 39.34
2025-06-27 00:02:59,422 [icarl.py] => Task 5, Epoch 4/200 => Loss 4.304, Loss_clf 1.961, Loss_kd 2.339, Loss_kernel 0.004, Train_accy 43.21
2025-06-27 00:03:17,100 [icarl.py] => Task 5, Epoch 5/200 => Loss 4.143, Loss_clf 1.841, Loss_kd 2.298, Loss_kernel 0.004, Train_accy 45.20
2025-06-27 00:03:43,652 [icarl.py] => Task 5, Epoch 6/200 => Loss 3.903, Loss_clf 1.702, Loss_kd 2.198, Loss_kernel 0.003, Train_accy 49.69, Test_accy {'Art': 18.27, 'Clipart': 38.54, 'Real World': 32.94, 'Product': 54.05}
2025-06-27 00:04:00,252 [icarl.py] => Task 5, Epoch 7/200 => Loss 3.769, Loss_clf 1.603, Loss_kd 2.162, Loss_kernel 0.004, Train_accy 53.04
2025-06-27 00:04:17,219 [icarl.py] => Task 5, Epoch 8/200 => Loss 3.773, Loss_clf 1.607, Loss_kd 2.163, Loss_kernel 0.003, Train_accy 51.40
2025-06-27 00:04:34,538 [icarl.py] => Task 5, Epoch 9/200 => Loss 3.531, Loss_clf 1.438, Loss_kd 2.090, Loss_kernel 0.003, Train_accy 56.14
2025-06-27 00:04:51,062 [icarl.py] => Task 5, Epoch 10/200 => Loss 3.371, Loss_clf 1.324, Loss_kd 2.044, Loss_kernel 0.003, Train_accy 59.91
2025-06-27 00:05:17,933 [icarl.py] => Task 5, Epoch 11/200 => Loss 3.470, Loss_clf 1.386, Loss_kd 2.081, Loss_kernel 0.003, Train_accy 58.86, Test_accy {'Art': 19.71, 'Clipart': 43.17, 'Real World': 37.2, 'Product': 57.43}
2025-06-27 00:05:33,839 [icarl.py] => Task 5, Epoch 12/200 => Loss 3.293, Loss_clf 1.260, Loss_kd 2.030, Loss_kernel 0.003, Train_accy 61.61
2025-06-27 00:05:49,992 [icarl.py] => Task 5, Epoch 13/200 => Loss 3.234, Loss_clf 1.219, Loss_kd 2.012, Loss_kernel 0.003, Train_accy 64.10
2025-06-27 00:06:06,916 [icarl.py] => Task 5, Epoch 14/200 => Loss 3.145, Loss_clf 1.158, Loss_kd 1.983, Loss_kernel 0.003, Train_accy 63.61
2025-06-27 00:06:23,295 [icarl.py] => Task 5, Epoch 15/200 => Loss 3.073, Loss_clf 1.099, Loss_kd 1.972, Loss_kernel 0.003, Train_accy 67.26
2025-06-27 00:06:51,390 [icarl.py] => Task 5, Epoch 16/200 => Loss 2.998, Loss_clf 1.053, Loss_kd 1.943, Loss_kernel 0.003, Train_accy 67.65, Test_accy {'Art': 23.56, 'Clipart': 43.41, 'Real World': 36.49, 'Product': 55.41}
2025-06-27 00:07:08,512 [icarl.py] => Task 5, Epoch 17/200 => Loss 2.909, Loss_clf 0.993, Loss_kd 1.914, Loss_kernel 0.003, Train_accy 69.52
2025-06-27 00:07:24,554 [icarl.py] => Task 5, Epoch 18/200 => Loss 2.939, Loss_clf 1.009, Loss_kd 1.927, Loss_kernel 0.003, Train_accy 69.34
2025-06-27 00:07:40,894 [icarl.py] => Task 5, Epoch 19/200 => Loss 2.899, Loss_clf 0.973, Loss_kd 1.923, Loss_kernel 0.003, Train_accy 69.57
2025-06-27 00:07:57,254 [icarl.py] => Task 5, Epoch 20/200 => Loss 2.828, Loss_clf 0.917, Loss_kd 1.908, Loss_kernel 0.003, Train_accy 71.26
2025-06-27 00:08:23,354 [icarl.py] => Task 5, Epoch 21/200 => Loss 2.736, Loss_clf 0.870, Loss_kd 1.863, Loss_kernel 0.003, Train_accy 73.16, Test_accy {'Art': 20.19, 'Clipart': 47.56, 'Real World': 39.1, 'Product': 59.46}
2025-06-27 00:08:40,107 [icarl.py] => Task 5, Epoch 22/200 => Loss 2.760, Loss_clf 0.878, Loss_kd 1.879, Loss_kernel 0.003, Train_accy 72.22
2025-06-27 00:08:56,400 [icarl.py] => Task 5, Epoch 23/200 => Loss 2.749, Loss_clf 0.859, Loss_kd 1.887, Loss_kernel 0.003, Train_accy 73.58
2025-06-27 00:09:12,302 [icarl.py] => Task 5, Epoch 24/200 => Loss 2.732, Loss_clf 0.848, Loss_kd 1.882, Loss_kernel 0.003, Train_accy 74.78
2025-06-27 00:09:28,529 [icarl.py] => Task 5, Epoch 25/200 => Loss 2.643, Loss_clf 0.792, Loss_kd 1.849, Loss_kernel 0.003, Train_accy 75.89
2025-06-27 00:09:55,352 [icarl.py] => Task 5, Epoch 26/200 => Loss 2.671, Loss_clf 0.792, Loss_kd 1.876, Loss_kernel 0.003, Train_accy 75.76, Test_accy {'Art': 20.19, 'Clipart': 40.49, 'Real World': 37.91, 'Product': 60.59}
2025-06-27 00:10:12,933 [icarl.py] => Task 5, Epoch 27/200 => Loss 2.697, Loss_clf 0.828, Loss_kd 1.867, Loss_kernel 0.003, Train_accy 75.52
2025-06-27 00:10:29,530 [icarl.py] => Task 5, Epoch 28/200 => Loss 2.628, Loss_clf 0.785, Loss_kd 1.841, Loss_kernel 0.003, Train_accy 75.90
2025-06-27 00:10:46,167 [icarl.py] => Task 5, Epoch 29/200 => Loss 2.561, Loss_clf 0.741, Loss_kd 1.817, Loss_kernel 0.003, Train_accy 77.59
2025-06-27 00:11:02,689 [icarl.py] => Task 5, Epoch 30/200 => Loss 2.555, Loss_clf 0.718, Loss_kd 1.834, Loss_kernel 0.003, Train_accy 77.98
2025-06-27 00:11:29,166 [icarl.py] => Task 5, Epoch 31/200 => Loss 2.510, Loss_clf 0.700, Loss_kd 1.807, Loss_kernel 0.003, Train_accy 78.54, Test_accy {'Art': 24.52, 'Clipart': 43.9, 'Real World': 38.15, 'Product': 51.35}
2025-06-27 00:11:44,786 [icarl.py] => Task 5, Epoch 32/200 => Loss 2.593, Loss_clf 0.748, Loss_kd 1.841, Loss_kernel 0.003, Train_accy 77.79
2025-06-27 00:12:01,292 [icarl.py] => Task 5, Epoch 33/200 => Loss 2.582, Loss_clf 0.748, Loss_kd 1.831, Loss_kernel 0.003, Train_accy 77.77
2025-06-27 00:12:17,031 [icarl.py] => Task 5, Epoch 34/200 => Loss 2.482, Loss_clf 0.686, Loss_kd 1.794, Loss_kernel 0.003, Train_accy 79.91
2025-06-27 00:12:34,376 [icarl.py] => Task 5, Epoch 35/200 => Loss 2.554, Loss_clf 0.727, Loss_kd 1.825, Loss_kernel 0.003, Train_accy 78.23
2025-06-27 00:13:01,929 [icarl.py] => Task 5, Epoch 36/200 => Loss 2.528, Loss_clf 0.700, Loss_kd 1.825, Loss_kernel 0.002, Train_accy 78.04, Test_accy {'Art': 20.67, 'Clipart': 45.12, 'Real World': 39.81, 'Product': 64.86}
2025-06-27 00:13:19,337 [icarl.py] => Task 5, Epoch 37/200 => Loss 2.464, Loss_clf 0.654, Loss_kd 1.808, Loss_kernel 0.003, Train_accy 80.02
2025-06-27 00:13:37,554 [icarl.py] => Task 5, Epoch 38/200 => Loss 2.466, Loss_clf 0.655, Loss_kd 1.808, Loss_kernel 0.003, Train_accy 79.98
2025-06-27 00:13:54,819 [icarl.py] => Task 5, Epoch 39/200 => Loss 2.468, Loss_clf 0.660, Loss_kd 1.805, Loss_kernel 0.002, Train_accy 79.73
2025-06-27 00:14:10,938 [icarl.py] => Task 5, Epoch 40/200 => Loss 2.397, Loss_clf 0.613, Loss_kd 1.782, Loss_kernel 0.002, Train_accy 80.60
2025-06-27 00:14:38,966 [icarl.py] => Task 5, Epoch 41/200 => Loss 2.386, Loss_clf 0.613, Loss_kd 1.771, Loss_kernel 0.002, Train_accy 81.04, Test_accy {'Art': 21.15, 'Clipart': 53.66, 'Real World': 39.57, 'Product': 65.32}
2025-06-27 00:14:55,219 [icarl.py] => Task 5, Epoch 42/200 => Loss 2.416, Loss_clf 0.617, Loss_kd 1.796, Loss_kernel 0.002, Train_accy 81.79
2025-06-27 00:15:10,947 [icarl.py] => Task 5, Epoch 43/200 => Loss 2.420, Loss_clf 0.620, Loss_kd 1.797, Loss_kernel 0.003, Train_accy 81.46
2025-06-27 00:15:28,610 [icarl.py] => Task 5, Epoch 44/200 => Loss 2.416, Loss_clf 0.613, Loss_kd 1.800, Loss_kernel 0.002, Train_accy 81.52
2025-06-27 00:15:44,342 [icarl.py] => Task 5, Epoch 45/200 => Loss 2.381, Loss_clf 0.588, Loss_kd 1.791, Loss_kernel 0.002, Train_accy 82.44
2025-06-27 00:16:11,130 [icarl.py] => Task 5, Epoch 46/200 => Loss 2.399, Loss_clf 0.605, Loss_kd 1.791, Loss_kernel 0.002, Train_accy 82.29, Test_accy {'Art': 18.75, 'Clipart': 41.71, 'Real World': 35.55, 'Product': 47.75}
2025-06-27 00:16:26,946 [icarl.py] => Task 5, Epoch 47/200 => Loss 2.367, Loss_clf 0.582, Loss_kd 1.782, Loss_kernel 0.003, Train_accy 82.28
2025-06-27 00:16:44,334 [icarl.py] => Task 5, Epoch 48/200 => Loss 2.366, Loss_clf 0.578, Loss_kd 1.786, Loss_kernel 0.002, Train_accy 81.66
2025-06-27 00:16:59,970 [icarl.py] => Task 5, Epoch 49/200 => Loss 2.398, Loss_clf 0.623, Loss_kd 1.772, Loss_kernel 0.003, Train_accy 82.65
2025-06-27 00:17:17,369 [icarl.py] => Task 5, Epoch 50/200 => Loss 2.375, Loss_clf 0.588, Loss_kd 1.784, Loss_kernel 0.002, Train_accy 82.25
2025-06-27 00:17:44,099 [icarl.py] => Task 5, Epoch 51/200 => Loss 2.299, Loss_clf 0.533, Loss_kd 1.764, Loss_kernel 0.002, Train_accy 83.53, Test_accy {'Art': 25.48, 'Clipart': 48.54, 'Real World': 44.31, 'Product': 64.86}
2025-06-27 00:17:59,662 [icarl.py] => Task 5, Epoch 52/200 => Loss 2.298, Loss_clf 0.529, Loss_kd 1.767, Loss_kernel 0.002, Train_accy 83.78
2025-06-27 00:18:15,390 [icarl.py] => Task 5, Epoch 53/200 => Loss 2.329, Loss_clf 0.562, Loss_kd 1.765, Loss_kernel 0.002, Train_accy 83.36
2025-06-27 00:18:30,432 [icarl.py] => Task 5, Epoch 54/200 => Loss 2.333, Loss_clf 0.561, Loss_kd 1.770, Loss_kernel 0.002, Train_accy 82.51
2025-06-27 00:18:45,996 [icarl.py] => Task 5, Epoch 55/200 => Loss 2.230, Loss_clf 0.495, Loss_kd 1.733, Loss_kernel 0.002, Train_accy 85.12
2025-06-27 00:19:11,573 [icarl.py] => Task 5, Epoch 56/200 => Loss 2.307, Loss_clf 0.541, Loss_kd 1.764, Loss_kernel 0.002, Train_accy 83.30, Test_accy {'Art': 20.19, 'Clipart': 52.2, 'Real World': 41.94, 'Product': 59.91}
2025-06-27 00:19:27,513 [icarl.py] => Task 5, Epoch 57/200 => Loss 2.256, Loss_clf 0.505, Loss_kd 1.749, Loss_kernel 0.002, Train_accy 84.22
2025-06-27 00:19:43,916 [icarl.py] => Task 5, Epoch 58/200 => Loss 2.238, Loss_clf 0.505, Loss_kd 1.730, Loss_kernel 0.002, Train_accy 84.89
2025-06-27 00:19:58,438 [icarl.py] => Task 5, Epoch 59/200 => Loss 2.193, Loss_clf 0.463, Loss_kd 1.728, Loss_kernel 0.002, Train_accy 85.44
2025-06-27 00:20:15,196 [icarl.py] => Task 5, Epoch 60/200 => Loss 2.220, Loss_clf 0.488, Loss_kd 1.730, Loss_kernel 0.002, Train_accy 85.22
2025-06-27 00:20:41,060 [icarl.py] => Task 5, Epoch 61/200 => Loss 2.181, Loss_clf 0.451, Loss_kd 1.728, Loss_kernel 0.002, Train_accy 86.68, Test_accy {'Art': 25.96, 'Clipart': 52.2, 'Real World': 44.55, 'Product': 64.86}
2025-06-27 00:20:57,219 [icarl.py] => Task 5, Epoch 62/200 => Loss 2.171, Loss_clf 0.454, Loss_kd 1.715, Loss_kernel 0.002, Train_accy 86.85
2025-06-27 00:21:13,194 [icarl.py] => Task 5, Epoch 63/200 => Loss 2.201, Loss_clf 0.467, Loss_kd 1.732, Loss_kernel 0.002, Train_accy 85.80
2025-06-27 00:21:28,167 [icarl.py] => Task 5, Epoch 64/200 => Loss 2.222, Loss_clf 0.488, Loss_kd 1.731, Loss_kernel 0.002, Train_accy 85.71
2025-06-27 00:21:44,062 [icarl.py] => Task 5, Epoch 65/200 => Loss 2.144, Loss_clf 0.427, Loss_kd 1.714, Loss_kernel 0.002, Train_accy 87.05
2025-06-27 00:22:10,277 [icarl.py] => Task 5, Epoch 66/200 => Loss 2.182, Loss_clf 0.460, Loss_kd 1.720, Loss_kernel 0.002, Train_accy 86.23, Test_accy {'Art': 22.6, 'Clipart': 50.49, 'Real World': 38.86, 'Product': 59.46}
2025-06-27 00:22:26,511 [icarl.py] => Task 5, Epoch 67/200 => Loss 2.175, Loss_clf 0.460, Loss_kd 1.713, Loss_kernel 0.002, Train_accy 86.14
2025-06-27 00:22:42,216 [icarl.py] => Task 5, Epoch 68/200 => Loss 2.156, Loss_clf 0.445, Loss_kd 1.709, Loss_kernel 0.002, Train_accy 86.55
2025-06-27 00:22:58,110 [icarl.py] => Task 5, Epoch 69/200 => Loss 2.200, Loss_clf 0.462, Loss_kd 1.735, Loss_kernel 0.002, Train_accy 85.91
2025-06-27 00:23:13,069 [icarl.py] => Task 5, Epoch 70/200 => Loss 2.197, Loss_clf 0.465, Loss_kd 1.730, Loss_kernel 0.002, Train_accy 86.82
2025-06-27 00:23:39,569 [icarl.py] => Task 5, Epoch 71/200 => Loss 2.220, Loss_clf 0.486, Loss_kd 1.733, Loss_kernel 0.002, Train_accy 86.17, Test_accy {'Art': 18.75, 'Clipart': 49.76, 'Real World': 41.94, 'Product': 60.14}
2025-06-27 00:23:55,210 [icarl.py] => Task 5, Epoch 72/200 => Loss 2.181, Loss_clf 0.461, Loss_kd 1.718, Loss_kernel 0.002, Train_accy 85.71
2025-06-27 00:24:10,266 [icarl.py] => Task 5, Epoch 73/200 => Loss 2.120, Loss_clf 0.403, Loss_kd 1.716, Loss_kernel 0.002, Train_accy 87.90
2025-06-27 00:24:24,695 [icarl.py] => Task 5, Epoch 74/200 => Loss 2.110, Loss_clf 0.416, Loss_kd 1.691, Loss_kernel 0.002, Train_accy 87.27
2025-06-27 00:24:39,647 [icarl.py] => Task 5, Epoch 75/200 => Loss 2.050, Loss_clf 0.380, Loss_kd 1.668, Loss_kernel 0.002, Train_accy 88.34
2025-06-27 00:25:05,006 [icarl.py] => Task 5, Epoch 76/200 => Loss 2.083, Loss_clf 0.405, Loss_kd 1.675, Loss_kernel 0.002, Train_accy 88.02, Test_accy {'Art': 20.67, 'Clipart': 52.2, 'Real World': 40.52, 'Product': 65.32}
2025-06-27 00:25:21,420 [icarl.py] => Task 5, Epoch 77/200 => Loss 2.076, Loss_clf 0.403, Loss_kd 1.671, Loss_kernel 0.002, Train_accy 87.77
2025-06-27 00:25:39,135 [icarl.py] => Task 5, Epoch 78/200 => Loss 2.128, Loss_clf 0.423, Loss_kd 1.703, Loss_kernel 0.002, Train_accy 86.75
2025-06-27 00:25:53,639 [icarl.py] => Task 5, Epoch 79/200 => Loss 2.017, Loss_clf 0.359, Loss_kd 1.657, Loss_kernel 0.002, Train_accy 89.66
2025-06-27 00:26:09,156 [icarl.py] => Task 5, Epoch 80/200 => Loss 2.042, Loss_clf 0.373, Loss_kd 1.667, Loss_kernel 0.002, Train_accy 88.45
2025-06-27 00:26:36,033 [icarl.py] => Task 5, Epoch 81/200 => Loss 2.002, Loss_clf 0.334, Loss_kd 1.667, Loss_kernel 0.002, Train_accy 89.45, Test_accy {'Art': 18.75, 'Clipart': 51.22, 'Real World': 42.65, 'Product': 65.77}
2025-06-27 00:26:50,149 [icarl.py] => Task 5, Epoch 82/200 => Loss 2.026, Loss_clf 0.360, Loss_kd 1.665, Loss_kernel 0.002, Train_accy 89.11
2025-06-27 00:27:06,257 [icarl.py] => Task 5, Epoch 83/200 => Loss 2.063, Loss_clf 0.384, Loss_kd 1.677, Loss_kernel 0.002, Train_accy 88.56
2025-06-27 00:27:21,583 [icarl.py] => Task 5, Epoch 84/200 => Loss 2.018, Loss_clf 0.346, Loss_kd 1.670, Loss_kernel 0.002, Train_accy 90.01
2025-06-27 00:27:36,193 [icarl.py] => Task 5, Epoch 85/200 => Loss 1.975, Loss_clf 0.319, Loss_kd 1.655, Loss_kernel 0.002, Train_accy 89.95
2025-06-27 00:28:01,628 [icarl.py] => Task 5, Epoch 86/200 => Loss 2.019, Loss_clf 0.353, Loss_kd 1.664, Loss_kernel 0.002, Train_accy 89.44, Test_accy {'Art': 21.63, 'Clipart': 49.76, 'Real World': 44.55, 'Product': 66.44}
2025-06-27 00:28:16,181 [icarl.py] => Task 5, Epoch 87/200 => Loss 1.988, Loss_clf 0.332, Loss_kd 1.654, Loss_kernel 0.002, Train_accy 90.00
2025-06-27 00:28:30,955 [icarl.py] => Task 5, Epoch 88/200 => Loss 2.017, Loss_clf 0.352, Loss_kd 1.663, Loss_kernel 0.002, Train_accy 89.43
2025-06-27 00:28:45,745 [icarl.py] => Task 5, Epoch 89/200 => Loss 1.972, Loss_clf 0.316, Loss_kd 1.654, Loss_kernel 0.002, Train_accy 90.34
2025-06-27 00:29:00,206 [icarl.py] => Task 5, Epoch 90/200 => Loss 1.977, Loss_clf 0.333, Loss_kd 1.642, Loss_kernel 0.002, Train_accy 89.88
2025-06-27 00:29:25,798 [icarl.py] => Task 5, Epoch 91/200 => Loss 2.018, Loss_clf 0.342, Loss_kd 1.674, Loss_kernel 0.002, Train_accy 90.23, Test_accy {'Art': 19.23, 'Clipart': 51.46, 'Real World': 42.89, 'Product': 69.59}
2025-06-27 00:29:41,639 [icarl.py] => Task 5, Epoch 92/200 => Loss 1.997, Loss_clf 0.332, Loss_kd 1.663, Loss_kernel 0.002, Train_accy 90.17
2025-06-27 00:29:56,911 [icarl.py] => Task 5, Epoch 93/200 => Loss 1.976, Loss_clf 0.314, Loss_kd 1.661, Loss_kernel 0.002, Train_accy 90.69
2025-06-27 00:30:12,120 [icarl.py] => Task 5, Epoch 94/200 => Loss 1.983, Loss_clf 0.326, Loss_kd 1.656, Loss_kernel 0.002, Train_accy 90.11
2025-06-27 00:30:26,239 [icarl.py] => Task 5, Epoch 95/200 => Loss 1.992, Loss_clf 0.327, Loss_kd 1.662, Loss_kernel 0.002, Train_accy 90.56
2025-06-27 00:30:51,992 [icarl.py] => Task 5, Epoch 96/200 => Loss 1.970, Loss_clf 0.322, Loss_kd 1.647, Loss_kernel 0.002, Train_accy 90.56, Test_accy {'Art': 25.0, 'Clipart': 52.68, 'Real World': 44.08, 'Product': 69.82}
2025-06-27 00:31:05,932 [icarl.py] => Task 5, Epoch 97/200 => Loss 1.948, Loss_clf 0.304, Loss_kd 1.643, Loss_kernel 0.002, Train_accy 91.02
2025-06-27 00:31:21,286 [icarl.py] => Task 5, Epoch 98/200 => Loss 1.971, Loss_clf 0.325, Loss_kd 1.645, Loss_kernel 0.002, Train_accy 90.79
2025-06-27 00:31:37,595 [icarl.py] => Task 5, Epoch 99/200 => Loss 1.948, Loss_clf 0.303, Loss_kd 1.643, Loss_kernel 0.002, Train_accy 91.36
2025-06-27 00:31:53,998 [icarl.py] => Task 5, Epoch 100/200 => Loss 1.987, Loss_clf 0.334, Loss_kd 1.652, Loss_kernel 0.002, Train_accy 90.60
2025-06-27 00:32:18,989 [icarl.py] => Task 5, Epoch 101/200 => Loss 1.942, Loss_clf 0.300, Loss_kd 1.641, Loss_kernel 0.002, Train_accy 91.23, Test_accy {'Art': 25.96, 'Clipart': 48.78, 'Real World': 43.6, 'Product': 65.09}
2025-06-27 00:32:32,231 [icarl.py] => Task 5, Epoch 102/200 => Loss 1.932, Loss_clf 0.285, Loss_kd 1.646, Loss_kernel 0.002, Train_accy 91.45
2025-06-27 00:32:46,038 [icarl.py] => Task 5, Epoch 103/200 => Loss 1.885, Loss_clf 0.272, Loss_kd 1.612, Loss_kernel 0.002, Train_accy 92.59
2025-06-27 00:33:01,343 [icarl.py] => Task 5, Epoch 104/200 => Loss 1.946, Loss_clf 0.301, Loss_kd 1.643, Loss_kernel 0.002, Train_accy 91.52
2025-06-27 00:33:15,128 [icarl.py] => Task 5, Epoch 105/200 => Loss 1.872, Loss_clf 0.250, Loss_kd 1.621, Loss_kernel 0.001, Train_accy 92.68
2025-06-27 00:33:41,383 [icarl.py] => Task 5, Epoch 106/200 => Loss 1.928, Loss_clf 0.279, Loss_kd 1.648, Loss_kernel 0.001, Train_accy 91.50, Test_accy {'Art': 21.15, 'Clipart': 51.95, 'Real World': 44.31, 'Product': 67.57}
2025-06-27 00:33:55,786 [icarl.py] => Task 5, Epoch 107/200 => Loss 1.868, Loss_clf 0.253, Loss_kd 1.614, Loss_kernel 0.001, Train_accy 92.57
2025-06-27 00:34:10,133 [icarl.py] => Task 5, Epoch 108/200 => Loss 1.861, Loss_clf 0.245, Loss_kd 1.615, Loss_kernel 0.001, Train_accy 92.61
2025-06-27 00:34:23,116 [icarl.py] => Task 5, Epoch 109/200 => Loss 1.828, Loss_clf 0.235, Loss_kd 1.591, Loss_kernel 0.001, Train_accy 93.41
2025-06-27 00:34:37,380 [icarl.py] => Task 5, Epoch 110/200 => Loss 1.832, Loss_clf 0.233, Loss_kd 1.598, Loss_kernel 0.001, Train_accy 93.70
2025-06-27 00:35:01,809 [icarl.py] => Task 5, Epoch 111/200 => Loss 1.816, Loss_clf 0.219, Loss_kd 1.595, Loss_kernel 0.001, Train_accy 93.56, Test_accy {'Art': 25.0, 'Clipart': 54.15, 'Real World': 45.73, 'Product': 69.59}
2025-06-27 00:35:16,369 [icarl.py] => Task 5, Epoch 112/200 => Loss 1.860, Loss_clf 0.242, Loss_kd 1.617, Loss_kernel 0.001, Train_accy 93.07
2025-06-27 00:35:30,197 [icarl.py] => Task 5, Epoch 113/200 => Loss 1.818, Loss_clf 0.227, Loss_kd 1.590, Loss_kernel 0.001, Train_accy 93.42
2025-06-27 00:35:43,597 [icarl.py] => Task 5, Epoch 114/200 => Loss 1.801, Loss_clf 0.209, Loss_kd 1.590, Loss_kernel 0.001, Train_accy 94.15
2025-06-27 00:35:57,441 [icarl.py] => Task 5, Epoch 115/200 => Loss 1.816, Loss_clf 0.238, Loss_kd 1.577, Loss_kernel 0.001, Train_accy 92.71
2025-06-27 00:36:22,050 [icarl.py] => Task 5, Epoch 116/200 => Loss 1.821, Loss_clf 0.224, Loss_kd 1.595, Loss_kernel 0.001, Train_accy 93.99, Test_accy {'Art': 24.04, 'Clipart': 47.07, 'Real World': 42.65, 'Product': 68.92}
2025-06-27 00:36:38,125 [icarl.py] => Task 5, Epoch 117/200 => Loss 1.814, Loss_clf 0.228, Loss_kd 1.585, Loss_kernel 0.001, Train_accy 93.10
2025-06-27 00:36:53,585 [icarl.py] => Task 5, Epoch 118/200 => Loss 1.870, Loss_clf 0.252, Loss_kd 1.617, Loss_kernel 0.001, Train_accy 92.48
2025-06-27 00:37:08,095 [icarl.py] => Task 5, Epoch 119/200 => Loss 1.828, Loss_clf 0.213, Loss_kd 1.613, Loss_kernel 0.001, Train_accy 94.33
2025-06-27 00:37:22,662 [icarl.py] => Task 5, Epoch 120/200 => Loss 1.835, Loss_clf 0.226, Loss_kd 1.608, Loss_kernel 0.001, Train_accy 93.41
2025-06-27 00:37:46,491 [icarl.py] => Task 5, Epoch 121/200 => Loss 1.748, Loss_clf 0.176, Loss_kd 1.571, Loss_kernel 0.001, Train_accy 94.85, Test_accy {'Art': 22.12, 'Clipart': 53.17, 'Real World': 43.6, 'Product': 70.27}
2025-06-27 00:37:59,685 [icarl.py] => Task 5, Epoch 122/200 => Loss 1.806, Loss_clf 0.214, Loss_kd 1.591, Loss_kernel 0.001, Train_accy 93.51
2025-06-27 00:38:12,696 [icarl.py] => Task 5, Epoch 123/200 => Loss 1.775, Loss_clf 0.205, Loss_kd 1.569, Loss_kernel 0.001, Train_accy 94.63
2025-06-27 00:38:27,014 [icarl.py] => Task 5, Epoch 124/200 => Loss 1.801, Loss_clf 0.218, Loss_kd 1.582, Loss_kernel 0.001, Train_accy 93.83
2025-06-27 00:38:40,973 [icarl.py] => Task 5, Epoch 125/200 => Loss 1.745, Loss_clf 0.178, Loss_kd 1.565, Loss_kernel 0.001, Train_accy 95.10
2025-06-27 00:39:03,914 [icarl.py] => Task 5, Epoch 126/200 => Loss 1.760, Loss_clf 0.186, Loss_kd 1.573, Loss_kernel 0.001, Train_accy 94.71, Test_accy {'Art': 22.6, 'Clipart': 52.68, 'Real World': 45.97, 'Product': 69.82}
2025-06-27 00:39:17,292 [icarl.py] => Task 5, Epoch 127/200 => Loss 1.783, Loss_clf 0.188, Loss_kd 1.594, Loss_kernel 0.001, Train_accy 94.53
2025-06-27 00:39:31,231 [icarl.py] => Task 5, Epoch 128/200 => Loss 1.763, Loss_clf 0.192, Loss_kd 1.570, Loss_kernel 0.001, Train_accy 94.81
2025-06-27 00:39:44,973 [icarl.py] => Task 5, Epoch 129/200 => Loss 1.769, Loss_clf 0.188, Loss_kd 1.580, Loss_kernel 0.001, Train_accy 94.60
2025-06-27 00:39:59,739 [icarl.py] => Task 5, Epoch 130/200 => Loss 1.748, Loss_clf 0.175, Loss_kd 1.571, Loss_kernel 0.001, Train_accy 95.23
2025-06-27 00:40:24,018 [icarl.py] => Task 5, Epoch 131/200 => Loss 1.769, Loss_clf 0.191, Loss_kd 1.576, Loss_kernel 0.001, Train_accy 93.89, Test_accy {'Art': 22.12, 'Clipart': 52.44, 'Real World': 44.08, 'Product': 73.65}
2025-06-27 00:40:38,253 [icarl.py] => Task 5, Epoch 132/200 => Loss 1.746, Loss_clf 0.178, Loss_kd 1.566, Loss_kernel 0.001, Train_accy 95.05
2025-06-27 00:40:51,667 [icarl.py] => Task 5, Epoch 133/200 => Loss 1.724, Loss_clf 0.165, Loss_kd 1.558, Loss_kernel 0.001, Train_accy 95.50
2025-06-27 00:41:04,392 [icarl.py] => Task 5, Epoch 134/200 => Loss 1.730, Loss_clf 0.168, Loss_kd 1.560, Loss_kernel 0.001, Train_accy 94.89
2025-06-27 00:41:19,054 [icarl.py] => Task 5, Epoch 135/200 => Loss 1.738, Loss_clf 0.175, Loss_kd 1.562, Loss_kernel 0.001, Train_accy 95.18
2025-06-27 00:41:43,651 [icarl.py] => Task 5, Epoch 136/200 => Loss 1.731, Loss_clf 0.163, Loss_kd 1.567, Loss_kernel 0.001, Train_accy 95.80, Test_accy {'Art': 23.08, 'Clipart': 51.22, 'Real World': 45.02, 'Product': 73.65}
2025-06-27 00:41:59,032 [icarl.py] => Task 5, Epoch 137/200 => Loss 1.718, Loss_clf 0.166, Loss_kd 1.551, Loss_kernel 0.001, Train_accy 95.46
2025-06-27 00:42:11,108 [icarl.py] => Task 5, Epoch 138/200 => Loss 1.703, Loss_clf 0.142, Loss_kd 1.559, Loss_kernel 0.001, Train_accy 95.56
2025-06-27 00:42:25,405 [icarl.py] => Task 5, Epoch 139/200 => Loss 1.725, Loss_clf 0.155, Loss_kd 1.569, Loss_kernel 0.001, Train_accy 95.32
2025-06-27 00:42:39,388 [icarl.py] => Task 5, Epoch 140/200 => Loss 1.727, Loss_clf 0.164, Loss_kd 1.562, Loss_kernel 0.001, Train_accy 95.36
2025-06-27 00:43:06,113 [icarl.py] => Task 5, Epoch 141/200 => Loss 1.699, Loss_clf 0.159, Loss_kd 1.539, Loss_kernel 0.001, Train_accy 95.36, Test_accy {'Art': 24.52, 'Clipart': 52.2, 'Real World': 46.45, 'Product': 73.42}
2025-06-27 00:43:20,952 [icarl.py] => Task 5, Epoch 142/200 => Loss 1.692, Loss_clf 0.142, Loss_kd 1.549, Loss_kernel 0.001, Train_accy 96.00
2025-06-27 00:43:33,604 [icarl.py] => Task 5, Epoch 143/200 => Loss 1.703, Loss_clf 0.136, Loss_kd 1.566, Loss_kernel 0.001, Train_accy 96.70
2025-06-27 00:43:46,918 [icarl.py] => Task 5, Epoch 144/200 => Loss 1.711, Loss_clf 0.150, Loss_kd 1.560, Loss_kernel 0.001, Train_accy 96.07
2025-06-27 00:44:02,801 [icarl.py] => Task 5, Epoch 145/200 => Loss 1.684, Loss_clf 0.150, Loss_kd 1.532, Loss_kernel 0.001, Train_accy 95.56
2025-06-27 00:44:25,687 [icarl.py] => Task 5, Epoch 146/200 => Loss 1.663, Loss_clf 0.128, Loss_kd 1.534, Loss_kernel 0.001, Train_accy 96.52, Test_accy {'Art': 23.56, 'Clipart': 51.46, 'Real World': 45.73, 'Product': 72.07}
2025-06-27 00:44:39,193 [icarl.py] => Task 5, Epoch 147/200 => Loss 1.735, Loss_clf 0.179, Loss_kd 1.555, Loss_kernel 0.001, Train_accy 95.26
2025-06-27 00:44:53,013 [icarl.py] => Task 5, Epoch 148/200 => Loss 1.674, Loss_clf 0.135, Loss_kd 1.538, Loss_kernel 0.001, Train_accy 96.53
2025-06-27 00:45:07,974 [icarl.py] => Task 5, Epoch 149/200 => Loss 1.700, Loss_clf 0.141, Loss_kd 1.558, Loss_kernel 0.001, Train_accy 96.10
2025-06-27 00:45:20,375 [icarl.py] => Task 5, Epoch 150/200 => Loss 1.682, Loss_clf 0.137, Loss_kd 1.543, Loss_kernel 0.001, Train_accy 96.34
2025-06-27 00:45:44,057 [icarl.py] => Task 5, Epoch 151/200 => Loss 1.717, Loss_clf 0.162, Loss_kd 1.554, Loss_kernel 0.001, Train_accy 95.40, Test_accy {'Art': 23.08, 'Clipart': 54.15, 'Real World': 44.79, 'Product': 69.14}
2025-06-27 00:45:57,550 [icarl.py] => Task 5, Epoch 152/200 => Loss 1.672, Loss_clf 0.134, Loss_kd 1.537, Loss_kernel 0.001, Train_accy 96.53
2025-06-27 00:46:10,888 [icarl.py] => Task 5, Epoch 153/200 => Loss 1.643, Loss_clf 0.126, Loss_kd 1.516, Loss_kernel 0.001, Train_accy 96.49
2025-06-27 00:46:24,875 [icarl.py] => Task 5, Epoch 154/200 => Loss 1.685, Loss_clf 0.140, Loss_kd 1.544, Loss_kernel 0.001, Train_accy 96.36
2025-06-27 00:46:38,345 [icarl.py] => Task 5, Epoch 155/200 => Loss 1.657, Loss_clf 0.131, Loss_kd 1.526, Loss_kernel 0.001, Train_accy 96.13
2025-06-27 00:47:02,030 [icarl.py] => Task 5, Epoch 156/200 => Loss 1.708, Loss_clf 0.142, Loss_kd 1.566, Loss_kernel 0.001, Train_accy 96.17, Test_accy {'Art': 25.0, 'Clipart': 52.93, 'Real World': 45.26, 'Product': 71.85}
2025-06-27 00:47:16,009 [icarl.py] => Task 5, Epoch 157/200 => Loss 1.655, Loss_clf 0.135, Loss_kd 1.518, Loss_kernel 0.001, Train_accy 96.17
2025-06-27 00:47:29,204 [icarl.py] => Task 5, Epoch 158/200 => Loss 1.614, Loss_clf 0.100, Loss_kd 1.513, Loss_kernel 0.001, Train_accy 97.35
2025-06-27 00:47:42,198 [icarl.py] => Task 5, Epoch 159/200 => Loss 1.623, Loss_clf 0.107, Loss_kd 1.516, Loss_kernel 0.001, Train_accy 97.35
2025-06-27 00:47:53,768 [icarl.py] => Task 5, Epoch 160/200 => Loss 1.634, Loss_clf 0.112, Loss_kd 1.520, Loss_kernel 0.001, Train_accy 97.20
2025-06-27 00:48:16,543 [icarl.py] => Task 5, Epoch 161/200 => Loss 1.674, Loss_clf 0.132, Loss_kd 1.541, Loss_kernel 0.001, Train_accy 96.40, Test_accy {'Art': 24.04, 'Clipart': 52.93, 'Real World': 46.68, 'Product': 73.2}
2025-06-27 00:48:30,493 [icarl.py] => Task 5, Epoch 162/200 => Loss 1.642, Loss_clf 0.124, Loss_kd 1.517, Loss_kernel 0.001, Train_accy 96.86
2025-06-27 00:48:43,071 [icarl.py] => Task 5, Epoch 163/200 => Loss 1.660, Loss_clf 0.125, Loss_kd 1.535, Loss_kernel 0.001, Train_accy 96.48
2025-06-27 00:48:55,964 [icarl.py] => Task 5, Epoch 164/200 => Loss 1.620, Loss_clf 0.103, Loss_kd 1.516, Loss_kernel 0.001, Train_accy 97.12
2025-06-27 00:49:09,581 [icarl.py] => Task 5, Epoch 165/200 => Loss 1.638, Loss_clf 0.114, Loss_kd 1.523, Loss_kernel 0.001, Train_accy 96.71
2025-06-27 00:49:33,022 [icarl.py] => Task 5, Epoch 166/200 => Loss 1.645, Loss_clf 0.117, Loss_kd 1.527, Loss_kernel 0.001, Train_accy 96.94, Test_accy {'Art': 25.0, 'Clipart': 52.68, 'Real World': 45.73, 'Product': 72.07}
2025-06-27 00:49:46,704 [icarl.py] => Task 5, Epoch 167/200 => Loss 1.680, Loss_clf 0.137, Loss_kd 1.542, Loss_kernel 0.001, Train_accy 96.27
2025-06-27 00:50:00,220 [icarl.py] => Task 5, Epoch 168/200 => Loss 1.654, Loss_clf 0.113, Loss_kd 1.540, Loss_kernel 0.001, Train_accy 97.27
2025-06-27 00:50:12,732 [icarl.py] => Task 5, Epoch 169/200 => Loss 1.633, Loss_clf 0.120, Loss_kd 1.512, Loss_kernel 0.001, Train_accy 96.76
2025-06-27 00:50:25,650 [icarl.py] => Task 5, Epoch 170/200 => Loss 1.644, Loss_clf 0.124, Loss_kd 1.519, Loss_kernel 0.001, Train_accy 96.39
2025-06-27 00:50:47,533 [icarl.py] => Task 5, Epoch 171/200 => Loss 1.640, Loss_clf 0.121, Loss_kd 1.519, Loss_kernel 0.001, Train_accy 96.61, Test_accy {'Art': 24.04, 'Clipart': 53.41, 'Real World': 46.68, 'Product': 70.95}
2025-06-27 00:51:01,867 [icarl.py] => Task 5, Epoch 172/200 => Loss 1.672, Loss_clf 0.130, Loss_kd 1.541, Loss_kernel 0.001, Train_accy 96.32
2025-06-27 00:51:14,376 [icarl.py] => Task 5, Epoch 173/200 => Loss 1.640, Loss_clf 0.117, Loss_kd 1.523, Loss_kernel 0.001, Train_accy 97.02
2025-06-27 00:51:26,590 [icarl.py] => Task 5, Epoch 174/200 => Loss 1.632, Loss_clf 0.101, Loss_kd 1.530, Loss_kernel 0.001, Train_accy 97.30
2025-06-27 00:51:37,683 [icarl.py] => Task 5, Epoch 175/200 => Loss 1.618, Loss_clf 0.110, Loss_kd 1.507, Loss_kernel 0.001, Train_accy 97.38
2025-06-27 00:52:01,518 [icarl.py] => Task 5, Epoch 176/200 => Loss 1.661, Loss_clf 0.113, Loss_kd 1.547, Loss_kernel 0.001, Train_accy 97.12, Test_accy {'Art': 24.04, 'Clipart': 53.17, 'Real World': 45.73, 'Product': 70.72}
2025-06-27 00:52:13,529 [icarl.py] => Task 5, Epoch 177/200 => Loss 1.669, Loss_clf 0.117, Loss_kd 1.550, Loss_kernel 0.001, Train_accy 96.97
2025-06-27 00:52:25,485 [icarl.py] => Task 5, Epoch 178/200 => Loss 1.620, Loss_clf 0.098, Loss_kd 1.521, Loss_kernel 0.001, Train_accy 97.16
2025-06-27 00:52:37,228 [icarl.py] => Task 5, Epoch 179/200 => Loss 1.608, Loss_clf 0.093, Loss_kd 1.514, Loss_kernel 0.001, Train_accy 97.79
2025-06-27 00:52:51,128 [icarl.py] => Task 5, Epoch 180/200 => Loss 1.647, Loss_clf 0.121, Loss_kd 1.525, Loss_kernel 0.001, Train_accy 96.58
2025-06-27 00:53:13,020 [icarl.py] => Task 5, Epoch 181/200 => Loss 1.635, Loss_clf 0.106, Loss_kd 1.529, Loss_kernel 0.001, Train_accy 96.87, Test_accy {'Art': 24.04, 'Clipart': 54.15, 'Real World': 45.5, 'Product': 70.95}
2025-06-27 00:53:24,337 [icarl.py] => Task 5, Epoch 182/200 => Loss 1.610, Loss_clf 0.104, Loss_kd 1.505, Loss_kernel 0.001, Train_accy 97.39
2025-06-27 00:53:36,457 [icarl.py] => Task 5, Epoch 183/200 => Loss 1.637, Loss_clf 0.114, Loss_kd 1.522, Loss_kernel 0.001, Train_accy 97.02
2025-06-27 00:53:47,851 [icarl.py] => Task 5, Epoch 184/200 => Loss 1.614, Loss_clf 0.093, Loss_kd 1.520, Loss_kernel 0.001, Train_accy 97.61
2025-06-27 00:53:58,773 [icarl.py] => Task 5, Epoch 185/200 => Loss 1.613, Loss_clf 0.090, Loss_kd 1.522, Loss_kernel 0.001, Train_accy 97.93
2025-06-27 00:54:21,262 [icarl.py] => Task 5, Epoch 186/200 => Loss 1.634, Loss_clf 0.109, Loss_kd 1.524, Loss_kernel 0.001, Train_accy 97.29, Test_accy {'Art': 25.48, 'Clipart': 54.39, 'Real World': 45.26, 'Product': 70.95}
2025-06-27 00:54:32,710 [icarl.py] => Task 5, Epoch 187/200 => Loss 1.575, Loss_clf 0.087, Loss_kd 1.488, Loss_kernel 0.001, Train_accy 98.16
2025-06-27 00:54:44,163 [icarl.py] => Task 5, Epoch 188/200 => Loss 1.628, Loss_clf 0.109, Loss_kd 1.518, Loss_kernel 0.001, Train_accy 97.30
2025-06-27 00:54:54,302 [icarl.py] => Task 5, Epoch 189/200 => Loss 1.595, Loss_clf 0.092, Loss_kd 1.502, Loss_kernel 0.001, Train_accy 98.06
2025-06-27 00:55:06,916 [icarl.py] => Task 5, Epoch 190/200 => Loss 1.607, Loss_clf 0.101, Loss_kd 1.505, Loss_kernel 0.001, Train_accy 97.30
2025-06-27 00:55:29,674 [icarl.py] => Task 5, Epoch 191/200 => Loss 1.616, Loss_clf 0.101, Loss_kd 1.514, Loss_kernel 0.001, Train_accy 97.61, Test_accy {'Art': 25.48, 'Clipart': 54.15, 'Real World': 44.79, 'Product': 71.4}
2025-06-27 00:55:41,547 [icarl.py] => Task 5, Epoch 192/200 => Loss 1.611, Loss_clf 0.093, Loss_kd 1.517, Loss_kernel 0.001, Train_accy 97.61
2025-06-27 00:55:52,736 [icarl.py] => Task 5, Epoch 193/200 => Loss 1.601, Loss_clf 0.092, Loss_kd 1.508, Loss_kernel 0.001, Train_accy 97.89
2025-06-27 00:56:04,795 [icarl.py] => Task 5, Epoch 194/200 => Loss 1.655, Loss_clf 0.116, Loss_kd 1.538, Loss_kernel 0.001, Train_accy 97.39
2025-06-27 00:56:17,329 [icarl.py] => Task 5, Epoch 195/200 => Loss 1.617, Loss_clf 0.101, Loss_kd 1.515, Loss_kernel 0.001, Train_accy 97.44
2025-06-27 00:56:37,658 [icarl.py] => Task 5, Epoch 196/200 => Loss 1.586, Loss_clf 0.090, Loss_kd 1.494, Loss_kernel 0.001, Train_accy 98.06, Test_accy {'Art': 25.0, 'Clipart': 54.15, 'Real World': 44.79, 'Product': 70.95}
2025-06-27 00:56:49,868 [icarl.py] => Task 5, Epoch 197/200 => Loss 1.621, Loss_clf 0.102, Loss_kd 1.518, Loss_kernel 0.001, Train_accy 97.39
2025-06-27 00:57:01,564 [icarl.py] => Task 5, Epoch 198/200 => Loss 1.610, Loss_clf 0.097, Loss_kd 1.512, Loss_kernel 0.001, Train_accy 97.42
2025-06-27 00:57:12,361 [icarl.py] => Task 5, Epoch 199/200 => Loss 1.637, Loss_clf 0.102, Loss_kd 1.534, Loss_kernel 0.001, Train_accy 97.28
2025-06-27 00:57:24,238 [icarl.py] => Task 5, Epoch 200/200 => Loss 1.602, Loss_clf 0.096, Loss_kd 1.505, Loss_kernel 0.001, Train_accy 97.33
2025-06-27 00:57:24,239 [base.py] => Reducing exemplars...(43 per classes)
2025-06-27 00:57:43,718 [base.py] => Constructing exemplars...(43 per classes)
2025-06-27 00:58:15,148 [icarl.py] => Exemplar size: 1290
2025-06-27 00:58:16,275 [trainer.py] => CNN [Art]: {'total': 25.48, '00-04': 63.16, '05-09': 23.53, '10-14': 18.92, '15-19': 29.63, '20-24': 5.26, '25-29': 11.76, 'old': 28.16, 'new': 11.76}
2025-06-27 00:58:16,276 [trainer.py] => NME [Art]: {'total': 25.96, '00-04': 55.26, '05-09': 20.59, '10-14': 21.62, '15-19': 29.63, '20-24': 13.16, '25-29': 14.71, 'old': 28.16, 'new': 14.71}
2025-06-27 00:58:16,276 [trainer.py] => CNN [Art] top1 curve: [57.89, 43.06, 35.78, 35.29, 29.89, 25.48]
2025-06-27 00:58:16,276 [trainer.py] => CNN [Art] top5 curve: [97.37, 81.94, 66.06, 59.56, 48.85, 40.87]
2025-06-27 00:58:16,276 [trainer.py] => NME [Art] top1 curve: [63.16, 54.17, 40.37, 39.71, 29.31, 25.96]
2025-06-27 00:58:16,276 [trainer.py] => NME [Art] top5 curve: [100.0, 87.5, 80.73, 68.38, 55.75, 48.56]
2025-06-27 00:58:16,276 [trainer.py] => Average Accuracy [Art] (CNN): 37.89833333333333
2025-06-27 00:58:16,276 [trainer.py] => Average Accuracy [Art] (NME): 42.11333333333334
2025-06-27 00:58:16,276 [trainer.py] => CNN [Clipart]: {'total': 53.41, '00-04': 66.67, '05-09': 53.23, '10-14': 53.03, '15-19': 54.72, '20-24': 42.7, '25-29': 51.61, 'old': 53.74, 'new': 51.61}
2025-06-27 00:58:16,277 [trainer.py] => NME [Clipart]: {'total': 54.39, '00-04': 62.82, '05-09': 54.84, '10-14': 56.06, '15-19': 58.49, '20-24': 44.94, '25-29': 51.61, 'old': 54.89, 'new': 51.61}
2025-06-27 00:58:16,277 [trainer.py] => CNN [Clipart] top1 curve: [75.64, 67.86, 65.05, 66.8, 57.47, 53.41]
2025-06-27 00:58:16,277 [trainer.py] => CNN [Clipart] top5 curve: [98.72, 94.29, 87.86, 85.71, 82.76, 75.61]
2025-06-27 00:58:16,277 [trainer.py] => NME [Clipart] top1 curve: [71.79, 70.71, 66.5, 65.64, 59.2, 54.39]
2025-06-27 00:58:16,277 [trainer.py] => NME [Clipart] top5 curve: [100.0, 94.29, 85.92, 87.26, 82.18, 79.51]
2025-06-27 00:58:16,277 [trainer.py] => Average Accuracy [Clipart] (CNN): 64.37166666666667
2025-06-27 00:58:16,277 [trainer.py] => Average Accuracy [Clipart] (NME): 64.705
2025-06-27 00:58:16,277 [trainer.py] => CNN [Product]: {'total': 71.17, '00-04': 83.53, '05-09': 72.5, '10-14': 77.42, '15-19': 62.34, '20-24': 50.82, '25-29': 75.95, 'old': 70.14, 'new': 75.95}
2025-06-27 00:58:16,278 [trainer.py] => NME [Product]: {'total': 76.13, '00-04': 80.0, '05-09': 76.25, '10-14': 87.1, '15-19': 74.03, '20-24': 59.02, '25-29': 78.48, 'old': 75.62, 'new': 78.48}
2025-06-27 00:58:16,278 [trainer.py] => CNN [Product] top1 curve: [85.88, 86.06, 87.67, 81.91, 75.89, 71.17]
2025-06-27 00:58:16,278 [trainer.py] => CNN [Product] top5 curve: [100.0, 99.39, 98.24, 97.7, 92.05, 91.44]
2025-06-27 00:58:16,278 [trainer.py] => NME [Product] top1 curve: [90.59, 87.88, 92.51, 84.87, 78.36, 76.13]
2025-06-27 00:58:16,278 [trainer.py] => NME [Product] top5 curve: [100.0, 99.39, 99.12, 98.68, 95.07, 93.02]
2025-06-27 00:58:16,278 [trainer.py] => Average Accuracy [Product] (CNN): 81.42999999999999
2025-06-27 00:58:16,278 [trainer.py] => Average Accuracy [Product] (NME): 85.05666666666667
2025-06-27 00:58:16,278 [trainer.py] => CNN [Real World]: {'total': 45.97, '00-04': 69.86, '05-09': 50.0, '10-14': 31.94, '15-19': 38.81, '20-24': 20.0, '25-29': 61.04, 'old': 42.61, 'new': 61.04}
2025-06-27 00:58:16,279 [trainer.py] => NME [Real World]: {'total': 50.0, '00-04': 60.27, '05-09': 61.76, '10-14': 37.5, '15-19': 47.76, '20-24': 27.69, '25-29': 62.34, 'old': 47.25, 'new': 62.34}
2025-06-27 00:58:16,279 [trainer.py] => CNN [Real World] top1 curve: [71.23, 64.54, 58.22, 52.86, 48.7, 45.97]
2025-06-27 00:58:16,279 [trainer.py] => CNN [Real World] top5 curve: [100.0, 92.2, 84.98, 76.07, 73.04, 72.99]
2025-06-27 00:58:16,279 [trainer.py] => NME [Real World] top1 curve: [79.45, 70.21, 60.56, 56.43, 49.86, 50.0]
2025-06-27 00:58:16,279 [trainer.py] => NME [Real World] top5 curve: [100.0, 96.45, 85.92, 82.5, 79.71, 79.62]
2025-06-27 00:58:16,279 [trainer.py] => Average Accuracy [Real World] (CNN): 56.919999999999995
2025-06-27 00:58:16,279 [trainer.py] => Average Accuracy [Real World] (NME): 61.085
2025-06-27 00:58:16,279 [trainer.py] => NME Harmonic Mean : 36.2717
2025-06-27 00:58:16,279 [trainer.py] => NME Macro Mean : 51.6200
2025-06-27 00:58:16,279 [trainer.py] => CNN Harmonic Mean : 35.1886
2025-06-27 00:58:16,280 [trainer.py] => CNN Macro Mean : 49.0075
2025-06-27 00:58:16,280 [trainer.py] => All params: 21305192
2025-06-27 00:58:16,281 [trainer.py] => Trainable params: 21305192
2025-06-27 00:58:16,283 [icarl.py] => Learning on 30-35
2025-06-27 00:58:44,866 [icarl.py] => Task 6, Epoch 1/200 => Loss 5.233, Loss_clf 2.694, Loss_kd 2.535, Loss_kernel 0.004, Train_accy 33.99, Test_accy {'Art': 9.13, 'Clipart': 12.45, 'Real World': 11.27, 'Product': 11.94}
2025-06-27 00:59:00,831 [icarl.py] => Task 6, Epoch 2/200 => Loss 5.603, Loss_clf 2.714, Loss_kd 2.884, Loss_kernel 0.005, Train_accy 25.99
2025-06-27 00:59:18,366 [icarl.py] => Task 6, Epoch 3/200 => Loss 4.870, Loss_clf 2.228, Loss_kd 2.638, Loss_kernel 0.004, Train_accy 36.10
2025-06-27 00:59:35,060 [icarl.py] => Task 6, Epoch 4/200 => Loss 4.437, Loss_clf 1.968, Loss_kd 2.466, Loss_kernel 0.003, Train_accy 41.86
2025-06-27 00:59:50,208 [icarl.py] => Task 6, Epoch 5/200 => Loss 4.172, Loss_clf 1.778, Loss_kd 2.392, Loss_kernel 0.003, Train_accy 47.99
2025-06-27 01:00:18,794 [icarl.py] => Task 6, Epoch 6/200 => Loss 4.114, Loss_clf 1.748, Loss_kd 2.363, Loss_kernel 0.003, Train_accy 47.97, Test_accy {'Art': 19.39, 'Clipart': 31.01, 'Real World': 34.81, 'Product': 45.01}
2025-06-27 01:00:35,932 [icarl.py] => Task 6, Epoch 7/200 => Loss 3.919, Loss_clf 1.616, Loss_kd 2.299, Loss_kernel 0.003, Train_accy 51.74
2025-06-27 01:00:51,870 [icarl.py] => Task 6, Epoch 8/200 => Loss 3.778, Loss_clf 1.522, Loss_kd 2.254, Loss_kernel 0.003, Train_accy 54.72
2025-06-27 01:01:08,942 [icarl.py] => Task 6, Epoch 9/200 => Loss 3.706, Loss_clf 1.470, Loss_kd 2.233, Loss_kernel 0.003, Train_accy 56.72
2025-06-27 01:01:25,375 [icarl.py] => Task 6, Epoch 10/200 => Loss 3.582, Loss_clf 1.391, Loss_kd 2.188, Loss_kernel 0.003, Train_accy 58.86
2025-06-27 01:01:54,820 [icarl.py] => Task 6, Epoch 11/200 => Loss 3.581, Loss_clf 1.386, Loss_kd 2.192, Loss_kernel 0.003, Train_accy 58.77, Test_accy {'Art': 20.53, 'Clipart': 40.93, 'Real World': 36.82, 'Product': 51.66}
2025-06-27 01:02:10,827 [icarl.py] => Task 6, Epoch 12/200 => Loss 3.365, Loss_clf 1.223, Loss_kd 2.139, Loss_kernel 0.003, Train_accy 61.96
2025-06-27 01:02:26,468 [icarl.py] => Task 6, Epoch 13/200 => Loss 3.379, Loss_clf 1.248, Loss_kd 2.128, Loss_kernel 0.003, Train_accy 63.32
2025-06-27 01:02:42,502 [icarl.py] => Task 6, Epoch 14/200 => Loss 3.121, Loss_clf 1.088, Loss_kd 2.030, Loss_kernel 0.003, Train_accy 67.14
2025-06-27 01:02:57,808 [icarl.py] => Task 6, Epoch 15/200 => Loss 3.126, Loss_clf 1.064, Loss_kd 2.058, Loss_kernel 0.003, Train_accy 68.78
2025-06-27 01:03:25,645 [icarl.py] => Task 6, Epoch 16/200 => Loss 3.144, Loss_clf 1.091, Loss_kd 2.050, Loss_kernel 0.003, Train_accy 66.62, Test_accy {'Art': 19.39, 'Clipart': 41.35, 'Real World': 37.63, 'Product': 54.01}
2025-06-27 01:03:40,809 [icarl.py] => Task 6, Epoch 17/200 => Loss 3.074, Loss_clf 1.043, Loss_kd 2.027, Loss_kernel 0.003, Train_accy 68.66
2025-06-27 01:03:57,522 [icarl.py] => Task 6, Epoch 18/200 => Loss 3.063, Loss_clf 1.018, Loss_kd 2.042, Loss_kernel 0.003, Train_accy 69.32
2025-06-27 01:04:13,152 [icarl.py] => Task 6, Epoch 19/200 => Loss 2.892, Loss_clf 0.908, Loss_kd 1.981, Loss_kernel 0.003, Train_accy 72.53
2025-06-27 01:04:29,176 [icarl.py] => Task 6, Epoch 20/200 => Loss 2.901, Loss_clf 0.911, Loss_kd 1.987, Loss_kernel 0.003, Train_accy 73.19
2025-06-27 01:04:57,897 [icarl.py] => Task 6, Epoch 21/200 => Loss 2.879, Loss_clf 0.898, Loss_kd 1.979, Loss_kernel 0.003, Train_accy 72.46, Test_accy {'Art': 21.67, 'Clipart': 39.24, 'Real World': 37.42, 'Product': 55.58}
2025-06-27 01:05:14,769 [icarl.py] => Task 6, Epoch 22/200 => Loss 2.840, Loss_clf 0.873, Loss_kd 1.964, Loss_kernel 0.003, Train_accy 73.35
2025-06-27 01:05:31,255 [icarl.py] => Task 6, Epoch 23/200 => Loss 2.815, Loss_clf 0.849, Loss_kd 1.963, Loss_kernel 0.003, Train_accy 74.75
2025-06-27 01:05:47,759 [icarl.py] => Task 6, Epoch 24/200 => Loss 2.797, Loss_clf 0.835, Loss_kd 1.959, Loss_kernel 0.003, Train_accy 74.54
2025-06-27 01:06:03,281 [icarl.py] => Task 6, Epoch 25/200 => Loss 2.819, Loss_clf 0.857, Loss_kd 1.959, Loss_kernel 0.003, Train_accy 74.50
2025-06-27 01:06:30,265 [icarl.py] => Task 6, Epoch 26/200 => Loss 2.773, Loss_clf 0.818, Loss_kd 1.952, Loss_kernel 0.003, Train_accy 75.21, Test_accy {'Art': 25.1, 'Clipart': 40.93, 'Real World': 35.21, 'Product': 53.42}
2025-06-27 01:06:46,263 [icarl.py] => Task 6, Epoch 27/200 => Loss 2.656, Loss_clf 0.756, Loss_kd 1.898, Loss_kernel 0.003, Train_accy 78.71
2025-06-27 01:07:02,539 [icarl.py] => Task 6, Epoch 28/200 => Loss 2.728, Loss_clf 0.790, Loss_kd 1.936, Loss_kernel 0.003, Train_accy 77.10
2025-06-27 01:07:18,368 [icarl.py] => Task 6, Epoch 29/200 => Loss 2.641, Loss_clf 0.725, Loss_kd 1.913, Loss_kernel 0.003, Train_accy 77.66
2025-06-27 01:07:35,060 [icarl.py] => Task 6, Epoch 30/200 => Loss 2.717, Loss_clf 0.768, Loss_kd 1.946, Loss_kernel 0.003, Train_accy 76.66
2025-06-27 01:08:02,275 [icarl.py] => Task 6, Epoch 31/200 => Loss 2.610, Loss_clf 0.705, Loss_kd 1.903, Loss_kernel 0.003, Train_accy 78.02, Test_accy {'Art': 21.29, 'Clipart': 43.88, 'Real World': 40.24, 'Product': 60.86}
2025-06-27 01:08:17,246 [icarl.py] => Task 6, Epoch 32/200 => Loss 2.644, Loss_clf 0.740, Loss_kd 1.901, Loss_kernel 0.003, Train_accy 77.85
2025-06-27 01:08:32,491 [icarl.py] => Task 6, Epoch 33/200 => Loss 2.595, Loss_clf 0.681, Loss_kd 1.912, Loss_kernel 0.003, Train_accy 78.88
2025-06-27 01:08:47,749 [icarl.py] => Task 6, Epoch 34/200 => Loss 2.584, Loss_clf 0.692, Loss_kd 1.890, Loss_kernel 0.003, Train_accy 79.47
2025-06-27 01:09:03,159 [icarl.py] => Task 6, Epoch 35/200 => Loss 2.487, Loss_clf 0.622, Loss_kd 1.862, Loss_kernel 0.003, Train_accy 81.90
2025-06-27 01:09:32,344 [icarl.py] => Task 6, Epoch 36/200 => Loss 2.512, Loss_clf 0.644, Loss_kd 1.866, Loss_kernel 0.002, Train_accy 80.84, Test_accy {'Art': 16.73, 'Clipart': 37.34, 'Real World': 32.19, 'Product': 46.97}
2025-06-27 01:09:47,358 [icarl.py] => Task 6, Epoch 37/200 => Loss 2.465, Loss_clf 0.618, Loss_kd 1.844, Loss_kernel 0.003, Train_accy 82.12
2025-06-27 01:10:03,023 [icarl.py] => Task 6, Epoch 38/200 => Loss 2.448, Loss_clf 0.604, Loss_kd 1.841, Loss_kernel 0.003, Train_accy 82.23
2025-06-27 01:10:19,620 [icarl.py] => Task 6, Epoch 39/200 => Loss 2.496, Loss_clf 0.631, Loss_kd 1.862, Loss_kernel 0.003, Train_accy 80.05
2025-06-27 01:10:34,327 [icarl.py] => Task 6, Epoch 40/200 => Loss 2.479, Loss_clf 0.608, Loss_kd 1.868, Loss_kernel 0.003, Train_accy 81.93
2025-06-27 01:11:02,746 [icarl.py] => Task 6, Epoch 41/200 => Loss 2.458, Loss_clf 0.597, Loss_kd 1.858, Loss_kernel 0.002, Train_accy 81.25, Test_accy {'Art': 19.77, 'Clipart': 45.15, 'Real World': 39.03, 'Product': 60.86}
2025-06-27 01:11:18,240 [icarl.py] => Task 6, Epoch 42/200 => Loss 2.433, Loss_clf 0.590, Loss_kd 1.841, Loss_kernel 0.002, Train_accy 82.79
2025-06-27 01:11:33,722 [icarl.py] => Task 6, Epoch 43/200 => Loss 2.442, Loss_clf 0.579, Loss_kd 1.861, Loss_kernel 0.002, Train_accy 81.75
2025-06-27 01:11:49,863 [icarl.py] => Task 6, Epoch 44/200 => Loss 2.504, Loss_clf 0.633, Loss_kd 1.869, Loss_kernel 0.002, Train_accy 81.15
2025-06-27 01:12:06,249 [icarl.py] => Task 6, Epoch 45/200 => Loss 2.449, Loss_clf 0.590, Loss_kd 1.857, Loss_kernel 0.002, Train_accy 82.59
2025-06-27 01:12:33,415 [icarl.py] => Task 6, Epoch 46/200 => Loss 2.383, Loss_clf 0.549, Loss_kd 1.831, Loss_kernel 0.002, Train_accy 83.29, Test_accy {'Art': 20.53, 'Clipart': 51.05, 'Real World': 39.84, 'Product': 64.19}
2025-06-27 01:12:47,990 [icarl.py] => Task 6, Epoch 47/200 => Loss 2.422, Loss_clf 0.583, Loss_kd 1.837, Loss_kernel 0.002, Train_accy 82.47
2025-06-27 01:13:03,642 [icarl.py] => Task 6, Epoch 48/200 => Loss 2.474, Loss_clf 0.612, Loss_kd 1.860, Loss_kernel 0.002, Train_accy 82.31
2025-06-27 01:13:18,593 [icarl.py] => Task 6, Epoch 49/200 => Loss 2.376, Loss_clf 0.550, Loss_kd 1.823, Loss_kernel 0.002, Train_accy 83.91
2025-06-27 01:13:33,659 [icarl.py] => Task 6, Epoch 50/200 => Loss 2.412, Loss_clf 0.573, Loss_kd 1.837, Loss_kernel 0.002, Train_accy 83.31
2025-06-27 01:14:02,037 [icarl.py] => Task 6, Epoch 51/200 => Loss 2.332, Loss_clf 0.528, Loss_kd 1.803, Loss_kernel 0.002, Train_accy 84.64, Test_accy {'Art': 23.19, 'Clipart': 45.57, 'Real World': 39.24, 'Product': 58.32}
2025-06-27 01:14:17,773 [icarl.py] => Task 6, Epoch 52/200 => Loss 2.264, Loss_clf 0.474, Loss_kd 1.788, Loss_kernel 0.002, Train_accy 85.83
2025-06-27 01:14:32,818 [icarl.py] => Task 6, Epoch 53/200 => Loss 2.310, Loss_clf 0.501, Loss_kd 1.807, Loss_kernel 0.002, Train_accy 85.21
2025-06-27 01:14:47,729 [icarl.py] => Task 6, Epoch 54/200 => Loss 2.300, Loss_clf 0.509, Loss_kd 1.789, Loss_kernel 0.002, Train_accy 85.00
2025-06-27 01:15:04,241 [icarl.py] => Task 6, Epoch 55/200 => Loss 2.305, Loss_clf 0.511, Loss_kd 1.792, Loss_kernel 0.002, Train_accy 84.73
2025-06-27 01:15:30,630 [icarl.py] => Task 6, Epoch 56/200 => Loss 2.207, Loss_clf 0.434, Loss_kd 1.771, Loss_kernel 0.002, Train_accy 86.48, Test_accy {'Art': 22.81, 'Clipart': 42.83, 'Real World': 40.64, 'Product': 62.62}
2025-06-27 01:15:46,240 [icarl.py] => Task 6, Epoch 57/200 => Loss 2.299, Loss_clf 0.492, Loss_kd 1.805, Loss_kernel 0.002, Train_accy 84.94
2025-06-27 01:16:01,244 [icarl.py] => Task 6, Epoch 58/200 => Loss 2.249, Loss_clf 0.469, Loss_kd 1.778, Loss_kernel 0.002, Train_accy 85.54
2025-06-27 01:16:15,188 [icarl.py] => Task 6, Epoch 59/200 => Loss 2.277, Loss_clf 0.477, Loss_kd 1.798, Loss_kernel 0.002, Train_accy 85.51
2025-06-27 01:16:30,465 [icarl.py] => Task 6, Epoch 60/200 => Loss 2.297, Loss_clf 0.485, Loss_kd 1.811, Loss_kernel 0.002, Train_accy 85.17
2025-06-27 01:16:58,064 [icarl.py] => Task 6, Epoch 61/200 => Loss 2.309, Loss_clf 0.502, Loss_kd 1.805, Loss_kernel 0.002, Train_accy 85.96, Test_accy {'Art': 22.43, 'Clipart': 44.51, 'Real World': 41.25, 'Product': 56.36}
2025-06-27 01:17:12,483 [icarl.py] => Task 6, Epoch 62/200 => Loss 2.270, Loss_clf 0.474, Loss_kd 1.794, Loss_kernel 0.002, Train_accy 86.80
2025-06-27 01:17:26,485 [icarl.py] => Task 6, Epoch 63/200 => Loss 2.324, Loss_clf 0.499, Loss_kd 1.823, Loss_kernel 0.002, Train_accy 85.20
2025-06-27 01:17:42,597 [icarl.py] => Task 6, Epoch 64/200 => Loss 2.213, Loss_clf 0.444, Loss_kd 1.767, Loss_kernel 0.002, Train_accy 86.76
2025-06-27 01:17:56,959 [icarl.py] => Task 6, Epoch 65/200 => Loss 2.210, Loss_clf 0.438, Loss_kd 1.770, Loss_kernel 0.002, Train_accy 86.50
2025-06-27 01:18:23,385 [icarl.py] => Task 6, Epoch 66/200 => Loss 2.198, Loss_clf 0.428, Loss_kd 1.767, Loss_kernel 0.002, Train_accy 86.46, Test_accy {'Art': 20.15, 'Clipart': 34.6, 'Real World': 33.2, 'Product': 41.29}
2025-06-27 01:18:39,707 [icarl.py] => Task 6, Epoch 67/200 => Loss 2.142, Loss_clf 0.396, Loss_kd 1.745, Loss_kernel 0.002, Train_accy 87.72
2025-06-27 01:18:53,510 [icarl.py] => Task 6, Epoch 68/200 => Loss 2.200, Loss_clf 0.428, Loss_kd 1.771, Loss_kernel 0.002, Train_accy 87.98
2025-06-27 01:19:10,118 [icarl.py] => Task 6, Epoch 69/200 => Loss 2.145, Loss_clf 0.386, Loss_kd 1.758, Loss_kernel 0.002, Train_accy 88.35
2025-06-27 01:19:25,907 [icarl.py] => Task 6, Epoch 70/200 => Loss 2.155, Loss_clf 0.398, Loss_kd 1.756, Loss_kernel 0.002, Train_accy 88.12
2025-06-27 01:19:52,643 [icarl.py] => Task 6, Epoch 71/200 => Loss 2.172, Loss_clf 0.411, Loss_kd 1.759, Loss_kernel 0.002, Train_accy 87.14, Test_accy {'Art': 22.81, 'Clipart': 47.26, 'Real World': 39.44, 'Product': 60.27}
2025-06-27 01:20:05,899 [icarl.py] => Task 6, Epoch 72/200 => Loss 2.143, Loss_clf 0.398, Loss_kd 1.743, Loss_kernel 0.002, Train_accy 87.89
2025-06-27 01:20:22,348 [icarl.py] => Task 6, Epoch 73/200 => Loss 2.168, Loss_clf 0.416, Loss_kd 1.750, Loss_kernel 0.002, Train_accy 88.03
2025-06-27 01:20:37,513 [icarl.py] => Task 6, Epoch 74/200 => Loss 2.155, Loss_clf 0.405, Loss_kd 1.747, Loss_kernel 0.002, Train_accy 87.66
2025-06-27 01:20:55,511 [icarl.py] => Task 6, Epoch 75/200 => Loss 2.178, Loss_clf 0.415, Loss_kd 1.761, Loss_kernel 0.002, Train_accy 86.77
2025-06-27 01:21:23,215 [icarl.py] => Task 6, Epoch 76/200 => Loss 2.154, Loss_clf 0.404, Loss_kd 1.748, Loss_kernel 0.002, Train_accy 88.14, Test_accy {'Art': 18.63, 'Clipart': 44.73, 'Real World': 41.05, 'Product': 61.64}
2025-06-27 01:21:38,419 [icarl.py] => Task 6, Epoch 77/200 => Loss 2.094, Loss_clf 0.350, Loss_kd 1.742, Loss_kernel 0.002, Train_accy 89.32
2025-06-27 01:21:53,594 [icarl.py] => Task 6, Epoch 78/200 => Loss 2.104, Loss_clf 0.365, Loss_kd 1.737, Loss_kernel 0.002, Train_accy 89.31
2025-06-27 01:22:09,270 [icarl.py] => Task 6, Epoch 79/200 => Loss 2.073, Loss_clf 0.353, Loss_kd 1.719, Loss_kernel 0.002, Train_accy 89.26
2025-06-27 01:22:25,771 [icarl.py] => Task 6, Epoch 80/200 => Loss 2.073, Loss_clf 0.360, Loss_kd 1.711, Loss_kernel 0.002, Train_accy 89.44
2025-06-27 01:22:53,845 [icarl.py] => Task 6, Epoch 81/200 => Loss 2.103, Loss_clf 0.370, Loss_kd 1.731, Loss_kernel 0.002, Train_accy 89.19, Test_accy {'Art': 20.53, 'Clipart': 43.04, 'Real World': 37.83, 'Product': 58.71}
2025-06-27 01:23:09,720 [icarl.py] => Task 6, Epoch 82/200 => Loss 2.052, Loss_clf 0.335, Loss_kd 1.715, Loss_kernel 0.002, Train_accy 89.94
2025-06-27 01:23:24,080 [icarl.py] => Task 6, Epoch 83/200 => Loss 2.094, Loss_clf 0.371, Loss_kd 1.722, Loss_kernel 0.002, Train_accy 89.53
2025-06-27 01:23:38,091 [icarl.py] => Task 6, Epoch 84/200 => Loss 2.139, Loss_clf 0.396, Loss_kd 1.742, Loss_kernel 0.002, Train_accy 88.20
2025-06-27 01:23:51,388 [icarl.py] => Task 6, Epoch 85/200 => Loss 2.049, Loss_clf 0.332, Loss_kd 1.716, Loss_kernel 0.002, Train_accy 89.87
2025-06-27 01:24:17,277 [icarl.py] => Task 6, Epoch 86/200 => Loss 2.022, Loss_clf 0.309, Loss_kd 1.711, Loss_kernel 0.002, Train_accy 90.85, Test_accy {'Art': 21.67, 'Clipart': 47.68, 'Real World': 42.25, 'Product': 63.41}
2025-06-27 01:24:31,703 [icarl.py] => Task 6, Epoch 87/200 => Loss 2.100, Loss_clf 0.363, Loss_kd 1.735, Loss_kernel 0.002, Train_accy 89.60
2025-06-27 01:24:46,661 [icarl.py] => Task 6, Epoch 88/200 => Loss 2.108, Loss_clf 0.363, Loss_kd 1.743, Loss_kernel 0.002, Train_accy 89.28
2025-06-27 01:25:00,392 [icarl.py] => Task 6, Epoch 89/200 => Loss 2.077, Loss_clf 0.350, Loss_kd 1.725, Loss_kernel 0.002, Train_accy 90.00
2025-06-27 01:25:14,730 [icarl.py] => Task 6, Epoch 90/200 => Loss 2.060, Loss_clf 0.338, Loss_kd 1.720, Loss_kernel 0.002, Train_accy 90.19
2025-06-27 01:25:39,645 [icarl.py] => Task 6, Epoch 91/200 => Loss 1.991, Loss_clf 0.293, Loss_kd 1.696, Loss_kernel 0.002, Train_accy 91.73, Test_accy {'Art': 22.43, 'Clipart': 44.3, 'Real World': 39.03, 'Product': 62.04}
2025-06-27 01:25:54,970 [icarl.py] => Task 6, Epoch 92/200 => Loss 2.052, Loss_clf 0.324, Loss_kd 1.727, Loss_kernel 0.002, Train_accy 90.37
2025-06-27 01:26:10,040 [icarl.py] => Task 6, Epoch 93/200 => Loss 2.005, Loss_clf 0.310, Loss_kd 1.694, Loss_kernel 0.001, Train_accy 91.09
2025-06-27 01:26:23,667 [icarl.py] => Task 6, Epoch 94/200 => Loss 1.956, Loss_clf 0.267, Loss_kd 1.687, Loss_kernel 0.001, Train_accy 91.91
2025-06-27 01:26:37,728 [icarl.py] => Task 6, Epoch 95/200 => Loss 1.995, Loss_clf 0.308, Loss_kd 1.685, Loss_kernel 0.002, Train_accy 90.97
2025-06-27 01:27:03,325 [icarl.py] => Task 6, Epoch 96/200 => Loss 1.987, Loss_clf 0.291, Loss_kd 1.695, Loss_kernel 0.002, Train_accy 91.73, Test_accy {'Art': 19.77, 'Clipart': 45.78, 'Real World': 39.24, 'Product': 65.56}
2025-06-27 01:27:18,659 [icarl.py] => Task 6, Epoch 97/200 => Loss 1.978, Loss_clf 0.289, Loss_kd 1.688, Loss_kernel 0.001, Train_accy 91.10
2025-06-27 01:27:31,780 [icarl.py] => Task 6, Epoch 98/200 => Loss 1.967, Loss_clf 0.277, Loss_kd 1.688, Loss_kernel 0.001, Train_accy 91.55
2025-06-27 01:27:46,340 [icarl.py] => Task 6, Epoch 99/200 => Loss 1.975, Loss_clf 0.277, Loss_kd 1.697, Loss_kernel 0.001, Train_accy 92.30
2025-06-27 01:28:00,452 [icarl.py] => Task 6, Epoch 100/200 => Loss 1.983, Loss_clf 0.283, Loss_kd 1.698, Loss_kernel 0.001, Train_accy 90.98
2025-06-27 01:28:25,151 [icarl.py] => Task 6, Epoch 101/200 => Loss 1.958, Loss_clf 0.286, Loss_kd 1.670, Loss_kernel 0.001, Train_accy 91.71, Test_accy {'Art': 22.43, 'Clipart': 49.37, 'Real World': 42.25, 'Product': 65.17}
2025-06-27 01:28:39,199 [icarl.py] => Task 6, Epoch 102/200 => Loss 1.953, Loss_clf 0.271, Loss_kd 1.681, Loss_kernel 0.001, Train_accy 92.13
2025-06-27 01:28:52,778 [icarl.py] => Task 6, Epoch 103/200 => Loss 1.974, Loss_clf 0.292, Loss_kd 1.681, Loss_kernel 0.001, Train_accy 91.09
2025-06-27 01:29:06,252 [icarl.py] => Task 6, Epoch 104/200 => Loss 1.932, Loss_clf 0.261, Loss_kd 1.670, Loss_kernel 0.001, Train_accy 92.37
2025-06-27 01:29:20,825 [icarl.py] => Task 6, Epoch 105/200 => Loss 1.931, Loss_clf 0.258, Loss_kd 1.672, Loss_kernel 0.001, Train_accy 92.07
2025-06-27 01:29:45,344 [icarl.py] => Task 6, Epoch 106/200 => Loss 1.941, Loss_clf 0.267, Loss_kd 1.673, Loss_kernel 0.001, Train_accy 92.35, Test_accy {'Art': 20.15, 'Clipart': 45.15, 'Real World': 40.04, 'Product': 64.38}
2025-06-27 01:29:58,576 [icarl.py] => Task 6, Epoch 107/200 => Loss 1.903, Loss_clf 0.252, Loss_kd 1.649, Loss_kernel 0.001, Train_accy 92.73
2025-06-27 01:30:13,242 [icarl.py] => Task 6, Epoch 108/200 => Loss 1.906, Loss_clf 0.246, Loss_kd 1.659, Loss_kernel 0.001, Train_accy 93.17
2025-06-27 01:30:28,169 [icarl.py] => Task 6, Epoch 109/200 => Loss 1.896, Loss_clf 0.250, Loss_kd 1.645, Loss_kernel 0.001, Train_accy 92.46
2025-06-27 01:30:41,371 [icarl.py] => Task 6, Epoch 110/200 => Loss 1.912, Loss_clf 0.252, Loss_kd 1.659, Loss_kernel 0.001, Train_accy 92.57
2025-06-27 01:31:07,550 [icarl.py] => Task 6, Epoch 111/200 => Loss 1.916, Loss_clf 0.254, Loss_kd 1.661, Loss_kernel 0.001, Train_accy 92.61, Test_accy {'Art': 22.81, 'Clipart': 47.68, 'Real World': 46.68, 'Product': 67.12}
2025-06-27 01:31:22,038 [icarl.py] => Task 6, Epoch 112/200 => Loss 1.899, Loss_clf 0.223, Loss_kd 1.675, Loss_kernel 0.001, Train_accy 93.31
2025-06-27 01:31:35,223 [icarl.py] => Task 6, Epoch 113/200 => Loss 1.896, Loss_clf 0.224, Loss_kd 1.671, Loss_kernel 0.001, Train_accy 93.57
2025-06-27 01:31:49,595 [icarl.py] => Task 6, Epoch 114/200 => Loss 1.865, Loss_clf 0.213, Loss_kd 1.651, Loss_kernel 0.001, Train_accy 93.92
2025-06-27 01:32:03,203 [icarl.py] => Task 6, Epoch 115/200 => Loss 1.913, Loss_clf 0.250, Loss_kd 1.662, Loss_kernel 0.001, Train_accy 92.88
2025-06-27 01:32:29,083 [icarl.py] => Task 6, Epoch 116/200 => Loss 1.881, Loss_clf 0.225, Loss_kd 1.655, Loss_kernel 0.001, Train_accy 93.60, Test_accy {'Art': 22.81, 'Clipart': 45.78, 'Real World': 45.27, 'Product': 67.32}
2025-06-27 01:32:44,309 [icarl.py] => Task 6, Epoch 117/200 => Loss 1.900, Loss_clf 0.228, Loss_kd 1.670, Loss_kernel 0.001, Train_accy 93.35
2025-06-27 01:32:57,950 [icarl.py] => Task 6, Epoch 118/200 => Loss 1.881, Loss_clf 0.226, Loss_kd 1.653, Loss_kernel 0.001, Train_accy 92.99
2025-06-27 01:33:13,090 [icarl.py] => Task 6, Epoch 119/200 => Loss 1.926, Loss_clf 0.246, Loss_kd 1.679, Loss_kernel 0.001, Train_accy 93.20
2025-06-27 01:33:25,356 [icarl.py] => Task 6, Epoch 120/200 => Loss 1.820, Loss_clf 0.183, Loss_kd 1.637, Loss_kernel 0.001, Train_accy 94.74
2025-06-27 01:33:50,909 [icarl.py] => Task 6, Epoch 121/200 => Loss 1.828, Loss_clf 0.185, Loss_kd 1.642, Loss_kernel 0.001, Train_accy 94.55, Test_accy {'Art': 22.05, 'Clipart': 49.58, 'Real World': 43.06, 'Product': 67.51}
2025-06-27 01:34:04,256 [icarl.py] => Task 6, Epoch 122/200 => Loss 1.784, Loss_clf 0.173, Loss_kd 1.610, Loss_kernel 0.001, Train_accy 95.26
2025-06-27 01:34:17,374 [icarl.py] => Task 6, Epoch 123/200 => Loss 1.845, Loss_clf 0.207, Loss_kd 1.637, Loss_kernel 0.001, Train_accy 94.37
2025-06-27 01:34:30,592 [icarl.py] => Task 6, Epoch 124/200 => Loss 1.876, Loss_clf 0.213, Loss_kd 1.662, Loss_kernel 0.001, Train_accy 93.75
2025-06-27 01:34:46,613 [icarl.py] => Task 6, Epoch 125/200 => Loss 1.816, Loss_clf 0.187, Loss_kd 1.627, Loss_kernel 0.001, Train_accy 94.34
2025-06-27 01:35:11,049 [icarl.py] => Task 6, Epoch 126/200 => Loss 1.827, Loss_clf 0.191, Loss_kd 1.635, Loss_kernel 0.001, Train_accy 94.37, Test_accy {'Art': 24.33, 'Clipart': 49.37, 'Real World': 43.26, 'Product': 64.58}
2025-06-27 01:35:24,926 [icarl.py] => Task 6, Epoch 127/200 => Loss 1.810, Loss_clf 0.197, Loss_kd 1.612, Loss_kernel 0.001, Train_accy 94.15
2025-06-27 01:35:38,125 [icarl.py] => Task 6, Epoch 128/200 => Loss 1.782, Loss_clf 0.169, Loss_kd 1.612, Loss_kernel 0.001, Train_accy 95.50
2025-06-27 01:35:50,824 [icarl.py] => Task 6, Epoch 129/200 => Loss 1.799, Loss_clf 0.185, Loss_kd 1.613, Loss_kernel 0.001, Train_accy 94.92
2025-06-27 01:36:04,432 [icarl.py] => Task 6, Epoch 130/200 => Loss 1.760, Loss_clf 0.157, Loss_kd 1.602, Loss_kernel 0.001, Train_accy 95.59
2025-06-27 01:36:28,507 [icarl.py] => Task 6, Epoch 131/200 => Loss 1.779, Loss_clf 0.164, Loss_kd 1.613, Loss_kernel 0.001, Train_accy 95.57, Test_accy {'Art': 24.33, 'Clipart': 47.47, 'Real World': 43.46, 'Product': 67.51}
2025-06-27 01:36:42,470 [icarl.py] => Task 6, Epoch 132/200 => Loss 1.811, Loss_clf 0.193, Loss_kd 1.616, Loss_kernel 0.001, Train_accy 94.85
2025-06-27 01:36:56,492 [icarl.py] => Task 6, Epoch 133/200 => Loss 1.792, Loss_clf 0.185, Loss_kd 1.606, Loss_kernel 0.001, Train_accy 94.62
2025-06-27 01:37:11,870 [icarl.py] => Task 6, Epoch 134/200 => Loss 1.814, Loss_clf 0.203, Loss_kd 1.610, Loss_kernel 0.001, Train_accy 94.04
2025-06-27 01:37:23,663 [icarl.py] => Task 6, Epoch 135/200 => Loss 1.783, Loss_clf 0.166, Loss_kd 1.616, Loss_kernel 0.001, Train_accy 95.18
2025-06-27 01:37:49,371 [icarl.py] => Task 6, Epoch 136/200 => Loss 1.809, Loss_clf 0.178, Loss_kd 1.630, Loss_kernel 0.001, Train_accy 94.84, Test_accy {'Art': 24.33, 'Clipart': 45.78, 'Real World': 40.24, 'Product': 66.54}
2025-06-27 01:38:04,016 [icarl.py] => Task 6, Epoch 137/200 => Loss 1.815, Loss_clf 0.192, Loss_kd 1.622, Loss_kernel 0.001, Train_accy 94.21
2025-06-27 01:38:15,925 [icarl.py] => Task 6, Epoch 138/200 => Loss 1.804, Loss_clf 0.174, Loss_kd 1.628, Loss_kernel 0.001, Train_accy 95.09
2025-06-27 01:38:28,500 [icarl.py] => Task 6, Epoch 139/200 => Loss 1.758, Loss_clf 0.153, Loss_kd 1.603, Loss_kernel 0.001, Train_accy 95.75
2025-06-27 01:38:41,371 [icarl.py] => Task 6, Epoch 140/200 => Loss 1.768, Loss_clf 0.161, Loss_kd 1.606, Loss_kernel 0.001, Train_accy 95.40
2025-06-27 01:39:05,441 [icarl.py] => Task 6, Epoch 141/200 => Loss 1.755, Loss_clf 0.149, Loss_kd 1.605, Loss_kernel 0.001, Train_accy 95.67, Test_accy {'Art': 22.81, 'Clipart': 48.52, 'Real World': 43.86, 'Product': 67.51}
2025-06-27 01:39:18,088 [icarl.py] => Task 6, Epoch 142/200 => Loss 1.757, Loss_clf 0.141, Loss_kd 1.615, Loss_kernel 0.001, Train_accy 96.42
2025-06-27 01:39:31,457 [icarl.py] => Task 6, Epoch 143/200 => Loss 1.740, Loss_clf 0.136, Loss_kd 1.603, Loss_kernel 0.001, Train_accy 96.37
2025-06-27 01:39:43,254 [icarl.py] => Task 6, Epoch 144/200 => Loss 1.747, Loss_clf 0.135, Loss_kd 1.611, Loss_kernel 0.001, Train_accy 96.73
2025-06-27 01:39:57,221 [icarl.py] => Task 6, Epoch 145/200 => Loss 1.755, Loss_clf 0.155, Loss_kd 1.599, Loss_kernel 0.001, Train_accy 95.78
2025-06-27 01:40:21,135 [icarl.py] => Task 6, Epoch 146/200 => Loss 1.706, Loss_clf 0.126, Loss_kd 1.579, Loss_kernel 0.001, Train_accy 96.65, Test_accy {'Art': 24.33, 'Clipart': 50.0, 'Real World': 43.66, 'Product': 66.73}
2025-06-27 01:40:33,689 [icarl.py] => Task 6, Epoch 147/200 => Loss 1.755, Loss_clf 0.144, Loss_kd 1.610, Loss_kernel 0.001, Train_accy 96.09
2025-06-27 01:40:46,315 [icarl.py] => Task 6, Epoch 148/200 => Loss 1.710, Loss_clf 0.126, Loss_kd 1.583, Loss_kernel 0.001, Train_accy 96.84
2025-06-27 01:40:59,276 [icarl.py] => Task 6, Epoch 149/200 => Loss 1.730, Loss_clf 0.144, Loss_kd 1.585, Loss_kernel 0.001, Train_accy 96.17
2025-06-27 01:41:12,310 [icarl.py] => Task 6, Epoch 150/200 => Loss 1.729, Loss_clf 0.131, Loss_kd 1.597, Loss_kernel 0.001, Train_accy 96.47
2025-06-27 01:41:37,156 [icarl.py] => Task 6, Epoch 151/200 => Loss 1.704, Loss_clf 0.120, Loss_kd 1.583, Loss_kernel 0.001, Train_accy 96.47, Test_accy {'Art': 23.95, 'Clipart': 48.73, 'Real World': 41.25, 'Product': 67.12}
2025-06-27 01:41:49,697 [icarl.py] => Task 6, Epoch 152/200 => Loss 1.754, Loss_clf 0.144, Loss_kd 1.609, Loss_kernel 0.001, Train_accy 95.95
2025-06-27 01:42:03,863 [icarl.py] => Task 6, Epoch 153/200 => Loss 1.751, Loss_clf 0.150, Loss_kd 1.599, Loss_kernel 0.001, Train_accy 95.46
2025-06-27 01:42:17,299 [icarl.py] => Task 6, Epoch 154/200 => Loss 1.746, Loss_clf 0.149, Loss_kd 1.596, Loss_kernel 0.001, Train_accy 95.54
2025-06-27 01:42:28,548 [icarl.py] => Task 6, Epoch 155/200 => Loss 1.752, Loss_clf 0.141, Loss_kd 1.610, Loss_kernel 0.001, Train_accy 96.16
2025-06-27 01:42:53,037 [icarl.py] => Task 6, Epoch 156/200 => Loss 1.750, Loss_clf 0.133, Loss_kd 1.616, Loss_kernel 0.001, Train_accy 96.37, Test_accy {'Art': 23.95, 'Clipart': 48.31, 'Real World': 43.66, 'Product': 68.69}
2025-06-27 01:43:06,249 [icarl.py] => Task 6, Epoch 157/200 => Loss 1.706, Loss_clf 0.135, Loss_kd 1.570, Loss_kernel 0.001, Train_accy 96.24
2025-06-27 01:43:19,137 [icarl.py] => Task 6, Epoch 158/200 => Loss 1.727, Loss_clf 0.137, Loss_kd 1.589, Loss_kernel 0.001, Train_accy 96.33
2025-06-27 01:43:30,782 [icarl.py] => Task 6, Epoch 159/200 => Loss 1.705, Loss_clf 0.116, Loss_kd 1.587, Loss_kernel 0.001, Train_accy 96.78
2025-06-27 01:43:43,570 [icarl.py] => Task 6, Epoch 160/200 => Loss 1.685, Loss_clf 0.112, Loss_kd 1.572, Loss_kernel 0.001, Train_accy 97.44
2025-06-27 01:44:07,503 [icarl.py] => Task 6, Epoch 161/200 => Loss 1.734, Loss_clf 0.131, Loss_kd 1.602, Loss_kernel 0.001, Train_accy 96.38, Test_accy {'Art': 23.95, 'Clipart': 48.95, 'Real World': 42.05, 'Product': 68.49}
2025-06-27 01:44:21,270 [icarl.py] => Task 6, Epoch 162/200 => Loss 1.739, Loss_clf 0.140, Loss_kd 1.598, Loss_kernel 0.001, Train_accy 95.83
2025-06-27 01:44:33,926 [icarl.py] => Task 6, Epoch 163/200 => Loss 1.737, Loss_clf 0.130, Loss_kd 1.606, Loss_kernel 0.001, Train_accy 96.42
2025-06-27 01:44:46,387 [icarl.py] => Task 6, Epoch 164/200 => Loss 1.693, Loss_clf 0.121, Loss_kd 1.571, Loss_kernel 0.001, Train_accy 97.03
2025-06-27 01:44:57,723 [icarl.py] => Task 6, Epoch 165/200 => Loss 1.726, Loss_clf 0.120, Loss_kd 1.605, Loss_kernel 0.001, Train_accy 97.07
2025-06-27 01:45:21,643 [icarl.py] => Task 6, Epoch 166/200 => Loss 1.723, Loss_clf 0.125, Loss_kd 1.597, Loss_kernel 0.001, Train_accy 96.61, Test_accy {'Art': 23.95, 'Clipart': 50.0, 'Real World': 41.05, 'Product': 67.12}
2025-06-27 01:45:33,738 [icarl.py] => Task 6, Epoch 167/200 => Loss 1.708, Loss_clf 0.122, Loss_kd 1.585, Loss_kernel 0.001, Train_accy 96.69
2025-06-27 01:45:45,049 [icarl.py] => Task 6, Epoch 168/200 => Loss 1.662, Loss_clf 0.098, Loss_kd 1.563, Loss_kernel 0.001, Train_accy 97.30
2025-06-27 01:45:57,390 [icarl.py] => Task 6, Epoch 169/200 => Loss 1.711, Loss_clf 0.114, Loss_kd 1.596, Loss_kernel 0.001, Train_accy 97.03
2025-06-27 01:46:10,604 [icarl.py] => Task 6, Epoch 170/200 => Loss 1.689, Loss_clf 0.115, Loss_kd 1.572, Loss_kernel 0.001, Train_accy 96.94
2025-06-27 01:46:33,191 [icarl.py] => Task 6, Epoch 171/200 => Loss 1.679, Loss_clf 0.104, Loss_kd 1.574, Loss_kernel 0.001, Train_accy 97.35, Test_accy {'Art': 24.71, 'Clipart': 48.95, 'Real World': 43.66, 'Product': 69.28}
2025-06-27 01:46:45,924 [icarl.py] => Task 6, Epoch 172/200 => Loss 1.692, Loss_clf 0.117, Loss_kd 1.574, Loss_kernel 0.001, Train_accy 97.08
2025-06-27 01:46:58,684 [icarl.py] => Task 6, Epoch 173/200 => Loss 1.704, Loss_clf 0.123, Loss_kd 1.580, Loss_kernel 0.001, Train_accy 96.66
2025-06-27 01:47:10,267 [icarl.py] => Task 6, Epoch 174/200 => Loss 1.667, Loss_clf 0.095, Loss_kd 1.571, Loss_kernel 0.001, Train_accy 97.68
2025-06-27 01:47:20,920 [icarl.py] => Task 6, Epoch 175/200 => Loss 1.660, Loss_clf 0.107, Loss_kd 1.553, Loss_kernel 0.001, Train_accy 97.05
2025-06-27 01:47:44,624 [icarl.py] => Task 6, Epoch 176/200 => Loss 1.680, Loss_clf 0.100, Loss_kd 1.579, Loss_kernel 0.001, Train_accy 97.40, Test_accy {'Art': 24.33, 'Clipart': 50.0, 'Real World': 43.66, 'Product': 69.28}
2025-06-27 01:47:56,929 [icarl.py] => Task 6, Epoch 177/200 => Loss 1.695, Loss_clf 0.115, Loss_kd 1.579, Loss_kernel 0.001, Train_accy 96.74
2025-06-27 01:48:09,403 [icarl.py] => Task 6, Epoch 178/200 => Loss 1.690, Loss_clf 0.115, Loss_kd 1.574, Loss_kernel 0.001, Train_accy 96.70
2025-06-27 01:48:20,517 [icarl.py] => Task 6, Epoch 179/200 => Loss 1.678, Loss_clf 0.097, Loss_kd 1.580, Loss_kernel 0.001, Train_accy 97.48
2025-06-27 01:48:32,137 [icarl.py] => Task 6, Epoch 180/200 => Loss 1.696, Loss_clf 0.112, Loss_kd 1.583, Loss_kernel 0.001, Train_accy 97.40
2025-06-27 01:48:54,388 [icarl.py] => Task 6, Epoch 181/200 => Loss 1.668, Loss_clf 0.089, Loss_kd 1.578, Loss_kernel 0.001, Train_accy 97.96, Test_accy {'Art': 24.71, 'Clipart': 48.95, 'Real World': 44.06, 'Product': 68.49}
2025-06-27 01:49:06,611 [icarl.py] => Task 6, Epoch 182/200 => Loss 1.677, Loss_clf 0.106, Loss_kd 1.570, Loss_kernel 0.001, Train_accy 96.98
2025-06-27 01:49:17,501 [icarl.py] => Task 6, Epoch 183/200 => Loss 1.686, Loss_clf 0.096, Loss_kd 1.588, Loss_kernel 0.001, Train_accy 97.29
2025-06-27 01:49:29,150 [icarl.py] => Task 6, Epoch 184/200 => Loss 1.704, Loss_clf 0.113, Loss_kd 1.589, Loss_kernel 0.001, Train_accy 96.74
2025-06-27 01:49:40,020 [icarl.py] => Task 6, Epoch 185/200 => Loss 1.679, Loss_clf 0.091, Loss_kd 1.587, Loss_kernel 0.001, Train_accy 97.86
2025-06-27 01:50:03,251 [icarl.py] => Task 6, Epoch 186/200 => Loss 1.662, Loss_clf 0.101, Loss_kd 1.560, Loss_kernel 0.001, Train_accy 97.54, Test_accy {'Art': 23.57, 'Clipart': 48.95, 'Real World': 43.46, 'Product': 67.12}
2025-06-27 01:50:14,897 [icarl.py] => Task 6, Epoch 187/200 => Loss 1.666, Loss_clf 0.097, Loss_kd 1.568, Loss_kernel 0.001, Train_accy 97.77
2025-06-27 01:50:25,844 [icarl.py] => Task 6, Epoch 188/200 => Loss 1.697, Loss_clf 0.110, Loss_kd 1.586, Loss_kernel 0.001, Train_accy 97.20
2025-06-27 01:50:38,186 [icarl.py] => Task 6, Epoch 189/200 => Loss 1.663, Loss_clf 0.105, Loss_kd 1.557, Loss_kernel 0.001, Train_accy 96.88
2025-06-27 01:50:48,629 [icarl.py] => Task 6, Epoch 190/200 => Loss 1.652, Loss_clf 0.089, Loss_kd 1.562, Loss_kernel 0.001, Train_accy 97.99
2025-06-27 01:51:11,314 [icarl.py] => Task 6, Epoch 191/200 => Loss 1.678, Loss_clf 0.101, Loss_kd 1.576, Loss_kernel 0.001, Train_accy 97.77, Test_accy {'Art': 23.95, 'Clipart': 48.95, 'Real World': 43.86, 'Product': 68.49}
2025-06-27 01:51:23,313 [icarl.py] => Task 6, Epoch 192/200 => Loss 1.692, Loss_clf 0.112, Loss_kd 1.579, Loss_kernel 0.001, Train_accy 97.16
2025-06-27 01:51:34,701 [icarl.py] => Task 6, Epoch 193/200 => Loss 1.677, Loss_clf 0.101, Loss_kd 1.575, Loss_kernel 0.001, Train_accy 97.24
2025-06-27 01:51:46,857 [icarl.py] => Task 6, Epoch 194/200 => Loss 1.675, Loss_clf 0.103, Loss_kd 1.571, Loss_kernel 0.001, Train_accy 97.11
2025-06-27 01:51:57,230 [icarl.py] => Task 6, Epoch 195/200 => Loss 1.633, Loss_clf 0.086, Loss_kd 1.546, Loss_kernel 0.001, Train_accy 97.85
2025-06-27 01:52:20,048 [icarl.py] => Task 6, Epoch 196/200 => Loss 1.636, Loss_clf 0.075, Loss_kd 1.560, Loss_kernel 0.001, Train_accy 98.18, Test_accy {'Art': 23.95, 'Clipart': 48.73, 'Real World': 43.66, 'Product': 69.08}
2025-06-27 01:52:32,190 [icarl.py] => Task 6, Epoch 197/200 => Loss 1.695, Loss_clf 0.110, Loss_kd 1.584, Loss_kernel 0.001, Train_accy 96.97
2025-06-27 01:52:43,455 [icarl.py] => Task 6, Epoch 198/200 => Loss 1.667, Loss_clf 0.088, Loss_kd 1.578, Loss_kernel 0.001, Train_accy 97.86
2025-06-27 01:52:55,054 [icarl.py] => Task 6, Epoch 199/200 => Loss 1.674, Loss_clf 0.099, Loss_kd 1.575, Loss_kernel 0.001, Train_accy 97.63
2025-06-27 01:53:05,928 [icarl.py] => Task 6, Epoch 200/200 => Loss 1.640, Loss_clf 0.094, Loss_kd 1.545, Loss_kernel 0.001, Train_accy 97.77
2025-06-27 01:53:05,930 [base.py] => Reducing exemplars...(37 per classes)
2025-06-27 01:53:27,327 [base.py] => Constructing exemplars...(37 per classes)
2025-06-27 01:54:03,027 [icarl.py] => Exemplar size: 1295
2025-06-27 01:54:04,224 [trainer.py] => CNN [Art]: {'total': 23.95, '00-04': 52.63, '05-09': 23.53, '10-14': 16.22, '15-19': 29.63, '20-24': 5.26, '25-29': 8.82, '30-34': 29.09, 'old': 22.6, 'new': 29.09}
2025-06-27 01:54:04,225 [trainer.py] => NME [Art]: {'total': 23.95, '00-04': 50.0, '05-09': 23.53, '10-14': 18.92, '15-19': 25.93, '20-24': 7.89, '25-29': 11.76, '30-34': 27.27, 'old': 23.08, 'new': 27.27}
2025-06-27 01:54:04,225 [trainer.py] => CNN [Art] top1 curve: [57.89, 43.06, 35.78, 35.29, 29.89, 25.48, 23.95]
2025-06-27 01:54:04,225 [trainer.py] => CNN [Art] top5 curve: [97.37, 81.94, 66.06, 59.56, 48.85, 40.87, 42.21]
2025-06-27 01:54:04,225 [trainer.py] => NME [Art] top1 curve: [63.16, 54.17, 40.37, 39.71, 29.31, 25.96, 23.95]
2025-06-27 01:54:04,225 [trainer.py] => NME [Art] top5 curve: [100.0, 87.5, 80.73, 68.38, 55.75, 48.56, 51.33]
2025-06-27 01:54:04,226 [trainer.py] => Average Accuracy [Art] (CNN): 35.90571428571429
2025-06-27 01:54:04,226 [trainer.py] => Average Accuracy [Art] (NME): 39.51857142857143
2025-06-27 01:54:04,226 [trainer.py] => CNN [Clipart]: {'total': 48.95, '00-04': 65.38, '05-09': 41.94, '10-14': 48.48, '15-19': 49.06, '20-24': 32.58, '25-29': 32.26, '30-34': 75.0, 'old': 44.88, 'new': 75.0}
2025-06-27 01:54:04,226 [trainer.py] => NME [Clipart]: {'total': 50.84, '00-04': 56.41, '05-09': 51.61, '10-14': 50.0, '15-19': 50.94, '20-24': 39.33, '25-29': 40.32, '30-34': 70.31, 'old': 47.8, 'new': 70.31}
2025-06-27 01:54:04,226 [trainer.py] => CNN [Clipart] top1 curve: [75.64, 67.86, 65.05, 66.8, 57.47, 53.41, 48.95]
2025-06-27 01:54:04,226 [trainer.py] => CNN [Clipart] top5 curve: [98.72, 94.29, 87.86, 85.71, 82.76, 75.61, 74.26]
2025-06-27 01:54:04,226 [trainer.py] => NME [Clipart] top1 curve: [71.79, 70.71, 66.5, 65.64, 59.2, 54.39, 50.84]
2025-06-27 01:54:04,226 [trainer.py] => NME [Clipart] top5 curve: [100.0, 94.29, 85.92, 87.26, 82.18, 79.51, 75.53]
2025-06-27 01:54:04,226 [trainer.py] => Average Accuracy [Clipart] (CNN): 62.16857142857143
2025-06-27 01:54:04,227 [trainer.py] => Average Accuracy [Clipart] (NME): 62.72428571428571
2025-06-27 01:54:04,227 [trainer.py] => CNN [Product]: {'total': 68.88, '00-04': 81.18, '05-09': 71.25, '10-14': 67.74, '15-19': 64.94, '20-24': 50.82, '25-29': 62.03, '30-34': 80.6, 'old': 67.12, 'new': 80.6}
2025-06-27 01:54:04,227 [trainer.py] => NME [Product]: {'total': 70.45, '00-04': 75.29, '05-09': 68.75, '10-14': 77.42, '15-19': 67.53, '20-24': 52.46, '25-29': 74.68, '30-34': 74.63, 'old': 69.82, 'new': 74.63}
2025-06-27 01:54:04,227 [trainer.py] => CNN [Product] top1 curve: [85.88, 86.06, 87.67, 81.91, 75.89, 71.17, 68.88]
2025-06-27 01:54:04,227 [trainer.py] => CNN [Product] top5 curve: [100.0, 99.39, 98.24, 97.7, 92.05, 91.44, 89.43]
2025-06-27 01:54:04,227 [trainer.py] => NME [Product] top1 curve: [90.59, 87.88, 92.51, 84.87, 78.36, 76.13, 70.45]
2025-06-27 01:54:04,227 [trainer.py] => NME [Product] top5 curve: [100.0, 99.39, 99.12, 98.68, 95.07, 93.02, 91.78]
2025-06-27 01:54:04,227 [trainer.py] => Average Accuracy [Product] (CNN): 79.63714285714286
2025-06-27 01:54:04,227 [trainer.py] => Average Accuracy [Product] (NME): 82.97
2025-06-27 01:54:04,228 [trainer.py] => CNN [Real World]: {'total': 43.66, '00-04': 60.27, '05-09': 52.94, '10-14': 33.33, '15-19': 41.79, '20-24': 15.38, '25-29': 37.66, '30-34': 61.33, 'old': 40.52, 'new': 61.33}
2025-06-27 01:54:04,228 [trainer.py] => NME [Real World]: {'total': 47.89, '00-04': 52.05, '05-09': 57.35, '10-14': 38.89, '15-19': 49.25, '20-24': 23.08, '25-29': 49.35, '30-34': 62.67, 'old': 45.26, 'new': 62.67}
2025-06-27 01:54:04,228 [trainer.py] => CNN [Real World] top1 curve: [71.23, 64.54, 58.22, 52.86, 48.7, 45.97, 43.66]
2025-06-27 01:54:04,228 [trainer.py] => CNN [Real World] top5 curve: [100.0, 92.2, 84.98, 76.07, 73.04, 72.99, 71.03]
2025-06-27 01:54:04,228 [trainer.py] => NME [Real World] top1 curve: [79.45, 70.21, 60.56, 56.43, 49.86, 50.0, 47.89]
2025-06-27 01:54:04,228 [trainer.py] => NME [Real World] top5 curve: [100.0, 96.45, 85.92, 82.5, 79.71, 79.62, 76.66]
2025-06-27 01:54:04,228 [trainer.py] => Average Accuracy [Real World] (CNN): 55.02571428571429
2025-06-27 01:54:04,228 [trainer.py] => Average Accuracy [Real World] (NME): 59.199999999999996
2025-06-27 01:54:04,228 [trainer.py] => NME Harmonic Mean : 33.6212
2025-06-27 01:54:04,229 [trainer.py] => NME Macro Mean : 48.2825
2025-06-27 01:54:04,229 [trainer.py] => CNN Harmonic Mean : 33.1506
2025-06-27 01:54:04,229 [trainer.py] => CNN Macro Mean : 46.3600
2025-06-27 01:54:04,230 [trainer.py] => All params: 21307757
2025-06-27 01:54:04,230 [trainer.py] => Trainable params: 21307757
2025-06-27 01:54:04,232 [icarl.py] => Learning on 35-40
2025-06-27 01:54:33,907 [icarl.py] => Task 7, Epoch 1/200 => Loss 4.692, Loss_clf 2.306, Loss_kd 2.383, Loss_kernel 0.003, Train_accy 42.31, Test_accy {'Art': 5.59, 'Clipart': 10.47, 'Real World': 9.53, 'Product': 8.32}
2025-06-27 01:54:49,462 [icarl.py] => Task 7, Epoch 2/200 => Loss 5.980, Loss_clf 2.919, Loss_kd 3.055, Loss_kernel 0.006, Train_accy 23.71
2025-06-27 01:55:05,192 [icarl.py] => Task 7, Epoch 3/200 => Loss 5.212, Loss_clf 2.408, Loss_kd 2.800, Loss_kernel 0.005, Train_accy 33.22
2025-06-27 01:55:20,022 [icarl.py] => Task 7, Epoch 4/200 => Loss 4.778, Loss_clf 2.134, Loss_kd 2.640, Loss_kernel 0.004, Train_accy 39.08
2025-06-27 01:55:34,550 [icarl.py] => Task 7, Epoch 5/200 => Loss 4.469, Loss_clf 1.942, Loss_kd 2.523, Loss_kernel 0.004, Train_accy 44.59
2025-06-27 01:56:02,472 [icarl.py] => Task 7, Epoch 6/200 => Loss 4.379, Loss_clf 1.893, Loss_kd 2.483, Loss_kernel 0.004, Train_accy 45.20, Test_accy {'Art': 15.79, 'Clipart': 28.22, 'Real World': 27.7, 'Product': 40.55}
2025-06-27 01:56:17,198 [icarl.py] => Task 7, Epoch 7/200 => Loss 4.186, Loss_clf 1.758, Loss_kd 2.424, Loss_kernel 0.004, Train_accy 49.19
2025-06-27 01:56:32,398 [icarl.py] => Task 7, Epoch 8/200 => Loss 4.038, Loss_clf 1.669, Loss_kd 2.365, Loss_kernel 0.004, Train_accy 51.45
2025-06-27 01:56:46,921 [icarl.py] => Task 7, Epoch 9/200 => Loss 3.711, Loss_clf 1.429, Loss_kd 2.278, Loss_kernel 0.004, Train_accy 57.68
2025-06-27 01:57:02,379 [icarl.py] => Task 7, Epoch 10/200 => Loss 3.601, Loss_clf 1.368, Loss_kd 2.229, Loss_kernel 0.003, Train_accy 59.68
2025-06-27 01:57:29,309 [icarl.py] => Task 7, Epoch 11/200 => Loss 3.565, Loss_clf 1.363, Loss_kd 2.199, Loss_kernel 0.003, Train_accy 59.46, Test_accy {'Art': 19.41, 'Clipart': 39.63, 'Real World': 32.91, 'Product': 53.55}
2025-06-27 01:57:44,771 [icarl.py] => Task 7, Epoch 12/200 => Loss 3.553, Loss_clf 1.332, Loss_kd 2.218, Loss_kernel 0.004, Train_accy 59.24
2025-06-27 01:57:58,900 [icarl.py] => Task 7, Epoch 13/200 => Loss 3.414, Loss_clf 1.252, Loss_kd 2.159, Loss_kernel 0.004, Train_accy 63.20
2025-06-27 01:58:14,684 [icarl.py] => Task 7, Epoch 14/200 => Loss 3.357, Loss_clf 1.194, Loss_kd 2.160, Loss_kernel 0.004, Train_accy 64.31
2025-06-27 01:58:30,565 [icarl.py] => Task 7, Epoch 15/200 => Loss 3.344, Loss_clf 1.200, Loss_kd 2.140, Loss_kernel 0.004, Train_accy 63.71
2025-06-27 01:58:58,308 [icarl.py] => Task 7, Epoch 16/200 => Loss 3.234, Loss_clf 1.115, Loss_kd 2.116, Loss_kernel 0.003, Train_accy 66.55, Test_accy {'Art': 18.42, 'Clipart': 38.32, 'Real World': 30.4, 'Product': 49.74}
2025-06-27 01:59:13,041 [icarl.py] => Task 7, Epoch 17/200 => Loss 3.112, Loss_clf 1.028, Loss_kd 2.080, Loss_kernel 0.003, Train_accy 69.71
2025-06-27 01:59:29,158 [icarl.py] => Task 7, Epoch 18/200 => Loss 2.886, Loss_clf 0.890, Loss_kd 1.993, Loss_kernel 0.003, Train_accy 73.06
2025-06-27 01:59:44,299 [icarl.py] => Task 7, Epoch 19/200 => Loss 2.871, Loss_clf 0.869, Loss_kd 1.999, Loss_kernel 0.003, Train_accy 73.55
2025-06-27 01:59:59,194 [icarl.py] => Task 7, Epoch 20/200 => Loss 2.924, Loss_clf 0.910, Loss_kd 2.010, Loss_kernel 0.003, Train_accy 72.79
2025-06-27 02:00:27,996 [icarl.py] => Task 7, Epoch 21/200 => Loss 2.997, Loss_clf 0.936, Loss_kd 2.058, Loss_kernel 0.004, Train_accy 71.23, Test_accy {'Art': 17.76, 'Clipart': 37.38, 'Real World': 36.69, 'Product': 54.25}
2025-06-27 02:00:42,017 [icarl.py] => Task 7, Epoch 22/200 => Loss 2.937, Loss_clf 0.894, Loss_kd 2.040, Loss_kernel 0.003, Train_accy 72.59
2025-06-27 02:00:55,520 [icarl.py] => Task 7, Epoch 23/200 => Loss 2.914, Loss_clf 0.898, Loss_kd 2.012, Loss_kernel 0.003, Train_accy 74.34
2025-06-27 02:01:09,802 [icarl.py] => Task 7, Epoch 24/200 => Loss 2.921, Loss_clf 0.898, Loss_kd 2.020, Loss_kernel 0.003, Train_accy 73.08
2025-06-27 02:01:24,981 [icarl.py] => Task 7, Epoch 25/200 => Loss 2.850, Loss_clf 0.831, Loss_kd 2.016, Loss_kernel 0.003, Train_accy 75.37
2025-06-27 02:01:52,895 [icarl.py] => Task 7, Epoch 26/200 => Loss 2.764, Loss_clf 0.791, Loss_kd 1.970, Loss_kernel 0.003, Train_accy 76.47, Test_accy {'Art': 18.42, 'Clipart': 40.19, 'Real World': 34.35, 'Product': 56.67}
2025-06-27 02:02:07,832 [icarl.py] => Task 7, Epoch 27/200 => Loss 2.777, Loss_clf 0.795, Loss_kd 1.979, Loss_kernel 0.003, Train_accy 76.58
2025-06-27 02:02:21,194 [icarl.py] => Task 7, Epoch 28/200 => Loss 2.799, Loss_clf 0.789, Loss_kd 2.007, Loss_kernel 0.003, Train_accy 77.35
2025-06-27 02:02:37,245 [icarl.py] => Task 7, Epoch 29/200 => Loss 2.801, Loss_clf 0.800, Loss_kd 1.998, Loss_kernel 0.003, Train_accy 76.36
2025-06-27 02:02:51,219 [icarl.py] => Task 7, Epoch 30/200 => Loss 2.665, Loss_clf 0.712, Loss_kd 1.950, Loss_kernel 0.003, Train_accy 78.28
2025-06-27 02:03:19,003 [icarl.py] => Task 7, Epoch 31/200 => Loss 2.609, Loss_clf 0.679, Loss_kd 1.927, Loss_kernel 0.003, Train_accy 79.88, Test_accy {'Art': 18.09, 'Clipart': 40.19, 'Real World': 34.53, 'Product': 54.59}
2025-06-27 02:03:34,040 [icarl.py] => Task 7, Epoch 32/200 => Loss 2.566, Loss_clf 0.659, Loss_kd 1.904, Loss_kernel 0.003, Train_accy 80.44
2025-06-27 02:03:48,518 [icarl.py] => Task 7, Epoch 33/200 => Loss 2.567, Loss_clf 0.636, Loss_kd 1.928, Loss_kernel 0.003, Train_accy 81.03
2025-06-27 02:04:03,573 [icarl.py] => Task 7, Epoch 34/200 => Loss 2.623, Loss_clf 0.688, Loss_kd 1.932, Loss_kernel 0.003, Train_accy 79.71
2025-06-27 02:04:18,782 [icarl.py] => Task 7, Epoch 35/200 => Loss 2.568, Loss_clf 0.661, Loss_kd 1.904, Loss_kernel 0.003, Train_accy 79.41
2025-06-27 02:04:47,179 [icarl.py] => Task 7, Epoch 36/200 => Loss 2.557, Loss_clf 0.626, Loss_kd 1.927, Loss_kernel 0.003, Train_accy 80.93, Test_accy {'Art': 15.79, 'Clipart': 40.19, 'Real World': 31.29, 'Product': 53.55}
2025-06-27 02:05:01,747 [icarl.py] => Task 7, Epoch 37/200 => Loss 2.500, Loss_clf 0.594, Loss_kd 1.903, Loss_kernel 0.003, Train_accy 82.17
2025-06-27 02:05:16,408 [icarl.py] => Task 7, Epoch 38/200 => Loss 2.497, Loss_clf 0.604, Loss_kd 1.890, Loss_kernel 0.003, Train_accy 82.14
2025-06-27 02:05:31,622 [icarl.py] => Task 7, Epoch 39/200 => Loss 2.580, Loss_clf 0.634, Loss_kd 1.943, Loss_kernel 0.003, Train_accy 81.80
2025-06-27 02:05:46,547 [icarl.py] => Task 7, Epoch 40/200 => Loss 2.562, Loss_clf 0.628, Loss_kd 1.932, Loss_kernel 0.003, Train_accy 80.59
2025-06-27 02:06:14,711 [icarl.py] => Task 7, Epoch 41/200 => Loss 2.541, Loss_clf 0.622, Loss_kd 1.916, Loss_kernel 0.003, Train_accy 81.89, Test_accy {'Art': 20.07, 'Clipart': 39.07, 'Real World': 35.43, 'Product': 57.89}
2025-06-27 02:06:29,861 [icarl.py] => Task 7, Epoch 42/200 => Loss 2.484, Loss_clf 0.596, Loss_kd 1.885, Loss_kernel 0.003, Train_accy 82.65
2025-06-27 02:06:46,799 [icarl.py] => Task 7, Epoch 43/200 => Loss 2.373, Loss_clf 0.511, Loss_kd 1.859, Loss_kernel 0.003, Train_accy 84.21
2025-06-27 02:07:01,608 [icarl.py] => Task 7, Epoch 44/200 => Loss 2.367, Loss_clf 0.518, Loss_kd 1.847, Loss_kernel 0.003, Train_accy 85.13
2025-06-27 02:07:17,510 [icarl.py] => Task 7, Epoch 45/200 => Loss 2.415, Loss_clf 0.527, Loss_kd 1.885, Loss_kernel 0.003, Train_accy 83.94
2025-06-27 02:07:45,661 [icarl.py] => Task 7, Epoch 46/200 => Loss 2.401, Loss_clf 0.530, Loss_kd 1.869, Loss_kernel 0.003, Train_accy 84.60, Test_accy {'Art': 19.41, 'Clipart': 35.33, 'Real World': 33.09, 'Product': 50.09}
2025-06-27 02:07:59,691 [icarl.py] => Task 7, Epoch 47/200 => Loss 2.412, Loss_clf 0.542, Loss_kd 1.868, Loss_kernel 0.003, Train_accy 84.41
2025-06-27 02:08:13,879 [icarl.py] => Task 7, Epoch 48/200 => Loss 2.394, Loss_clf 0.524, Loss_kd 1.867, Loss_kernel 0.003, Train_accy 84.52
2025-06-27 02:08:28,054 [icarl.py] => Task 7, Epoch 49/200 => Loss 2.384, Loss_clf 0.522, Loss_kd 1.860, Loss_kernel 0.003, Train_accy 84.49
2025-06-27 02:08:42,860 [icarl.py] => Task 7, Epoch 50/200 => Loss 2.454, Loss_clf 0.568, Loss_kd 1.883, Loss_kernel 0.003, Train_accy 83.13
2025-06-27 02:09:10,703 [icarl.py] => Task 7, Epoch 51/200 => Loss 2.408, Loss_clf 0.531, Loss_kd 1.875, Loss_kernel 0.003, Train_accy 83.70, Test_accy {'Art': 21.05, 'Clipart': 35.7, 'Real World': 32.37, 'Product': 49.39}
2025-06-27 02:09:25,572 [icarl.py] => Task 7, Epoch 52/200 => Loss 2.395, Loss_clf 0.530, Loss_kd 1.863, Loss_kernel 0.003, Train_accy 83.78
2025-06-27 02:09:39,187 [icarl.py] => Task 7, Epoch 53/200 => Loss 2.439, Loss_clf 0.551, Loss_kd 1.885, Loss_kernel 0.003, Train_accy 84.23
2025-06-27 02:09:53,209 [icarl.py] => Task 7, Epoch 54/200 => Loss 2.420, Loss_clf 0.545, Loss_kd 1.873, Loss_kernel 0.003, Train_accy 83.85
2025-06-27 02:10:07,462 [icarl.py] => Task 7, Epoch 55/200 => Loss 2.416, Loss_clf 0.525, Loss_kd 1.889, Loss_kernel 0.003, Train_accy 83.16
2025-06-27 02:10:35,115 [icarl.py] => Task 7, Epoch 56/200 => Loss 2.462, Loss_clf 0.578, Loss_kd 1.881, Loss_kernel 0.003, Train_accy 82.72, Test_accy {'Art': 15.79, 'Clipart': 31.21, 'Real World': 27.7, 'Product': 41.07}
2025-06-27 02:10:48,421 [icarl.py] => Task 7, Epoch 57/200 => Loss 2.421, Loss_clf 0.518, Loss_kd 1.900, Loss_kernel 0.003, Train_accy 84.65
2025-06-27 02:11:02,986 [icarl.py] => Task 7, Epoch 58/200 => Loss 2.355, Loss_clf 0.504, Loss_kd 1.848, Loss_kernel 0.003, Train_accy 85.36
2025-06-27 02:11:17,384 [icarl.py] => Task 7, Epoch 59/200 => Loss 2.245, Loss_clf 0.421, Loss_kd 1.822, Loss_kernel 0.003, Train_accy 87.12
2025-06-27 02:11:32,363 [icarl.py] => Task 7, Epoch 60/200 => Loss 2.382, Loss_clf 0.507, Loss_kd 1.873, Loss_kernel 0.002, Train_accy 84.88
2025-06-27 02:11:59,457 [icarl.py] => Task 7, Epoch 61/200 => Loss 2.275, Loss_clf 0.435, Loss_kd 1.837, Loss_kernel 0.003, Train_accy 87.31, Test_accy {'Art': 16.45, 'Clipart': 29.72, 'Real World': 31.47, 'Product': 44.54}
2025-06-27 02:12:14,584 [icarl.py] => Task 7, Epoch 62/200 => Loss 2.329, Loss_clf 0.481, Loss_kd 1.845, Loss_kernel 0.003, Train_accy 85.41
2025-06-27 02:12:28,218 [icarl.py] => Task 7, Epoch 63/200 => Loss 2.276, Loss_clf 0.454, Loss_kd 1.819, Loss_kernel 0.003, Train_accy 86.15
2025-06-27 02:12:42,473 [icarl.py] => Task 7, Epoch 64/200 => Loss 2.250, Loss_clf 0.429, Loss_kd 1.819, Loss_kernel 0.002, Train_accy 87.46
2025-06-27 02:12:56,471 [icarl.py] => Task 7, Epoch 65/200 => Loss 2.209, Loss_clf 0.410, Loss_kd 1.797, Loss_kernel 0.002, Train_accy 88.05
2025-06-27 02:13:24,052 [icarl.py] => Task 7, Epoch 66/200 => Loss 2.239, Loss_clf 0.409, Loss_kd 1.827, Loss_kernel 0.003, Train_accy 87.32, Test_accy {'Art': 17.43, 'Clipart': 39.07, 'Real World': 34.17, 'Product': 53.03}
2025-06-27 02:13:38,495 [icarl.py] => Task 7, Epoch 67/200 => Loss 2.231, Loss_clf 0.414, Loss_kd 1.814, Loss_kernel 0.002, Train_accy 88.28
2025-06-27 02:13:52,054 [icarl.py] => Task 7, Epoch 68/200 => Loss 2.214, Loss_clf 0.412, Loss_kd 1.800, Loss_kernel 0.002, Train_accy 88.23
2025-06-27 02:14:05,895 [icarl.py] => Task 7, Epoch 69/200 => Loss 2.159, Loss_clf 0.367, Loss_kd 1.791, Loss_kernel 0.002, Train_accy 88.80
2025-06-27 02:14:20,551 [icarl.py] => Task 7, Epoch 70/200 => Loss 2.159, Loss_clf 0.368, Loss_kd 1.788, Loss_kernel 0.002, Train_accy 89.46
2025-06-27 02:14:47,644 [icarl.py] => Task 7, Epoch 71/200 => Loss 2.228, Loss_clf 0.414, Loss_kd 1.811, Loss_kernel 0.002, Train_accy 87.85, Test_accy {'Art': 19.74, 'Clipart': 43.36, 'Real World': 31.83, 'Product': 57.37}
2025-06-27 02:15:00,656 [icarl.py] => Task 7, Epoch 72/200 => Loss 2.207, Loss_clf 0.403, Loss_kd 1.801, Loss_kernel 0.002, Train_accy 88.39
2025-06-27 02:15:14,141 [icarl.py] => Task 7, Epoch 73/200 => Loss 2.204, Loss_clf 0.393, Loss_kd 1.809, Loss_kernel 0.002, Train_accy 89.17
2025-06-27 02:15:28,363 [icarl.py] => Task 7, Epoch 74/200 => Loss 2.191, Loss_clf 0.384, Loss_kd 1.804, Loss_kernel 0.002, Train_accy 88.82
2025-06-27 02:15:42,759 [icarl.py] => Task 7, Epoch 75/200 => Loss 2.236, Loss_clf 0.415, Loss_kd 1.818, Loss_kernel 0.002, Train_accy 87.09
2025-06-27 02:16:10,712 [icarl.py] => Task 7, Epoch 76/200 => Loss 2.167, Loss_clf 0.369, Loss_kd 1.795, Loss_kernel 0.002, Train_accy 88.91, Test_accy {'Art': 18.42, 'Clipart': 34.02, 'Real World': 31.12, 'Product': 42.81}
2025-06-27 02:16:24,091 [icarl.py] => Task 7, Epoch 77/200 => Loss 2.153, Loss_clf 0.372, Loss_kd 1.778, Loss_kernel 0.002, Train_accy 89.29
2025-06-27 02:16:37,978 [icarl.py] => Task 7, Epoch 78/200 => Loss 2.217, Loss_clf 0.402, Loss_kd 1.813, Loss_kernel 0.002, Train_accy 88.84
2025-06-27 02:16:51,468 [icarl.py] => Task 7, Epoch 79/200 => Loss 2.126, Loss_clf 0.341, Loss_kd 1.783, Loss_kernel 0.002, Train_accy 89.56
2025-06-27 02:17:05,450 [icarl.py] => Task 7, Epoch 80/200 => Loss 2.171, Loss_clf 0.368, Loss_kd 1.801, Loss_kernel 0.002, Train_accy 88.99
2025-06-27 02:17:33,639 [icarl.py] => Task 7, Epoch 81/200 => Loss 2.211, Loss_clf 0.402, Loss_kd 1.807, Loss_kernel 0.002, Train_accy 88.36, Test_accy {'Art': 16.45, 'Clipart': 36.45, 'Real World': 31.29, 'Product': 44.02}
2025-06-27 02:17:48,730 [icarl.py] => Task 7, Epoch 82/200 => Loss 2.220, Loss_clf 0.399, Loss_kd 1.819, Loss_kernel 0.002, Train_accy 88.05
2025-06-27 02:18:02,437 [icarl.py] => Task 7, Epoch 83/200 => Loss 2.190, Loss_clf 0.377, Loss_kd 1.811, Loss_kernel 0.002, Train_accy 89.08
2025-06-27 02:18:15,778 [icarl.py] => Task 7, Epoch 84/200 => Loss 2.128, Loss_clf 0.337, Loss_kd 1.789, Loss_kernel 0.002, Train_accy 90.09
2025-06-27 02:18:29,407 [icarl.py] => Task 7, Epoch 85/200 => Loss 2.129, Loss_clf 0.355, Loss_kd 1.772, Loss_kernel 0.002, Train_accy 90.18
2025-06-27 02:18:55,007 [icarl.py] => Task 7, Epoch 86/200 => Loss 2.044, Loss_clf 0.295, Loss_kd 1.747, Loss_kernel 0.002, Train_accy 91.43, Test_accy {'Art': 20.07, 'Clipart': 45.23, 'Real World': 39.39, 'Product': 63.43}
2025-06-27 02:19:07,817 [icarl.py] => Task 7, Epoch 87/200 => Loss 2.105, Loss_clf 0.316, Loss_kd 1.787, Loss_kernel 0.002, Train_accy 90.33
2025-06-27 02:19:20,603 [icarl.py] => Task 7, Epoch 88/200 => Loss 2.121, Loss_clf 0.340, Loss_kd 1.779, Loss_kernel 0.002, Train_accy 90.16
2025-06-27 02:19:35,637 [icarl.py] => Task 7, Epoch 89/200 => Loss 2.081, Loss_clf 0.308, Loss_kd 1.771, Loss_kernel 0.002, Train_accy 90.99
2025-06-27 02:19:50,009 [icarl.py] => Task 7, Epoch 90/200 => Loss 2.104, Loss_clf 0.325, Loss_kd 1.776, Loss_kernel 0.002, Train_accy 90.62
2025-06-27 02:20:17,333 [icarl.py] => Task 7, Epoch 91/200 => Loss 2.061, Loss_clf 0.295, Loss_kd 1.764, Loss_kernel 0.002, Train_accy 91.26, Test_accy {'Art': 19.74, 'Clipart': 45.61, 'Real World': 37.95, 'Product': 59.97}
2025-06-27 02:20:31,456 [icarl.py] => Task 7, Epoch 92/200 => Loss 2.044, Loss_clf 0.299, Loss_kd 1.743, Loss_kernel 0.002, Train_accy 91.08
2025-06-27 02:20:44,165 [icarl.py] => Task 7, Epoch 93/200 => Loss 2.061, Loss_clf 0.300, Loss_kd 1.760, Loss_kernel 0.002, Train_accy 91.44
2025-06-27 02:20:58,687 [icarl.py] => Task 7, Epoch 94/200 => Loss 2.020, Loss_clf 0.275, Loss_kd 1.744, Loss_kernel 0.002, Train_accy 91.90
2025-06-27 02:21:12,773 [icarl.py] => Task 7, Epoch 95/200 => Loss 2.063, Loss_clf 0.316, Loss_kd 1.745, Loss_kernel 0.002, Train_accy 89.94
2025-06-27 02:21:41,139 [icarl.py] => Task 7, Epoch 96/200 => Loss 2.090, Loss_clf 0.312, Loss_kd 1.777, Loss_kernel 0.002, Train_accy 90.83, Test_accy {'Art': 20.07, 'Clipart': 46.36, 'Real World': 35.97, 'Product': 62.22}
2025-06-27 02:21:55,291 [icarl.py] => Task 7, Epoch 97/200 => Loss 1.996, Loss_clf 0.273, Loss_kd 1.721, Loss_kernel 0.002, Train_accy 92.71
2025-06-27 02:22:06,520 [icarl.py] => Task 7, Epoch 98/200 => Loss 2.026, Loss_clf 0.273, Loss_kd 1.750, Loss_kernel 0.002, Train_accy 92.50
2025-06-27 02:22:19,259 [icarl.py] => Task 7, Epoch 99/200 => Loss 2.004, Loss_clf 0.268, Loss_kd 1.734, Loss_kernel 0.002, Train_accy 92.72
2025-06-27 02:22:33,002 [icarl.py] => Task 7, Epoch 100/200 => Loss 2.077, Loss_clf 0.306, Loss_kd 1.770, Loss_kernel 0.002, Train_accy 91.56
2025-06-27 02:22:58,747 [icarl.py] => Task 7, Epoch 101/200 => Loss 2.037, Loss_clf 0.280, Loss_kd 1.755, Loss_kernel 0.002, Train_accy 92.26, Test_accy {'Art': 16.78, 'Clipart': 42.24, 'Real World': 35.97, 'Product': 59.45}
2025-06-27 02:23:12,292 [icarl.py] => Task 7, Epoch 102/200 => Loss 1.951, Loss_clf 0.238, Loss_kd 1.711, Loss_kernel 0.002, Train_accy 93.08
2025-06-27 02:23:25,415 [icarl.py] => Task 7, Epoch 103/200 => Loss 1.958, Loss_clf 0.252, Loss_kd 1.705, Loss_kernel 0.002, Train_accy 93.29
2025-06-27 02:23:39,910 [icarl.py] => Task 7, Epoch 104/200 => Loss 1.970, Loss_clf 0.245, Loss_kd 1.724, Loss_kernel 0.002, Train_accy 93.02
2025-06-27 02:23:53,015 [icarl.py] => Task 7, Epoch 105/200 => Loss 1.996, Loss_clf 0.250, Loss_kd 1.744, Loss_kernel 0.002, Train_accy 92.68
2025-06-27 02:24:20,190 [icarl.py] => Task 7, Epoch 106/200 => Loss 1.979, Loss_clf 0.241, Loss_kd 1.735, Loss_kernel 0.002, Train_accy 93.20, Test_accy {'Art': 23.03, 'Clipart': 42.99, 'Real World': 36.69, 'Product': 64.99}
2025-06-27 02:24:33,423 [icarl.py] => Task 7, Epoch 107/200 => Loss 1.967, Loss_clf 0.251, Loss_kd 1.715, Loss_kernel 0.002, Train_accy 93.24
2025-06-27 02:24:47,636 [icarl.py] => Task 7, Epoch 108/200 => Loss 1.965, Loss_clf 0.236, Loss_kd 1.727, Loss_kernel 0.002, Train_accy 93.02
2025-06-27 02:25:01,186 [icarl.py] => Task 7, Epoch 109/200 => Loss 1.954, Loss_clf 0.238, Loss_kd 1.714, Loss_kernel 0.002, Train_accy 93.36
2025-06-27 02:25:15,555 [icarl.py] => Task 7, Epoch 110/200 => Loss 2.005, Loss_clf 0.273, Loss_kd 1.730, Loss_kernel 0.002, Train_accy 92.10
2025-06-27 02:25:43,397 [icarl.py] => Task 7, Epoch 111/200 => Loss 1.968, Loss_clf 0.240, Loss_kd 1.727, Loss_kernel 0.002, Train_accy 93.14, Test_accy {'Art': 19.41, 'Clipart': 41.31, 'Real World': 35.79, 'Product': 56.85}
2025-06-27 02:25:56,835 [icarl.py] => Task 7, Epoch 112/200 => Loss 1.967, Loss_clf 0.222, Loss_kd 1.743, Loss_kernel 0.002, Train_accy 93.86
2025-06-27 02:26:09,445 [icarl.py] => Task 7, Epoch 113/200 => Loss 1.911, Loss_clf 0.212, Loss_kd 1.697, Loss_kernel 0.002, Train_accy 94.21
2025-06-27 02:26:24,157 [icarl.py] => Task 7, Epoch 114/200 => Loss 1.947, Loss_clf 0.226, Loss_kd 1.719, Loss_kernel 0.002, Train_accy 93.38
2025-06-27 02:26:38,136 [icarl.py] => Task 7, Epoch 115/200 => Loss 1.966, Loss_clf 0.252, Loss_kd 1.713, Loss_kernel 0.002, Train_accy 92.74
2025-06-27 02:27:06,789 [icarl.py] => Task 7, Epoch 116/200 => Loss 1.963, Loss_clf 0.248, Loss_kd 1.714, Loss_kernel 0.002, Train_accy 93.17, Test_accy {'Art': 18.09, 'Clipart': 45.05, 'Real World': 37.41, 'Product': 64.47}
2025-06-27 02:27:21,036 [icarl.py] => Task 7, Epoch 117/200 => Loss 1.979, Loss_clf 0.234, Loss_kd 1.743, Loss_kernel 0.002, Train_accy 93.96
2025-06-27 02:27:33,935 [icarl.py] => Task 7, Epoch 118/200 => Loss 1.894, Loss_clf 0.205, Loss_kd 1.687, Loss_kernel 0.001, Train_accy 94.21
2025-06-27 02:27:47,651 [icarl.py] => Task 7, Epoch 119/200 => Loss 1.914, Loss_clf 0.205, Loss_kd 1.707, Loss_kernel 0.002, Train_accy 94.26
2025-06-27 02:28:02,008 [icarl.py] => Task 7, Epoch 120/200 => Loss 1.878, Loss_clf 0.198, Loss_kd 1.678, Loss_kernel 0.001, Train_accy 93.85
2025-06-27 02:28:27,962 [icarl.py] => Task 7, Epoch 121/200 => Loss 1.905, Loss_clf 0.214, Loss_kd 1.690, Loss_kernel 0.002, Train_accy 94.07, Test_accy {'Art': 21.38, 'Clipart': 45.42, 'Real World': 37.59, 'Product': 65.34}
2025-06-27 02:28:40,639 [icarl.py] => Task 7, Epoch 122/200 => Loss 1.876, Loss_clf 0.186, Loss_kd 1.689, Loss_kernel 0.001, Train_accy 94.92
2025-06-27 02:28:55,177 [icarl.py] => Task 7, Epoch 123/200 => Loss 1.906, Loss_clf 0.218, Loss_kd 1.686, Loss_kernel 0.001, Train_accy 93.30
2025-06-27 02:29:07,046 [icarl.py] => Task 7, Epoch 124/200 => Loss 1.904, Loss_clf 0.206, Loss_kd 1.696, Loss_kernel 0.001, Train_accy 94.67
2025-06-27 02:29:20,623 [icarl.py] => Task 7, Epoch 125/200 => Loss 1.910, Loss_clf 0.211, Loss_kd 1.698, Loss_kernel 0.002, Train_accy 94.03
2025-06-27 02:29:45,301 [icarl.py] => Task 7, Epoch 126/200 => Loss 1.840, Loss_clf 0.161, Loss_kd 1.679, Loss_kernel 0.001, Train_accy 95.27, Test_accy {'Art': 20.39, 'Clipart': 43.74, 'Real World': 38.67, 'Product': 63.26}
2025-06-27 02:29:59,183 [icarl.py] => Task 7, Epoch 127/200 => Loss 1.906, Loss_clf 0.206, Loss_kd 1.699, Loss_kernel 0.001, Train_accy 94.43
2025-06-27 02:30:11,738 [icarl.py] => Task 7, Epoch 128/200 => Loss 1.885, Loss_clf 0.189, Loss_kd 1.694, Loss_kernel 0.001, Train_accy 94.69
2025-06-27 02:30:26,130 [icarl.py] => Task 7, Epoch 129/200 => Loss 1.848, Loss_clf 0.180, Loss_kd 1.667, Loss_kernel 0.001, Train_accy 95.33
2025-06-27 02:30:38,200 [icarl.py] => Task 7, Epoch 130/200 => Loss 1.867, Loss_clf 0.186, Loss_kd 1.680, Loss_kernel 0.001, Train_accy 94.59
2025-06-27 02:31:04,938 [icarl.py] => Task 7, Epoch 131/200 => Loss 1.836, Loss_clf 0.158, Loss_kd 1.677, Loss_kernel 0.001, Train_accy 95.90, Test_accy {'Art': 19.41, 'Clipart': 42.8, 'Real World': 37.41, 'Product': 65.34}
2025-06-27 02:31:16,914 [icarl.py] => Task 7, Epoch 132/200 => Loss 1.882, Loss_clf 0.188, Loss_kd 1.692, Loss_kernel 0.001, Train_accy 94.80
2025-06-27 02:31:29,860 [icarl.py] => Task 7, Epoch 133/200 => Loss 1.821, Loss_clf 0.169, Loss_kd 1.651, Loss_kernel 0.001, Train_accy 95.62
2025-06-27 02:31:41,595 [icarl.py] => Task 7, Epoch 134/200 => Loss 1.838, Loss_clf 0.174, Loss_kd 1.663, Loss_kernel 0.001, Train_accy 95.40
2025-06-27 02:31:55,098 [icarl.py] => Task 7, Epoch 135/200 => Loss 1.910, Loss_clf 0.206, Loss_kd 1.703, Loss_kernel 0.001, Train_accy 94.51
2025-06-27 02:32:21,804 [icarl.py] => Task 7, Epoch 136/200 => Loss 1.835, Loss_clf 0.167, Loss_kd 1.667, Loss_kernel 0.001, Train_accy 95.35, Test_accy {'Art': 21.05, 'Clipart': 42.99, 'Real World': 38.49, 'Product': 64.12}
2025-06-27 02:32:33,837 [icarl.py] => Task 7, Epoch 137/200 => Loss 1.863, Loss_clf 0.171, Loss_kd 1.691, Loss_kernel 0.001, Train_accy 95.17
2025-06-27 02:32:46,496 [icarl.py] => Task 7, Epoch 138/200 => Loss 1.854, Loss_clf 0.175, Loss_kd 1.677, Loss_kernel 0.001, Train_accy 95.23
2025-06-27 02:32:57,809 [icarl.py] => Task 7, Epoch 139/200 => Loss 1.794, Loss_clf 0.148, Loss_kd 1.645, Loss_kernel 0.001, Train_accy 96.13
2025-06-27 02:33:09,125 [icarl.py] => Task 7, Epoch 140/200 => Loss 1.834, Loss_clf 0.169, Loss_kd 1.664, Loss_kernel 0.001, Train_accy 95.17
2025-06-27 02:33:33,637 [icarl.py] => Task 7, Epoch 141/200 => Loss 1.841, Loss_clf 0.154, Loss_kd 1.686, Loss_kernel 0.001, Train_accy 95.93, Test_accy {'Art': 21.05, 'Clipart': 43.93, 'Real World': 38.85, 'Product': 62.22}
2025-06-27 02:33:45,800 [icarl.py] => Task 7, Epoch 142/200 => Loss 1.826, Loss_clf 0.162, Loss_kd 1.663, Loss_kernel 0.001, Train_accy 95.56
2025-06-27 02:33:57,796 [icarl.py] => Task 7, Epoch 143/200 => Loss 1.823, Loss_clf 0.152, Loss_kd 1.671, Loss_kernel 0.001, Train_accy 95.95
2025-06-27 02:34:09,307 [icarl.py] => Task 7, Epoch 144/200 => Loss 1.778, Loss_clf 0.131, Loss_kd 1.646, Loss_kernel 0.001, Train_accy 96.17
2025-06-27 02:34:20,858 [icarl.py] => Task 7, Epoch 145/200 => Loss 1.779, Loss_clf 0.140, Loss_kd 1.638, Loss_kernel 0.001, Train_accy 96.29
2025-06-27 02:34:45,327 [icarl.py] => Task 7, Epoch 146/200 => Loss 1.811, Loss_clf 0.155, Loss_kd 1.655, Loss_kernel 0.001, Train_accy 95.75, Test_accy {'Art': 19.08, 'Clipart': 44.11, 'Real World': 38.13, 'Product': 64.3}
2025-06-27 02:34:58,058 [icarl.py] => Task 7, Epoch 147/200 => Loss 1.804, Loss_clf 0.157, Loss_kd 1.646, Loss_kernel 0.001, Train_accy 95.77
2025-06-27 02:35:11,712 [icarl.py] => Task 7, Epoch 148/200 => Loss 1.836, Loss_clf 0.164, Loss_kd 1.671, Loss_kernel 0.001, Train_accy 95.30
2025-06-27 02:35:23,200 [icarl.py] => Task 7, Epoch 149/200 => Loss 1.794, Loss_clf 0.130, Loss_kd 1.663, Loss_kernel 0.001, Train_accy 96.62
2025-06-27 02:35:34,792 [icarl.py] => Task 7, Epoch 150/200 => Loss 1.819, Loss_clf 0.142, Loss_kd 1.676, Loss_kernel 0.001, Train_accy 96.52
2025-06-27 02:35:58,976 [icarl.py] => Task 7, Epoch 151/200 => Loss 1.814, Loss_clf 0.136, Loss_kd 1.677, Loss_kernel 0.001, Train_accy 96.14, Test_accy {'Art': 21.71, 'Clipart': 42.43, 'Real World': 37.23, 'Product': 65.34}
2025-06-27 02:36:11,458 [icarl.py] => Task 7, Epoch 152/200 => Loss 1.800, Loss_clf 0.151, Loss_kd 1.648, Loss_kernel 0.001, Train_accy 95.66
2025-06-27 02:36:24,121 [icarl.py] => Task 7, Epoch 153/200 => Loss 1.772, Loss_clf 0.122, Loss_kd 1.649, Loss_kernel 0.001, Train_accy 96.34
2025-06-27 02:36:35,342 [icarl.py] => Task 7, Epoch 154/200 => Loss 1.826, Loss_clf 0.149, Loss_kd 1.676, Loss_kernel 0.001, Train_accy 96.24
2025-06-27 02:36:46,356 [icarl.py] => Task 7, Epoch 155/200 => Loss 1.756, Loss_clf 0.121, Loss_kd 1.633, Loss_kernel 0.001, Train_accy 97.01
2025-06-27 02:37:10,276 [icarl.py] => Task 7, Epoch 156/200 => Loss 1.780, Loss_clf 0.133, Loss_kd 1.646, Loss_kernel 0.001, Train_accy 96.52, Test_accy {'Art': 21.05, 'Clipart': 41.68, 'Real World': 37.05, 'Product': 62.74}
2025-06-27 02:37:21,829 [icarl.py] => Task 7, Epoch 157/200 => Loss 1.769, Loss_clf 0.128, Loss_kd 1.640, Loss_kernel 0.001, Train_accy 96.42
2025-06-27 02:37:32,605 [icarl.py] => Task 7, Epoch 158/200 => Loss 1.738, Loss_clf 0.114, Loss_kd 1.623, Loss_kernel 0.001, Train_accy 97.45
2025-06-27 02:37:43,809 [icarl.py] => Task 7, Epoch 159/200 => Loss 1.745, Loss_clf 0.108, Loss_kd 1.636, Loss_kernel 0.001, Train_accy 97.06
2025-06-27 02:37:56,563 [icarl.py] => Task 7, Epoch 160/200 => Loss 1.785, Loss_clf 0.136, Loss_kd 1.648, Loss_kernel 0.001, Train_accy 96.10
2025-06-27 02:38:21,450 [icarl.py] => Task 7, Epoch 161/200 => Loss 1.790, Loss_clf 0.136, Loss_kd 1.653, Loss_kernel 0.001, Train_accy 96.14, Test_accy {'Art': 20.39, 'Clipart': 45.23, 'Real World': 39.39, 'Product': 65.16}
2025-06-27 02:38:32,346 [icarl.py] => Task 7, Epoch 162/200 => Loss 1.786, Loss_clf 0.135, Loss_kd 1.649, Loss_kernel 0.001, Train_accy 96.27
2025-06-27 02:38:44,774 [icarl.py] => Task 7, Epoch 163/200 => Loss 1.746, Loss_clf 0.118, Loss_kd 1.627, Loss_kernel 0.001, Train_accy 97.07
2025-06-27 02:38:55,696 [icarl.py] => Task 7, Epoch 164/200 => Loss 1.768, Loss_clf 0.128, Loss_kd 1.638, Loss_kernel 0.001, Train_accy 96.86
2025-06-27 02:39:06,723 [icarl.py] => Task 7, Epoch 165/200 => Loss 1.769, Loss_clf 0.134, Loss_kd 1.635, Loss_kernel 0.001, Train_accy 96.57
2025-06-27 02:39:32,762 [icarl.py] => Task 7, Epoch 166/200 => Loss 1.794, Loss_clf 0.142, Loss_kd 1.651, Loss_kernel 0.001, Train_accy 96.09, Test_accy {'Art': 20.07, 'Clipart': 43.74, 'Real World': 37.59, 'Product': 65.16}
2025-06-27 02:39:44,675 [icarl.py] => Task 7, Epoch 167/200 => Loss 1.747, Loss_clf 0.109, Loss_kd 1.638, Loss_kernel 0.001, Train_accy 97.01
2025-06-27 02:39:54,898 [icarl.py] => Task 7, Epoch 168/200 => Loss 1.718, Loss_clf 0.106, Loss_kd 1.611, Loss_kernel 0.001, Train_accy 97.05
2025-06-27 02:40:05,366 [icarl.py] => Task 7, Epoch 169/200 => Loss 1.743, Loss_clf 0.101, Loss_kd 1.641, Loss_kernel 0.001, Train_accy 97.25
2025-06-27 02:40:16,465 [icarl.py] => Task 7, Epoch 170/200 => Loss 1.746, Loss_clf 0.113, Loss_kd 1.632, Loss_kernel 0.001, Train_accy 97.00
2025-06-27 02:40:42,361 [icarl.py] => Task 7, Epoch 171/200 => Loss 1.750, Loss_clf 0.113, Loss_kd 1.637, Loss_kernel 0.001, Train_accy 97.46, Test_accy {'Art': 21.38, 'Clipart': 44.11, 'Real World': 37.41, 'Product': 66.9}
2025-06-27 02:40:53,756 [icarl.py] => Task 7, Epoch 172/200 => Loss 1.750, Loss_clf 0.113, Loss_kd 1.636, Loss_kernel 0.001, Train_accy 97.16
2025-06-27 02:41:04,754 [icarl.py] => Task 7, Epoch 173/200 => Loss 1.744, Loss_clf 0.117, Loss_kd 1.626, Loss_kernel 0.001, Train_accy 96.71
2025-06-27 02:41:15,310 [icarl.py] => Task 7, Epoch 174/200 => Loss 1.737, Loss_clf 0.109, Loss_kd 1.627, Loss_kernel 0.001, Train_accy 97.15
2025-06-27 02:41:27,285 [icarl.py] => Task 7, Epoch 175/200 => Loss 1.752, Loss_clf 0.120, Loss_kd 1.631, Loss_kernel 0.001, Train_accy 97.11
2025-06-27 02:41:53,492 [icarl.py] => Task 7, Epoch 176/200 => Loss 1.747, Loss_clf 0.115, Loss_kd 1.630, Loss_kernel 0.001, Train_accy 97.12, Test_accy {'Art': 20.72, 'Clipart': 42.8, 'Real World': 37.59, 'Product': 66.9}
2025-06-27 02:42:03,354 [icarl.py] => Task 7, Epoch 177/200 => Loss 1.743, Loss_clf 0.105, Loss_kd 1.637, Loss_kernel 0.001, Train_accy 97.53
2025-06-27 02:42:14,449 [icarl.py] => Task 7, Epoch 178/200 => Loss 1.749, Loss_clf 0.109, Loss_kd 1.639, Loss_kernel 0.001, Train_accy 97.30
2025-06-27 02:42:24,332 [icarl.py] => Task 7, Epoch 179/200 => Loss 1.732, Loss_clf 0.092, Loss_kd 1.639, Loss_kernel 0.001, Train_accy 97.93
2025-06-27 02:42:35,417 [icarl.py] => Task 7, Epoch 180/200 => Loss 1.740, Loss_clf 0.116, Loss_kd 1.622, Loss_kernel 0.001, Train_accy 96.77
2025-06-27 02:43:00,043 [icarl.py] => Task 7, Epoch 181/200 => Loss 1.758, Loss_clf 0.119, Loss_kd 1.639, Loss_kernel 0.001, Train_accy 96.86, Test_accy {'Art': 20.39, 'Clipart': 44.49, 'Real World': 37.95, 'Product': 66.38}
2025-06-27 02:43:10,615 [icarl.py] => Task 7, Epoch 182/200 => Loss 1.721, Loss_clf 0.091, Loss_kd 1.629, Loss_kernel 0.001, Train_accy 97.89
2025-06-27 02:43:20,712 [icarl.py] => Task 7, Epoch 183/200 => Loss 1.750, Loss_clf 0.109, Loss_kd 1.640, Loss_kernel 0.001, Train_accy 97.39
2025-06-27 02:43:31,509 [icarl.py] => Task 7, Epoch 184/200 => Loss 1.732, Loss_clf 0.122, Loss_kd 1.609, Loss_kernel 0.001, Train_accy 96.52
2025-06-27 02:43:41,936 [icarl.py] => Task 7, Epoch 185/200 => Loss 1.697, Loss_clf 0.096, Loss_kd 1.600, Loss_kernel 0.001, Train_accy 97.59
2025-06-27 02:44:06,038 [icarl.py] => Task 7, Epoch 186/200 => Loss 1.706, Loss_clf 0.107, Loss_kd 1.598, Loss_kernel 0.001, Train_accy 97.49, Test_accy {'Art': 21.38, 'Clipart': 44.86, 'Real World': 37.77, 'Product': 66.72}
2025-06-27 02:44:15,792 [icarl.py] => Task 7, Epoch 187/200 => Loss 1.739, Loss_clf 0.104, Loss_kd 1.635, Loss_kernel 0.001, Train_accy 97.43
2025-06-27 02:44:26,336 [icarl.py] => Task 7, Epoch 188/200 => Loss 1.737, Loss_clf 0.103, Loss_kd 1.632, Loss_kernel 0.001, Train_accy 97.25
2025-06-27 02:44:36,385 [icarl.py] => Task 7, Epoch 189/200 => Loss 1.721, Loss_clf 0.096, Loss_kd 1.624, Loss_kernel 0.001, Train_accy 97.34
2025-06-27 02:44:46,603 [icarl.py] => Task 7, Epoch 190/200 => Loss 1.753, Loss_clf 0.100, Loss_kd 1.651, Loss_kernel 0.001, Train_accy 97.88
2025-06-27 02:45:09,575 [icarl.py] => Task 7, Epoch 191/200 => Loss 1.728, Loss_clf 0.100, Loss_kd 1.627, Loss_kernel 0.001, Train_accy 97.44, Test_accy {'Art': 21.38, 'Clipart': 44.67, 'Real World': 37.59, 'Product': 66.72}
2025-06-27 02:45:21,609 [icarl.py] => Task 7, Epoch 192/200 => Loss 1.740, Loss_clf 0.115, Loss_kd 1.624, Loss_kernel 0.001, Train_accy 96.77
2025-06-27 02:45:32,557 [icarl.py] => Task 7, Epoch 193/200 => Loss 1.731, Loss_clf 0.092, Loss_kd 1.638, Loss_kernel 0.001, Train_accy 97.79
2025-06-27 02:45:42,259 [icarl.py] => Task 7, Epoch 194/200 => Loss 1.714, Loss_clf 0.095, Loss_kd 1.618, Loss_kernel 0.001, Train_accy 97.67
2025-06-27 02:45:52,149 [icarl.py] => Task 7, Epoch 195/200 => Loss 1.709, Loss_clf 0.091, Loss_kd 1.617, Loss_kernel 0.001, Train_accy 97.68
2025-06-27 02:46:15,898 [icarl.py] => Task 7, Epoch 196/200 => Loss 1.735, Loss_clf 0.106, Loss_kd 1.628, Loss_kernel 0.001, Train_accy 97.25, Test_accy {'Art': 21.05, 'Clipart': 43.74, 'Real World': 37.77, 'Product': 67.24}
2025-06-27 02:46:25,641 [icarl.py] => Task 7, Epoch 197/200 => Loss 1.722, Loss_clf 0.095, Loss_kd 1.626, Loss_kernel 0.001, Train_accy 97.78
2025-06-27 02:46:37,155 [icarl.py] => Task 7, Epoch 198/200 => Loss 1.723, Loss_clf 0.110, Loss_kd 1.613, Loss_kernel 0.001, Train_accy 97.14
2025-06-27 02:46:48,399 [icarl.py] => Task 7, Epoch 199/200 => Loss 1.749, Loss_clf 0.109, Loss_kd 1.639, Loss_kernel 0.001, Train_accy 97.00
2025-06-27 02:46:58,723 [icarl.py] => Task 7, Epoch 200/200 => Loss 1.690, Loss_clf 0.098, Loss_kd 1.591, Loss_kernel 0.001, Train_accy 97.49
2025-06-27 02:46:58,725 [base.py] => Reducing exemplars...(32 per classes)
2025-06-27 02:47:22,423 [base.py] => Constructing exemplars...(32 per classes)
2025-06-27 02:47:58,501 [icarl.py] => Exemplar size: 1280
2025-06-27 02:47:59,574 [trainer.py] => CNN [Art]: {'total': 21.71, '00-04': 60.53, '05-09': 26.47, '10-14': 16.22, '15-19': 29.63, '20-24': 5.26, '25-29': 8.82, '30-34': 10.91, '35-39': 21.95, 'old': 21.67, 'new': 21.95}
2025-06-27 02:47:59,575 [trainer.py] => NME [Art]: {'total': 21.05, '00-04': 47.37, '05-09': 20.59, '10-14': 16.22, '15-19': 29.63, '20-24': 5.26, '25-29': 8.82, '30-34': 18.18, '35-39': 24.39, 'old': 20.53, 'new': 24.39}
2025-06-27 02:47:59,575 [trainer.py] => CNN [Art] top1 curve: [57.89, 43.06, 35.78, 35.29, 29.89, 25.48, 23.95, 21.71]
2025-06-27 02:47:59,575 [trainer.py] => CNN [Art] top5 curve: [97.37, 81.94, 66.06, 59.56, 48.85, 40.87, 42.21, 42.11]
2025-06-27 02:47:59,575 [trainer.py] => NME [Art] top1 curve: [63.16, 54.17, 40.37, 39.71, 29.31, 25.96, 23.95, 21.05]
2025-06-27 02:47:59,575 [trainer.py] => NME [Art] top5 curve: [100.0, 87.5, 80.73, 68.38, 55.75, 48.56, 51.33, 44.74]
2025-06-27 02:47:59,575 [trainer.py] => Average Accuracy [Art] (CNN): 34.13125
2025-06-27 02:47:59,575 [trainer.py] => Average Accuracy [Art] (NME): 37.21
2025-06-27 02:47:59,575 [trainer.py] => CNN [Clipart]: {'total': 43.74, '00-04': 56.41, '05-09': 46.77, '10-14': 37.88, '15-19': 45.28, '20-24': 32.58, '25-29': 25.81, '30-34': 48.44, '35-39': 59.02, 'old': 41.77, 'new': 59.02}
2025-06-27 02:47:59,575 [trainer.py] => NME [Clipart]: {'total': 46.92, '00-04': 48.72, '05-09': 43.55, '10-14': 51.52, '15-19': 52.83, '20-24': 34.83, '25-29': 33.87, '30-34': 53.12, '35-39': 62.3, 'old': 44.94, 'new': 62.3}
2025-06-27 02:47:59,576 [trainer.py] => CNN [Clipart] top1 curve: [75.64, 67.86, 65.05, 66.8, 57.47, 53.41, 48.95, 43.74]
2025-06-27 02:47:59,576 [trainer.py] => CNN [Clipart] top5 curve: [98.72, 94.29, 87.86, 85.71, 82.76, 75.61, 74.26, 71.03]
2025-06-27 02:47:59,576 [trainer.py] => NME [Clipart] top1 curve: [71.79, 70.71, 66.5, 65.64, 59.2, 54.39, 50.84, 46.92]
2025-06-27 02:47:59,576 [trainer.py] => NME [Clipart] top5 curve: [100.0, 94.29, 85.92, 87.26, 82.18, 79.51, 75.53, 75.14]
2025-06-27 02:47:59,576 [trainer.py] => Average Accuracy [Clipart] (CNN): 59.865
2025-06-27 02:47:59,576 [trainer.py] => Average Accuracy [Clipart] (NME): 60.74875
2025-06-27 02:47:59,576 [trainer.py] => CNN [Product]: {'total': 67.24, '00-04': 75.29, '05-09': 63.75, '10-14': 79.03, '15-19': 61.04, '20-24': 52.46, '25-29': 63.29, '30-34': 64.18, '35-39': 78.79, 'old': 65.75, 'new': 78.79}
2025-06-27 02:47:59,576 [trainer.py] => NME [Product]: {'total': 70.54, '00-04': 71.76, '05-09': 65.0, '10-14': 82.26, '15-19': 64.94, '20-24': 57.38, '25-29': 70.89, '30-34': 70.15, '35-39': 83.33, 'old': 68.88, 'new': 83.33}
2025-06-27 02:47:59,576 [trainer.py] => CNN [Product] top1 curve: [85.88, 86.06, 87.67, 81.91, 75.89, 71.17, 68.88, 67.24]
2025-06-27 02:47:59,576 [trainer.py] => CNN [Product] top5 curve: [100.0, 99.39, 98.24, 97.7, 92.05, 91.44, 89.43, 87.69]
2025-06-27 02:47:59,576 [trainer.py] => NME [Product] top1 curve: [90.59, 87.88, 92.51, 84.87, 78.36, 76.13, 70.45, 70.54]
2025-06-27 02:47:59,577 [trainer.py] => NME [Product] top5 curve: [100.0, 99.39, 99.12, 98.68, 95.07, 93.02, 91.78, 89.08]
2025-06-27 02:47:59,577 [trainer.py] => Average Accuracy [Product] (CNN): 78.0875
2025-06-27 02:47:59,577 [trainer.py] => Average Accuracy [Product] (NME): 81.41625
2025-06-27 02:47:59,577 [trainer.py] => CNN [Real World]: {'total': 37.41, '00-04': 54.79, '05-09': 52.94, '10-14': 30.56, '15-19': 38.81, '20-24': 12.31, '25-29': 27.27, '30-34': 38.67, '35-39': 44.07, 'old': 36.62, 'new': 44.07}
2025-06-27 02:47:59,577 [trainer.py] => NME [Real World]: {'total': 40.29, '00-04': 46.58, '05-09': 55.88, '10-14': 31.94, '15-19': 40.3, '20-24': 12.31, '25-29': 42.86, '30-34': 46.67, '35-39': 44.07, 'old': 39.84, 'new': 44.07}
2025-06-27 02:47:59,577 [trainer.py] => CNN [Real World] top1 curve: [71.23, 64.54, 58.22, 52.86, 48.7, 45.97, 43.66, 37.41]
2025-06-27 02:47:59,577 [trainer.py] => CNN [Real World] top5 curve: [100.0, 92.2, 84.98, 76.07, 73.04, 72.99, 71.03, 64.93]
2025-06-27 02:47:59,577 [trainer.py] => NME [Real World] top1 curve: [79.45, 70.21, 60.56, 56.43, 49.86, 50.0, 47.89, 40.29]
2025-06-27 02:47:59,577 [trainer.py] => NME [Real World] top5 curve: [100.0, 96.45, 85.92, 82.5, 79.71, 79.62, 76.66, 69.96]
2025-06-27 02:47:59,577 [trainer.py] => Average Accuracy [Real World] (CNN): 52.823750000000004
2025-06-27 02:47:59,578 [trainer.py] => Average Accuracy [Real World] (NME): 56.83625
2025-06-27 02:47:59,578 [trainer.py] => NME Harmonic Mean : 30.0646
2025-06-27 02:47:59,578 [trainer.py] => NME Macro Mean : 44.7000
2025-06-27 02:47:59,578 [trainer.py] => CNN Harmonic Mean : 30.1756
2025-06-27 02:47:59,578 [trainer.py] => CNN Macro Mean : 42.5250
2025-06-27 02:47:59,579 [trainer.py] => All params: 21310322
2025-06-27 02:47:59,579 [trainer.py] => Trainable params: 21310322
2025-06-27 02:47:59,581 [icarl.py] => Learning on 40-45
2025-06-27 02:48:30,400 [icarl.py] => Task 8, Epoch 1/200 => Loss 5.111, Loss_clf 2.544, Loss_kd 2.564, Loss_kernel 0.003, Train_accy 38.72, Test_accy {'Art': 6.43, 'Clipart': 7.15, 'Real World': 4.52, 'Product': 3.25}
2025-06-27 02:48:46,904 [icarl.py] => Task 8, Epoch 2/200 => Loss 6.011, Loss_clf 2.883, Loss_kd 3.122, Loss_kernel 0.006, Train_accy 25.71
2025-06-27 02:49:03,134 [icarl.py] => Task 8, Epoch 3/200 => Loss 5.202, Loss_clf 2.365, Loss_kd 2.832, Loss_kernel 0.005, Train_accy 35.73
2025-06-27 02:49:18,854 [icarl.py] => Task 8, Epoch 4/200 => Loss 4.772, Loss_clf 2.088, Loss_kd 2.680, Loss_kernel 0.004, Train_accy 41.83
2025-06-27 02:49:34,480 [icarl.py] => Task 8, Epoch 5/200 => Loss 4.479, Loss_clf 1.906, Loss_kd 2.570, Loss_kernel 0.004, Train_accy 45.95
2025-06-27 02:50:04,639 [icarl.py] => Task 8, Epoch 6/200 => Loss 4.146, Loss_clf 1.702, Loss_kd 2.441, Loss_kernel 0.003, Train_accy 51.18, Test_accy {'Art': 12.87, 'Clipart': 28.29, 'Real World': 25.48, 'Product': 41.58}
2025-06-27 02:50:21,188 [icarl.py] => Task 8, Epoch 7/200 => Loss 4.131, Loss_clf 1.678, Loss_kd 2.449, Loss_kernel 0.004, Train_accy 51.84
2025-06-27 02:50:36,904 [icarl.py] => Task 8, Epoch 8/200 => Loss 3.904, Loss_clf 1.528, Loss_kd 2.373, Loss_kernel 0.003, Train_accy 56.06
2025-06-27 02:50:52,692 [icarl.py] => Task 8, Epoch 9/200 => Loss 3.886, Loss_clf 1.521, Loss_kd 2.362, Loss_kernel 0.003, Train_accy 55.41
2025-06-27 02:51:07,449 [icarl.py] => Task 8, Epoch 10/200 => Loss 3.720, Loss_clf 1.404, Loss_kd 2.313, Loss_kernel 0.003, Train_accy 59.38
2025-06-27 02:51:37,314 [icarl.py] => Task 8, Epoch 11/200 => Loss 3.614, Loss_clf 1.321, Loss_kd 2.290, Loss_kernel 0.003, Train_accy 62.65, Test_accy {'Art': 15.79, 'Clipart': 35.44, 'Real World': 30.32, 'Product': 50.23}
2025-06-27 02:51:54,265 [icarl.py] => Task 8, Epoch 12/200 => Loss 3.491, Loss_clf 1.261, Loss_kd 2.226, Loss_kernel 0.003, Train_accy 63.67
2025-06-27 02:52:09,063 [icarl.py] => Task 8, Epoch 13/200 => Loss 3.332, Loss_clf 1.143, Loss_kd 2.186, Loss_kernel 0.003, Train_accy 67.28
2025-06-27 02:52:24,539 [icarl.py] => Task 8, Epoch 14/200 => Loss 3.308, Loss_clf 1.138, Loss_kd 2.167, Loss_kernel 0.003, Train_accy 66.84
2025-06-27 02:52:40,664 [icarl.py] => Task 8, Epoch 15/200 => Loss 3.296, Loss_clf 1.105, Loss_kd 2.188, Loss_kernel 0.003, Train_accy 66.81
2025-06-27 02:53:11,991 [icarl.py] => Task 8, Epoch 16/200 => Loss 3.207, Loss_clf 1.075, Loss_kd 2.129, Loss_kernel 0.003, Train_accy 69.86, Test_accy {'Art': 17.84, 'Clipart': 35.27, 'Real World': 31.61, 'Product': 45.29}
2025-06-27 02:53:27,427 [icarl.py] => Task 8, Epoch 17/200 => Loss 3.129, Loss_clf 1.011, Loss_kd 2.115, Loss_kernel 0.003, Train_accy 70.52
2025-06-27 02:53:43,151 [icarl.py] => Task 8, Epoch 18/200 => Loss 3.078, Loss_clf 0.979, Loss_kd 2.096, Loss_kernel 0.003, Train_accy 71.21
2025-06-27 02:53:59,784 [icarl.py] => Task 8, Epoch 19/200 => Loss 2.994, Loss_clf 0.923, Loss_kd 2.068, Loss_kernel 0.003, Train_accy 73.55
2025-06-27 02:54:17,114 [icarl.py] => Task 8, Epoch 20/200 => Loss 2.884, Loss_clf 0.838, Loss_kd 2.043, Loss_kernel 0.003, Train_accy 75.93
2025-06-27 02:54:48,465 [icarl.py] => Task 8, Epoch 21/200 => Loss 2.928, Loss_clf 0.875, Loss_kd 2.050, Loss_kernel 0.003, Train_accy 73.95, Test_accy {'Art': 18.13, 'Clipart': 36.27, 'Real World': 32.74, 'Product': 48.07}
2025-06-27 02:55:04,615 [icarl.py] => Task 8, Epoch 22/200 => Loss 2.814, Loss_clf 0.786, Loss_kd 2.024, Loss_kernel 0.003, Train_accy 76.89
2025-06-27 02:55:21,482 [icarl.py] => Task 8, Epoch 23/200 => Loss 2.762, Loss_clf 0.747, Loss_kd 2.013, Loss_kernel 0.003, Train_accy 77.29
2025-06-27 02:55:37,311 [icarl.py] => Task 8, Epoch 24/200 => Loss 2.839, Loss_clf 0.809, Loss_kd 2.027, Loss_kernel 0.003, Train_accy 76.40
2025-06-27 02:55:52,656 [icarl.py] => Task 8, Epoch 25/200 => Loss 2.790, Loss_clf 0.778, Loss_kd 2.009, Loss_kernel 0.003, Train_accy 76.25
2025-06-27 02:56:24,082 [icarl.py] => Task 8, Epoch 26/200 => Loss 2.704, Loss_clf 0.721, Loss_kd 1.980, Loss_kernel 0.003, Train_accy 78.40, Test_accy {'Art': 19.3, 'Clipart': 39.1, 'Real World': 33.23, 'Product': 55.49}
2025-06-27 02:56:39,512 [icarl.py] => Task 8, Epoch 27/200 => Loss 2.712, Loss_clf 0.726, Loss_kd 1.984, Loss_kernel 0.003, Train_accy 79.60
2025-06-27 02:56:55,077 [icarl.py] => Task 8, Epoch 28/200 => Loss 2.603, Loss_clf 0.644, Loss_kd 1.956, Loss_kernel 0.003, Train_accy 81.19
2025-06-27 02:57:10,393 [icarl.py] => Task 8, Epoch 29/200 => Loss 2.547, Loss_clf 0.610, Loss_kd 1.935, Loss_kernel 0.003, Train_accy 82.18
2025-06-27 02:57:25,854 [icarl.py] => Task 8, Epoch 30/200 => Loss 2.660, Loss_clf 0.673, Loss_kd 1.984, Loss_kernel 0.003, Train_accy 80.23
2025-06-27 02:57:56,179 [icarl.py] => Task 8, Epoch 31/200 => Loss 2.686, Loss_clf 0.702, Loss_kd 1.981, Loss_kernel 0.003, Train_accy 78.85, Test_accy {'Art': 14.62, 'Clipart': 37.27, 'Real World': 32.74, 'Product': 53.63}
2025-06-27 02:58:10,383 [icarl.py] => Task 8, Epoch 32/200 => Loss 2.648, Loss_clf 0.667, Loss_kd 1.978, Loss_kernel 0.003, Train_accy 81.10
2025-06-27 02:58:24,879 [icarl.py] => Task 8, Epoch 33/200 => Loss 2.501, Loss_clf 0.571, Loss_kd 1.927, Loss_kernel 0.003, Train_accy 83.88
2025-06-27 02:58:39,881 [icarl.py] => Task 8, Epoch 34/200 => Loss 2.507, Loss_clf 0.576, Loss_kd 1.928, Loss_kernel 0.003, Train_accy 83.76
2025-06-27 02:58:55,952 [icarl.py] => Task 8, Epoch 35/200 => Loss 2.541, Loss_clf 0.600, Loss_kd 1.938, Loss_kernel 0.002, Train_accy 81.70
2025-06-27 02:59:25,782 [icarl.py] => Task 8, Epoch 36/200 => Loss 2.497, Loss_clf 0.576, Loss_kd 1.919, Loss_kernel 0.002, Train_accy 83.62, Test_accy {'Art': 18.42, 'Clipart': 43.59, 'Real World': 35.48, 'Product': 58.58}
2025-06-27 02:59:40,737 [icarl.py] => Task 8, Epoch 37/200 => Loss 2.522, Loss_clf 0.606, Loss_kd 1.913, Loss_kernel 0.002, Train_accy 82.77
2025-06-27 02:59:56,198 [icarl.py] => Task 8, Epoch 38/200 => Loss 2.442, Loss_clf 0.517, Loss_kd 1.923, Loss_kernel 0.002, Train_accy 84.99
2025-06-27 03:00:11,745 [icarl.py] => Task 8, Epoch 39/200 => Loss 2.440, Loss_clf 0.518, Loss_kd 1.919, Loss_kernel 0.002, Train_accy 84.64
2025-06-27 03:00:26,024 [icarl.py] => Task 8, Epoch 40/200 => Loss 2.410, Loss_clf 0.520, Loss_kd 1.888, Loss_kernel 0.002, Train_accy 84.10
2025-06-27 03:00:55,959 [icarl.py] => Task 8, Epoch 41/200 => Loss 2.431, Loss_clf 0.532, Loss_kd 1.896, Loss_kernel 0.002, Train_accy 84.59, Test_accy {'Art': 15.2, 'Clipart': 39.77, 'Real World': 34.84, 'Product': 56.72}
2025-06-27 03:01:11,790 [icarl.py] => Task 8, Epoch 42/200 => Loss 2.438, Loss_clf 0.532, Loss_kd 1.904, Loss_kernel 0.002, Train_accy 84.21
2025-06-27 03:01:27,212 [icarl.py] => Task 8, Epoch 43/200 => Loss 2.448, Loss_clf 0.539, Loss_kd 1.907, Loss_kernel 0.003, Train_accy 84.39
2025-06-27 03:01:42,827 [icarl.py] => Task 8, Epoch 44/200 => Loss 2.453, Loss_clf 0.547, Loss_kd 1.903, Loss_kernel 0.002, Train_accy 84.14
2025-06-27 03:01:57,306 [icarl.py] => Task 8, Epoch 45/200 => Loss 2.456, Loss_clf 0.540, Loss_kd 1.913, Loss_kernel 0.002, Train_accy 85.02
2025-06-27 03:02:27,296 [icarl.py] => Task 8, Epoch 46/200 => Loss 2.401, Loss_clf 0.513, Loss_kd 1.886, Loss_kernel 0.002, Train_accy 84.92, Test_accy {'Art': 16.67, 'Clipart': 37.6, 'Real World': 33.87, 'Product': 59.04}
2025-06-27 03:02:40,773 [icarl.py] => Task 8, Epoch 47/200 => Loss 2.387, Loss_clf 0.494, Loss_kd 1.891, Loss_kernel 0.002, Train_accy 86.12
2025-06-27 03:02:56,368 [icarl.py] => Task 8, Epoch 48/200 => Loss 2.415, Loss_clf 0.520, Loss_kd 1.893, Loss_kernel 0.002, Train_accy 85.07
2025-06-27 03:03:12,511 [icarl.py] => Task 8, Epoch 49/200 => Loss 2.409, Loss_clf 0.507, Loss_kd 1.900, Loss_kernel 0.002, Train_accy 84.76
2025-06-27 03:03:26,634 [icarl.py] => Task 8, Epoch 50/200 => Loss 2.324, Loss_clf 0.452, Loss_kd 1.869, Loss_kernel 0.002, Train_accy 86.90
2025-06-27 03:03:56,455 [icarl.py] => Task 8, Epoch 51/200 => Loss 2.357, Loss_clf 0.474, Loss_kd 1.881, Loss_kernel 0.002, Train_accy 86.35, Test_accy {'Art': 20.47, 'Clipart': 39.77, 'Real World': 35.0, 'Product': 56.57}
2025-06-27 03:04:10,989 [icarl.py] => Task 8, Epoch 52/200 => Loss 2.349, Loss_clf 0.470, Loss_kd 1.877, Loss_kernel 0.002, Train_accy 86.55
2025-06-27 03:04:25,021 [icarl.py] => Task 8, Epoch 53/200 => Loss 2.300, Loss_clf 0.427, Loss_kd 1.872, Loss_kernel 0.002, Train_accy 87.27
2025-06-27 03:04:40,184 [icarl.py] => Task 8, Epoch 54/200 => Loss 2.369, Loss_clf 0.481, Loss_kd 1.886, Loss_kernel 0.002, Train_accy 86.06
2025-06-27 03:04:56,012 [icarl.py] => Task 8, Epoch 55/200 => Loss 2.341, Loss_clf 0.480, Loss_kd 1.859, Loss_kernel 0.002, Train_accy 85.96
2025-06-27 03:05:25,627 [icarl.py] => Task 8, Epoch 56/200 => Loss 2.373, Loss_clf 0.478, Loss_kd 1.893, Loss_kernel 0.002, Train_accy 85.96, Test_accy {'Art': 16.08, 'Clipart': 34.28, 'Real World': 31.13, 'Product': 53.01}
2025-06-27 03:05:40,069 [icarl.py] => Task 8, Epoch 57/200 => Loss 2.333, Loss_clf 0.466, Loss_kd 1.865, Loss_kernel 0.002, Train_accy 86.32
2025-06-27 03:05:55,026 [icarl.py] => Task 8, Epoch 58/200 => Loss 2.337, Loss_clf 0.471, Loss_kd 1.864, Loss_kernel 0.002, Train_accy 85.78
2025-06-27 03:06:10,256 [icarl.py] => Task 8, Epoch 59/200 => Loss 2.355, Loss_clf 0.471, Loss_kd 1.882, Loss_kernel 0.002, Train_accy 86.25
2025-06-27 03:06:25,717 [icarl.py] => Task 8, Epoch 60/200 => Loss 2.331, Loss_clf 0.476, Loss_kd 1.853, Loss_kernel 0.002, Train_accy 85.16
2025-06-27 03:06:54,488 [icarl.py] => Task 8, Epoch 61/200 => Loss 2.363, Loss_clf 0.484, Loss_kd 1.877, Loss_kernel 0.002, Train_accy 87.32, Test_accy {'Art': 19.3, 'Clipart': 40.6, 'Real World': 36.13, 'Product': 61.36}
2025-06-27 03:07:08,412 [icarl.py] => Task 8, Epoch 62/200 => Loss 2.266, Loss_clf 0.407, Loss_kd 1.857, Loss_kernel 0.002, Train_accy 88.54
2025-06-27 03:07:23,484 [icarl.py] => Task 8, Epoch 63/200 => Loss 2.297, Loss_clf 0.440, Loss_kd 1.856, Loss_kernel 0.002, Train_accy 86.67
2025-06-27 03:07:39,039 [icarl.py] => Task 8, Epoch 64/200 => Loss 2.357, Loss_clf 0.469, Loss_kd 1.886, Loss_kernel 0.002, Train_accy 85.77
2025-06-27 03:07:54,496 [icarl.py] => Task 8, Epoch 65/200 => Loss 2.261, Loss_clf 0.406, Loss_kd 1.853, Loss_kernel 0.002, Train_accy 88.21
2025-06-27 03:08:23,600 [icarl.py] => Task 8, Epoch 66/200 => Loss 2.312, Loss_clf 0.452, Loss_kd 1.857, Loss_kernel 0.002, Train_accy 87.19, Test_accy {'Art': 19.01, 'Clipart': 36.94, 'Real World': 34.84, 'Product': 52.09}
2025-06-27 03:08:38,412 [icarl.py] => Task 8, Epoch 67/200 => Loss 2.303, Loss_clf 0.463, Loss_kd 1.838, Loss_kernel 0.002, Train_accy 86.85
2025-06-27 03:08:51,977 [icarl.py] => Task 8, Epoch 68/200 => Loss 2.213, Loss_clf 0.386, Loss_kd 1.825, Loss_kernel 0.002, Train_accy 88.49
2025-06-27 03:09:05,665 [icarl.py] => Task 8, Epoch 69/200 => Loss 2.251, Loss_clf 0.400, Loss_kd 1.850, Loss_kernel 0.002, Train_accy 87.97
2025-06-27 03:09:20,822 [icarl.py] => Task 8, Epoch 70/200 => Loss 2.183, Loss_clf 0.357, Loss_kd 1.824, Loss_kernel 0.002, Train_accy 89.58
2025-06-27 03:09:50,250 [icarl.py] => Task 8, Epoch 71/200 => Loss 2.196, Loss_clf 0.371, Loss_kd 1.823, Loss_kernel 0.002, Train_accy 89.29, Test_accy {'Art': 17.25, 'Clipart': 33.94, 'Real World': 30.32, 'Product': 49.61}
2025-06-27 03:10:05,081 [icarl.py] => Task 8, Epoch 72/200 => Loss 2.208, Loss_clf 0.389, Loss_kd 1.817, Loss_kernel 0.002, Train_accy 89.31
2025-06-27 03:10:18,479 [icarl.py] => Task 8, Epoch 73/200 => Loss 2.212, Loss_clf 0.383, Loss_kd 1.827, Loss_kernel 0.002, Train_accy 89.13
2025-06-27 03:10:33,199 [icarl.py] => Task 8, Epoch 74/200 => Loss 2.253, Loss_clf 0.402, Loss_kd 1.850, Loss_kernel 0.002, Train_accy 88.29
2025-06-27 03:10:47,416 [icarl.py] => Task 8, Epoch 75/200 => Loss 2.213, Loss_clf 0.381, Loss_kd 1.830, Loss_kernel 0.002, Train_accy 89.21
2025-06-27 03:11:16,706 [icarl.py] => Task 8, Epoch 76/200 => Loss 2.250, Loss_clf 0.395, Loss_kd 1.852, Loss_kernel 0.002, Train_accy 88.59, Test_accy {'Art': 16.08, 'Clipart': 32.95, 'Real World': 34.84, 'Product': 45.9}
2025-06-27 03:11:29,467 [icarl.py] => Task 8, Epoch 77/200 => Loss 2.197, Loss_clf 0.368, Loss_kd 1.827, Loss_kernel 0.002, Train_accy 89.17
2025-06-27 03:11:44,033 [icarl.py] => Task 8, Epoch 78/200 => Loss 2.199, Loss_clf 0.380, Loss_kd 1.817, Loss_kernel 0.002, Train_accy 89.23
2025-06-27 03:11:58,077 [icarl.py] => Task 8, Epoch 79/200 => Loss 2.169, Loss_clf 0.341, Loss_kd 1.826, Loss_kernel 0.002, Train_accy 90.68
2025-06-27 03:12:14,789 [icarl.py] => Task 8, Epoch 80/200 => Loss 2.181, Loss_clf 0.351, Loss_kd 1.828, Loss_kernel 0.002, Train_accy 89.67
2025-06-27 03:12:45,301 [icarl.py] => Task 8, Epoch 81/200 => Loss 2.177, Loss_clf 0.348, Loss_kd 1.828, Loss_kernel 0.002, Train_accy 90.08, Test_accy {'Art': 19.3, 'Clipart': 39.93, 'Real World': 34.52, 'Product': 59.2}
2025-06-27 03:13:00,288 [icarl.py] => Task 8, Epoch 82/200 => Loss 2.143, Loss_clf 0.340, Loss_kd 1.801, Loss_kernel 0.002, Train_accy 90.44
2025-06-27 03:13:15,445 [icarl.py] => Task 8, Epoch 83/200 => Loss 2.163, Loss_clf 0.343, Loss_kd 1.818, Loss_kernel 0.002, Train_accy 89.73
2025-06-27 03:13:32,952 [icarl.py] => Task 8, Epoch 84/200 => Loss 2.192, Loss_clf 0.376, Loss_kd 1.814, Loss_kernel 0.002, Train_accy 89.10
2025-06-27 03:13:46,843 [icarl.py] => Task 8, Epoch 85/200 => Loss 2.144, Loss_clf 0.344, Loss_kd 1.798, Loss_kernel 0.002, Train_accy 90.33
2025-06-27 03:14:16,501 [icarl.py] => Task 8, Epoch 86/200 => Loss 2.153, Loss_clf 0.342, Loss_kd 1.809, Loss_kernel 0.002, Train_accy 89.64, Test_accy {'Art': 17.84, 'Clipart': 38.1, 'Real World': 34.03, 'Product': 52.4}
2025-06-27 03:14:29,719 [icarl.py] => Task 8, Epoch 87/200 => Loss 2.132, Loss_clf 0.325, Loss_kd 1.806, Loss_kernel 0.002, Train_accy 91.21
2025-06-27 03:14:44,330 [icarl.py] => Task 8, Epoch 88/200 => Loss 2.146, Loss_clf 0.336, Loss_kd 1.808, Loss_kernel 0.002, Train_accy 90.53
2025-06-27 03:14:59,244 [icarl.py] => Task 8, Epoch 89/200 => Loss 2.125, Loss_clf 0.322, Loss_kd 1.801, Loss_kernel 0.002, Train_accy 89.84
2025-06-27 03:15:13,850 [icarl.py] => Task 8, Epoch 90/200 => Loss 2.163, Loss_clf 0.339, Loss_kd 1.822, Loss_kernel 0.002, Train_accy 90.05
2025-06-27 03:15:41,612 [icarl.py] => Task 8, Epoch 91/200 => Loss 2.134, Loss_clf 0.341, Loss_kd 1.792, Loss_kernel 0.002, Train_accy 89.64, Test_accy {'Art': 17.25, 'Clipart': 40.43, 'Real World': 36.45, 'Product': 55.64}
2025-06-27 03:15:56,605 [icarl.py] => Task 8, Epoch 92/200 => Loss 2.114, Loss_clf 0.302, Loss_kd 1.811, Loss_kernel 0.001, Train_accy 91.55
2025-06-27 03:16:10,899 [icarl.py] => Task 8, Epoch 93/200 => Loss 2.093, Loss_clf 0.307, Loss_kd 1.784, Loss_kernel 0.001, Train_accy 91.29
2025-06-27 03:16:25,834 [icarl.py] => Task 8, Epoch 94/200 => Loss 2.049, Loss_clf 0.278, Loss_kd 1.769, Loss_kernel 0.001, Train_accy 92.96
2025-06-27 03:16:40,159 [icarl.py] => Task 8, Epoch 95/200 => Loss 2.042, Loss_clf 0.286, Loss_kd 1.755, Loss_kernel 0.001, Train_accy 91.53
2025-06-27 03:17:10,899 [icarl.py] => Task 8, Epoch 96/200 => Loss 2.099, Loss_clf 0.317, Loss_kd 1.781, Loss_kernel 0.001, Train_accy 90.66, Test_accy {'Art': 19.01, 'Clipart': 43.59, 'Real World': 40.0, 'Product': 61.51}
2025-06-27 03:17:23,715 [icarl.py] => Task 8, Epoch 97/200 => Loss 2.027, Loss_clf 0.270, Loss_kd 1.755, Loss_kernel 0.001, Train_accy 92.21
2025-06-27 03:17:37,054 [icarl.py] => Task 8, Epoch 98/200 => Loss 2.065, Loss_clf 0.299, Loss_kd 1.765, Loss_kernel 0.001, Train_accy 91.23
2025-06-27 03:17:51,904 [icarl.py] => Task 8, Epoch 99/200 => Loss 2.065, Loss_clf 0.299, Loss_kd 1.765, Loss_kernel 0.001, Train_accy 91.14
2025-06-27 03:18:07,861 [icarl.py] => Task 8, Epoch 100/200 => Loss 2.016, Loss_clf 0.265, Loss_kd 1.749, Loss_kernel 0.001, Train_accy 92.30
2025-06-27 03:18:36,443 [icarl.py] => Task 8, Epoch 101/200 => Loss 2.004, Loss_clf 0.260, Loss_kd 1.742, Loss_kernel 0.001, Train_accy 92.21, Test_accy {'Art': 18.13, 'Clipart': 46.42, 'Real World': 37.1, 'Product': 61.67}
2025-06-27 03:18:50,164 [icarl.py] => Task 8, Epoch 102/200 => Loss 2.046, Loss_clf 0.270, Loss_kd 1.774, Loss_kernel 0.001, Train_accy 93.18
2025-06-27 03:19:04,163 [icarl.py] => Task 8, Epoch 103/200 => Loss 2.062, Loss_clf 0.270, Loss_kd 1.791, Loss_kernel 0.001, Train_accy 92.71
2025-06-27 03:19:16,830 [icarl.py] => Task 8, Epoch 104/200 => Loss 1.956, Loss_clf 0.223, Loss_kd 1.732, Loss_kernel 0.001, Train_accy 93.68
2025-06-27 03:19:31,285 [icarl.py] => Task 8, Epoch 105/200 => Loss 1.995, Loss_clf 0.237, Loss_kd 1.756, Loss_kernel 0.001, Train_accy 93.09
2025-06-27 03:19:59,999 [icarl.py] => Task 8, Epoch 106/200 => Loss 1.964, Loss_clf 0.231, Loss_kd 1.731, Loss_kernel 0.001, Train_accy 93.51, Test_accy {'Art': 21.05, 'Clipart': 43.59, 'Real World': 38.55, 'Product': 63.83}
2025-06-27 03:20:15,428 [icarl.py] => Task 8, Epoch 107/200 => Loss 2.020, Loss_clf 0.260, Loss_kd 1.759, Loss_kernel 0.001, Train_accy 92.60
2025-06-27 03:20:31,461 [icarl.py] => Task 8, Epoch 108/200 => Loss 2.027, Loss_clf 0.268, Loss_kd 1.757, Loss_kernel 0.001, Train_accy 92.07
2025-06-27 03:20:45,880 [icarl.py] => Task 8, Epoch 109/200 => Loss 1.959, Loss_clf 0.227, Loss_kd 1.731, Loss_kernel 0.001, Train_accy 93.22
2025-06-27 03:20:58,908 [icarl.py] => Task 8, Epoch 110/200 => Loss 1.960, Loss_clf 0.225, Loss_kd 1.734, Loss_kernel 0.001, Train_accy 93.77
2025-06-27 03:21:27,454 [icarl.py] => Task 8, Epoch 111/200 => Loss 1.970, Loss_clf 0.244, Loss_kd 1.725, Loss_kernel 0.001, Train_accy 92.93, Test_accy {'Art': 18.42, 'Clipart': 45.42, 'Real World': 35.65, 'Product': 62.44}
2025-06-27 03:21:39,671 [icarl.py] => Task 8, Epoch 112/200 => Loss 1.933, Loss_clf 0.205, Loss_kd 1.727, Loss_kernel 0.001, Train_accy 94.58
2025-06-27 03:21:53,154 [icarl.py] => Task 8, Epoch 113/200 => Loss 1.917, Loss_clf 0.197, Loss_kd 1.719, Loss_kernel 0.001, Train_accy 94.60
2025-06-27 03:22:07,213 [icarl.py] => Task 8, Epoch 114/200 => Loss 1.945, Loss_clf 0.207, Loss_kd 1.737, Loss_kernel 0.001, Train_accy 93.80
2025-06-27 03:22:21,173 [icarl.py] => Task 8, Epoch 115/200 => Loss 1.936, Loss_clf 0.215, Loss_kd 1.719, Loss_kernel 0.001, Train_accy 94.10
2025-06-27 03:22:48,013 [icarl.py] => Task 8, Epoch 116/200 => Loss 1.948, Loss_clf 0.207, Loss_kd 1.739, Loss_kernel 0.001, Train_accy 94.48, Test_accy {'Art': 19.59, 'Clipart': 43.26, 'Real World': 38.06, 'Product': 64.91}
2025-06-27 03:23:00,788 [icarl.py] => Task 8, Epoch 117/200 => Loss 1.932, Loss_clf 0.198, Loss_kd 1.733, Loss_kernel 0.001, Train_accy 94.10
2025-06-27 03:23:13,656 [icarl.py] => Task 8, Epoch 118/200 => Loss 1.902, Loss_clf 0.199, Loss_kd 1.702, Loss_kernel 0.001, Train_accy 94.78
2025-06-27 03:23:25,709 [icarl.py] => Task 8, Epoch 119/200 => Loss 1.894, Loss_clf 0.174, Loss_kd 1.719, Loss_kernel 0.001, Train_accy 94.90
2025-06-27 03:23:38,464 [icarl.py] => Task 8, Epoch 120/200 => Loss 1.858, Loss_clf 0.159, Loss_kd 1.698, Loss_kernel 0.001, Train_accy 95.73
2025-06-27 03:24:07,152 [icarl.py] => Task 8, Epoch 121/200 => Loss 1.913, Loss_clf 0.196, Loss_kd 1.715, Loss_kernel 0.001, Train_accy 94.19, Test_accy {'Art': 20.18, 'Clipart': 44.09, 'Real World': 40.97, 'Product': 63.37}
2025-06-27 03:24:20,630 [icarl.py] => Task 8, Epoch 122/200 => Loss 1.906, Loss_clf 0.200, Loss_kd 1.705, Loss_kernel 0.001, Train_accy 94.22
2025-06-27 03:24:34,221 [icarl.py] => Task 8, Epoch 123/200 => Loss 1.912, Loss_clf 0.195, Loss_kd 1.715, Loss_kernel 0.001, Train_accy 94.20
2025-06-27 03:24:46,146 [icarl.py] => Task 8, Epoch 124/200 => Loss 1.906, Loss_clf 0.196, Loss_kd 1.709, Loss_kernel 0.001, Train_accy 94.63
2025-06-27 03:24:59,151 [icarl.py] => Task 8, Epoch 125/200 => Loss 1.911, Loss_clf 0.207, Loss_kd 1.703, Loss_kernel 0.001, Train_accy 93.92
2025-06-27 03:25:27,164 [icarl.py] => Task 8, Epoch 126/200 => Loss 1.892, Loss_clf 0.188, Loss_kd 1.703, Loss_kernel 0.001, Train_accy 94.84, Test_accy {'Art': 19.01, 'Clipart': 43.09, 'Real World': 38.06, 'Product': 65.07}
2025-06-27 03:25:40,656 [icarl.py] => Task 8, Epoch 127/200 => Loss 1.911, Loss_clf 0.188, Loss_kd 1.722, Loss_kernel 0.001, Train_accy 95.08
2025-06-27 03:25:53,668 [icarl.py] => Task 8, Epoch 128/200 => Loss 1.882, Loss_clf 0.189, Loss_kd 1.692, Loss_kernel 0.001, Train_accy 94.73
2025-06-27 03:26:07,027 [icarl.py] => Task 8, Epoch 129/200 => Loss 1.889, Loss_clf 0.186, Loss_kd 1.702, Loss_kernel 0.001, Train_accy 94.93
2025-06-27 03:26:18,712 [icarl.py] => Task 8, Epoch 130/200 => Loss 1.847, Loss_clf 0.152, Loss_kd 1.694, Loss_kernel 0.001, Train_accy 95.96
2025-06-27 03:26:46,440 [icarl.py] => Task 8, Epoch 131/200 => Loss 1.873, Loss_clf 0.175, Loss_kd 1.697, Loss_kernel 0.001, Train_accy 95.37, Test_accy {'Art': 19.01, 'Clipart': 43.26, 'Real World': 38.55, 'Product': 64.45}
2025-06-27 03:27:00,102 [icarl.py] => Task 8, Epoch 132/200 => Loss 1.880, Loss_clf 0.192, Loss_kd 1.687, Loss_kernel 0.001, Train_accy 94.40
2025-06-27 03:27:13,553 [icarl.py] => Task 8, Epoch 133/200 => Loss 1.886, Loss_clf 0.180, Loss_kd 1.705, Loss_kernel 0.001, Train_accy 95.08
2025-06-27 03:27:27,538 [icarl.py] => Task 8, Epoch 134/200 => Loss 1.870, Loss_clf 0.168, Loss_kd 1.700, Loss_kernel 0.001, Train_accy 95.61
2025-06-27 03:27:39,160 [icarl.py] => Task 8, Epoch 135/200 => Loss 1.831, Loss_clf 0.149, Loss_kd 1.680, Loss_kernel 0.001, Train_accy 95.95
2025-06-27 03:28:06,898 [icarl.py] => Task 8, Epoch 136/200 => Loss 1.881, Loss_clf 0.174, Loss_kd 1.706, Loss_kernel 0.001, Train_accy 95.66, Test_accy {'Art': 19.59, 'Clipart': 43.59, 'Real World': 37.9, 'Product': 65.07}
2025-06-27 03:28:19,356 [icarl.py] => Task 8, Epoch 137/200 => Loss 1.866, Loss_clf 0.174, Loss_kd 1.692, Loss_kernel 0.001, Train_accy 95.11
2025-06-27 03:28:31,292 [icarl.py] => Task 8, Epoch 138/200 => Loss 1.866, Loss_clf 0.167, Loss_kd 1.698, Loss_kernel 0.001, Train_accy 95.52
2025-06-27 03:28:42,393 [icarl.py] => Task 8, Epoch 139/200 => Loss 1.821, Loss_clf 0.152, Loss_kd 1.668, Loss_kernel 0.001, Train_accy 96.04
2025-06-27 03:28:55,123 [icarl.py] => Task 8, Epoch 140/200 => Loss 1.851, Loss_clf 0.173, Loss_kd 1.677, Loss_kernel 0.001, Train_accy 95.64
2025-06-27 03:29:22,923 [icarl.py] => Task 8, Epoch 141/200 => Loss 1.847, Loss_clf 0.152, Loss_kd 1.694, Loss_kernel 0.001, Train_accy 95.68, Test_accy {'Art': 20.47, 'Clipart': 44.43, 'Real World': 39.84, 'Product': 63.68}
2025-06-27 03:29:34,536 [icarl.py] => Task 8, Epoch 142/200 => Loss 1.865, Loss_clf 0.166, Loss_kd 1.699, Loss_kernel 0.001, Train_accy 95.38
2025-06-27 03:29:46,335 [icarl.py] => Task 8, Epoch 143/200 => Loss 1.823, Loss_clf 0.149, Loss_kd 1.673, Loss_kernel 0.001, Train_accy 96.24
2025-06-27 03:29:59,029 [icarl.py] => Task 8, Epoch 144/200 => Loss 1.842, Loss_clf 0.140, Loss_kd 1.701, Loss_kernel 0.001, Train_accy 96.40
2025-06-27 03:30:11,991 [icarl.py] => Task 8, Epoch 145/200 => Loss 1.819, Loss_clf 0.137, Loss_kd 1.681, Loss_kernel 0.001, Train_accy 96.49
2025-06-27 03:30:39,029 [icarl.py] => Task 8, Epoch 146/200 => Loss 1.800, Loss_clf 0.133, Loss_kd 1.666, Loss_kernel 0.001, Train_accy 96.50, Test_accy {'Art': 20.47, 'Clipart': 44.59, 'Real World': 39.19, 'Product': 65.38}
2025-06-27 03:30:52,924 [icarl.py] => Task 8, Epoch 147/200 => Loss 1.836, Loss_clf 0.151, Loss_kd 1.684, Loss_kernel 0.001, Train_accy 95.56
2025-06-27 03:31:06,516 [icarl.py] => Task 8, Epoch 148/200 => Loss 1.808, Loss_clf 0.131, Loss_kd 1.676, Loss_kernel 0.001, Train_accy 96.89
2025-06-27 03:31:17,396 [icarl.py] => Task 8, Epoch 149/200 => Loss 1.791, Loss_clf 0.123, Loss_kd 1.666, Loss_kernel 0.001, Train_accy 96.96
2025-06-27 03:31:30,576 [icarl.py] => Task 8, Epoch 150/200 => Loss 1.845, Loss_clf 0.163, Loss_kd 1.681, Loss_kernel 0.001, Train_accy 95.50
2025-06-27 03:31:56,835 [icarl.py] => Task 8, Epoch 151/200 => Loss 1.771, Loss_clf 0.130, Loss_kd 1.640, Loss_kernel 0.001, Train_accy 96.87, Test_accy {'Art': 20.47, 'Clipart': 45.09, 'Real World': 39.52, 'Product': 65.53}
2025-06-27 03:32:10,037 [icarl.py] => Task 8, Epoch 152/200 => Loss 1.812, Loss_clf 0.140, Loss_kd 1.670, Loss_kernel 0.001, Train_accy 96.11
2025-06-27 03:32:23,091 [icarl.py] => Task 8, Epoch 153/200 => Loss 1.787, Loss_clf 0.131, Loss_kd 1.656, Loss_kernel 0.001, Train_accy 97.02
2025-06-27 03:32:37,136 [icarl.py] => Task 8, Epoch 154/200 => Loss 1.803, Loss_clf 0.145, Loss_kd 1.658, Loss_kernel 0.001, Train_accy 96.32
2025-06-27 03:32:49,807 [icarl.py] => Task 8, Epoch 155/200 => Loss 1.767, Loss_clf 0.118, Loss_kd 1.649, Loss_kernel 0.001, Train_accy 96.84
2025-06-27 03:33:16,559 [icarl.py] => Task 8, Epoch 156/200 => Loss 1.833, Loss_clf 0.148, Loss_kd 1.684, Loss_kernel 0.001, Train_accy 96.45, Test_accy {'Art': 20.76, 'Clipart': 44.93, 'Real World': 39.52, 'Product': 65.53}
2025-06-27 03:33:28,600 [icarl.py] => Task 8, Epoch 157/200 => Loss 1.770, Loss_clf 0.112, Loss_kd 1.658, Loss_kernel 0.001, Train_accy 97.25
2025-06-27 03:33:40,412 [icarl.py] => Task 8, Epoch 158/200 => Loss 1.832, Loss_clf 0.134, Loss_kd 1.698, Loss_kernel 0.001, Train_accy 96.39
2025-06-27 03:33:53,478 [icarl.py] => Task 8, Epoch 159/200 => Loss 1.784, Loss_clf 0.132, Loss_kd 1.651, Loss_kernel 0.001, Train_accy 96.26
2025-06-27 03:34:05,575 [icarl.py] => Task 8, Epoch 160/200 => Loss 1.749, Loss_clf 0.115, Loss_kd 1.633, Loss_kernel 0.001, Train_accy 96.92
2025-06-27 03:34:34,121 [icarl.py] => Task 8, Epoch 161/200 => Loss 1.766, Loss_clf 0.113, Loss_kd 1.652, Loss_kernel 0.001, Train_accy 96.98, Test_accy {'Art': 20.18, 'Clipart': 44.43, 'Real World': 39.68, 'Product': 66.15}
2025-06-27 03:34:46,574 [icarl.py] => Task 8, Epoch 162/200 => Loss 1.796, Loss_clf 0.135, Loss_kd 1.661, Loss_kernel 0.001, Train_accy 96.25
2025-06-27 03:34:57,592 [icarl.py] => Task 8, Epoch 163/200 => Loss 1.763, Loss_clf 0.120, Loss_kd 1.642, Loss_kernel 0.001, Train_accy 97.15
2025-06-27 03:35:08,946 [icarl.py] => Task 8, Epoch 164/200 => Loss 1.759, Loss_clf 0.107, Loss_kd 1.651, Loss_kernel 0.001, Train_accy 97.59
2025-06-27 03:35:21,097 [icarl.py] => Task 8, Epoch 165/200 => Loss 1.780, Loss_clf 0.133, Loss_kd 1.646, Loss_kernel 0.001, Train_accy 96.50
2025-06-27 03:35:46,463 [icarl.py] => Task 8, Epoch 166/200 => Loss 1.777, Loss_clf 0.103, Loss_kd 1.674, Loss_kernel 0.001, Train_accy 97.44, Test_accy {'Art': 20.18, 'Clipart': 43.09, 'Real World': 37.74, 'Product': 64.76}
2025-06-27 03:35:57,816 [icarl.py] => Task 8, Epoch 167/200 => Loss 1.736, Loss_clf 0.107, Loss_kd 1.629, Loss_kernel 0.001, Train_accy 97.15
2025-06-27 03:36:11,109 [icarl.py] => Task 8, Epoch 168/200 => Loss 1.786, Loss_clf 0.122, Loss_kd 1.663, Loss_kernel 0.001, Train_accy 97.03
2025-06-27 03:36:22,533 [icarl.py] => Task 8, Epoch 169/200 => Loss 1.773, Loss_clf 0.107, Loss_kd 1.665, Loss_kernel 0.001, Train_accy 97.20
2025-06-27 03:36:34,493 [icarl.py] => Task 8, Epoch 170/200 => Loss 1.771, Loss_clf 0.124, Loss_kd 1.646, Loss_kernel 0.001, Train_accy 96.92
2025-06-27 03:36:59,249 [icarl.py] => Task 8, Epoch 171/200 => Loss 1.756, Loss_clf 0.109, Loss_kd 1.646, Loss_kernel 0.001, Train_accy 97.33, Test_accy {'Art': 21.05, 'Clipart': 44.93, 'Real World': 38.06, 'Product': 66.46}
2025-06-27 03:37:11,686 [icarl.py] => Task 8, Epoch 172/200 => Loss 1.774, Loss_clf 0.110, Loss_kd 1.664, Loss_kernel 0.001, Train_accy 97.35
2025-06-27 03:37:24,432 [icarl.py] => Task 8, Epoch 173/200 => Loss 1.790, Loss_clf 0.118, Loss_kd 1.672, Loss_kernel 0.001, Train_accy 96.78
2025-06-27 03:37:35,916 [icarl.py] => Task 8, Epoch 174/200 => Loss 1.758, Loss_clf 0.102, Loss_kd 1.655, Loss_kernel 0.001, Train_accy 97.54
2025-06-27 03:37:46,652 [icarl.py] => Task 8, Epoch 175/200 => Loss 1.787, Loss_clf 0.114, Loss_kd 1.672, Loss_kernel 0.001, Train_accy 96.81
2025-06-27 03:38:12,290 [icarl.py] => Task 8, Epoch 176/200 => Loss 1.758, Loss_clf 0.097, Loss_kd 1.661, Loss_kernel 0.001, Train_accy 97.44, Test_accy {'Art': 20.18, 'Clipart': 43.09, 'Real World': 37.58, 'Product': 65.69}
2025-06-27 03:38:23,612 [icarl.py] => Task 8, Epoch 177/200 => Loss 1.742, Loss_clf 0.096, Loss_kd 1.645, Loss_kernel 0.001, Train_accy 97.73
2025-06-27 03:38:35,961 [icarl.py] => Task 8, Epoch 178/200 => Loss 1.750, Loss_clf 0.101, Loss_kd 1.648, Loss_kernel 0.001, Train_accy 97.79
2025-06-27 03:38:46,714 [icarl.py] => Task 8, Epoch 179/200 => Loss 1.729, Loss_clf 0.090, Loss_kd 1.639, Loss_kernel 0.001, Train_accy 97.67
2025-06-27 03:38:57,370 [icarl.py] => Task 8, Epoch 180/200 => Loss 1.772, Loss_clf 0.116, Loss_kd 1.656, Loss_kernel 0.001, Train_accy 97.29
2025-06-27 03:39:22,795 [icarl.py] => Task 8, Epoch 181/200 => Loss 1.715, Loss_clf 0.078, Loss_kd 1.635, Loss_kernel 0.001, Train_accy 98.35, Test_accy {'Art': 19.88, 'Clipart': 43.59, 'Real World': 37.9, 'Product': 64.76}
2025-06-27 03:39:34,660 [icarl.py] => Task 8, Epoch 182/200 => Loss 1.761, Loss_clf 0.106, Loss_kd 1.654, Loss_kernel 0.001, Train_accy 97.49
2025-06-27 03:39:45,775 [icarl.py] => Task 8, Epoch 183/200 => Loss 1.755, Loss_clf 0.098, Loss_kd 1.656, Loss_kernel 0.001, Train_accy 97.83
2025-06-27 03:39:57,545 [icarl.py] => Task 8, Epoch 184/200 => Loss 1.747, Loss_clf 0.105, Loss_kd 1.641, Loss_kernel 0.001, Train_accy 97.01
2025-06-27 03:40:08,466 [icarl.py] => Task 8, Epoch 185/200 => Loss 1.726, Loss_clf 0.095, Loss_kd 1.630, Loss_kernel 0.001, Train_accy 97.53
2025-06-27 03:40:34,528 [icarl.py] => Task 8, Epoch 186/200 => Loss 1.761, Loss_clf 0.114, Loss_kd 1.646, Loss_kernel 0.001, Train_accy 96.96, Test_accy {'Art': 21.05, 'Clipart': 44.09, 'Real World': 38.06, 'Product': 66.77}
2025-06-27 03:40:45,415 [icarl.py] => Task 8, Epoch 187/200 => Loss 1.744, Loss_clf 0.102, Loss_kd 1.642, Loss_kernel 0.001, Train_accy 97.63
2025-06-27 03:40:57,039 [icarl.py] => Task 8, Epoch 188/200 => Loss 1.738, Loss_clf 0.105, Loss_kd 1.632, Loss_kernel 0.001, Train_accy 97.48
2025-06-27 03:41:07,842 [icarl.py] => Task 8, Epoch 189/200 => Loss 1.750, Loss_clf 0.097, Loss_kd 1.652, Loss_kernel 0.001, Train_accy 97.77
2025-06-27 03:41:19,269 [icarl.py] => Task 8, Epoch 190/200 => Loss 1.718, Loss_clf 0.089, Loss_kd 1.628, Loss_kernel 0.001, Train_accy 97.97
2025-06-27 03:41:44,749 [icarl.py] => Task 8, Epoch 191/200 => Loss 1.767, Loss_clf 0.104, Loss_kd 1.662, Loss_kernel 0.001, Train_accy 97.29, Test_accy {'Art': 21.64, 'Clipart': 44.76, 'Real World': 38.23, 'Product': 66.31}
2025-06-27 03:41:55,840 [icarl.py] => Task 8, Epoch 192/200 => Loss 1.755, Loss_clf 0.108, Loss_kd 1.646, Loss_kernel 0.001, Train_accy 97.15
2025-06-27 03:42:07,247 [icarl.py] => Task 8, Epoch 193/200 => Loss 1.751, Loss_clf 0.113, Loss_kd 1.637, Loss_kernel 0.001, Train_accy 97.19
2025-06-27 03:42:17,759 [icarl.py] => Task 8, Epoch 194/200 => Loss 1.720, Loss_clf 0.085, Loss_kd 1.635, Loss_kernel 0.001, Train_accy 97.96
2025-06-27 03:42:30,560 [icarl.py] => Task 8, Epoch 195/200 => Loss 1.763, Loss_clf 0.112, Loss_kd 1.650, Loss_kernel 0.001, Train_accy 97.11
2025-06-27 03:42:55,537 [icarl.py] => Task 8, Epoch 196/200 => Loss 1.733, Loss_clf 0.088, Loss_kd 1.644, Loss_kernel 0.001, Train_accy 97.73, Test_accy {'Art': 21.35, 'Clipart': 44.43, 'Real World': 38.23, 'Product': 65.53}
2025-06-27 03:43:06,647 [icarl.py] => Task 8, Epoch 197/200 => Loss 1.759, Loss_clf 0.116, Loss_kd 1.642, Loss_kernel 0.001, Train_accy 96.96
2025-06-27 03:43:17,196 [icarl.py] => Task 8, Epoch 198/200 => Loss 1.712, Loss_clf 0.088, Loss_kd 1.623, Loss_kernel 0.001, Train_accy 97.96
2025-06-27 03:43:28,791 [icarl.py] => Task 8, Epoch 199/200 => Loss 1.728, Loss_clf 0.105, Loss_kd 1.622, Loss_kernel 0.001, Train_accy 97.44
2025-06-27 03:43:40,114 [icarl.py] => Task 8, Epoch 200/200 => Loss 1.732, Loss_clf 0.097, Loss_kd 1.635, Loss_kernel 0.001, Train_accy 97.53
2025-06-27 03:43:40,116 [base.py] => Reducing exemplars...(28 per classes)
2025-06-27 03:44:04,617 [base.py] => Constructing exemplars...(28 per classes)
2025-06-27 03:44:45,127 [icarl.py] => Exemplar size: 1260
2025-06-27 03:44:46,217 [trainer.py] => CNN [Art]: {'total': 21.35, '00-04': 60.53, '05-09': 23.53, '10-14': 21.62, '15-19': 33.33, '20-24': 5.26, '25-29': 8.82, '30-34': 7.27, '35-39': 14.63, '40-44': 26.32, 'old': 20.72, 'new': 26.32}
2025-06-27 03:44:46,218 [trainer.py] => NME [Art]: {'total': 19.01, '00-04': 47.37, '05-09': 20.59, '10-14': 13.51, '15-19': 29.63, '20-24': 10.53, '25-29': 11.76, '30-34': 12.73, '35-39': 14.63, '40-44': 15.79, 'old': 19.41, 'new': 15.79}
2025-06-27 03:44:46,218 [trainer.py] => CNN [Art] top1 curve: [57.89, 43.06, 35.78, 35.29, 29.89, 25.48, 23.95, 21.71, 21.35]
2025-06-27 03:44:46,218 [trainer.py] => CNN [Art] top5 curve: [97.37, 81.94, 66.06, 59.56, 48.85, 40.87, 42.21, 42.11, 33.92]
2025-06-27 03:44:46,218 [trainer.py] => NME [Art] top1 curve: [63.16, 54.17, 40.37, 39.71, 29.31, 25.96, 23.95, 21.05, 19.01]
2025-06-27 03:44:46,218 [trainer.py] => NME [Art] top5 curve: [100.0, 87.5, 80.73, 68.38, 55.75, 48.56, 51.33, 44.74, 40.64]
2025-06-27 03:44:46,218 [trainer.py] => Average Accuracy [Art] (CNN): 32.71111111111111
2025-06-27 03:44:46,219 [trainer.py] => Average Accuracy [Art] (NME): 35.187777777777775
2025-06-27 03:44:46,219 [trainer.py] => CNN [Clipart]: {'total': 44.09, '00-04': 53.85, '05-09': 45.16, '10-14': 40.91, '15-19': 45.28, '20-24': 37.08, '25-29': 24.19, '30-34': 34.38, '35-39': 37.7, '40-44': 77.27, 'old': 40.0, 'new': 77.27}
2025-06-27 03:44:46,219 [trainer.py] => NME [Clipart]: {'total': 46.26, '00-04': 48.72, '05-09': 48.39, '10-14': 46.97, '15-19': 47.17, '20-24': 40.45, '25-29': 32.26, '30-34': 39.06, '35-39': 44.26, '40-44': 69.7, 'old': 43.36, 'new': 69.7}
2025-06-27 03:44:46,219 [trainer.py] => CNN [Clipart] top1 curve: [75.64, 67.86, 65.05, 66.8, 57.47, 53.41, 48.95, 43.74, 44.09]
2025-06-27 03:44:46,219 [trainer.py] => CNN [Clipart] top5 curve: [98.72, 94.29, 87.86, 85.71, 82.76, 75.61, 74.26, 71.03, 69.55]
2025-06-27 03:44:46,219 [trainer.py] => NME [Clipart] top1 curve: [71.79, 70.71, 66.5, 65.64, 59.2, 54.39, 50.84, 46.92, 46.26]
2025-06-27 03:44:46,219 [trainer.py] => NME [Clipart] top5 curve: [100.0, 94.29, 85.92, 87.26, 82.18, 79.51, 75.53, 75.14, 70.05]
2025-06-27 03:44:46,219 [trainer.py] => Average Accuracy [Clipart] (CNN): 58.11222222222222
2025-06-27 03:44:46,220 [trainer.py] => Average Accuracy [Clipart] (NME): 59.138888888888886
2025-06-27 03:44:46,220 [trainer.py] => CNN [Product]: {'total': 65.84, '00-04': 72.94, '05-09': 62.5, '10-14': 79.03, '15-19': 68.83, '20-24': 52.46, '25-29': 59.49, '30-34': 53.73, '35-39': 59.09, '40-44': 82.86, 'old': 63.78, 'new': 82.86}
2025-06-27 03:44:46,220 [trainer.py] => NME [Product]: {'total': 67.7, '00-04': 68.24, '05-09': 60.0, '10-14': 82.26, '15-19': 71.43, '20-24': 52.46, '25-29': 74.68, '30-34': 56.72, '35-39': 63.64, '40-44': 78.57, 'old': 66.38, 'new': 78.57}
2025-06-27 03:44:46,220 [trainer.py] => CNN [Product] top1 curve: [85.88, 86.06, 87.67, 81.91, 75.89, 71.17, 68.88, 67.24, 65.84]
2025-06-27 03:44:46,220 [trainer.py] => CNN [Product] top5 curve: [100.0, 99.39, 98.24, 97.7, 92.05, 91.44, 89.43, 87.69, 86.4]
2025-06-27 03:44:46,220 [trainer.py] => NME [Product] top1 curve: [90.59, 87.88, 92.51, 84.87, 78.36, 76.13, 70.45, 70.54, 67.7]
2025-06-27 03:44:46,220 [trainer.py] => NME [Product] top5 curve: [100.0, 99.39, 99.12, 98.68, 95.07, 93.02, 91.78, 89.08, 88.87]
2025-06-27 03:44:46,220 [trainer.py] => Average Accuracy [Product] (CNN): 76.72666666666666
2025-06-27 03:44:46,221 [trainer.py] => Average Accuracy [Product] (NME): 79.89222222222222
2025-06-27 03:44:46,221 [trainer.py] => CNN [Real World]: {'total': 37.9, '00-04': 47.95, '05-09': 57.35, '10-14': 31.94, '15-19': 28.36, '20-24': 15.38, '25-29': 31.17, '30-34': 40.0, '35-39': 33.9, '40-44': 54.69, 'old': 35.97, 'new': 54.69}
2025-06-27 03:44:46,221 [trainer.py] => NME [Real World]: {'total': 41.61, '00-04': 41.1, '05-09': 55.88, '10-14': 31.94, '15-19': 40.3, '20-24': 13.85, '25-29': 44.16, '30-34': 48.0, '35-39': 42.37, '40-44': 56.25, 'old': 39.93, 'new': 56.25}
2025-06-27 03:44:46,221 [trainer.py] => CNN [Real World] top1 curve: [71.23, 64.54, 58.22, 52.86, 48.7, 45.97, 43.66, 37.41, 37.9]
2025-06-27 03:44:46,221 [trainer.py] => CNN [Real World] top5 curve: [100.0, 92.2, 84.98, 76.07, 73.04, 72.99, 71.03, 64.93, 66.61]
2025-06-27 03:44:46,221 [trainer.py] => NME [Real World] top1 curve: [79.45, 70.21, 60.56, 56.43, 49.86, 50.0, 47.89, 40.29, 41.61]
2025-06-27 03:44:46,221 [trainer.py] => NME [Real World] top5 curve: [100.0, 96.45, 85.92, 82.5, 79.71, 79.62, 76.66, 69.96, 68.87]
2025-06-27 03:44:46,222 [trainer.py] => Average Accuracy [Real World] (CNN): 51.16555555555556
2025-06-27 03:44:46,222 [trainer.py] => Average Accuracy [Real World] (NME): 55.144444444444446
2025-06-27 03:44:46,222 [trainer.py] => NME Harmonic Mean : 27.8211
2025-06-27 03:44:46,222 [trainer.py] => NME Macro Mean : 43.6450
2025-06-27 03:44:46,222 [trainer.py] => CNN Harmonic Mean : 29.7921
2025-06-27 03:44:46,222 [trainer.py] => CNN Macro Mean : 42.2950
2025-06-27 03:44:46,223 [trainer.py] => All params: 21312887
2025-06-27 03:44:46,224 [trainer.py] => Trainable params: 21312887
2025-06-27 03:44:46,227 [icarl.py] => Learning on 45-50
2025-06-27 03:45:17,378 [icarl.py] => Task 9, Epoch 1/200 => Loss 5.309, Loss_clf 2.595, Loss_kd 2.711, Loss_kernel 0.003, Train_accy 37.45, Test_accy {'Art': 6.89, 'Clipart': 8.42, 'Real World': 11.42, 'Product': 10.45}
2025-06-27 03:45:33,797 [icarl.py] => Task 9, Epoch 2/200 => Loss 6.466, Loss_clf 3.101, Loss_kd 3.358, Loss_kernel 0.007, Train_accy 21.95
2025-06-27 03:45:50,969 [icarl.py] => Task 9, Epoch 3/200 => Loss 5.571, Loss_clf 2.495, Loss_kd 3.071, Loss_kernel 0.005, Train_accy 31.99
2025-06-27 03:46:06,535 [icarl.py] => Task 9, Epoch 4/200 => Loss 5.049, Loss_clf 2.159, Loss_kd 2.886, Loss_kernel 0.004, Train_accy 38.12
2025-06-27 03:46:23,616 [icarl.py] => Task 9, Epoch 5/200 => Loss 4.806, Loss_clf 2.026, Loss_kd 2.776, Loss_kernel 0.004, Train_accy 42.37
2025-06-27 03:46:55,918 [icarl.py] => Task 9, Epoch 6/200 => Loss 4.778, Loss_clf 1.997, Loss_kd 2.777, Loss_kernel 0.004, Train_accy 44.39, Test_accy {'Art': 11.99, 'Clipart': 24.36, 'Real World': 23.99, 'Product': 41.92}
2025-06-27 03:47:11,512 [icarl.py] => Task 9, Epoch 7/200 => Loss 4.480, Loss_clf 1.815, Loss_kd 2.661, Loss_kernel 0.004, Train_accy 48.01
2025-06-27 03:47:27,523 [icarl.py] => Task 9, Epoch 8/200 => Loss 4.208, Loss_clf 1.611, Loss_kd 2.593, Loss_kernel 0.003, Train_accy 53.47
2025-06-27 03:47:42,357 [icarl.py] => Task 9, Epoch 9/200 => Loss 4.123, Loss_clf 1.558, Loss_kd 2.561, Loss_kernel 0.003, Train_accy 53.82
2025-06-27 03:47:57,280 [icarl.py] => Task 9, Epoch 10/200 => Loss 4.010, Loss_clf 1.501, Loss_kd 2.506, Loss_kernel 0.003, Train_accy 56.36
2025-06-27 03:48:27,048 [icarl.py] => Task 9, Epoch 11/200 => Loss 3.773, Loss_clf 1.328, Loss_kd 2.442, Loss_kernel 0.003, Train_accy 60.80, Test_accy {'Art': 11.99, 'Clipart': 31.58, 'Real World': 26.59, 'Product': 45.54}
2025-06-27 03:48:42,109 [icarl.py] => Task 9, Epoch 12/200 => Loss 3.705, Loss_clf 1.303, Loss_kd 2.399, Loss_kernel 0.004, Train_accy 60.78
2025-06-27 03:48:57,975 [icarl.py] => Task 9, Epoch 13/200 => Loss 3.803, Loss_clf 1.350, Loss_kd 2.449, Loss_kernel 0.003, Train_accy 61.11
2025-06-27 03:49:12,870 [icarl.py] => Task 9, Epoch 14/200 => Loss 3.625, Loss_clf 1.213, Loss_kd 2.409, Loss_kernel 0.003, Train_accy 64.24
2025-06-27 03:49:28,408 [icarl.py] => Task 9, Epoch 15/200 => Loss 3.727, Loss_clf 1.273, Loss_kd 2.450, Loss_kernel 0.004, Train_accy 64.17
2025-06-27 03:49:58,843 [icarl.py] => Task 9, Epoch 16/200 => Loss 3.630, Loss_clf 1.218, Loss_kd 2.409, Loss_kernel 0.003, Train_accy 62.33, Test_accy {'Art': 17.35, 'Clipart': 33.83, 'Real World': 30.06, 'Product': 46.94}
2025-06-27 03:50:13,912 [icarl.py] => Task 9, Epoch 17/200 => Loss 3.300, Loss_clf 1.007, Loss_kd 2.290, Loss_kernel 0.003, Train_accy 70.88
2025-06-27 03:50:29,583 [icarl.py] => Task 9, Epoch 18/200 => Loss 3.387, Loss_clf 1.068, Loss_kd 2.316, Loss_kernel 0.003, Train_accy 68.85
2025-06-27 03:50:45,646 [icarl.py] => Task 9, Epoch 19/200 => Loss 3.207, Loss_clf 0.947, Loss_kd 2.257, Loss_kernel 0.003, Train_accy 71.20
2025-06-27 03:51:01,448 [icarl.py] => Task 9, Epoch 20/200 => Loss 3.166, Loss_clf 0.925, Loss_kd 2.238, Loss_kernel 0.003, Train_accy 71.72
2025-06-27 03:51:34,090 [icarl.py] => Task 9, Epoch 21/200 => Loss 3.229, Loss_clf 0.956, Loss_kd 2.270, Loss_kernel 0.003, Train_accy 72.68, Test_accy {'Art': 13.27, 'Clipart': 35.49, 'Real World': 28.61, 'Product': 51.11}
2025-06-27 03:51:49,367 [icarl.py] => Task 9, Epoch 22/200 => Loss 3.146, Loss_clf 0.879, Loss_kd 2.264, Loss_kernel 0.003, Train_accy 74.17
2025-06-27 03:52:04,250 [icarl.py] => Task 9, Epoch 23/200 => Loss 3.123, Loss_clf 0.874, Loss_kd 2.246, Loss_kernel 0.003, Train_accy 74.83
2025-06-27 03:52:19,679 [icarl.py] => Task 9, Epoch 24/200 => Loss 3.027, Loss_clf 0.815, Loss_kd 2.208, Loss_kernel 0.003, Train_accy 74.87
2025-06-27 03:52:36,095 [icarl.py] => Task 9, Epoch 25/200 => Loss 3.033, Loss_clf 0.812, Loss_kd 2.218, Loss_kernel 0.003, Train_accy 76.09
2025-06-27 03:53:06,732 [icarl.py] => Task 9, Epoch 26/200 => Loss 3.016, Loss_clf 0.799, Loss_kd 2.214, Loss_kernel 0.003, Train_accy 76.38, Test_accy {'Art': 14.54, 'Clipart': 35.64, 'Real World': 30.2, 'Product': 50.84}
2025-06-27 03:53:22,520 [icarl.py] => Task 9, Epoch 27/200 => Loss 2.929, Loss_clf 0.737, Loss_kd 2.189, Loss_kernel 0.003, Train_accy 77.55
2025-06-27 03:53:38,202 [icarl.py] => Task 9, Epoch 28/200 => Loss 2.863, Loss_clf 0.709, Loss_kd 2.151, Loss_kernel 0.003, Train_accy 77.89
2025-06-27 03:53:53,124 [icarl.py] => Task 9, Epoch 29/200 => Loss 2.890, Loss_clf 0.718, Loss_kd 2.170, Loss_kernel 0.003, Train_accy 78.72
2025-06-27 03:54:09,039 [icarl.py] => Task 9, Epoch 30/200 => Loss 2.954, Loss_clf 0.770, Loss_kd 2.181, Loss_kernel 0.003, Train_accy 77.38
2025-06-27 03:54:39,566 [icarl.py] => Task 9, Epoch 31/200 => Loss 2.901, Loss_clf 0.715, Loss_kd 2.183, Loss_kernel 0.003, Train_accy 78.61, Test_accy {'Art': 16.33, 'Clipart': 32.78, 'Real World': 31.21, 'Product': 42.06}
2025-06-27 03:54:55,269 [icarl.py] => Task 9, Epoch 32/200 => Loss 2.844, Loss_clf 0.667, Loss_kd 2.175, Loss_kernel 0.003, Train_accy 81.24
2025-06-27 03:55:12,391 [icarl.py] => Task 9, Epoch 33/200 => Loss 2.824, Loss_clf 0.677, Loss_kd 2.145, Loss_kernel 0.003, Train_accy 79.48
2025-06-27 03:55:29,782 [icarl.py] => Task 9, Epoch 34/200 => Loss 2.770, Loss_clf 0.631, Loss_kd 2.136, Loss_kernel 0.003, Train_accy 81.76
2025-06-27 03:55:45,950 [icarl.py] => Task 9, Epoch 35/200 => Loss 2.783, Loss_clf 0.635, Loss_kd 2.145, Loss_kernel 0.003, Train_accy 80.96
2025-06-27 03:56:17,163 [icarl.py] => Task 9, Epoch 36/200 => Loss 2.734, Loss_clf 0.616, Loss_kd 2.115, Loss_kernel 0.003, Train_accy 81.77, Test_accy {'Art': 10.97, 'Clipart': 35.19, 'Real World': 32.66, 'Product': 53.34}
2025-06-27 03:56:32,266 [icarl.py] => Task 9, Epoch 37/200 => Loss 2.726, Loss_clf 0.611, Loss_kd 2.112, Loss_kernel 0.002, Train_accy 81.75
2025-06-27 03:56:47,177 [icarl.py] => Task 9, Epoch 38/200 => Loss 2.727, Loss_clf 0.600, Loss_kd 2.125, Loss_kernel 0.002, Train_accy 81.26
2025-06-27 03:57:02,325 [icarl.py] => Task 9, Epoch 39/200 => Loss 2.699, Loss_clf 0.579, Loss_kd 2.117, Loss_kernel 0.002, Train_accy 82.79
2025-06-27 03:57:17,821 [icarl.py] => Task 9, Epoch 40/200 => Loss 2.740, Loss_clf 0.597, Loss_kd 2.140, Loss_kernel 0.003, Train_accy 82.74
2025-06-27 03:57:49,079 [icarl.py] => Task 9, Epoch 41/200 => Loss 2.715, Loss_clf 0.592, Loss_kd 2.120, Loss_kernel 0.003, Train_accy 82.57, Test_accy {'Art': 14.29, 'Clipart': 36.24, 'Real World': 31.36, 'Product': 51.39}
2025-06-27 03:58:02,964 [icarl.py] => Task 9, Epoch 42/200 => Loss 2.669, Loss_clf 0.572, Loss_kd 2.095, Loss_kernel 0.003, Train_accy 82.72
2025-06-27 03:58:19,168 [icarl.py] => Task 9, Epoch 43/200 => Loss 2.681, Loss_clf 0.573, Loss_kd 2.105, Loss_kernel 0.002, Train_accy 83.40
2025-06-27 03:58:33,432 [icarl.py] => Task 9, Epoch 44/200 => Loss 2.711, Loss_clf 0.598, Loss_kd 2.111, Loss_kernel 0.003, Train_accy 81.69
2025-06-27 03:58:49,165 [icarl.py] => Task 9, Epoch 45/200 => Loss 2.686, Loss_clf 0.589, Loss_kd 2.095, Loss_kernel 0.002, Train_accy 82.60
2025-06-27 03:59:19,251 [icarl.py] => Task 9, Epoch 46/200 => Loss 2.619, Loss_clf 0.515, Loss_kd 2.102, Loss_kernel 0.002, Train_accy 85.39, Test_accy {'Art': 13.78, 'Clipart': 35.64, 'Real World': 29.77, 'Product': 50.56}
2025-06-27 03:59:34,810 [icarl.py] => Task 9, Epoch 47/200 => Loss 2.716, Loss_clf 0.577, Loss_kd 2.137, Loss_kernel 0.002, Train_accy 83.08
2025-06-27 03:59:49,890 [icarl.py] => Task 9, Epoch 48/200 => Loss 2.618, Loss_clf 0.539, Loss_kd 2.077, Loss_kernel 0.002, Train_accy 83.39
2025-06-27 04:00:05,602 [icarl.py] => Task 9, Epoch 49/200 => Loss 2.640, Loss_clf 0.535, Loss_kd 2.103, Loss_kernel 0.002, Train_accy 84.13
2025-06-27 04:00:19,114 [icarl.py] => Task 9, Epoch 50/200 => Loss 2.542, Loss_clf 0.503, Loss_kd 2.037, Loss_kernel 0.003, Train_accy 84.90
2025-06-27 04:00:50,442 [icarl.py] => Task 9, Epoch 51/200 => Loss 2.593, Loss_clf 0.502, Loss_kd 2.089, Loss_kernel 0.002, Train_accy 84.78, Test_accy {'Art': 14.29, 'Clipart': 31.28, 'Real World': 31.36, 'Product': 45.26}
2025-06-27 04:01:06,777 [icarl.py] => Task 9, Epoch 52/200 => Loss 2.611, Loss_clf 0.518, Loss_kd 2.091, Loss_kernel 0.002, Train_accy 85.35
2025-06-27 04:01:21,768 [icarl.py] => Task 9, Epoch 53/200 => Loss 2.638, Loss_clf 0.544, Loss_kd 2.092, Loss_kernel 0.002, Train_accy 84.34
2025-06-27 04:01:35,915 [icarl.py] => Task 9, Epoch 54/200 => Loss 2.637, Loss_clf 0.533, Loss_kd 2.102, Loss_kernel 0.002, Train_accy 84.57
2025-06-27 04:01:49,702 [icarl.py] => Task 9, Epoch 55/200 => Loss 2.572, Loss_clf 0.504, Loss_kd 2.066, Loss_kernel 0.002, Train_accy 84.26
2025-06-27 04:02:19,451 [icarl.py] => Task 9, Epoch 56/200 => Loss 2.611, Loss_clf 0.528, Loss_kd 2.081, Loss_kernel 0.002, Train_accy 84.86, Test_accy {'Art': 14.8, 'Clipart': 34.14, 'Real World': 31.21, 'Product': 53.9}
2025-06-27 04:02:35,421 [icarl.py] => Task 9, Epoch 57/200 => Loss 2.613, Loss_clf 0.516, Loss_kd 2.095, Loss_kernel 0.002, Train_accy 85.31
2025-06-27 04:02:49,647 [icarl.py] => Task 9, Epoch 58/200 => Loss 2.528, Loss_clf 0.469, Loss_kd 2.056, Loss_kernel 0.003, Train_accy 86.59
2025-06-27 04:03:05,297 [icarl.py] => Task 9, Epoch 59/200 => Loss 2.568, Loss_clf 0.497, Loss_kd 2.069, Loss_kernel 0.002, Train_accy 85.34
2025-06-27 04:03:20,166 [icarl.py] => Task 9, Epoch 60/200 => Loss 2.613, Loss_clf 0.513, Loss_kd 2.098, Loss_kernel 0.002, Train_accy 85.40
2025-06-27 04:03:49,987 [icarl.py] => Task 9, Epoch 61/200 => Loss 2.555, Loss_clf 0.469, Loss_kd 2.083, Loss_kernel 0.002, Train_accy 86.33, Test_accy {'Art': 17.6, 'Clipart': 37.44, 'Real World': 33.24, 'Product': 55.99}
2025-06-27 04:04:02,596 [icarl.py] => Task 9, Epoch 62/200 => Loss 2.485, Loss_clf 0.438, Loss_kd 2.045, Loss_kernel 0.002, Train_accy 87.61
2025-06-27 04:04:17,550 [icarl.py] => Task 9, Epoch 63/200 => Loss 2.550, Loss_clf 0.477, Loss_kd 2.071, Loss_kernel 0.002, Train_accy 86.05
2025-06-27 04:04:32,017 [icarl.py] => Task 9, Epoch 64/200 => Loss 2.503, Loss_clf 0.464, Loss_kd 2.037, Loss_kernel 0.002, Train_accy 86.84
2025-06-27 04:04:48,047 [icarl.py] => Task 9, Epoch 65/200 => Loss 2.516, Loss_clf 0.457, Loss_kd 2.056, Loss_kernel 0.002, Train_accy 86.55
2025-06-27 04:05:17,914 [icarl.py] => Task 9, Epoch 66/200 => Loss 2.525, Loss_clf 0.492, Loss_kd 2.031, Loss_kernel 0.002, Train_accy 86.67, Test_accy {'Art': 13.78, 'Clipart': 36.69, 'Real World': 30.2, 'Product': 51.53}
2025-06-27 04:05:30,561 [icarl.py] => Task 9, Epoch 67/200 => Loss 2.512, Loss_clf 0.437, Loss_kd 2.072, Loss_kernel 0.002, Train_accy 87.60
2025-06-27 04:05:44,340 [icarl.py] => Task 9, Epoch 68/200 => Loss 2.431, Loss_clf 0.394, Loss_kd 2.035, Loss_kernel 0.002, Train_accy 88.54
2025-06-27 04:05:59,868 [icarl.py] => Task 9, Epoch 69/200 => Loss 2.444, Loss_clf 0.413, Loss_kd 2.029, Loss_kernel 0.002, Train_accy 89.30
2025-06-27 04:06:13,926 [icarl.py] => Task 9, Epoch 70/200 => Loss 2.443, Loss_clf 0.410, Loss_kd 2.031, Loss_kernel 0.002, Train_accy 87.66
2025-06-27 04:06:44,603 [icarl.py] => Task 9, Epoch 71/200 => Loss 2.488, Loss_clf 0.441, Loss_kd 2.045, Loss_kernel 0.002, Train_accy 87.35, Test_accy {'Art': 15.56, 'Clipart': 37.74, 'Real World': 30.35, 'Product': 53.2}
2025-06-27 04:06:58,401 [icarl.py] => Task 9, Epoch 72/200 => Loss 2.496, Loss_clf 0.464, Loss_kd 2.031, Loss_kernel 0.002, Train_accy 86.38
2025-06-27 04:07:12,192 [icarl.py] => Task 9, Epoch 73/200 => Loss 2.484, Loss_clf 0.427, Loss_kd 2.055, Loss_kernel 0.002, Train_accy 87.31
2025-06-27 04:07:25,863 [icarl.py] => Task 9, Epoch 74/200 => Loss 2.422, Loss_clf 0.398, Loss_kd 2.022, Loss_kernel 0.002, Train_accy 88.28
2025-06-27 04:07:39,672 [icarl.py] => Task 9, Epoch 75/200 => Loss 2.508, Loss_clf 0.439, Loss_kd 2.067, Loss_kernel 0.002, Train_accy 88.22
2025-06-27 04:08:08,557 [icarl.py] => Task 9, Epoch 76/200 => Loss 2.430, Loss_clf 0.411, Loss_kd 2.017, Loss_kernel 0.002, Train_accy 88.12, Test_accy {'Art': 13.01, 'Clipart': 37.14, 'Real World': 32.08, 'Product': 52.65}
2025-06-27 04:08:23,705 [icarl.py] => Task 9, Epoch 77/200 => Loss 2.456, Loss_clf 0.425, Loss_kd 2.029, Loss_kernel 0.002, Train_accy 87.44
2025-06-27 04:08:38,766 [icarl.py] => Task 9, Epoch 78/200 => Loss 2.435, Loss_clf 0.402, Loss_kd 2.031, Loss_kernel 0.002, Train_accy 88.35
2025-06-27 04:08:52,325 [icarl.py] => Task 9, Epoch 79/200 => Loss 2.404, Loss_clf 0.378, Loss_kd 2.024, Loss_kernel 0.002, Train_accy 88.67
2025-06-27 04:09:06,574 [icarl.py] => Task 9, Epoch 80/200 => Loss 2.405, Loss_clf 0.387, Loss_kd 2.016, Loss_kernel 0.002, Train_accy 89.14
2025-06-27 04:09:37,630 [icarl.py] => Task 9, Epoch 81/200 => Loss 2.450, Loss_clf 0.409, Loss_kd 2.039, Loss_kernel 0.002, Train_accy 88.03, Test_accy {'Art': 12.76, 'Clipart': 36.09, 'Real World': 29.05, 'Product': 51.25}
2025-06-27 04:09:51,137 [icarl.py] => Task 9, Epoch 82/200 => Loss 2.373, Loss_clf 0.357, Loss_kd 2.015, Loss_kernel 0.002, Train_accy 89.66
2025-06-27 04:10:05,452 [icarl.py] => Task 9, Epoch 83/200 => Loss 2.363, Loss_clf 0.352, Loss_kd 2.009, Loss_kernel 0.002, Train_accy 89.14
2025-06-27 04:10:19,812 [icarl.py] => Task 9, Epoch 84/200 => Loss 2.345, Loss_clf 0.343, Loss_kd 2.000, Loss_kernel 0.002, Train_accy 90.03
2025-06-27 04:10:32,997 [icarl.py] => Task 9, Epoch 85/200 => Loss 2.359, Loss_clf 0.354, Loss_kd 2.003, Loss_kernel 0.002, Train_accy 89.81
2025-06-27 04:11:03,075 [icarl.py] => Task 9, Epoch 86/200 => Loss 2.321, Loss_clf 0.333, Loss_kd 1.986, Loss_kernel 0.002, Train_accy 90.37, Test_accy {'Art': 16.84, 'Clipart': 38.8, 'Real World': 33.24, 'Product': 55.71}
2025-06-27 04:11:17,715 [icarl.py] => Task 9, Epoch 87/200 => Loss 2.351, Loss_clf 0.349, Loss_kd 2.001, Loss_kernel 0.002, Train_accy 89.63
2025-06-27 04:11:33,066 [icarl.py] => Task 9, Epoch 88/200 => Loss 2.304, Loss_clf 0.323, Loss_kd 1.980, Loss_kernel 0.001, Train_accy 90.53
2025-06-27 04:11:47,430 [icarl.py] => Task 9, Epoch 89/200 => Loss 2.257, Loss_clf 0.297, Loss_kd 1.959, Loss_kernel 0.002, Train_accy 91.96
2025-06-27 04:12:01,716 [icarl.py] => Task 9, Epoch 90/200 => Loss 2.276, Loss_clf 0.306, Loss_kd 1.969, Loss_kernel 0.002, Train_accy 91.18
2025-06-27 04:12:31,772 [icarl.py] => Task 9, Epoch 91/200 => Loss 2.271, Loss_clf 0.302, Loss_kd 1.968, Loss_kernel 0.002, Train_accy 91.70, Test_accy {'Art': 15.05, 'Clipart': 39.1, 'Real World': 33.96, 'Product': 55.99}
2025-06-27 04:12:47,057 [icarl.py] => Task 9, Epoch 92/200 => Loss 2.219, Loss_clf 0.277, Loss_kd 1.941, Loss_kernel 0.001, Train_accy 91.71
2025-06-27 04:13:01,102 [icarl.py] => Task 9, Epoch 93/200 => Loss 2.244, Loss_clf 0.284, Loss_kd 1.959, Loss_kernel 0.001, Train_accy 92.19
2025-06-27 04:13:15,472 [icarl.py] => Task 9, Epoch 94/200 => Loss 2.305, Loss_clf 0.325, Loss_kd 1.978, Loss_kernel 0.002, Train_accy 90.31
2025-06-27 04:13:28,791 [icarl.py] => Task 9, Epoch 95/200 => Loss 2.259, Loss_clf 0.304, Loss_kd 1.954, Loss_kernel 0.001, Train_accy 91.35
2025-06-27 04:13:59,662 [icarl.py] => Task 9, Epoch 96/200 => Loss 2.284, Loss_clf 0.314, Loss_kd 1.969, Loss_kernel 0.001, Train_accy 90.61, Test_accy {'Art': 14.54, 'Clipart': 38.35, 'Real World': 34.54, 'Product': 56.41}
2025-06-27 04:14:12,820 [icarl.py] => Task 9, Epoch 97/200 => Loss 2.253, Loss_clf 0.290, Loss_kd 1.962, Loss_kernel 0.001, Train_accy 91.51
2025-06-27 04:14:26,399 [icarl.py] => Task 9, Epoch 98/200 => Loss 2.258, Loss_clf 0.292, Loss_kd 1.965, Loss_kernel 0.002, Train_accy 91.85
2025-06-27 04:14:39,015 [icarl.py] => Task 9, Epoch 99/200 => Loss 2.282, Loss_clf 0.315, Loss_kd 1.966, Loss_kernel 0.001, Train_accy 90.74
2025-06-27 04:14:52,053 [icarl.py] => Task 9, Epoch 100/200 => Loss 2.266, Loss_clf 0.287, Loss_kd 1.978, Loss_kernel 0.001, Train_accy 92.37
2025-06-27 04:15:21,198 [icarl.py] => Task 9, Epoch 101/200 => Loss 2.203, Loss_clf 0.248, Loss_kd 1.954, Loss_kernel 0.001, Train_accy 93.81, Test_accy {'Art': 15.82, 'Clipart': 38.35, 'Real World': 32.8, 'Product': 57.8}
2025-06-27 04:15:33,657 [icarl.py] => Task 9, Epoch 102/200 => Loss 2.207, Loss_clf 0.264, Loss_kd 1.941, Loss_kernel 0.001, Train_accy 92.09
2025-06-27 04:15:46,866 [icarl.py] => Task 9, Epoch 103/200 => Loss 2.213, Loss_clf 0.254, Loss_kd 1.958, Loss_kernel 0.001, Train_accy 92.40
2025-06-27 04:16:00,999 [icarl.py] => Task 9, Epoch 104/200 => Loss 2.197, Loss_clf 0.256, Loss_kd 1.940, Loss_kernel 0.001, Train_accy 92.52
2025-06-27 04:16:16,552 [icarl.py] => Task 9, Epoch 105/200 => Loss 2.223, Loss_clf 0.266, Loss_kd 1.955, Loss_kernel 0.001, Train_accy 92.39
2025-06-27 04:16:45,622 [icarl.py] => Task 9, Epoch 106/200 => Loss 2.200, Loss_clf 0.283, Loss_kd 1.916, Loss_kernel 0.001, Train_accy 91.71, Test_accy {'Art': 15.56, 'Clipart': 39.1, 'Real World': 31.65, 'Product': 60.03}
2025-06-27 04:16:59,397 [icarl.py] => Task 9, Epoch 107/200 => Loss 2.218, Loss_clf 0.269, Loss_kd 1.947, Loss_kernel 0.001, Train_accy 92.98
2025-06-27 04:17:13,143 [icarl.py] => Task 9, Epoch 108/200 => Loss 2.238, Loss_clf 0.255, Loss_kd 1.982, Loss_kernel 0.001, Train_accy 92.87
2025-06-27 04:17:27,092 [icarl.py] => Task 9, Epoch 109/200 => Loss 2.170, Loss_clf 0.232, Loss_kd 1.937, Loss_kernel 0.001, Train_accy 93.46
2025-06-27 04:17:40,244 [icarl.py] => Task 9, Epoch 110/200 => Loss 2.148, Loss_clf 0.223, Loss_kd 1.923, Loss_kernel 0.001, Train_accy 94.71
2025-06-27 04:18:09,828 [icarl.py] => Task 9, Epoch 111/200 => Loss 2.135, Loss_clf 0.230, Loss_kd 1.904, Loss_kernel 0.001, Train_accy 93.51, Test_accy {'Art': 12.76, 'Clipart': 39.7, 'Real World': 31.79, 'Product': 59.33}
2025-06-27 04:18:24,040 [icarl.py] => Task 9, Epoch 112/200 => Loss 2.176, Loss_clf 0.244, Loss_kd 1.931, Loss_kernel 0.001, Train_accy 93.49
2025-06-27 04:18:39,184 [icarl.py] => Task 9, Epoch 113/200 => Loss 2.184, Loss_clf 0.261, Loss_kd 1.922, Loss_kernel 0.001, Train_accy 92.89
2025-06-27 04:18:53,312 [icarl.py] => Task 9, Epoch 114/200 => Loss 2.172, Loss_clf 0.231, Loss_kd 1.940, Loss_kernel 0.001, Train_accy 93.66
2025-06-27 04:19:06,227 [icarl.py] => Task 9, Epoch 115/200 => Loss 2.222, Loss_clf 0.274, Loss_kd 1.947, Loss_kernel 0.001, Train_accy 92.16
2025-06-27 04:19:34,928 [icarl.py] => Task 9, Epoch 116/200 => Loss 2.137, Loss_clf 0.215, Loss_kd 1.921, Loss_kernel 0.001, Train_accy 94.03, Test_accy {'Art': 16.07, 'Clipart': 38.35, 'Real World': 33.38, 'Product': 61.98}
2025-06-27 04:19:48,516 [icarl.py] => Task 9, Epoch 117/200 => Loss 2.177, Loss_clf 0.241, Loss_kd 1.934, Loss_kernel 0.001, Train_accy 93.53
2025-06-27 04:20:00,934 [icarl.py] => Task 9, Epoch 118/200 => Loss 2.113, Loss_clf 0.206, Loss_kd 1.906, Loss_kernel 0.001, Train_accy 94.07
2025-06-27 04:20:14,585 [icarl.py] => Task 9, Epoch 119/200 => Loss 2.131, Loss_clf 0.221, Loss_kd 1.909, Loss_kernel 0.001, Train_accy 93.44
2025-06-27 04:20:26,725 [icarl.py] => Task 9, Epoch 120/200 => Loss 2.102, Loss_clf 0.196, Loss_kd 1.905, Loss_kernel 0.001, Train_accy 94.95
2025-06-27 04:20:56,704 [icarl.py] => Task 9, Epoch 121/200 => Loss 2.123, Loss_clf 0.212, Loss_kd 1.910, Loss_kernel 0.001, Train_accy 94.18, Test_accy {'Art': 15.31, 'Clipart': 37.14, 'Real World': 33.24, 'Product': 54.6}
2025-06-27 04:21:09,135 [icarl.py] => Task 9, Epoch 122/200 => Loss 2.112, Loss_clf 0.195, Loss_kd 1.916, Loss_kernel 0.001, Train_accy 94.08
2025-06-27 04:21:23,220 [icarl.py] => Task 9, Epoch 123/200 => Loss 2.150, Loss_clf 0.225, Loss_kd 1.924, Loss_kernel 0.001, Train_accy 94.12
2025-06-27 04:21:35,787 [icarl.py] => Task 9, Epoch 124/200 => Loss 2.099, Loss_clf 0.198, Loss_kd 1.900, Loss_kernel 0.001, Train_accy 94.65
2025-06-27 04:21:49,655 [icarl.py] => Task 9, Epoch 125/200 => Loss 2.075, Loss_clf 0.180, Loss_kd 1.894, Loss_kernel 0.001, Train_accy 94.49
2025-06-27 04:22:17,885 [icarl.py] => Task 9, Epoch 126/200 => Loss 2.058, Loss_clf 0.171, Loss_kd 1.886, Loss_kernel 0.001, Train_accy 95.44, Test_accy {'Art': 15.82, 'Clipart': 38.95, 'Real World': 35.69, 'Product': 59.61}
2025-06-27 04:22:31,265 [icarl.py] => Task 9, Epoch 127/200 => Loss 2.112, Loss_clf 0.201, Loss_kd 1.910, Loss_kernel 0.001, Train_accy 94.42
2025-06-27 04:22:44,988 [icarl.py] => Task 9, Epoch 128/200 => Loss 2.052, Loss_clf 0.176, Loss_kd 1.875, Loss_kernel 0.001, Train_accy 95.05
2025-06-27 04:22:58,359 [icarl.py] => Task 9, Epoch 129/200 => Loss 2.066, Loss_clf 0.182, Loss_kd 1.883, Loss_kernel 0.001, Train_accy 95.03
2025-06-27 04:23:10,380 [icarl.py] => Task 9, Epoch 130/200 => Loss 2.084, Loss_clf 0.178, Loss_kd 1.906, Loss_kernel 0.001, Train_accy 94.74
2025-06-27 04:23:40,225 [icarl.py] => Task 9, Epoch 131/200 => Loss 2.081, Loss_clf 0.194, Loss_kd 1.886, Loss_kernel 0.001, Train_accy 94.91, Test_accy {'Art': 14.8, 'Clipart': 38.5, 'Real World': 35.69, 'Product': 59.19}
2025-06-27 04:23:53,355 [icarl.py] => Task 9, Epoch 132/200 => Loss 2.057, Loss_clf 0.169, Loss_kd 1.887, Loss_kernel 0.001, Train_accy 94.84
2025-06-27 04:24:06,370 [icarl.py] => Task 9, Epoch 133/200 => Loss 2.032, Loss_clf 0.166, Loss_kd 1.865, Loss_kernel 0.001, Train_accy 95.59
2025-06-27 04:24:19,658 [icarl.py] => Task 9, Epoch 134/200 => Loss 2.040, Loss_clf 0.157, Loss_kd 1.882, Loss_kernel 0.001, Train_accy 95.87
2025-06-27 04:24:30,932 [icarl.py] => Task 9, Epoch 135/200 => Loss 2.053, Loss_clf 0.163, Loss_kd 1.889, Loss_kernel 0.001, Train_accy 95.80
2025-06-27 04:24:59,020 [icarl.py] => Task 9, Epoch 136/200 => Loss 2.042, Loss_clf 0.163, Loss_kd 1.878, Loss_kernel 0.001, Train_accy 95.34, Test_accy {'Art': 14.8, 'Clipart': 40.3, 'Real World': 37.72, 'Product': 60.31}
2025-06-27 04:25:14,156 [icarl.py] => Task 9, Epoch 137/200 => Loss 2.059, Loss_clf 0.184, Loss_kd 1.874, Loss_kernel 0.001, Train_accy 94.41
2025-06-27 04:25:25,798 [icarl.py] => Task 9, Epoch 138/200 => Loss 2.052, Loss_clf 0.172, Loss_kd 1.880, Loss_kernel 0.001, Train_accy 95.10
2025-06-27 04:25:38,092 [icarl.py] => Task 9, Epoch 139/200 => Loss 2.042, Loss_clf 0.150, Loss_kd 1.891, Loss_kernel 0.001, Train_accy 96.06
2025-06-27 04:25:53,234 [icarl.py] => Task 9, Epoch 140/200 => Loss 2.065, Loss_clf 0.175, Loss_kd 1.889, Loss_kernel 0.001, Train_accy 95.60
2025-06-27 04:26:22,503 [icarl.py] => Task 9, Epoch 141/200 => Loss 2.028, Loss_clf 0.158, Loss_kd 1.869, Loss_kernel 0.001, Train_accy 95.55, Test_accy {'Art': 15.05, 'Clipart': 41.35, 'Real World': 37.28, 'Product': 61.42}
2025-06-27 04:26:35,111 [icarl.py] => Task 9, Epoch 142/200 => Loss 1.996, Loss_clf 0.132, Loss_kd 1.864, Loss_kernel 0.001, Train_accy 96.58
2025-06-27 04:26:46,552 [icarl.py] => Task 9, Epoch 143/200 => Loss 1.980, Loss_clf 0.127, Loss_kd 1.852, Loss_kernel 0.001, Train_accy 97.04
2025-06-27 04:26:58,853 [icarl.py] => Task 9, Epoch 144/200 => Loss 2.009, Loss_clf 0.139, Loss_kd 1.869, Loss_kernel 0.001, Train_accy 96.06
2025-06-27 04:27:10,900 [icarl.py] => Task 9, Epoch 145/200 => Loss 2.009, Loss_clf 0.137, Loss_kd 1.872, Loss_kernel 0.001, Train_accy 97.00
2025-06-27 04:27:38,913 [icarl.py] => Task 9, Epoch 146/200 => Loss 2.010, Loss_clf 0.142, Loss_kd 1.868, Loss_kernel 0.001, Train_accy 96.25, Test_accy {'Art': 14.8, 'Clipart': 42.41, 'Real World': 36.71, 'Product': 61.14}
2025-06-27 04:27:51,672 [icarl.py] => Task 9, Epoch 147/200 => Loss 2.032, Loss_clf 0.152, Loss_kd 1.879, Loss_kernel 0.001, Train_accy 95.82
2025-06-27 04:28:04,604 [icarl.py] => Task 9, Epoch 148/200 => Loss 2.016, Loss_clf 0.140, Loss_kd 1.875, Loss_kernel 0.001, Train_accy 95.88
2025-06-27 04:28:16,142 [icarl.py] => Task 9, Epoch 149/200 => Loss 1.982, Loss_clf 0.124, Loss_kd 1.857, Loss_kernel 0.001, Train_accy 96.71
2025-06-27 04:28:27,634 [icarl.py] => Task 9, Epoch 150/200 => Loss 1.960, Loss_clf 0.119, Loss_kd 1.841, Loss_kernel 0.001, Train_accy 96.79
2025-06-27 04:28:54,419 [icarl.py] => Task 9, Epoch 151/200 => Loss 2.005, Loss_clf 0.143, Loss_kd 1.861, Loss_kernel 0.001, Train_accy 96.38, Test_accy {'Art': 15.56, 'Clipart': 41.2, 'Real World': 36.42, 'Product': 60.31}
2025-06-27 04:29:07,428 [icarl.py] => Task 9, Epoch 152/200 => Loss 1.980, Loss_clf 0.129, Loss_kd 1.850, Loss_kernel 0.001, Train_accy 96.58
2025-06-27 04:29:18,818 [icarl.py] => Task 9, Epoch 153/200 => Loss 1.998, Loss_clf 0.137, Loss_kd 1.861, Loss_kernel 0.001, Train_accy 95.95
2025-06-27 04:29:30,009 [icarl.py] => Task 9, Epoch 154/200 => Loss 2.004, Loss_clf 0.138, Loss_kd 1.865, Loss_kernel 0.001, Train_accy 96.34
2025-06-27 04:29:42,525 [icarl.py] => Task 9, Epoch 155/200 => Loss 1.970, Loss_clf 0.140, Loss_kd 1.830, Loss_kernel 0.001, Train_accy 96.21
2025-06-27 04:30:09,200 [icarl.py] => Task 9, Epoch 156/200 => Loss 1.953, Loss_clf 0.114, Loss_kd 1.838, Loss_kernel 0.001, Train_accy 97.14, Test_accy {'Art': 15.31, 'Clipart': 41.65, 'Real World': 37.14, 'Product': 61.7}
2025-06-27 04:30:20,902 [icarl.py] => Task 9, Epoch 157/200 => Loss 1.955, Loss_clf 0.116, Loss_kd 1.838, Loss_kernel 0.001, Train_accy 97.18
2025-06-27 04:30:32,313 [icarl.py] => Task 9, Epoch 158/200 => Loss 1.988, Loss_clf 0.135, Loss_kd 1.852, Loss_kernel 0.001, Train_accy 96.14
2025-06-27 04:30:45,174 [icarl.py] => Task 9, Epoch 159/200 => Loss 1.993, Loss_clf 0.126, Loss_kd 1.866, Loss_kernel 0.001, Train_accy 96.95
2025-06-27 04:30:57,156 [icarl.py] => Task 9, Epoch 160/200 => Loss 1.966, Loss_clf 0.121, Loss_kd 1.844, Loss_kernel 0.001, Train_accy 96.81
2025-06-27 04:31:24,589 [icarl.py] => Task 9, Epoch 161/200 => Loss 1.967, Loss_clf 0.124, Loss_kd 1.842, Loss_kernel 0.001, Train_accy 96.81, Test_accy {'Art': 16.58, 'Clipart': 41.8, 'Real World': 39.74, 'Product': 61.84}
2025-06-27 04:31:37,584 [icarl.py] => Task 9, Epoch 162/200 => Loss 1.978, Loss_clf 0.130, Loss_kd 1.847, Loss_kernel 0.001, Train_accy 96.82
2025-06-27 04:31:48,325 [icarl.py] => Task 9, Epoch 163/200 => Loss 1.945, Loss_clf 0.110, Loss_kd 1.835, Loss_kernel 0.001, Train_accy 97.08
2025-06-27 04:32:01,897 [icarl.py] => Task 9, Epoch 164/200 => Loss 1.957, Loss_clf 0.133, Loss_kd 1.823, Loss_kernel 0.001, Train_accy 96.64
2025-06-27 04:32:14,967 [icarl.py] => Task 9, Epoch 165/200 => Loss 1.976, Loss_clf 0.124, Loss_kd 1.851, Loss_kernel 0.001, Train_accy 96.82
2025-06-27 04:32:41,510 [icarl.py] => Task 9, Epoch 166/200 => Loss 1.934, Loss_clf 0.105, Loss_kd 1.829, Loss_kernel 0.001, Train_accy 97.03, Test_accy {'Art': 14.8, 'Clipart': 41.5, 'Real World': 36.71, 'Product': 61.98}
2025-06-27 04:32:52,216 [icarl.py] => Task 9, Epoch 167/200 => Loss 1.982, Loss_clf 0.127, Loss_kd 1.854, Loss_kernel 0.001, Train_accy 96.43
2025-06-27 04:33:03,050 [icarl.py] => Task 9, Epoch 168/200 => Loss 1.938, Loss_clf 0.100, Loss_kd 1.837, Loss_kernel 0.001, Train_accy 97.61
2025-06-27 04:33:14,794 [icarl.py] => Task 9, Epoch 169/200 => Loss 1.979, Loss_clf 0.131, Loss_kd 1.847, Loss_kernel 0.001, Train_accy 96.44
2025-06-27 04:33:25,841 [icarl.py] => Task 9, Epoch 170/200 => Loss 1.953, Loss_clf 0.111, Loss_kd 1.841, Loss_kernel 0.001, Train_accy 97.04
2025-06-27 04:33:52,997 [icarl.py] => Task 9, Epoch 171/200 => Loss 1.946, Loss_clf 0.113, Loss_kd 1.832, Loss_kernel 0.001, Train_accy 97.00, Test_accy {'Art': 15.05, 'Clipart': 40.6, 'Real World': 37.72, 'Product': 61.84}
2025-06-27 04:34:04,404 [icarl.py] => Task 9, Epoch 172/200 => Loss 1.966, Loss_clf 0.121, Loss_kd 1.844, Loss_kernel 0.001, Train_accy 96.80
2025-06-27 04:34:15,425 [icarl.py] => Task 9, Epoch 173/200 => Loss 1.945, Loss_clf 0.106, Loss_kd 1.839, Loss_kernel 0.001, Train_accy 97.46
2025-06-27 04:34:28,014 [icarl.py] => Task 9, Epoch 174/200 => Loss 1.973, Loss_clf 0.111, Loss_kd 1.862, Loss_kernel 0.001, Train_accy 97.44
2025-06-27 04:34:39,736 [icarl.py] => Task 9, Epoch 175/200 => Loss 1.950, Loss_clf 0.105, Loss_kd 1.845, Loss_kernel 0.001, Train_accy 97.19
2025-06-27 04:35:06,246 [icarl.py] => Task 9, Epoch 176/200 => Loss 1.922, Loss_clf 0.093, Loss_kd 1.829, Loss_kernel 0.001, Train_accy 97.80, Test_accy {'Art': 15.05, 'Clipart': 41.8, 'Real World': 36.85, 'Product': 60.58}
2025-06-27 04:35:17,290 [icarl.py] => Task 9, Epoch 177/200 => Loss 1.948, Loss_clf 0.106, Loss_kd 1.841, Loss_kernel 0.001, Train_accy 96.99
2025-06-27 04:35:28,288 [icarl.py] => Task 9, Epoch 178/200 => Loss 1.959, Loss_clf 0.112, Loss_kd 1.846, Loss_kernel 0.001, Train_accy 97.09
2025-06-27 04:35:38,999 [icarl.py] => Task 9, Epoch 179/200 => Loss 1.944, Loss_clf 0.103, Loss_kd 1.840, Loss_kernel 0.001, Train_accy 97.27
2025-06-27 04:35:50,373 [icarl.py] => Task 9, Epoch 180/200 => Loss 1.945, Loss_clf 0.108, Loss_kd 1.836, Loss_kernel 0.001, Train_accy 97.18
2025-06-27 04:36:16,717 [icarl.py] => Task 9, Epoch 181/200 => Loss 1.963, Loss_clf 0.104, Loss_kd 1.858, Loss_kernel 0.001, Train_accy 97.51, Test_accy {'Art': 16.07, 'Clipart': 40.0, 'Real World': 37.43, 'Product': 61.28}
2025-06-27 04:36:27,067 [icarl.py] => Task 9, Epoch 182/200 => Loss 1.918, Loss_clf 0.092, Loss_kd 1.825, Loss_kernel 0.001, Train_accy 97.74
2025-06-27 04:36:39,713 [icarl.py] => Task 9, Epoch 183/200 => Loss 1.968, Loss_clf 0.125, Loss_kd 1.842, Loss_kernel 0.001, Train_accy 96.76
2025-06-27 04:36:51,261 [icarl.py] => Task 9, Epoch 184/200 => Loss 1.951, Loss_clf 0.105, Loss_kd 1.845, Loss_kernel 0.001, Train_accy 97.18
2025-06-27 04:37:02,011 [icarl.py] => Task 9, Epoch 185/200 => Loss 1.953, Loss_clf 0.101, Loss_kd 1.852, Loss_kernel 0.001, Train_accy 97.56
2025-06-27 04:37:29,481 [icarl.py] => Task 9, Epoch 186/200 => Loss 1.922, Loss_clf 0.083, Loss_kd 1.838, Loss_kernel 0.001, Train_accy 98.04, Test_accy {'Art': 15.31, 'Clipart': 41.05, 'Real World': 38.01, 'Product': 62.67}
2025-06-27 04:37:39,984 [icarl.py] => Task 9, Epoch 187/200 => Loss 1.924, Loss_clf 0.087, Loss_kd 1.836, Loss_kernel 0.001, Train_accy 97.88
2025-06-27 04:37:50,684 [icarl.py] => Task 9, Epoch 188/200 => Loss 1.951, Loss_clf 0.101, Loss_kd 1.849, Loss_kernel 0.001, Train_accy 96.84
2025-06-27 04:38:01,007 [icarl.py] => Task 9, Epoch 189/200 => Loss 1.920, Loss_clf 0.080, Loss_kd 1.839, Loss_kernel 0.001, Train_accy 98.22
2025-06-27 04:38:11,685 [icarl.py] => Task 9, Epoch 190/200 => Loss 1.910, Loss_clf 0.085, Loss_kd 1.825, Loss_kernel 0.001, Train_accy 98.09
2025-06-27 04:38:38,640 [icarl.py] => Task 9, Epoch 191/200 => Loss 1.892, Loss_clf 0.077, Loss_kd 1.814, Loss_kernel 0.001, Train_accy 98.23, Test_accy {'Art': 16.07, 'Clipart': 40.3, 'Real World': 38.15, 'Product': 62.26}
2025-06-27 04:38:49,881 [icarl.py] => Task 9, Epoch 192/200 => Loss 1.942, Loss_clf 0.088, Loss_kd 1.854, Loss_kernel 0.001, Train_accy 97.89
2025-06-27 04:39:00,725 [icarl.py] => Task 9, Epoch 193/200 => Loss 1.958, Loss_clf 0.111, Loss_kd 1.846, Loss_kernel 0.001, Train_accy 97.04
2025-06-27 04:39:11,885 [icarl.py] => Task 9, Epoch 194/200 => Loss 1.955, Loss_clf 0.095, Loss_kd 1.860, Loss_kernel 0.001, Train_accy 97.76
2025-06-27 04:39:23,116 [icarl.py] => Task 9, Epoch 195/200 => Loss 1.935, Loss_clf 0.100, Loss_kd 1.835, Loss_kernel 0.001, Train_accy 97.85
2025-06-27 04:39:50,067 [icarl.py] => Task 9, Epoch 196/200 => Loss 1.924, Loss_clf 0.093, Loss_kd 1.831, Loss_kernel 0.001, Train_accy 97.70, Test_accy {'Art': 15.82, 'Clipart': 41.8, 'Real World': 38.73, 'Product': 61.84}
2025-06-27 04:40:00,504 [icarl.py] => Task 9, Epoch 197/200 => Loss 1.942, Loss_clf 0.100, Loss_kd 1.841, Loss_kernel 0.001, Train_accy 97.79
2025-06-27 04:40:11,861 [icarl.py] => Task 9, Epoch 198/200 => Loss 1.940, Loss_clf 0.098, Loss_kd 1.841, Loss_kernel 0.001, Train_accy 97.42
2025-06-27 04:40:23,002 [icarl.py] => Task 9, Epoch 199/200 => Loss 1.909, Loss_clf 0.085, Loss_kd 1.824, Loss_kernel 0.001, Train_accy 97.94
2025-06-27 04:40:34,328 [icarl.py] => Task 9, Epoch 200/200 => Loss 1.930, Loss_clf 0.100, Loss_kd 1.829, Loss_kernel 0.001, Train_accy 97.56
2025-06-27 04:40:34,329 [base.py] => Reducing exemplars...(26 per classes)
2025-06-27 04:41:01,712 [base.py] => Constructing exemplars...(26 per classes)
2025-06-27 04:41:44,528 [icarl.py] => Exemplar size: 1300
2025-06-27 04:41:45,739 [trainer.py] => CNN [Art]: {'total': 15.56, '00-04': 55.26, '05-09': 14.71, '10-14': 10.81, '15-19': 18.52, '20-24': 2.63, '25-29': 5.88, '30-34': 9.09, '35-39': 9.76, '40-44': 23.68, '45-49': 10.0, 'old': 16.37, 'new': 10.0}
2025-06-27 04:41:45,740 [trainer.py] => NME [Art]: {'total': 14.8, '00-04': 42.11, '05-09': 11.76, '10-14': 10.81, '15-19': 22.22, '20-24': 5.26, '25-29': 8.82, '30-34': 10.91, '35-39': 9.76, '40-44': 15.79, '45-49': 14.0, 'old': 14.91, 'new': 14.0}
2025-06-27 04:41:45,740 [trainer.py] => CNN [Art] top1 curve: [57.89, 43.06, 35.78, 35.29, 29.89, 25.48, 23.95, 21.71, 21.35, 15.56]
2025-06-27 04:41:45,741 [trainer.py] => CNN [Art] top5 curve: [97.37, 81.94, 66.06, 59.56, 48.85, 40.87, 42.21, 42.11, 33.92, 33.93]
2025-06-27 04:41:45,741 [trainer.py] => NME [Art] top1 curve: [63.16, 54.17, 40.37, 39.71, 29.31, 25.96, 23.95, 21.05, 19.01, 14.8]
2025-06-27 04:41:45,741 [trainer.py] => NME [Art] top5 curve: [100.0, 87.5, 80.73, 68.38, 55.75, 48.56, 51.33, 44.74, 40.64, 36.99]
2025-06-27 04:41:45,741 [trainer.py] => Average Accuracy [Art] (CNN): 30.996
2025-06-27 04:41:45,741 [trainer.py] => Average Accuracy [Art] (NME): 33.149
2025-06-27 04:41:45,741 [trainer.py] => CNN [Clipart]: {'total': 40.75, '00-04': 50.0, '05-09': 38.71, '10-14': 39.39, '15-19': 45.28, '20-24': 31.46, '25-29': 20.97, '30-34': 31.25, '35-39': 26.23, '40-44': 51.52, '45-49': 73.44, 'old': 37.27, 'new': 73.44}
2025-06-27 04:41:45,741 [trainer.py] => NME [Clipart]: {'total': 42.26, '00-04': 42.31, '05-09': 41.94, '10-14': 42.42, '15-19': 43.4, '20-24': 37.08, '25-29': 32.26, '30-34': 35.94, '35-39': 34.43, '40-44': 53.03, '45-49': 60.94, 'old': 40.27, 'new': 60.94}
2025-06-27 04:41:45,741 [trainer.py] => CNN [Clipart] top1 curve: [75.64, 67.86, 65.05, 66.8, 57.47, 53.41, 48.95, 43.74, 44.09, 40.75]
2025-06-27 04:41:45,741 [trainer.py] => CNN [Clipart] top5 curve: [98.72, 94.29, 87.86, 85.71, 82.76, 75.61, 74.26, 71.03, 69.55, 65.11]
2025-06-27 04:41:45,742 [trainer.py] => NME [Clipart] top1 curve: [71.79, 70.71, 66.5, 65.64, 59.2, 54.39, 50.84, 46.92, 46.26, 42.26]
2025-06-27 04:41:45,742 [trainer.py] => NME [Clipart] top5 curve: [100.0, 94.29, 85.92, 87.26, 82.18, 79.51, 75.53, 75.14, 70.05, 67.82]
2025-06-27 04:41:45,742 [trainer.py] => Average Accuracy [Clipart] (CNN): 56.376
2025-06-27 04:41:45,742 [trainer.py] => Average Accuracy [Clipart] (NME): 57.451
2025-06-27 04:41:45,742 [trainer.py] => CNN [Product]: {'total': 61.14, '00-04': 71.76, '05-09': 60.0, '10-14': 72.58, '15-19': 50.65, '20-24': 49.18, '25-29': 60.76, '30-34': 50.75, '35-39': 46.97, '40-44': 72.86, '45-49': 73.24, 'old': 59.81, 'new': 73.24}
2025-06-27 04:41:45,742 [trainer.py] => NME [Product]: {'total': 63.37, '00-04': 68.24, '05-09': 62.5, '10-14': 80.65, '15-19': 58.44, '20-24': 49.18, '25-29': 65.82, '30-34': 52.24, '35-39': 56.06, '40-44': 71.43, '45-49': 67.61, 'old': 62.91, 'new': 67.61}
2025-06-27 04:41:45,742 [trainer.py] => CNN [Product] top1 curve: [85.88, 86.06, 87.67, 81.91, 75.89, 71.17, 68.88, 67.24, 65.84, 61.14]
2025-06-27 04:41:45,742 [trainer.py] => CNN [Product] top5 curve: [100.0, 99.39, 98.24, 97.7, 92.05, 91.44, 89.43, 87.69, 86.4, 83.57]
2025-06-27 04:41:45,742 [trainer.py] => NME [Product] top1 curve: [90.59, 87.88, 92.51, 84.87, 78.36, 76.13, 70.45, 70.54, 67.7, 63.37]
2025-06-27 04:41:45,742 [trainer.py] => NME [Product] top5 curve: [100.0, 99.39, 99.12, 98.68, 95.07, 93.02, 91.78, 89.08, 88.87, 84.54]
2025-06-27 04:41:45,742 [trainer.py] => Average Accuracy [Product] (CNN): 75.16799999999999
2025-06-27 04:41:45,742 [trainer.py] => Average Accuracy [Product] (NME): 78.24
2025-06-27 04:41:45,743 [trainer.py] => CNN [Real World]: {'total': 38.58, '00-04': 45.21, '05-09': 44.12, '10-14': 30.56, '15-19': 35.82, '20-24': 12.31, '25-29': 38.96, '30-34': 44.0, '35-39': 23.73, '40-44': 35.94, '45-49': 69.44, 'old': 35.0, 'new': 69.44}
2025-06-27 04:41:45,743 [trainer.py] => NME [Real World]: {'total': 39.16, '00-04': 32.88, '05-09': 47.06, '10-14': 33.33, '15-19': 37.31, '20-24': 16.92, '25-29': 41.56, '30-34': 45.33, '35-39': 32.2, '40-44': 40.62, '45-49': 61.11, 'old': 36.61, 'new': 61.11}
2025-06-27 04:41:45,743 [trainer.py] => CNN [Real World] top1 curve: [71.23, 64.54, 58.22, 52.86, 48.7, 45.97, 43.66, 37.41, 37.9, 38.58]
2025-06-27 04:41:45,743 [trainer.py] => CNN [Real World] top5 curve: [100.0, 92.2, 84.98, 76.07, 73.04, 72.99, 71.03, 64.93, 66.61, 62.57]
2025-06-27 04:41:45,743 [trainer.py] => NME [Real World] top1 curve: [79.45, 70.21, 60.56, 56.43, 49.86, 50.0, 47.89, 40.29, 41.61, 39.16]
2025-06-27 04:41:45,743 [trainer.py] => NME [Real World] top5 curve: [100.0, 96.45, 85.92, 82.5, 79.71, 79.62, 76.66, 69.96, 68.87, 65.32]
2025-06-27 04:41:45,743 [trainer.py] => Average Accuracy [Real World] (CNN): 49.907
2025-06-27 04:41:45,743 [trainer.py] => Average Accuracy [Real World] (NME): 53.54600000000001
2025-06-27 04:41:45,743 [trainer.py] => NME Harmonic Mean : 22.6533
2025-06-27 04:41:45,743 [trainer.py] => NME Macro Mean : 39.8975
2025-06-27 04:41:45,743 [trainer.py] => CNN Harmonic Mean : 23.3579
2025-06-27 04:41:45,743 [trainer.py] => CNN Macro Mean : 39.0075
2025-06-27 04:41:45,744 [trainer.py] => All params: 21315452
2025-06-27 04:41:45,744 [trainer.py] => Trainable params: 21315452
2025-06-27 04:41:45,746 [icarl.py] => Learning on 50-55
2025-06-27 04:42:20,902 [icarl.py] => Task 10, Epoch 1/200 => Loss 5.266, Loss_clf 2.463, Loss_kd 2.800, Loss_kernel 0.003, Train_accy 40.96, Test_accy {'Art': 5.22, 'Clipart': 9.74, 'Real World': 10.65, 'Product': 12.52}
2025-06-27 04:42:38,294 [icarl.py] => Task 10, Epoch 2/200 => Loss 6.057, Loss_clf 2.766, Loss_kd 3.287, Loss_kernel 0.005, Train_accy 30.48
2025-06-27 04:42:56,820 [icarl.py] => Task 10, Epoch 3/200 => Loss 5.210, Loss_clf 2.191, Loss_kd 3.016, Loss_kernel 0.004, Train_accy 40.65
2025-06-27 04:43:14,348 [icarl.py] => Task 10, Epoch 4/200 => Loss 4.822, Loss_clf 1.947, Loss_kd 2.871, Loss_kernel 0.004, Train_accy 45.42
2025-06-27 04:43:31,594 [icarl.py] => Task 10, Epoch 5/200 => Loss 4.619, Loss_clf 1.818, Loss_kd 2.798, Loss_kernel 0.004, Train_accy 49.13
2025-06-27 04:44:07,053 [icarl.py] => Task 10, Epoch 6/200 => Loss 4.402, Loss_clf 1.668, Loss_kd 2.730, Loss_kernel 0.003, Train_accy 51.76, Test_accy {'Art': 10.88, 'Clipart': 20.53, 'Real World': 24.42, 'Product': 28.86}
2025-06-27 04:44:25,133 [icarl.py] => Task 10, Epoch 7/200 => Loss 4.204, Loss_clf 1.563, Loss_kd 2.638, Loss_kernel 0.004, Train_accy 55.12
2025-06-27 04:44:43,373 [icarl.py] => Task 10, Epoch 8/200 => Loss 4.065, Loss_clf 1.458, Loss_kd 2.603, Loss_kernel 0.003, Train_accy 58.27
2025-06-27 04:45:00,896 [icarl.py] => Task 10, Epoch 9/200 => Loss 3.959, Loss_clf 1.389, Loss_kd 2.567, Loss_kernel 0.003, Train_accy 60.03
2025-06-27 04:45:18,830 [icarl.py] => Task 10, Epoch 10/200 => Loss 3.791, Loss_clf 1.268, Loss_kd 2.520, Loss_kernel 0.003, Train_accy 63.13
2025-06-27 04:45:53,877 [icarl.py] => Task 10, Epoch 11/200 => Loss 3.714, Loss_clf 1.224, Loss_kd 2.487, Loss_kernel 0.003, Train_accy 63.85, Test_accy {'Art': 11.34, 'Clipart': 30.0, 'Real World': 27.14, 'Product': 42.91}
2025-06-27 04:46:11,531 [icarl.py] => Task 10, Epoch 12/200 => Loss 3.658, Loss_clf 1.172, Loss_kd 2.483, Loss_kernel 0.003, Train_accy 66.30
2025-06-27 04:46:29,410 [icarl.py] => Task 10, Epoch 13/200 => Loss 3.591, Loss_clf 1.134, Loss_kd 2.454, Loss_kernel 0.003, Train_accy 66.45
2025-06-27 04:46:46,917 [icarl.py] => Task 10, Epoch 14/200 => Loss 3.540, Loss_clf 1.112, Loss_kd 2.424, Loss_kernel 0.003, Train_accy 68.43
2025-06-27 04:47:05,224 [icarl.py] => Task 10, Epoch 15/200 => Loss 3.488, Loss_clf 1.073, Loss_kd 2.412, Loss_kernel 0.003, Train_accy 67.93
2025-06-27 04:47:39,722 [icarl.py] => Task 10, Epoch 16/200 => Loss 3.397, Loss_clf 1.017, Loss_kd 2.377, Loss_kernel 0.003, Train_accy 69.44, Test_accy {'Art': 11.56, 'Clipart': 28.03, 'Real World': 24.94, 'Product': 31.03}
2025-06-27 04:47:58,378 [icarl.py] => Task 10, Epoch 17/200 => Loss 3.362, Loss_clf 0.968, Loss_kd 2.391, Loss_kernel 0.003, Train_accy 70.93
2025-06-27 04:48:15,888 [icarl.py] => Task 10, Epoch 18/200 => Loss 3.353, Loss_clf 0.996, Loss_kd 2.354, Loss_kernel 0.003, Train_accy 70.62
2025-06-27 04:48:32,082 [icarl.py] => Task 10, Epoch 19/200 => Loss 3.296, Loss_clf 0.939, Loss_kd 2.354, Loss_kernel 0.003, Train_accy 73.07
2025-06-27 04:48:49,028 [icarl.py] => Task 10, Epoch 20/200 => Loss 3.233, Loss_clf 0.897, Loss_kd 2.332, Loss_kernel 0.003, Train_accy 74.23
2025-06-27 04:49:23,306 [icarl.py] => Task 10, Epoch 21/200 => Loss 3.163, Loss_clf 0.853, Loss_kd 2.306, Loss_kernel 0.003, Train_accy 73.56, Test_accy {'Art': 14.29, 'Clipart': 33.68, 'Real World': 31.3, 'Product': 49.68}
2025-06-27 04:49:42,167 [icarl.py] => Task 10, Epoch 22/200 => Loss 3.173, Loss_clf 0.865, Loss_kd 2.304, Loss_kernel 0.003, Train_accy 74.99
2025-06-27 04:50:00,047 [icarl.py] => Task 10, Epoch 23/200 => Loss 3.070, Loss_clf 0.798, Loss_kd 2.270, Loss_kernel 0.003, Train_accy 76.60
2025-06-27 04:50:18,526 [icarl.py] => Task 10, Epoch 24/200 => Loss 3.113, Loss_clf 0.808, Loss_kd 2.302, Loss_kernel 0.003, Train_accy 75.82
2025-06-27 04:50:36,637 [icarl.py] => Task 10, Epoch 25/200 => Loss 3.021, Loss_clf 0.743, Loss_kd 2.275, Loss_kernel 0.003, Train_accy 77.81
2025-06-27 04:51:12,685 [icarl.py] => Task 10, Epoch 26/200 => Loss 2.994, Loss_clf 0.735, Loss_kd 2.256, Loss_kernel 0.003, Train_accy 77.51, Test_accy {'Art': 17.01, 'Clipart': 36.97, 'Real World': 31.56, 'Product': 50.06}
2025-06-27 04:51:30,708 [icarl.py] => Task 10, Epoch 27/200 => Loss 3.000, Loss_clf 0.742, Loss_kd 2.256, Loss_kernel 0.003, Train_accy 78.44
2025-06-27 04:51:47,811 [icarl.py] => Task 10, Epoch 28/200 => Loss 3.033, Loss_clf 0.763, Loss_kd 2.268, Loss_kernel 0.003, Train_accy 78.17
2025-06-27 04:52:06,186 [icarl.py] => Task 10, Epoch 29/200 => Loss 2.962, Loss_clf 0.719, Loss_kd 2.240, Loss_kernel 0.003, Train_accy 79.08
2025-06-27 04:52:25,565 [icarl.py] => Task 10, Epoch 30/200 => Loss 2.909, Loss_clf 0.671, Loss_kd 2.235, Loss_kernel 0.002, Train_accy 80.37
2025-06-27 04:53:02,291 [icarl.py] => Task 10, Epoch 31/200 => Loss 2.919, Loss_clf 0.668, Loss_kd 2.248, Loss_kernel 0.003, Train_accy 80.70, Test_accy {'Art': 15.19, 'Clipart': 34.61, 'Real World': 33.51, 'Product': 48.28}
2025-06-27 04:53:19,028 [icarl.py] => Task 10, Epoch 32/200 => Loss 2.840, Loss_clf 0.626, Loss_kd 2.211, Loss_kernel 0.003, Train_accy 81.71
2025-06-27 04:53:36,246 [icarl.py] => Task 10, Epoch 33/200 => Loss 2.864, Loss_clf 0.647, Loss_kd 2.214, Loss_kernel 0.003, Train_accy 80.60
2025-06-27 04:53:54,732 [icarl.py] => Task 10, Epoch 34/200 => Loss 2.907, Loss_clf 0.662, Loss_kd 2.243, Loss_kernel 0.003, Train_accy 80.09
2025-06-27 04:54:11,842 [icarl.py] => Task 10, Epoch 35/200 => Loss 2.821, Loss_clf 0.631, Loss_kd 2.187, Loss_kernel 0.003, Train_accy 81.34
2025-06-27 04:54:46,405 [icarl.py] => Task 10, Epoch 36/200 => Loss 2.810, Loss_clf 0.615, Loss_kd 2.193, Loss_kernel 0.002, Train_accy 82.23, Test_accy {'Art': 14.97, 'Clipart': 34.47, 'Real World': 31.04, 'Product': 49.81}
2025-06-27 04:55:02,660 [icarl.py] => Task 10, Epoch 37/200 => Loss 2.841, Loss_clf 0.624, Loss_kd 2.214, Loss_kernel 0.003, Train_accy 81.01
2025-06-27 04:55:21,360 [icarl.py] => Task 10, Epoch 38/200 => Loss 2.877, Loss_clf 0.646, Loss_kd 2.228, Loss_kernel 0.003, Train_accy 81.25
2025-06-27 04:55:37,945 [icarl.py] => Task 10, Epoch 39/200 => Loss 2.862, Loss_clf 0.650, Loss_kd 2.210, Loss_kernel 0.003, Train_accy 79.97
2025-06-27 04:55:55,692 [icarl.py] => Task 10, Epoch 40/200 => Loss 2.778, Loss_clf 0.579, Loss_kd 2.196, Loss_kernel 0.003, Train_accy 83.49
2025-06-27 04:56:29,890 [icarl.py] => Task 10, Epoch 41/200 => Loss 2.796, Loss_clf 0.593, Loss_kd 2.201, Loss_kernel 0.003, Train_accy 81.65, Test_accy {'Art': 14.29, 'Clipart': 35.53, 'Real World': 33.51, 'Product': 49.3}
2025-06-27 04:56:47,756 [icarl.py] => Task 10, Epoch 42/200 => Loss 2.789, Loss_clf 0.598, Loss_kd 2.189, Loss_kernel 0.003, Train_accy 81.93
2025-06-27 04:57:05,039 [icarl.py] => Task 10, Epoch 43/200 => Loss 2.756, Loss_clf 0.571, Loss_kd 2.182, Loss_kernel 0.002, Train_accy 83.03
2025-06-27 04:57:21,583 [icarl.py] => Task 10, Epoch 44/200 => Loss 2.687, Loss_clf 0.537, Loss_kd 2.147, Loss_kernel 0.002, Train_accy 83.83
2025-06-27 04:57:38,941 [icarl.py] => Task 10, Epoch 45/200 => Loss 2.716, Loss_clf 0.534, Loss_kd 2.179, Loss_kernel 0.002, Train_accy 84.50
2025-06-27 04:58:13,814 [icarl.py] => Task 10, Epoch 46/200 => Loss 2.742, Loss_clf 0.580, Loss_kd 2.160, Loss_kernel 0.002, Train_accy 83.17, Test_accy {'Art': 15.65, 'Clipart': 35.26, 'Real World': 35.06, 'Product': 51.47}
2025-06-27 04:58:30,910 [icarl.py] => Task 10, Epoch 47/200 => Loss 2.689, Loss_clf 0.525, Loss_kd 2.162, Loss_kernel 0.002, Train_accy 84.56
2025-06-27 04:58:47,523 [icarl.py] => Task 10, Epoch 48/200 => Loss 2.739, Loss_clf 0.554, Loss_kd 2.182, Loss_kernel 0.002, Train_accy 83.36
2025-06-27 04:59:05,526 [icarl.py] => Task 10, Epoch 49/200 => Loss 2.672, Loss_clf 0.517, Loss_kd 2.153, Loss_kernel 0.002, Train_accy 84.47
2025-06-27 04:59:21,997 [icarl.py] => Task 10, Epoch 50/200 => Loss 2.640, Loss_clf 0.485, Loss_kd 2.152, Loss_kernel 0.003, Train_accy 85.55
2025-06-27 05:00:00,724 [icarl.py] => Task 10, Epoch 51/200 => Loss 2.644, Loss_clf 0.505, Loss_kd 2.137, Loss_kernel 0.002, Train_accy 85.62, Test_accy {'Art': 15.87, 'Clipart': 38.03, 'Real World': 33.12, 'Product': 54.15}
2025-06-27 05:00:18,196 [icarl.py] => Task 10, Epoch 52/200 => Loss 2.663, Loss_clf 0.496, Loss_kd 2.165, Loss_kernel 0.002, Train_accy 85.33
2025-06-27 05:00:35,699 [icarl.py] => Task 10, Epoch 53/200 => Loss 2.700, Loss_clf 0.524, Loss_kd 2.174, Loss_kernel 0.002, Train_accy 84.61
2025-06-27 05:00:51,836 [icarl.py] => Task 10, Epoch 54/200 => Loss 2.580, Loss_clf 0.460, Loss_kd 2.118, Loss_kernel 0.002, Train_accy 86.36
2025-06-27 05:01:07,974 [icarl.py] => Task 10, Epoch 55/200 => Loss 2.690, Loss_clf 0.526, Loss_kd 2.163, Loss_kernel 0.002, Train_accy 84.76
2025-06-27 05:01:40,807 [icarl.py] => Task 10, Epoch 56/200 => Loss 2.635, Loss_clf 0.487, Loss_kd 2.146, Loss_kernel 0.002, Train_accy 86.09, Test_accy {'Art': 14.29, 'Clipart': 35.79, 'Real World': 32.73, 'Product': 48.53}
2025-06-27 05:01:58,517 [icarl.py] => Task 10, Epoch 57/200 => Loss 2.664, Loss_clf 0.501, Loss_kd 2.161, Loss_kernel 0.002, Train_accy 85.34
2025-06-27 05:02:15,767 [icarl.py] => Task 10, Epoch 58/200 => Loss 2.669, Loss_clf 0.505, Loss_kd 2.162, Loss_kernel 0.002, Train_accy 85.32
2025-06-27 05:02:33,096 [icarl.py] => Task 10, Epoch 59/200 => Loss 2.675, Loss_clf 0.508, Loss_kd 2.165, Loss_kernel 0.002, Train_accy 84.99
2025-06-27 05:02:47,630 [icarl.py] => Task 10, Epoch 60/200 => Loss 2.632, Loss_clf 0.476, Loss_kd 2.154, Loss_kernel 0.002, Train_accy 85.97
2025-06-27 05:03:21,243 [icarl.py] => Task 10, Epoch 61/200 => Loss 2.627, Loss_clf 0.490, Loss_kd 2.135, Loss_kernel 0.002, Train_accy 85.25, Test_accy {'Art': 17.91, 'Clipart': 34.74, 'Real World': 32.99, 'Product': 52.75}
2025-06-27 05:03:37,647 [icarl.py] => Task 10, Epoch 62/200 => Loss 2.548, Loss_clf 0.430, Loss_kd 2.116, Loss_kernel 0.002, Train_accy 87.34
2025-06-27 05:03:54,822 [icarl.py] => Task 10, Epoch 63/200 => Loss 2.581, Loss_clf 0.454, Loss_kd 2.125, Loss_kernel 0.002, Train_accy 86.46
2025-06-27 05:04:11,467 [icarl.py] => Task 10, Epoch 64/200 => Loss 2.568, Loss_clf 0.446, Loss_kd 2.120, Loss_kernel 0.002, Train_accy 87.14
2025-06-27 05:04:27,695 [icarl.py] => Task 10, Epoch 65/200 => Loss 2.603, Loss_clf 0.450, Loss_kd 2.151, Loss_kernel 0.002, Train_accy 87.89
2025-06-27 05:05:01,538 [icarl.py] => Task 10, Epoch 66/200 => Loss 2.502, Loss_clf 0.402, Loss_kd 2.098, Loss_kernel 0.002, Train_accy 87.78, Test_accy {'Art': 16.1, 'Clipart': 38.68, 'Real World': 32.6, 'Product': 51.6}
2025-06-27 05:05:18,465 [icarl.py] => Task 10, Epoch 67/200 => Loss 2.517, Loss_clf 0.423, Loss_kd 2.092, Loss_kernel 0.002, Train_accy 87.28
2025-06-27 05:05:35,080 [icarl.py] => Task 10, Epoch 68/200 => Loss 2.541, Loss_clf 0.430, Loss_kd 2.110, Loss_kernel 0.002, Train_accy 87.47
2025-06-27 05:05:52,062 [icarl.py] => Task 10, Epoch 69/200 => Loss 2.550, Loss_clf 0.441, Loss_kd 2.107, Loss_kernel 0.002, Train_accy 87.27
2025-06-27 05:06:08,238 [icarl.py] => Task 10, Epoch 70/200 => Loss 2.517, Loss_clf 0.428, Loss_kd 2.087, Loss_kernel 0.002, Train_accy 87.33
2025-06-27 05:06:43,540 [icarl.py] => Task 10, Epoch 71/200 => Loss 2.520, Loss_clf 0.412, Loss_kd 2.106, Loss_kernel 0.002, Train_accy 87.60, Test_accy {'Art': 14.97, 'Clipart': 36.58, 'Real World': 32.21, 'Product': 48.15}
2025-06-27 05:06:59,571 [icarl.py] => Task 10, Epoch 72/200 => Loss 2.548, Loss_clf 0.429, Loss_kd 2.117, Loss_kernel 0.002, Train_accy 87.65
2025-06-27 05:07:16,471 [icarl.py] => Task 10, Epoch 73/200 => Loss 2.549, Loss_clf 0.419, Loss_kd 2.129, Loss_kernel 0.002, Train_accy 87.00
2025-06-27 05:07:32,671 [icarl.py] => Task 10, Epoch 74/200 => Loss 2.503, Loss_clf 0.410, Loss_kd 2.092, Loss_kernel 0.002, Train_accy 88.01
2025-06-27 05:07:51,071 [icarl.py] => Task 10, Epoch 75/200 => Loss 2.537, Loss_clf 0.426, Loss_kd 2.110, Loss_kernel 0.002, Train_accy 86.84
2025-06-27 05:08:25,009 [icarl.py] => Task 10, Epoch 76/200 => Loss 2.486, Loss_clf 0.394, Loss_kd 2.091, Loss_kernel 0.002, Train_accy 88.56, Test_accy {'Art': 16.55, 'Clipart': 36.84, 'Real World': 34.03, 'Product': 51.6}
2025-06-27 05:08:43,917 [icarl.py] => Task 10, Epoch 77/200 => Loss 2.556, Loss_clf 0.429, Loss_kd 2.125, Loss_kernel 0.002, Train_accy 87.83
2025-06-27 05:09:00,351 [icarl.py] => Task 10, Epoch 78/200 => Loss 2.450, Loss_clf 0.361, Loss_kd 2.087, Loss_kernel 0.002, Train_accy 89.40
2025-06-27 05:09:16,434 [icarl.py] => Task 10, Epoch 79/200 => Loss 2.509, Loss_clf 0.394, Loss_kd 2.113, Loss_kernel 0.002, Train_accy 88.31
2025-06-27 05:09:33,689 [icarl.py] => Task 10, Epoch 80/200 => Loss 2.464, Loss_clf 0.389, Loss_kd 2.073, Loss_kernel 0.002, Train_accy 89.14
2025-06-27 05:10:10,245 [icarl.py] => Task 10, Epoch 81/200 => Loss 2.444, Loss_clf 0.368, Loss_kd 2.074, Loss_kernel 0.002, Train_accy 89.03, Test_accy {'Art': 16.55, 'Clipart': 38.42, 'Real World': 35.32, 'Product': 51.72}
2025-06-27 05:10:25,055 [icarl.py] => Task 10, Epoch 82/200 => Loss 2.476, Loss_clf 0.383, Loss_kd 2.091, Loss_kernel 0.002, Train_accy 88.82
2025-06-27 05:10:41,432 [icarl.py] => Task 10, Epoch 83/200 => Loss 2.471, Loss_clf 0.379, Loss_kd 2.090, Loss_kernel 0.001, Train_accy 89.44
2025-06-27 05:10:57,290 [icarl.py] => Task 10, Epoch 84/200 => Loss 2.405, Loss_clf 0.341, Loss_kd 2.063, Loss_kernel 0.002, Train_accy 89.71
2025-06-27 05:11:13,692 [icarl.py] => Task 10, Epoch 85/200 => Loss 2.442, Loss_clf 0.359, Loss_kd 2.081, Loss_kernel 0.002, Train_accy 89.56
2025-06-27 05:11:45,897 [icarl.py] => Task 10, Epoch 86/200 => Loss 2.422, Loss_clf 0.350, Loss_kd 2.070, Loss_kernel 0.002, Train_accy 88.93, Test_accy {'Art': 14.97, 'Clipart': 38.68, 'Real World': 34.16, 'Product': 50.96}
2025-06-27 05:12:01,951 [icarl.py] => Task 10, Epoch 87/200 => Loss 2.361, Loss_clf 0.327, Loss_kd 2.033, Loss_kernel 0.001, Train_accy 90.38
2025-06-27 05:12:19,487 [icarl.py] => Task 10, Epoch 88/200 => Loss 2.415, Loss_clf 0.355, Loss_kd 2.058, Loss_kernel 0.002, Train_accy 89.85
2025-06-27 05:12:35,919 [icarl.py] => Task 10, Epoch 89/200 => Loss 2.446, Loss_clf 0.360, Loss_kd 2.085, Loss_kernel 0.001, Train_accy 89.71
2025-06-27 05:12:52,941 [icarl.py] => Task 10, Epoch 90/200 => Loss 2.386, Loss_clf 0.322, Loss_kd 2.063, Loss_kernel 0.001, Train_accy 90.95
2025-06-27 05:13:28,723 [icarl.py] => Task 10, Epoch 91/200 => Loss 2.359, Loss_clf 0.322, Loss_kd 2.036, Loss_kernel 0.001, Train_accy 90.32, Test_accy {'Art': 16.55, 'Clipart': 37.63, 'Real World': 33.25, 'Product': 55.17}
2025-06-27 05:13:45,054 [icarl.py] => Task 10, Epoch 92/200 => Loss 2.365, Loss_clf 0.312, Loss_kd 2.052, Loss_kernel 0.001, Train_accy 90.52
2025-06-27 05:14:03,577 [icarl.py] => Task 10, Epoch 93/200 => Loss 2.364, Loss_clf 0.341, Loss_kd 2.021, Loss_kernel 0.001, Train_accy 90.14
2025-06-27 05:14:18,839 [icarl.py] => Task 10, Epoch 94/200 => Loss 2.358, Loss_clf 0.305, Loss_kd 2.052, Loss_kernel 0.001, Train_accy 91.35
2025-06-27 05:14:35,813 [icarl.py] => Task 10, Epoch 95/200 => Loss 2.342, Loss_clf 0.304, Loss_kd 2.037, Loss_kernel 0.001, Train_accy 90.78
2025-06-27 05:15:08,731 [icarl.py] => Task 10, Epoch 96/200 => Loss 2.347, Loss_clf 0.299, Loss_kd 2.046, Loss_kernel 0.001, Train_accy 90.64, Test_accy {'Art': 15.42, 'Clipart': 37.24, 'Real World': 34.16, 'Product': 51.21}
2025-06-27 05:15:26,016 [icarl.py] => Task 10, Epoch 97/200 => Loss 2.314, Loss_clf 0.284, Loss_kd 2.028, Loss_kernel 0.001, Train_accy 91.53
2025-06-27 05:15:41,927 [icarl.py] => Task 10, Epoch 98/200 => Loss 2.309, Loss_clf 0.279, Loss_kd 2.028, Loss_kernel 0.001, Train_accy 91.52
2025-06-27 05:15:58,615 [icarl.py] => Task 10, Epoch 99/200 => Loss 2.310, Loss_clf 0.290, Loss_kd 2.019, Loss_kernel 0.001, Train_accy 91.34
2025-06-27 05:16:15,981 [icarl.py] => Task 10, Epoch 100/200 => Loss 2.311, Loss_clf 0.280, Loss_kd 2.030, Loss_kernel 0.001, Train_accy 91.65
2025-06-27 05:16:51,471 [icarl.py] => Task 10, Epoch 101/200 => Loss 2.341, Loss_clf 0.283, Loss_kd 2.056, Loss_kernel 0.001, Train_accy 91.54, Test_accy {'Art': 17.01, 'Clipart': 37.89, 'Real World': 35.58, 'Product': 57.73}
2025-06-27 05:17:06,235 [icarl.py] => Task 10, Epoch 102/200 => Loss 2.298, Loss_clf 0.271, Loss_kd 2.026, Loss_kernel 0.001, Train_accy 92.20
2025-06-27 05:17:22,567 [icarl.py] => Task 10, Epoch 103/200 => Loss 2.317, Loss_clf 0.281, Loss_kd 2.035, Loss_kernel 0.001, Train_accy 91.86
2025-06-27 05:17:38,253 [icarl.py] => Task 10, Epoch 104/200 => Loss 2.323, Loss_clf 0.285, Loss_kd 2.037, Loss_kernel 0.001, Train_accy 92.00
2025-06-27 05:17:52,942 [icarl.py] => Task 10, Epoch 105/200 => Loss 2.299, Loss_clf 0.275, Loss_kd 2.023, Loss_kernel 0.001, Train_accy 92.35
2025-06-27 05:18:25,606 [icarl.py] => Task 10, Epoch 106/200 => Loss 2.287, Loss_clf 0.270, Loss_kd 2.016, Loss_kernel 0.001, Train_accy 92.43, Test_accy {'Art': 15.87, 'Clipart': 36.32, 'Real World': 33.12, 'Product': 53.13}
2025-06-27 05:18:44,043 [icarl.py] => Task 10, Epoch 107/200 => Loss 2.290, Loss_clf 0.291, Loss_kd 1.997, Loss_kernel 0.001, Train_accy 91.19
2025-06-27 05:19:00,522 [icarl.py] => Task 10, Epoch 108/200 => Loss 2.272, Loss_clf 0.276, Loss_kd 1.995, Loss_kernel 0.001, Train_accy 91.71
2025-06-27 05:19:16,265 [icarl.py] => Task 10, Epoch 109/200 => Loss 2.270, Loss_clf 0.251, Loss_kd 2.017, Loss_kernel 0.001, Train_accy 92.79
2025-06-27 05:19:32,249 [icarl.py] => Task 10, Epoch 110/200 => Loss 2.243, Loss_clf 0.237, Loss_kd 2.005, Loss_kernel 0.001, Train_accy 93.25
2025-06-27 05:20:05,907 [icarl.py] => Task 10, Epoch 111/200 => Loss 2.256, Loss_clf 0.233, Loss_kd 2.022, Loss_kernel 0.001, Train_accy 93.26, Test_accy {'Art': 16.1, 'Clipart': 37.63, 'Real World': 35.84, 'Product': 54.66}
2025-06-27 05:20:22,272 [icarl.py] => Task 10, Epoch 112/200 => Loss 2.268, Loss_clf 0.256, Loss_kd 2.011, Loss_kernel 0.001, Train_accy 92.92
2025-06-27 05:20:39,345 [icarl.py] => Task 10, Epoch 113/200 => Loss 2.246, Loss_clf 0.244, Loss_kd 2.001, Loss_kernel 0.001, Train_accy 92.75
2025-06-27 05:20:55,816 [icarl.py] => Task 10, Epoch 114/200 => Loss 2.231, Loss_clf 0.228, Loss_kd 2.002, Loss_kernel 0.001, Train_accy 93.50
2025-06-27 05:21:13,967 [icarl.py] => Task 10, Epoch 115/200 => Loss 2.204, Loss_clf 0.219, Loss_kd 1.984, Loss_kernel 0.001, Train_accy 93.82
2025-06-27 05:21:46,475 [icarl.py] => Task 10, Epoch 116/200 => Loss 2.214, Loss_clf 0.229, Loss_kd 1.984, Loss_kernel 0.001, Train_accy 93.19, Test_accy {'Art': 16.33, 'Clipart': 39.34, 'Real World': 36.36, 'Product': 57.47}
2025-06-27 05:22:04,488 [icarl.py] => Task 10, Epoch 117/200 => Loss 2.257, Loss_clf 0.238, Loss_kd 2.018, Loss_kernel 0.001, Train_accy 93.05
2025-06-27 05:22:21,201 [icarl.py] => Task 10, Epoch 118/200 => Loss 2.211, Loss_clf 0.220, Loss_kd 1.990, Loss_kernel 0.001, Train_accy 93.19
2025-06-27 05:22:36,926 [icarl.py] => Task 10, Epoch 119/200 => Loss 2.174, Loss_clf 0.200, Loss_kd 1.973, Loss_kernel 0.001, Train_accy 94.71
2025-06-27 05:22:52,872 [icarl.py] => Task 10, Epoch 120/200 => Loss 2.220, Loss_clf 0.245, Loss_kd 1.973, Loss_kernel 0.001, Train_accy 93.00
2025-06-27 05:23:23,589 [icarl.py] => Task 10, Epoch 121/200 => Loss 2.163, Loss_clf 0.196, Loss_kd 1.966, Loss_kernel 0.001, Train_accy 94.82, Test_accy {'Art': 17.01, 'Clipart': 40.13, 'Real World': 38.18, 'Product': 57.47}
2025-06-27 05:23:40,403 [icarl.py] => Task 10, Epoch 122/200 => Loss 2.193, Loss_clf 0.227, Loss_kd 1.965, Loss_kernel 0.001, Train_accy 93.57
2025-06-27 05:23:55,485 [icarl.py] => Task 10, Epoch 123/200 => Loss 2.232, Loss_clf 0.223, Loss_kd 2.008, Loss_kernel 0.001, Train_accy 93.76
2025-06-27 05:24:11,466 [icarl.py] => Task 10, Epoch 124/200 => Loss 2.194, Loss_clf 0.217, Loss_kd 1.976, Loss_kernel 0.001, Train_accy 93.46
2025-06-27 05:24:27,994 [icarl.py] => Task 10, Epoch 125/200 => Loss 2.252, Loss_clf 0.245, Loss_kd 2.007, Loss_kernel 0.001, Train_accy 93.21
2025-06-27 05:25:00,265 [icarl.py] => Task 10, Epoch 126/200 => Loss 2.172, Loss_clf 0.197, Loss_kd 1.974, Loss_kernel 0.001, Train_accy 93.88, Test_accy {'Art': 14.51, 'Clipart': 35.79, 'Real World': 35.32, 'Product': 54.02}
2025-06-27 05:25:16,410 [icarl.py] => Task 10, Epoch 127/200 => Loss 2.158, Loss_clf 0.182, Loss_kd 1.975, Loss_kernel 0.001, Train_accy 94.59
2025-06-27 05:25:32,634 [icarl.py] => Task 10, Epoch 128/200 => Loss 2.194, Loss_clf 0.210, Loss_kd 1.983, Loss_kernel 0.001, Train_accy 94.11
2025-06-27 05:25:47,780 [icarl.py] => Task 10, Epoch 129/200 => Loss 2.188, Loss_clf 0.219, Loss_kd 1.968, Loss_kernel 0.001, Train_accy 93.72
2025-06-27 05:26:01,632 [icarl.py] => Task 10, Epoch 130/200 => Loss 2.180, Loss_clf 0.197, Loss_kd 1.982, Loss_kernel 0.001, Train_accy 94.46
2025-06-27 05:26:33,892 [icarl.py] => Task 10, Epoch 131/200 => Loss 2.127, Loss_clf 0.182, Loss_kd 1.944, Loss_kernel 0.001, Train_accy 94.39, Test_accy {'Art': 16.33, 'Clipart': 37.5, 'Real World': 38.31, 'Product': 58.49}
2025-06-27 05:26:49,749 [icarl.py] => Task 10, Epoch 132/200 => Loss 2.198, Loss_clf 0.225, Loss_kd 1.973, Loss_kernel 0.001, Train_accy 93.54
2025-06-27 05:27:04,889 [icarl.py] => Task 10, Epoch 133/200 => Loss 2.136, Loss_clf 0.180, Loss_kd 1.955, Loss_kernel 0.001, Train_accy 94.98
2025-06-27 05:27:19,607 [icarl.py] => Task 10, Epoch 134/200 => Loss 2.127, Loss_clf 0.175, Loss_kd 1.950, Loss_kernel 0.001, Train_accy 95.35
2025-06-27 05:27:35,848 [icarl.py] => Task 10, Epoch 135/200 => Loss 2.172, Loss_clf 0.195, Loss_kd 1.976, Loss_kernel 0.001, Train_accy 94.27
2025-06-27 05:28:08,705 [icarl.py] => Task 10, Epoch 136/200 => Loss 2.133, Loss_clf 0.173, Loss_kd 1.960, Loss_kernel 0.001, Train_accy 95.38, Test_accy {'Art': 16.78, 'Clipart': 40.0, 'Real World': 37.53, 'Product': 58.75}
2025-06-27 05:28:23,935 [icarl.py] => Task 10, Epoch 137/200 => Loss 2.128, Loss_clf 0.175, Loss_kd 1.951, Loss_kernel 0.001, Train_accy 94.62
2025-06-27 05:28:38,763 [icarl.py] => Task 10, Epoch 138/200 => Loss 2.123, Loss_clf 0.168, Loss_kd 1.954, Loss_kernel 0.001, Train_accy 95.02
2025-06-27 05:28:53,195 [icarl.py] => Task 10, Epoch 139/200 => Loss 2.109, Loss_clf 0.174, Loss_kd 1.934, Loss_kernel 0.001, Train_accy 95.26
2025-06-27 05:29:08,386 [icarl.py] => Task 10, Epoch 140/200 => Loss 2.130, Loss_clf 0.178, Loss_kd 1.951, Loss_kernel 0.001, Train_accy 95.09
2025-06-27 05:29:40,557 [icarl.py] => Task 10, Epoch 141/200 => Loss 2.121, Loss_clf 0.175, Loss_kd 1.945, Loss_kernel 0.001, Train_accy 95.15, Test_accy {'Art': 17.91, 'Clipart': 38.95, 'Real World': 39.61, 'Product': 56.45}
2025-06-27 05:29:55,407 [icarl.py] => Task 10, Epoch 142/200 => Loss 2.111, Loss_clf 0.173, Loss_kd 1.937, Loss_kernel 0.001, Train_accy 95.10
2025-06-27 05:30:09,077 [icarl.py] => Task 10, Epoch 143/200 => Loss 2.062, Loss_clf 0.132, Loss_kd 1.930, Loss_kernel 0.001, Train_accy 96.48
2025-06-27 05:30:23,868 [icarl.py] => Task 10, Epoch 144/200 => Loss 2.088, Loss_clf 0.162, Loss_kd 1.925, Loss_kernel 0.001, Train_accy 95.62
2025-06-27 05:30:38,611 [icarl.py] => Task 10, Epoch 145/200 => Loss 2.112, Loss_clf 0.156, Loss_kd 1.955, Loss_kernel 0.001, Train_accy 95.67
2025-06-27 05:31:10,371 [icarl.py] => Task 10, Epoch 146/200 => Loss 2.082, Loss_clf 0.151, Loss_kd 1.930, Loss_kernel 0.001, Train_accy 96.01, Test_accy {'Art': 15.42, 'Clipart': 39.34, 'Real World': 38.05, 'Product': 59.0}
2025-06-27 05:31:25,832 [icarl.py] => Task 10, Epoch 147/200 => Loss 2.077, Loss_clf 0.150, Loss_kd 1.926, Loss_kernel 0.001, Train_accy 95.88
2025-06-27 05:31:39,472 [icarl.py] => Task 10, Epoch 148/200 => Loss 2.077, Loss_clf 0.137, Loss_kd 1.939, Loss_kernel 0.001, Train_accy 96.09
2025-06-27 05:31:53,187 [icarl.py] => Task 10, Epoch 149/200 => Loss 2.048, Loss_clf 0.135, Loss_kd 1.912, Loss_kernel 0.001, Train_accy 96.09
2025-06-27 05:32:07,737 [icarl.py] => Task 10, Epoch 150/200 => Loss 2.079, Loss_clf 0.142, Loss_kd 1.937, Loss_kernel 0.001, Train_accy 96.39
2025-06-27 05:32:42,601 [icarl.py] => Task 10, Epoch 151/200 => Loss 2.096, Loss_clf 0.159, Loss_kd 1.936, Loss_kernel 0.001, Train_accy 95.56, Test_accy {'Art': 18.59, 'Clipart': 40.39, 'Real World': 38.96, 'Product': 57.34}
2025-06-27 05:32:57,113 [icarl.py] => Task 10, Epoch 152/200 => Loss 2.074, Loss_clf 0.142, Loss_kd 1.931, Loss_kernel 0.001, Train_accy 96.43
2025-06-27 05:33:10,852 [icarl.py] => Task 10, Epoch 153/200 => Loss 2.054, Loss_clf 0.129, Loss_kd 1.924, Loss_kernel 0.001, Train_accy 96.92
2025-06-27 05:33:25,491 [icarl.py] => Task 10, Epoch 154/200 => Loss 2.053, Loss_clf 0.137, Loss_kd 1.916, Loss_kernel 0.001, Train_accy 96.27
2025-06-27 05:33:38,894 [icarl.py] => Task 10, Epoch 155/200 => Loss 2.048, Loss_clf 0.136, Loss_kd 1.911, Loss_kernel 0.001, Train_accy 96.49
2025-06-27 05:34:09,756 [icarl.py] => Task 10, Epoch 156/200 => Loss 2.085, Loss_clf 0.148, Loss_kd 1.936, Loss_kernel 0.001, Train_accy 96.04, Test_accy {'Art': 17.69, 'Clipart': 40.53, 'Real World': 37.79, 'Product': 58.24}
2025-06-27 05:34:23,679 [icarl.py] => Task 10, Epoch 157/200 => Loss 2.091, Loss_clf 0.154, Loss_kd 1.937, Loss_kernel 0.001, Train_accy 96.18
2025-06-27 05:34:36,050 [icarl.py] => Task 10, Epoch 158/200 => Loss 2.048, Loss_clf 0.122, Loss_kd 1.926, Loss_kernel 0.001, Train_accy 96.73
2025-06-27 05:34:48,971 [icarl.py] => Task 10, Epoch 159/200 => Loss 2.028, Loss_clf 0.117, Loss_kd 1.910, Loss_kernel 0.001, Train_accy 97.22
2025-06-27 05:35:04,452 [icarl.py] => Task 10, Epoch 160/200 => Loss 2.041, Loss_clf 0.136, Loss_kd 1.904, Loss_kernel 0.001, Train_accy 96.28
2025-06-27 05:35:34,125 [icarl.py] => Task 10, Epoch 161/200 => Loss 2.024, Loss_clf 0.113, Loss_kd 1.910, Loss_kernel 0.001, Train_accy 97.22, Test_accy {'Art': 17.91, 'Clipart': 40.13, 'Real World': 37.4, 'Product': 58.75}
2025-06-27 05:35:47,555 [icarl.py] => Task 10, Epoch 162/200 => Loss 2.035, Loss_clf 0.127, Loss_kd 1.907, Loss_kernel 0.001, Train_accy 96.57
2025-06-27 05:36:00,689 [icarl.py] => Task 10, Epoch 163/200 => Loss 2.053, Loss_clf 0.132, Loss_kd 1.920, Loss_kernel 0.001, Train_accy 96.52
2025-06-27 05:36:15,834 [icarl.py] => Task 10, Epoch 164/200 => Loss 2.053, Loss_clf 0.126, Loss_kd 1.926, Loss_kernel 0.001, Train_accy 96.62
2025-06-27 05:36:29,427 [icarl.py] => Task 10, Epoch 165/200 => Loss 2.061, Loss_clf 0.132, Loss_kd 1.929, Loss_kernel 0.001, Train_accy 96.43
2025-06-27 05:37:00,834 [icarl.py] => Task 10, Epoch 166/200 => Loss 2.079, Loss_clf 0.149, Loss_kd 1.929, Loss_kernel 0.001, Train_accy 96.13, Test_accy {'Art': 17.46, 'Clipart': 42.11, 'Real World': 38.18, 'Product': 60.03}
2025-06-27 05:37:13,511 [icarl.py] => Task 10, Epoch 167/200 => Loss 2.039, Loss_clf 0.114, Loss_kd 1.925, Loss_kernel 0.001, Train_accy 97.22
2025-06-27 05:37:27,527 [icarl.py] => Task 10, Epoch 168/200 => Loss 2.038, Loss_clf 0.122, Loss_kd 1.915, Loss_kernel 0.001, Train_accy 96.79
2025-06-27 05:37:40,082 [icarl.py] => Task 10, Epoch 169/200 => Loss 2.011, Loss_clf 0.099, Loss_kd 1.912, Loss_kernel 0.001, Train_accy 97.71
2025-06-27 05:37:54,579 [icarl.py] => Task 10, Epoch 170/200 => Loss 2.067, Loss_clf 0.121, Loss_kd 1.945, Loss_kernel 0.001, Train_accy 96.70
2025-06-27 05:38:24,423 [icarl.py] => Task 10, Epoch 171/200 => Loss 1.979, Loss_clf 0.093, Loss_kd 1.885, Loss_kernel 0.001, Train_accy 97.78, Test_accy {'Art': 17.91, 'Clipart': 40.13, 'Real World': 38.7, 'Product': 59.13}
2025-06-27 05:38:37,859 [icarl.py] => Task 10, Epoch 172/200 => Loss 2.015, Loss_clf 0.117, Loss_kd 1.898, Loss_kernel 0.001, Train_accy 96.65
2025-06-27 05:38:51,453 [icarl.py] => Task 10, Epoch 173/200 => Loss 2.017, Loss_clf 0.107, Loss_kd 1.910, Loss_kernel 0.001, Train_accy 97.49
2025-06-27 05:39:06,466 [icarl.py] => Task 10, Epoch 174/200 => Loss 2.053, Loss_clf 0.131, Loss_kd 1.922, Loss_kernel 0.001, Train_accy 96.35
2025-06-27 05:39:18,485 [icarl.py] => Task 10, Epoch 175/200 => Loss 1.997, Loss_clf 0.092, Loss_kd 1.904, Loss_kernel 0.001, Train_accy 97.83
2025-06-27 05:39:48,383 [icarl.py] => Task 10, Epoch 176/200 => Loss 2.015, Loss_clf 0.108, Loss_kd 1.906, Loss_kernel 0.001, Train_accy 97.22, Test_accy {'Art': 17.46, 'Clipart': 40.26, 'Real World': 38.18, 'Product': 59.39}
2025-06-27 05:40:00,730 [icarl.py] => Task 10, Epoch 177/200 => Loss 2.005, Loss_clf 0.102, Loss_kd 1.902, Loss_kernel 0.001, Train_accy 97.30
2025-06-27 05:40:14,143 [icarl.py] => Task 10, Epoch 178/200 => Loss 2.046, Loss_clf 0.123, Loss_kd 1.922, Loss_kernel 0.001, Train_accy 96.88
2025-06-27 05:40:27,207 [icarl.py] => Task 10, Epoch 179/200 => Loss 2.064, Loss_clf 0.131, Loss_kd 1.932, Loss_kernel 0.001, Train_accy 96.47
2025-06-27 05:40:39,844 [icarl.py] => Task 10, Epoch 180/200 => Loss 2.006, Loss_clf 0.101, Loss_kd 1.904, Loss_kernel 0.001, Train_accy 97.48
2025-06-27 05:41:11,264 [icarl.py] => Task 10, Epoch 181/200 => Loss 2.013, Loss_clf 0.108, Loss_kd 1.904, Loss_kernel 0.001, Train_accy 96.96, Test_accy {'Art': 17.23, 'Clipart': 40.0, 'Real World': 38.44, 'Product': 59.0}
2025-06-27 05:41:23,822 [icarl.py] => Task 10, Epoch 182/200 => Loss 2.034, Loss_clf 0.118, Loss_kd 1.915, Loss_kernel 0.001, Train_accy 96.64
2025-06-27 05:41:36,529 [icarl.py] => Task 10, Epoch 183/200 => Loss 2.043, Loss_clf 0.115, Loss_kd 1.927, Loss_kernel 0.001, Train_accy 97.09
2025-06-27 05:41:48,243 [icarl.py] => Task 10, Epoch 184/200 => Loss 2.036, Loss_clf 0.111, Loss_kd 1.924, Loss_kernel 0.001, Train_accy 97.20
2025-06-27 05:42:00,567 [icarl.py] => Task 10, Epoch 185/200 => Loss 1.991, Loss_clf 0.092, Loss_kd 1.898, Loss_kernel 0.001, Train_accy 97.44
2025-06-27 05:42:31,807 [icarl.py] => Task 10, Epoch 186/200 => Loss 2.013, Loss_clf 0.108, Loss_kd 1.904, Loss_kernel 0.001, Train_accy 97.10, Test_accy {'Art': 16.33, 'Clipart': 40.13, 'Real World': 37.66, 'Product': 59.0}
2025-06-27 05:42:43,835 [icarl.py] => Task 10, Epoch 187/200 => Loss 1.984, Loss_clf 0.089, Loss_kd 1.894, Loss_kernel 0.001, Train_accy 97.61
2025-06-27 05:42:56,651 [icarl.py] => Task 10, Epoch 188/200 => Loss 1.986, Loss_clf 0.097, Loss_kd 1.889, Loss_kernel 0.001, Train_accy 97.30
2025-06-27 05:43:08,832 [icarl.py] => Task 10, Epoch 189/200 => Loss 2.007, Loss_clf 0.099, Loss_kd 1.907, Loss_kernel 0.001, Train_accy 97.57
2025-06-27 05:43:20,758 [icarl.py] => Task 10, Epoch 190/200 => Loss 2.034, Loss_clf 0.103, Loss_kd 1.930, Loss_kernel 0.001, Train_accy 97.52
2025-06-27 05:43:50,572 [icarl.py] => Task 10, Epoch 191/200 => Loss 1.997, Loss_clf 0.096, Loss_kd 1.900, Loss_kernel 0.001, Train_accy 97.39, Test_accy {'Art': 16.55, 'Clipart': 40.26, 'Real World': 39.22, 'Product': 60.15}
2025-06-27 05:44:03,055 [icarl.py] => Task 10, Epoch 192/200 => Loss 2.015, Loss_clf 0.091, Loss_kd 1.923, Loss_kernel 0.001, Train_accy 97.83
2025-06-27 05:44:16,196 [icarl.py] => Task 10, Epoch 193/200 => Loss 2.012, Loss_clf 0.103, Loss_kd 1.908, Loss_kernel 0.001, Train_accy 97.31
2025-06-27 05:44:30,415 [icarl.py] => Task 10, Epoch 194/200 => Loss 2.035, Loss_clf 0.123, Loss_kd 1.911, Loss_kernel 0.001, Train_accy 96.75
2025-06-27 05:44:43,609 [icarl.py] => Task 10, Epoch 195/200 => Loss 2.020, Loss_clf 0.100, Loss_kd 1.919, Loss_kernel 0.001, Train_accy 97.39
2025-06-27 05:45:13,461 [icarl.py] => Task 10, Epoch 196/200 => Loss 2.030, Loss_clf 0.113, Loss_kd 1.916, Loss_kernel 0.001, Train_accy 97.26, Test_accy {'Art': 16.78, 'Clipart': 40.53, 'Real World': 38.31, 'Product': 59.77}
2025-06-27 05:45:26,088 [icarl.py] => Task 10, Epoch 197/200 => Loss 2.021, Loss_clf 0.116, Loss_kd 1.904, Loss_kernel 0.001, Train_accy 97.13
2025-06-27 05:45:39,358 [icarl.py] => Task 10, Epoch 198/200 => Loss 2.015, Loss_clf 0.103, Loss_kd 1.911, Loss_kernel 0.001, Train_accy 97.49
2025-06-27 05:45:51,874 [icarl.py] => Task 10, Epoch 199/200 => Loss 2.004, Loss_clf 0.092, Loss_kd 1.911, Loss_kernel 0.001, Train_accy 97.65
2025-06-27 05:46:04,816 [icarl.py] => Task 10, Epoch 200/200 => Loss 1.980, Loss_clf 0.099, Loss_kd 1.880, Loss_kernel 0.001, Train_accy 97.66
2025-06-27 05:46:04,818 [base.py] => Reducing exemplars...(23 per classes)
2025-06-27 05:46:35,750 [base.py] => Constructing exemplars...(23 per classes)
2025-06-27 05:47:24,673 [icarl.py] => Exemplar size: 1265
2025-06-27 05:47:25,827 [trainer.py] => CNN [Art]: {'total': 17.91, '00-04': 50.0, '05-09': 17.65, '10-14': 10.81, '15-19': 29.63, '20-24': 2.63, '25-29': 8.82, '30-34': 10.91, '35-39': 7.32, '40-44': 15.79, '45-49': 10.0, '50-54': 36.73, 'old': 15.56, 'new': 36.73}
2025-06-27 05:47:25,828 [trainer.py] => NME [Art]: {'total': 18.59, '00-04': 44.74, '05-09': 26.47, '10-14': 10.81, '15-19': 18.52, '20-24': 2.63, '25-29': 11.76, '30-34': 10.91, '35-39': 12.2, '40-44': 13.16, '45-49': 18.0, '50-54': 34.69, 'old': 16.58, 'new': 34.69}
2025-06-27 05:47:25,828 [trainer.py] => CNN [Art] top1 curve: [57.89, 43.06, 35.78, 35.29, 29.89, 25.48, 23.95, 21.71, 21.35, 15.56, 17.91]
2025-06-27 05:47:25,828 [trainer.py] => CNN [Art] top5 curve: [97.37, 81.94, 66.06, 59.56, 48.85, 40.87, 42.21, 42.11, 33.92, 33.93, 34.01]
2025-06-27 05:47:25,828 [trainer.py] => NME [Art] top1 curve: [63.16, 54.17, 40.37, 39.71, 29.31, 25.96, 23.95, 21.05, 19.01, 14.8, 18.59]
2025-06-27 05:47:25,828 [trainer.py] => NME [Art] top5 curve: [100.0, 87.5, 80.73, 68.38, 55.75, 48.56, 51.33, 44.74, 40.64, 36.99, 37.64]
2025-06-27 05:47:25,828 [trainer.py] => Average Accuracy [Art] (CNN): 29.80636363636364
2025-06-27 05:47:25,828 [trainer.py] => Average Accuracy [Art] (NME): 31.825454545454544
2025-06-27 05:47:25,829 [trainer.py] => CNN [Clipart]: {'total': 39.74, '00-04': 43.59, '05-09': 41.94, '10-14': 25.76, '15-19': 41.51, '20-24': 29.21, '25-29': 17.74, '30-34': 34.38, '35-39': 22.95, '40-44': 50.0, '45-49': 46.88, '50-54': 70.53, 'old': 35.34, 'new': 70.53}
2025-06-27 05:47:25,829 [trainer.py] => NME [Clipart]: {'total': 42.63, '00-04': 39.74, '05-09': 45.16, '10-14': 37.88, '15-19': 39.62, '20-24': 34.83, '25-29': 22.58, '30-34': 34.38, '35-39': 34.43, '40-44': 56.06, '45-49': 51.56, '50-54': 64.21, 'old': 39.55, 'new': 64.21}
2025-06-27 05:47:25,829 [trainer.py] => CNN [Clipart] top1 curve: [75.64, 67.86, 65.05, 66.8, 57.47, 53.41, 48.95, 43.74, 44.09, 40.75, 39.74]
2025-06-27 05:47:25,829 [trainer.py] => CNN [Clipart] top5 curve: [98.72, 94.29, 87.86, 85.71, 82.76, 75.61, 74.26, 71.03, 69.55, 65.11, 68.29]
2025-06-27 05:47:25,829 [trainer.py] => NME [Clipart] top1 curve: [71.79, 70.71, 66.5, 65.64, 59.2, 54.39, 50.84, 46.92, 46.26, 42.26, 42.63]
2025-06-27 05:47:25,829 [trainer.py] => NME [Clipart] top5 curve: [100.0, 94.29, 85.92, 87.26, 82.18, 79.51, 75.53, 75.14, 70.05, 67.82, 69.47]
2025-06-27 05:47:25,829 [trainer.py] => Average Accuracy [Clipart] (CNN): 54.86363636363637
2025-06-27 05:47:25,829 [trainer.py] => Average Accuracy [Clipart] (NME): 56.10363636363636
2025-06-27 05:47:25,830 [trainer.py] => CNN [Product]: {'total': 59.0, '00-04': 67.06, '05-09': 55.0, '10-14': 66.13, '15-19': 62.34, '20-24': 44.26, '25-29': 60.76, '30-34': 52.24, '35-39': 46.97, '40-44': 58.57, '45-49': 56.34, '50-54': 76.92, 'old': 57.38, 'new': 76.92}
2025-06-27 05:47:25,830 [trainer.py] => NME [Product]: {'total': 59.64, '00-04': 63.53, '05-09': 51.25, '10-14': 69.35, '15-19': 61.04, '20-24': 44.26, '25-29': 58.23, '30-34': 62.69, '35-39': 54.55, '40-44': 61.43, '45-49': 61.97, '50-54': 67.69, 'old': 58.91, 'new': 67.69}
2025-06-27 05:47:25,830 [trainer.py] => CNN [Product] top1 curve: [85.88, 86.06, 87.67, 81.91, 75.89, 71.17, 68.88, 67.24, 65.84, 61.14, 59.0]
2025-06-27 05:47:25,830 [trainer.py] => CNN [Product] top5 curve: [100.0, 99.39, 98.24, 97.7, 92.05, 91.44, 89.43, 87.69, 86.4, 83.57, 83.52]
2025-06-27 05:47:25,830 [trainer.py] => NME [Product] top1 curve: [90.59, 87.88, 92.51, 84.87, 78.36, 76.13, 70.45, 70.54, 67.7, 63.37, 59.64]
2025-06-27 05:47:25,830 [trainer.py] => NME [Product] top5 curve: [100.0, 99.39, 99.12, 98.68, 95.07, 93.02, 91.78, 89.08, 88.87, 84.54, 84.8]
2025-06-27 05:47:25,830 [trainer.py] => Average Accuracy [Product] (CNN): 73.69818181818181
2025-06-27 05:47:25,830 [trainer.py] => Average Accuracy [Product] (NME): 76.5490909090909
2025-06-27 05:47:25,831 [trainer.py] => CNN [Real World]: {'total': 38.44, '00-04': 42.47, '05-09': 50.0, '10-14': 30.56, '15-19': 40.3, '20-24': 7.69, '25-29': 40.26, '30-34': 40.0, '35-39': 18.64, '40-44': 34.38, '45-49': 38.89, '50-54': 70.51, 'old': 34.83, 'new': 70.51}
2025-06-27 05:47:25,831 [trainer.py] => NME [Real World]: {'total': 41.43, '00-04': 38.36, '05-09': 54.41, '10-14': 31.94, '15-19': 46.27, '20-24': 10.77, '25-29': 42.86, '30-34': 50.67, '35-39': 23.73, '40-44': 42.19, '45-49': 41.67, '50-54': 65.38, 'old': 38.73, 'new': 65.38}
2025-06-27 05:47:25,831 [trainer.py] => CNN [Real World] top1 curve: [71.23, 64.54, 58.22, 52.86, 48.7, 45.97, 43.66, 37.41, 37.9, 38.58, 38.44]
2025-06-27 05:47:25,831 [trainer.py] => CNN [Real World] top5 curve: [100.0, 92.2, 84.98, 76.07, 73.04, 72.99, 71.03, 64.93, 66.61, 62.57, 61.95]
2025-06-27 05:47:25,831 [trainer.py] => NME [Real World] top1 curve: [79.45, 70.21, 60.56, 56.43, 49.86, 50.0, 47.89, 40.29, 41.61, 39.16, 41.43]
2025-06-27 05:47:25,831 [trainer.py] => NME [Real World] top5 curve: [100.0, 96.45, 85.92, 82.5, 79.71, 79.62, 76.66, 69.96, 68.87, 65.32, 63.77]
2025-06-27 05:47:25,832 [trainer.py] => Average Accuracy [Real World] (CNN): 48.86454545454546
2025-06-27 05:47:25,832 [trainer.py] => Average Accuracy [Real World] (NME): 52.444545454545455
2025-06-27 05:47:25,832 [trainer.py] => NME Harmonic Mean : 26.7848
2025-06-27 05:47:25,832 [trainer.py] => NME Macro Mean : 40.5725
2025-06-27 05:47:25,832 [trainer.py] => CNN Harmonic Mean : 25.7388
2025-06-27 05:47:25,832 [trainer.py] => CNN Macro Mean : 38.7725
2025-06-27 05:47:25,833 [trainer.py] => All params: 21318017
2025-06-27 05:47:25,834 [trainer.py] => Trainable params: 21318017
2025-06-27 05:47:25,836 [icarl.py] => Learning on 55-60
2025-06-27 05:48:02,456 [icarl.py] => Task 11, Epoch 1/200 => Loss 5.709, Loss_clf 2.842, Loss_kd 2.864, Loss_kernel 0.003, Train_accy 33.95, Test_accy {'Art': 3.11, 'Clipart': 4.25, 'Real World': 5.07, 'Product': 5.95}
2025-06-27 05:48:17,468 [icarl.py] => Task 11, Epoch 2/200 => Loss 6.814, Loss_clf 3.270, Loss_kd 3.538, Loss_kernel 0.006, Train_accy 22.32
2025-06-27 05:48:34,289 [icarl.py] => Task 11, Epoch 3/200 => Loss 5.941, Loss_clf 2.692, Loss_kd 3.244, Loss_kernel 0.005, Train_accy 30.12
2025-06-27 05:48:50,905 [icarl.py] => Task 11, Epoch 4/200 => Loss 5.395, Loss_clf 2.372, Loss_kd 3.020, Loss_kernel 0.004, Train_accy 37.95
2025-06-27 05:49:07,311 [icarl.py] => Task 11, Epoch 5/200 => Loss 5.013, Loss_clf 2.134, Loss_kd 2.875, Loss_kernel 0.004, Train_accy 40.89
2025-06-27 05:49:42,974 [icarl.py] => Task 11, Epoch 6/200 => Loss 4.799, Loss_clf 2.008, Loss_kd 2.787, Loss_kernel 0.004, Train_accy 44.86, Test_accy {'Art': 12.24, 'Clipart': 25.0, 'Real World': 23.58, 'Product': 35.08}
2025-06-27 05:49:59,993 [icarl.py] => Task 11, Epoch 7/200 => Loss 4.632, Loss_clf 1.892, Loss_kd 2.736, Loss_kernel 0.004, Train_accy 47.77
2025-06-27 05:50:17,016 [icarl.py] => Task 11, Epoch 8/200 => Loss 4.427, Loss_clf 1.766, Loss_kd 2.657, Loss_kernel 0.003, Train_accy 50.32
2025-06-27 05:50:33,153 [icarl.py] => Task 11, Epoch 9/200 => Loss 4.123, Loss_clf 1.576, Loss_kd 2.545, Loss_kernel 0.003, Train_accy 54.43
2025-06-27 05:50:48,191 [icarl.py] => Task 11, Epoch 10/200 => Loss 3.990, Loss_clf 1.494, Loss_kd 2.492, Loss_kernel 0.003, Train_accy 57.00
2025-06-27 05:51:23,963 [icarl.py] => Task 11, Epoch 11/200 => Loss 4.025, Loss_clf 1.525, Loss_kd 2.496, Loss_kernel 0.003, Train_accy 57.73, Test_accy {'Art': 10.58, 'Clipart': 26.46, 'Real World': 23.82, 'Product': 38.88}
2025-06-27 05:51:40,790 [icarl.py] => Task 11, Epoch 12/200 => Loss 3.891, Loss_clf 1.427, Loss_kd 2.460, Loss_kernel 0.004, Train_accy 59.58
2025-06-27 05:51:57,185 [icarl.py] => Task 11, Epoch 13/200 => Loss 3.643, Loss_clf 1.251, Loss_kd 2.389, Loss_kernel 0.004, Train_accy 63.17
2025-06-27 05:52:13,485 [icarl.py] => Task 11, Epoch 14/200 => Loss 3.715, Loss_clf 1.295, Loss_kd 2.417, Loss_kernel 0.004, Train_accy 61.43
2025-06-27 05:52:29,182 [icarl.py] => Task 11, Epoch 15/200 => Loss 3.628, Loss_clf 1.242, Loss_kd 2.382, Loss_kernel 0.004, Train_accy 64.09
2025-06-27 05:53:05,037 [icarl.py] => Task 11, Epoch 16/200 => Loss 3.443, Loss_clf 1.132, Loss_kd 2.308, Loss_kernel 0.003, Train_accy 67.22, Test_accy {'Art': 11.2, 'Clipart': 25.61, 'Real World': 24.17, 'Product': 30.32}
2025-06-27 05:53:21,275 [icarl.py] => Task 11, Epoch 17/200 => Loss 3.362, Loss_clf 1.075, Loss_kd 2.283, Loss_kernel 0.004, Train_accy 68.33
2025-06-27 05:53:37,921 [icarl.py] => Task 11, Epoch 18/200 => Loss 3.348, Loss_clf 1.062, Loss_kd 2.283, Loss_kernel 0.003, Train_accy 68.88
2025-06-27 05:53:55,441 [icarl.py] => Task 11, Epoch 19/200 => Loss 3.302, Loss_clf 1.028, Loss_kd 2.271, Loss_kernel 0.003, Train_accy 69.08
2025-06-27 05:54:11,167 [icarl.py] => Task 11, Epoch 20/200 => Loss 3.220, Loss_clf 0.967, Loss_kd 2.249, Loss_kernel 0.004, Train_accy 71.59
2025-06-27 05:54:47,177 [icarl.py] => Task 11, Epoch 21/200 => Loss 3.157, Loss_clf 0.931, Loss_kd 2.222, Loss_kernel 0.004, Train_accy 72.66, Test_accy {'Art': 11.62, 'Clipart': 28.88, 'Real World': 25.12, 'Product': 41.26}
2025-06-27 05:55:02,487 [icarl.py] => Task 11, Epoch 22/200 => Loss 2.957, Loss_clf 0.792, Loss_kd 2.162, Loss_kernel 0.003, Train_accy 77.36
2025-06-27 05:55:19,899 [icarl.py] => Task 11, Epoch 23/200 => Loss 3.104, Loss_clf 0.915, Loss_kd 2.185, Loss_kernel 0.004, Train_accy 73.80
2025-06-27 05:55:35,335 [icarl.py] => Task 11, Epoch 24/200 => Loss 3.105, Loss_clf 0.897, Loss_kd 2.205, Loss_kernel 0.004, Train_accy 74.39
2025-06-27 05:55:51,800 [icarl.py] => Task 11, Epoch 25/200 => Loss 2.980, Loss_clf 0.818, Loss_kd 2.159, Loss_kernel 0.003, Train_accy 75.43
2025-06-27 05:56:28,134 [icarl.py] => Task 11, Epoch 26/200 => Loss 3.023, Loss_clf 0.848, Loss_kd 2.172, Loss_kernel 0.003, Train_accy 75.31, Test_accy {'Art': 14.11, 'Clipart': 31.31, 'Real World': 29.83, 'Product': 46.97}
2025-06-27 05:56:43,769 [icarl.py] => Task 11, Epoch 27/200 => Loss 2.845, Loss_clf 0.727, Loss_kd 2.115, Loss_kernel 0.003, Train_accy 77.48
2025-06-27 05:57:00,493 [icarl.py] => Task 11, Epoch 28/200 => Loss 2.946, Loss_clf 0.795, Loss_kd 2.148, Loss_kernel 0.003, Train_accy 76.61
2025-06-27 05:57:18,762 [icarl.py] => Task 11, Epoch 29/200 => Loss 2.865, Loss_clf 0.739, Loss_kd 2.123, Loss_kernel 0.003, Train_accy 78.05
2025-06-27 05:57:34,837 [icarl.py] => Task 11, Epoch 30/200 => Loss 2.797, Loss_clf 0.717, Loss_kd 2.077, Loss_kernel 0.003, Train_accy 79.17
2025-06-27 05:58:11,853 [icarl.py] => Task 11, Epoch 31/200 => Loss 2.825, Loss_clf 0.726, Loss_kd 2.096, Loss_kernel 0.003, Train_accy 79.29, Test_accy {'Art': 15.15, 'Clipart': 32.65, 'Real World': 29.83, 'Product': 49.82}
2025-06-27 05:58:28,061 [icarl.py] => Task 11, Epoch 32/200 => Loss 2.709, Loss_clf 0.641, Loss_kd 2.065, Loss_kernel 0.003, Train_accy 81.11
2025-06-27 05:58:42,854 [icarl.py] => Task 11, Epoch 33/200 => Loss 2.642, Loss_clf 0.590, Loss_kd 2.050, Loss_kernel 0.003, Train_accy 83.28
2025-06-27 05:58:57,845 [icarl.py] => Task 11, Epoch 34/200 => Loss 2.684, Loss_clf 0.632, Loss_kd 2.049, Loss_kernel 0.003, Train_accy 81.76
2025-06-27 05:59:14,543 [icarl.py] => Task 11, Epoch 35/200 => Loss 2.715, Loss_clf 0.640, Loss_kd 2.071, Loss_kernel 0.003, Train_accy 81.37
2025-06-27 05:59:50,030 [icarl.py] => Task 11, Epoch 36/200 => Loss 2.705, Loss_clf 0.653, Loss_kd 2.049, Loss_kernel 0.003, Train_accy 80.55, Test_accy {'Art': 14.11, 'Clipart': 32.77, 'Real World': 29.6, 'Product': 49.23}
2025-06-27 06:00:06,338 [icarl.py] => Task 11, Epoch 37/200 => Loss 2.667, Loss_clf 0.616, Loss_kd 2.048, Loss_kernel 0.003, Train_accy 81.79
2025-06-27 06:00:22,622 [icarl.py] => Task 11, Epoch 38/200 => Loss 2.566, Loss_clf 0.558, Loss_kd 2.005, Loss_kernel 0.003, Train_accy 84.31
2025-06-27 06:00:38,591 [icarl.py] => Task 11, Epoch 39/200 => Loss 2.634, Loss_clf 0.601, Loss_kd 2.030, Loss_kernel 0.003, Train_accy 81.90
2025-06-27 06:00:55,470 [icarl.py] => Task 11, Epoch 40/200 => Loss 2.706, Loss_clf 0.630, Loss_kd 2.073, Loss_kernel 0.003, Train_accy 81.52
2025-06-27 06:01:30,861 [icarl.py] => Task 11, Epoch 41/200 => Loss 2.615, Loss_clf 0.584, Loss_kd 2.028, Loss_kernel 0.003, Train_accy 82.26, Test_accy {'Art': 11.83, 'Clipart': 33.13, 'Real World': 26.53, 'Product': 48.39}
2025-06-27 06:01:45,895 [icarl.py] => Task 11, Epoch 42/200 => Loss 2.676, Loss_clf 0.614, Loss_kd 2.060, Loss_kernel 0.003, Train_accy 82.94
2025-06-27 06:02:02,057 [icarl.py] => Task 11, Epoch 43/200 => Loss 2.625, Loss_clf 0.584, Loss_kd 2.039, Loss_kernel 0.003, Train_accy 83.79
2025-06-27 06:02:18,164 [icarl.py] => Task 11, Epoch 44/200 => Loss 2.606, Loss_clf 0.579, Loss_kd 2.025, Loss_kernel 0.003, Train_accy 83.31
2025-06-27 06:02:34,153 [icarl.py] => Task 11, Epoch 45/200 => Loss 2.550, Loss_clf 0.536, Loss_kd 2.011, Loss_kernel 0.003, Train_accy 84.25
2025-06-27 06:03:11,126 [icarl.py] => Task 11, Epoch 46/200 => Loss 2.539, Loss_clf 0.527, Loss_kd 2.009, Loss_kernel 0.003, Train_accy 84.40, Test_accy {'Art': 14.52, 'Clipart': 31.8, 'Real World': 30.9, 'Product': 48.63}
2025-06-27 06:03:27,060 [icarl.py] => Task 11, Epoch 47/200 => Loss 2.609, Loss_clf 0.567, Loss_kd 2.040, Loss_kernel 0.002, Train_accy 83.82
2025-06-27 06:03:42,855 [icarl.py] => Task 11, Epoch 48/200 => Loss 2.536, Loss_clf 0.533, Loss_kd 2.001, Loss_kernel 0.003, Train_accy 85.13
2025-06-27 06:03:57,147 [icarl.py] => Task 11, Epoch 49/200 => Loss 2.531, Loss_clf 0.505, Loss_kd 2.023, Loss_kernel 0.003, Train_accy 85.15
2025-06-27 06:04:13,141 [icarl.py] => Task 11, Epoch 50/200 => Loss 2.543, Loss_clf 0.523, Loss_kd 2.017, Loss_kernel 0.003, Train_accy 84.44
2025-06-27 06:04:48,005 [icarl.py] => Task 11, Epoch 51/200 => Loss 2.559, Loss_clf 0.534, Loss_kd 2.023, Loss_kernel 0.002, Train_accy 85.24, Test_accy {'Art': 14.32, 'Clipart': 30.7, 'Real World': 27.24, 'Product': 48.16}
2025-06-27 06:05:04,867 [icarl.py] => Task 11, Epoch 52/200 => Loss 2.502, Loss_clf 0.499, Loss_kd 2.000, Loss_kernel 0.002, Train_accy 85.61
2025-06-27 06:05:18,983 [icarl.py] => Task 11, Epoch 53/200 => Loss 2.457, Loss_clf 0.473, Loss_kd 1.982, Loss_kernel 0.002, Train_accy 86.71
2025-06-27 06:05:34,629 [icarl.py] => Task 11, Epoch 54/200 => Loss 2.504, Loss_clf 0.504, Loss_kd 1.998, Loss_kernel 0.002, Train_accy 85.32
2025-06-27 06:05:49,491 [icarl.py] => Task 11, Epoch 55/200 => Loss 2.528, Loss_clf 0.519, Loss_kd 2.007, Loss_kernel 0.002, Train_accy 84.59
2025-06-27 06:06:25,128 [icarl.py] => Task 11, Epoch 56/200 => Loss 2.476, Loss_clf 0.494, Loss_kd 1.979, Loss_kernel 0.002, Train_accy 85.22, Test_accy {'Art': 16.39, 'Clipart': 32.28, 'Real World': 30.78, 'Product': 48.75}
2025-06-27 06:06:41,266 [icarl.py] => Task 11, Epoch 57/200 => Loss 2.437, Loss_clf 0.473, Loss_kd 1.962, Loss_kernel 0.002, Train_accy 86.20
2025-06-27 06:06:57,517 [icarl.py] => Task 11, Epoch 58/200 => Loss 2.531, Loss_clf 0.520, Loss_kd 2.009, Loss_kernel 0.002, Train_accy 84.88
2025-06-27 06:07:13,480 [icarl.py] => Task 11, Epoch 59/200 => Loss 2.394, Loss_clf 0.437, Loss_kd 1.955, Loss_kernel 0.002, Train_accy 87.67
2025-06-27 06:07:29,945 [icarl.py] => Task 11, Epoch 60/200 => Loss 2.413, Loss_clf 0.436, Loss_kd 1.975, Loss_kernel 0.002, Train_accy 87.51
2025-06-27 06:08:06,092 [icarl.py] => Task 11, Epoch 61/200 => Loss 2.428, Loss_clf 0.443, Loss_kd 1.983, Loss_kernel 0.002, Train_accy 87.10, Test_accy {'Art': 16.18, 'Clipart': 31.31, 'Real World': 28.77, 'Product': 49.23}
2025-06-27 06:08:21,131 [icarl.py] => Task 11, Epoch 62/200 => Loss 2.396, Loss_clf 0.455, Loss_kd 1.939, Loss_kernel 0.002, Train_accy 87.27
2025-06-27 06:08:37,563 [icarl.py] => Task 11, Epoch 63/200 => Loss 2.442, Loss_clf 0.471, Loss_kd 1.969, Loss_kernel 0.002, Train_accy 86.70
2025-06-27 06:08:51,755 [icarl.py] => Task 11, Epoch 64/200 => Loss 2.323, Loss_clf 0.400, Loss_kd 1.920, Loss_kernel 0.002, Train_accy 88.65
2025-06-27 06:09:08,414 [icarl.py] => Task 11, Epoch 65/200 => Loss 2.403, Loss_clf 0.436, Loss_kd 1.965, Loss_kernel 0.002, Train_accy 87.08
2025-06-27 06:09:43,643 [icarl.py] => Task 11, Epoch 66/200 => Loss 2.398, Loss_clf 0.422, Loss_kd 1.974, Loss_kernel 0.002, Train_accy 87.22, Test_accy {'Art': 14.73, 'Clipart': 34.1, 'Real World': 31.96, 'Product': 50.42}
2025-06-27 06:09:59,535 [icarl.py] => Task 11, Epoch 67/200 => Loss 2.442, Loss_clf 0.479, Loss_kd 1.961, Loss_kernel 0.002, Train_accy 85.49
2025-06-27 06:10:14,777 [icarl.py] => Task 11, Epoch 68/200 => Loss 2.423, Loss_clf 0.457, Loss_kd 1.963, Loss_kernel 0.002, Train_accy 87.06
2025-06-27 06:10:30,569 [icarl.py] => Task 11, Epoch 69/200 => Loss 2.388, Loss_clf 0.422, Loss_kd 1.964, Loss_kernel 0.002, Train_accy 87.66
2025-06-27 06:10:44,723 [icarl.py] => Task 11, Epoch 70/200 => Loss 2.420, Loss_clf 0.460, Loss_kd 1.958, Loss_kernel 0.002, Train_accy 86.65
2025-06-27 06:11:18,545 [icarl.py] => Task 11, Epoch 71/200 => Loss 2.336, Loss_clf 0.390, Loss_kd 1.943, Loss_kernel 0.002, Train_accy 89.10, Test_accy {'Art': 14.32, 'Clipart': 29.73, 'Real World': 29.72, 'Product': 50.3}
2025-06-27 06:11:33,632 [icarl.py] => Task 11, Epoch 72/200 => Loss 2.320, Loss_clf 0.389, Loss_kd 1.929, Loss_kernel 0.002, Train_accy 88.18
2025-06-27 06:11:50,166 [icarl.py] => Task 11, Epoch 73/200 => Loss 2.350, Loss_clf 0.395, Loss_kd 1.953, Loss_kernel 0.002, Train_accy 88.39
2025-06-27 06:12:04,581 [icarl.py] => Task 11, Epoch 74/200 => Loss 2.349, Loss_clf 0.386, Loss_kd 1.961, Loss_kernel 0.002, Train_accy 88.51
2025-06-27 06:12:18,491 [icarl.py] => Task 11, Epoch 75/200 => Loss 2.278, Loss_clf 0.360, Loss_kd 1.916, Loss_kernel 0.002, Train_accy 90.09
2025-06-27 06:12:52,618 [icarl.py] => Task 11, Epoch 76/200 => Loss 2.229, Loss_clf 0.343, Loss_kd 1.884, Loss_kernel 0.002, Train_accy 90.33, Test_accy {'Art': 14.52, 'Clipart': 32.52, 'Real World': 30.54, 'Product': 52.68}
2025-06-27 06:13:08,662 [icarl.py] => Task 11, Epoch 77/200 => Loss 2.272, Loss_clf 0.368, Loss_kd 1.903, Loss_kernel 0.002, Train_accy 89.08
2025-06-27 06:13:22,862 [icarl.py] => Task 11, Epoch 78/200 => Loss 2.306, Loss_clf 0.379, Loss_kd 1.925, Loss_kernel 0.002, Train_accy 89.36
2025-06-27 06:13:38,253 [icarl.py] => Task 11, Epoch 79/200 => Loss 2.314, Loss_clf 0.390, Loss_kd 1.922, Loss_kernel 0.002, Train_accy 89.00
2025-06-27 06:13:52,256 [icarl.py] => Task 11, Epoch 80/200 => Loss 2.300, Loss_clf 0.382, Loss_kd 1.916, Loss_kernel 0.002, Train_accy 89.33
2025-06-27 06:14:27,591 [icarl.py] => Task 11, Epoch 81/200 => Loss 2.284, Loss_clf 0.357, Loss_kd 1.925, Loss_kernel 0.002, Train_accy 89.98, Test_accy {'Art': 12.86, 'Clipart': 29.0, 'Real World': 26.89, 'Product': 44.35}
2025-06-27 06:14:41,805 [icarl.py] => Task 11, Epoch 82/200 => Loss 2.287, Loss_clf 0.367, Loss_kd 1.918, Loss_kernel 0.002, Train_accy 89.43
2025-06-27 06:14:55,227 [icarl.py] => Task 11, Epoch 83/200 => Loss 2.285, Loss_clf 0.376, Loss_kd 1.908, Loss_kernel 0.002, Train_accy 89.14
2025-06-27 06:15:10,783 [icarl.py] => Task 11, Epoch 84/200 => Loss 2.340, Loss_clf 0.378, Loss_kd 1.960, Loss_kernel 0.002, Train_accy 89.38
2025-06-27 06:15:25,555 [icarl.py] => Task 11, Epoch 85/200 => Loss 2.268, Loss_clf 0.359, Loss_kd 1.908, Loss_kernel 0.002, Train_accy 89.49
2025-06-27 06:15:59,031 [icarl.py] => Task 11, Epoch 86/200 => Loss 2.318, Loss_clf 0.379, Loss_kd 1.938, Loss_kernel 0.002, Train_accy 88.92, Test_accy {'Art': 13.28, 'Clipart': 32.04, 'Real World': 28.89, 'Product': 52.56}
2025-06-27 06:16:14,487 [icarl.py] => Task 11, Epoch 87/200 => Loss 2.298, Loss_clf 0.363, Loss_kd 1.934, Loss_kernel 0.002, Train_accy 89.81
2025-06-27 06:16:30,484 [icarl.py] => Task 11, Epoch 88/200 => Loss 2.253, Loss_clf 0.347, Loss_kd 1.904, Loss_kernel 0.002, Train_accy 89.91
2025-06-27 06:16:45,497 [icarl.py] => Task 11, Epoch 89/200 => Loss 2.278, Loss_clf 0.361, Loss_kd 1.916, Loss_kernel 0.002, Train_accy 88.96
2025-06-27 06:16:59,363 [icarl.py] => Task 11, Epoch 90/200 => Loss 2.190, Loss_clf 0.295, Loss_kd 1.894, Loss_kernel 0.002, Train_accy 91.93
2025-06-27 06:17:34,793 [icarl.py] => Task 11, Epoch 91/200 => Loss 2.197, Loss_clf 0.317, Loss_kd 1.879, Loss_kernel 0.002, Train_accy 90.99, Test_accy {'Art': 15.98, 'Clipart': 33.98, 'Real World': 32.78, 'Product': 51.96}
2025-06-27 06:17:50,008 [icarl.py] => Task 11, Epoch 92/200 => Loss 2.141, Loss_clf 0.281, Loss_kd 1.859, Loss_kernel 0.001, Train_accy 91.46
2025-06-27 06:18:05,854 [icarl.py] => Task 11, Epoch 93/200 => Loss 2.175, Loss_clf 0.290, Loss_kd 1.883, Loss_kernel 0.001, Train_accy 92.15
2025-06-27 06:18:21,034 [icarl.py] => Task 11, Epoch 94/200 => Loss 2.155, Loss_clf 0.274, Loss_kd 1.880, Loss_kernel 0.001, Train_accy 92.77
2025-06-27 06:18:36,219 [icarl.py] => Task 11, Epoch 95/200 => Loss 2.111, Loss_clf 0.267, Loss_kd 1.843, Loss_kernel 0.001, Train_accy 92.66
2025-06-27 06:19:10,596 [icarl.py] => Task 11, Epoch 96/200 => Loss 2.156, Loss_clf 0.283, Loss_kd 1.872, Loss_kernel 0.001, Train_accy 92.06, Test_accy {'Art': 14.94, 'Clipart': 34.1, 'Real World': 32.78, 'Product': 53.39}
2025-06-27 06:19:24,691 [icarl.py] => Task 11, Epoch 97/200 => Loss 2.118, Loss_clf 0.268, Loss_kd 1.849, Loss_kernel 0.001, Train_accy 91.98
2025-06-27 06:19:38,881 [icarl.py] => Task 11, Epoch 98/200 => Loss 2.141, Loss_clf 0.278, Loss_kd 1.862, Loss_kernel 0.001, Train_accy 92.42
2025-06-27 06:19:52,533 [icarl.py] => Task 11, Epoch 99/200 => Loss 2.125, Loss_clf 0.270, Loss_kd 1.853, Loss_kernel 0.001, Train_accy 92.72
2025-06-27 06:20:05,530 [icarl.py] => Task 11, Epoch 100/200 => Loss 2.118, Loss_clf 0.248, Loss_kd 1.869, Loss_kernel 0.001, Train_accy 92.74
2025-06-27 06:20:39,324 [icarl.py] => Task 11, Epoch 101/200 => Loss 2.172, Loss_clf 0.301, Loss_kd 1.869, Loss_kernel 0.001, Train_accy 91.41, Test_accy {'Art': 15.35, 'Clipart': 34.59, 'Real World': 32.55, 'Product': 51.37}
2025-06-27 06:20:55,144 [icarl.py] => Task 11, Epoch 102/200 => Loss 2.193, Loss_clf 0.299, Loss_kd 1.892, Loss_kernel 0.001, Train_accy 91.36
2025-06-27 06:21:09,665 [icarl.py] => Task 11, Epoch 103/200 => Loss 2.159, Loss_clf 0.287, Loss_kd 1.870, Loss_kernel 0.001, Train_accy 91.59
2025-06-27 06:21:23,672 [icarl.py] => Task 11, Epoch 104/200 => Loss 2.105, Loss_clf 0.251, Loss_kd 1.852, Loss_kernel 0.001, Train_accy 92.71
2025-06-27 06:21:38,223 [icarl.py] => Task 11, Epoch 105/200 => Loss 2.101, Loss_clf 0.261, Loss_kd 1.839, Loss_kernel 0.001, Train_accy 92.26
2025-06-27 06:22:10,828 [icarl.py] => Task 11, Epoch 106/200 => Loss 2.102, Loss_clf 0.241, Loss_kd 1.860, Loss_kernel 0.001, Train_accy 93.23, Test_accy {'Art': 13.9, 'Clipart': 35.32, 'Real World': 33.84, 'Product': 55.29}
2025-06-27 06:22:25,674 [icarl.py] => Task 11, Epoch 107/200 => Loss 2.116, Loss_clf 0.259, Loss_kd 1.856, Loss_kernel 0.001, Train_accy 92.38
2025-06-27 06:22:41,596 [icarl.py] => Task 11, Epoch 108/200 => Loss 2.052, Loss_clf 0.225, Loss_kd 1.825, Loss_kernel 0.001, Train_accy 93.19
2025-06-27 06:22:54,068 [icarl.py] => Task 11, Epoch 109/200 => Loss 2.063, Loss_clf 0.230, Loss_kd 1.832, Loss_kernel 0.001, Train_accy 93.68
2025-06-27 06:23:07,813 [icarl.py] => Task 11, Epoch 110/200 => Loss 2.059, Loss_clf 0.237, Loss_kd 1.821, Loss_kernel 0.001, Train_accy 93.06
2025-06-27 06:23:41,729 [icarl.py] => Task 11, Epoch 111/200 => Loss 2.088, Loss_clf 0.239, Loss_kd 1.848, Loss_kernel 0.001, Train_accy 92.92, Test_accy {'Art': 14.32, 'Clipart': 34.1, 'Real World': 32.19, 'Product': 56.36}
2025-06-27 06:23:56,192 [icarl.py] => Task 11, Epoch 112/200 => Loss 2.055, Loss_clf 0.223, Loss_kd 1.831, Loss_kernel 0.001, Train_accy 94.00
2025-06-27 06:24:09,523 [icarl.py] => Task 11, Epoch 113/200 => Loss 2.115, Loss_clf 0.267, Loss_kd 1.847, Loss_kernel 0.001, Train_accy 93.02
2025-06-27 06:24:25,065 [icarl.py] => Task 11, Epoch 114/200 => Loss 2.098, Loss_clf 0.260, Loss_kd 1.836, Loss_kernel 0.001, Train_accy 92.52
2025-06-27 06:24:38,486 [icarl.py] => Task 11, Epoch 115/200 => Loss 2.077, Loss_clf 0.235, Loss_kd 1.841, Loss_kernel 0.001, Train_accy 93.96
2025-06-27 06:25:12,493 [icarl.py] => Task 11, Epoch 116/200 => Loss 1.998, Loss_clf 0.197, Loss_kd 1.800, Loss_kernel 0.001, Train_accy 94.39, Test_accy {'Art': 15.15, 'Clipart': 33.86, 'Real World': 34.2, 'Product': 56.6}
2025-06-27 06:25:27,635 [icarl.py] => Task 11, Epoch 117/200 => Loss 1.967, Loss_clf 0.186, Loss_kd 1.780, Loss_kernel 0.001, Train_accy 95.00
2025-06-27 06:25:41,620 [icarl.py] => Task 11, Epoch 118/200 => Loss 2.067, Loss_clf 0.229, Loss_kd 1.837, Loss_kernel 0.001, Train_accy 93.38
2025-06-27 06:25:55,472 [icarl.py] => Task 11, Epoch 119/200 => Loss 2.041, Loss_clf 0.219, Loss_kd 1.821, Loss_kernel 0.001, Train_accy 94.17
2025-06-27 06:26:09,338 [icarl.py] => Task 11, Epoch 120/200 => Loss 2.009, Loss_clf 0.199, Loss_kd 1.809, Loss_kernel 0.001, Train_accy 94.43
2025-06-27 06:26:42,071 [icarl.py] => Task 11, Epoch 121/200 => Loss 2.020, Loss_clf 0.195, Loss_kd 1.824, Loss_kernel 0.001, Train_accy 94.86, Test_accy {'Art': 14.52, 'Clipart': 34.83, 'Real World': 33.14, 'Product': 54.7}
2025-06-27 06:26:55,601 [icarl.py] => Task 11, Epoch 122/200 => Loss 1.988, Loss_clf 0.190, Loss_kd 1.797, Loss_kernel 0.001, Train_accy 94.90
2025-06-27 06:27:08,764 [icarl.py] => Task 11, Epoch 123/200 => Loss 2.004, Loss_clf 0.208, Loss_kd 1.796, Loss_kernel 0.001, Train_accy 93.94
2025-06-27 06:27:22,652 [icarl.py] => Task 11, Epoch 124/200 => Loss 1.996, Loss_clf 0.189, Loss_kd 1.806, Loss_kernel 0.001, Train_accy 94.39
2025-06-27 06:27:35,079 [icarl.py] => Task 11, Epoch 125/200 => Loss 1.997, Loss_clf 0.202, Loss_kd 1.794, Loss_kernel 0.001, Train_accy 94.25
2025-06-27 06:28:08,421 [icarl.py] => Task 11, Epoch 126/200 => Loss 1.966, Loss_clf 0.173, Loss_kd 1.792, Loss_kernel 0.001, Train_accy 95.37, Test_accy {'Art': 14.52, 'Clipart': 35.07, 'Real World': 33.37, 'Product': 55.17}
2025-06-27 06:28:22,423 [icarl.py] => Task 11, Epoch 127/200 => Loss 1.975, Loss_clf 0.171, Loss_kd 1.803, Loss_kernel 0.001, Train_accy 95.33
2025-06-27 06:28:34,949 [icarl.py] => Task 11, Epoch 128/200 => Loss 1.972, Loss_clf 0.191, Loss_kd 1.780, Loss_kernel 0.001, Train_accy 94.84
2025-06-27 06:28:49,180 [icarl.py] => Task 11, Epoch 129/200 => Loss 1.966, Loss_clf 0.174, Loss_kd 1.792, Loss_kernel 0.001, Train_accy 95.34
2025-06-27 06:29:02,315 [icarl.py] => Task 11, Epoch 130/200 => Loss 1.981, Loss_clf 0.173, Loss_kd 1.807, Loss_kernel 0.001, Train_accy 94.61
2025-06-27 06:29:35,536 [icarl.py] => Task 11, Epoch 131/200 => Loss 1.946, Loss_clf 0.157, Loss_kd 1.789, Loss_kernel 0.001, Train_accy 95.93, Test_accy {'Art': 16.39, 'Clipart': 36.04, 'Real World': 33.37, 'Product': 56.6}
2025-06-27 06:29:48,758 [icarl.py] => Task 11, Epoch 132/200 => Loss 1.959, Loss_clf 0.167, Loss_kd 1.791, Loss_kernel 0.001, Train_accy 95.05
2025-06-27 06:30:02,245 [icarl.py] => Task 11, Epoch 133/200 => Loss 1.977, Loss_clf 0.183, Loss_kd 1.793, Loss_kernel 0.001, Train_accy 94.73
2025-06-27 06:30:14,948 [icarl.py] => Task 11, Epoch 134/200 => Loss 1.957, Loss_clf 0.177, Loss_kd 1.780, Loss_kernel 0.001, Train_accy 94.83
2025-06-27 06:30:26,969 [icarl.py] => Task 11, Epoch 135/200 => Loss 1.914, Loss_clf 0.145, Loss_kd 1.768, Loss_kernel 0.001, Train_accy 95.92
2025-06-27 06:31:01,234 [icarl.py] => Task 11, Epoch 136/200 => Loss 1.973, Loss_clf 0.185, Loss_kd 1.787, Loss_kernel 0.001, Train_accy 94.92, Test_accy {'Art': 15.98, 'Clipart': 37.5, 'Real World': 34.32, 'Product': 58.03}
2025-06-27 06:31:13,429 [icarl.py] => Task 11, Epoch 137/200 => Loss 1.918, Loss_clf 0.141, Loss_kd 1.776, Loss_kernel 0.001, Train_accy 96.30
2025-06-27 06:31:27,157 [icarl.py] => Task 11, Epoch 138/200 => Loss 1.946, Loss_clf 0.161, Loss_kd 1.784, Loss_kernel 0.001, Train_accy 95.48
2025-06-27 06:31:39,859 [icarl.py] => Task 11, Epoch 139/200 => Loss 1.940, Loss_clf 0.154, Loss_kd 1.785, Loss_kernel 0.001, Train_accy 96.12
2025-06-27 06:31:52,675 [icarl.py] => Task 11, Epoch 140/200 => Loss 1.914, Loss_clf 0.137, Loss_kd 1.776, Loss_kernel 0.001, Train_accy 96.31
2025-06-27 06:32:25,332 [icarl.py] => Task 11, Epoch 141/200 => Loss 1.928, Loss_clf 0.142, Loss_kd 1.785, Loss_kernel 0.001, Train_accy 96.05, Test_accy {'Art': 15.56, 'Clipart': 36.04, 'Real World': 35.14, 'Product': 57.91}
2025-06-27 06:32:38,409 [icarl.py] => Task 11, Epoch 142/200 => Loss 1.960, Loss_clf 0.160, Loss_kd 1.798, Loss_kernel 0.001, Train_accy 95.28
2025-06-27 06:32:50,627 [icarl.py] => Task 11, Epoch 143/200 => Loss 1.928, Loss_clf 0.160, Loss_kd 1.767, Loss_kernel 0.001, Train_accy 96.07
2025-06-27 06:33:04,272 [icarl.py] => Task 11, Epoch 144/200 => Loss 1.910, Loss_clf 0.146, Loss_kd 1.763, Loss_kernel 0.001, Train_accy 95.81
2025-06-27 06:33:18,042 [icarl.py] => Task 11, Epoch 145/200 => Loss 1.926, Loss_clf 0.151, Loss_kd 1.774, Loss_kernel 0.001, Train_accy 95.51
2025-06-27 06:33:50,884 [icarl.py] => Task 11, Epoch 146/200 => Loss 1.942, Loss_clf 0.159, Loss_kd 1.782, Loss_kernel 0.001, Train_accy 95.84, Test_accy {'Art': 15.98, 'Clipart': 36.17, 'Real World': 35.02, 'Product': 57.55}
2025-06-27 06:34:03,568 [icarl.py] => Task 11, Epoch 147/200 => Loss 1.905, Loss_clf 0.140, Loss_kd 1.764, Loss_kernel 0.001, Train_accy 96.45
2025-06-27 06:34:16,715 [icarl.py] => Task 11, Epoch 148/200 => Loss 1.880, Loss_clf 0.131, Loss_kd 1.748, Loss_kernel 0.001, Train_accy 96.28
2025-06-27 06:34:29,456 [icarl.py] => Task 11, Epoch 149/200 => Loss 1.907, Loss_clf 0.141, Loss_kd 1.765, Loss_kernel 0.001, Train_accy 96.13
2025-06-27 06:34:41,524 [icarl.py] => Task 11, Epoch 150/200 => Loss 1.895, Loss_clf 0.125, Loss_kd 1.769, Loss_kernel 0.001, Train_accy 96.45
2025-06-27 06:35:14,391 [icarl.py] => Task 11, Epoch 151/200 => Loss 1.899, Loss_clf 0.117, Loss_kd 1.781, Loss_kernel 0.001, Train_accy 96.74, Test_accy {'Art': 15.35, 'Clipart': 35.44, 'Real World': 35.61, 'Product': 57.55}
2025-06-27 06:35:26,658 [icarl.py] => Task 11, Epoch 152/200 => Loss 1.854, Loss_clf 0.123, Loss_kd 1.731, Loss_kernel 0.001, Train_accy 96.74
2025-06-27 06:35:41,010 [icarl.py] => Task 11, Epoch 153/200 => Loss 1.911, Loss_clf 0.150, Loss_kd 1.760, Loss_kernel 0.001, Train_accy 95.72
2025-06-27 06:35:54,132 [icarl.py] => Task 11, Epoch 154/200 => Loss 1.872, Loss_clf 0.122, Loss_kd 1.750, Loss_kernel 0.001, Train_accy 96.22
2025-06-27 06:36:07,373 [icarl.py] => Task 11, Epoch 155/200 => Loss 1.864, Loss_clf 0.125, Loss_kd 1.738, Loss_kernel 0.001, Train_accy 96.51
2025-06-27 06:36:41,307 [icarl.py] => Task 11, Epoch 156/200 => Loss 1.856, Loss_clf 0.134, Loss_kd 1.721, Loss_kernel 0.001, Train_accy 95.89, Test_accy {'Art': 15.35, 'Clipart': 35.92, 'Real World': 35.26, 'Product': 58.38}
2025-06-27 06:36:54,069 [icarl.py] => Task 11, Epoch 157/200 => Loss 1.915, Loss_clf 0.134, Loss_kd 1.781, Loss_kernel 0.001, Train_accy 96.18
2025-06-27 06:37:08,331 [icarl.py] => Task 11, Epoch 158/200 => Loss 1.898, Loss_clf 0.144, Loss_kd 1.754, Loss_kernel 0.001, Train_accy 96.29
2025-06-27 06:37:21,733 [icarl.py] => Task 11, Epoch 159/200 => Loss 1.913, Loss_clf 0.157, Loss_kd 1.756, Loss_kernel 0.001, Train_accy 95.42
2025-06-27 06:37:34,750 [icarl.py] => Task 11, Epoch 160/200 => Loss 1.856, Loss_clf 0.117, Loss_kd 1.738, Loss_kernel 0.001, Train_accy 97.26
2025-06-27 06:38:07,685 [icarl.py] => Task 11, Epoch 161/200 => Loss 1.892, Loss_clf 0.137, Loss_kd 1.754, Loss_kernel 0.001, Train_accy 96.41, Test_accy {'Art': 15.35, 'Clipart': 36.77, 'Real World': 35.61, 'Product': 58.5}
2025-06-27 06:38:19,828 [icarl.py] => Task 11, Epoch 162/200 => Loss 1.868, Loss_clf 0.111, Loss_kd 1.756, Loss_kernel 0.001, Train_accy 97.25
2025-06-27 06:38:31,795 [icarl.py] => Task 11, Epoch 163/200 => Loss 1.860, Loss_clf 0.114, Loss_kd 1.746, Loss_kernel 0.001, Train_accy 96.68
2025-06-27 06:38:45,551 [icarl.py] => Task 11, Epoch 164/200 => Loss 1.902, Loss_clf 0.127, Loss_kd 1.774, Loss_kernel 0.001, Train_accy 96.17
2025-06-27 06:38:57,703 [icarl.py] => Task 11, Epoch 165/200 => Loss 1.872, Loss_clf 0.127, Loss_kd 1.745, Loss_kernel 0.001, Train_accy 96.93
2025-06-27 06:39:30,804 [icarl.py] => Task 11, Epoch 166/200 => Loss 1.863, Loss_clf 0.116, Loss_kd 1.746, Loss_kernel 0.001, Train_accy 97.03, Test_accy {'Art': 15.56, 'Clipart': 35.92, 'Real World': 36.44, 'Product': 59.57}
2025-06-27 06:39:42,405 [icarl.py] => Task 11, Epoch 167/200 => Loss 1.861, Loss_clf 0.114, Loss_kd 1.747, Loss_kernel 0.001, Train_accy 97.12
2025-06-27 06:39:54,802 [icarl.py] => Task 11, Epoch 168/200 => Loss 1.884, Loss_clf 0.123, Loss_kd 1.761, Loss_kernel 0.001, Train_accy 97.02
2025-06-27 06:40:06,977 [icarl.py] => Task 11, Epoch 169/200 => Loss 1.851, Loss_clf 0.109, Loss_kd 1.741, Loss_kernel 0.001, Train_accy 96.79
2025-06-27 06:40:19,144 [icarl.py] => Task 11, Epoch 170/200 => Loss 1.878, Loss_clf 0.116, Loss_kd 1.762, Loss_kernel 0.001, Train_accy 96.97
2025-06-27 06:40:51,133 [icarl.py] => Task 11, Epoch 171/200 => Loss 1.871, Loss_clf 0.116, Loss_kd 1.755, Loss_kernel 0.001, Train_accy 97.03, Test_accy {'Art': 15.77, 'Clipart': 35.92, 'Real World': 36.56, 'Product': 58.86}
2025-06-27 06:41:03,395 [icarl.py] => Task 11, Epoch 172/200 => Loss 1.829, Loss_clf 0.097, Loss_kd 1.732, Loss_kernel 0.001, Train_accy 97.56
2025-06-27 06:41:16,097 [icarl.py] => Task 11, Epoch 173/200 => Loss 1.865, Loss_clf 0.112, Loss_kd 1.753, Loss_kernel 0.001, Train_accy 96.74
2025-06-27 06:41:27,563 [icarl.py] => Task 11, Epoch 174/200 => Loss 1.860, Loss_clf 0.112, Loss_kd 1.747, Loss_kernel 0.001, Train_accy 96.97
2025-06-27 06:41:40,050 [icarl.py] => Task 11, Epoch 175/200 => Loss 1.836, Loss_clf 0.099, Loss_kd 1.737, Loss_kernel 0.001, Train_accy 97.36
2025-06-27 06:42:11,109 [icarl.py] => Task 11, Epoch 176/200 => Loss 1.873, Loss_clf 0.109, Loss_kd 1.763, Loss_kernel 0.001, Train_accy 97.11, Test_accy {'Art': 15.77, 'Clipart': 36.89, 'Real World': 35.85, 'Product': 58.62}
2025-06-27 06:42:23,004 [icarl.py] => Task 11, Epoch 177/200 => Loss 1.849, Loss_clf 0.112, Loss_kd 1.737, Loss_kernel 0.001, Train_accy 97.12
2025-06-27 06:42:36,109 [icarl.py] => Task 11, Epoch 178/200 => Loss 1.898, Loss_clf 0.125, Loss_kd 1.773, Loss_kernel 0.001, Train_accy 96.75
2025-06-27 06:42:48,163 [icarl.py] => Task 11, Epoch 179/200 => Loss 1.847, Loss_clf 0.113, Loss_kd 1.733, Loss_kernel 0.001, Train_accy 96.65
2025-06-27 06:43:00,929 [icarl.py] => Task 11, Epoch 180/200 => Loss 1.833, Loss_clf 0.104, Loss_kd 1.728, Loss_kernel 0.001, Train_accy 96.93
2025-06-27 06:43:33,261 [icarl.py] => Task 11, Epoch 181/200 => Loss 1.828, Loss_clf 0.098, Loss_kd 1.729, Loss_kernel 0.001, Train_accy 97.25, Test_accy {'Art': 16.6, 'Clipart': 36.53, 'Real World': 36.2, 'Product': 58.15}
2025-06-27 06:43:45,025 [icarl.py] => Task 11, Epoch 182/200 => Loss 1.829, Loss_clf 0.101, Loss_kd 1.727, Loss_kernel 0.001, Train_accy 97.55
2025-06-27 06:43:57,218 [icarl.py] => Task 11, Epoch 183/200 => Loss 1.845, Loss_clf 0.107, Loss_kd 1.738, Loss_kernel 0.001, Train_accy 97.17
2025-06-27 06:44:09,240 [icarl.py] => Task 11, Epoch 184/200 => Loss 1.848, Loss_clf 0.104, Loss_kd 1.744, Loss_kernel 0.001, Train_accy 97.31
2025-06-27 06:44:21,054 [icarl.py] => Task 11, Epoch 185/200 => Loss 1.856, Loss_clf 0.106, Loss_kd 1.749, Loss_kernel 0.001, Train_accy 97.07
2025-06-27 06:44:53,735 [icarl.py] => Task 11, Epoch 186/200 => Loss 1.823, Loss_clf 0.090, Loss_kd 1.732, Loss_kernel 0.001, Train_accy 98.13, Test_accy {'Art': 16.6, 'Clipart': 35.44, 'Real World': 36.91, 'Product': 58.74}
2025-06-27 06:45:06,977 [icarl.py] => Task 11, Epoch 187/200 => Loss 1.876, Loss_clf 0.108, Loss_kd 1.767, Loss_kernel 0.001, Train_accy 96.98
2025-06-27 06:45:18,825 [icarl.py] => Task 11, Epoch 188/200 => Loss 1.778, Loss_clf 0.072, Loss_kd 1.705, Loss_kernel 0.001, Train_accy 98.41
2025-06-27 06:45:31,535 [icarl.py] => Task 11, Epoch 189/200 => Loss 1.817, Loss_clf 0.099, Loss_kd 1.718, Loss_kernel 0.001, Train_accy 97.31
2025-06-27 06:45:43,610 [icarl.py] => Task 11, Epoch 190/200 => Loss 1.873, Loss_clf 0.128, Loss_kd 1.745, Loss_kernel 0.001, Train_accy 96.73
2025-06-27 06:46:15,812 [icarl.py] => Task 11, Epoch 191/200 => Loss 1.826, Loss_clf 0.090, Loss_kd 1.735, Loss_kernel 0.001, Train_accy 97.69, Test_accy {'Art': 15.77, 'Clipart': 35.92, 'Real World': 36.32, 'Product': 58.62}
2025-06-27 06:46:28,108 [icarl.py] => Task 11, Epoch 192/200 => Loss 1.840, Loss_clf 0.108, Loss_kd 1.732, Loss_kernel 0.001, Train_accy 97.36
2025-06-27 06:46:39,929 [icarl.py] => Task 11, Epoch 193/200 => Loss 1.846, Loss_clf 0.093, Loss_kd 1.752, Loss_kernel 0.001, Train_accy 97.88
2025-06-27 06:46:52,636 [icarl.py] => Task 11, Epoch 194/200 => Loss 1.849, Loss_clf 0.098, Loss_kd 1.750, Loss_kernel 0.001, Train_accy 97.78
2025-06-27 06:47:04,336 [icarl.py] => Task 11, Epoch 195/200 => Loss 1.831, Loss_clf 0.091, Loss_kd 1.739, Loss_kernel 0.001, Train_accy 97.77
2025-06-27 06:47:37,861 [icarl.py] => Task 11, Epoch 196/200 => Loss 1.853, Loss_clf 0.114, Loss_kd 1.739, Loss_kernel 0.001, Train_accy 96.85, Test_accy {'Art': 15.77, 'Clipart': 36.29, 'Real World': 36.67, 'Product': 58.38}
2025-06-27 06:47:50,499 [icarl.py] => Task 11, Epoch 197/200 => Loss 1.890, Loss_clf 0.116, Loss_kd 1.774, Loss_kernel 0.001, Train_accy 96.82
2025-06-27 06:48:01,694 [icarl.py] => Task 11, Epoch 198/200 => Loss 1.843, Loss_clf 0.096, Loss_kd 1.747, Loss_kernel 0.001, Train_accy 97.43
2025-06-27 06:48:13,931 [icarl.py] => Task 11, Epoch 199/200 => Loss 1.856, Loss_clf 0.099, Loss_kd 1.757, Loss_kernel 0.001, Train_accy 97.29
2025-06-27 06:48:25,997 [icarl.py] => Task 11, Epoch 200/200 => Loss 1.829, Loss_clf 0.100, Loss_kd 1.728, Loss_kernel 0.001, Train_accy 97.30
2025-06-27 06:48:25,999 [base.py] => Reducing exemplars...(21 per classes)
2025-06-27 06:48:59,043 [base.py] => Constructing exemplars...(21 per classes)
2025-06-27 06:49:50,136 [icarl.py] => Exemplar size: 1260
2025-06-27 06:49:51,263 [trainer.py] => CNN [Art]: {'total': 15.98, '00-04': 44.74, '05-09': 14.71, '10-14': 16.22, '15-19': 22.22, '20-24': 2.63, '25-29': 11.76, '30-34': 10.91, '35-39': 4.88, '40-44': 10.53, '45-49': 6.0, '50-54': 26.53, '55-59': 24.39, 'old': 15.19, 'new': 24.39}
2025-06-27 06:49:51,263 [trainer.py] => NME [Art]: {'total': 15.15, '00-04': 44.74, '05-09': 14.71, '10-14': 13.51, '15-19': 14.81, '20-24': 2.63, '25-29': 11.76, '30-34': 10.91, '35-39': 7.32, '40-44': 5.26, '45-49': 8.0, '50-54': 32.65, '55-59': 14.63, 'old': 15.19, 'new': 14.63}
2025-06-27 06:49:51,264 [trainer.py] => CNN [Art] top1 curve: [57.89, 43.06, 35.78, 35.29, 29.89, 25.48, 23.95, 21.71, 21.35, 15.56, 17.91, 15.98]
2025-06-27 06:49:51,264 [trainer.py] => CNN [Art] top5 curve: [97.37, 81.94, 66.06, 59.56, 48.85, 40.87, 42.21, 42.11, 33.92, 33.93, 34.01, 33.82]
2025-06-27 06:49:51,264 [trainer.py] => NME [Art] top1 curve: [63.16, 54.17, 40.37, 39.71, 29.31, 25.96, 23.95, 21.05, 19.01, 14.8, 18.59, 15.15]
2025-06-27 06:49:51,264 [trainer.py] => NME [Art] top5 curve: [100.0, 87.5, 80.73, 68.38, 55.75, 48.56, 51.33, 44.74, 40.64, 36.99, 37.64, 34.85]
2025-06-27 06:49:51,264 [trainer.py] => Average Accuracy [Art] (CNN): 28.65416666666667
2025-06-27 06:49:51,264 [trainer.py] => Average Accuracy [Art] (NME): 30.435833333333335
2025-06-27 06:49:51,264 [trainer.py] => CNN [Clipart]: {'total': 35.8, '00-04': 44.87, '05-09': 38.71, '10-14': 33.33, '15-19': 39.62, '20-24': 29.21, '25-29': 11.29, '30-34': 29.69, '35-39': 24.59, '40-44': 40.91, '45-49': 23.44, '50-54': 44.21, '55-59': 65.62, 'old': 33.29, 'new': 65.62}
2025-06-27 06:49:51,264 [trainer.py] => NME [Clipart]: {'total': 38.35, '00-04': 42.31, '05-09': 48.39, '10-14': 40.91, '15-19': 37.74, '20-24': 30.34, '25-29': 14.52, '30-34': 37.5, '35-39': 29.51, '40-44': 43.94, '45-49': 31.25, '50-54': 52.63, '55-59': 45.31, 'old': 37.76, 'new': 45.31}
2025-06-27 06:49:51,264 [trainer.py] => CNN [Clipart] top1 curve: [75.64, 67.86, 65.05, 66.8, 57.47, 53.41, 48.95, 43.74, 44.09, 40.75, 39.74, 35.8]
2025-06-27 06:49:51,264 [trainer.py] => CNN [Clipart] top5 curve: [98.72, 94.29, 87.86, 85.71, 82.76, 75.61, 74.26, 71.03, 69.55, 65.11, 68.29, 63.35]
2025-06-27 06:49:51,264 [trainer.py] => NME [Clipart] top1 curve: [71.79, 70.71, 66.5, 65.64, 59.2, 54.39, 50.84, 46.92, 46.26, 42.26, 42.63, 38.35]
2025-06-27 06:49:51,264 [trainer.py] => NME [Clipart] top5 curve: [100.0, 94.29, 85.92, 87.26, 82.18, 79.51, 75.53, 75.14, 70.05, 67.82, 69.47, 64.68]
2025-06-27 06:49:51,264 [trainer.py] => Average Accuracy [Clipart] (CNN): 53.275
2025-06-27 06:49:51,264 [trainer.py] => Average Accuracy [Clipart] (NME): 54.62416666666667
2025-06-27 06:49:51,265 [trainer.py] => CNN [Product]: {'total': 58.74, '00-04': 65.88, '05-09': 60.0, '10-14': 72.58, '15-19': 51.95, '20-24': 42.62, '25-29': 54.43, '30-34': 55.22, '35-39': 43.94, '40-44': 67.14, '45-49': 49.3, '50-54': 53.85, '55-59': 91.38, 'old': 56.32, 'new': 91.38}
2025-06-27 06:49:51,265 [trainer.py] => NME [Product]: {'total': 60.64, '00-04': 62.35, '05-09': 65.0, '10-14': 77.42, '15-19': 55.84, '20-24': 49.18, '25-29': 59.49, '30-34': 56.72, '35-39': 50.0, '40-44': 62.86, '45-49': 50.7, '50-54': 55.38, '55-59': 86.21, 'old': 58.75, 'new': 86.21}
2025-06-27 06:49:51,265 [trainer.py] => CNN [Product] top1 curve: [85.88, 86.06, 87.67, 81.91, 75.89, 71.17, 68.88, 67.24, 65.84, 61.14, 59.0, 58.74]
2025-06-27 06:49:51,265 [trainer.py] => CNN [Product] top5 curve: [100.0, 99.39, 98.24, 97.7, 92.05, 91.44, 89.43, 87.69, 86.4, 83.57, 83.52, 81.45]
2025-06-27 06:49:51,265 [trainer.py] => NME [Product] top1 curve: [90.59, 87.88, 92.51, 84.87, 78.36, 76.13, 70.45, 70.54, 67.7, 63.37, 59.64, 60.64]
2025-06-27 06:49:51,265 [trainer.py] => NME [Product] top5 curve: [100.0, 99.39, 99.12, 98.68, 95.07, 93.02, 91.78, 89.08, 88.87, 84.54, 84.8, 81.21]
2025-06-27 06:49:51,265 [trainer.py] => Average Accuracy [Product] (CNN): 72.45166666666667
2025-06-27 06:49:51,265 [trainer.py] => Average Accuracy [Product] (NME): 75.22333333333334
2025-06-27 06:49:51,265 [trainer.py] => CNN [Real World]: {'total': 36.91, '00-04': 39.73, '05-09': 47.06, '10-14': 29.17, '15-19': 29.85, '20-24': 9.23, '25-29': 37.66, '30-34': 36.0, '35-39': 20.34, '40-44': 31.25, '45-49': 40.28, '50-54': 52.56, '55-59': 60.26, 'old': 34.55, 'new': 60.26}
2025-06-27 06:49:51,265 [trainer.py] => NME [Real World]: {'total': 38.56, '00-04': 41.1, '05-09': 48.53, '10-14': 31.94, '15-19': 34.33, '20-24': 10.77, '25-29': 40.26, '30-34': 41.33, '35-39': 23.73, '40-44': 29.69, '45-49': 37.5, '50-54': 55.13, '55-59': 58.97, 'old': 36.49, 'new': 58.97}
2025-06-27 06:49:51,265 [trainer.py] => CNN [Real World] top1 curve: [71.23, 64.54, 58.22, 52.86, 48.7, 45.97, 43.66, 37.41, 37.9, 38.58, 38.44, 36.91]
2025-06-27 06:49:51,265 [trainer.py] => CNN [Real World] top5 curve: [100.0, 92.2, 84.98, 76.07, 73.04, 72.99, 71.03, 64.93, 66.61, 62.57, 61.95, 58.84]
2025-06-27 06:49:51,265 [trainer.py] => NME [Real World] top1 curve: [79.45, 70.21, 60.56, 56.43, 49.86, 50.0, 47.89, 40.29, 41.61, 39.16, 41.43, 38.56]
2025-06-27 06:49:51,265 [trainer.py] => NME [Real World] top5 curve: [100.0, 96.45, 85.92, 82.5, 79.71, 79.62, 76.66, 69.96, 68.87, 65.32, 63.77, 62.62]
2025-06-27 06:49:51,265 [trainer.py] => Average Accuracy [Real World] (CNN): 47.86833333333333
2025-06-27 06:49:51,266 [trainer.py] => Average Accuracy [Real World] (NME): 51.2875
2025-06-27 06:49:51,266 [trainer.py] => NME Harmonic Mean : 22.7747
2025-06-27 06:49:51,266 [trainer.py] => NME Macro Mean : 38.1750
2025-06-27 06:49:51,266 [trainer.py] => CNN Harmonic Mean : 23.4190
2025-06-27 06:49:51,266 [trainer.py] => CNN Macro Mean : 36.8575
2025-06-27 06:49:51,266 [trainer.py] => All params: 21320582
2025-06-27 06:49:51,267 [trainer.py] => Trainable params: 21320582
2025-06-27 06:49:51,268 [icarl.py] => Learning on 60-65
2025-06-27 06:50:25,556 [icarl.py] => Task 12, Epoch 1/200 => Loss 5.241, Loss_clf 2.549, Loss_kd 2.690, Loss_kernel 0.002, Train_accy 41.13, Test_accy {'Art': 2.17, 'Clipart': 4.26, 'Real World': 3.12, 'Product': 5.46}
2025-06-27 06:50:40,836 [icarl.py] => Task 12, Epoch 2/200 => Loss 6.953, Loss_clf 3.331, Loss_kd 3.616, Loss_kernel 0.006, Train_accy 22.66
2025-06-27 06:50:55,815 [icarl.py] => Task 12, Epoch 3/200 => Loss 6.085, Loss_clf 2.741, Loss_kd 3.339, Loss_kernel 0.005, Train_accy 31.38
2025-06-27 06:51:11,490 [icarl.py] => Task 12, Epoch 4/200 => Loss 5.482, Loss_clf 2.372, Loss_kd 3.105, Loss_kernel 0.004, Train_accy 38.06
2025-06-27 06:51:26,709 [icarl.py] => Task 12, Epoch 5/200 => Loss 5.014, Loss_clf 2.109, Loss_kd 2.902, Loss_kernel 0.003, Train_accy 41.64
2025-06-27 06:52:01,721 [icarl.py] => Task 12, Epoch 6/200 => Loss 4.795, Loss_clf 1.969, Loss_kd 2.822, Loss_kernel 0.003, Train_accy 44.82, Test_accy {'Art': 13.21, 'Clipart': 21.39, 'Real World': 24.5, 'Product': 40.44}
2025-06-27 06:52:16,535 [icarl.py] => Task 12, Epoch 7/200 => Loss 4.500, Loss_clf 1.787, Loss_kd 2.709, Loss_kernel 0.003, Train_accy 48.90
2025-06-27 06:52:31,060 [icarl.py] => Task 12, Epoch 8/200 => Loss 4.409, Loss_clf 1.737, Loss_kd 2.669, Loss_kernel 0.003, Train_accy 50.81
2025-06-27 06:52:45,919 [icarl.py] => Task 12, Epoch 9/200 => Loss 4.328, Loss_clf 1.687, Loss_kd 2.638, Loss_kernel 0.003, Train_accy 52.70
2025-06-27 06:53:01,411 [icarl.py] => Task 12, Epoch 10/200 => Loss 4.231, Loss_clf 1.620, Loss_kd 2.607, Loss_kernel 0.003, Train_accy 54.83
2025-06-27 06:53:36,999 [icarl.py] => Task 12, Epoch 11/200 => Loss 3.967, Loss_clf 1.462, Loss_kd 2.502, Loss_kernel 0.003, Train_accy 58.70, Test_accy {'Art': 11.64, 'Clipart': 26.09, 'Real World': 23.72, 'Product': 37.7}
2025-06-27 06:53:51,937 [icarl.py] => Task 12, Epoch 12/200 => Loss 3.744, Loss_clf 1.311, Loss_kd 2.429, Loss_kernel 0.003, Train_accy 61.37
2025-06-27 06:54:07,578 [icarl.py] => Task 12, Epoch 13/200 => Loss 3.494, Loss_clf 1.160, Loss_kd 2.331, Loss_kernel 0.003, Train_accy 66.32
2025-06-27 06:54:23,599 [icarl.py] => Task 12, Epoch 14/200 => Loss 3.513, Loss_clf 1.177, Loss_kd 2.332, Loss_kernel 0.003, Train_accy 65.60
2025-06-27 06:54:38,327 [icarl.py] => Task 12, Epoch 15/200 => Loss 3.507, Loss_clf 1.172, Loss_kd 2.332, Loss_kernel 0.003, Train_accy 66.76
2025-06-27 06:55:13,238 [icarl.py] => Task 12, Epoch 16/200 => Loss 3.381, Loss_clf 1.089, Loss_kd 2.289, Loss_kernel 0.003, Train_accy 67.64, Test_accy {'Art': 11.64, 'Clipart': 26.88, 'Real World': 25.95, 'Product': 42.51}
2025-06-27 06:55:26,767 [icarl.py] => Task 12, Epoch 17/200 => Loss 3.263, Loss_clf 1.012, Loss_kd 2.247, Loss_kernel 0.003, Train_accy 70.40
2025-06-27 06:55:41,895 [icarl.py] => Task 12, Epoch 18/200 => Loss 3.319, Loss_clf 1.047, Loss_kd 2.269, Loss_kernel 0.003, Train_accy 69.76
2025-06-27 06:55:56,891 [icarl.py] => Task 12, Epoch 19/200 => Loss 3.190, Loss_clf 0.959, Loss_kd 2.228, Loss_kernel 0.003, Train_accy 72.01
2025-06-27 06:56:11,331 [icarl.py] => Task 12, Epoch 20/200 => Loss 3.166, Loss_clf 0.963, Loss_kd 2.200, Loss_kernel 0.003, Train_accy 72.84
2025-06-27 06:56:44,886 [icarl.py] => Task 12, Epoch 21/200 => Loss 3.148, Loss_clf 0.929, Loss_kd 2.216, Loss_kernel 0.003, Train_accy 72.69, Test_accy {'Art': 11.64, 'Clipart': 25.08, 'Real World': 24.16, 'Product': 41.86}
2025-06-27 06:57:00,052 [icarl.py] => Task 12, Epoch 22/200 => Loss 3.033, Loss_clf 0.869, Loss_kd 2.161, Loss_kernel 0.003, Train_accy 74.75
2025-06-27 06:57:14,503 [icarl.py] => Task 12, Epoch 23/200 => Loss 2.941, Loss_clf 0.802, Loss_kd 2.136, Loss_kernel 0.003, Train_accy 75.40
2025-06-27 06:57:30,010 [icarl.py] => Task 12, Epoch 24/200 => Loss 2.863, Loss_clf 0.757, Loss_kd 2.104, Loss_kernel 0.003, Train_accy 77.17
2025-06-27 06:57:45,796 [icarl.py] => Task 12, Epoch 25/200 => Loss 2.885, Loss_clf 0.773, Loss_kd 2.110, Loss_kernel 0.003, Train_accy 77.32
2025-06-27 06:58:20,449 [icarl.py] => Task 12, Epoch 26/200 => Loss 2.843, Loss_clf 0.730, Loss_kd 2.109, Loss_kernel 0.003, Train_accy 78.11, Test_accy {'Art': 14.2, 'Clipart': 29.9, 'Real World': 27.39, 'Product': 46.67}
2025-06-27 06:58:34,574 [icarl.py] => Task 12, Epoch 27/200 => Loss 2.751, Loss_clf 0.693, Loss_kd 2.055, Loss_kernel 0.003, Train_accy 80.29
2025-06-27 06:58:49,834 [icarl.py] => Task 12, Epoch 28/200 => Loss 2.799, Loss_clf 0.716, Loss_kd 2.081, Loss_kernel 0.003, Train_accy 79.02
2025-06-27 06:59:04,404 [icarl.py] => Task 12, Epoch 29/200 => Loss 2.827, Loss_clf 0.714, Loss_kd 2.111, Loss_kernel 0.003, Train_accy 78.70
2025-06-27 06:59:19,359 [icarl.py] => Task 12, Epoch 30/200 => Loss 2.819, Loss_clf 0.733, Loss_kd 2.084, Loss_kernel 0.003, Train_accy 79.61
2025-06-27 06:59:53,925 [icarl.py] => Task 12, Epoch 31/200 => Loss 2.658, Loss_clf 0.605, Loss_kd 2.051, Loss_kernel 0.003, Train_accy 82.33, Test_accy {'Art': 15.19, 'Clipart': 27.88, 'Real World': 27.51, 'Product': 48.74}
2025-06-27 07:00:09,626 [icarl.py] => Task 12, Epoch 32/200 => Loss 2.699, Loss_clf 0.654, Loss_kd 2.042, Loss_kernel 0.002, Train_accy 80.74
2025-06-27 07:00:24,342 [icarl.py] => Task 12, Epoch 33/200 => Loss 2.654, Loss_clf 0.606, Loss_kd 2.045, Loss_kernel 0.002, Train_accy 82.96
2025-06-27 07:00:37,573 [icarl.py] => Task 12, Epoch 34/200 => Loss 2.640, Loss_clf 0.608, Loss_kd 2.029, Loss_kernel 0.003, Train_accy 82.24
2025-06-27 07:00:52,226 [icarl.py] => Task 12, Epoch 35/200 => Loss 2.568, Loss_clf 0.571, Loss_kd 1.994, Loss_kernel 0.002, Train_accy 83.40
2025-06-27 07:01:27,319 [icarl.py] => Task 12, Epoch 36/200 => Loss 2.651, Loss_clf 0.626, Loss_kd 2.023, Loss_kernel 0.002, Train_accy 82.21, Test_accy {'Art': 14.6, 'Clipart': 27.1, 'Real World': 25.95, 'Product': 41.64}
2025-06-27 07:01:41,678 [icarl.py] => Task 12, Epoch 37/200 => Loss 2.508, Loss_clf 0.524, Loss_kd 1.982, Loss_kernel 0.002, Train_accy 84.13
2025-06-27 07:01:54,865 [icarl.py] => Task 12, Epoch 38/200 => Loss 2.481, Loss_clf 0.511, Loss_kd 1.967, Loss_kernel 0.002, Train_accy 84.96
2025-06-27 07:02:08,202 [icarl.py] => Task 12, Epoch 39/200 => Loss 2.448, Loss_clf 0.497, Loss_kd 1.948, Loss_kernel 0.002, Train_accy 85.37
2025-06-27 07:02:23,576 [icarl.py] => Task 12, Epoch 40/200 => Loss 2.505, Loss_clf 0.530, Loss_kd 1.973, Loss_kernel 0.002, Train_accy 84.01
2025-06-27 07:02:59,158 [icarl.py] => Task 12, Epoch 41/200 => Loss 2.553, Loss_clf 0.556, Loss_kd 1.995, Loss_kernel 0.002, Train_accy 83.87, Test_accy {'Art': 11.24, 'Clipart': 28.22, 'Real World': 26.28, 'Product': 40.11}
2025-06-27 07:03:13,172 [icarl.py] => Task 12, Epoch 42/200 => Loss 2.509, Loss_clf 0.516, Loss_kd 1.991, Loss_kernel 0.002, Train_accy 85.10
2025-06-27 07:03:28,541 [icarl.py] => Task 12, Epoch 43/200 => Loss 2.490, Loss_clf 0.526, Loss_kd 1.961, Loss_kernel 0.002, Train_accy 84.98
2025-06-27 07:03:42,013 [icarl.py] => Task 12, Epoch 44/200 => Loss 2.499, Loss_clf 0.508, Loss_kd 1.988, Loss_kernel 0.002, Train_accy 86.00
2025-06-27 07:03:56,367 [icarl.py] => Task 12, Epoch 45/200 => Loss 2.470, Loss_clf 0.495, Loss_kd 1.973, Loss_kernel 0.002, Train_accy 85.17
2025-06-27 07:04:29,147 [icarl.py] => Task 12, Epoch 46/200 => Loss 2.462, Loss_clf 0.508, Loss_kd 1.952, Loss_kernel 0.002, Train_accy 84.70, Test_accy {'Art': 14.2, 'Clipart': 27.66, 'Real World': 28.29, 'Product': 48.63}
2025-06-27 07:04:43,772 [icarl.py] => Task 12, Epoch 47/200 => Loss 2.546, Loss_clf 0.538, Loss_kd 2.006, Loss_kernel 0.002, Train_accy 84.95
2025-06-27 07:04:57,394 [icarl.py] => Task 12, Epoch 48/200 => Loss 2.451, Loss_clf 0.484, Loss_kd 1.965, Loss_kernel 0.002, Train_accy 84.74
2025-06-27 07:05:10,375 [icarl.py] => Task 12, Epoch 49/200 => Loss 2.438, Loss_clf 0.484, Loss_kd 1.952, Loss_kernel 0.002, Train_accy 86.25
2025-06-27 07:05:24,528 [icarl.py] => Task 12, Epoch 50/200 => Loss 2.408, Loss_clf 0.463, Loss_kd 1.943, Loss_kernel 0.002, Train_accy 85.51
2025-06-27 07:05:57,716 [icarl.py] => Task 12, Epoch 51/200 => Loss 2.430, Loss_clf 0.472, Loss_kd 1.956, Loss_kernel 0.002, Train_accy 87.16, Test_accy {'Art': 12.03, 'Clipart': 27.1, 'Real World': 25.5, 'Product': 46.78}
2025-06-27 07:06:12,573 [icarl.py] => Task 12, Epoch 52/200 => Loss 2.419, Loss_clf 0.463, Loss_kd 1.955, Loss_kernel 0.002, Train_accy 86.79
2025-06-27 07:06:26,061 [icarl.py] => Task 12, Epoch 53/200 => Loss 2.559, Loss_clf 0.545, Loss_kd 2.012, Loss_kernel 0.002, Train_accy 84.73
2025-06-27 07:06:40,189 [icarl.py] => Task 12, Epoch 54/200 => Loss 2.515, Loss_clf 0.526, Loss_kd 1.987, Loss_kernel 0.002, Train_accy 84.66
2025-06-27 07:06:55,876 [icarl.py] => Task 12, Epoch 55/200 => Loss 2.384, Loss_clf 0.464, Loss_kd 1.918, Loss_kernel 0.002, Train_accy 86.78
2025-06-27 07:07:31,504 [icarl.py] => Task 12, Epoch 56/200 => Loss 2.481, Loss_clf 0.495, Loss_kd 1.984, Loss_kernel 0.002, Train_accy 85.81, Test_accy {'Art': 14.79, 'Clipart': 24.41, 'Real World': 25.61, 'Product': 41.2}
2025-06-27 07:07:46,453 [icarl.py] => Task 12, Epoch 57/200 => Loss 2.452, Loss_clf 0.490, Loss_kd 1.960, Loss_kernel 0.002, Train_accy 86.53
2025-06-27 07:08:01,459 [icarl.py] => Task 12, Epoch 58/200 => Loss 2.492, Loss_clf 0.521, Loss_kd 1.968, Loss_kernel 0.002, Train_accy 85.17
2025-06-27 07:08:14,744 [icarl.py] => Task 12, Epoch 59/200 => Loss 2.496, Loss_clf 0.505, Loss_kd 1.988, Loss_kernel 0.002, Train_accy 85.69
2025-06-27 07:08:29,756 [icarl.py] => Task 12, Epoch 60/200 => Loss 2.493, Loss_clf 0.507, Loss_kd 1.984, Loss_kernel 0.002, Train_accy 85.38
2025-06-27 07:09:04,875 [icarl.py] => Task 12, Epoch 61/200 => Loss 2.483, Loss_clf 0.505, Loss_kd 1.976, Loss_kernel 0.002, Train_accy 85.44, Test_accy {'Art': 12.23, 'Clipart': 29.9, 'Real World': 27.51, 'Product': 45.68}
2025-06-27 07:09:19,102 [icarl.py] => Task 12, Epoch 62/200 => Loss 2.334, Loss_clf 0.421, Loss_kd 1.911, Loss_kernel 0.002, Train_accy 87.94
2025-06-27 07:09:33,174 [icarl.py] => Task 12, Epoch 63/200 => Loss 2.352, Loss_clf 0.432, Loss_kd 1.918, Loss_kernel 0.002, Train_accy 86.59
2025-06-27 07:09:48,168 [icarl.py] => Task 12, Epoch 64/200 => Loss 2.428, Loss_clf 0.457, Loss_kd 1.968, Loss_kernel 0.002, Train_accy 87.07
2025-06-27 07:10:00,953 [icarl.py] => Task 12, Epoch 65/200 => Loss 2.298, Loss_clf 0.388, Loss_kd 1.908, Loss_kernel 0.002, Train_accy 88.93
2025-06-27 07:10:35,326 [icarl.py] => Task 12, Epoch 66/200 => Loss 2.347, Loss_clf 0.413, Loss_kd 1.932, Loss_kernel 0.002, Train_accy 87.91, Test_accy {'Art': 14.99, 'Clipart': 31.47, 'Real World': 27.06, 'Product': 48.63}
2025-06-27 07:10:50,356 [icarl.py] => Task 12, Epoch 67/200 => Loss 2.321, Loss_clf 0.410, Loss_kd 1.909, Loss_kernel 0.002, Train_accy 86.90
2025-06-27 07:11:02,895 [icarl.py] => Task 12, Epoch 68/200 => Loss 2.324, Loss_clf 0.412, Loss_kd 1.910, Loss_kernel 0.002, Train_accy 88.22
2025-06-27 07:11:17,243 [icarl.py] => Task 12, Epoch 69/200 => Loss 2.325, Loss_clf 0.416, Loss_kd 1.907, Loss_kernel 0.002, Train_accy 88.11
2025-06-27 07:11:30,497 [icarl.py] => Task 12, Epoch 70/200 => Loss 2.292, Loss_clf 0.371, Loss_kd 1.919, Loss_kernel 0.002, Train_accy 88.81
2025-06-27 07:12:02,179 [icarl.py] => Task 12, Epoch 71/200 => Loss 2.284, Loss_clf 0.387, Loss_kd 1.896, Loss_kernel 0.002, Train_accy 88.69, Test_accy {'Art': 11.83, 'Clipart': 28.44, 'Real World': 28.95, 'Product': 50.16}
2025-06-27 07:12:17,610 [icarl.py] => Task 12, Epoch 72/200 => Loss 2.256, Loss_clf 0.379, Loss_kd 1.876, Loss_kernel 0.002, Train_accy 88.99
2025-06-27 07:12:31,252 [icarl.py] => Task 12, Epoch 73/200 => Loss 2.263, Loss_clf 0.364, Loss_kd 1.898, Loss_kernel 0.002, Train_accy 89.78
2025-06-27 07:12:45,689 [icarl.py] => Task 12, Epoch 74/200 => Loss 2.206, Loss_clf 0.343, Loss_kd 1.861, Loss_kernel 0.002, Train_accy 90.07
2025-06-27 07:12:57,432 [icarl.py] => Task 12, Epoch 75/200 => Loss 2.180, Loss_clf 0.331, Loss_kd 1.848, Loss_kernel 0.002, Train_accy 89.84
2025-06-27 07:13:31,744 [icarl.py] => Task 12, Epoch 76/200 => Loss 2.190, Loss_clf 0.316, Loss_kd 1.872, Loss_kernel 0.002, Train_accy 90.57, Test_accy {'Art': 14.6, 'Clipart': 29.68, 'Real World': 29.84, 'Product': 51.8}
2025-06-27 07:13:46,235 [icarl.py] => Task 12, Epoch 77/200 => Loss 2.217, Loss_clf 0.342, Loss_kd 1.873, Loss_kernel 0.002, Train_accy 90.21
2025-06-27 07:14:00,458 [icarl.py] => Task 12, Epoch 78/200 => Loss 2.161, Loss_clf 0.314, Loss_kd 1.846, Loss_kernel 0.002, Train_accy 91.38
2025-06-27 07:14:14,916 [icarl.py] => Task 12, Epoch 79/200 => Loss 2.186, Loss_clf 0.327, Loss_kd 1.858, Loss_kernel 0.002, Train_accy 90.13
2025-06-27 07:14:29,286 [icarl.py] => Task 12, Epoch 80/200 => Loss 2.157, Loss_clf 0.316, Loss_kd 1.839, Loss_kernel 0.002, Train_accy 90.69
2025-06-27 07:15:02,897 [icarl.py] => Task 12, Epoch 81/200 => Loss 2.164, Loss_clf 0.325, Loss_kd 1.838, Loss_kernel 0.002, Train_accy 90.55, Test_accy {'Art': 14.0, 'Clipart': 30.12, 'Real World': 28.17, 'Product': 52.13}
2025-06-27 07:15:16,256 [icarl.py] => Task 12, Epoch 82/200 => Loss 2.208, Loss_clf 0.329, Loss_kd 1.877, Loss_kernel 0.001, Train_accy 90.61
2025-06-27 07:15:29,585 [icarl.py] => Task 12, Epoch 83/200 => Loss 2.142, Loss_clf 0.292, Loss_kd 1.849, Loss_kernel 0.001, Train_accy 91.25
2025-06-27 07:15:43,748 [icarl.py] => Task 12, Epoch 84/200 => Loss 2.222, Loss_clf 0.337, Loss_kd 1.883, Loss_kernel 0.002, Train_accy 90.15
2025-06-27 07:15:57,423 [icarl.py] => Task 12, Epoch 85/200 => Loss 2.195, Loss_clf 0.333, Loss_kd 1.860, Loss_kernel 0.002, Train_accy 89.97
2025-06-27 07:16:30,376 [icarl.py] => Task 12, Epoch 86/200 => Loss 2.130, Loss_clf 0.291, Loss_kd 1.838, Loss_kernel 0.001, Train_accy 91.60, Test_accy {'Art': 13.81, 'Clipart': 31.13, 'Real World': 30.62, 'Product': 52.9}
2025-06-27 07:16:43,447 [icarl.py] => Task 12, Epoch 87/200 => Loss 2.173, Loss_clf 0.308, Loss_kd 1.864, Loss_kernel 0.001, Train_accy 91.13
2025-06-27 07:16:56,380 [icarl.py] => Task 12, Epoch 88/200 => Loss 2.085, Loss_clf 0.287, Loss_kd 1.797, Loss_kernel 0.001, Train_accy 91.55
2025-06-27 07:17:08,893 [icarl.py] => Task 12, Epoch 89/200 => Loss 2.143, Loss_clf 0.299, Loss_kd 1.843, Loss_kernel 0.001, Train_accy 91.76
2025-06-27 07:17:21,060 [icarl.py] => Task 12, Epoch 90/200 => Loss 2.105, Loss_clf 0.273, Loss_kd 1.831, Loss_kernel 0.001, Train_accy 92.14
2025-06-27 07:17:55,707 [icarl.py] => Task 12, Epoch 91/200 => Loss 2.137, Loss_clf 0.299, Loss_kd 1.837, Loss_kernel 0.001, Train_accy 91.05, Test_accy {'Art': 13.81, 'Clipart': 29.9, 'Real World': 29.4, 'Product': 52.35}
2025-06-27 07:18:09,554 [icarl.py] => Task 12, Epoch 92/200 => Loss 2.112, Loss_clf 0.273, Loss_kd 1.838, Loss_kernel 0.001, Train_accy 92.46
2025-06-27 07:18:23,454 [icarl.py] => Task 12, Epoch 93/200 => Loss 2.077, Loss_clf 0.246, Loss_kd 1.830, Loss_kernel 0.001, Train_accy 93.30
2025-06-27 07:18:38,072 [icarl.py] => Task 12, Epoch 94/200 => Loss 2.069, Loss_clf 0.269, Loss_kd 1.798, Loss_kernel 0.001, Train_accy 91.86
2025-06-27 07:18:52,832 [icarl.py] => Task 12, Epoch 95/200 => Loss 2.145, Loss_clf 0.303, Loss_kd 1.841, Loss_kernel 0.001, Train_accy 91.20
2025-06-27 07:19:25,276 [icarl.py] => Task 12, Epoch 96/200 => Loss 2.078, Loss_clf 0.255, Loss_kd 1.821, Loss_kernel 0.001, Train_accy 93.50, Test_accy {'Art': 14.6, 'Clipart': 31.69, 'Real World': 27.73, 'Product': 49.95}
2025-06-27 07:19:38,235 [icarl.py] => Task 12, Epoch 97/200 => Loss 2.063, Loss_clf 0.252, Loss_kd 1.810, Loss_kernel 0.001, Train_accy 93.32
2025-06-27 07:19:50,314 [icarl.py] => Task 12, Epoch 98/200 => Loss 2.036, Loss_clf 0.247, Loss_kd 1.788, Loss_kernel 0.001, Train_accy 92.99
2025-06-27 07:20:03,816 [icarl.py] => Task 12, Epoch 99/200 => Loss 2.110, Loss_clf 0.280, Loss_kd 1.829, Loss_kernel 0.001, Train_accy 92.26
2025-06-27 07:20:15,925 [icarl.py] => Task 12, Epoch 100/200 => Loss 2.100, Loss_clf 0.281, Loss_kd 1.818, Loss_kernel 0.001, Train_accy 92.13
2025-06-27 07:20:50,279 [icarl.py] => Task 12, Epoch 101/200 => Loss 2.091, Loss_clf 0.275, Loss_kd 1.815, Loss_kernel 0.001, Train_accy 92.04, Test_accy {'Art': 13.81, 'Clipart': 33.93, 'Real World': 32.18, 'Product': 54.64}
2025-06-27 07:21:03,284 [icarl.py] => Task 12, Epoch 102/200 => Loss 2.058, Loss_clf 0.252, Loss_kd 1.805, Loss_kernel 0.001, Train_accy 92.41
2025-06-27 07:21:17,985 [icarl.py] => Task 12, Epoch 103/200 => Loss 2.063, Loss_clf 0.278, Loss_kd 1.784, Loss_kernel 0.001, Train_accy 92.26
2025-06-27 07:21:31,301 [icarl.py] => Task 12, Epoch 104/200 => Loss 2.048, Loss_clf 0.235, Loss_kd 1.812, Loss_kernel 0.001, Train_accy 92.85
2025-06-27 07:21:44,314 [icarl.py] => Task 12, Epoch 105/200 => Loss 2.001, Loss_clf 0.230, Loss_kd 1.771, Loss_kernel 0.001, Train_accy 93.18
2025-06-27 07:22:16,421 [icarl.py] => Task 12, Epoch 106/200 => Loss 1.949, Loss_clf 0.201, Loss_kd 1.747, Loss_kernel 0.001, Train_accy 94.28, Test_accy {'Art': 14.4, 'Clipart': 33.15, 'Real World': 29.62, 'Product': 52.57}
2025-06-27 07:22:29,343 [icarl.py] => Task 12, Epoch 107/200 => Loss 1.974, Loss_clf 0.205, Loss_kd 1.768, Loss_kernel 0.001, Train_accy 94.24
2025-06-27 07:22:42,114 [icarl.py] => Task 12, Epoch 108/200 => Loss 2.056, Loss_clf 0.246, Loss_kd 1.809, Loss_kernel 0.001, Train_accy 92.94
2025-06-27 07:22:56,055 [icarl.py] => Task 12, Epoch 109/200 => Loss 2.016, Loss_clf 0.240, Loss_kd 1.775, Loss_kernel 0.001, Train_accy 92.69
2025-06-27 07:23:08,872 [icarl.py] => Task 12, Epoch 110/200 => Loss 1.946, Loss_clf 0.192, Loss_kd 1.753, Loss_kernel 0.001, Train_accy 94.92
2025-06-27 07:23:41,618 [icarl.py] => Task 12, Epoch 111/200 => Loss 2.014, Loss_clf 0.224, Loss_kd 1.790, Loss_kernel 0.001, Train_accy 93.95, Test_accy {'Art': 13.81, 'Clipart': 31.91, 'Real World': 30.07, 'Product': 53.33}
2025-06-27 07:23:53,223 [icarl.py] => Task 12, Epoch 112/200 => Loss 1.942, Loss_clf 0.191, Loss_kd 1.751, Loss_kernel 0.001, Train_accy 94.52
2025-06-27 07:24:04,692 [icarl.py] => Task 12, Epoch 113/200 => Loss 1.941, Loss_clf 0.189, Loss_kd 1.751, Loss_kernel 0.001, Train_accy 94.91
2025-06-27 07:24:18,114 [icarl.py] => Task 12, Epoch 114/200 => Loss 1.957, Loss_clf 0.193, Loss_kd 1.764, Loss_kernel 0.001, Train_accy 94.79
2025-06-27 07:24:32,134 [icarl.py] => Task 12, Epoch 115/200 => Loss 1.928, Loss_clf 0.186, Loss_kd 1.741, Loss_kernel 0.001, Train_accy 94.17
2025-06-27 07:25:06,673 [icarl.py] => Task 12, Epoch 116/200 => Loss 1.973, Loss_clf 0.222, Loss_kd 1.750, Loss_kernel 0.001, Train_accy 94.00, Test_accy {'Art': 14.6, 'Clipart': 32.36, 'Real World': 30.18, 'Product': 55.3}
2025-06-27 07:25:18,489 [icarl.py] => Task 12, Epoch 117/200 => Loss 1.964, Loss_clf 0.194, Loss_kd 1.769, Loss_kernel 0.001, Train_accy 94.33
2025-06-27 07:25:30,177 [icarl.py] => Task 12, Epoch 118/200 => Loss 1.951, Loss_clf 0.190, Loss_kd 1.759, Loss_kernel 0.001, Train_accy 94.66
2025-06-27 07:25:42,336 [icarl.py] => Task 12, Epoch 119/200 => Loss 1.944, Loss_clf 0.203, Loss_kd 1.740, Loss_kernel 0.001, Train_accy 94.42
2025-06-27 07:25:56,583 [icarl.py] => Task 12, Epoch 120/200 => Loss 1.913, Loss_clf 0.174, Loss_kd 1.738, Loss_kernel 0.001, Train_accy 95.20
2025-06-27 07:26:28,639 [icarl.py] => Task 12, Epoch 121/200 => Loss 1.908, Loss_clf 0.155, Loss_kd 1.753, Loss_kernel 0.001, Train_accy 95.95, Test_accy {'Art': 13.02, 'Clipart': 33.15, 'Real World': 31.63, 'Product': 55.85}
2025-06-27 07:26:41,287 [icarl.py] => Task 12, Epoch 122/200 => Loss 1.953, Loss_clf 0.194, Loss_kd 1.759, Loss_kernel 0.001, Train_accy 94.68
2025-06-27 07:26:56,006 [icarl.py] => Task 12, Epoch 123/200 => Loss 1.969, Loss_clf 0.187, Loss_kd 1.781, Loss_kernel 0.001, Train_accy 95.30
2025-06-27 07:27:08,708 [icarl.py] => Task 12, Epoch 124/200 => Loss 1.936, Loss_clf 0.180, Loss_kd 1.755, Loss_kernel 0.001, Train_accy 94.84
2025-06-27 07:27:20,885 [icarl.py] => Task 12, Epoch 125/200 => Loss 1.889, Loss_clf 0.163, Loss_kd 1.724, Loss_kernel 0.001, Train_accy 95.06
2025-06-27 07:27:52,323 [icarl.py] => Task 12, Epoch 126/200 => Loss 1.887, Loss_clf 0.151, Loss_kd 1.735, Loss_kernel 0.001, Train_accy 96.04, Test_accy {'Art': 14.79, 'Clipart': 31.47, 'Real World': 31.18, 'Product': 54.64}
2025-06-27 07:28:05,468 [icarl.py] => Task 12, Epoch 127/200 => Loss 1.929, Loss_clf 0.168, Loss_kd 1.760, Loss_kernel 0.001, Train_accy 95.22
2025-06-27 07:28:19,770 [icarl.py] => Task 12, Epoch 128/200 => Loss 1.920, Loss_clf 0.170, Loss_kd 1.749, Loss_kernel 0.001, Train_accy 94.87
2025-06-27 07:28:30,695 [icarl.py] => Task 12, Epoch 129/200 => Loss 1.863, Loss_clf 0.138, Loss_kd 1.724, Loss_kernel 0.001, Train_accy 96.31
2025-06-27 07:28:43,970 [icarl.py] => Task 12, Epoch 130/200 => Loss 1.893, Loss_clf 0.174, Loss_kd 1.718, Loss_kernel 0.001, Train_accy 95.17
2025-06-27 07:29:17,704 [icarl.py] => Task 12, Epoch 131/200 => Loss 1.921, Loss_clf 0.177, Loss_kd 1.744, Loss_kernel 0.001, Train_accy 95.23, Test_accy {'Art': 12.82, 'Clipart': 33.71, 'Real World': 30.96, 'Product': 57.7}
2025-06-27 07:29:31,026 [icarl.py] => Task 12, Epoch 132/200 => Loss 1.908, Loss_clf 0.169, Loss_kd 1.739, Loss_kernel 0.001, Train_accy 95.24
2025-06-27 07:29:43,067 [icarl.py] => Task 12, Epoch 133/200 => Loss 1.926, Loss_clf 0.164, Loss_kd 1.761, Loss_kernel 0.001, Train_accy 95.73
2025-06-27 07:29:57,162 [icarl.py] => Task 12, Epoch 134/200 => Loss 1.905, Loss_clf 0.159, Loss_kd 1.745, Loss_kernel 0.001, Train_accy 95.23
2025-06-27 07:30:08,927 [icarl.py] => Task 12, Epoch 135/200 => Loss 1.848, Loss_clf 0.151, Loss_kd 1.696, Loss_kernel 0.001, Train_accy 95.88
2025-06-27 07:30:42,962 [icarl.py] => Task 12, Epoch 136/200 => Loss 1.898, Loss_clf 0.174, Loss_kd 1.723, Loss_kernel 0.001, Train_accy 95.04, Test_accy {'Art': 14.4, 'Clipart': 33.26, 'Real World': 31.74, 'Product': 56.5}
2025-06-27 07:30:54,785 [icarl.py] => Task 12, Epoch 137/200 => Loss 1.857, Loss_clf 0.142, Loss_kd 1.715, Loss_kernel 0.001, Train_accy 95.93
2025-06-27 07:31:07,330 [icarl.py] => Task 12, Epoch 138/200 => Loss 1.883, Loss_clf 0.149, Loss_kd 1.733, Loss_kernel 0.001, Train_accy 95.94
2025-06-27 07:31:19,091 [icarl.py] => Task 12, Epoch 139/200 => Loss 1.849, Loss_clf 0.132, Loss_kd 1.716, Loss_kernel 0.001, Train_accy 96.61
2025-06-27 07:31:31,234 [icarl.py] => Task 12, Epoch 140/200 => Loss 1.848, Loss_clf 0.129, Loss_kd 1.719, Loss_kernel 0.001, Train_accy 96.27
2025-06-27 07:32:03,042 [icarl.py] => Task 12, Epoch 141/200 => Loss 1.823, Loss_clf 0.125, Loss_kd 1.697, Loss_kernel 0.001, Train_accy 96.37, Test_accy {'Art': 13.61, 'Clipart': 32.47, 'Real World': 33.63, 'Product': 57.92}
2025-06-27 07:32:16,949 [icarl.py] => Task 12, Epoch 142/200 => Loss 1.862, Loss_clf 0.130, Loss_kd 1.732, Loss_kernel 0.001, Train_accy 96.29
2025-06-27 07:32:29,523 [icarl.py] => Task 12, Epoch 143/200 => Loss 1.894, Loss_clf 0.166, Loss_kd 1.727, Loss_kernel 0.001, Train_accy 95.31
2025-06-27 07:32:42,365 [icarl.py] => Task 12, Epoch 144/200 => Loss 1.833, Loss_clf 0.123, Loss_kd 1.709, Loss_kernel 0.001, Train_accy 96.53
2025-06-27 07:32:53,173 [icarl.py] => Task 12, Epoch 145/200 => Loss 1.838, Loss_clf 0.135, Loss_kd 1.703, Loss_kernel 0.001, Train_accy 96.31
2025-06-27 07:33:24,306 [icarl.py] => Task 12, Epoch 146/200 => Loss 1.845, Loss_clf 0.131, Loss_kd 1.714, Loss_kernel 0.001, Train_accy 96.48, Test_accy {'Art': 14.4, 'Clipart': 33.59, 'Real World': 32.52, 'Product': 57.7}
2025-06-27 07:33:36,589 [icarl.py] => Task 12, Epoch 147/200 => Loss 1.836, Loss_clf 0.133, Loss_kd 1.702, Loss_kernel 0.001, Train_accy 96.57
2025-06-27 07:33:48,986 [icarl.py] => Task 12, Epoch 148/200 => Loss 1.854, Loss_clf 0.143, Loss_kd 1.710, Loss_kernel 0.001, Train_accy 95.99
2025-06-27 07:34:00,250 [icarl.py] => Task 12, Epoch 149/200 => Loss 1.837, Loss_clf 0.114, Loss_kd 1.723, Loss_kernel 0.001, Train_accy 96.95
2025-06-27 07:34:12,467 [icarl.py] => Task 12, Epoch 150/200 => Loss 1.823, Loss_clf 0.128, Loss_kd 1.694, Loss_kernel 0.001, Train_accy 96.62
2025-06-27 07:34:44,753 [icarl.py] => Task 12, Epoch 151/200 => Loss 1.838, Loss_clf 0.127, Loss_kd 1.710, Loss_kernel 0.001, Train_accy 96.37, Test_accy {'Art': 13.21, 'Clipart': 33.82, 'Real World': 31.85, 'Product': 56.83}
2025-06-27 07:34:57,389 [icarl.py] => Task 12, Epoch 152/200 => Loss 1.815, Loss_clf 0.121, Loss_kd 1.693, Loss_kernel 0.001, Train_accy 96.63
2025-06-27 07:35:08,398 [icarl.py] => Task 12, Epoch 153/200 => Loss 1.835, Loss_clf 0.120, Loss_kd 1.715, Loss_kernel 0.001, Train_accy 96.81
2025-06-27 07:35:19,781 [icarl.py] => Task 12, Epoch 154/200 => Loss 1.808, Loss_clf 0.114, Loss_kd 1.693, Loss_kernel 0.001, Train_accy 96.91
2025-06-27 07:35:31,878 [icarl.py] => Task 12, Epoch 155/200 => Loss 1.810, Loss_clf 0.115, Loss_kd 1.694, Loss_kernel 0.001, Train_accy 97.11
2025-06-27 07:36:03,386 [icarl.py] => Task 12, Epoch 156/200 => Loss 1.837, Loss_clf 0.128, Loss_kd 1.708, Loss_kernel 0.001, Train_accy 96.37, Test_accy {'Art': 13.41, 'Clipart': 32.92, 'Real World': 33.07, 'Product': 57.6}
2025-06-27 07:36:14,185 [icarl.py] => Task 12, Epoch 157/200 => Loss 1.805, Loss_clf 0.115, Loss_kd 1.689, Loss_kernel 0.001, Train_accy 96.95
2025-06-27 07:36:25,860 [icarl.py] => Task 12, Epoch 158/200 => Loss 1.810, Loss_clf 0.118, Loss_kd 1.692, Loss_kernel 0.001, Train_accy 96.95
2025-06-27 07:36:36,648 [icarl.py] => Task 12, Epoch 159/200 => Loss 1.838, Loss_clf 0.137, Loss_kd 1.701, Loss_kernel 0.001, Train_accy 96.21
2025-06-27 07:36:48,411 [icarl.py] => Task 12, Epoch 160/200 => Loss 1.801, Loss_clf 0.109, Loss_kd 1.692, Loss_kernel 0.001, Train_accy 97.11
2025-06-27 07:37:18,638 [icarl.py] => Task 12, Epoch 161/200 => Loss 1.791, Loss_clf 0.095, Loss_kd 1.695, Loss_kernel 0.001, Train_accy 97.68, Test_accy {'Art': 13.21, 'Clipart': 33.48, 'Real World': 32.41, 'Product': 58.58}
2025-06-27 07:37:30,683 [icarl.py] => Task 12, Epoch 162/200 => Loss 1.821, Loss_clf 0.108, Loss_kd 1.712, Loss_kernel 0.001, Train_accy 97.01
2025-06-27 07:37:42,749 [icarl.py] => Task 12, Epoch 163/200 => Loss 1.819, Loss_clf 0.119, Loss_kd 1.699, Loss_kernel 0.001, Train_accy 96.82
2025-06-27 07:37:53,679 [icarl.py] => Task 12, Epoch 164/200 => Loss 1.799, Loss_clf 0.094, Loss_kd 1.704, Loss_kernel 0.001, Train_accy 97.58
2025-06-27 07:38:04,899 [icarl.py] => Task 12, Epoch 165/200 => Loss 1.780, Loss_clf 0.115, Loss_kd 1.664, Loss_kernel 0.001, Train_accy 97.01
2025-06-27 07:38:36,900 [icarl.py] => Task 12, Epoch 166/200 => Loss 1.833, Loss_clf 0.123, Loss_kd 1.710, Loss_kernel 0.001, Train_accy 96.32, Test_accy {'Art': 13.21, 'Clipart': 33.93, 'Real World': 31.4, 'Product': 58.03}
2025-06-27 07:38:48,258 [icarl.py] => Task 12, Epoch 167/200 => Loss 1.799, Loss_clf 0.112, Loss_kd 1.687, Loss_kernel 0.001, Train_accy 97.50
2025-06-27 07:38:59,392 [icarl.py] => Task 12, Epoch 168/200 => Loss 1.799, Loss_clf 0.103, Loss_kd 1.695, Loss_kernel 0.001, Train_accy 97.58
2025-06-27 07:39:11,578 [icarl.py] => Task 12, Epoch 169/200 => Loss 1.811, Loss_clf 0.118, Loss_kd 1.692, Loss_kernel 0.001, Train_accy 97.03
2025-06-27 07:39:22,969 [icarl.py] => Task 12, Epoch 170/200 => Loss 1.784, Loss_clf 0.098, Loss_kd 1.685, Loss_kernel 0.001, Train_accy 97.54
2025-06-27 07:39:53,958 [icarl.py] => Task 12, Epoch 171/200 => Loss 1.773, Loss_clf 0.102, Loss_kd 1.671, Loss_kernel 0.001, Train_accy 97.64, Test_accy {'Art': 14.0, 'Clipart': 34.49, 'Real World': 32.29, 'Product': 57.7}
2025-06-27 07:40:05,672 [icarl.py] => Task 12, Epoch 172/200 => Loss 1.785, Loss_clf 0.099, Loss_kd 1.685, Loss_kernel 0.001, Train_accy 97.45
2025-06-27 07:40:16,983 [icarl.py] => Task 12, Epoch 173/200 => Loss 1.821, Loss_clf 0.121, Loss_kd 1.700, Loss_kernel 0.001, Train_accy 96.76
2025-06-27 07:40:28,429 [icarl.py] => Task 12, Epoch 174/200 => Loss 1.748, Loss_clf 0.093, Loss_kd 1.654, Loss_kernel 0.001, Train_accy 97.70
2025-06-27 07:40:39,170 [icarl.py] => Task 12, Epoch 175/200 => Loss 1.802, Loss_clf 0.116, Loss_kd 1.686, Loss_kernel 0.001, Train_accy 96.90
2025-06-27 07:41:10,399 [icarl.py] => Task 12, Epoch 176/200 => Loss 1.770, Loss_clf 0.097, Loss_kd 1.673, Loss_kernel 0.001, Train_accy 97.69, Test_accy {'Art': 13.61, 'Clipart': 32.81, 'Real World': 33.18, 'Product': 58.14}
2025-06-27 07:41:21,883 [icarl.py] => Task 12, Epoch 177/200 => Loss 1.799, Loss_clf 0.109, Loss_kd 1.690, Loss_kernel 0.001, Train_accy 97.25
2025-06-27 07:41:32,869 [icarl.py] => Task 12, Epoch 178/200 => Loss 1.735, Loss_clf 0.075, Loss_kd 1.660, Loss_kernel 0.001, Train_accy 98.22
2025-06-27 07:41:43,871 [icarl.py] => Task 12, Epoch 179/200 => Loss 1.796, Loss_clf 0.096, Loss_kd 1.700, Loss_kernel 0.001, Train_accy 97.54
2025-06-27 07:41:54,441 [icarl.py] => Task 12, Epoch 180/200 => Loss 1.761, Loss_clf 0.082, Loss_kd 1.678, Loss_kernel 0.001, Train_accy 97.92
2025-06-27 07:42:24,304 [icarl.py] => Task 12, Epoch 181/200 => Loss 1.764, Loss_clf 0.091, Loss_kd 1.672, Loss_kernel 0.001, Train_accy 97.53, Test_accy {'Art': 13.21, 'Clipart': 33.93, 'Real World': 32.41, 'Product': 58.47}
2025-06-27 07:42:36,550 [icarl.py] => Task 12, Epoch 182/200 => Loss 1.781, Loss_clf 0.098, Loss_kd 1.683, Loss_kernel 0.001, Train_accy 97.74
2025-06-27 07:42:47,435 [icarl.py] => Task 12, Epoch 183/200 => Loss 1.763, Loss_clf 0.078, Loss_kd 1.684, Loss_kernel 0.001, Train_accy 98.02
2025-06-27 07:42:58,706 [icarl.py] => Task 12, Epoch 184/200 => Loss 1.781, Loss_clf 0.088, Loss_kd 1.692, Loss_kernel 0.001, Train_accy 97.49
2025-06-27 07:43:09,603 [icarl.py] => Task 12, Epoch 185/200 => Loss 1.753, Loss_clf 0.089, Loss_kd 1.664, Loss_kernel 0.001, Train_accy 97.83
2025-06-27 07:43:40,140 [icarl.py] => Task 12, Epoch 186/200 => Loss 1.776, Loss_clf 0.092, Loss_kd 1.684, Loss_kernel 0.001, Train_accy 97.73, Test_accy {'Art': 14.2, 'Clipart': 33.37, 'Real World': 33.18, 'Product': 58.58}
2025-06-27 07:43:50,725 [icarl.py] => Task 12, Epoch 187/200 => Loss 1.771, Loss_clf 0.112, Loss_kd 1.658, Loss_kernel 0.001, Train_accy 97.23
2025-06-27 07:44:01,213 [icarl.py] => Task 12, Epoch 188/200 => Loss 1.774, Loss_clf 0.090, Loss_kd 1.683, Loss_kernel 0.001, Train_accy 97.73
2025-06-27 07:44:13,060 [icarl.py] => Task 12, Epoch 189/200 => Loss 1.765, Loss_clf 0.092, Loss_kd 1.673, Loss_kernel 0.001, Train_accy 97.69
2025-06-27 07:44:24,548 [icarl.py] => Task 12, Epoch 190/200 => Loss 1.756, Loss_clf 0.093, Loss_kd 1.662, Loss_kernel 0.001, Train_accy 97.64
2025-06-27 07:44:55,597 [icarl.py] => Task 12, Epoch 191/200 => Loss 1.811, Loss_clf 0.112, Loss_kd 1.698, Loss_kernel 0.001, Train_accy 97.34, Test_accy {'Art': 13.21, 'Clipart': 33.37, 'Real World': 33.63, 'Product': 58.47}
2025-06-27 07:45:07,355 [icarl.py] => Task 12, Epoch 192/200 => Loss 1.831, Loss_clf 0.117, Loss_kd 1.714, Loss_kernel 0.001, Train_accy 96.81
2025-06-27 07:45:18,379 [icarl.py] => Task 12, Epoch 193/200 => Loss 1.717, Loss_clf 0.069, Loss_kd 1.647, Loss_kernel 0.001, Train_accy 98.27
2025-06-27 07:45:29,189 [icarl.py] => Task 12, Epoch 194/200 => Loss 1.769, Loss_clf 0.097, Loss_kd 1.671, Loss_kernel 0.001, Train_accy 97.73
2025-06-27 07:45:40,677 [icarl.py] => Task 12, Epoch 195/200 => Loss 1.774, Loss_clf 0.096, Loss_kd 1.678, Loss_kernel 0.001, Train_accy 97.79
2025-06-27 07:46:10,615 [icarl.py] => Task 12, Epoch 196/200 => Loss 1.741, Loss_clf 0.080, Loss_kd 1.660, Loss_kernel 0.001, Train_accy 97.97, Test_accy {'Art': 13.41, 'Clipart': 33.15, 'Real World': 33.07, 'Product': 58.25}
2025-06-27 07:46:21,146 [icarl.py] => Task 12, Epoch 197/200 => Loss 1.738, Loss_clf 0.073, Loss_kd 1.664, Loss_kernel 0.001, Train_accy 98.61
2025-06-27 07:46:31,575 [icarl.py] => Task 12, Epoch 198/200 => Loss 1.755, Loss_clf 0.097, Loss_kd 1.658, Loss_kernel 0.001, Train_accy 97.43
2025-06-27 07:46:42,034 [icarl.py] => Task 12, Epoch 199/200 => Loss 1.760, Loss_clf 0.086, Loss_kd 1.673, Loss_kernel 0.001, Train_accy 97.63
2025-06-27 07:46:53,394 [icarl.py] => Task 12, Epoch 200/200 => Loss 1.773, Loss_clf 0.092, Loss_kd 1.680, Loss_kernel 0.001, Train_accy 98.08
2025-06-27 07:46:53,396 [base.py] => Reducing exemplars...(20 per classes)
2025-06-27 07:47:29,196 [base.py] => Constructing exemplars...(20 per classes)
2025-06-27 07:48:18,631 [icarl.py] => Exemplar size: 1300
2025-06-27 07:48:19,832 [trainer.py] => CNN [Art]: {'total': 14.4, '00-04': 42.11, '05-09': 11.76, '10-14': 13.51, '15-19': 22.22, '20-24': 5.26, '25-29': 11.76, '30-34': 10.91, '35-39': 2.44, '40-44': 7.89, '45-49': 8.0, '50-54': 20.41, '55-59': 12.2, '60-64': 28.0, 'old': 13.69, 'new': 28.0}
2025-06-27 07:48:19,833 [trainer.py] => NME [Art]: {'total': 14.2, '00-04': 39.47, '05-09': 5.88, '10-14': 13.51, '15-19': 18.52, '20-24': 0.0, '25-29': 8.82, '30-34': 10.91, '35-39': 2.44, '40-44': 7.89, '45-49': 14.0, '50-54': 26.53, '55-59': 17.07, '60-64': 20.0, 'old': 13.9, 'new': 20.0}
2025-06-27 07:48:19,833 [trainer.py] => CNN [Art] top1 curve: [57.89, 43.06, 35.78, 35.29, 29.89, 25.48, 23.95, 21.71, 21.35, 15.56, 17.91, 15.98, 14.4]
2025-06-27 07:48:19,833 [trainer.py] => CNN [Art] top5 curve: [97.37, 81.94, 66.06, 59.56, 48.85, 40.87, 42.21, 42.11, 33.92, 33.93, 34.01, 33.82, 31.76]
2025-06-27 07:48:19,834 [trainer.py] => NME [Art] top1 curve: [63.16, 54.17, 40.37, 39.71, 29.31, 25.96, 23.95, 21.05, 19.01, 14.8, 18.59, 15.15, 14.2]
2025-06-27 07:48:19,834 [trainer.py] => NME [Art] top5 curve: [100.0, 87.5, 80.73, 68.38, 55.75, 48.56, 51.33, 44.74, 40.64, 36.99, 37.64, 34.85, 33.14]
2025-06-27 07:48:19,834 [trainer.py] => Average Accuracy [Art] (CNN): 27.557692307692307
2025-06-27 07:48:19,834 [trainer.py] => Average Accuracy [Art] (NME): 29.186923076923076
2025-06-27 07:48:19,834 [trainer.py] => CNN [Clipart]: {'total': 32.47, '00-04': 44.87, '05-09': 33.87, '10-14': 34.85, '15-19': 39.62, '20-24': 22.47, '25-29': 12.9, '30-34': 25.0, '35-39': 27.87, '40-44': 25.76, '45-49': 20.31, '50-54': 41.05, '55-59': 29.69, '60-64': 59.42, 'old': 30.22, 'new': 59.42}
2025-06-27 07:48:19,834 [trainer.py] => NME [Clipart]: {'total': 34.6, '00-04': 41.03, '05-09': 38.71, '10-14': 37.88, '15-19': 35.85, '20-24': 25.84, '25-29': 19.35, '30-34': 28.12, '35-39': 31.15, '40-44': 40.91, '45-49': 31.25, '50-54': 41.05, '55-59': 29.69, '60-64': 46.38, 'old': 33.62, 'new': 46.38}
2025-06-27 07:48:19,834 [trainer.py] => CNN [Clipart] top1 curve: [75.64, 67.86, 65.05, 66.8, 57.47, 53.41, 48.95, 43.74, 44.09, 40.75, 39.74, 35.8, 32.47]
2025-06-27 07:48:19,834 [trainer.py] => CNN [Clipart] top5 curve: [98.72, 94.29, 87.86, 85.71, 82.76, 75.61, 74.26, 71.03, 69.55, 65.11, 68.29, 63.35, 60.02]
2025-06-27 07:48:19,835 [trainer.py] => NME [Clipart] top1 curve: [71.79, 70.71, 66.5, 65.64, 59.2, 54.39, 50.84, 46.92, 46.26, 42.26, 42.63, 38.35, 34.6]
2025-06-27 07:48:19,835 [trainer.py] => NME [Clipart] top5 curve: [100.0, 94.29, 85.92, 87.26, 82.18, 79.51, 75.53, 75.14, 70.05, 67.82, 69.47, 64.68, 62.15]
2025-06-27 07:48:19,835 [trainer.py] => Average Accuracy [Clipart] (CNN): 51.674615384615386
2025-06-27 07:48:19,835 [trainer.py] => Average Accuracy [Clipart] (NME): 53.08384615384615
2025-06-27 07:48:19,835 [trainer.py] => CNN [Product]: {'total': 58.8, '00-04': 69.41, '05-09': 62.5, '10-14': 74.19, '15-19': 53.25, '20-24': 44.26, '25-29': 56.96, '30-34': 53.73, '35-39': 39.39, '40-44': 55.71, '45-49': 52.11, '50-54': 46.15, '55-59': 63.79, '60-64': 87.84, 'old': 56.24, 'new': 87.84}
2025-06-27 07:48:19,835 [trainer.py] => NME [Product]: {'total': 57.6, '00-04': 65.88, '05-09': 63.75, '10-14': 74.19, '15-19': 54.55, '20-24': 49.18, '25-29': 55.7, '30-34': 49.25, '35-39': 43.94, '40-44': 54.29, '45-49': 52.11, '50-54': 43.08, '55-59': 68.97, '60-64': 71.62, 'old': 56.36, 'new': 71.62}
2025-06-27 07:48:19,836 [trainer.py] => CNN [Product] top1 curve: [85.88, 86.06, 87.67, 81.91, 75.89, 71.17, 68.88, 67.24, 65.84, 61.14, 59.0, 58.74, 58.8]
2025-06-27 07:48:19,836 [trainer.py] => CNN [Product] top5 curve: [100.0, 99.39, 98.24, 97.7, 92.05, 91.44, 89.43, 87.69, 86.4, 83.57, 83.52, 81.45, 80.33]
2025-06-27 07:48:19,836 [trainer.py] => NME [Product] top1 curve: [90.59, 87.88, 92.51, 84.87, 78.36, 76.13, 70.45, 70.54, 67.7, 63.37, 59.64, 60.64, 57.6]
2025-06-27 07:48:19,836 [trainer.py] => NME [Product] top5 curve: [100.0, 99.39, 99.12, 98.68, 95.07, 93.02, 91.78, 89.08, 88.87, 84.54, 84.8, 81.21, 80.66]
2025-06-27 07:48:19,836 [trainer.py] => Average Accuracy [Product] (CNN): 71.40153846153846
2025-06-27 07:48:19,836 [trainer.py] => Average Accuracy [Product] (NME): 73.86769230769231
2025-06-27 07:48:19,836 [trainer.py] => CNN [Real World]: {'total': 33.07, '00-04': 34.25, '05-09': 48.53, '10-14': 29.17, '15-19': 32.84, '20-24': 9.23, '25-29': 29.87, '30-34': 40.0, '35-39': 20.34, '40-44': 21.88, '45-49': 23.61, '50-54': 48.72, '55-59': 37.18, '60-64': 54.0, 'old': 31.84, 'new': 54.0}
2025-06-27 07:48:19,836 [trainer.py] => NME [Real World]: {'total': 33.85, '00-04': 35.62, '05-09': 48.53, '10-14': 30.56, '15-19': 23.88, '20-24': 12.31, '25-29': 31.17, '30-34': 42.67, '35-39': 25.42, '40-44': 23.44, '45-49': 25.0, '50-54': 51.28, '55-59': 42.31, '60-64': 44.0, 'old': 33.25, 'new': 44.0}
2025-06-27 07:48:19,837 [trainer.py] => CNN [Real World] top1 curve: [71.23, 64.54, 58.22, 52.86, 48.7, 45.97, 43.66, 37.41, 37.9, 38.58, 38.44, 36.91, 33.07]
2025-06-27 07:48:19,837 [trainer.py] => CNN [Real World] top5 curve: [100.0, 92.2, 84.98, 76.07, 73.04, 72.99, 71.03, 64.93, 66.61, 62.57, 61.95, 58.84, 58.91]
2025-06-27 07:48:19,837 [trainer.py] => NME [Real World] top1 curve: [79.45, 70.21, 60.56, 56.43, 49.86, 50.0, 47.89, 40.29, 41.61, 39.16, 41.43, 38.56, 33.85]
2025-06-27 07:48:19,837 [trainer.py] => NME [Real World] top5 curve: [100.0, 96.45, 85.92, 82.5, 79.71, 79.62, 76.66, 69.96, 68.87, 65.32, 63.77, 62.62, 62.03]
2025-06-27 07:48:19,837 [trainer.py] => Average Accuracy [Real World] (CNN): 46.730000000000004
2025-06-27 07:48:19,837 [trainer.py] => Average Accuracy [Real World] (NME): 49.94615384615384
2025-06-27 07:48:19,837 [trainer.py] => NME Harmonic Mean : 21.2263
2025-06-27 07:48:19,837 [trainer.py] => NME Macro Mean : 35.0625
2025-06-27 07:48:19,837 [trainer.py] => CNN Harmonic Mean : 21.3740
2025-06-27 07:48:19,838 [trainer.py] => CNN Macro Mean : 34.6850
2025-06-27 07:48:19,839 [trainer.py] => Forgetting (CNN) [Art]: 12.735
2025-06-27 07:48:19,840 [trainer.py] => Forgetting (CNN) [Clipart]: 36.66166666666667
2025-06-27 07:48:19,841 [trainer.py] => Forgetting (CNN) [Product]: 23.790833333333335
2025-06-27 07:48:19,842 [trainer.py] => Forgetting (CNN) [Real World]: 24.474999999999998
2025-06-27 07:48:19,843 [trainer.py] => Forgetting (NME) [Art]: 14.706666666666669
2025-06-27 07:48:19,843 [trainer.py] => Forgetting (NME) [Clipart]: 30.352500000000003
2025-06-27 07:48:19,843 [trainer.py] => Forgetting (NME) [Product]: 22.628333333333334
2025-06-27 07:48:19,843 [trainer.py] => Forgetting (NME) [Real World]: 25.62166666666666
'5_art_art_top1':[57.89, 43.06, 35.78, 35.29, 29.89, 25.48, 23.95, 21.71, 21.35, 15.56, 17.91, 15.98, 14.4],
'5_art_art_top5':[97.37, 81.94, 66.06, 59.56, 48.85, 40.87, 42.21, 42.11, 33.92, 33.93, 34.01, 33.82, 31.76],
'5_art_clipart_top1':[75.64, 67.86, 65.05, 66.8, 57.47, 53.41, 48.95, 43.74, 44.09, 40.75, 39.74, 35.8, 32.47],
'5_art_clipart_top5':[98.72, 94.29, 87.86, 85.71, 82.76, 75.61, 74.26, 71.03, 69.55, 65.11, 68.29, 63.35, 60.02],
'5_art_product_top1':[85.88, 86.06, 87.67, 81.91, 75.89, 71.17, 68.88, 67.24, 65.84, 61.14, 59.0, 58.74, 58.8],
'5_art_product_top5':[100.0, 99.39, 98.24, 97.7, 92.05, 91.44, 89.43, 87.69, 86.4, 83.57, 83.52, 81.45, 80.33],
'5_art_real world_top1':[71.23, 64.54, 58.22, 52.86, 48.7, 45.97, 43.66, 37.41, 37.9, 38.58, 38.44, 36.91, 33.07],
'5_art_real world_top5':[100.0, 92.2, 84.98, 76.07, 73.04, 72.99, 71.03, 64.93, 66.61, 62.57, 61.95, 58.84, 58.91],
