2025-06-04 00:42:40,053 [trainer.py] => config: ./exps/icarl.json
2025-06-04 00:42:40,053 [trainer.py] => prefix: reproduce
2025-06-04 00:42:40,053 [trainer.py] => dataset: officehome
2025-06-04 00:42:40,053 [trainer.py] => device: [device(type='cuda', index=3)]
2025-06-04 00:42:40,053 [trainer.py] => topk: 5
2025-06-04 00:42:40,053 [trainer.py] => inter_refinement: True
2025-06-04 00:42:40,054 [trainer.py] => intra_refinement: True
2025-06-04 00:42:40,054 [trainer.py] => inter_ref_high: True
2025-06-04 00:42:40,054 [trainer.py] => intra_ref_high: True
2025-06-04 00:42:40,054 [trainer.py] => lamda_ref: 0.3
2025-06-04 00:42:40,054 [trainer.py] => kernel: True
2025-06-04 00:42:40,054 [trainer.py] => k_cosine: True
2025-06-04 00:42:40,054 [trainer.py] => k_tstd: True
2025-06-04 00:42:40,054 [trainer.py] => lamda_kernel: 0.01
2025-06-04 00:42:40,054 [trainer.py] => EPSILON: 1e-08
2025-06-04 00:42:40,054 [trainer.py] => batch_size: 64
2025-06-04 00:42:40,054 [trainer.py] => init_epoch: 200
2025-06-04 00:42:40,054 [trainer.py] => epochs: 200
2025-06-04 00:42:40,054 [trainer.py] => memory_size: 1300
2025-06-04 00:42:40,054 [trainer.py] => memory_per_class: 20
2025-06-04 00:42:40,054 [trainer.py] => learning_rate: 0.1
2025-06-04 00:42:40,054 [trainer.py] => init_weight_decay: 0.0005
2025-06-04 00:42:40,054 [trainer.py] => weight_decay: 0.0002
2025-06-04 00:42:40,054 [trainer.py] => T: 2
2025-06-04 00:42:40,054 [trainer.py] => num_workers: 2
2025-06-04 00:42:40,054 [trainer.py] => fixed_memory: False
2025-06-04 00:42:40,054 [trainer.py] => shuffle: True
2025-06-04 00:42:40,054 [trainer.py] => init_cls: 5
2025-06-04 00:42:40,054 [trainer.py] => increment: 5
2025-06-04 00:42:40,054 [trainer.py] => model_name: icarl
2025-06-04 00:42:40,054 [trainer.py] => convnet_type: resnet34
2025-06-04 00:42:40,054 [trainer.py] => seed: 1993
2025-06-04 00:42:40,054 [trainer.py] => source_domain: ['Art', 'Product', 'Real World']
2025-06-04 00:42:40,054 [trainer.py] => target_domain: Clipart
2025-06-04 00:42:40,054 [trainer.py] => resume: False
2025-06-04 00:42:40,104 [data_manager.py] => [22, 56, 44, 45, 13, 8, 23, 54, 35, 52, 34, 61, 16, 6, 55, 20, 14, 38, 17, 63, 42, 10, 59, 43, 24, 2, 62, 21, 1, 15, 0, 37, 53, 27, 18, 46, 12, 25, 40, 30, 19, 47, 26, 36, 7, 28, 11, 5, 32, 41, 50, 4, 51, 58, 9, 60, 39, 31, 48, 3, 29, 64, 49, 57, 33]
2025-06-04 00:42:43,143 [trainer.py] => Training from scratch
2025-06-04 00:42:43,144 [trainer.py] => All params: 21284672
2025-06-04 00:42:43,144 [trainer.py] => Trainable params: 21284672
2025-06-04 00:42:43,144 [icarl.py] => Learning on 0-5
2025-06-04 00:42:56,356 [icarl.py] => Task 0, Epoch 1/200 => Loss 6.453, Loss_clf 6.453, Train_accy 15.10, Test_accy {'Art': 47.37, 'Clipart': 25.64, 'Real World': 20.55, 'Product': 22.35}
2025-06-04 00:43:04,131 [icarl.py] => Task 0, Epoch 2/200 => Loss 5.144, Loss_clf 5.144, Train_accy 16.88
2025-06-04 00:43:11,959 [icarl.py] => Task 0, Epoch 3/200 => Loss 2.472, Loss_clf 2.472, Train_accy 20.61
2025-06-04 00:43:19,620 [icarl.py] => Task 0, Epoch 4/200 => Loss 2.307, Loss_clf 2.307, Train_accy 27.36
2025-06-04 00:43:27,530 [icarl.py] => Task 0, Epoch 5/200 => Loss 2.260, Loss_clf 2.260, Train_accy 26.82
2025-06-04 00:43:35,400 [icarl.py] => Task 0, Epoch 6/200 => Loss 1.958, Loss_clf 1.958, Train_accy 27.33
2025-06-04 00:43:43,180 [icarl.py] => Task 0, Epoch 7/200 => Loss 1.864, Loss_clf 1.864, Train_accy 27.83
2025-06-04 00:43:51,042 [icarl.py] => Task 0, Epoch 8/200 => Loss 1.763, Loss_clf 1.763, Train_accy 30.78
2025-06-04 00:43:58,943 [icarl.py] => Task 0, Epoch 9/200 => Loss 1.819, Loss_clf 1.819, Train_accy 29.57
2025-06-04 00:44:06,868 [icarl.py] => Task 0, Epoch 10/200 => Loss 1.791, Loss_clf 1.791, Train_accy 30.82
2025-06-04 00:44:14,686 [icarl.py] => Task 0, Epoch 11/200 => Loss 1.832, Loss_clf 1.832, Train_accy 33.05
2025-06-04 00:44:22,748 [icarl.py] => Task 0, Epoch 12/200 => Loss 1.803, Loss_clf 1.803, Train_accy 33.21
2025-06-04 00:44:30,722 [icarl.py] => Task 0, Epoch 13/200 => Loss 1.782, Loss_clf 1.782, Train_accy 34.05
2025-06-04 00:44:38,969 [icarl.py] => Task 0, Epoch 14/200 => Loss 1.750, Loss_clf 1.750, Train_accy 30.02
2025-06-04 00:44:46,924 [icarl.py] => Task 0, Epoch 15/200 => Loss 1.655, Loss_clf 1.655, Train_accy 34.58
2025-06-04 00:44:54,817 [icarl.py] => Task 0, Epoch 16/200 => Loss 1.656, Loss_clf 1.656, Train_accy 35.58
2025-06-04 00:45:02,651 [icarl.py] => Task 0, Epoch 17/200 => Loss 1.587, Loss_clf 1.587, Train_accy 36.56
2025-06-04 00:45:10,277 [icarl.py] => Task 0, Epoch 18/200 => Loss 1.639, Loss_clf 1.639, Train_accy 35.32
2025-06-04 00:45:17,937 [icarl.py] => Task 0, Epoch 19/200 => Loss 1.624, Loss_clf 1.624, Train_accy 34.30
2025-06-04 00:45:25,708 [icarl.py] => Task 0, Epoch 20/200 => Loss 1.713, Loss_clf 1.713, Train_accy 35.71
2025-06-04 00:45:37,270 [icarl.py] => Task 0, Epoch 21/200 => Loss 1.767, Loss_clf 1.767, Train_accy 32.95, Test_accy {'Art': 34.21, 'Clipart': 30.77, 'Real World': 28.77, 'Product': 48.24}
2025-06-04 00:45:45,224 [icarl.py] => Task 0, Epoch 22/200 => Loss 1.676, Loss_clf 1.676, Train_accy 36.23
2025-06-04 00:45:54,125 [icarl.py] => Task 0, Epoch 23/200 => Loss 1.687, Loss_clf 1.687, Train_accy 35.09
2025-06-04 00:46:02,422 [icarl.py] => Task 0, Epoch 24/200 => Loss 1.612, Loss_clf 1.612, Train_accy 37.72
2025-06-04 00:46:10,764 [icarl.py] => Task 0, Epoch 25/200 => Loss 1.580, Loss_clf 1.580, Train_accy 37.34
2025-06-04 00:46:19,627 [icarl.py] => Task 0, Epoch 26/200 => Loss 1.542, Loss_clf 1.542, Train_accy 39.59
2025-06-04 00:46:27,954 [icarl.py] => Task 0, Epoch 27/200 => Loss 1.530, Loss_clf 1.530, Train_accy 40.92
2025-06-04 00:46:35,828 [icarl.py] => Task 0, Epoch 28/200 => Loss 1.508, Loss_clf 1.508, Train_accy 42.44
2025-06-04 00:46:43,684 [icarl.py] => Task 0, Epoch 29/200 => Loss 1.546, Loss_clf 1.546, Train_accy 38.68
2025-06-04 00:46:51,322 [icarl.py] => Task 0, Epoch 30/200 => Loss 1.520, Loss_clf 1.520, Train_accy 38.68
2025-06-04 00:46:59,006 [icarl.py] => Task 0, Epoch 31/200 => Loss 1.515, Loss_clf 1.515, Train_accy 39.06
2025-06-04 00:47:06,582 [icarl.py] => Task 0, Epoch 32/200 => Loss 1.504, Loss_clf 1.504, Train_accy 41.23
2025-06-04 00:47:14,279 [icarl.py] => Task 0, Epoch 33/200 => Loss 1.529, Loss_clf 1.529, Train_accy 39.44
2025-06-04 00:47:21,933 [icarl.py] => Task 0, Epoch 34/200 => Loss 1.484, Loss_clf 1.484, Train_accy 42.05
2025-06-04 00:47:29,595 [icarl.py] => Task 0, Epoch 35/200 => Loss 1.482, Loss_clf 1.482, Train_accy 42.47
2025-06-04 00:47:37,091 [icarl.py] => Task 0, Epoch 36/200 => Loss 1.480, Loss_clf 1.480, Train_accy 41.48
2025-06-04 00:47:44,822 [icarl.py] => Task 0, Epoch 37/200 => Loss 1.438, Loss_clf 1.438, Train_accy 43.40
2025-06-04 00:47:52,489 [icarl.py] => Task 0, Epoch 38/200 => Loss 1.430, Loss_clf 1.430, Train_accy 43.84
2025-06-04 00:48:00,171 [icarl.py] => Task 0, Epoch 39/200 => Loss 1.399, Loss_clf 1.399, Train_accy 45.68
2025-06-04 00:48:07,730 [icarl.py] => Task 0, Epoch 40/200 => Loss 1.372, Loss_clf 1.372, Train_accy 45.87
2025-06-04 00:48:19,079 [icarl.py] => Task 0, Epoch 41/200 => Loss 1.367, Loss_clf 1.367, Train_accy 44.61, Test_accy {'Art': 44.74, 'Clipart': 35.9, 'Real World': 43.84, 'Product': 62.35}
2025-06-04 00:48:26,597 [icarl.py] => Task 0, Epoch 42/200 => Loss 1.352, Loss_clf 1.352, Train_accy 48.53
2025-06-04 00:48:34,026 [icarl.py] => Task 0, Epoch 43/200 => Loss 1.431, Loss_clf 1.431, Train_accy 45.22
2025-06-04 00:48:41,425 [icarl.py] => Task 0, Epoch 44/200 => Loss 1.406, Loss_clf 1.406, Train_accy 45.21
2025-06-04 00:48:48,889 [icarl.py] => Task 0, Epoch 45/200 => Loss 1.392, Loss_clf 1.392, Train_accy 44.98
2025-06-04 00:48:57,405 [icarl.py] => Task 0, Epoch 46/200 => Loss 1.458, Loss_clf 1.458, Train_accy 44.28
2025-06-04 00:49:05,231 [icarl.py] => Task 0, Epoch 47/200 => Loss 1.386, Loss_clf 1.386, Train_accy 47.46
2025-06-04 00:49:13,368 [icarl.py] => Task 0, Epoch 48/200 => Loss 1.368, Loss_clf 1.368, Train_accy 49.42
2025-06-04 00:49:21,510 [icarl.py] => Task 0, Epoch 49/200 => Loss 1.330, Loss_clf 1.330, Train_accy 49.46
2025-06-04 00:49:29,333 [icarl.py] => Task 0, Epoch 50/200 => Loss 1.335, Loss_clf 1.335, Train_accy 48.67
2025-06-04 00:49:37,534 [icarl.py] => Task 0, Epoch 51/200 => Loss 1.365, Loss_clf 1.365, Train_accy 50.64
2025-06-04 00:49:45,583 [icarl.py] => Task 0, Epoch 52/200 => Loss 1.256, Loss_clf 1.256, Train_accy 51.81
2025-06-04 00:49:53,513 [icarl.py] => Task 0, Epoch 53/200 => Loss 1.311, Loss_clf 1.311, Train_accy 49.80
2025-06-04 00:50:01,623 [icarl.py] => Task 0, Epoch 54/200 => Loss 1.351, Loss_clf 1.351, Train_accy 50.68
2025-06-04 00:50:09,987 [icarl.py] => Task 0, Epoch 55/200 => Loss 1.356, Loss_clf 1.356, Train_accy 51.09
2025-06-04 00:50:18,122 [icarl.py] => Task 0, Epoch 56/200 => Loss 1.367, Loss_clf 1.367, Train_accy 49.76
2025-06-04 00:50:26,889 [icarl.py] => Task 0, Epoch 57/200 => Loss 1.282, Loss_clf 1.282, Train_accy 51.02
2025-06-04 00:50:34,966 [icarl.py] => Task 0, Epoch 58/200 => Loss 1.261, Loss_clf 1.261, Train_accy 52.72
2025-06-04 00:50:43,237 [icarl.py] => Task 0, Epoch 59/200 => Loss 1.269, Loss_clf 1.269, Train_accy 51.17
2025-06-04 00:50:51,422 [icarl.py] => Task 0, Epoch 60/200 => Loss 1.276, Loss_clf 1.276, Train_accy 51.62
2025-06-04 00:51:03,235 [icarl.py] => Task 0, Epoch 61/200 => Loss 1.241, Loss_clf 1.241, Train_accy 52.85, Test_accy {'Art': 57.89, 'Clipart': 50.0, 'Real World': 60.27, 'Product': 69.41}
2025-06-04 00:51:11,490 [icarl.py] => Task 0, Epoch 62/200 => Loss 1.230, Loss_clf 1.230, Train_accy 54.42
2025-06-04 00:51:19,341 [icarl.py] => Task 0, Epoch 63/200 => Loss 1.289, Loss_clf 1.289, Train_accy 53.24
2025-06-04 00:51:27,234 [icarl.py] => Task 0, Epoch 64/200 => Loss 1.214, Loss_clf 1.214, Train_accy 54.29
2025-06-04 00:51:34,990 [icarl.py] => Task 0, Epoch 65/200 => Loss 1.160, Loss_clf 1.160, Train_accy 58.59
2025-06-04 00:51:42,873 [icarl.py] => Task 0, Epoch 66/200 => Loss 1.246, Loss_clf 1.246, Train_accy 53.43
2025-06-04 00:51:50,608 [icarl.py] => Task 0, Epoch 67/200 => Loss 1.191, Loss_clf 1.191, Train_accy 54.32
2025-06-04 00:51:58,457 [icarl.py] => Task 0, Epoch 68/200 => Loss 1.167, Loss_clf 1.167, Train_accy 56.79
2025-06-04 00:52:06,426 [icarl.py] => Task 0, Epoch 69/200 => Loss 1.130, Loss_clf 1.130, Train_accy 57.64
2025-06-04 00:52:14,135 [icarl.py] => Task 0, Epoch 70/200 => Loss 1.133, Loss_clf 1.133, Train_accy 58.27
2025-06-04 00:52:21,993 [icarl.py] => Task 0, Epoch 71/200 => Loss 1.148, Loss_clf 1.148, Train_accy 56.44
2025-06-04 00:52:29,665 [icarl.py] => Task 0, Epoch 72/200 => Loss 1.155, Loss_clf 1.155, Train_accy 55.54
2025-06-04 00:52:37,309 [icarl.py] => Task 0, Epoch 73/200 => Loss 1.137, Loss_clf 1.137, Train_accy 58.05
2025-06-04 00:52:45,201 [icarl.py] => Task 0, Epoch 74/200 => Loss 1.132, Loss_clf 1.132, Train_accy 57.69
2025-06-04 00:52:53,014 [icarl.py] => Task 0, Epoch 75/200 => Loss 1.108, Loss_clf 1.108, Train_accy 59.21
2025-06-04 00:53:00,811 [icarl.py] => Task 0, Epoch 76/200 => Loss 1.122, Loss_clf 1.122, Train_accy 59.04
2025-06-04 00:53:08,602 [icarl.py] => Task 0, Epoch 77/200 => Loss 1.089, Loss_clf 1.089, Train_accy 59.00
2025-06-04 00:53:16,418 [icarl.py] => Task 0, Epoch 78/200 => Loss 1.112, Loss_clf 1.112, Train_accy 58.08
2025-06-04 00:53:24,140 [icarl.py] => Task 0, Epoch 79/200 => Loss 1.067, Loss_clf 1.067, Train_accy 60.20
2025-06-04 00:53:31,828 [icarl.py] => Task 0, Epoch 80/200 => Loss 1.064, Loss_clf 1.064, Train_accy 60.71
2025-06-04 00:53:43,354 [icarl.py] => Task 0, Epoch 81/200 => Loss 1.127, Loss_clf 1.127, Train_accy 58.08, Test_accy {'Art': 57.89, 'Clipart': 51.28, 'Real World': 68.49, 'Product': 81.18}
2025-06-04 00:53:51,113 [icarl.py] => Task 0, Epoch 82/200 => Loss 1.050, Loss_clf 1.050, Train_accy 61.53
2025-06-04 00:53:58,922 [icarl.py] => Task 0, Epoch 83/200 => Loss 1.039, Loss_clf 1.039, Train_accy 60.18
2025-06-04 00:54:06,705 [icarl.py] => Task 0, Epoch 84/200 => Loss 1.058, Loss_clf 1.058, Train_accy 61.00
2025-06-04 00:54:14,519 [icarl.py] => Task 0, Epoch 85/200 => Loss 1.042, Loss_clf 1.042, Train_accy 59.94
2025-06-04 00:54:22,390 [icarl.py] => Task 0, Epoch 86/200 => Loss 1.050, Loss_clf 1.050, Train_accy 59.84
2025-06-04 00:54:30,214 [icarl.py] => Task 0, Epoch 87/200 => Loss 1.116, Loss_clf 1.116, Train_accy 59.35
2025-06-04 00:54:38,615 [icarl.py] => Task 0, Epoch 88/200 => Loss 1.021, Loss_clf 1.021, Train_accy 62.77
2025-06-04 00:54:46,207 [icarl.py] => Task 0, Epoch 89/200 => Loss 1.057, Loss_clf 1.057, Train_accy 62.59
2025-06-04 00:54:53,610 [icarl.py] => Task 0, Epoch 90/200 => Loss 1.014, Loss_clf 1.014, Train_accy 63.37
2025-06-04 00:55:00,963 [icarl.py] => Task 0, Epoch 91/200 => Loss 1.011, Loss_clf 1.011, Train_accy 62.69
2025-06-04 00:55:08,321 [icarl.py] => Task 0, Epoch 92/200 => Loss 1.038, Loss_clf 1.038, Train_accy 63.62
2025-06-04 00:55:15,712 [icarl.py] => Task 0, Epoch 93/200 => Loss 1.037, Loss_clf 1.037, Train_accy 62.18
2025-06-04 00:55:23,114 [icarl.py] => Task 0, Epoch 94/200 => Loss 0.941, Loss_clf 0.941, Train_accy 65.38
2025-06-04 00:55:30,555 [icarl.py] => Task 0, Epoch 95/200 => Loss 0.973, Loss_clf 0.973, Train_accy 65.35
2025-06-04 00:55:38,180 [icarl.py] => Task 0, Epoch 96/200 => Loss 0.993, Loss_clf 0.993, Train_accy 63.95
2025-06-04 00:55:45,667 [icarl.py] => Task 0, Epoch 97/200 => Loss 0.967, Loss_clf 0.967, Train_accy 64.44
2025-06-04 00:55:53,220 [icarl.py] => Task 0, Epoch 98/200 => Loss 0.929, Loss_clf 0.929, Train_accy 65.95
2025-06-04 00:56:00,619 [icarl.py] => Task 0, Epoch 99/200 => Loss 0.934, Loss_clf 0.934, Train_accy 64.91
2025-06-04 00:56:08,066 [icarl.py] => Task 0, Epoch 100/200 => Loss 0.931, Loss_clf 0.931, Train_accy 64.87
2025-06-04 00:56:19,183 [icarl.py] => Task 0, Epoch 101/200 => Loss 0.942, Loss_clf 0.942, Train_accy 65.30, Test_accy {'Art': 57.89, 'Clipart': 50.0, 'Real World': 64.38, 'Product': 81.18}
2025-06-04 00:56:26,485 [icarl.py] => Task 0, Epoch 102/200 => Loss 0.944, Loss_clf 0.944, Train_accy 65.35
2025-06-04 00:56:34,051 [icarl.py] => Task 0, Epoch 103/200 => Loss 0.990, Loss_clf 0.990, Train_accy 62.90
2025-06-04 00:56:41,440 [icarl.py] => Task 0, Epoch 104/200 => Loss 0.902, Loss_clf 0.902, Train_accy 66.33
2025-06-04 00:56:48,839 [icarl.py] => Task 0, Epoch 105/200 => Loss 0.924, Loss_clf 0.924, Train_accy 64.60
2025-06-04 00:56:56,145 [icarl.py] => Task 0, Epoch 106/200 => Loss 0.919, Loss_clf 0.919, Train_accy 66.29
2025-06-04 00:57:03,443 [icarl.py] => Task 0, Epoch 107/200 => Loss 0.877, Loss_clf 0.877, Train_accy 67.34
2025-06-04 00:57:10,793 [icarl.py] => Task 0, Epoch 108/200 => Loss 0.905, Loss_clf 0.905, Train_accy 66.57
2025-06-04 00:57:18,211 [icarl.py] => Task 0, Epoch 109/200 => Loss 0.929, Loss_clf 0.929, Train_accy 65.50
2025-06-04 00:57:25,558 [icarl.py] => Task 0, Epoch 110/200 => Loss 0.873, Loss_clf 0.873, Train_accy 67.28
2025-06-04 00:57:32,903 [icarl.py] => Task 0, Epoch 111/200 => Loss 0.868, Loss_clf 0.868, Train_accy 69.13
2025-06-04 00:57:40,310 [icarl.py] => Task 0, Epoch 112/200 => Loss 0.846, Loss_clf 0.846, Train_accy 68.96
2025-06-04 00:57:47,627 [icarl.py] => Task 0, Epoch 113/200 => Loss 0.866, Loss_clf 0.866, Train_accy 67.81
2025-06-04 00:57:54,873 [icarl.py] => Task 0, Epoch 114/200 => Loss 0.832, Loss_clf 0.832, Train_accy 69.76
2025-06-04 00:58:02,070 [icarl.py] => Task 0, Epoch 115/200 => Loss 0.825, Loss_clf 0.825, Train_accy 69.82
2025-06-04 00:58:09,275 [icarl.py] => Task 0, Epoch 116/200 => Loss 0.858, Loss_clf 0.858, Train_accy 66.74
2025-06-04 00:58:16,526 [icarl.py] => Task 0, Epoch 117/200 => Loss 0.819, Loss_clf 0.819, Train_accy 69.64
2025-06-04 00:58:23,823 [icarl.py] => Task 0, Epoch 118/200 => Loss 0.797, Loss_clf 0.797, Train_accy 72.00
2025-06-04 00:58:31,101 [icarl.py] => Task 0, Epoch 119/200 => Loss 0.802, Loss_clf 0.802, Train_accy 72.93
2025-06-04 00:58:38,322 [icarl.py] => Task 0, Epoch 120/200 => Loss 0.829, Loss_clf 0.829, Train_accy 69.39
2025-06-04 00:58:49,057 [icarl.py] => Task 0, Epoch 121/200 => Loss 0.812, Loss_clf 0.812, Train_accy 70.36, Test_accy {'Art': 57.89, 'Clipart': 46.15, 'Real World': 67.12, 'Product': 84.71}
2025-06-04 00:58:56,237 [icarl.py] => Task 0, Epoch 122/200 => Loss 0.751, Loss_clf 0.751, Train_accy 73.60
2025-06-04 00:59:03,411 [icarl.py] => Task 0, Epoch 123/200 => Loss 0.770, Loss_clf 0.770, Train_accy 71.90
2025-06-04 00:59:10,642 [icarl.py] => Task 0, Epoch 124/200 => Loss 0.773, Loss_clf 0.773, Train_accy 71.98
2025-06-04 00:59:17,988 [icarl.py] => Task 0, Epoch 125/200 => Loss 0.799, Loss_clf 0.799, Train_accy 69.36
2025-06-04 00:59:25,296 [icarl.py] => Task 0, Epoch 126/200 => Loss 0.756, Loss_clf 0.756, Train_accy 72.49
2025-06-04 00:59:32,461 [icarl.py] => Task 0, Epoch 127/200 => Loss 0.707, Loss_clf 0.707, Train_accy 72.67
2025-06-04 00:59:39,765 [icarl.py] => Task 0, Epoch 128/200 => Loss 0.737, Loss_clf 0.737, Train_accy 72.77
2025-06-04 00:59:47,100 [icarl.py] => Task 0, Epoch 129/200 => Loss 0.774, Loss_clf 0.774, Train_accy 70.89
2025-06-04 00:59:54,452 [icarl.py] => Task 0, Epoch 130/200 => Loss 0.808, Loss_clf 0.808, Train_accy 70.17
2025-06-04 01:00:01,706 [icarl.py] => Task 0, Epoch 131/200 => Loss 0.744, Loss_clf 0.744, Train_accy 73.09
2025-06-04 01:00:09,040 [icarl.py] => Task 0, Epoch 132/200 => Loss 0.764, Loss_clf 0.764, Train_accy 73.09
2025-06-04 01:00:16,179 [icarl.py] => Task 0, Epoch 133/200 => Loss 0.734, Loss_clf 0.734, Train_accy 73.33
2025-06-04 01:00:23,392 [icarl.py] => Task 0, Epoch 134/200 => Loss 0.714, Loss_clf 0.714, Train_accy 75.37
2025-06-04 01:00:30,640 [icarl.py] => Task 0, Epoch 135/200 => Loss 0.689, Loss_clf 0.689, Train_accy 75.61
2025-06-04 01:00:37,882 [icarl.py] => Task 0, Epoch 136/200 => Loss 0.698, Loss_clf 0.698, Train_accy 74.97
2025-06-04 01:00:45,128 [icarl.py] => Task 0, Epoch 137/200 => Loss 0.679, Loss_clf 0.679, Train_accy 74.76
2025-06-04 01:00:52,338 [icarl.py] => Task 0, Epoch 138/200 => Loss 0.693, Loss_clf 0.693, Train_accy 75.42
2025-06-04 01:00:59,633 [icarl.py] => Task 0, Epoch 139/200 => Loss 0.715, Loss_clf 0.715, Train_accy 72.96
2025-06-04 01:01:07,008 [icarl.py] => Task 0, Epoch 140/200 => Loss 0.679, Loss_clf 0.679, Train_accy 76.36
2025-06-04 01:01:18,051 [icarl.py] => Task 0, Epoch 141/200 => Loss 0.687, Loss_clf 0.687, Train_accy 74.14, Test_accy {'Art': 60.53, 'Clipart': 43.59, 'Real World': 71.23, 'Product': 85.88}
2025-06-04 01:01:25,319 [icarl.py] => Task 0, Epoch 142/200 => Loss 0.691, Loss_clf 0.691, Train_accy 74.79
2025-06-04 01:01:32,450 [icarl.py] => Task 0, Epoch 143/200 => Loss 0.694, Loss_clf 0.694, Train_accy 74.87
2025-06-04 01:01:40,001 [icarl.py] => Task 0, Epoch 144/200 => Loss 0.706, Loss_clf 0.706, Train_accy 75.53
2025-06-04 01:01:47,250 [icarl.py] => Task 0, Epoch 145/200 => Loss 0.693, Loss_clf 0.693, Train_accy 74.60
2025-06-04 01:01:54,433 [icarl.py] => Task 0, Epoch 146/200 => Loss 0.707, Loss_clf 0.707, Train_accy 73.14
2025-06-04 01:02:01,575 [icarl.py] => Task 0, Epoch 147/200 => Loss 0.676, Loss_clf 0.676, Train_accy 75.21
2025-06-04 01:02:08,700 [icarl.py] => Task 0, Epoch 148/200 => Loss 0.623, Loss_clf 0.623, Train_accy 77.10
2025-06-04 01:02:15,938 [icarl.py] => Task 0, Epoch 149/200 => Loss 0.605, Loss_clf 0.605, Train_accy 77.97
2025-06-04 01:02:23,113 [icarl.py] => Task 0, Epoch 150/200 => Loss 0.591, Loss_clf 0.591, Train_accy 78.66
2025-06-04 01:02:30,351 [icarl.py] => Task 0, Epoch 151/200 => Loss 0.589, Loss_clf 0.589, Train_accy 78.21
2025-06-04 01:02:37,546 [icarl.py] => Task 0, Epoch 152/200 => Loss 0.617, Loss_clf 0.617, Train_accy 78.69
2025-06-04 01:02:44,849 [icarl.py] => Task 0, Epoch 153/200 => Loss 0.609, Loss_clf 0.609, Train_accy 78.76
2025-06-04 01:02:52,156 [icarl.py] => Task 0, Epoch 154/200 => Loss 0.593, Loss_clf 0.593, Train_accy 78.06
2025-06-04 01:02:59,326 [icarl.py] => Task 0, Epoch 155/200 => Loss 0.615, Loss_clf 0.615, Train_accy 77.41
2025-06-04 01:03:06,637 [icarl.py] => Task 0, Epoch 156/200 => Loss 0.548, Loss_clf 0.548, Train_accy 81.22
2025-06-04 01:03:14,190 [icarl.py] => Task 0, Epoch 157/200 => Loss 0.608, Loss_clf 0.608, Train_accy 76.59
2025-06-04 01:03:21,469 [icarl.py] => Task 0, Epoch 158/200 => Loss 0.572, Loss_clf 0.572, Train_accy 78.57
2025-06-04 01:03:28,646 [icarl.py] => Task 0, Epoch 159/200 => Loss 0.561, Loss_clf 0.561, Train_accy 80.39
2025-06-04 01:03:35,898 [icarl.py] => Task 0, Epoch 160/200 => Loss 0.559, Loss_clf 0.559, Train_accy 80.66
2025-06-04 01:03:46,820 [icarl.py] => Task 0, Epoch 161/200 => Loss 0.568, Loss_clf 0.568, Train_accy 79.37, Test_accy {'Art': 60.53, 'Clipart': 51.28, 'Real World': 73.97, 'Product': 87.06}
2025-06-04 01:03:53,996 [icarl.py] => Task 0, Epoch 162/200 => Loss 0.535, Loss_clf 0.535, Train_accy 80.48
2025-06-04 01:04:01,195 [icarl.py] => Task 0, Epoch 163/200 => Loss 0.562, Loss_clf 0.562, Train_accy 79.44
2025-06-04 01:04:08,349 [icarl.py] => Task 0, Epoch 164/200 => Loss 0.533, Loss_clf 0.533, Train_accy 80.47
2025-06-04 01:04:15,452 [icarl.py] => Task 0, Epoch 165/200 => Loss 0.512, Loss_clf 0.512, Train_accy 82.03
2025-06-04 01:04:22,712 [icarl.py] => Task 0, Epoch 166/200 => Loss 0.518, Loss_clf 0.518, Train_accy 82.00
2025-06-04 01:04:29,849 [icarl.py] => Task 0, Epoch 167/200 => Loss 0.524, Loss_clf 0.524, Train_accy 82.30
2025-06-04 01:04:37,000 [icarl.py] => Task 0, Epoch 168/200 => Loss 0.543, Loss_clf 0.543, Train_accy 79.96
2025-06-04 01:04:44,150 [icarl.py] => Task 0, Epoch 169/200 => Loss 0.493, Loss_clf 0.493, Train_accy 81.92
2025-06-04 01:04:51,270 [icarl.py] => Task 0, Epoch 170/200 => Loss 0.531, Loss_clf 0.531, Train_accy 79.68
2025-06-04 01:04:58,327 [icarl.py] => Task 0, Epoch 171/200 => Loss 0.520, Loss_clf 0.520, Train_accy 82.09
2025-06-04 01:05:05,550 [icarl.py] => Task 0, Epoch 172/200 => Loss 0.487, Loss_clf 0.487, Train_accy 82.28
2025-06-04 01:05:13,178 [icarl.py] => Task 0, Epoch 173/200 => Loss 0.522, Loss_clf 0.522, Train_accy 81.26
2025-06-04 01:05:20,311 [icarl.py] => Task 0, Epoch 174/200 => Loss 0.481, Loss_clf 0.481, Train_accy 82.08
2025-06-04 01:05:27,563 [icarl.py] => Task 0, Epoch 175/200 => Loss 0.430, Loss_clf 0.430, Train_accy 84.84
2025-06-04 01:05:34,595 [icarl.py] => Task 0, Epoch 176/200 => Loss 0.465, Loss_clf 0.465, Train_accy 83.31
2025-06-04 01:05:41,709 [icarl.py] => Task 0, Epoch 177/200 => Loss 0.489, Loss_clf 0.489, Train_accy 81.72
2025-06-04 01:05:48,762 [icarl.py] => Task 0, Epoch 178/200 => Loss 0.493, Loss_clf 0.493, Train_accy 82.58
2025-06-04 01:05:55,909 [icarl.py] => Task 0, Epoch 179/200 => Loss 0.486, Loss_clf 0.486, Train_accy 81.97
2025-06-04 01:06:03,000 [icarl.py] => Task 0, Epoch 180/200 => Loss 0.490, Loss_clf 0.490, Train_accy 83.01
2025-06-04 01:06:14,045 [icarl.py] => Task 0, Epoch 181/200 => Loss 0.478, Loss_clf 0.478, Train_accy 83.12, Test_accy {'Art': 60.53, 'Clipart': 53.85, 'Real World': 73.97, 'Product': 89.41}
2025-06-04 01:06:22,163 [icarl.py] => Task 0, Epoch 182/200 => Loss 0.484, Loss_clf 0.484, Train_accy 83.35
2025-06-04 01:06:29,978 [icarl.py] => Task 0, Epoch 183/200 => Loss 0.468, Loss_clf 0.468, Train_accy 85.22
2025-06-04 01:06:37,149 [icarl.py] => Task 0, Epoch 184/200 => Loss 0.442, Loss_clf 0.442, Train_accy 85.05
2025-06-04 01:06:44,333 [icarl.py] => Task 0, Epoch 185/200 => Loss 0.434, Loss_clf 0.434, Train_accy 83.88
2025-06-04 01:06:51,620 [icarl.py] => Task 0, Epoch 186/200 => Loss 0.440, Loss_clf 0.440, Train_accy 84.72
2025-06-04 01:06:58,681 [icarl.py] => Task 0, Epoch 187/200 => Loss 0.445, Loss_clf 0.445, Train_accy 84.78
2025-06-04 01:07:05,839 [icarl.py] => Task 0, Epoch 188/200 => Loss 0.452, Loss_clf 0.452, Train_accy 85.11
2025-06-04 01:07:13,035 [icarl.py] => Task 0, Epoch 189/200 => Loss 0.461, Loss_clf 0.461, Train_accy 83.90
2025-06-04 01:07:20,154 [icarl.py] => Task 0, Epoch 190/200 => Loss 0.464, Loss_clf 0.464, Train_accy 85.02
2025-06-04 01:07:27,271 [icarl.py] => Task 0, Epoch 191/200 => Loss 0.443, Loss_clf 0.443, Train_accy 84.39
2025-06-04 01:07:34,365 [icarl.py] => Task 0, Epoch 192/200 => Loss 0.429, Loss_clf 0.429, Train_accy 85.70
2025-06-04 01:07:41,477 [icarl.py] => Task 0, Epoch 193/200 => Loss 0.425, Loss_clf 0.425, Train_accy 85.95
2025-06-04 01:07:48,546 [icarl.py] => Task 0, Epoch 194/200 => Loss 0.469, Loss_clf 0.469, Train_accy 84.54
2025-06-04 01:07:55,615 [icarl.py] => Task 0, Epoch 195/200 => Loss 0.448, Loss_clf 0.448, Train_accy 83.60
2025-06-04 01:08:02,691 [icarl.py] => Task 0, Epoch 196/200 => Loss 0.432, Loss_clf 0.432, Train_accy 85.56
2025-06-04 01:08:09,851 [icarl.py] => Task 0, Epoch 197/200 => Loss 0.465, Loss_clf 0.465, Train_accy 83.13
2025-06-04 01:08:16,921 [icarl.py] => Task 0, Epoch 198/200 => Loss 0.446, Loss_clf 0.446, Train_accy 85.65
2025-06-04 01:08:23,995 [icarl.py] => Task 0, Epoch 199/200 => Loss 0.437, Loss_clf 0.437, Train_accy 83.54
2025-06-04 01:08:31,091 [icarl.py] => Task 0, Epoch 200/200 => Loss 0.467, Loss_clf 0.467, Train_accy 83.39
2025-06-04 01:08:31,093 [base.py] => Reducing exemplars...(260 per classes)
2025-06-04 01:08:31,093 [base.py] => Constructing exemplars...(260 per classes)
2025-06-04 01:08:54,146 [icarl.py] => Exemplar size: 1300
2025-06-04 01:08:54,515 [trainer.py] => CNN [Art]: {'total': 63.16, '00-04': 63.16, 'old': 0, 'new': 63.16}
2025-06-04 01:08:54,515 [trainer.py] => NME [Art]: {'total': 63.16, '00-04': 63.16, 'old': 0, 'new': 63.16}
2025-06-04 01:08:54,515 [trainer.py] => CNN [Art] top1 curve: [63.16]
2025-06-04 01:08:54,515 [trainer.py] => CNN [Art] top5 curve: [92.11]
2025-06-04 01:08:54,515 [trainer.py] => NME [Art] top1 curve: [63.16]
2025-06-04 01:08:54,515 [trainer.py] => NME [Art] top5 curve: [100.0]
2025-06-04 01:08:54,515 [trainer.py] => Average Accuracy [Art] (CNN): 63.16
2025-06-04 01:08:54,515 [trainer.py] => Average Accuracy [Art] (NME): 63.16
2025-06-04 01:08:54,515 [trainer.py] => CNN [Clipart]: {'total': 50.0, '00-04': 50.0, 'old': 0, 'new': 50.0}
2025-06-04 01:08:54,515 [trainer.py] => NME [Clipart]: {'total': 52.56, '00-04': 52.56, 'old': 0, 'new': 52.56}
2025-06-04 01:08:54,515 [trainer.py] => CNN [Clipart] top1 curve: [50.0]
2025-06-04 01:08:54,515 [trainer.py] => CNN [Clipart] top5 curve: [96.15]
2025-06-04 01:08:54,515 [trainer.py] => NME [Clipart] top1 curve: [52.56]
2025-06-04 01:08:54,515 [trainer.py] => NME [Clipart] top5 curve: [100.0]
2025-06-04 01:08:54,515 [trainer.py] => Average Accuracy [Clipart] (CNN): 50.0
2025-06-04 01:08:54,516 [trainer.py] => Average Accuracy [Clipart] (NME): 52.56
2025-06-04 01:08:54,516 [trainer.py] => CNN [Product]: {'total': 87.06, '00-04': 87.06, 'old': 0, 'new': 87.06}
2025-06-04 01:08:54,516 [trainer.py] => NME [Product]: {'total': 89.41, '00-04': 89.41, 'old': 0, 'new': 89.41}
2025-06-04 01:08:54,516 [trainer.py] => CNN [Product] top1 curve: [87.06]
2025-06-04 01:08:54,516 [trainer.py] => CNN [Product] top5 curve: [100.0]
2025-06-04 01:08:54,516 [trainer.py] => NME [Product] top1 curve: [89.41]
2025-06-04 01:08:54,516 [trainer.py] => NME [Product] top5 curve: [100.0]
2025-06-04 01:08:54,516 [trainer.py] => Average Accuracy [Product] (CNN): 87.06
2025-06-04 01:08:54,516 [trainer.py] => Average Accuracy [Product] (NME): 89.41
2025-06-04 01:08:54,516 [trainer.py] => CNN [Real World]: {'total': 73.97, '00-04': 73.97, 'old': 0, 'new': 73.97}
2025-06-04 01:08:54,516 [trainer.py] => NME [Real World]: {'total': 78.08, '00-04': 78.08, 'old': 0, 'new': 78.08}
2025-06-04 01:08:54,516 [trainer.py] => CNN [Real World] top1 curve: [73.97]
2025-06-04 01:08:54,516 [trainer.py] => CNN [Real World] top5 curve: [98.63]
2025-06-04 01:08:54,516 [trainer.py] => NME [Real World] top1 curve: [78.08]
2025-06-04 01:08:54,516 [trainer.py] => NME [Real World] top5 curve: [100.0]
2025-06-04 01:08:54,516 [trainer.py] => Average Accuracy [Real World] (CNN): 73.97
2025-06-04 01:08:54,516 [trainer.py] => Average Accuracy [Real World] (NME): 78.08
2025-06-04 01:08:54,516 [trainer.py] => NME Harmonic Mean : 62.4364
2025-06-04 01:08:54,516 [trainer.py] => NME Macro Mean : 70.8025
2025-06-04 01:08:54,516 [trainer.py] => CNN Harmonic Mean : 59.9134
2025-06-04 01:08:54,516 [trainer.py] => CNN Macro Mean : 68.5475
2025-06-04 01:08:54,517 [trainer.py] => All params: 21292367
2025-06-04 01:08:54,517 [trainer.py] => Trainable params: 21292367
2025-06-04 01:08:54,518 [icarl.py] => Learning on 5-10
2025-06-04 01:09:17,156 [icarl.py] => Task 1, Epoch 1/200 => Loss 3.671, Loss_clf 2.322, Loss_kd 1.317, Loss_kernel 0.032, Train_accy 30.87, Test_accy {'Art': 22.22, 'Clipart': 19.29, 'Real World': 24.11, 'Product': 29.7}
2025-06-04 01:09:34,317 [icarl.py] => Task 1, Epoch 2/200 => Loss 3.295, Loss_clf 1.973, Loss_kd 1.289, Loss_kernel 0.033, Train_accy 34.67
2025-06-04 01:09:51,283 [icarl.py] => Task 1, Epoch 3/200 => Loss 3.129, Loss_clf 1.855, Loss_kd 1.251, Loss_kernel 0.023, Train_accy 37.33
2025-06-04 01:10:08,151 [icarl.py] => Task 1, Epoch 4/200 => Loss 2.949, Loss_clf 1.739, Loss_kd 1.191, Loss_kernel 0.019, Train_accy 41.60
2025-06-04 01:10:25,024 [icarl.py] => Task 1, Epoch 5/200 => Loss 2.912, Loss_clf 1.714, Loss_kd 1.178, Loss_kernel 0.019, Train_accy 41.24
2025-06-04 01:10:46,751 [icarl.py] => Task 1, Epoch 6/200 => Loss 2.856, Loss_clf 1.668, Loss_kd 1.168, Loss_kernel 0.020, Train_accy 42.31, Test_accy {'Art': 26.39, 'Clipart': 30.0, 'Real World': 32.62, 'Product': 44.24}
2025-06-04 01:11:03,821 [icarl.py] => Task 1, Epoch 7/200 => Loss 2.747, Loss_clf 1.595, Loss_kd 1.137, Loss_kernel 0.016, Train_accy 45.25
2025-06-04 01:11:21,001 [icarl.py] => Task 1, Epoch 8/200 => Loss 2.765, Loss_clf 1.601, Loss_kd 1.147, Loss_kernel 0.017, Train_accy 46.03
2025-06-04 01:11:37,912 [icarl.py] => Task 1, Epoch 9/200 => Loss 2.660, Loss_clf 1.532, Loss_kd 1.114, Loss_kernel 0.014, Train_accy 46.61
2025-06-04 01:11:55,224 [icarl.py] => Task 1, Epoch 10/200 => Loss 2.638, Loss_clf 1.503, Loss_kd 1.118, Loss_kernel 0.016, Train_accy 47.25
2025-06-04 01:12:17,581 [icarl.py] => Task 1, Epoch 11/200 => Loss 2.690, Loss_clf 1.532, Loss_kd 1.140, Loss_kernel 0.018, Train_accy 46.94, Test_accy {'Art': 33.33, 'Clipart': 32.86, 'Real World': 39.72, 'Product': 52.12}
2025-06-04 01:12:34,974 [icarl.py] => Task 1, Epoch 12/200 => Loss 2.579, Loss_clf 1.457, Loss_kd 1.106, Loss_kernel 0.015, Train_accy 50.65
2025-06-04 01:12:51,905 [icarl.py] => Task 1, Epoch 13/200 => Loss 2.568, Loss_clf 1.454, Loss_kd 1.099, Loss_kernel 0.015, Train_accy 50.43
2025-06-04 01:13:08,937 [icarl.py] => Task 1, Epoch 14/200 => Loss 2.540, Loss_clf 1.423, Loss_kd 1.101, Loss_kernel 0.016, Train_accy 51.12
2025-06-04 01:13:25,813 [icarl.py] => Task 1, Epoch 15/200 => Loss 2.480, Loss_clf 1.376, Loss_kd 1.089, Loss_kernel 0.015, Train_accy 52.93
2025-06-04 01:13:47,350 [icarl.py] => Task 1, Epoch 16/200 => Loss 2.399, Loss_clf 1.317, Loss_kd 1.069, Loss_kernel 0.013, Train_accy 55.21, Test_accy {'Art': 37.5, 'Clipart': 38.57, 'Real World': 39.72, 'Product': 55.76}
2025-06-04 01:14:04,387 [icarl.py] => Task 1, Epoch 17/200 => Loss 2.456, Loss_clf 1.357, Loss_kd 1.084, Loss_kernel 0.015, Train_accy 53.54
2025-06-04 01:14:21,173 [icarl.py] => Task 1, Epoch 18/200 => Loss 2.366, Loss_clf 1.295, Loss_kd 1.057, Loss_kernel 0.014, Train_accy 55.29
2025-06-04 01:14:38,458 [icarl.py] => Task 1, Epoch 19/200 => Loss 2.331, Loss_clf 1.272, Loss_kd 1.045, Loss_kernel 0.014, Train_accy 55.38
2025-06-04 01:14:55,714 [icarl.py] => Task 1, Epoch 20/200 => Loss 2.332, Loss_clf 1.249, Loss_kd 1.068, Loss_kernel 0.014, Train_accy 56.43
2025-06-04 01:15:17,510 [icarl.py] => Task 1, Epoch 21/200 => Loss 2.314, Loss_clf 1.237, Loss_kd 1.062, Loss_kernel 0.015, Train_accy 57.52, Test_accy {'Art': 41.67, 'Clipart': 37.14, 'Real World': 45.39, 'Product': 55.76}
2025-06-04 01:15:34,724 [icarl.py] => Task 1, Epoch 22/200 => Loss 2.244, Loss_clf 1.188, Loss_kd 1.043, Loss_kernel 0.014, Train_accy 57.81
2025-06-04 01:15:51,916 [icarl.py] => Task 1, Epoch 23/200 => Loss 2.261, Loss_clf 1.200, Loss_kd 1.046, Loss_kernel 0.015, Train_accy 58.59
2025-06-04 01:16:09,066 [icarl.py] => Task 1, Epoch 24/200 => Loss 2.257, Loss_clf 1.183, Loss_kd 1.057, Loss_kernel 0.016, Train_accy 59.32
2025-06-04 01:16:26,021 [icarl.py] => Task 1, Epoch 25/200 => Loss 2.205, Loss_clf 1.143, Loss_kd 1.047, Loss_kernel 0.015, Train_accy 59.98
2025-06-04 01:16:47,800 [icarl.py] => Task 1, Epoch 26/200 => Loss 2.149, Loss_clf 1.102, Loss_kd 1.032, Loss_kernel 0.014, Train_accy 61.06, Test_accy {'Art': 44.44, 'Clipart': 42.86, 'Real World': 53.19, 'Product': 67.88}
2025-06-04 01:17:04,735 [icarl.py] => Task 1, Epoch 27/200 => Loss 2.147, Loss_clf 1.095, Loss_kd 1.038, Loss_kernel 0.015, Train_accy 62.65
2025-06-04 01:17:21,368 [icarl.py] => Task 1, Epoch 28/200 => Loss 2.127, Loss_clf 1.076, Loss_kd 1.037, Loss_kernel 0.014, Train_accy 62.53
2025-06-04 01:17:38,206 [icarl.py] => Task 1, Epoch 29/200 => Loss 2.124, Loss_clf 1.080, Loss_kd 1.029, Loss_kernel 0.015, Train_accy 62.20
2025-06-04 01:17:55,262 [icarl.py] => Task 1, Epoch 30/200 => Loss 2.065, Loss_clf 1.033, Loss_kd 1.018, Loss_kernel 0.015, Train_accy 64.57
2025-06-04 01:18:16,580 [icarl.py] => Task 1, Epoch 31/200 => Loss 2.082, Loss_clf 1.034, Loss_kd 1.033, Loss_kernel 0.015, Train_accy 64.45, Test_accy {'Art': 51.39, 'Clipart': 42.14, 'Real World': 58.87, 'Product': 67.88}
2025-06-04 01:18:33,453 [icarl.py] => Task 1, Epoch 32/200 => Loss 2.097, Loss_clf 1.038, Loss_kd 1.043, Loss_kernel 0.015, Train_accy 63.47
2025-06-04 01:18:50,308 [icarl.py] => Task 1, Epoch 33/200 => Loss 2.022, Loss_clf 0.991, Loss_kd 1.016, Loss_kernel 0.015, Train_accy 66.58
2025-06-04 01:19:07,443 [icarl.py] => Task 1, Epoch 34/200 => Loss 1.980, Loss_clf 0.953, Loss_kd 1.012, Loss_kernel 0.015, Train_accy 66.02
2025-06-04 01:19:24,184 [icarl.py] => Task 1, Epoch 35/200 => Loss 1.977, Loss_clf 0.955, Loss_kd 1.008, Loss_kernel 0.015, Train_accy 67.04
2025-06-04 01:19:46,100 [icarl.py] => Task 1, Epoch 36/200 => Loss 1.946, Loss_clf 0.920, Loss_kd 1.011, Loss_kernel 0.015, Train_accy 67.91, Test_accy {'Art': 37.5, 'Clipart': 36.43, 'Real World': 49.65, 'Product': 56.97}
2025-06-04 01:20:02,897 [icarl.py] => Task 1, Epoch 37/200 => Loss 1.984, Loss_clf 0.948, Loss_kd 1.021, Loss_kernel 0.015, Train_accy 67.46
2025-06-04 01:20:19,685 [icarl.py] => Task 1, Epoch 38/200 => Loss 1.969, Loss_clf 0.932, Loss_kd 1.021, Loss_kernel 0.016, Train_accy 68.47
2025-06-04 01:20:36,536 [icarl.py] => Task 1, Epoch 39/200 => Loss 1.981, Loss_clf 0.944, Loss_kd 1.021, Loss_kernel 0.015, Train_accy 67.44
2025-06-04 01:20:53,186 [icarl.py] => Task 1, Epoch 40/200 => Loss 2.001, Loss_clf 0.964, Loss_kd 1.022, Loss_kernel 0.015, Train_accy 67.21
2025-06-04 01:21:15,128 [icarl.py] => Task 1, Epoch 41/200 => Loss 2.014, Loss_clf 0.966, Loss_kd 1.033, Loss_kernel 0.016, Train_accy 67.36, Test_accy {'Art': 48.61, 'Clipart': 39.29, 'Real World': 59.57, 'Product': 73.94}
2025-06-04 01:21:32,137 [icarl.py] => Task 1, Epoch 42/200 => Loss 1.917, Loss_clf 0.884, Loss_kd 1.017, Loss_kernel 0.016, Train_accy 68.74
2025-06-04 01:21:48,927 [icarl.py] => Task 1, Epoch 43/200 => Loss 1.941, Loss_clf 0.900, Loss_kd 1.025, Loss_kernel 0.017, Train_accy 70.15
2025-06-04 01:22:05,633 [icarl.py] => Task 1, Epoch 44/200 => Loss 1.882, Loss_clf 0.867, Loss_kd 0.999, Loss_kernel 0.016, Train_accy 70.07
2025-06-04 01:22:22,513 [icarl.py] => Task 1, Epoch 45/200 => Loss 1.864, Loss_clf 0.840, Loss_kd 1.009, Loss_kernel 0.016, Train_accy 71.58
2025-06-04 01:22:44,299 [icarl.py] => Task 1, Epoch 46/200 => Loss 1.845, Loss_clf 0.824, Loss_kd 1.005, Loss_kernel 0.016, Train_accy 71.12, Test_accy {'Art': 51.39, 'Clipart': 42.86, 'Real World': 58.16, 'Product': 73.94}
2025-06-04 01:23:01,516 [icarl.py] => Task 1, Epoch 47/200 => Loss 1.772, Loss_clf 0.764, Loss_kd 0.992, Loss_kernel 0.016, Train_accy 74.07
2025-06-04 01:23:18,701 [icarl.py] => Task 1, Epoch 48/200 => Loss 1.841, Loss_clf 0.814, Loss_kd 1.011, Loss_kernel 0.017, Train_accy 72.65
2025-06-04 01:23:35,706 [icarl.py] => Task 1, Epoch 49/200 => Loss 1.866, Loss_clf 0.842, Loss_kd 1.008, Loss_kernel 0.016, Train_accy 70.18
2025-06-04 01:23:52,487 [icarl.py] => Task 1, Epoch 50/200 => Loss 1.817, Loss_clf 0.802, Loss_kd 0.998, Loss_kernel 0.017, Train_accy 71.85
2025-06-04 01:24:13,982 [icarl.py] => Task 1, Epoch 51/200 => Loss 1.784, Loss_clf 0.766, Loss_kd 1.002, Loss_kernel 0.016, Train_accy 74.29, Test_accy {'Art': 50.0, 'Clipart': 38.57, 'Real World': 57.45, 'Product': 65.45}
2025-06-04 01:24:30,907 [icarl.py] => Task 1, Epoch 52/200 => Loss 1.684, Loss_clf 0.685, Loss_kd 0.983, Loss_kernel 0.016, Train_accy 76.92
2025-06-04 01:24:48,157 [icarl.py] => Task 1, Epoch 53/200 => Loss 1.773, Loss_clf 0.762, Loss_kd 0.995, Loss_kernel 0.017, Train_accy 74.38
2025-06-04 01:25:05,017 [icarl.py] => Task 1, Epoch 54/200 => Loss 1.776, Loss_clf 0.757, Loss_kd 1.003, Loss_kernel 0.016, Train_accy 74.24
2025-06-04 01:25:21,895 [icarl.py] => Task 1, Epoch 55/200 => Loss 1.765, Loss_clf 0.752, Loss_kd 0.996, Loss_kernel 0.016, Train_accy 74.76
2025-06-04 01:25:43,646 [icarl.py] => Task 1, Epoch 56/200 => Loss 1.786, Loss_clf 0.759, Loss_kd 1.010, Loss_kernel 0.017, Train_accy 72.29, Test_accy {'Art': 47.22, 'Clipart': 39.29, 'Real World': 58.16, 'Product': 69.7}
2025-06-04 01:26:00,920 [icarl.py] => Task 1, Epoch 57/200 => Loss 1.744, Loss_clf 0.717, Loss_kd 1.010, Loss_kernel 0.018, Train_accy 75.51
2025-06-04 01:26:17,847 [icarl.py] => Task 1, Epoch 58/200 => Loss 1.744, Loss_clf 0.733, Loss_kd 0.994, Loss_kernel 0.017, Train_accy 74.62
2025-06-04 01:26:34,574 [icarl.py] => Task 1, Epoch 59/200 => Loss 1.733, Loss_clf 0.713, Loss_kd 1.002, Loss_kernel 0.017, Train_accy 75.42
2025-06-04 01:26:51,393 [icarl.py] => Task 1, Epoch 60/200 => Loss 1.677, Loss_clf 0.672, Loss_kd 0.988, Loss_kernel 0.017, Train_accy 76.36
2025-06-04 01:27:12,887 [icarl.py] => Task 1, Epoch 61/200 => Loss 1.688, Loss_clf 0.674, Loss_kd 0.997, Loss_kernel 0.017, Train_accy 77.81, Test_accy {'Art': 48.61, 'Clipart': 37.86, 'Real World': 55.32, 'Product': 72.12}
2025-06-04 01:27:29,934 [icarl.py] => Task 1, Epoch 62/200 => Loss 1.637, Loss_clf 0.628, Loss_kd 0.992, Loss_kernel 0.017, Train_accy 77.89
2025-06-04 01:27:46,876 [icarl.py] => Task 1, Epoch 63/200 => Loss 1.583, Loss_clf 0.588, Loss_kd 0.979, Loss_kernel 0.016, Train_accy 80.57
2025-06-04 01:28:03,892 [icarl.py] => Task 1, Epoch 64/200 => Loss 1.637, Loss_clf 0.630, Loss_kd 0.990, Loss_kernel 0.017, Train_accy 78.90
2025-06-04 01:28:20,636 [icarl.py] => Task 1, Epoch 65/200 => Loss 1.626, Loss_clf 0.627, Loss_kd 0.982, Loss_kernel 0.017, Train_accy 78.25
2025-06-04 01:28:42,424 [icarl.py] => Task 1, Epoch 66/200 => Loss 1.663, Loss_clf 0.651, Loss_kd 0.995, Loss_kernel 0.017, Train_accy 77.50, Test_accy {'Art': 37.5, 'Clipart': 38.57, 'Real World': 60.99, 'Product': 72.73}
2025-06-04 01:29:01,257 [icarl.py] => Task 1, Epoch 67/200 => Loss 1.590, Loss_clf 0.590, Loss_kd 0.983, Loss_kernel 0.017, Train_accy 79.22
2025-06-04 01:29:19,082 [icarl.py] => Task 1, Epoch 68/200 => Loss 1.606, Loss_clf 0.612, Loss_kd 0.976, Loss_kernel 0.017, Train_accy 79.03
2025-06-04 01:29:36,391 [icarl.py] => Task 1, Epoch 69/200 => Loss 1.577, Loss_clf 0.579, Loss_kd 0.981, Loss_kernel 0.017, Train_accy 79.97
2025-06-04 01:29:54,610 [icarl.py] => Task 1, Epoch 70/200 => Loss 1.589, Loss_clf 0.583, Loss_kd 0.989, Loss_kernel 0.017, Train_accy 80.12
2025-06-04 01:30:16,577 [icarl.py] => Task 1, Epoch 71/200 => Loss 1.574, Loss_clf 0.584, Loss_kd 0.973, Loss_kernel 0.017, Train_accy 80.81, Test_accy {'Art': 40.28, 'Clipart': 35.0, 'Real World': 54.61, 'Product': 71.52}
2025-06-04 01:30:33,842 [icarl.py] => Task 1, Epoch 72/200 => Loss 1.552, Loss_clf 0.564, Loss_kd 0.971, Loss_kernel 0.017, Train_accy 81.26
2025-06-04 01:30:50,919 [icarl.py] => Task 1, Epoch 73/200 => Loss 1.522, Loss_clf 0.523, Loss_kd 0.982, Loss_kernel 0.017, Train_accy 83.49
2025-06-04 01:31:08,572 [icarl.py] => Task 1, Epoch 74/200 => Loss 1.492, Loss_clf 0.510, Loss_kd 0.965, Loss_kernel 0.017, Train_accy 82.26
2025-06-04 01:31:25,952 [icarl.py] => Task 1, Epoch 75/200 => Loss 1.495, Loss_clf 0.504, Loss_kd 0.974, Loss_kernel 0.018, Train_accy 82.71
2025-06-04 01:31:47,265 [icarl.py] => Task 1, Epoch 76/200 => Loss 1.567, Loss_clf 0.572, Loss_kd 0.978, Loss_kernel 0.017, Train_accy 80.74, Test_accy {'Art': 50.0, 'Clipart': 42.86, 'Real World': 60.99, 'Product': 73.33}
2025-06-04 01:32:04,436 [icarl.py] => Task 1, Epoch 77/200 => Loss 1.502, Loss_clf 0.509, Loss_kd 0.975, Loss_kernel 0.018, Train_accy 82.78
2025-06-04 01:32:22,098 [icarl.py] => Task 1, Epoch 78/200 => Loss 1.488, Loss_clf 0.515, Loss_kd 0.955, Loss_kernel 0.018, Train_accy 82.43
2025-06-04 01:32:40,095 [icarl.py] => Task 1, Epoch 79/200 => Loss 1.560, Loss_clf 0.569, Loss_kd 0.974, Loss_kernel 0.017, Train_accy 81.19
2025-06-04 01:32:57,482 [icarl.py] => Task 1, Epoch 80/200 => Loss 1.556, Loss_clf 0.541, Loss_kd 0.997, Loss_kernel 0.018, Train_accy 81.39
2025-06-04 01:33:20,011 [icarl.py] => Task 1, Epoch 81/200 => Loss 1.489, Loss_clf 0.505, Loss_kd 0.966, Loss_kernel 0.017, Train_accy 83.53, Test_accy {'Art': 45.83, 'Clipart': 40.71, 'Real World': 64.54, 'Product': 73.33}
2025-06-04 01:33:37,577 [icarl.py] => Task 1, Epoch 82/200 => Loss 1.447, Loss_clf 0.454, Loss_kd 0.975, Loss_kernel 0.017, Train_accy 85.71
2025-06-04 01:33:55,312 [icarl.py] => Task 1, Epoch 83/200 => Loss 1.465, Loss_clf 0.469, Loss_kd 0.979, Loss_kernel 0.017, Train_accy 84.78
2025-06-04 01:34:12,256 [icarl.py] => Task 1, Epoch 84/200 => Loss 1.448, Loss_clf 0.464, Loss_kd 0.967, Loss_kernel 0.017, Train_accy 84.86
2025-06-04 01:34:29,908 [icarl.py] => Task 1, Epoch 85/200 => Loss 1.454, Loss_clf 0.469, Loss_kd 0.968, Loss_kernel 0.018, Train_accy 84.38
2025-06-04 01:34:52,545 [icarl.py] => Task 1, Epoch 86/200 => Loss 1.454, Loss_clf 0.462, Loss_kd 0.974, Loss_kernel 0.018, Train_accy 84.29, Test_accy {'Art': 47.22, 'Clipart': 37.14, 'Real World': 60.99, 'Product': 69.7}
2025-06-04 01:35:09,910 [icarl.py] => Task 1, Epoch 87/200 => Loss 1.433, Loss_clf 0.455, Loss_kd 0.962, Loss_kernel 0.016, Train_accy 84.94
2025-06-04 01:35:27,219 [icarl.py] => Task 1, Epoch 88/200 => Loss 1.402, Loss_clf 0.438, Loss_kd 0.947, Loss_kernel 0.017, Train_accy 85.30
2025-06-04 01:35:44,800 [icarl.py] => Task 1, Epoch 89/200 => Loss 1.438, Loss_clf 0.442, Loss_kd 0.978, Loss_kernel 0.018, Train_accy 85.00
2025-06-04 01:36:02,249 [icarl.py] => Task 1, Epoch 90/200 => Loss 1.481, Loss_clf 0.494, Loss_kd 0.970, Loss_kernel 0.017, Train_accy 83.70
2025-06-04 01:36:24,624 [icarl.py] => Task 1, Epoch 91/200 => Loss 1.468, Loss_clf 0.486, Loss_kd 0.965, Loss_kernel 0.017, Train_accy 84.81, Test_accy {'Art': 48.61, 'Clipart': 34.29, 'Real World': 60.28, 'Product': 62.42}
2025-06-04 01:36:42,113 [icarl.py] => Task 1, Epoch 92/200 => Loss 1.415, Loss_clf 0.447, Loss_kd 0.951, Loss_kernel 0.017, Train_accy 86.34
2025-06-04 01:36:59,564 [icarl.py] => Task 1, Epoch 93/200 => Loss 1.426, Loss_clf 0.441, Loss_kd 0.968, Loss_kernel 0.017, Train_accy 85.70
2025-06-04 01:37:16,896 [icarl.py] => Task 1, Epoch 94/200 => Loss 1.549, Loss_clf 0.560, Loss_kd 0.973, Loss_kernel 0.016, Train_accy 82.18
2025-06-04 01:37:34,556 [icarl.py] => Task 1, Epoch 95/200 => Loss 1.405, Loss_clf 0.424, Loss_kd 0.964, Loss_kernel 0.017, Train_accy 86.27
2025-06-04 01:37:56,509 [icarl.py] => Task 1, Epoch 96/200 => Loss 1.366, Loss_clf 0.391, Loss_kd 0.958, Loss_kernel 0.018, Train_accy 87.01, Test_accy {'Art': 47.22, 'Clipart': 42.86, 'Real World': 59.57, 'Product': 67.88}
2025-06-04 01:38:14,198 [icarl.py] => Task 1, Epoch 97/200 => Loss 1.365, Loss_clf 0.387, Loss_kd 0.961, Loss_kernel 0.018, Train_accy 87.18
2025-06-04 01:38:31,404 [icarl.py] => Task 1, Epoch 98/200 => Loss 1.355, Loss_clf 0.383, Loss_kd 0.954, Loss_kernel 0.017, Train_accy 86.90
2025-06-04 01:38:49,009 [icarl.py] => Task 1, Epoch 99/200 => Loss 1.378, Loss_clf 0.403, Loss_kd 0.956, Loss_kernel 0.018, Train_accy 86.78
2025-06-04 01:39:06,567 [icarl.py] => Task 1, Epoch 100/200 => Loss 1.394, Loss_clf 0.410, Loss_kd 0.966, Loss_kernel 0.017, Train_accy 87.14
2025-06-04 01:39:27,922 [icarl.py] => Task 1, Epoch 101/200 => Loss 1.394, Loss_clf 0.405, Loss_kd 0.971, Loss_kernel 0.018, Train_accy 86.33, Test_accy {'Art': 50.0, 'Clipart': 39.29, 'Real World': 63.83, 'Product': 84.24}
2025-06-04 01:39:44,989 [icarl.py] => Task 1, Epoch 102/200 => Loss 1.389, Loss_clf 0.419, Loss_kd 0.953, Loss_kernel 0.017, Train_accy 85.92
2025-06-04 01:40:02,493 [icarl.py] => Task 1, Epoch 103/200 => Loss 1.382, Loss_clf 0.401, Loss_kd 0.964, Loss_kernel 0.017, Train_accy 86.95
2025-06-04 01:40:20,062 [icarl.py] => Task 1, Epoch 104/200 => Loss 1.366, Loss_clf 0.382, Loss_kd 0.967, Loss_kernel 0.017, Train_accy 88.08
2025-06-04 01:40:37,303 [icarl.py] => Task 1, Epoch 105/200 => Loss 1.345, Loss_clf 0.373, Loss_kd 0.955, Loss_kernel 0.017, Train_accy 87.53
2025-06-04 01:40:59,356 [icarl.py] => Task 1, Epoch 106/200 => Loss 1.364, Loss_clf 0.391, Loss_kd 0.955, Loss_kernel 0.017, Train_accy 87.40, Test_accy {'Art': 45.83, 'Clipart': 42.86, 'Real World': 65.25, 'Product': 75.15}
2025-06-04 01:41:16,385 [icarl.py] => Task 1, Epoch 107/200 => Loss 1.323, Loss_clf 0.352, Loss_kd 0.953, Loss_kernel 0.018, Train_accy 88.31
2025-06-04 01:41:32,861 [icarl.py] => Task 1, Epoch 108/200 => Loss 1.338, Loss_clf 0.376, Loss_kd 0.945, Loss_kernel 0.018, Train_accy 87.66
2025-06-04 01:41:50,215 [icarl.py] => Task 1, Epoch 109/200 => Loss 1.318, Loss_clf 0.355, Loss_kd 0.946, Loss_kernel 0.017, Train_accy 88.06
2025-06-04 01:42:07,395 [icarl.py] => Task 1, Epoch 110/200 => Loss 1.295, Loss_clf 0.338, Loss_kd 0.941, Loss_kernel 0.016, Train_accy 89.07
2025-06-04 01:42:29,489 [icarl.py] => Task 1, Epoch 111/200 => Loss 1.315, Loss_clf 0.349, Loss_kd 0.948, Loss_kernel 0.017, Train_accy 89.01, Test_accy {'Art': 55.56, 'Clipart': 45.0, 'Real World': 65.25, 'Product': 79.39}
2025-06-04 01:42:46,770 [icarl.py] => Task 1, Epoch 112/200 => Loss 1.309, Loss_clf 0.348, Loss_kd 0.944, Loss_kernel 0.017, Train_accy 88.63
2025-06-04 01:43:04,109 [icarl.py] => Task 1, Epoch 113/200 => Loss 1.314, Loss_clf 0.353, Loss_kd 0.945, Loss_kernel 0.017, Train_accy 88.72
2025-06-04 01:43:20,932 [icarl.py] => Task 1, Epoch 114/200 => Loss 1.300, Loss_clf 0.338, Loss_kd 0.945, Loss_kernel 0.016, Train_accy 89.89
2025-06-04 01:43:38,453 [icarl.py] => Task 1, Epoch 115/200 => Loss 1.308, Loss_clf 0.339, Loss_kd 0.951, Loss_kernel 0.017, Train_accy 89.75
2025-06-04 01:44:00,786 [icarl.py] => Task 1, Epoch 116/200 => Loss 1.284, Loss_clf 0.318, Loss_kd 0.949, Loss_kernel 0.017, Train_accy 90.07, Test_accy {'Art': 52.78, 'Clipart': 41.43, 'Real World': 58.16, 'Product': 76.97}
2025-06-04 01:44:17,860 [icarl.py] => Task 1, Epoch 117/200 => Loss 1.296, Loss_clf 0.336, Loss_kd 0.943, Loss_kernel 0.018, Train_accy 88.83
2025-06-04 01:44:35,385 [icarl.py] => Task 1, Epoch 118/200 => Loss 1.225, Loss_clf 0.280, Loss_kd 0.928, Loss_kernel 0.017, Train_accy 90.69
2025-06-04 01:44:52,819 [icarl.py] => Task 1, Epoch 119/200 => Loss 1.268, Loss_clf 0.301, Loss_kd 0.950, Loss_kernel 0.017, Train_accy 90.48
2025-06-04 01:45:09,998 [icarl.py] => Task 1, Epoch 120/200 => Loss 1.236, Loss_clf 0.292, Loss_kd 0.926, Loss_kernel 0.017, Train_accy 90.48
2025-06-04 01:45:31,568 [icarl.py] => Task 1, Epoch 121/200 => Loss 1.242, Loss_clf 0.288, Loss_kd 0.937, Loss_kernel 0.017, Train_accy 91.04, Test_accy {'Art': 45.83, 'Clipart': 35.71, 'Real World': 61.7, 'Product': 73.94}
2025-06-04 01:45:49,152 [icarl.py] => Task 1, Epoch 122/200 => Loss 1.228, Loss_clf 0.275, Loss_kd 0.936, Loss_kernel 0.017, Train_accy 90.76
2025-06-04 01:46:06,767 [icarl.py] => Task 1, Epoch 123/200 => Loss 1.236, Loss_clf 0.287, Loss_kd 0.932, Loss_kernel 0.017, Train_accy 91.28
2025-06-04 01:46:23,680 [icarl.py] => Task 1, Epoch 124/200 => Loss 1.227, Loss_clf 0.274, Loss_kd 0.936, Loss_kernel 0.017, Train_accy 91.36
2025-06-04 01:46:41,386 [icarl.py] => Task 1, Epoch 125/200 => Loss 1.273, Loss_clf 0.302, Loss_kd 0.954, Loss_kernel 0.017, Train_accy 90.57
2025-06-04 01:47:03,073 [icarl.py] => Task 1, Epoch 126/200 => Loss 1.227, Loss_clf 0.283, Loss_kd 0.927, Loss_kernel 0.017, Train_accy 90.91, Test_accy {'Art': 55.56, 'Clipart': 37.86, 'Real World': 63.83, 'Product': 73.33}
2025-06-04 01:47:20,231 [icarl.py] => Task 1, Epoch 127/200 => Loss 1.241, Loss_clf 0.281, Loss_kd 0.943, Loss_kernel 0.018, Train_accy 90.60
2025-06-04 01:47:37,682 [icarl.py] => Task 1, Epoch 128/200 => Loss 1.224, Loss_clf 0.268, Loss_kd 0.939, Loss_kernel 0.017, Train_accy 91.77
2025-06-04 01:47:54,112 [icarl.py] => Task 1, Epoch 129/200 => Loss 1.212, Loss_clf 0.253, Loss_kd 0.943, Loss_kernel 0.017, Train_accy 91.87
2025-06-04 01:48:11,329 [icarl.py] => Task 1, Epoch 130/200 => Loss 1.216, Loss_clf 0.259, Loss_kd 0.940, Loss_kernel 0.017, Train_accy 91.90
2025-06-04 01:48:33,207 [icarl.py] => Task 1, Epoch 131/200 => Loss 1.207, Loss_clf 0.261, Loss_kd 0.930, Loss_kernel 0.017, Train_accy 90.83, Test_accy {'Art': 52.78, 'Clipart': 42.86, 'Real World': 65.25, 'Product': 77.58}
2025-06-04 01:48:50,443 [icarl.py] => Task 1, Epoch 132/200 => Loss 1.230, Loss_clf 0.270, Loss_kd 0.943, Loss_kernel 0.017, Train_accy 91.26
2025-06-04 01:49:07,512 [icarl.py] => Task 1, Epoch 133/200 => Loss 1.186, Loss_clf 0.245, Loss_kd 0.925, Loss_kernel 0.016, Train_accy 92.67
2025-06-04 01:49:25,215 [icarl.py] => Task 1, Epoch 134/200 => Loss 1.208, Loss_clf 0.259, Loss_kd 0.932, Loss_kernel 0.017, Train_accy 91.81
2025-06-04 01:49:42,074 [icarl.py] => Task 1, Epoch 135/200 => Loss 1.160, Loss_clf 0.223, Loss_kd 0.920, Loss_kernel 0.016, Train_accy 93.38
2025-06-04 01:50:04,147 [icarl.py] => Task 1, Epoch 136/200 => Loss 1.197, Loss_clf 0.257, Loss_kd 0.924, Loss_kernel 0.017, Train_accy 92.19, Test_accy {'Art': 55.56, 'Clipart': 40.0, 'Real World': 68.09, 'Product': 81.82}
2025-06-04 01:50:22,237 [icarl.py] => Task 1, Epoch 137/200 => Loss 1.181, Loss_clf 0.224, Loss_kd 0.940, Loss_kernel 0.017, Train_accy 93.33
2025-06-04 01:50:38,901 [icarl.py] => Task 1, Epoch 138/200 => Loss 1.178, Loss_clf 0.241, Loss_kd 0.920, Loss_kernel 0.017, Train_accy 92.07
2025-06-04 01:50:55,814 [icarl.py] => Task 1, Epoch 139/200 => Loss 1.184, Loss_clf 0.242, Loss_kd 0.926, Loss_kernel 0.017, Train_accy 92.90
2025-06-04 01:51:13,126 [icarl.py] => Task 1, Epoch 140/200 => Loss 1.177, Loss_clf 0.241, Loss_kd 0.919, Loss_kernel 0.017, Train_accy 92.25
2025-06-04 01:51:35,450 [icarl.py] => Task 1, Epoch 141/200 => Loss 1.169, Loss_clf 0.233, Loss_kd 0.920, Loss_kernel 0.016, Train_accy 93.00, Test_accy {'Art': 52.78, 'Clipart': 41.43, 'Real World': 60.28, 'Product': 82.42}
2025-06-04 01:51:53,288 [icarl.py] => Task 1, Epoch 142/200 => Loss 1.194, Loss_clf 0.241, Loss_kd 0.937, Loss_kernel 0.016, Train_accy 92.12
2025-06-04 01:52:10,080 [icarl.py] => Task 1, Epoch 143/200 => Loss 1.153, Loss_clf 0.218, Loss_kd 0.919, Loss_kernel 0.016, Train_accy 93.16
2025-06-04 01:52:27,075 [icarl.py] => Task 1, Epoch 144/200 => Loss 1.168, Loss_clf 0.226, Loss_kd 0.925, Loss_kernel 0.016, Train_accy 92.67
2025-06-04 01:52:43,642 [icarl.py] => Task 1, Epoch 145/200 => Loss 1.129, Loss_clf 0.198, Loss_kd 0.915, Loss_kernel 0.016, Train_accy 93.93
2025-06-04 01:53:05,350 [icarl.py] => Task 1, Epoch 146/200 => Loss 1.129, Loss_clf 0.200, Loss_kd 0.913, Loss_kernel 0.016, Train_accy 94.61, Test_accy {'Art': 50.0, 'Clipart': 38.57, 'Real World': 67.38, 'Product': 80.0}
2025-06-04 01:53:21,928 [icarl.py] => Task 1, Epoch 147/200 => Loss 1.137, Loss_clf 0.204, Loss_kd 0.918, Loss_kernel 0.016, Train_accy 93.47
2025-06-04 01:53:37,227 [icarl.py] => Task 1, Epoch 148/200 => Loss 1.116, Loss_clf 0.196, Loss_kd 0.905, Loss_kernel 0.016, Train_accy 94.06
2025-06-04 01:53:53,031 [icarl.py] => Task 1, Epoch 149/200 => Loss 1.121, Loss_clf 0.187, Loss_kd 0.918, Loss_kernel 0.016, Train_accy 94.47
2025-06-04 01:54:09,226 [icarl.py] => Task 1, Epoch 150/200 => Loss 1.138, Loss_clf 0.193, Loss_kd 0.928, Loss_kernel 0.016, Train_accy 93.50
2025-06-04 01:54:30,564 [icarl.py] => Task 1, Epoch 151/200 => Loss 1.137, Loss_clf 0.210, Loss_kd 0.911, Loss_kernel 0.016, Train_accy 93.68, Test_accy {'Art': 51.39, 'Clipart': 38.57, 'Real World': 63.12, 'Product': 78.18}
2025-06-04 01:54:46,971 [icarl.py] => Task 1, Epoch 152/200 => Loss 1.121, Loss_clf 0.191, Loss_kd 0.913, Loss_kernel 0.017, Train_accy 94.11
2025-06-04 01:55:03,864 [icarl.py] => Task 1, Epoch 153/200 => Loss 1.110, Loss_clf 0.177, Loss_kd 0.917, Loss_kernel 0.016, Train_accy 94.87
2025-06-04 01:55:19,850 [icarl.py] => Task 1, Epoch 154/200 => Loss 1.108, Loss_clf 0.187, Loss_kd 0.905, Loss_kernel 0.016, Train_accy 94.51
2025-06-04 01:55:36,763 [icarl.py] => Task 1, Epoch 155/200 => Loss 1.112, Loss_clf 0.184, Loss_kd 0.912, Loss_kernel 0.016, Train_accy 94.40
2025-06-04 01:55:57,249 [icarl.py] => Task 1, Epoch 156/200 => Loss 1.109, Loss_clf 0.187, Loss_kd 0.906, Loss_kernel 0.015, Train_accy 94.16, Test_accy {'Art': 52.78, 'Clipart': 42.14, 'Real World': 66.67, 'Product': 80.61}
2025-06-04 01:56:13,398 [icarl.py] => Task 1, Epoch 157/200 => Loss 1.101, Loss_clf 0.183, Loss_kd 0.902, Loss_kernel 0.015, Train_accy 94.59
2025-06-04 01:56:30,258 [icarl.py] => Task 1, Epoch 158/200 => Loss 1.103, Loss_clf 0.179, Loss_kd 0.909, Loss_kernel 0.015, Train_accy 94.89
2025-06-04 01:56:46,705 [icarl.py] => Task 1, Epoch 159/200 => Loss 1.108, Loss_clf 0.185, Loss_kd 0.908, Loss_kernel 0.015, Train_accy 94.09
2025-06-04 01:57:02,077 [icarl.py] => Task 1, Epoch 160/200 => Loss 1.107, Loss_clf 0.187, Loss_kd 0.905, Loss_kernel 0.015, Train_accy 94.19
2025-06-04 01:57:22,310 [icarl.py] => Task 1, Epoch 161/200 => Loss 1.076, Loss_clf 0.161, Loss_kd 0.899, Loss_kernel 0.016, Train_accy 95.37, Test_accy {'Art': 50.0, 'Clipart': 37.14, 'Real World': 62.41, 'Product': 76.36}
2025-06-04 01:57:38,391 [icarl.py] => Task 1, Epoch 162/200 => Loss 1.090, Loss_clf 0.176, Loss_kd 0.899, Loss_kernel 0.015, Train_accy 95.37
2025-06-04 01:57:54,605 [icarl.py] => Task 1, Epoch 163/200 => Loss 1.080, Loss_clf 0.164, Loss_kd 0.900, Loss_kernel 0.015, Train_accy 94.87
2025-06-04 01:58:11,246 [icarl.py] => Task 1, Epoch 164/200 => Loss 1.082, Loss_clf 0.164, Loss_kd 0.903, Loss_kernel 0.015, Train_accy 95.35
2025-06-04 01:58:27,869 [icarl.py] => Task 1, Epoch 165/200 => Loss 1.085, Loss_clf 0.160, Loss_kd 0.909, Loss_kernel 0.016, Train_accy 95.71
2025-06-04 01:58:47,504 [icarl.py] => Task 1, Epoch 166/200 => Loss 1.059, Loss_clf 0.149, Loss_kd 0.895, Loss_kernel 0.015, Train_accy 95.72, Test_accy {'Art': 50.0, 'Clipart': 39.29, 'Real World': 67.38, 'Product': 77.58}
2025-06-04 01:59:03,645 [icarl.py] => Task 1, Epoch 167/200 => Loss 1.075, Loss_clf 0.153, Loss_kd 0.907, Loss_kernel 0.015, Train_accy 95.55
2025-06-04 01:59:20,127 [icarl.py] => Task 1, Epoch 168/200 => Loss 1.101, Loss_clf 0.179, Loss_kd 0.907, Loss_kernel 0.015, Train_accy 94.53
2025-06-04 01:59:36,959 [icarl.py] => Task 1, Epoch 169/200 => Loss 1.081, Loss_clf 0.174, Loss_kd 0.891, Loss_kernel 0.015, Train_accy 94.67
2025-06-04 01:59:53,598 [icarl.py] => Task 1, Epoch 170/200 => Loss 1.066, Loss_clf 0.138, Loss_kd 0.914, Loss_kernel 0.015, Train_accy 95.82
2025-06-04 02:00:14,534 [icarl.py] => Task 1, Epoch 171/200 => Loss 1.077, Loss_clf 0.157, Loss_kd 0.905, Loss_kernel 0.015, Train_accy 95.49, Test_accy {'Art': 50.0, 'Clipart': 41.43, 'Real World': 68.79, 'Product': 76.97}
2025-06-04 02:00:30,158 [icarl.py] => Task 1, Epoch 172/200 => Loss 1.065, Loss_clf 0.155, Loss_kd 0.895, Loss_kernel 0.015, Train_accy 95.70
2025-06-04 02:00:45,606 [icarl.py] => Task 1, Epoch 173/200 => Loss 1.065, Loss_clf 0.148, Loss_kd 0.902, Loss_kernel 0.015, Train_accy 95.52
2025-06-04 02:01:01,532 [icarl.py] => Task 1, Epoch 174/200 => Loss 1.057, Loss_clf 0.146, Loss_kd 0.895, Loss_kernel 0.015, Train_accy 96.13
2025-06-04 02:01:17,291 [icarl.py] => Task 1, Epoch 175/200 => Loss 1.079, Loss_clf 0.153, Loss_kd 0.912, Loss_kernel 0.015, Train_accy 95.81
2025-06-04 02:01:38,588 [icarl.py] => Task 1, Epoch 176/200 => Loss 1.083, Loss_clf 0.164, Loss_kd 0.904, Loss_kernel 0.015, Train_accy 95.13, Test_accy {'Art': 52.78, 'Clipart': 42.86, 'Real World': 68.09, 'Product': 78.79}
2025-06-04 02:01:54,062 [icarl.py] => Task 1, Epoch 177/200 => Loss 1.051, Loss_clf 0.134, Loss_kd 0.903, Loss_kernel 0.015, Train_accy 96.38
2025-06-04 02:02:10,653 [icarl.py] => Task 1, Epoch 178/200 => Loss 1.068, Loss_clf 0.151, Loss_kd 0.901, Loss_kernel 0.015, Train_accy 95.72
2025-06-04 02:02:25,616 [icarl.py] => Task 1, Epoch 179/200 => Loss 1.064, Loss_clf 0.147, Loss_kd 0.903, Loss_kernel 0.015, Train_accy 95.63
2025-06-04 02:02:41,164 [icarl.py] => Task 1, Epoch 180/200 => Loss 1.042, Loss_clf 0.128, Loss_kd 0.900, Loss_kernel 0.015, Train_accy 96.76
2025-06-04 02:03:01,668 [icarl.py] => Task 1, Epoch 181/200 => Loss 1.034, Loss_clf 0.125, Loss_kd 0.894, Loss_kernel 0.015, Train_accy 96.46, Test_accy {'Art': 52.78, 'Clipart': 37.86, 'Real World': 64.54, 'Product': 76.97}
2025-06-04 02:03:18,835 [icarl.py] => Task 1, Epoch 182/200 => Loss 1.033, Loss_clf 0.118, Loss_kd 0.900, Loss_kernel 0.015, Train_accy 97.06
2025-06-04 02:03:35,106 [icarl.py] => Task 1, Epoch 183/200 => Loss 1.047, Loss_clf 0.143, Loss_kd 0.889, Loss_kernel 0.015, Train_accy 96.04
2025-06-04 02:03:51,060 [icarl.py] => Task 1, Epoch 184/200 => Loss 1.036, Loss_clf 0.125, Loss_kd 0.897, Loss_kernel 0.015, Train_accy 96.95
2025-06-04 02:04:07,402 [icarl.py] => Task 1, Epoch 185/200 => Loss 1.053, Loss_clf 0.132, Loss_kd 0.905, Loss_kernel 0.015, Train_accy 96.06
2025-06-04 02:04:27,827 [icarl.py] => Task 1, Epoch 186/200 => Loss 1.027, Loss_clf 0.109, Loss_kd 0.903, Loss_kernel 0.015, Train_accy 97.51, Test_accy {'Art': 52.78, 'Clipart': 40.0, 'Real World': 64.54, 'Product': 80.61}
2025-06-04 02:04:43,767 [icarl.py] => Task 1, Epoch 187/200 => Loss 1.031, Loss_clf 0.132, Loss_kd 0.885, Loss_kernel 0.015, Train_accy 96.66
2025-06-04 02:05:00,234 [icarl.py] => Task 1, Epoch 188/200 => Loss 1.042, Loss_clf 0.135, Loss_kd 0.893, Loss_kernel 0.015, Train_accy 96.52
2025-06-04 02:05:15,869 [icarl.py] => Task 1, Epoch 189/200 => Loss 1.024, Loss_clf 0.127, Loss_kd 0.883, Loss_kernel 0.015, Train_accy 96.51
2025-06-04 02:05:31,831 [icarl.py] => Task 1, Epoch 190/200 => Loss 1.043, Loss_clf 0.131, Loss_kd 0.898, Loss_kernel 0.015, Train_accy 96.55
2025-06-04 02:05:52,483 [icarl.py] => Task 1, Epoch 191/200 => Loss 1.026, Loss_clf 0.120, Loss_kd 0.891, Loss_kernel 0.015, Train_accy 96.76, Test_accy {'Art': 51.39, 'Clipart': 40.0, 'Real World': 65.96, 'Product': 77.58}
2025-06-04 02:06:10,528 [icarl.py] => Task 1, Epoch 192/200 => Loss 1.014, Loss_clf 0.118, Loss_kd 0.882, Loss_kernel 0.014, Train_accy 96.84
2025-06-04 02:06:27,457 [icarl.py] => Task 1, Epoch 193/200 => Loss 1.036, Loss_clf 0.117, Loss_kd 0.905, Loss_kernel 0.015, Train_accy 97.09
2025-06-04 02:06:43,456 [icarl.py] => Task 1, Epoch 194/200 => Loss 1.016, Loss_clf 0.109, Loss_kd 0.892, Loss_kernel 0.015, Train_accy 96.92
2025-06-04 02:07:01,026 [icarl.py] => Task 1, Epoch 195/200 => Loss 1.044, Loss_clf 0.128, Loss_kd 0.902, Loss_kernel 0.015, Train_accy 96.64
2025-06-04 02:07:22,075 [icarl.py] => Task 1, Epoch 196/200 => Loss 1.051, Loss_clf 0.142, Loss_kd 0.894, Loss_kernel 0.015, Train_accy 96.08, Test_accy {'Art': 48.61, 'Clipart': 37.14, 'Real World': 66.67, 'Product': 77.58}
2025-06-04 02:07:37,239 [icarl.py] => Task 1, Epoch 197/200 => Loss 1.036, Loss_clf 0.130, Loss_kd 0.891, Loss_kernel 0.015, Train_accy 96.31
2025-06-04 02:07:53,628 [icarl.py] => Task 1, Epoch 198/200 => Loss 1.033, Loss_clf 0.117, Loss_kd 0.902, Loss_kernel 0.015, Train_accy 96.71
2025-06-04 02:08:09,918 [icarl.py] => Task 1, Epoch 199/200 => Loss 1.057, Loss_clf 0.151, Loss_kd 0.891, Loss_kernel 0.015, Train_accy 96.18
2025-06-04 02:08:26,742 [icarl.py] => Task 1, Epoch 200/200 => Loss 1.037, Loss_clf 0.135, Loss_kd 0.887, Loss_kernel 0.015, Train_accy 96.30
2025-06-04 02:08:26,743 [base.py] => Reducing exemplars...(130 per classes)
2025-06-04 02:08:35,464 [base.py] => Constructing exemplars...(130 per classes)
2025-06-04 02:08:57,826 [icarl.py] => Exemplar size: 1300
2025-06-04 02:08:58,983 [trainer.py] => CNN [Art]: {'total': 47.22, '00-04': 57.89, '05-09': 35.29, 'old': 57.89, 'new': 35.29}
2025-06-04 02:08:58,983 [trainer.py] => NME [Art]: {'total': 52.78, '00-04': 63.16, '05-09': 41.18, 'old': 63.16, 'new': 41.18}
2025-06-04 02:08:58,983 [trainer.py] => CNN [Art] top1 curve: [63.16, 47.22]
2025-06-04 02:08:58,983 [trainer.py] => CNN [Art] top5 curve: [92.11, 77.78]
2025-06-04 02:08:58,984 [trainer.py] => NME [Art] top1 curve: [63.16, 52.78]
2025-06-04 02:08:58,984 [trainer.py] => NME [Art] top5 curve: [100.0, 84.72]
2025-06-04 02:08:58,984 [trainer.py] => Average Accuracy [Art] (CNN): 55.19
2025-06-04 02:08:58,984 [trainer.py] => Average Accuracy [Art] (NME): 57.97
2025-06-04 02:08:58,984 [trainer.py] => CNN [Clipart]: {'total': 40.0, '00-04': 53.85, '05-09': 22.58, 'old': 53.85, 'new': 22.58}
2025-06-04 02:08:58,984 [trainer.py] => NME [Clipart]: {'total': 45.71, '00-04': 52.56, '05-09': 37.1, 'old': 52.56, 'new': 37.1}
2025-06-04 02:08:58,984 [trainer.py] => CNN [Clipart] top1 curve: [50.0, 40.0]
2025-06-04 02:08:58,984 [trainer.py] => CNN [Clipart] top5 curve: [96.15, 74.29]
2025-06-04 02:08:58,984 [trainer.py] => NME [Clipart] top1 curve: [52.56, 45.71]
2025-06-04 02:08:58,985 [trainer.py] => NME [Clipart] top5 curve: [100.0, 80.71]
2025-06-04 02:08:58,985 [trainer.py] => Average Accuracy [Clipart] (CNN): 45.0
2025-06-04 02:08:58,985 [trainer.py] => Average Accuracy [Clipart] (NME): 49.135000000000005
2025-06-04 02:08:58,985 [trainer.py] => CNN [Product]: {'total': 78.79, '00-04': 89.41, '05-09': 67.5, 'old': 89.41, 'new': 67.5}
2025-06-04 02:08:58,985 [trainer.py] => NME [Product]: {'total': 86.67, '00-04': 90.59, '05-09': 82.5, 'old': 90.59, 'new': 82.5}
2025-06-04 02:08:58,985 [trainer.py] => CNN [Product] top1 curve: [87.06, 78.79]
2025-06-04 02:08:58,985 [trainer.py] => CNN [Product] top5 curve: [100.0, 98.79]
2025-06-04 02:08:58,985 [trainer.py] => NME [Product] top1 curve: [89.41, 86.67]
2025-06-04 02:08:58,986 [trainer.py] => NME [Product] top5 curve: [100.0, 99.39]
2025-06-04 02:08:58,986 [trainer.py] => Average Accuracy [Product] (CNN): 82.92500000000001
2025-06-04 02:08:58,986 [trainer.py] => Average Accuracy [Product] (NME): 88.03999999999999
2025-06-04 02:08:58,986 [trainer.py] => CNN [Real World]: {'total': 64.54, '00-04': 80.82, '05-09': 47.06, 'old': 80.82, 'new': 47.06}
2025-06-04 02:08:58,986 [trainer.py] => NME [Real World]: {'total': 70.92, '00-04': 75.34, '05-09': 66.18, 'old': 75.34, 'new': 66.18}
2025-06-04 02:08:58,986 [trainer.py] => CNN [Real World] top1 curve: [73.97, 64.54]
2025-06-04 02:08:58,986 [trainer.py] => CNN [Real World] top5 curve: [98.63, 90.78]
2025-06-04 02:08:58,986 [trainer.py] => NME [Real World] top1 curve: [78.08, 70.92]
2025-06-04 02:08:58,986 [trainer.py] => NME [Real World] top5 curve: [100.0, 96.45]
2025-06-04 02:08:58,986 [trainer.py] => Average Accuracy [Real World] (CNN): 69.255
2025-06-04 02:08:58,987 [trainer.py] => Average Accuracy [Real World] (NME): 74.5
2025-06-04 02:08:58,987 [trainer.py] => NME Harmonic Mean : 55.3440
2025-06-04 02:08:58,987 [trainer.py] => NME Macro Mean : 64.0200
2025-06-04 02:08:58,987 [trainer.py] => CNN Harmonic Mean : 49.0871
2025-06-04 02:08:58,987 [trainer.py] => CNN Macro Mean : 57.6375
2025-06-04 02:08:58,988 [trainer.py] => All params: 21294932
2025-06-04 02:08:58,989 [trainer.py] => Trainable params: 21294932
2025-06-04 02:08:58,991 [icarl.py] => Learning on 10-15
2025-06-04 02:09:21,977 [icarl.py] => Task 2, Epoch 1/200 => Loss 3.863, Loss_clf 2.188, Loss_kd 1.666, Loss_kernel 0.009, Train_accy 40.02, Test_accy {'Art': 29.36, 'Clipart': 20.87, 'Real World': 30.52, 'Product': 41.85}
2025-06-04 02:09:38,314 [icarl.py] => Task 2, Epoch 2/200 => Loss 3.578, Loss_clf 1.874, Loss_kd 1.694, Loss_kernel 0.010, Train_accy 41.06
2025-06-04 02:09:54,788 [icarl.py] => Task 2, Epoch 3/200 => Loss 3.342, Loss_clf 1.696, Loss_kd 1.637, Loss_kernel 0.010, Train_accy 46.05
2025-06-04 02:10:11,542 [icarl.py] => Task 2, Epoch 4/200 => Loss 3.231, Loss_clf 1.618, Loss_kd 1.603, Loss_kernel 0.009, Train_accy 49.43
2025-06-04 02:10:28,105 [icarl.py] => Task 2, Epoch 5/200 => Loss 3.147, Loss_clf 1.549, Loss_kd 1.589, Loss_kernel 0.010, Train_accy 50.41
2025-06-04 02:10:50,791 [icarl.py] => Task 2, Epoch 6/200 => Loss 3.096, Loss_clf 1.506, Loss_kd 1.579, Loss_kernel 0.010, Train_accy 52.22, Test_accy {'Art': 42.2, 'Clipart': 25.24, 'Real World': 48.36, 'Product': 68.72}
2025-06-04 02:11:07,604 [icarl.py] => Task 2, Epoch 7/200 => Loss 3.021, Loss_clf 1.448, Loss_kd 1.564, Loss_kernel 0.009, Train_accy 54.30
2025-06-04 02:11:24,654 [icarl.py] => Task 2, Epoch 8/200 => Loss 2.882, Loss_clf 1.343, Loss_kd 1.530, Loss_kernel 0.009, Train_accy 56.90
2025-06-04 02:11:40,941 [icarl.py] => Task 2, Epoch 9/200 => Loss 2.849, Loss_clf 1.316, Loss_kd 1.526, Loss_kernel 0.008, Train_accy 57.40
2025-06-04 02:11:56,971 [icarl.py] => Task 2, Epoch 10/200 => Loss 2.815, Loss_clf 1.280, Loss_kd 1.527, Loss_kernel 0.008, Train_accy 59.27
2025-06-04 02:12:19,686 [icarl.py] => Task 2, Epoch 11/200 => Loss 2.878, Loss_clf 1.326, Loss_kd 1.543, Loss_kernel 0.009, Train_accy 57.62, Test_accy {'Art': 40.37, 'Clipart': 22.82, 'Real World': 40.85, 'Product': 38.33}
2025-06-04 02:12:35,648 [icarl.py] => Task 2, Epoch 12/200 => Loss 2.718, Loss_clf 1.200, Loss_kd 1.509, Loss_kernel 0.009, Train_accy 61.99
2025-06-04 02:12:52,007 [icarl.py] => Task 2, Epoch 13/200 => Loss 2.693, Loss_clf 1.195, Loss_kd 1.489, Loss_kernel 0.009, Train_accy 62.08
2025-06-04 02:13:08,517 [icarl.py] => Task 2, Epoch 14/200 => Loss 2.586, Loss_clf 1.101, Loss_kd 1.477, Loss_kernel 0.008, Train_accy 65.05
2025-06-04 02:13:25,362 [icarl.py] => Task 2, Epoch 15/200 => Loss 2.641, Loss_clf 1.141, Loss_kd 1.491, Loss_kernel 0.009, Train_accy 64.19
2025-06-04 02:13:48,110 [icarl.py] => Task 2, Epoch 16/200 => Loss 2.600, Loss_clf 1.104, Loss_kd 1.487, Loss_kernel 0.008, Train_accy 63.70, Test_accy {'Art': 44.04, 'Clipart': 33.98, 'Real World': 56.34, 'Product': 75.77}
2025-06-04 02:14:04,763 [icarl.py] => Task 2, Epoch 17/200 => Loss 2.512, Loss_clf 1.038, Loss_kd 1.466, Loss_kernel 0.008, Train_accy 66.31
2025-06-04 02:14:21,342 [icarl.py] => Task 2, Epoch 18/200 => Loss 2.471, Loss_clf 1.013, Loss_kd 1.451, Loss_kernel 0.008, Train_accy 67.27
2025-06-04 02:14:37,905 [icarl.py] => Task 2, Epoch 19/200 => Loss 2.395, Loss_clf 0.941, Loss_kd 1.446, Loss_kernel 0.008, Train_accy 70.44
2025-06-04 02:14:54,846 [icarl.py] => Task 2, Epoch 20/200 => Loss 2.535, Loss_clf 1.050, Loss_kd 1.476, Loss_kernel 0.009, Train_accy 66.33
2025-06-04 02:15:17,732 [icarl.py] => Task 2, Epoch 21/200 => Loss 2.452, Loss_clf 0.976, Loss_kd 1.468, Loss_kernel 0.008, Train_accy 68.15, Test_accy {'Art': 38.53, 'Clipart': 28.64, 'Real World': 46.95, 'Product': 62.56}
2025-06-04 02:15:34,322 [icarl.py] => Task 2, Epoch 22/200 => Loss 2.393, Loss_clf 0.934, Loss_kd 1.450, Loss_kernel 0.008, Train_accy 69.16
2025-06-04 02:15:51,001 [icarl.py] => Task 2, Epoch 23/200 => Loss 2.320, Loss_clf 0.881, Loss_kd 1.431, Loss_kernel 0.008, Train_accy 71.06
2025-06-04 02:16:07,565 [icarl.py] => Task 2, Epoch 24/200 => Loss 2.401, Loss_clf 0.930, Loss_kd 1.462, Loss_kernel 0.008, Train_accy 70.29
2025-06-04 02:16:24,284 [icarl.py] => Task 2, Epoch 25/200 => Loss 2.330, Loss_clf 0.876, Loss_kd 1.447, Loss_kernel 0.008, Train_accy 72.35
2025-06-04 02:16:47,277 [icarl.py] => Task 2, Epoch 26/200 => Loss 2.300, Loss_clf 0.850, Loss_kd 1.442, Loss_kernel 0.008, Train_accy 72.74, Test_accy {'Art': 37.61, 'Clipart': 22.82, 'Real World': 46.95, 'Product': 52.86}
2025-06-04 02:17:03,976 [icarl.py] => Task 2, Epoch 27/200 => Loss 2.335, Loss_clf 0.891, Loss_kd 1.437, Loss_kernel 0.008, Train_accy 70.77
2025-06-04 02:17:20,611 [icarl.py] => Task 2, Epoch 28/200 => Loss 2.265, Loss_clf 0.820, Loss_kd 1.437, Loss_kernel 0.008, Train_accy 72.58
2025-06-04 02:17:37,086 [icarl.py] => Task 2, Epoch 29/200 => Loss 2.266, Loss_clf 0.829, Loss_kd 1.429, Loss_kernel 0.008, Train_accy 73.69
2025-06-04 02:17:53,395 [icarl.py] => Task 2, Epoch 30/200 => Loss 2.331, Loss_clf 0.866, Loss_kd 1.457, Loss_kernel 0.008, Train_accy 71.44
2025-06-04 02:18:15,891 [icarl.py] => Task 2, Epoch 31/200 => Loss 2.219, Loss_clf 0.787, Loss_kd 1.423, Loss_kernel 0.008, Train_accy 73.73, Test_accy {'Art': 43.12, 'Clipart': 25.24, 'Real World': 52.58, 'Product': 63.88}
2025-06-04 02:18:32,514 [icarl.py] => Task 2, Epoch 32/200 => Loss 2.226, Loss_clf 0.787, Loss_kd 1.431, Loss_kernel 0.008, Train_accy 74.57
2025-06-04 02:18:49,294 [icarl.py] => Task 2, Epoch 33/200 => Loss 2.242, Loss_clf 0.811, Loss_kd 1.423, Loss_kernel 0.008, Train_accy 73.65
2025-06-04 02:19:05,823 [icarl.py] => Task 2, Epoch 34/200 => Loss 2.227, Loss_clf 0.798, Loss_kd 1.422, Loss_kernel 0.008, Train_accy 74.46
2025-06-04 02:19:22,037 [icarl.py] => Task 2, Epoch 35/200 => Loss 2.152, Loss_clf 0.722, Loss_kd 1.422, Loss_kernel 0.008, Train_accy 76.24
2025-06-04 02:19:44,331 [icarl.py] => Task 2, Epoch 36/200 => Loss 2.201, Loss_clf 0.777, Loss_kd 1.416, Loss_kernel 0.008, Train_accy 75.02, Test_accy {'Art': 46.79, 'Clipart': 25.24, 'Real World': 47.42, 'Product': 60.35}
2025-06-04 02:20:00,531 [icarl.py] => Task 2, Epoch 37/200 => Loss 2.183, Loss_clf 0.764, Loss_kd 1.411, Loss_kernel 0.008, Train_accy 75.70
2025-06-04 02:20:16,578 [icarl.py] => Task 2, Epoch 38/200 => Loss 2.130, Loss_clf 0.713, Loss_kd 1.409, Loss_kernel 0.008, Train_accy 76.45
2025-06-04 02:20:33,164 [icarl.py] => Task 2, Epoch 39/200 => Loss 2.154, Loss_clf 0.724, Loss_kd 1.422, Loss_kernel 0.008, Train_accy 76.17
2025-06-04 02:20:49,394 [icarl.py] => Task 2, Epoch 40/200 => Loss 2.083, Loss_clf 0.679, Loss_kd 1.396, Loss_kernel 0.007, Train_accy 78.33
2025-06-04 02:21:12,523 [icarl.py] => Task 2, Epoch 41/200 => Loss 2.084, Loss_clf 0.669, Loss_kd 1.407, Loss_kernel 0.008, Train_accy 79.10, Test_accy {'Art': 38.53, 'Clipart': 30.1, 'Real World': 53.99, 'Product': 51.54}
2025-06-04 02:21:29,238 [icarl.py] => Task 2, Epoch 42/200 => Loss 2.098, Loss_clf 0.692, Loss_kd 1.398, Loss_kernel 0.008, Train_accy 77.76
2025-06-04 02:21:45,900 [icarl.py] => Task 2, Epoch 43/200 => Loss 2.146, Loss_clf 0.726, Loss_kd 1.413, Loss_kernel 0.008, Train_accy 76.75
2025-06-04 02:22:02,735 [icarl.py] => Task 2, Epoch 44/200 => Loss 2.152, Loss_clf 0.735, Loss_kd 1.409, Loss_kernel 0.008, Train_accy 77.28
2025-06-04 02:22:19,750 [icarl.py] => Task 2, Epoch 45/200 => Loss 2.086, Loss_clf 0.669, Loss_kd 1.410, Loss_kernel 0.008, Train_accy 78.79
2025-06-04 02:22:42,062 [icarl.py] => Task 2, Epoch 46/200 => Loss 2.054, Loss_clf 0.650, Loss_kd 1.396, Loss_kernel 0.008, Train_accy 79.70, Test_accy {'Art': 44.04, 'Clipart': 34.47, 'Real World': 54.93, 'Product': 75.77}
2025-06-04 02:22:57,649 [icarl.py] => Task 2, Epoch 47/200 => Loss 2.005, Loss_clf 0.603, Loss_kd 1.394, Loss_kernel 0.008, Train_accy 81.05
2025-06-04 02:23:13,740 [icarl.py] => Task 2, Epoch 48/200 => Loss 2.006, Loss_clf 0.621, Loss_kd 1.378, Loss_kernel 0.008, Train_accy 80.33
2025-06-04 02:23:30,306 [icarl.py] => Task 2, Epoch 49/200 => Loss 1.996, Loss_clf 0.602, Loss_kd 1.387, Loss_kernel 0.008, Train_accy 80.99
2025-06-04 02:23:46,670 [icarl.py] => Task 2, Epoch 50/200 => Loss 1.992, Loss_clf 0.593, Loss_kd 1.391, Loss_kernel 0.008, Train_accy 80.10
2025-06-04 02:24:09,244 [icarl.py] => Task 2, Epoch 51/200 => Loss 2.043, Loss_clf 0.625, Loss_kd 1.410, Loss_kernel 0.008, Train_accy 80.52, Test_accy {'Art': 39.45, 'Clipart': 30.58, 'Real World': 56.34, 'Product': 78.85}
2025-06-04 02:24:25,482 [icarl.py] => Task 2, Epoch 52/200 => Loss 1.988, Loss_clf 0.593, Loss_kd 1.387, Loss_kernel 0.007, Train_accy 80.95
2025-06-04 02:24:41,749 [icarl.py] => Task 2, Epoch 53/200 => Loss 1.998, Loss_clf 0.598, Loss_kd 1.393, Loss_kernel 0.008, Train_accy 81.13
2025-06-04 02:24:58,481 [icarl.py] => Task 2, Epoch 54/200 => Loss 1.967, Loss_clf 0.584, Loss_kd 1.376, Loss_kernel 0.008, Train_accy 81.81
2025-06-04 02:25:14,702 [icarl.py] => Task 2, Epoch 55/200 => Loss 1.981, Loss_clf 0.586, Loss_kd 1.387, Loss_kernel 0.008, Train_accy 81.92
2025-06-04 02:25:37,345 [icarl.py] => Task 2, Epoch 56/200 => Loss 1.988, Loss_clf 0.598, Loss_kd 1.383, Loss_kernel 0.007, Train_accy 81.05, Test_accy {'Art': 40.37, 'Clipart': 34.95, 'Real World': 53.05, 'Product': 74.01}
2025-06-04 02:25:53,595 [icarl.py] => Task 2, Epoch 57/200 => Loss 1.988, Loss_clf 0.578, Loss_kd 1.402, Loss_kernel 0.008, Train_accy 81.62
2025-06-04 02:26:09,673 [icarl.py] => Task 2, Epoch 58/200 => Loss 2.017, Loss_clf 0.609, Loss_kd 1.400, Loss_kernel 0.008, Train_accy 80.92
2025-06-04 02:26:25,664 [icarl.py] => Task 2, Epoch 59/200 => Loss 1.991, Loss_clf 0.595, Loss_kd 1.388, Loss_kernel 0.008, Train_accy 81.33
2025-06-04 02:26:42,440 [icarl.py] => Task 2, Epoch 60/200 => Loss 1.951, Loss_clf 0.549, Loss_kd 1.395, Loss_kernel 0.008, Train_accy 83.43
2025-06-04 02:27:04,815 [icarl.py] => Task 2, Epoch 61/200 => Loss 1.931, Loss_clf 0.552, Loss_kd 1.372, Loss_kernel 0.008, Train_accy 82.16, Test_accy {'Art': 46.79, 'Clipart': 31.07, 'Real World': 51.64, 'Product': 78.85}
2025-06-04 02:27:21,205 [icarl.py] => Task 2, Epoch 62/200 => Loss 1.976, Loss_clf 0.578, Loss_kd 1.390, Loss_kernel 0.008, Train_accy 82.12
2025-06-04 02:27:37,999 [icarl.py] => Task 2, Epoch 63/200 => Loss 1.971, Loss_clf 0.579, Loss_kd 1.384, Loss_kernel 0.007, Train_accy 81.56
2025-06-04 02:27:54,319 [icarl.py] => Task 2, Epoch 64/200 => Loss 1.900, Loss_clf 0.513, Loss_kd 1.380, Loss_kernel 0.008, Train_accy 83.84
2025-06-04 02:28:10,429 [icarl.py] => Task 2, Epoch 65/200 => Loss 1.903, Loss_clf 0.518, Loss_kd 1.377, Loss_kernel 0.008, Train_accy 84.08
2025-06-04 02:28:33,420 [icarl.py] => Task 2, Epoch 66/200 => Loss 1.889, Loss_clf 0.506, Loss_kd 1.376, Loss_kernel 0.007, Train_accy 83.81, Test_accy {'Art': 42.2, 'Clipart': 35.44, 'Real World': 53.52, 'Product': 76.65}
2025-06-04 02:28:49,967 [icarl.py] => Task 2, Epoch 67/200 => Loss 1.920, Loss_clf 0.524, Loss_kd 1.389, Loss_kernel 0.008, Train_accy 83.19
2025-06-04 02:29:06,655 [icarl.py] => Task 2, Epoch 68/200 => Loss 1.947, Loss_clf 0.544, Loss_kd 1.396, Loss_kernel 0.007, Train_accy 83.22
2025-06-04 02:29:22,882 [icarl.py] => Task 2, Epoch 69/200 => Loss 1.888, Loss_clf 0.506, Loss_kd 1.375, Loss_kernel 0.007, Train_accy 83.53
2025-06-04 02:29:39,438 [icarl.py] => Task 2, Epoch 70/200 => Loss 1.871, Loss_clf 0.491, Loss_kd 1.373, Loss_kernel 0.008, Train_accy 84.61
2025-06-04 02:30:02,258 [icarl.py] => Task 2, Epoch 71/200 => Loss 1.817, Loss_clf 0.448, Loss_kd 1.362, Loss_kernel 0.007, Train_accy 85.67, Test_accy {'Art': 42.2, 'Clipart': 33.01, 'Real World': 56.34, 'Product': 83.7}
2025-06-04 02:30:18,482 [icarl.py] => Task 2, Epoch 72/200 => Loss 1.833, Loss_clf 0.461, Loss_kd 1.365, Loss_kernel 0.007, Train_accy 85.40
2025-06-04 02:30:34,176 [icarl.py] => Task 2, Epoch 73/200 => Loss 1.875, Loss_clf 0.493, Loss_kd 1.374, Loss_kernel 0.007, Train_accy 84.86
2025-06-04 02:30:50,490 [icarl.py] => Task 2, Epoch 74/200 => Loss 1.875, Loss_clf 0.492, Loss_kd 1.375, Loss_kernel 0.008, Train_accy 84.54
2025-06-04 02:31:05,836 [icarl.py] => Task 2, Epoch 75/200 => Loss 1.860, Loss_clf 0.490, Loss_kd 1.362, Loss_kernel 0.007, Train_accy 85.26
2025-06-04 02:31:27,988 [icarl.py] => Task 2, Epoch 76/200 => Loss 1.845, Loss_clf 0.472, Loss_kd 1.366, Loss_kernel 0.007, Train_accy 85.40, Test_accy {'Art': 49.54, 'Clipart': 29.13, 'Real World': 50.7, 'Product': 72.25}
2025-06-04 02:31:44,631 [icarl.py] => Task 2, Epoch 77/200 => Loss 1.802, Loss_clf 0.446, Loss_kd 1.349, Loss_kernel 0.007, Train_accy 86.34
2025-06-04 02:32:00,613 [icarl.py] => Task 2, Epoch 78/200 => Loss 1.826, Loss_clf 0.457, Loss_kd 1.361, Loss_kernel 0.007, Train_accy 85.69
2025-06-04 02:32:16,911 [icarl.py] => Task 2, Epoch 79/200 => Loss 1.829, Loss_clf 0.462, Loss_kd 1.360, Loss_kernel 0.007, Train_accy 85.73
2025-06-04 02:32:33,074 [icarl.py] => Task 2, Epoch 80/200 => Loss 1.781, Loss_clf 0.420, Loss_kd 1.354, Loss_kernel 0.007, Train_accy 87.30
2025-06-04 02:32:55,382 [icarl.py] => Task 2, Epoch 81/200 => Loss 1.826, Loss_clf 0.450, Loss_kd 1.369, Loss_kernel 0.007, Train_accy 86.11, Test_accy {'Art': 47.71, 'Clipart': 36.41, 'Real World': 52.58, 'Product': 81.94}
2025-06-04 02:33:11,463 [icarl.py] => Task 2, Epoch 82/200 => Loss 1.843, Loss_clf 0.480, Loss_kd 1.356, Loss_kernel 0.007, Train_accy 85.91
2025-06-04 02:33:27,726 [icarl.py] => Task 2, Epoch 83/200 => Loss 1.805, Loss_clf 0.449, Loss_kd 1.349, Loss_kernel 0.007, Train_accy 86.46
2025-06-04 02:33:43,836 [icarl.py] => Task 2, Epoch 84/200 => Loss 1.806, Loss_clf 0.447, Loss_kd 1.352, Loss_kernel 0.007, Train_accy 85.84
2025-06-04 02:34:00,166 [icarl.py] => Task 2, Epoch 85/200 => Loss 1.791, Loss_clf 0.428, Loss_kd 1.355, Loss_kernel 0.007, Train_accy 86.85
2025-06-04 02:34:23,407 [icarl.py] => Task 2, Epoch 86/200 => Loss 1.749, Loss_clf 0.403, Loss_kd 1.339, Loss_kernel 0.007, Train_accy 87.62, Test_accy {'Art': 47.71, 'Clipart': 37.38, 'Real World': 57.75, 'Product': 80.18}
2025-06-04 02:34:39,983 [icarl.py] => Task 2, Epoch 87/200 => Loss 1.758, Loss_clf 0.400, Loss_kd 1.351, Loss_kernel 0.007, Train_accy 87.08
2025-06-04 02:34:56,647 [icarl.py] => Task 2, Epoch 88/200 => Loss 1.725, Loss_clf 0.391, Loss_kd 1.328, Loss_kernel 0.007, Train_accy 87.96
2025-06-04 02:35:12,952 [icarl.py] => Task 2, Epoch 89/200 => Loss 1.762, Loss_clf 0.412, Loss_kd 1.343, Loss_kernel 0.007, Train_accy 87.07
2025-06-04 02:35:28,819 [icarl.py] => Task 2, Epoch 90/200 => Loss 1.730, Loss_clf 0.393, Loss_kd 1.330, Loss_kernel 0.007, Train_accy 87.35
2025-06-04 02:35:51,761 [icarl.py] => Task 2, Epoch 91/200 => Loss 1.749, Loss_clf 0.399, Loss_kd 1.343, Loss_kernel 0.007, Train_accy 88.70, Test_accy {'Art': 41.28, 'Clipart': 32.04, 'Real World': 53.05, 'Product': 75.33}
2025-06-04 02:36:08,311 [icarl.py] => Task 2, Epoch 92/200 => Loss 1.745, Loss_clf 0.391, Loss_kd 1.347, Loss_kernel 0.007, Train_accy 88.01
2025-06-04 02:36:25,286 [icarl.py] => Task 2, Epoch 93/200 => Loss 1.736, Loss_clf 0.383, Loss_kd 1.346, Loss_kernel 0.007, Train_accy 87.91
2025-06-04 02:36:41,337 [icarl.py] => Task 2, Epoch 94/200 => Loss 1.728, Loss_clf 0.387, Loss_kd 1.334, Loss_kernel 0.007, Train_accy 87.74
2025-06-04 02:36:57,370 [icarl.py] => Task 2, Epoch 95/200 => Loss 1.701, Loss_clf 0.361, Loss_kd 1.333, Loss_kernel 0.007, Train_accy 88.48
2025-06-04 02:37:19,919 [icarl.py] => Task 2, Epoch 96/200 => Loss 1.662, Loss_clf 0.340, Loss_kd 1.315, Loss_kernel 0.007, Train_accy 89.89, Test_accy {'Art': 44.95, 'Clipart': 38.35, 'Real World': 50.23, 'Product': 81.5}
2025-06-04 02:37:36,312 [icarl.py] => Task 2, Epoch 97/200 => Loss 1.700, Loss_clf 0.353, Loss_kd 1.339, Loss_kernel 0.007, Train_accy 88.74
2025-06-04 02:37:53,401 [icarl.py] => Task 2, Epoch 98/200 => Loss 1.711, Loss_clf 0.356, Loss_kd 1.348, Loss_kernel 0.007, Train_accy 89.20
2025-06-04 02:38:09,415 [icarl.py] => Task 2, Epoch 99/200 => Loss 1.738, Loss_clf 0.384, Loss_kd 1.347, Loss_kernel 0.007, Train_accy 88.91
2025-06-04 02:38:25,987 [icarl.py] => Task 2, Epoch 100/200 => Loss 1.708, Loss_clf 0.366, Loss_kd 1.335, Loss_kernel 0.007, Train_accy 88.72
2025-06-04 02:38:48,345 [icarl.py] => Task 2, Epoch 101/200 => Loss 1.661, Loss_clf 0.335, Loss_kd 1.320, Loss_kernel 0.007, Train_accy 90.14, Test_accy {'Art': 48.62, 'Clipart': 38.83, 'Real World': 55.87, 'Product': 85.46}
2025-06-04 02:39:04,664 [icarl.py] => Task 2, Epoch 102/200 => Loss 1.729, Loss_clf 0.381, Loss_kd 1.341, Loss_kernel 0.007, Train_accy 88.30
2025-06-04 02:39:20,856 [icarl.py] => Task 2, Epoch 103/200 => Loss 1.677, Loss_clf 0.332, Loss_kd 1.338, Loss_kernel 0.007, Train_accy 89.85
2025-06-04 02:39:37,046 [icarl.py] => Task 2, Epoch 104/200 => Loss 1.669, Loss_clf 0.334, Loss_kd 1.328, Loss_kernel 0.007, Train_accy 89.50
2025-06-04 02:39:53,222 [icarl.py] => Task 2, Epoch 105/200 => Loss 1.675, Loss_clf 0.346, Loss_kd 1.322, Loss_kernel 0.007, Train_accy 88.66
2025-06-04 02:40:15,294 [icarl.py] => Task 2, Epoch 106/200 => Loss 1.693, Loss_clf 0.354, Loss_kd 1.333, Loss_kernel 0.007, Train_accy 90.41, Test_accy {'Art': 46.79, 'Clipart': 33.98, 'Real World': 52.58, 'Product': 87.22}
2025-06-04 02:40:32,006 [icarl.py] => Task 2, Epoch 107/200 => Loss 1.631, Loss_clf 0.316, Loss_kd 1.309, Loss_kernel 0.007, Train_accy 90.68
2025-06-04 02:40:48,265 [icarl.py] => Task 2, Epoch 108/200 => Loss 1.654, Loss_clf 0.333, Loss_kd 1.314, Loss_kernel 0.007, Train_accy 89.20
2025-06-04 02:41:03,713 [icarl.py] => Task 2, Epoch 109/200 => Loss 1.623, Loss_clf 0.304, Loss_kd 1.312, Loss_kernel 0.007, Train_accy 90.89
2025-06-04 02:41:19,000 [icarl.py] => Task 2, Epoch 110/200 => Loss 1.597, Loss_clf 0.280, Loss_kd 1.310, Loss_kernel 0.007, Train_accy 91.45
2025-06-04 02:41:41,027 [icarl.py] => Task 2, Epoch 111/200 => Loss 1.618, Loss_clf 0.296, Loss_kd 1.315, Loss_kernel 0.007, Train_accy 91.28, Test_accy {'Art': 52.29, 'Clipart': 37.38, 'Real World': 50.7, 'Product': 83.7}
2025-06-04 02:41:57,718 [icarl.py] => Task 2, Epoch 112/200 => Loss 1.595, Loss_clf 0.284, Loss_kd 1.304, Loss_kernel 0.007, Train_accy 91.28
2025-06-04 02:42:13,655 [icarl.py] => Task 2, Epoch 113/200 => Loss 1.562, Loss_clf 0.262, Loss_kd 1.293, Loss_kernel 0.007, Train_accy 92.50
2025-06-04 02:42:29,829 [icarl.py] => Task 2, Epoch 114/200 => Loss 1.610, Loss_clf 0.298, Loss_kd 1.306, Loss_kernel 0.007, Train_accy 91.12
2025-06-04 02:42:47,323 [icarl.py] => Task 2, Epoch 115/200 => Loss 1.592, Loss_clf 0.280, Loss_kd 1.305, Loss_kernel 0.007, Train_accy 91.51
2025-06-04 02:43:10,131 [icarl.py] => Task 2, Epoch 116/200 => Loss 1.586, Loss_clf 0.275, Loss_kd 1.304, Loss_kernel 0.007, Train_accy 91.62, Test_accy {'Art': 48.62, 'Clipart': 33.5, 'Real World': 54.46, 'Product': 81.5}
2025-06-04 02:43:25,549 [icarl.py] => Task 2, Epoch 117/200 => Loss 1.580, Loss_clf 0.271, Loss_kd 1.302, Loss_kernel 0.007, Train_accy 92.08
2025-06-04 02:43:41,773 [icarl.py] => Task 2, Epoch 118/200 => Loss 1.597, Loss_clf 0.282, Loss_kd 1.308, Loss_kernel 0.007, Train_accy 91.64
2025-06-04 02:43:57,365 [icarl.py] => Task 2, Epoch 119/200 => Loss 1.574, Loss_clf 0.273, Loss_kd 1.294, Loss_kernel 0.006, Train_accy 92.04
2025-06-04 02:44:13,928 [icarl.py] => Task 2, Epoch 120/200 => Loss 1.567, Loss_clf 0.258, Loss_kd 1.303, Loss_kernel 0.007, Train_accy 92.24
2025-06-04 02:44:36,474 [icarl.py] => Task 2, Epoch 121/200 => Loss 1.580, Loss_clf 0.260, Loss_kd 1.314, Loss_kernel 0.007, Train_accy 92.64, Test_accy {'Art': 51.38, 'Clipart': 35.92, 'Real World': 55.87, 'Product': 81.94}
2025-06-04 02:44:52,510 [icarl.py] => Task 2, Epoch 122/200 => Loss 1.565, Loss_clf 0.271, Loss_kd 1.288, Loss_kernel 0.007, Train_accy 92.13
2025-06-04 02:45:08,701 [icarl.py] => Task 2, Epoch 123/200 => Loss 1.581, Loss_clf 0.278, Loss_kd 1.297, Loss_kernel 0.007, Train_accy 91.30
2025-06-04 02:45:25,310 [icarl.py] => Task 2, Epoch 124/200 => Loss 1.573, Loss_clf 0.270, Loss_kd 1.297, Loss_kernel 0.006, Train_accy 91.81
2025-06-04 02:45:41,703 [icarl.py] => Task 2, Epoch 125/200 => Loss 1.544, Loss_clf 0.255, Loss_kd 1.282, Loss_kernel 0.006, Train_accy 93.12
2025-06-04 02:46:04,254 [icarl.py] => Task 2, Epoch 126/200 => Loss 1.602, Loss_clf 0.284, Loss_kd 1.311, Loss_kernel 0.007, Train_accy 91.57, Test_accy {'Art': 50.46, 'Clipart': 35.44, 'Real World': 52.58, 'Product': 85.46}
2025-06-04 02:46:20,680 [icarl.py] => Task 2, Epoch 127/200 => Loss 1.559, Loss_clf 0.259, Loss_kd 1.293, Loss_kernel 0.007, Train_accy 92.34
2025-06-04 02:46:36,708 [icarl.py] => Task 2, Epoch 128/200 => Loss 1.555, Loss_clf 0.262, Loss_kd 1.286, Loss_kernel 0.006, Train_accy 92.20
2025-06-04 02:46:52,493 [icarl.py] => Task 2, Epoch 129/200 => Loss 1.530, Loss_clf 0.240, Loss_kd 1.284, Loss_kernel 0.006, Train_accy 93.61
2025-06-04 02:47:08,621 [icarl.py] => Task 2, Epoch 130/200 => Loss 1.528, Loss_clf 0.243, Loss_kd 1.279, Loss_kernel 0.006, Train_accy 93.04
2025-06-04 02:47:30,812 [icarl.py] => Task 2, Epoch 131/200 => Loss 1.532, Loss_clf 0.232, Loss_kd 1.293, Loss_kernel 0.007, Train_accy 93.09, Test_accy {'Art': 48.62, 'Clipart': 39.81, 'Real World': 57.28, 'Product': 86.78}
2025-06-04 02:47:46,728 [icarl.py] => Task 2, Epoch 132/200 => Loss 1.515, Loss_clf 0.232, Loss_kd 1.277, Loss_kernel 0.006, Train_accy 93.41
2025-06-04 02:48:02,407 [icarl.py] => Task 2, Epoch 133/200 => Loss 1.531, Loss_clf 0.238, Loss_kd 1.286, Loss_kernel 0.006, Train_accy 92.75
2025-06-04 02:48:18,863 [icarl.py] => Task 2, Epoch 134/200 => Loss 1.525, Loss_clf 0.234, Loss_kd 1.285, Loss_kernel 0.006, Train_accy 92.68
2025-06-04 02:48:35,226 [icarl.py] => Task 2, Epoch 135/200 => Loss 1.503, Loss_clf 0.223, Loss_kd 1.274, Loss_kernel 0.006, Train_accy 93.88
2025-06-04 02:48:58,089 [icarl.py] => Task 2, Epoch 136/200 => Loss 1.479, Loss_clf 0.211, Loss_kd 1.262, Loss_kernel 0.006, Train_accy 94.30, Test_accy {'Art': 48.62, 'Clipart': 36.41, 'Real World': 57.28, 'Product': 85.46}
2025-06-04 02:49:14,029 [icarl.py] => Task 2, Epoch 137/200 => Loss 1.477, Loss_clf 0.200, Loss_kd 1.272, Loss_kernel 0.006, Train_accy 94.48
2025-06-04 02:49:30,166 [icarl.py] => Task 2, Epoch 138/200 => Loss 1.511, Loss_clf 0.225, Loss_kd 1.281, Loss_kernel 0.006, Train_accy 93.50
2025-06-04 02:49:45,261 [icarl.py] => Task 2, Epoch 139/200 => Loss 1.461, Loss_clf 0.187, Loss_kd 1.268, Loss_kernel 0.006, Train_accy 95.28
2025-06-04 02:50:01,116 [icarl.py] => Task 2, Epoch 140/200 => Loss 1.486, Loss_clf 0.195, Loss_kd 1.284, Loss_kernel 0.006, Train_accy 95.08
2025-06-04 02:50:23,133 [icarl.py] => Task 2, Epoch 141/200 => Loss 1.468, Loss_clf 0.193, Loss_kd 1.269, Loss_kernel 0.006, Train_accy 94.70, Test_accy {'Art': 51.38, 'Clipart': 35.44, 'Real World': 57.75, 'Product': 85.46}
2025-06-04 02:50:39,445 [icarl.py] => Task 2, Epoch 142/200 => Loss 1.447, Loss_clf 0.180, Loss_kd 1.261, Loss_kernel 0.006, Train_accy 94.92
2025-06-04 02:50:55,978 [icarl.py] => Task 2, Epoch 143/200 => Loss 1.483, Loss_clf 0.205, Loss_kd 1.272, Loss_kernel 0.006, Train_accy 94.29
2025-06-04 02:51:10,991 [icarl.py] => Task 2, Epoch 144/200 => Loss 1.465, Loss_clf 0.193, Loss_kd 1.266, Loss_kernel 0.006, Train_accy 94.29
2025-06-04 02:51:26,482 [icarl.py] => Task 2, Epoch 145/200 => Loss 1.449, Loss_clf 0.188, Loss_kd 1.256, Loss_kernel 0.006, Train_accy 94.84
2025-06-04 02:51:48,262 [icarl.py] => Task 2, Epoch 146/200 => Loss 1.447, Loss_clf 0.179, Loss_kd 1.262, Loss_kernel 0.006, Train_accy 94.83, Test_accy {'Art': 49.54, 'Clipart': 37.38, 'Real World': 59.62, 'Product': 84.58}
2025-06-04 02:52:03,869 [icarl.py] => Task 2, Epoch 147/200 => Loss 1.448, Loss_clf 0.181, Loss_kd 1.260, Loss_kernel 0.006, Train_accy 95.08
2025-06-04 02:52:19,476 [icarl.py] => Task 2, Epoch 148/200 => Loss 1.458, Loss_clf 0.190, Loss_kd 1.262, Loss_kernel 0.006, Train_accy 94.61
2025-06-04 02:52:34,920 [icarl.py] => Task 2, Epoch 149/200 => Loss 1.451, Loss_clf 0.184, Loss_kd 1.261, Loss_kernel 0.006, Train_accy 94.73
2025-06-04 02:52:50,328 [icarl.py] => Task 2, Epoch 150/200 => Loss 1.453, Loss_clf 0.179, Loss_kd 1.268, Loss_kernel 0.006, Train_accy 94.98
2025-06-04 02:53:12,019 [icarl.py] => Task 2, Epoch 151/200 => Loss 1.437, Loss_clf 0.178, Loss_kd 1.254, Loss_kernel 0.006, Train_accy 95.22, Test_accy {'Art': 52.29, 'Clipart': 32.52, 'Real World': 60.56, 'Product': 85.9}
2025-06-04 02:53:27,479 [icarl.py] => Task 2, Epoch 152/200 => Loss 1.458, Loss_clf 0.197, Loss_kd 1.256, Loss_kernel 0.006, Train_accy 94.13
2025-06-04 02:53:43,237 [icarl.py] => Task 2, Epoch 153/200 => Loss 1.465, Loss_clf 0.186, Loss_kd 1.273, Loss_kernel 0.006, Train_accy 94.86
2025-06-04 02:53:58,488 [icarl.py] => Task 2, Epoch 154/200 => Loss 1.429, Loss_clf 0.166, Loss_kd 1.256, Loss_kernel 0.006, Train_accy 95.54
2025-06-04 02:54:13,696 [icarl.py] => Task 2, Epoch 155/200 => Loss 1.430, Loss_clf 0.164, Loss_kd 1.259, Loss_kernel 0.006, Train_accy 95.71
2025-06-04 02:54:35,934 [icarl.py] => Task 2, Epoch 156/200 => Loss 1.434, Loss_clf 0.174, Loss_kd 1.255, Loss_kernel 0.006, Train_accy 95.16, Test_accy {'Art': 49.54, 'Clipart': 35.92, 'Real World': 59.62, 'Product': 87.67}
2025-06-04 02:54:51,859 [icarl.py] => Task 2, Epoch 157/200 => Loss 1.424, Loss_clf 0.167, Loss_kd 1.252, Loss_kernel 0.006, Train_accy 95.40
2025-06-04 02:55:08,247 [icarl.py] => Task 2, Epoch 158/200 => Loss 1.448, Loss_clf 0.179, Loss_kd 1.263, Loss_kernel 0.006, Train_accy 94.78
2025-06-04 02:55:23,713 [icarl.py] => Task 2, Epoch 159/200 => Loss 1.435, Loss_clf 0.166, Loss_kd 1.264, Loss_kernel 0.006, Train_accy 95.62
2025-06-04 02:55:39,984 [icarl.py] => Task 2, Epoch 160/200 => Loss 1.436, Loss_clf 0.164, Loss_kd 1.266, Loss_kernel 0.006, Train_accy 95.62
2025-06-04 02:56:02,153 [icarl.py] => Task 2, Epoch 161/200 => Loss 1.413, Loss_clf 0.150, Loss_kd 1.257, Loss_kernel 0.006, Train_accy 96.10, Test_accy {'Art': 46.79, 'Clipart': 35.92, 'Real World': 56.34, 'Product': 87.67}
2025-06-04 02:56:17,166 [icarl.py] => Task 2, Epoch 162/200 => Loss 1.403, Loss_clf 0.140, Loss_kd 1.257, Loss_kernel 0.006, Train_accy 96.34
2025-06-04 02:56:32,485 [icarl.py] => Task 2, Epoch 163/200 => Loss 1.405, Loss_clf 0.145, Loss_kd 1.254, Loss_kernel 0.005, Train_accy 96.10
2025-06-04 02:56:48,488 [icarl.py] => Task 2, Epoch 164/200 => Loss 1.423, Loss_clf 0.163, Loss_kd 1.254, Loss_kernel 0.006, Train_accy 95.41
2025-06-04 02:57:04,043 [icarl.py] => Task 2, Epoch 165/200 => Loss 1.421, Loss_clf 0.154, Loss_kd 1.261, Loss_kernel 0.006, Train_accy 96.01
2025-06-04 02:57:25,797 [icarl.py] => Task 2, Epoch 166/200 => Loss 1.392, Loss_clf 0.135, Loss_kd 1.251, Loss_kernel 0.006, Train_accy 96.16, Test_accy {'Art': 47.71, 'Clipart': 35.92, 'Real World': 59.62, 'Product': 86.78}
2025-06-04 02:57:41,453 [icarl.py] => Task 2, Epoch 167/200 => Loss 1.398, Loss_clf 0.144, Loss_kd 1.249, Loss_kernel 0.005, Train_accy 96.40
2025-06-04 02:57:56,687 [icarl.py] => Task 2, Epoch 168/200 => Loss 1.425, Loss_clf 0.152, Loss_kd 1.267, Loss_kernel 0.006, Train_accy 96.03
2025-06-04 02:58:12,562 [icarl.py] => Task 2, Epoch 169/200 => Loss 1.427, Loss_clf 0.164, Loss_kd 1.258, Loss_kernel 0.006, Train_accy 95.54
2025-06-04 02:58:28,577 [icarl.py] => Task 2, Epoch 170/200 => Loss 1.408, Loss_clf 0.162, Loss_kd 1.240, Loss_kernel 0.006, Train_accy 96.05
2025-06-04 02:58:51,345 [icarl.py] => Task 2, Epoch 171/200 => Loss 1.378, Loss_clf 0.131, Loss_kd 1.242, Loss_kernel 0.006, Train_accy 96.89, Test_accy {'Art': 46.79, 'Clipart': 36.41, 'Real World': 56.34, 'Product': 86.34}
2025-06-04 02:59:05,871 [icarl.py] => Task 2, Epoch 172/200 => Loss 1.391, Loss_clf 0.148, Loss_kd 1.237, Loss_kernel 0.006, Train_accy 96.12
2025-06-04 02:59:21,521 [icarl.py] => Task 2, Epoch 173/200 => Loss 1.398, Loss_clf 0.143, Loss_kd 1.249, Loss_kernel 0.006, Train_accy 96.55
2025-06-04 02:59:36,971 [icarl.py] => Task 2, Epoch 174/200 => Loss 1.400, Loss_clf 0.143, Loss_kd 1.251, Loss_kernel 0.005, Train_accy 96.21
2025-06-04 02:59:52,103 [icarl.py] => Task 2, Epoch 175/200 => Loss 1.404, Loss_clf 0.140, Loss_kd 1.258, Loss_kernel 0.005, Train_accy 96.25
2025-06-04 03:00:14,635 [icarl.py] => Task 2, Epoch 176/200 => Loss 1.405, Loss_clf 0.144, Loss_kd 1.255, Loss_kernel 0.005, Train_accy 96.17, Test_accy {'Art': 47.71, 'Clipart': 33.5, 'Real World': 57.75, 'Product': 88.11}
2025-06-04 03:00:29,609 [icarl.py] => Task 2, Epoch 177/200 => Loss 1.397, Loss_clf 0.147, Loss_kd 1.244, Loss_kernel 0.006, Train_accy 95.94
2025-06-04 03:00:44,867 [icarl.py] => Task 2, Epoch 178/200 => Loss 1.392, Loss_clf 0.136, Loss_kd 1.250, Loss_kernel 0.005, Train_accy 96.59
2025-06-04 03:01:00,128 [icarl.py] => Task 2, Epoch 179/200 => Loss 1.383, Loss_clf 0.131, Loss_kd 1.247, Loss_kernel 0.005, Train_accy 96.63
2025-06-04 03:01:15,423 [icarl.py] => Task 2, Epoch 180/200 => Loss 1.404, Loss_clf 0.151, Loss_kd 1.248, Loss_kernel 0.005, Train_accy 95.51
2025-06-04 03:01:35,796 [icarl.py] => Task 2, Epoch 181/200 => Loss 1.382, Loss_clf 0.131, Loss_kd 1.246, Loss_kernel 0.005, Train_accy 97.00, Test_accy {'Art': 47.71, 'Clipart': 34.47, 'Real World': 57.75, 'Product': 88.11}
2025-06-04 03:01:51,253 [icarl.py] => Task 2, Epoch 182/200 => Loss 1.380, Loss_clf 0.132, Loss_kd 1.243, Loss_kernel 0.005, Train_accy 96.18
2025-06-04 03:02:06,494 [icarl.py] => Task 2, Epoch 183/200 => Loss 1.395, Loss_clf 0.141, Loss_kd 1.248, Loss_kernel 0.005, Train_accy 96.72
2025-06-04 03:02:21,698 [icarl.py] => Task 2, Epoch 184/200 => Loss 1.383, Loss_clf 0.136, Loss_kd 1.242, Loss_kernel 0.005, Train_accy 96.64
2025-06-04 03:02:37,220 [icarl.py] => Task 2, Epoch 185/200 => Loss 1.408, Loss_clf 0.136, Loss_kd 1.266, Loss_kernel 0.005, Train_accy 96.60
2025-06-04 03:02:57,894 [icarl.py] => Task 2, Epoch 186/200 => Loss 1.385, Loss_clf 0.137, Loss_kd 1.243, Loss_kernel 0.005, Train_accy 96.78, Test_accy {'Art': 47.71, 'Clipart': 33.5, 'Real World': 58.69, 'Product': 86.78}
2025-06-04 03:03:13,384 [icarl.py] => Task 2, Epoch 187/200 => Loss 1.377, Loss_clf 0.127, Loss_kd 1.245, Loss_kernel 0.005, Train_accy 96.44
2025-06-04 03:03:29,239 [icarl.py] => Task 2, Epoch 188/200 => Loss 1.372, Loss_clf 0.128, Loss_kd 1.238, Loss_kernel 0.005, Train_accy 96.55
2025-06-04 03:03:42,561 [icarl.py] => Task 2, Epoch 189/200 => Loss 1.351, Loss_clf 0.118, Loss_kd 1.228, Loss_kernel 0.005, Train_accy 97.24
2025-06-04 03:03:56,821 [icarl.py] => Task 2, Epoch 190/200 => Loss 1.382, Loss_clf 0.130, Loss_kd 1.247, Loss_kernel 0.005, Train_accy 96.96
2025-06-04 03:04:17,661 [icarl.py] => Task 2, Epoch 191/200 => Loss 1.380, Loss_clf 0.125, Loss_kd 1.250, Loss_kernel 0.005, Train_accy 96.90, Test_accy {'Art': 48.62, 'Clipart': 32.52, 'Real World': 58.69, 'Product': 87.22}
2025-06-04 03:04:32,567 [icarl.py] => Task 2, Epoch 192/200 => Loss 1.376, Loss_clf 0.127, Loss_kd 1.244, Loss_kernel 0.005, Train_accy 97.37
2025-06-04 03:04:46,791 [icarl.py] => Task 2, Epoch 193/200 => Loss 1.374, Loss_clf 0.126, Loss_kd 1.242, Loss_kernel 0.005, Train_accy 96.67
2025-06-04 03:05:01,978 [icarl.py] => Task 2, Epoch 194/200 => Loss 1.369, Loss_clf 0.125, Loss_kd 1.239, Loss_kernel 0.005, Train_accy 97.01
2025-06-04 03:05:16,210 [icarl.py] => Task 2, Epoch 195/200 => Loss 1.374, Loss_clf 0.130, Loss_kd 1.238, Loss_kernel 0.005, Train_accy 96.41
2025-06-04 03:05:38,132 [icarl.py] => Task 2, Epoch 196/200 => Loss 1.372, Loss_clf 0.122, Loss_kd 1.245, Loss_kernel 0.005, Train_accy 96.62, Test_accy {'Art': 49.54, 'Clipart': 33.98, 'Real World': 59.15, 'Product': 86.78}
2025-06-04 03:05:52,996 [icarl.py] => Task 2, Epoch 197/200 => Loss 1.376, Loss_clf 0.129, Loss_kd 1.242, Loss_kernel 0.005, Train_accy 96.77
2025-06-04 03:06:06,368 [icarl.py] => Task 2, Epoch 198/200 => Loss 1.347, Loss_clf 0.111, Loss_kd 1.230, Loss_kernel 0.005, Train_accy 97.53
2025-06-04 03:06:21,023 [icarl.py] => Task 2, Epoch 199/200 => Loss 1.370, Loss_clf 0.114, Loss_kd 1.251, Loss_kernel 0.005, Train_accy 97.39
2025-06-04 03:06:35,770 [icarl.py] => Task 2, Epoch 200/200 => Loss 1.387, Loss_clf 0.124, Loss_kd 1.258, Loss_kernel 0.005, Train_accy 96.96
2025-06-04 03:06:35,771 [base.py] => Reducing exemplars...(86 per classes)
2025-06-04 03:06:47,215 [base.py] => Constructing exemplars...(86 per classes)
2025-06-04 03:07:13,303 [icarl.py] => Exemplar size: 1290
2025-06-04 03:07:14,462 [trainer.py] => CNN [Art]: {'total': 46.79, '00-04': 65.79, '05-09': 47.06, '10-14': 27.03, 'old': 56.94, 'new': 27.03}
2025-06-04 03:07:14,463 [trainer.py] => NME [Art]: {'total': 53.21, '00-04': 63.16, '05-09': 55.88, '10-14': 40.54, 'old': 59.72, 'new': 40.54}
2025-06-04 03:07:14,463 [trainer.py] => CNN [Art] top1 curve: [63.16, 47.22, 46.79]
2025-06-04 03:07:14,463 [trainer.py] => CNN [Art] top5 curve: [92.11, 77.78, 73.39]
2025-06-04 03:07:14,463 [trainer.py] => NME [Art] top1 curve: [63.16, 52.78, 53.21]
2025-06-04 03:07:14,463 [trainer.py] => NME [Art] top5 curve: [100.0, 84.72, 81.65]
2025-06-04 03:07:14,463 [trainer.py] => Average Accuracy [Art] (CNN): 52.38999999999999
2025-06-04 03:07:14,463 [trainer.py] => Average Accuracy [Art] (NME): 56.38333333333333
2025-06-04 03:07:14,463 [trainer.py] => CNN [Clipart]: {'total': 33.98, '00-04': 46.15, '05-09': 32.26, '10-14': 21.21, 'old': 40.0, 'new': 21.21}
2025-06-04 03:07:14,463 [trainer.py] => NME [Clipart]: {'total': 34.47, '00-04': 35.9, '05-09': 41.94, '10-14': 25.76, 'old': 38.57, 'new': 25.76}
2025-06-04 03:07:14,464 [trainer.py] => CNN [Clipart] top1 curve: [50.0, 40.0, 33.98]
2025-06-04 03:07:14,464 [trainer.py] => CNN [Clipart] top5 curve: [96.15, 74.29, 66.02]
2025-06-04 03:07:14,464 [trainer.py] => NME [Clipart] top1 curve: [52.56, 45.71, 34.47]
2025-06-04 03:07:14,464 [trainer.py] => NME [Clipart] top5 curve: [100.0, 80.71, 68.93]
2025-06-04 03:07:14,464 [trainer.py] => Average Accuracy [Clipart] (CNN): 41.32666666666666
2025-06-04 03:07:14,464 [trainer.py] => Average Accuracy [Clipart] (NME): 44.24666666666667
2025-06-04 03:07:14,464 [trainer.py] => CNN [Product]: {'total': 87.67, '00-04': 96.47, '05-09': 83.75, '10-14': 80.65, 'old': 90.3, 'new': 80.65}
2025-06-04 03:07:14,464 [trainer.py] => NME [Product]: {'total': 90.31, '00-04': 94.12, '05-09': 87.5, '10-14': 88.71, 'old': 90.91, 'new': 88.71}
2025-06-04 03:07:14,464 [trainer.py] => CNN [Product] top1 curve: [87.06, 78.79, 87.67]
2025-06-04 03:07:14,465 [trainer.py] => CNN [Product] top5 curve: [100.0, 98.79, 97.8]
2025-06-04 03:07:14,465 [trainer.py] => NME [Product] top1 curve: [89.41, 86.67, 90.31]
2025-06-04 03:07:14,465 [trainer.py] => NME [Product] top5 curve: [100.0, 99.39, 98.68]
2025-06-04 03:07:14,465 [trainer.py] => Average Accuracy [Product] (CNN): 84.50666666666667
2025-06-04 03:07:14,465 [trainer.py] => Average Accuracy [Product] (NME): 88.79666666666667
2025-06-04 03:07:14,465 [trainer.py] => CNN [Real World]: {'total': 58.69, '00-04': 75.34, '05-09': 61.76, '10-14': 38.89, 'old': 68.79, 'new': 38.89}
2025-06-04 03:07:14,465 [trainer.py] => NME [Real World]: {'total': 60.09, '00-04': 60.27, '05-09': 72.06, '10-14': 48.61, 'old': 65.96, 'new': 48.61}
2025-06-04 03:07:14,465 [trainer.py] => CNN [Real World] top1 curve: [73.97, 64.54, 58.69]
2025-06-04 03:07:14,466 [trainer.py] => CNN [Real World] top5 curve: [98.63, 90.78, 83.1]
2025-06-04 03:07:14,466 [trainer.py] => NME [Real World] top1 curve: [78.08, 70.92, 60.09]
2025-06-04 03:07:14,466 [trainer.py] => NME [Real World] top5 curve: [100.0, 96.45, 91.55]
2025-06-04 03:07:14,466 [trainer.py] => Average Accuracy [Real World] (CNN): 65.73333333333333
2025-06-04 03:07:14,466 [trainer.py] => Average Accuracy [Real World] (NME): 69.69666666666667
2025-06-04 03:07:14,466 [trainer.py] => NME Harmonic Mean : 45.7197
2025-06-04 03:07:14,466 [trainer.py] => NME Macro Mean : 59.5200
2025-06-04 03:07:14,466 [trainer.py] => CNN Harmonic Mean : 44.4830
2025-06-04 03:07:14,466 [trainer.py] => CNN Macro Mean : 56.7825
2025-06-04 03:07:14,467 [trainer.py] => All params: 21297497
2025-06-04 03:07:14,468 [trainer.py] => Trainable params: 21297497
2025-06-04 03:07:14,469 [icarl.py] => Learning on 15-20
2025-06-04 03:07:38,251 [icarl.py] => Task 3, Epoch 1/200 => Loss 4.203, Loss_clf 2.258, Loss_kd 1.937, Loss_kernel 0.007, Train_accy 40.48, Test_accy {'Art': 17.65, 'Clipart': 16.6, 'Real World': 20.0, 'Product': 25.66}
2025-06-04 03:07:54,410 [icarl.py] => Task 3, Epoch 2/200 => Loss 4.418, Loss_clf 2.253, Loss_kd 2.151, Loss_kernel 0.014, Train_accy 35.14
2025-06-04 03:08:11,031 [icarl.py] => Task 3, Epoch 3/200 => Loss 3.985, Loss_clf 1.955, Loss_kd 2.018, Loss_kernel 0.012, Train_accy 42.19
2025-06-04 03:08:27,553 [icarl.py] => Task 3, Epoch 4/200 => Loss 3.741, Loss_clf 1.784, Loss_kd 1.947, Loss_kernel 0.010, Train_accy 46.15
2025-06-04 03:08:43,697 [icarl.py] => Task 3, Epoch 5/200 => Loss 3.617, Loss_clf 1.703, Loss_kd 1.904, Loss_kernel 0.009, Train_accy 50.33
2025-06-04 03:09:07,911 [icarl.py] => Task 3, Epoch 6/200 => Loss 3.304, Loss_clf 1.471, Loss_kd 1.824, Loss_kernel 0.009, Train_accy 54.27, Test_accy {'Art': 42.65, 'Clipart': 23.94, 'Real World': 47.14, 'Product': 59.87}
2025-06-04 03:09:24,693 [icarl.py] => Task 3, Epoch 7/200 => Loss 3.273, Loss_clf 1.456, Loss_kd 1.809, Loss_kernel 0.008, Train_accy 55.23
2025-06-04 03:09:41,154 [icarl.py] => Task 3, Epoch 8/200 => Loss 3.307, Loss_clf 1.480, Loss_kd 1.818, Loss_kernel 0.008, Train_accy 53.73
2025-06-04 03:09:57,496 [icarl.py] => Task 3, Epoch 9/200 => Loss 3.121, Loss_clf 1.351, Loss_kd 1.763, Loss_kernel 0.008, Train_accy 58.63
2025-06-04 03:10:13,832 [icarl.py] => Task 3, Epoch 10/200 => Loss 3.074, Loss_clf 1.305, Loss_kd 1.761, Loss_kernel 0.007, Train_accy 59.68
2025-06-04 03:10:37,400 [icarl.py] => Task 3, Epoch 11/200 => Loss 3.030, Loss_clf 1.271, Loss_kd 1.751, Loss_kernel 0.008, Train_accy 59.25, Test_accy {'Art': 38.97, 'Clipart': 26.64, 'Real World': 46.79, 'Product': 63.16}
2025-06-04 03:10:53,878 [icarl.py] => Task 3, Epoch 12/200 => Loss 3.003, Loss_clf 1.256, Loss_kd 1.740, Loss_kernel 0.008, Train_accy 60.89
2025-06-04 03:11:09,868 [icarl.py] => Task 3, Epoch 13/200 => Loss 2.934, Loss_clf 1.214, Loss_kd 1.713, Loss_kernel 0.007, Train_accy 62.02
2025-06-04 03:11:26,097 [icarl.py] => Task 3, Epoch 14/200 => Loss 2.806, Loss_clf 1.105, Loss_kd 1.693, Loss_kernel 0.008, Train_accy 64.65
2025-06-04 03:11:42,162 [icarl.py] => Task 3, Epoch 15/200 => Loss 2.884, Loss_clf 1.164, Loss_kd 1.713, Loss_kernel 0.008, Train_accy 63.09
2025-06-04 03:12:05,502 [icarl.py] => Task 3, Epoch 16/200 => Loss 2.877, Loss_clf 1.139, Loss_kd 1.731, Loss_kernel 0.007, Train_accy 63.32, Test_accy {'Art': 40.44, 'Clipart': 27.41, 'Real World': 46.43, 'Product': 66.45}
2025-06-04 03:12:21,748 [icarl.py] => Task 3, Epoch 17/200 => Loss 2.799, Loss_clf 1.090, Loss_kd 1.701, Loss_kernel 0.007, Train_accy 64.77
2025-06-04 03:12:38,368 [icarl.py] => Task 3, Epoch 18/200 => Loss 2.763, Loss_clf 1.062, Loss_kd 1.694, Loss_kernel 0.007, Train_accy 66.37
2025-06-04 03:12:54,743 [icarl.py] => Task 3, Epoch 19/200 => Loss 2.662, Loss_clf 0.983, Loss_kd 1.672, Loss_kernel 0.007, Train_accy 68.26
2025-06-04 03:13:11,231 [icarl.py] => Task 3, Epoch 20/200 => Loss 2.777, Loss_clf 1.079, Loss_kd 1.691, Loss_kernel 0.007, Train_accy 65.85
2025-06-04 03:13:34,899 [icarl.py] => Task 3, Epoch 21/200 => Loss 2.694, Loss_clf 1.002, Loss_kd 1.685, Loss_kernel 0.007, Train_accy 68.70, Test_accy {'Art': 40.44, 'Clipart': 23.17, 'Real World': 47.86, 'Product': 69.74}
2025-06-04 03:13:51,166 [icarl.py] => Task 3, Epoch 22/200 => Loss 2.639, Loss_clf 0.972, Loss_kd 1.660, Loss_kernel 0.007, Train_accy 70.42
2025-06-04 03:14:07,210 [icarl.py] => Task 3, Epoch 23/200 => Loss 2.572, Loss_clf 0.908, Loss_kd 1.658, Loss_kernel 0.007, Train_accy 71.33
2025-06-04 03:14:23,695 [icarl.py] => Task 3, Epoch 24/200 => Loss 2.503, Loss_clf 0.866, Loss_kd 1.631, Loss_kernel 0.006, Train_accy 72.05
2025-06-04 03:14:40,231 [icarl.py] => Task 3, Epoch 25/200 => Loss 2.479, Loss_clf 0.847, Loss_kd 1.626, Loss_kernel 0.007, Train_accy 72.43
2025-06-04 03:15:04,044 [icarl.py] => Task 3, Epoch 26/200 => Loss 2.502, Loss_clf 0.871, Loss_kd 1.625, Loss_kernel 0.007, Train_accy 72.80, Test_accy {'Art': 36.03, 'Clipart': 22.78, 'Real World': 46.07, 'Product': 71.71}
2025-06-04 03:15:20,000 [icarl.py] => Task 3, Epoch 27/200 => Loss 2.358, Loss_clf 0.768, Loss_kd 1.584, Loss_kernel 0.006, Train_accy 76.04
2025-06-04 03:15:36,470 [icarl.py] => Task 3, Epoch 28/200 => Loss 2.403, Loss_clf 0.790, Loss_kd 1.606, Loss_kernel 0.006, Train_accy 74.34
2025-06-04 03:15:53,067 [icarl.py] => Task 3, Epoch 29/200 => Loss 2.457, Loss_clf 0.828, Loss_kd 1.622, Loss_kernel 0.007, Train_accy 74.05
2025-06-04 03:16:09,201 [icarl.py] => Task 3, Epoch 30/200 => Loss 2.419, Loss_clf 0.794, Loss_kd 1.618, Loss_kernel 0.006, Train_accy 73.88
2025-06-04 03:16:32,639 [icarl.py] => Task 3, Epoch 31/200 => Loss 2.407, Loss_clf 0.801, Loss_kd 1.600, Loss_kernel 0.007, Train_accy 74.30, Test_accy {'Art': 37.5, 'Clipart': 25.1, 'Real World': 47.5, 'Product': 64.8}
2025-06-04 03:16:48,889 [icarl.py] => Task 3, Epoch 32/200 => Loss 2.358, Loss_clf 0.748, Loss_kd 1.603, Loss_kernel 0.007, Train_accy 75.85
2025-06-04 03:17:05,270 [icarl.py] => Task 3, Epoch 33/200 => Loss 2.385, Loss_clf 0.779, Loss_kd 1.600, Loss_kernel 0.006, Train_accy 74.87
2025-06-04 03:17:21,732 [icarl.py] => Task 3, Epoch 34/200 => Loss 2.329, Loss_clf 0.724, Loss_kd 1.598, Loss_kernel 0.006, Train_accy 77.90
2025-06-04 03:17:38,186 [icarl.py] => Task 3, Epoch 35/200 => Loss 2.321, Loss_clf 0.704, Loss_kd 1.610, Loss_kernel 0.006, Train_accy 77.23
2025-06-04 03:18:01,639 [icarl.py] => Task 3, Epoch 36/200 => Loss 2.314, Loss_clf 0.709, Loss_kd 1.600, Loss_kernel 0.006, Train_accy 78.01, Test_accy {'Art': 34.56, 'Clipart': 29.73, 'Real World': 50.36, 'Product': 70.39}
2025-06-04 03:18:18,227 [icarl.py] => Task 3, Epoch 37/200 => Loss 2.304, Loss_clf 0.721, Loss_kd 1.576, Loss_kernel 0.006, Train_accy 77.94
2025-06-04 03:18:34,726 [icarl.py] => Task 3, Epoch 38/200 => Loss 2.302, Loss_clf 0.704, Loss_kd 1.591, Loss_kernel 0.006, Train_accy 77.15
2025-06-04 03:18:51,023 [icarl.py] => Task 3, Epoch 39/200 => Loss 2.254, Loss_clf 0.668, Loss_kd 1.580, Loss_kernel 0.006, Train_accy 78.58
2025-06-04 03:19:06,968 [icarl.py] => Task 3, Epoch 40/200 => Loss 2.176, Loss_clf 0.610, Loss_kd 1.561, Loss_kernel 0.006, Train_accy 80.57
2025-06-04 03:19:30,363 [icarl.py] => Task 3, Epoch 41/200 => Loss 2.239, Loss_clf 0.669, Loss_kd 1.564, Loss_kernel 0.006, Train_accy 78.90, Test_accy {'Art': 39.71, 'Clipart': 28.19, 'Real World': 47.86, 'Product': 71.38}
2025-06-04 03:19:47,026 [icarl.py] => Task 3, Epoch 42/200 => Loss 2.223, Loss_clf 0.653, Loss_kd 1.564, Loss_kernel 0.006, Train_accy 79.73
2025-06-04 03:20:04,081 [icarl.py] => Task 3, Epoch 43/200 => Loss 2.214, Loss_clf 0.635, Loss_kd 1.572, Loss_kernel 0.006, Train_accy 79.63
2025-06-04 03:20:20,582 [icarl.py] => Task 3, Epoch 44/200 => Loss 2.258, Loss_clf 0.674, Loss_kd 1.578, Loss_kernel 0.006, Train_accy 78.71
2025-06-04 03:20:36,830 [icarl.py] => Task 3, Epoch 45/200 => Loss 2.214, Loss_clf 0.652, Loss_kd 1.556, Loss_kernel 0.006, Train_accy 79.02
2025-06-04 03:21:00,629 [icarl.py] => Task 3, Epoch 46/200 => Loss 2.170, Loss_clf 0.605, Loss_kd 1.559, Loss_kernel 0.006, Train_accy 80.26, Test_accy {'Art': 35.29, 'Clipart': 30.5, 'Real World': 46.43, 'Product': 67.43}
2025-06-04 03:21:16,507 [icarl.py] => Task 3, Epoch 47/200 => Loss 2.203, Loss_clf 0.619, Loss_kd 1.578, Loss_kernel 0.006, Train_accy 80.12
2025-06-04 03:21:33,027 [icarl.py] => Task 3, Epoch 48/200 => Loss 2.194, Loss_clf 0.641, Loss_kd 1.546, Loss_kernel 0.006, Train_accy 79.62
2025-06-04 03:21:49,336 [icarl.py] => Task 3, Epoch 49/200 => Loss 2.126, Loss_clf 0.583, Loss_kd 1.537, Loss_kernel 0.006, Train_accy 81.53
2025-06-04 03:22:05,556 [icarl.py] => Task 3, Epoch 50/200 => Loss 2.166, Loss_clf 0.603, Loss_kd 1.557, Loss_kernel 0.006, Train_accy 80.67
2025-06-04 03:22:28,916 [icarl.py] => Task 3, Epoch 51/200 => Loss 2.127, Loss_clf 0.580, Loss_kd 1.541, Loss_kernel 0.006, Train_accy 81.79, Test_accy {'Art': 40.44, 'Clipart': 25.48, 'Real World': 48.93, 'Product': 72.7}
2025-06-04 03:22:45,728 [icarl.py] => Task 3, Epoch 52/200 => Loss 2.114, Loss_clf 0.573, Loss_kd 1.535, Loss_kernel 0.006, Train_accy 82.87
2025-06-04 03:23:01,707 [icarl.py] => Task 3, Epoch 53/200 => Loss 2.160, Loss_clf 0.598, Loss_kd 1.556, Loss_kernel 0.006, Train_accy 81.54
2025-06-04 03:23:18,108 [icarl.py] => Task 3, Epoch 54/200 => Loss 2.151, Loss_clf 0.596, Loss_kd 1.549, Loss_kernel 0.006, Train_accy 81.94
2025-06-04 03:23:34,125 [icarl.py] => Task 3, Epoch 55/200 => Loss 2.140, Loss_clf 0.572, Loss_kd 1.562, Loss_kernel 0.006, Train_accy 81.24
2025-06-04 03:23:57,740 [icarl.py] => Task 3, Epoch 56/200 => Loss 2.081, Loss_clf 0.538, Loss_kd 1.537, Loss_kernel 0.006, Train_accy 83.58, Test_accy {'Art': 36.03, 'Clipart': 27.41, 'Real World': 47.5, 'Product': 64.47}
2025-06-04 03:24:14,388 [icarl.py] => Task 3, Epoch 57/200 => Loss 2.135, Loss_clf 0.586, Loss_kd 1.543, Loss_kernel 0.006, Train_accy 81.50
2025-06-04 03:24:30,105 [icarl.py] => Task 3, Epoch 58/200 => Loss 2.128, Loss_clf 0.573, Loss_kd 1.550, Loss_kernel 0.006, Train_accy 80.85
2025-06-04 03:24:46,197 [icarl.py] => Task 3, Epoch 59/200 => Loss 2.100, Loss_clf 0.557, Loss_kd 1.538, Loss_kernel 0.005, Train_accy 83.19
2025-06-04 03:25:02,958 [icarl.py] => Task 3, Epoch 60/200 => Loss 2.059, Loss_clf 0.523, Loss_kd 1.530, Loss_kernel 0.006, Train_accy 84.29
2025-06-04 03:25:26,161 [icarl.py] => Task 3, Epoch 61/200 => Loss 2.065, Loss_clf 0.531, Loss_kd 1.528, Loss_kernel 0.006, Train_accy 82.99, Test_accy {'Art': 33.82, 'Clipart': 27.41, 'Real World': 49.29, 'Product': 73.68}
2025-06-04 03:25:44,923 [icarl.py] => Task 3, Epoch 62/200 => Loss 1.964, Loss_clf 0.464, Loss_kd 1.494, Loss_kernel 0.005, Train_accy 85.44
2025-06-04 03:26:01,449 [icarl.py] => Task 3, Epoch 63/200 => Loss 2.018, Loss_clf 0.484, Loss_kd 1.528, Loss_kernel 0.006, Train_accy 85.03
2025-06-04 03:26:17,629 [icarl.py] => Task 3, Epoch 64/200 => Loss 2.051, Loss_clf 0.519, Loss_kd 1.527, Loss_kernel 0.006, Train_accy 83.61
2025-06-04 03:26:33,744 [icarl.py] => Task 3, Epoch 65/200 => Loss 2.048, Loss_clf 0.521, Loss_kd 1.521, Loss_kernel 0.006, Train_accy 83.33
2025-06-04 03:26:57,382 [icarl.py] => Task 3, Epoch 66/200 => Loss 2.017, Loss_clf 0.491, Loss_kd 1.521, Loss_kernel 0.005, Train_accy 85.07, Test_accy {'Art': 41.18, 'Clipart': 27.03, 'Real World': 48.21, 'Product': 74.34}
2025-06-04 03:27:12,942 [icarl.py] => Task 3, Epoch 67/200 => Loss 2.012, Loss_clf 0.490, Loss_kd 1.517, Loss_kernel 0.005, Train_accy 84.55
2025-06-04 03:27:29,039 [icarl.py] => Task 3, Epoch 68/200 => Loss 1.999, Loss_clf 0.481, Loss_kd 1.513, Loss_kernel 0.005, Train_accy 85.02
2025-06-04 03:27:45,088 [icarl.py] => Task 3, Epoch 69/200 => Loss 2.011, Loss_clf 0.470, Loss_kd 1.535, Loss_kernel 0.005, Train_accy 85.40
2025-06-04 03:28:01,082 [icarl.py] => Task 3, Epoch 70/200 => Loss 2.011, Loss_clf 0.484, Loss_kd 1.522, Loss_kernel 0.005, Train_accy 84.83
2025-06-04 03:28:24,570 [icarl.py] => Task 3, Epoch 71/200 => Loss 1.968, Loss_clf 0.456, Loss_kd 1.507, Loss_kernel 0.005, Train_accy 85.86, Test_accy {'Art': 39.71, 'Clipart': 28.57, 'Real World': 48.93, 'Product': 69.08}
2025-06-04 03:28:40,723 [icarl.py] => Task 3, Epoch 72/200 => Loss 1.998, Loss_clf 0.485, Loss_kd 1.508, Loss_kernel 0.005, Train_accy 84.01
2025-06-04 03:28:56,913 [icarl.py] => Task 3, Epoch 73/200 => Loss 2.001, Loss_clf 0.482, Loss_kd 1.514, Loss_kernel 0.005, Train_accy 84.85
2025-06-04 03:29:13,509 [icarl.py] => Task 3, Epoch 74/200 => Loss 2.066, Loss_clf 0.531, Loss_kd 1.529, Loss_kernel 0.005, Train_accy 83.10
2025-06-04 03:29:29,678 [icarl.py] => Task 3, Epoch 75/200 => Loss 1.921, Loss_clf 0.429, Loss_kd 1.487, Loss_kernel 0.005, Train_accy 86.80
2025-06-04 03:29:53,187 [icarl.py] => Task 3, Epoch 76/200 => Loss 1.953, Loss_clf 0.438, Loss_kd 1.510, Loss_kernel 0.005, Train_accy 86.40, Test_accy {'Art': 42.65, 'Clipart': 25.1, 'Real World': 52.5, 'Product': 73.68}
2025-06-04 03:30:09,335 [icarl.py] => Task 3, Epoch 77/200 => Loss 2.010, Loss_clf 0.497, Loss_kd 1.508, Loss_kernel 0.005, Train_accy 83.81
2025-06-04 03:30:25,706 [icarl.py] => Task 3, Epoch 78/200 => Loss 1.983, Loss_clf 0.467, Loss_kd 1.510, Loss_kernel 0.005, Train_accy 85.29
2025-06-04 03:30:41,894 [icarl.py] => Task 3, Epoch 79/200 => Loss 1.953, Loss_clf 0.464, Loss_kd 1.484, Loss_kernel 0.005, Train_accy 85.75
2025-06-04 03:30:58,298 [icarl.py] => Task 3, Epoch 80/200 => Loss 1.945, Loss_clf 0.438, Loss_kd 1.502, Loss_kernel 0.005, Train_accy 86.14
2025-06-04 03:31:21,178 [icarl.py] => Task 3, Epoch 81/200 => Loss 1.918, Loss_clf 0.416, Loss_kd 1.498, Loss_kernel 0.005, Train_accy 86.74, Test_accy {'Art': 40.44, 'Clipart': 25.48, 'Real World': 55.36, 'Product': 73.03}
2025-06-04 03:31:37,949 [icarl.py] => Task 3, Epoch 82/200 => Loss 1.895, Loss_clf 0.395, Loss_kd 1.494, Loss_kernel 0.005, Train_accy 88.22
2025-06-04 03:31:54,068 [icarl.py] => Task 3, Epoch 83/200 => Loss 1.931, Loss_clf 0.418, Loss_kd 1.508, Loss_kernel 0.005, Train_accy 87.03
2025-06-04 03:32:10,559 [icarl.py] => Task 3, Epoch 84/200 => Loss 1.910, Loss_clf 0.430, Loss_kd 1.475, Loss_kernel 0.005, Train_accy 85.88
2025-06-04 03:32:26,717 [icarl.py] => Task 3, Epoch 85/200 => Loss 1.861, Loss_clf 0.375, Loss_kd 1.482, Loss_kernel 0.005, Train_accy 88.39
2025-06-04 03:32:50,254 [icarl.py] => Task 3, Epoch 86/200 => Loss 1.858, Loss_clf 0.379, Loss_kd 1.474, Loss_kernel 0.005, Train_accy 88.15, Test_accy {'Art': 42.65, 'Clipart': 29.73, 'Real World': 52.5, 'Product': 79.28}
2025-06-04 03:33:06,508 [icarl.py] => Task 3, Epoch 87/200 => Loss 1.858, Loss_clf 0.373, Loss_kd 1.481, Loss_kernel 0.005, Train_accy 87.37
2025-06-04 03:33:23,230 [icarl.py] => Task 3, Epoch 88/200 => Loss 1.873, Loss_clf 0.401, Loss_kd 1.467, Loss_kernel 0.005, Train_accy 87.65
2025-06-04 03:33:39,374 [icarl.py] => Task 3, Epoch 89/200 => Loss 1.807, Loss_clf 0.346, Loss_kd 1.456, Loss_kernel 0.005, Train_accy 89.73
2025-06-04 03:33:55,596 [icarl.py] => Task 3, Epoch 90/200 => Loss 1.884, Loss_clf 0.393, Loss_kd 1.487, Loss_kernel 0.005, Train_accy 87.26
2025-06-04 03:34:18,389 [icarl.py] => Task 3, Epoch 91/200 => Loss 1.847, Loss_clf 0.363, Loss_kd 1.479, Loss_kernel 0.005, Train_accy 87.72, Test_accy {'Art': 45.59, 'Clipart': 30.12, 'Real World': 52.14, 'Product': 73.03}
2025-06-04 03:34:35,073 [icarl.py] => Task 3, Epoch 92/200 => Loss 1.853, Loss_clf 0.370, Loss_kd 1.479, Loss_kernel 0.005, Train_accy 88.07
2025-06-04 03:34:51,658 [icarl.py] => Task 3, Epoch 93/200 => Loss 1.848, Loss_clf 0.368, Loss_kd 1.475, Loss_kernel 0.005, Train_accy 89.09
2025-06-04 03:35:07,504 [icarl.py] => Task 3, Epoch 94/200 => Loss 1.787, Loss_clf 0.324, Loss_kd 1.458, Loss_kernel 0.005, Train_accy 89.40
2025-06-04 03:35:23,815 [icarl.py] => Task 3, Epoch 95/200 => Loss 1.805, Loss_clf 0.332, Loss_kd 1.468, Loss_kernel 0.004, Train_accy 89.42
2025-06-04 03:35:47,130 [icarl.py] => Task 3, Epoch 96/200 => Loss 1.788, Loss_clf 0.323, Loss_kd 1.460, Loss_kernel 0.005, Train_accy 89.53, Test_accy {'Art': 40.44, 'Clipart': 25.48, 'Real World': 55.36, 'Product': 73.36}
2025-06-04 03:36:03,517 [icarl.py] => Task 3, Epoch 97/200 => Loss 1.784, Loss_clf 0.334, Loss_kd 1.446, Loss_kernel 0.005, Train_accy 90.28
2025-06-04 03:36:19,543 [icarl.py] => Task 3, Epoch 98/200 => Loss 1.808, Loss_clf 0.344, Loss_kd 1.459, Loss_kernel 0.005, Train_accy 89.08
2025-06-04 03:36:35,697 [icarl.py] => Task 3, Epoch 99/200 => Loss 1.792, Loss_clf 0.330, Loss_kd 1.458, Loss_kernel 0.004, Train_accy 89.70
2025-06-04 03:36:52,079 [icarl.py] => Task 3, Epoch 100/200 => Loss 1.797, Loss_clf 0.329, Loss_kd 1.463, Loss_kernel 0.005, Train_accy 89.12
2025-06-04 03:37:16,076 [icarl.py] => Task 3, Epoch 101/200 => Loss 1.759, Loss_clf 0.300, Loss_kd 1.455, Loss_kernel 0.004, Train_accy 91.00, Test_accy {'Art': 48.53, 'Clipart': 27.41, 'Real World': 53.21, 'Product': 75.66}
2025-06-04 03:37:32,282 [icarl.py] => Task 3, Epoch 102/200 => Loss 1.750, Loss_clf 0.295, Loss_kd 1.451, Loss_kernel 0.004, Train_accy 91.12
2025-06-04 03:37:48,415 [icarl.py] => Task 3, Epoch 103/200 => Loss 1.735, Loss_clf 0.276, Loss_kd 1.456, Loss_kernel 0.004, Train_accy 90.88
2025-06-04 03:38:04,549 [icarl.py] => Task 3, Epoch 104/200 => Loss 1.780, Loss_clf 0.329, Loss_kd 1.447, Loss_kernel 0.004, Train_accy 89.53
2025-06-04 03:38:20,692 [icarl.py] => Task 3, Epoch 105/200 => Loss 1.770, Loss_clf 0.314, Loss_kd 1.451, Loss_kernel 0.004, Train_accy 90.75
2025-06-04 03:38:43,900 [icarl.py] => Task 3, Epoch 106/200 => Loss 1.753, Loss_clf 0.302, Loss_kd 1.446, Loss_kernel 0.004, Train_accy 91.19, Test_accy {'Art': 37.5, 'Clipart': 25.87, 'Real World': 50.36, 'Product': 76.64}
2025-06-04 03:39:00,025 [icarl.py] => Task 3, Epoch 107/200 => Loss 1.750, Loss_clf 0.295, Loss_kd 1.451, Loss_kernel 0.004, Train_accy 90.41
2025-06-04 03:39:16,184 [icarl.py] => Task 3, Epoch 108/200 => Loss 1.703, Loss_clf 0.272, Loss_kd 1.427, Loss_kernel 0.004, Train_accy 91.54
2025-06-04 03:39:31,961 [icarl.py] => Task 3, Epoch 109/200 => Loss 1.787, Loss_clf 0.321, Loss_kd 1.462, Loss_kernel 0.004, Train_accy 89.70
2025-06-04 03:39:48,040 [icarl.py] => Task 3, Epoch 110/200 => Loss 1.747, Loss_clf 0.299, Loss_kd 1.443, Loss_kernel 0.004, Train_accy 90.67
2025-06-04 03:40:12,235 [icarl.py] => Task 3, Epoch 111/200 => Loss 1.746, Loss_clf 0.293, Loss_kd 1.448, Loss_kernel 0.004, Train_accy 90.95, Test_accy {'Art': 47.06, 'Clipart': 31.27, 'Real World': 51.79, 'Product': 76.32}
2025-06-04 03:40:28,344 [icarl.py] => Task 3, Epoch 112/200 => Loss 1.736, Loss_clf 0.276, Loss_kd 1.455, Loss_kernel 0.004, Train_accy 91.12
2025-06-04 03:40:44,245 [icarl.py] => Task 3, Epoch 113/200 => Loss 1.727, Loss_clf 0.272, Loss_kd 1.451, Loss_kernel 0.004, Train_accy 91.73
2025-06-04 03:41:00,197 [icarl.py] => Task 3, Epoch 114/200 => Loss 1.703, Loss_clf 0.257, Loss_kd 1.442, Loss_kernel 0.004, Train_accy 92.23
2025-06-04 03:41:15,523 [icarl.py] => Task 3, Epoch 115/200 => Loss 1.681, Loss_clf 0.246, Loss_kd 1.431, Loss_kernel 0.004, Train_accy 91.91
2025-06-04 03:41:39,180 [icarl.py] => Task 3, Epoch 116/200 => Loss 1.725, Loss_clf 0.274, Loss_kd 1.447, Loss_kernel 0.004, Train_accy 91.44, Test_accy {'Art': 43.38, 'Clipart': 27.41, 'Real World': 50.36, 'Product': 74.01}
2025-06-04 03:41:55,651 [icarl.py] => Task 3, Epoch 117/200 => Loss 1.678, Loss_clf 0.250, Loss_kd 1.424, Loss_kernel 0.004, Train_accy 92.21
2025-06-04 03:42:12,039 [icarl.py] => Task 3, Epoch 118/200 => Loss 1.696, Loss_clf 0.254, Loss_kd 1.437, Loss_kernel 0.004, Train_accy 91.83
2025-06-04 03:42:27,720 [icarl.py] => Task 3, Epoch 119/200 => Loss 1.697, Loss_clf 0.270, Loss_kd 1.424, Loss_kernel 0.004, Train_accy 91.85
2025-06-04 03:42:43,665 [icarl.py] => Task 3, Epoch 120/200 => Loss 1.723, Loss_clf 0.283, Loss_kd 1.435, Loss_kernel 0.004, Train_accy 90.46
2025-06-04 03:43:06,404 [icarl.py] => Task 3, Epoch 121/200 => Loss 1.651, Loss_clf 0.227, Loss_kd 1.420, Loss_kernel 0.004, Train_accy 93.00, Test_accy {'Art': 43.38, 'Clipart': 25.87, 'Real World': 52.5, 'Product': 77.96}
2025-06-04 03:43:22,130 [icarl.py] => Task 3, Epoch 122/200 => Loss 1.681, Loss_clf 0.246, Loss_kd 1.431, Loss_kernel 0.004, Train_accy 91.98
2025-06-04 03:43:37,965 [icarl.py] => Task 3, Epoch 123/200 => Loss 1.663, Loss_clf 0.250, Loss_kd 1.409, Loss_kernel 0.004, Train_accy 92.19
2025-06-04 03:43:54,140 [icarl.py] => Task 3, Epoch 124/200 => Loss 1.693, Loss_clf 0.257, Loss_kd 1.432, Loss_kernel 0.004, Train_accy 92.07
2025-06-04 03:44:10,686 [icarl.py] => Task 3, Epoch 125/200 => Loss 1.669, Loss_clf 0.243, Loss_kd 1.422, Loss_kernel 0.004, Train_accy 92.71
2025-06-04 03:44:33,976 [icarl.py] => Task 3, Epoch 126/200 => Loss 1.637, Loss_clf 0.218, Loss_kd 1.415, Loss_kernel 0.004, Train_accy 93.52, Test_accy {'Art': 44.85, 'Clipart': 29.73, 'Real World': 52.5, 'Product': 77.96}
2025-06-04 03:44:50,087 [icarl.py] => Task 3, Epoch 127/200 => Loss 1.638, Loss_clf 0.217, Loss_kd 1.417, Loss_kernel 0.004, Train_accy 93.37
2025-06-04 03:45:06,560 [icarl.py] => Task 3, Epoch 128/200 => Loss 1.653, Loss_clf 0.247, Loss_kd 1.403, Loss_kernel 0.004, Train_accy 92.88
2025-06-04 03:45:24,187 [icarl.py] => Task 3, Epoch 129/200 => Loss 1.656, Loss_clf 0.235, Loss_kd 1.418, Loss_kernel 0.004, Train_accy 92.85
2025-06-04 03:45:40,574 [icarl.py] => Task 3, Epoch 130/200 => Loss 1.639, Loss_clf 0.222, Loss_kd 1.414, Loss_kernel 0.004, Train_accy 93.73
2025-06-04 03:46:03,747 [icarl.py] => Task 3, Epoch 131/200 => Loss 1.626, Loss_clf 0.216, Loss_kd 1.407, Loss_kernel 0.004, Train_accy 93.56, Test_accy {'Art': 49.26, 'Clipart': 28.96, 'Real World': 51.79, 'Product': 79.93}
2025-06-04 03:46:19,806 [icarl.py] => Task 3, Epoch 132/200 => Loss 1.626, Loss_clf 0.211, Loss_kd 1.411, Loss_kernel 0.004, Train_accy 93.39
2025-06-04 03:46:36,568 [icarl.py] => Task 3, Epoch 133/200 => Loss 1.635, Loss_clf 0.208, Loss_kd 1.423, Loss_kernel 0.004, Train_accy 93.87
2025-06-04 03:46:51,435 [icarl.py] => Task 3, Epoch 134/200 => Loss 1.598, Loss_clf 0.195, Loss_kd 1.399, Loss_kernel 0.003, Train_accy 94.18
2025-06-04 03:47:07,735 [icarl.py] => Task 3, Epoch 135/200 => Loss 1.617, Loss_clf 0.206, Loss_kd 1.407, Loss_kernel 0.004, Train_accy 93.85
2025-06-04 03:47:30,312 [icarl.py] => Task 3, Epoch 136/200 => Loss 1.559, Loss_clf 0.172, Loss_kd 1.384, Loss_kernel 0.004, Train_accy 95.01, Test_accy {'Art': 44.85, 'Clipart': 26.64, 'Real World': 48.93, 'Product': 75.0}
2025-06-04 03:47:46,505 [icarl.py] => Task 3, Epoch 137/200 => Loss 1.560, Loss_clf 0.177, Loss_kd 1.380, Loss_kernel 0.004, Train_accy 95.00
2025-06-04 03:48:02,601 [icarl.py] => Task 3, Epoch 138/200 => Loss 1.592, Loss_clf 0.196, Loss_kd 1.393, Loss_kernel 0.004, Train_accy 93.83
2025-06-04 03:48:18,637 [icarl.py] => Task 3, Epoch 139/200 => Loss 1.582, Loss_clf 0.190, Loss_kd 1.388, Loss_kernel 0.004, Train_accy 94.05
2025-06-04 03:48:34,394 [icarl.py] => Task 3, Epoch 140/200 => Loss 1.555, Loss_clf 0.171, Loss_kd 1.380, Loss_kernel 0.004, Train_accy 94.81
2025-06-04 03:48:57,387 [icarl.py] => Task 3, Epoch 141/200 => Loss 1.573, Loss_clf 0.180, Loss_kd 1.389, Loss_kernel 0.004, Train_accy 94.39, Test_accy {'Art': 47.79, 'Clipart': 28.57, 'Real World': 53.93, 'Product': 79.61}
2025-06-04 03:49:12,938 [icarl.py] => Task 3, Epoch 142/200 => Loss 1.542, Loss_clf 0.166, Loss_kd 1.372, Loss_kernel 0.003, Train_accy 95.17
2025-06-04 03:49:29,037 [icarl.py] => Task 3, Epoch 143/200 => Loss 1.586, Loss_clf 0.182, Loss_kd 1.401, Loss_kernel 0.003, Train_accy 94.47
2025-06-04 03:49:44,003 [icarl.py] => Task 3, Epoch 144/200 => Loss 1.542, Loss_clf 0.160, Loss_kd 1.378, Loss_kernel 0.003, Train_accy 95.42
2025-06-04 03:49:59,751 [icarl.py] => Task 3, Epoch 145/200 => Loss 1.562, Loss_clf 0.176, Loss_kd 1.383, Loss_kernel 0.004, Train_accy 95.17
2025-06-04 03:50:22,553 [icarl.py] => Task 3, Epoch 146/200 => Loss 1.585, Loss_clf 0.186, Loss_kd 1.396, Loss_kernel 0.004, Train_accy 94.71, Test_accy {'Art': 44.12, 'Clipart': 30.5, 'Real World': 54.29, 'Product': 80.92}
2025-06-04 03:50:37,977 [icarl.py] => Task 3, Epoch 147/200 => Loss 1.541, Loss_clf 0.152, Loss_kd 1.386, Loss_kernel 0.003, Train_accy 95.81
2025-06-04 03:50:54,213 [icarl.py] => Task 3, Epoch 148/200 => Loss 1.563, Loss_clf 0.171, Loss_kd 1.389, Loss_kernel 0.003, Train_accy 94.79
2025-06-04 03:51:10,030 [icarl.py] => Task 3, Epoch 149/200 => Loss 1.552, Loss_clf 0.160, Loss_kd 1.388, Loss_kernel 0.003, Train_accy 95.35
2025-06-04 03:51:25,772 [icarl.py] => Task 3, Epoch 150/200 => Loss 1.567, Loss_clf 0.165, Loss_kd 1.399, Loss_kernel 0.003, Train_accy 95.74
2025-06-04 03:51:49,471 [icarl.py] => Task 3, Epoch 151/200 => Loss 1.587, Loss_clf 0.172, Loss_kd 1.411, Loss_kernel 0.004, Train_accy 95.11, Test_accy {'Art': 44.12, 'Clipart': 28.96, 'Real World': 54.64, 'Product': 79.93}
2025-06-04 03:52:05,580 [icarl.py] => Task 3, Epoch 152/200 => Loss 1.567, Loss_clf 0.173, Loss_kd 1.390, Loss_kernel 0.004, Train_accy 94.43
2025-06-04 03:52:21,171 [icarl.py] => Task 3, Epoch 153/200 => Loss 1.560, Loss_clf 0.165, Loss_kd 1.391, Loss_kernel 0.003, Train_accy 95.41
2025-06-04 03:52:36,437 [icarl.py] => Task 3, Epoch 154/200 => Loss 1.518, Loss_clf 0.142, Loss_kd 1.373, Loss_kernel 0.003, Train_accy 96.06
2025-06-04 03:52:52,569 [icarl.py] => Task 3, Epoch 155/200 => Loss 1.539, Loss_clf 0.146, Loss_kd 1.390, Loss_kernel 0.003, Train_accy 95.99
2025-06-04 03:53:15,580 [icarl.py] => Task 3, Epoch 156/200 => Loss 1.559, Loss_clf 0.167, Loss_kd 1.388, Loss_kernel 0.003, Train_accy 94.98, Test_accy {'Art': 48.53, 'Clipart': 29.34, 'Real World': 51.07, 'Product': 81.58}
2025-06-04 03:53:31,478 [icarl.py] => Task 3, Epoch 157/200 => Loss 1.542, Loss_clf 0.163, Loss_kd 1.376, Loss_kernel 0.003, Train_accy 94.90
2025-06-04 03:53:47,994 [icarl.py] => Task 3, Epoch 158/200 => Loss 1.511, Loss_clf 0.140, Loss_kd 1.368, Loss_kernel 0.003, Train_accy 96.08
2025-06-04 03:54:02,956 [icarl.py] => Task 3, Epoch 159/200 => Loss 1.503, Loss_clf 0.139, Loss_kd 1.361, Loss_kernel 0.003, Train_accy 95.89
2025-06-04 03:54:18,671 [icarl.py] => Task 3, Epoch 160/200 => Loss 1.511, Loss_clf 0.141, Loss_kd 1.367, Loss_kernel 0.003, Train_accy 96.50
2025-06-04 03:54:41,403 [icarl.py] => Task 3, Epoch 161/200 => Loss 1.494, Loss_clf 0.125, Loss_kd 1.366, Loss_kernel 0.003, Train_accy 96.75, Test_accy {'Art': 51.47, 'Clipart': 30.12, 'Real World': 51.43, 'Product': 81.91}
2025-06-04 03:54:57,377 [icarl.py] => Task 3, Epoch 162/200 => Loss 1.541, Loss_clf 0.155, Loss_kd 1.384, Loss_kernel 0.003, Train_accy 95.98
2025-06-04 03:55:13,434 [icarl.py] => Task 3, Epoch 163/200 => Loss 1.533, Loss_clf 0.143, Loss_kd 1.387, Loss_kernel 0.003, Train_accy 95.96
2025-06-04 03:55:28,877 [icarl.py] => Task 3, Epoch 164/200 => Loss 1.515, Loss_clf 0.149, Loss_kd 1.363, Loss_kernel 0.003, Train_accy 95.47
2025-06-04 03:55:46,943 [icarl.py] => Task 3, Epoch 165/200 => Loss 1.522, Loss_clf 0.135, Loss_kd 1.383, Loss_kernel 0.003, Train_accy 95.96
2025-06-04 03:56:09,757 [icarl.py] => Task 3, Epoch 166/200 => Loss 1.529, Loss_clf 0.146, Loss_kd 1.380, Loss_kernel 0.003, Train_accy 95.71, Test_accy {'Art': 50.74, 'Clipart': 29.34, 'Real World': 53.93, 'Product': 79.61}
2025-06-04 03:56:26,180 [icarl.py] => Task 3, Epoch 167/200 => Loss 1.561, Loss_clf 0.166, Loss_kd 1.392, Loss_kernel 0.003, Train_accy 94.87
2025-06-04 03:56:41,511 [icarl.py] => Task 3, Epoch 168/200 => Loss 1.512, Loss_clf 0.135, Loss_kd 1.374, Loss_kernel 0.003, Train_accy 95.95
2025-06-04 03:56:57,082 [icarl.py] => Task 3, Epoch 169/200 => Loss 1.536, Loss_clf 0.140, Loss_kd 1.393, Loss_kernel 0.003, Train_accy 96.16
2025-06-04 03:57:12,244 [icarl.py] => Task 3, Epoch 170/200 => Loss 1.480, Loss_clf 0.122, Loss_kd 1.355, Loss_kernel 0.003, Train_accy 96.52
2025-06-04 03:57:35,877 [icarl.py] => Task 3, Epoch 171/200 => Loss 1.504, Loss_clf 0.130, Loss_kd 1.370, Loss_kernel 0.003, Train_accy 96.65, Test_accy {'Art': 50.0, 'Clipart': 28.57, 'Real World': 53.21, 'Product': 80.59}
2025-06-04 03:57:51,165 [icarl.py] => Task 3, Epoch 172/200 => Loss 1.515, Loss_clf 0.129, Loss_kd 1.383, Loss_kernel 0.003, Train_accy 96.37
2025-06-04 03:58:06,340 [icarl.py] => Task 3, Epoch 173/200 => Loss 1.514, Loss_clf 0.137, Loss_kd 1.374, Loss_kernel 0.003, Train_accy 96.33
2025-06-04 03:58:21,785 [icarl.py] => Task 3, Epoch 174/200 => Loss 1.502, Loss_clf 0.125, Loss_kd 1.374, Loss_kernel 0.003, Train_accy 96.56
2025-06-04 03:58:38,112 [icarl.py] => Task 3, Epoch 175/200 => Loss 1.490, Loss_clf 0.125, Loss_kd 1.363, Loss_kernel 0.003, Train_accy 96.58
2025-06-04 03:59:02,097 [icarl.py] => Task 3, Epoch 176/200 => Loss 1.524, Loss_clf 0.138, Loss_kd 1.382, Loss_kernel 0.003, Train_accy 96.13, Test_accy {'Art': 47.06, 'Clipart': 29.34, 'Real World': 53.21, 'Product': 79.93}
2025-06-04 03:59:17,718 [icarl.py] => Task 3, Epoch 177/200 => Loss 1.517, Loss_clf 0.137, Loss_kd 1.377, Loss_kernel 0.003, Train_accy 96.17
2025-06-04 03:59:32,618 [icarl.py] => Task 3, Epoch 178/200 => Loss 1.482, Loss_clf 0.120, Loss_kd 1.359, Loss_kernel 0.003, Train_accy 96.78
2025-06-04 03:59:47,493 [icarl.py] => Task 3, Epoch 179/200 => Loss 1.496, Loss_clf 0.128, Loss_kd 1.365, Loss_kernel 0.003, Train_accy 96.47
2025-06-04 04:00:02,803 [icarl.py] => Task 3, Epoch 180/200 => Loss 1.479, Loss_clf 0.120, Loss_kd 1.356, Loss_kernel 0.003, Train_accy 96.38
2025-06-04 04:00:24,827 [icarl.py] => Task 3, Epoch 181/200 => Loss 1.479, Loss_clf 0.112, Loss_kd 1.364, Loss_kernel 0.003, Train_accy 96.89, Test_accy {'Art': 48.53, 'Clipart': 28.19, 'Real World': 53.21, 'Product': 78.95}
2025-06-04 04:00:39,772 [icarl.py] => Task 3, Epoch 182/200 => Loss 1.491, Loss_clf 0.118, Loss_kd 1.370, Loss_kernel 0.003, Train_accy 96.56
2025-06-04 04:00:54,941 [icarl.py] => Task 3, Epoch 183/200 => Loss 1.473, Loss_clf 0.114, Loss_kd 1.357, Loss_kernel 0.003, Train_accy 97.12
2025-06-04 04:01:09,746 [icarl.py] => Task 3, Epoch 184/200 => Loss 1.515, Loss_clf 0.132, Loss_kd 1.380, Loss_kernel 0.003, Train_accy 96.13
2025-06-04 04:01:24,672 [icarl.py] => Task 3, Epoch 185/200 => Loss 1.475, Loss_clf 0.113, Loss_kd 1.359, Loss_kernel 0.003, Train_accy 96.62
2025-06-04 04:01:47,127 [icarl.py] => Task 3, Epoch 186/200 => Loss 1.490, Loss_clf 0.128, Loss_kd 1.359, Loss_kernel 0.003, Train_accy 96.62, Test_accy {'Art': 47.79, 'Clipart': 27.41, 'Real World': 52.5, 'Product': 81.25}
2025-06-04 04:02:02,279 [icarl.py] => Task 3, Epoch 187/200 => Loss 1.477, Loss_clf 0.113, Loss_kd 1.361, Loss_kernel 0.003, Train_accy 96.65
2025-06-04 04:02:17,032 [icarl.py] => Task 3, Epoch 188/200 => Loss 1.469, Loss_clf 0.107, Loss_kd 1.359, Loss_kernel 0.003, Train_accy 97.01
2025-06-04 04:02:33,102 [icarl.py] => Task 3, Epoch 189/200 => Loss 1.494, Loss_clf 0.120, Loss_kd 1.371, Loss_kernel 0.003, Train_accy 96.82
2025-06-04 04:02:49,126 [icarl.py] => Task 3, Epoch 190/200 => Loss 1.495, Loss_clf 0.123, Loss_kd 1.369, Loss_kernel 0.003, Train_accy 96.75
2025-06-04 04:03:11,708 [icarl.py] => Task 3, Epoch 191/200 => Loss 1.483, Loss_clf 0.109, Loss_kd 1.371, Loss_kernel 0.003, Train_accy 97.14, Test_accy {'Art': 49.26, 'Clipart': 28.19, 'Real World': 55.36, 'Product': 80.59}
2025-06-04 04:03:24,767 [icarl.py] => Task 3, Epoch 192/200 => Loss 1.488, Loss_clf 0.113, Loss_kd 1.371, Loss_kernel 0.003, Train_accy 96.93
2025-06-04 04:03:39,220 [icarl.py] => Task 3, Epoch 193/200 => Loss 1.472, Loss_clf 0.108, Loss_kd 1.360, Loss_kernel 0.003, Train_accy 97.57
2025-06-04 04:03:54,327 [icarl.py] => Task 3, Epoch 194/200 => Loss 1.508, Loss_clf 0.126, Loss_kd 1.379, Loss_kernel 0.003, Train_accy 96.13
2025-06-04 04:04:09,098 [icarl.py] => Task 3, Epoch 195/200 => Loss 1.471, Loss_clf 0.118, Loss_kd 1.350, Loss_kernel 0.003, Train_accy 97.05
2025-06-04 04:04:31,456 [icarl.py] => Task 3, Epoch 196/200 => Loss 1.489, Loss_clf 0.116, Loss_kd 1.370, Loss_kernel 0.003, Train_accy 97.05, Test_accy {'Art': 50.0, 'Clipart': 26.64, 'Real World': 53.57, 'Product': 78.95}
2025-06-04 04:04:46,451 [icarl.py] => Task 3, Epoch 197/200 => Loss 1.494, Loss_clf 0.104, Loss_kd 1.387, Loss_kernel 0.003, Train_accy 97.39
2025-06-04 04:05:01,981 [icarl.py] => Task 3, Epoch 198/200 => Loss 1.499, Loss_clf 0.118, Loss_kd 1.378, Loss_kernel 0.003, Train_accy 96.91
2025-06-04 04:05:17,587 [icarl.py] => Task 3, Epoch 199/200 => Loss 1.487, Loss_clf 0.119, Loss_kd 1.365, Loss_kernel 0.003, Train_accy 96.66
2025-06-04 04:05:31,960 [icarl.py] => Task 3, Epoch 200/200 => Loss 1.478, Loss_clf 0.106, Loss_kd 1.369, Loss_kernel 0.003, Train_accy 97.54
2025-06-04 04:05:31,962 [base.py] => Reducing exemplars...(65 per classes)
2025-06-04 04:05:49,129 [base.py] => Constructing exemplars...(65 per classes)
2025-06-04 04:06:16,514 [icarl.py] => Exemplar size: 1300
2025-06-04 04:06:17,671 [trainer.py] => CNN [Art]: {'total': 45.59, '00-04': 65.79, '05-09': 44.12, '10-14': 43.24, '15-19': 22.22, 'old': 51.38, 'new': 22.22}
2025-06-04 04:06:17,671 [trainer.py] => NME [Art]: {'total': 49.26, '00-04': 57.89, '05-09': 50.0, '10-14': 45.95, '15-19': 40.74, 'old': 51.38, 'new': 40.74}
2025-06-04 04:06:17,671 [trainer.py] => CNN [Art] top1 curve: [63.16, 47.22, 46.79, 45.59]
2025-06-04 04:06:17,672 [trainer.py] => CNN [Art] top5 curve: [92.11, 77.78, 73.39, 70.59]
2025-06-04 04:06:17,672 [trainer.py] => NME [Art] top1 curve: [63.16, 52.78, 53.21, 49.26]
2025-06-04 04:06:17,672 [trainer.py] => NME [Art] top5 curve: [100.0, 84.72, 81.65, 73.53]
2025-06-04 04:06:17,672 [trainer.py] => Average Accuracy [Art] (CNN): 50.69
2025-06-04 04:06:17,672 [trainer.py] => Average Accuracy [Art] (NME): 54.6025
2025-06-04 04:06:17,672 [trainer.py] => CNN [Clipart]: {'total': 28.57, '00-04': 44.87, '05-09': 33.87, '10-14': 19.7, '15-19': 9.43, 'old': 33.5, 'new': 9.43}
2025-06-04 04:06:17,672 [trainer.py] => NME [Clipart]: {'total': 26.64, '00-04': 30.77, '05-09': 37.1, '10-14': 24.24, '15-19': 11.32, 'old': 30.58, 'new': 11.32}
2025-06-04 04:06:17,672 [trainer.py] => CNN [Clipart] top1 curve: [50.0, 40.0, 33.98, 28.57]
2025-06-04 04:06:17,673 [trainer.py] => CNN [Clipart] top5 curve: [96.15, 74.29, 66.02, 55.98]
2025-06-04 04:06:17,673 [trainer.py] => NME [Clipart] top1 curve: [52.56, 45.71, 34.47, 26.64]
2025-06-04 04:06:17,673 [trainer.py] => NME [Clipart] top5 curve: [100.0, 80.71, 68.93, 61.78]
2025-06-04 04:06:17,673 [trainer.py] => Average Accuracy [Clipart] (CNN): 38.1375
2025-06-04 04:06:17,673 [trainer.py] => Average Accuracy [Clipart] (NME): 39.845
2025-06-04 04:06:17,673 [trainer.py] => CNN [Product]: {'total': 80.92, '00-04': 98.82, '05-09': 76.25, '10-14': 87.1, '15-19': 61.04, 'old': 87.67, 'new': 61.04}
2025-06-04 04:06:17,673 [trainer.py] => NME [Product]: {'total': 82.57, '00-04': 89.41, '05-09': 81.25, '10-14': 90.32, '15-19': 70.13, 'old': 86.78, 'new': 70.13}
2025-06-04 04:06:17,673 [trainer.py] => CNN [Product] top1 curve: [87.06, 78.79, 87.67, 80.92]
2025-06-04 04:06:17,673 [trainer.py] => CNN [Product] top5 curve: [100.0, 98.79, 97.8, 95.72]
2025-06-04 04:06:17,674 [trainer.py] => NME [Product] top1 curve: [89.41, 86.67, 90.31, 82.57]
2025-06-04 04:06:17,674 [trainer.py] => NME [Product] top5 curve: [100.0, 99.39, 98.68, 96.71]
2025-06-04 04:06:17,674 [trainer.py] => Average Accuracy [Product] (CNN): 83.61
2025-06-04 04:06:17,674 [trainer.py] => Average Accuracy [Product] (NME): 87.24
2025-06-04 04:06:17,674 [trainer.py] => CNN [Real World]: {'total': 54.29, '00-04': 71.23, '05-09': 63.24, '10-14': 40.28, '15-19': 41.79, 'old': 58.22, 'new': 41.79}
2025-06-04 04:06:17,674 [trainer.py] => NME [Real World]: {'total': 54.29, '00-04': 52.05, '05-09': 63.24, '10-14': 50.0, '15-19': 52.24, 'old': 54.93, 'new': 52.24}
2025-06-04 04:06:17,674 [trainer.py] => CNN [Real World] top1 curve: [73.97, 64.54, 58.69, 54.29]
2025-06-04 04:06:17,674 [trainer.py] => CNN [Real World] top5 curve: [98.63, 90.78, 83.1, 80.0]
2025-06-04 04:06:17,675 [trainer.py] => NME [Real World] top1 curve: [78.08, 70.92, 60.09, 54.29]
2025-06-04 04:06:17,675 [trainer.py] => NME [Real World] top5 curve: [100.0, 96.45, 91.55, 86.79]
2025-06-04 04:06:17,675 [trainer.py] => Average Accuracy [Real World] (CNN): 62.8725
2025-06-04 04:06:17,675 [trainer.py] => Average Accuracy [Real World] (NME): 65.845
2025-06-04 04:06:17,675 [trainer.py] => NME Harmonic Mean : 37.2744
2025-06-04 04:06:17,675 [trainer.py] => NME Macro Mean : 53.1900
2025-06-04 04:06:17,675 [trainer.py] => CNN Harmonic Mean : 38.7637
2025-06-04 04:06:17,675 [trainer.py] => CNN Macro Mean : 52.3425
2025-06-04 04:06:17,676 [trainer.py] => All params: 21300062
2025-06-04 04:06:17,677 [trainer.py] => Trainable params: 21300062
2025-06-04 04:06:17,679 [icarl.py] => Learning on 20-25
2025-06-04 04:06:42,772 [icarl.py] => Task 4, Epoch 1/200 => Loss 4.275, Loss_clf 2.230, Loss_kd 2.039, Loss_kernel 0.006, Train_accy 42.08, Test_accy {'Art': 12.07, 'Clipart': 10.92, 'Real World': 20.29, 'Product': 20.27}
2025-06-04 04:06:59,058 [icarl.py] => Task 4, Epoch 2/200 => Loss 4.856, Loss_clf 2.443, Loss_kd 2.401, Loss_kernel 0.012, Train_accy 29.98
2025-06-04 04:07:14,774 [icarl.py] => Task 4, Epoch 3/200 => Loss 4.382, Loss_clf 2.137, Loss_kd 2.235, Loss_kernel 0.010, Train_accy 36.22
2025-06-04 04:07:30,823 [icarl.py] => Task 4, Epoch 4/200 => Loss 4.018, Loss_clf 1.880, Loss_kd 2.129, Loss_kernel 0.009, Train_accy 42.47
2025-06-04 04:07:46,775 [icarl.py] => Task 4, Epoch 5/200 => Loss 3.800, Loss_clf 1.737, Loss_kd 2.056, Loss_kernel 0.008, Train_accy 47.41
2025-06-04 04:08:13,953 [icarl.py] => Task 4, Epoch 6/200 => Loss 3.628, Loss_clf 1.610, Loss_kd 2.010, Loss_kernel 0.009, Train_accy 49.88, Test_accy {'Art': 29.89, 'Clipart': 22.13, 'Real World': 37.39, 'Product': 55.62}
2025-06-04 04:08:29,844 [icarl.py] => Task 4, Epoch 7/200 => Loss 3.563, Loss_clf 1.563, Loss_kd 1.991, Loss_kernel 0.009, Train_accy 50.42
2025-06-04 04:08:45,878 [icarl.py] => Task 4, Epoch 8/200 => Loss 3.513, Loss_clf 1.525, Loss_kd 1.980, Loss_kernel 0.007, Train_accy 52.21
2025-06-04 04:09:02,231 [icarl.py] => Task 4, Epoch 9/200 => Loss 3.319, Loss_clf 1.384, Loss_kd 1.928, Loss_kernel 0.007, Train_accy 56.31
2025-06-04 04:09:18,280 [icarl.py] => Task 4, Epoch 10/200 => Loss 3.182, Loss_clf 1.291, Loss_kd 1.884, Loss_kernel 0.007, Train_accy 59.31
2025-06-04 04:09:42,955 [icarl.py] => Task 4, Epoch 11/200 => Loss 3.125, Loss_clf 1.268, Loss_kd 1.849, Loss_kernel 0.007, Train_accy 60.96, Test_accy {'Art': 35.06, 'Clipart': 23.28, 'Real World': 38.84, 'Product': 60.82}
2025-06-04 04:09:58,953 [icarl.py] => Task 4, Epoch 12/200 => Loss 3.130, Loss_clf 1.263, Loss_kd 1.860, Loss_kernel 0.007, Train_accy 59.54
2025-06-04 04:10:14,803 [icarl.py] => Task 4, Epoch 13/200 => Loss 3.148, Loss_clf 1.258, Loss_kd 1.883, Loss_kernel 0.007, Train_accy 60.01
2025-06-04 04:10:30,923 [icarl.py] => Task 4, Epoch 14/200 => Loss 3.187, Loss_clf 1.295, Loss_kd 1.885, Loss_kernel 0.007, Train_accy 59.65
2025-06-04 04:10:47,255 [icarl.py] => Task 4, Epoch 15/200 => Loss 2.929, Loss_clf 1.111, Loss_kd 1.811, Loss_kernel 0.006, Train_accy 65.31
2025-06-04 04:11:11,926 [icarl.py] => Task 4, Epoch 16/200 => Loss 2.910, Loss_clf 1.103, Loss_kd 1.800, Loss_kernel 0.006, Train_accy 65.14, Test_accy {'Art': 31.61, 'Clipart': 23.85, 'Real World': 39.42, 'Product': 63.01}
2025-06-04 04:11:27,901 [icarl.py] => Task 4, Epoch 17/200 => Loss 2.772, Loss_clf 0.999, Loss_kd 1.767, Loss_kernel 0.006, Train_accy 67.38
2025-06-04 04:11:43,689 [icarl.py] => Task 4, Epoch 18/200 => Loss 2.802, Loss_clf 1.012, Loss_kd 1.784, Loss_kernel 0.006, Train_accy 69.48
2025-06-04 04:11:59,667 [icarl.py] => Task 4, Epoch 19/200 => Loss 2.790, Loss_clf 0.993, Loss_kd 1.790, Loss_kernel 0.007, Train_accy 68.09
2025-06-04 04:12:15,734 [icarl.py] => Task 4, Epoch 20/200 => Loss 2.685, Loss_clf 0.920, Loss_kd 1.759, Loss_kernel 0.006, Train_accy 70.03
2025-06-04 04:12:40,670 [icarl.py] => Task 4, Epoch 21/200 => Loss 2.613, Loss_clf 0.858, Loss_kd 1.748, Loss_kernel 0.006, Train_accy 72.33, Test_accy {'Art': 33.91, 'Clipart': 21.26, 'Real World': 39.71, 'Product': 63.56}
2025-06-04 04:12:56,797 [icarl.py] => Task 4, Epoch 22/200 => Loss 2.655, Loss_clf 0.910, Loss_kd 1.739, Loss_kernel 0.006, Train_accy 71.00
2025-06-04 04:13:12,789 [icarl.py] => Task 4, Epoch 23/200 => Loss 2.655, Loss_clf 0.917, Loss_kd 1.732, Loss_kernel 0.006, Train_accy 71.15
2025-06-04 04:13:28,635 [icarl.py] => Task 4, Epoch 24/200 => Loss 2.661, Loss_clf 0.897, Loss_kd 1.758, Loss_kernel 0.006, Train_accy 71.27
2025-06-04 04:13:44,584 [icarl.py] => Task 4, Epoch 25/200 => Loss 2.638, Loss_clf 0.873, Loss_kd 1.759, Loss_kernel 0.006, Train_accy 73.50
2025-06-04 04:14:09,617 [icarl.py] => Task 4, Epoch 26/200 => Loss 2.662, Loss_clf 0.899, Loss_kd 1.756, Loss_kernel 0.006, Train_accy 71.86, Test_accy {'Art': 30.46, 'Clipart': 22.7, 'Real World': 37.39, 'Product': 59.73}
2025-06-04 04:14:25,708 [icarl.py] => Task 4, Epoch 27/200 => Loss 2.786, Loss_clf 1.007, Loss_kd 1.772, Loss_kernel 0.007, Train_accy 67.52
2025-06-04 04:14:41,660 [icarl.py] => Task 4, Epoch 28/200 => Loss 2.576, Loss_clf 0.831, Loss_kd 1.739, Loss_kernel 0.006, Train_accy 73.56
2025-06-04 04:14:57,522 [icarl.py] => Task 4, Epoch 29/200 => Loss 2.599, Loss_clf 0.856, Loss_kd 1.736, Loss_kernel 0.006, Train_accy 73.25
2025-06-04 04:15:13,391 [icarl.py] => Task 4, Epoch 30/200 => Loss 2.481, Loss_clf 0.763, Loss_kd 1.712, Loss_kernel 0.006, Train_accy 75.72
2025-06-04 04:15:38,892 [icarl.py] => Task 4, Epoch 31/200 => Loss 2.438, Loss_clf 0.749, Loss_kd 1.684, Loss_kernel 0.006, Train_accy 76.02, Test_accy {'Art': 31.03, 'Clipart': 25.86, 'Real World': 36.81, 'Product': 58.63}
2025-06-04 04:15:54,709 [icarl.py] => Task 4, Epoch 32/200 => Loss 2.416, Loss_clf 0.735, Loss_kd 1.676, Loss_kernel 0.006, Train_accy 76.29
2025-06-04 04:16:10,207 [icarl.py] => Task 4, Epoch 33/200 => Loss 2.384, Loss_clf 0.707, Loss_kd 1.671, Loss_kernel 0.006, Train_accy 78.48
2025-06-04 04:16:25,750 [icarl.py] => Task 4, Epoch 34/200 => Loss 2.369, Loss_clf 0.682, Loss_kd 1.682, Loss_kernel 0.006, Train_accy 78.40
2025-06-04 04:16:41,209 [icarl.py] => Task 4, Epoch 35/200 => Loss 2.372, Loss_clf 0.686, Loss_kd 1.680, Loss_kernel 0.005, Train_accy 78.27
2025-06-04 04:17:05,770 [icarl.py] => Task 4, Epoch 36/200 => Loss 2.344, Loss_clf 0.654, Loss_kd 1.685, Loss_kernel 0.005, Train_accy 79.64, Test_accy {'Art': 33.91, 'Clipart': 25.86, 'Real World': 42.9, 'Product': 66.85}
2025-06-04 04:17:21,595 [icarl.py] => Task 4, Epoch 37/200 => Loss 2.343, Loss_clf 0.669, Loss_kd 1.668, Loss_kernel 0.006, Train_accy 78.51
2025-06-04 04:17:37,551 [icarl.py] => Task 4, Epoch 38/200 => Loss 2.285, Loss_clf 0.619, Loss_kd 1.660, Loss_kernel 0.005, Train_accy 79.99
2025-06-04 04:17:53,403 [icarl.py] => Task 4, Epoch 39/200 => Loss 2.335, Loss_clf 0.658, Loss_kd 1.672, Loss_kernel 0.005, Train_accy 79.62
2025-06-04 04:18:09,431 [icarl.py] => Task 4, Epoch 40/200 => Loss 2.385, Loss_clf 0.684, Loss_kd 1.695, Loss_kernel 0.005, Train_accy 77.51
2025-06-04 04:18:34,078 [icarl.py] => Task 4, Epoch 41/200 => Loss 2.280, Loss_clf 0.605, Loss_kd 1.669, Loss_kernel 0.005, Train_accy 80.08, Test_accy {'Art': 35.63, 'Clipart': 25.0, 'Real World': 44.06, 'Product': 67.95}
2025-06-04 04:18:49,419 [icarl.py] => Task 4, Epoch 42/200 => Loss 2.275, Loss_clf 0.621, Loss_kd 1.648, Loss_kernel 0.005, Train_accy 80.88
2025-06-04 04:19:05,461 [icarl.py] => Task 4, Epoch 43/200 => Loss 2.299, Loss_clf 0.629, Loss_kd 1.664, Loss_kernel 0.005, Train_accy 80.05
2025-06-04 04:19:21,577 [icarl.py] => Task 4, Epoch 44/200 => Loss 2.309, Loss_clf 0.640, Loss_kd 1.663, Loss_kernel 0.006, Train_accy 79.24
2025-06-04 04:19:37,312 [icarl.py] => Task 4, Epoch 45/200 => Loss 2.262, Loss_clf 0.609, Loss_kd 1.648, Loss_kernel 0.005, Train_accy 80.29
2025-06-04 04:20:02,479 [icarl.py] => Task 4, Epoch 46/200 => Loss 2.276, Loss_clf 0.619, Loss_kd 1.653, Loss_kernel 0.005, Train_accy 80.35, Test_accy {'Art': 34.48, 'Clipart': 25.57, 'Real World': 39.42, 'Product': 66.3}
2025-06-04 04:20:18,618 [icarl.py] => Task 4, Epoch 47/200 => Loss 2.292, Loss_clf 0.619, Loss_kd 1.668, Loss_kernel 0.005, Train_accy 80.76
2025-06-04 04:20:34,771 [icarl.py] => Task 4, Epoch 48/200 => Loss 2.376, Loss_clf 0.676, Loss_kd 1.694, Loss_kernel 0.005, Train_accy 78.45
2025-06-04 04:20:50,932 [icarl.py] => Task 4, Epoch 49/200 => Loss 2.220, Loss_clf 0.566, Loss_kd 1.649, Loss_kernel 0.005, Train_accy 81.65
2025-06-04 04:21:06,469 [icarl.py] => Task 4, Epoch 50/200 => Loss 2.195, Loss_clf 0.550, Loss_kd 1.640, Loss_kernel 0.005, Train_accy 82.38
2025-06-04 04:21:31,208 [icarl.py] => Task 4, Epoch 51/200 => Loss 2.174, Loss_clf 0.533, Loss_kd 1.636, Loss_kernel 0.005, Train_accy 82.80, Test_accy {'Art': 31.03, 'Clipart': 25.57, 'Real World': 38.26, 'Product': 66.85}
2025-06-04 04:21:46,380 [icarl.py] => Task 4, Epoch 52/200 => Loss 2.132, Loss_clf 0.522, Loss_kd 1.606, Loss_kernel 0.005, Train_accy 83.59
2025-06-04 04:22:02,242 [icarl.py] => Task 4, Epoch 53/200 => Loss 2.234, Loss_clf 0.583, Loss_kd 1.646, Loss_kernel 0.005, Train_accy 81.13
2025-06-04 04:22:18,216 [icarl.py] => Task 4, Epoch 54/200 => Loss 2.192, Loss_clf 0.565, Loss_kd 1.621, Loss_kernel 0.005, Train_accy 82.35
2025-06-04 04:22:34,059 [icarl.py] => Task 4, Epoch 55/200 => Loss 2.136, Loss_clf 0.521, Loss_kd 1.611, Loss_kernel 0.005, Train_accy 82.82
2025-06-04 04:22:58,695 [icarl.py] => Task 4, Epoch 56/200 => Loss 2.084, Loss_clf 0.472, Loss_kd 1.607, Loss_kernel 0.005, Train_accy 84.91, Test_accy {'Art': 30.46, 'Clipart': 24.71, 'Real World': 41.74, 'Product': 70.41}
2025-06-04 04:23:16,040 [icarl.py] => Task 4, Epoch 57/200 => Loss 2.149, Loss_clf 0.523, Loss_kd 1.621, Loss_kernel 0.005, Train_accy 83.65
2025-06-04 04:23:32,086 [icarl.py] => Task 4, Epoch 58/200 => Loss 2.165, Loss_clf 0.526, Loss_kd 1.634, Loss_kernel 0.005, Train_accy 82.23
2025-06-04 04:23:48,114 [icarl.py] => Task 4, Epoch 59/200 => Loss 2.105, Loss_clf 0.493, Loss_kd 1.608, Loss_kernel 0.005, Train_accy 83.81
2025-06-04 04:24:04,172 [icarl.py] => Task 4, Epoch 60/200 => Loss 2.124, Loss_clf 0.504, Loss_kd 1.614, Loss_kernel 0.005, Train_accy 84.40
2025-06-04 04:24:28,618 [icarl.py] => Task 4, Epoch 61/200 => Loss 2.206, Loss_clf 0.556, Loss_kd 1.645, Loss_kernel 0.005, Train_accy 81.89, Test_accy {'Art': 35.63, 'Clipart': 25.0, 'Real World': 38.26, 'Product': 67.67}
2025-06-04 04:24:44,332 [icarl.py] => Task 4, Epoch 62/200 => Loss 2.129, Loss_clf 0.512, Loss_kd 1.613, Loss_kernel 0.005, Train_accy 83.37
2025-06-04 04:25:00,283 [icarl.py] => Task 4, Epoch 63/200 => Loss 2.117, Loss_clf 0.480, Loss_kd 1.633, Loss_kernel 0.004, Train_accy 84.99
2025-06-04 04:25:16,119 [icarl.py] => Task 4, Epoch 64/200 => Loss 2.080, Loss_clf 0.457, Loss_kd 1.618, Loss_kernel 0.005, Train_accy 86.39
2025-06-04 04:25:32,150 [icarl.py] => Task 4, Epoch 65/200 => Loss 2.055, Loss_clf 0.444, Loss_kd 1.607, Loss_kernel 0.005, Train_accy 86.56
2025-06-04 04:25:56,687 [icarl.py] => Task 4, Epoch 66/200 => Loss 2.021, Loss_clf 0.438, Loss_kd 1.578, Loss_kernel 0.005, Train_accy 85.49, Test_accy {'Art': 34.48, 'Clipart': 24.43, 'Real World': 45.22, 'Product': 70.68}
2025-06-04 04:26:12,628 [icarl.py] => Task 4, Epoch 67/200 => Loss 2.016, Loss_clf 0.424, Loss_kd 1.587, Loss_kernel 0.004, Train_accy 86.96
2025-06-04 04:26:27,989 [icarl.py] => Task 4, Epoch 68/200 => Loss 2.027, Loss_clf 0.441, Loss_kd 1.582, Loss_kernel 0.004, Train_accy 85.90
2025-06-04 04:26:43,822 [icarl.py] => Task 4, Epoch 69/200 => Loss 2.033, Loss_clf 0.429, Loss_kd 1.599, Loss_kernel 0.004, Train_accy 86.92
2025-06-04 04:26:59,771 [icarl.py] => Task 4, Epoch 70/200 => Loss 2.031, Loss_clf 0.435, Loss_kd 1.591, Loss_kernel 0.004, Train_accy 86.22
2025-06-04 04:27:24,207 [icarl.py] => Task 4, Epoch 71/200 => Loss 2.071, Loss_clf 0.467, Loss_kd 1.599, Loss_kernel 0.004, Train_accy 85.35, Test_accy {'Art': 32.18, 'Clipart': 25.57, 'Real World': 42.32, 'Product': 69.86}
2025-06-04 04:27:40,087 [icarl.py] => Task 4, Epoch 72/200 => Loss 2.066, Loss_clf 0.451, Loss_kd 1.610, Loss_kernel 0.004, Train_accy 85.75
2025-06-04 04:27:55,799 [icarl.py] => Task 4, Epoch 73/200 => Loss 1.987, Loss_clf 0.407, Loss_kd 1.575, Loss_kernel 0.004, Train_accy 87.52
2025-06-04 04:28:10,971 [icarl.py] => Task 4, Epoch 74/200 => Loss 1.955, Loss_clf 0.400, Loss_kd 1.551, Loss_kernel 0.004, Train_accy 86.99
2025-06-04 04:28:26,609 [icarl.py] => Task 4, Epoch 75/200 => Loss 1.982, Loss_clf 0.411, Loss_kd 1.567, Loss_kernel 0.004, Train_accy 86.94
2025-06-04 04:28:51,107 [icarl.py] => Task 4, Epoch 76/200 => Loss 1.973, Loss_clf 0.390, Loss_kd 1.579, Loss_kernel 0.004, Train_accy 87.49, Test_accy {'Art': 33.33, 'Clipart': 23.56, 'Real World': 42.03, 'Product': 72.6}
2025-06-04 04:29:06,725 [icarl.py] => Task 4, Epoch 77/200 => Loss 2.007, Loss_clf 0.403, Loss_kd 1.600, Loss_kernel 0.004, Train_accy 87.14
2025-06-04 04:29:22,320 [icarl.py] => Task 4, Epoch 78/200 => Loss 1.953, Loss_clf 0.367, Loss_kd 1.582, Loss_kernel 0.004, Train_accy 88.52
2025-06-04 04:29:38,235 [icarl.py] => Task 4, Epoch 79/200 => Loss 1.975, Loss_clf 0.403, Loss_kd 1.568, Loss_kernel 0.004, Train_accy 87.15
2025-06-04 04:29:53,617 [icarl.py] => Task 4, Epoch 80/200 => Loss 1.970, Loss_clf 0.398, Loss_kd 1.568, Loss_kernel 0.004, Train_accy 87.84
2025-06-04 04:30:17,908 [icarl.py] => Task 4, Epoch 81/200 => Loss 2.066, Loss_clf 0.452, Loss_kd 1.609, Loss_kernel 0.004, Train_accy 86.76, Test_accy {'Art': 33.91, 'Clipart': 22.99, 'Real World': 38.84, 'Product': 71.23}
2025-06-04 04:30:33,862 [icarl.py] => Task 4, Epoch 82/200 => Loss 2.023, Loss_clf 0.425, Loss_kd 1.593, Loss_kernel 0.004, Train_accy 86.36
2025-06-04 04:30:49,704 [icarl.py] => Task 4, Epoch 83/200 => Loss 1.984, Loss_clf 0.396, Loss_kd 1.584, Loss_kernel 0.004, Train_accy 87.21
2025-06-04 04:31:05,085 [icarl.py] => Task 4, Epoch 84/200 => Loss 1.932, Loss_clf 0.374, Loss_kd 1.554, Loss_kernel 0.004, Train_accy 88.65
2025-06-04 04:31:20,847 [icarl.py] => Task 4, Epoch 85/200 => Loss 1.972, Loss_clf 0.380, Loss_kd 1.588, Loss_kernel 0.004, Train_accy 88.52
2025-06-04 04:31:45,296 [icarl.py] => Task 4, Epoch 86/200 => Loss 1.885, Loss_clf 0.333, Loss_kd 1.548, Loss_kernel 0.004, Train_accy 89.03, Test_accy {'Art': 35.63, 'Clipart': 24.71, 'Real World': 39.42, 'Product': 62.74}
2025-06-04 04:32:01,058 [icarl.py] => Task 4, Epoch 87/200 => Loss 1.941, Loss_clf 0.379, Loss_kd 1.558, Loss_kernel 0.004, Train_accy 88.04
2025-06-04 04:32:16,877 [icarl.py] => Task 4, Epoch 88/200 => Loss 1.906, Loss_clf 0.348, Loss_kd 1.554, Loss_kernel 0.004, Train_accy 88.76
2025-06-04 04:32:33,141 [icarl.py] => Task 4, Epoch 89/200 => Loss 1.920, Loss_clf 0.375, Loss_kd 1.541, Loss_kernel 0.004, Train_accy 88.25
2025-06-04 04:32:49,381 [icarl.py] => Task 4, Epoch 90/200 => Loss 1.970, Loss_clf 0.386, Loss_kd 1.580, Loss_kernel 0.004, Train_accy 87.87
2025-06-04 04:33:13,515 [icarl.py] => Task 4, Epoch 91/200 => Loss 1.869, Loss_clf 0.315, Loss_kd 1.550, Loss_kernel 0.004, Train_accy 89.71, Test_accy {'Art': 32.76, 'Clipart': 23.85, 'Real World': 38.26, 'Product': 73.42}
2025-06-04 04:33:29,271 [icarl.py] => Task 4, Epoch 92/200 => Loss 1.880, Loss_clf 0.326, Loss_kd 1.551, Loss_kernel 0.004, Train_accy 89.77
2025-06-04 04:33:45,021 [icarl.py] => Task 4, Epoch 93/200 => Loss 1.924, Loss_clf 0.362, Loss_kd 1.558, Loss_kernel 0.004, Train_accy 88.32
2025-06-04 04:34:00,968 [icarl.py] => Task 4, Epoch 94/200 => Loss 1.927, Loss_clf 0.363, Loss_kd 1.560, Loss_kernel 0.004, Train_accy 88.72
2025-06-04 04:34:17,189 [icarl.py] => Task 4, Epoch 95/200 => Loss 1.902, Loss_clf 0.347, Loss_kd 1.551, Loss_kernel 0.004, Train_accy 89.36
2025-06-04 04:34:42,126 [icarl.py] => Task 4, Epoch 96/200 => Loss 1.917, Loss_clf 0.346, Loss_kd 1.567, Loss_kernel 0.004, Train_accy 88.39, Test_accy {'Art': 37.93, 'Clipart': 27.59, 'Real World': 43.19, 'Product': 70.96}
2025-06-04 04:34:57,809 [icarl.py] => Task 4, Epoch 97/200 => Loss 1.916, Loss_clf 0.360, Loss_kd 1.552, Loss_kernel 0.004, Train_accy 88.58
2025-06-04 04:35:13,063 [icarl.py] => Task 4, Epoch 98/200 => Loss 1.889, Loss_clf 0.335, Loss_kd 1.550, Loss_kernel 0.004, Train_accy 89.64
2025-06-04 04:35:28,649 [icarl.py] => Task 4, Epoch 99/200 => Loss 1.828, Loss_clf 0.286, Loss_kd 1.538, Loss_kernel 0.003, Train_accy 91.12
2025-06-04 04:35:44,263 [icarl.py] => Task 4, Epoch 100/200 => Loss 1.824, Loss_clf 0.275, Loss_kd 1.545, Loss_kernel 0.003, Train_accy 91.46
2025-06-04 04:36:08,582 [icarl.py] => Task 4, Epoch 101/200 => Loss 1.866, Loss_clf 0.329, Loss_kd 1.533, Loss_kernel 0.004, Train_accy 90.39, Test_accy {'Art': 32.76, 'Clipart': 21.84, 'Real World': 37.1, 'Product': 57.26}
2025-06-04 04:36:24,690 [icarl.py] => Task 4, Epoch 102/200 => Loss 1.832, Loss_clf 0.288, Loss_kd 1.540, Loss_kernel 0.003, Train_accy 91.38
2025-06-04 04:36:40,351 [icarl.py] => Task 4, Epoch 103/200 => Loss 1.853, Loss_clf 0.316, Loss_kd 1.534, Loss_kernel 0.004, Train_accy 90.78
2025-06-04 04:36:56,084 [icarl.py] => Task 4, Epoch 104/200 => Loss 1.813, Loss_clf 0.287, Loss_kd 1.522, Loss_kernel 0.003, Train_accy 91.06
2025-06-04 04:37:11,728 [icarl.py] => Task 4, Epoch 105/200 => Loss 1.805, Loss_clf 0.273, Loss_kd 1.528, Loss_kernel 0.003, Train_accy 91.57
2025-06-04 04:37:36,017 [icarl.py] => Task 4, Epoch 106/200 => Loss 1.818, Loss_clf 0.292, Loss_kd 1.523, Loss_kernel 0.003, Train_accy 91.13, Test_accy {'Art': 34.48, 'Clipart': 24.43, 'Real World': 42.61, 'Product': 73.42}
2025-06-04 04:37:51,945 [icarl.py] => Task 4, Epoch 107/200 => Loss 1.828, Loss_clf 0.294, Loss_kd 1.531, Loss_kernel 0.003, Train_accy 90.45
2025-06-04 04:38:07,606 [icarl.py] => Task 4, Epoch 108/200 => Loss 1.790, Loss_clf 0.276, Loss_kd 1.511, Loss_kernel 0.003, Train_accy 91.35
2025-06-04 04:38:23,188 [icarl.py] => Task 4, Epoch 109/200 => Loss 1.756, Loss_clf 0.254, Loss_kd 1.498, Loss_kernel 0.003, Train_accy 92.17
2025-06-04 04:38:38,628 [icarl.py] => Task 4, Epoch 110/200 => Loss 1.761, Loss_clf 0.248, Loss_kd 1.510, Loss_kernel 0.003, Train_accy 92.01
2025-06-04 04:39:02,664 [icarl.py] => Task 4, Epoch 111/200 => Loss 1.770, Loss_clf 0.266, Loss_kd 1.500, Loss_kernel 0.003, Train_accy 91.43, Test_accy {'Art': 37.36, 'Clipart': 26.44, 'Real World': 45.51, 'Product': 78.08}
2025-06-04 04:39:18,155 [icarl.py] => Task 4, Epoch 112/200 => Loss 1.720, Loss_clf 0.231, Loss_kd 1.486, Loss_kernel 0.003, Train_accy 93.33
2025-06-04 04:39:33,791 [icarl.py] => Task 4, Epoch 113/200 => Loss 1.742, Loss_clf 0.245, Loss_kd 1.494, Loss_kernel 0.003, Train_accy 92.03
2025-06-04 04:39:49,703 [icarl.py] => Task 4, Epoch 114/200 => Loss 1.746, Loss_clf 0.238, Loss_kd 1.505, Loss_kernel 0.003, Train_accy 93.00
2025-06-04 04:40:05,881 [icarl.py] => Task 4, Epoch 115/200 => Loss 1.734, Loss_clf 0.227, Loss_kd 1.504, Loss_kernel 0.003, Train_accy 93.21
2025-06-04 04:40:30,493 [icarl.py] => Task 4, Epoch 116/200 => Loss 1.757, Loss_clf 0.240, Loss_kd 1.514, Loss_kernel 0.003, Train_accy 92.45, Test_accy {'Art': 38.51, 'Clipart': 27.59, 'Real World': 45.22, 'Product': 77.26}
2025-06-04 04:40:46,375 [icarl.py] => Task 4, Epoch 117/200 => Loss 1.781, Loss_clf 0.273, Loss_kd 1.506, Loss_kernel 0.003, Train_accy 90.84
2025-06-04 04:41:01,888 [icarl.py] => Task 4, Epoch 118/200 => Loss 1.726, Loss_clf 0.236, Loss_kd 1.487, Loss_kernel 0.003, Train_accy 92.62
2025-06-04 04:41:17,154 [icarl.py] => Task 4, Epoch 119/200 => Loss 1.709, Loss_clf 0.224, Loss_kd 1.481, Loss_kernel 0.003, Train_accy 93.40
2025-06-04 04:41:33,518 [icarl.py] => Task 4, Epoch 120/200 => Loss 1.702, Loss_clf 0.216, Loss_kd 1.483, Loss_kernel 0.003, Train_accy 93.19
2025-06-04 04:41:58,203 [icarl.py] => Task 4, Epoch 121/200 => Loss 1.740, Loss_clf 0.239, Loss_kd 1.498, Loss_kernel 0.003, Train_accy 92.52, Test_accy {'Art': 36.78, 'Clipart': 28.45, 'Real World': 46.09, 'Product': 78.08}
2025-06-04 04:42:13,334 [icarl.py] => Task 4, Epoch 122/200 => Loss 1.737, Loss_clf 0.233, Loss_kd 1.501, Loss_kernel 0.003, Train_accy 92.94
2025-06-04 04:42:28,709 [icarl.py] => Task 4, Epoch 123/200 => Loss 1.723, Loss_clf 0.240, Loss_kd 1.481, Loss_kernel 0.003, Train_accy 92.74
2025-06-04 04:42:43,952 [icarl.py] => Task 4, Epoch 124/200 => Loss 1.719, Loss_clf 0.215, Loss_kd 1.501, Loss_kernel 0.003, Train_accy 93.70
2025-06-04 04:42:59,461 [icarl.py] => Task 4, Epoch 125/200 => Loss 1.719, Loss_clf 0.214, Loss_kd 1.502, Loss_kernel 0.003, Train_accy 93.32
2025-06-04 04:43:25,622 [icarl.py] => Task 4, Epoch 126/200 => Loss 1.705, Loss_clf 0.209, Loss_kd 1.493, Loss_kernel 0.003, Train_accy 93.26, Test_accy {'Art': 38.51, 'Clipart': 27.59, 'Real World': 43.77, 'Product': 73.7}
2025-06-04 04:43:41,055 [icarl.py] => Task 4, Epoch 127/200 => Loss 1.728, Loss_clf 0.217, Loss_kd 1.508, Loss_kernel 0.003, Train_accy 93.13
2025-06-04 04:43:56,165 [icarl.py] => Task 4, Epoch 128/200 => Loss 1.688, Loss_clf 0.205, Loss_kd 1.480, Loss_kernel 0.003, Train_accy 93.50
2025-06-04 04:44:11,426 [icarl.py] => Task 4, Epoch 129/200 => Loss 1.668, Loss_clf 0.189, Loss_kd 1.476, Loss_kernel 0.003, Train_accy 94.07
2025-06-04 04:44:27,166 [icarl.py] => Task 4, Epoch 130/200 => Loss 1.693, Loss_clf 0.199, Loss_kd 1.492, Loss_kernel 0.003, Train_accy 93.74
2025-06-04 04:44:51,394 [icarl.py] => Task 4, Epoch 131/200 => Loss 1.705, Loss_clf 0.210, Loss_kd 1.492, Loss_kernel 0.003, Train_accy 93.55, Test_accy {'Art': 37.93, 'Clipart': 23.85, 'Real World': 43.48, 'Product': 73.97}
2025-06-04 04:45:06,901 [icarl.py] => Task 4, Epoch 132/200 => Loss 1.679, Loss_clf 0.190, Loss_kd 1.487, Loss_kernel 0.003, Train_accy 94.14
2025-06-04 04:45:22,418 [icarl.py] => Task 4, Epoch 133/200 => Loss 1.683, Loss_clf 0.205, Loss_kd 1.475, Loss_kernel 0.003, Train_accy 93.36
2025-06-04 04:45:38,180 [icarl.py] => Task 4, Epoch 134/200 => Loss 1.674, Loss_clf 0.201, Loss_kd 1.470, Loss_kernel 0.003, Train_accy 94.04
2025-06-04 04:45:53,619 [icarl.py] => Task 4, Epoch 135/200 => Loss 1.668, Loss_clf 0.197, Loss_kd 1.468, Loss_kernel 0.003, Train_accy 93.84
2025-06-04 04:46:18,188 [icarl.py] => Task 4, Epoch 136/200 => Loss 1.707, Loss_clf 0.218, Loss_kd 1.486, Loss_kernel 0.003, Train_accy 93.42, Test_accy {'Art': 36.78, 'Clipart': 27.59, 'Real World': 45.8, 'Product': 78.08}
2025-06-04 04:46:33,528 [icarl.py] => Task 4, Epoch 137/200 => Loss 1.681, Loss_clf 0.207, Loss_kd 1.471, Loss_kernel 0.003, Train_accy 93.37
2025-06-04 04:46:48,512 [icarl.py] => Task 4, Epoch 138/200 => Loss 1.659, Loss_clf 0.193, Loss_kd 1.463, Loss_kernel 0.003, Train_accy 94.18
2025-06-04 04:47:04,021 [icarl.py] => Task 4, Epoch 139/200 => Loss 1.664, Loss_clf 0.183, Loss_kd 1.478, Loss_kernel 0.003, Train_accy 93.99
2025-06-04 04:47:19,939 [icarl.py] => Task 4, Epoch 140/200 => Loss 1.663, Loss_clf 0.177, Loss_kd 1.484, Loss_kernel 0.003, Train_accy 94.95
2025-06-04 04:47:44,271 [icarl.py] => Task 4, Epoch 141/200 => Loss 1.663, Loss_clf 0.178, Loss_kd 1.482, Loss_kernel 0.003, Train_accy 94.18, Test_accy {'Art': 36.78, 'Clipart': 27.01, 'Real World': 44.64, 'Product': 76.99}
2025-06-04 04:47:59,953 [icarl.py] => Task 4, Epoch 142/200 => Loss 1.643, Loss_clf 0.174, Loss_kd 1.466, Loss_kernel 0.003, Train_accy 94.90
2025-06-04 04:48:15,277 [icarl.py] => Task 4, Epoch 143/200 => Loss 1.656, Loss_clf 0.181, Loss_kd 1.472, Loss_kernel 0.003, Train_accy 93.99
2025-06-04 04:48:30,405 [icarl.py] => Task 4, Epoch 144/200 => Loss 1.636, Loss_clf 0.187, Loss_kd 1.446, Loss_kernel 0.003, Train_accy 94.45
2025-06-04 04:48:46,069 [icarl.py] => Task 4, Epoch 145/200 => Loss 1.632, Loss_clf 0.174, Loss_kd 1.455, Loss_kernel 0.003, Train_accy 94.42
2025-06-04 04:49:10,714 [icarl.py] => Task 4, Epoch 146/200 => Loss 1.645, Loss_clf 0.158, Loss_kd 1.484, Loss_kernel 0.003, Train_accy 95.29, Test_accy {'Art': 37.93, 'Clipart': 29.31, 'Real World': 44.64, 'Product': 75.62}
2025-06-04 04:49:27,057 [icarl.py] => Task 4, Epoch 147/200 => Loss 1.602, Loss_clf 0.159, Loss_kd 1.440, Loss_kernel 0.003, Train_accy 95.39
2025-06-04 04:49:42,510 [icarl.py] => Task 4, Epoch 148/200 => Loss 1.649, Loss_clf 0.182, Loss_kd 1.465, Loss_kernel 0.003, Train_accy 95.41
2025-06-04 04:49:57,705 [icarl.py] => Task 4, Epoch 149/200 => Loss 1.609, Loss_clf 0.152, Loss_kd 1.454, Loss_kernel 0.003, Train_accy 95.51
2025-06-04 04:50:13,262 [icarl.py] => Task 4, Epoch 150/200 => Loss 1.580, Loss_clf 0.141, Loss_kd 1.436, Loss_kernel 0.003, Train_accy 95.78
2025-06-04 04:50:38,356 [icarl.py] => Task 4, Epoch 151/200 => Loss 1.615, Loss_clf 0.162, Loss_kd 1.450, Loss_kernel 0.003, Train_accy 95.18, Test_accy {'Art': 35.63, 'Clipart': 27.87, 'Real World': 46.67, 'Product': 76.71}
2025-06-04 04:50:54,745 [icarl.py] => Task 4, Epoch 152/200 => Loss 1.608, Loss_clf 0.152, Loss_kd 1.454, Loss_kernel 0.003, Train_accy 95.18
2025-06-04 04:51:11,656 [icarl.py] => Task 4, Epoch 153/200 => Loss 1.618, Loss_clf 0.147, Loss_kd 1.468, Loss_kernel 0.003, Train_accy 95.09
2025-06-04 04:51:28,565 [icarl.py] => Task 4, Epoch 154/200 => Loss 1.609, Loss_clf 0.149, Loss_kd 1.457, Loss_kernel 0.003, Train_accy 95.21
2025-06-04 04:51:44,086 [icarl.py] => Task 4, Epoch 155/200 => Loss 1.592, Loss_clf 0.135, Loss_kd 1.454, Loss_kernel 0.003, Train_accy 96.26
2025-06-04 04:52:09,012 [icarl.py] => Task 4, Epoch 156/200 => Loss 1.585, Loss_clf 0.131, Loss_kd 1.451, Loss_kernel 0.003, Train_accy 96.25, Test_accy {'Art': 39.66, 'Clipart': 28.45, 'Real World': 45.22, 'Product': 78.08}
2025-06-04 04:52:25,263 [icarl.py] => Task 4, Epoch 157/200 => Loss 1.606, Loss_clf 0.144, Loss_kd 1.459, Loss_kernel 0.003, Train_accy 95.85
2025-06-04 04:52:40,658 [icarl.py] => Task 4, Epoch 158/200 => Loss 1.608, Loss_clf 0.149, Loss_kd 1.456, Loss_kernel 0.003, Train_accy 95.65
2025-06-04 04:52:56,426 [icarl.py] => Task 4, Epoch 159/200 => Loss 1.587, Loss_clf 0.140, Loss_kd 1.444, Loss_kernel 0.003, Train_accy 96.26
2025-06-04 04:53:11,169 [icarl.py] => Task 4, Epoch 160/200 => Loss 1.589, Loss_clf 0.142, Loss_kd 1.444, Loss_kernel 0.003, Train_accy 95.76
2025-06-04 04:53:36,006 [icarl.py] => Task 4, Epoch 161/200 => Loss 1.591, Loss_clf 0.138, Loss_kd 1.450, Loss_kernel 0.003, Train_accy 96.21, Test_accy {'Art': 38.51, 'Clipart': 28.45, 'Real World': 48.99, 'Product': 78.36}
2025-06-04 04:53:52,640 [icarl.py] => Task 4, Epoch 162/200 => Loss 1.604, Loss_clf 0.138, Loss_kd 1.463, Loss_kernel 0.003, Train_accy 96.37
2025-06-04 04:54:08,769 [icarl.py] => Task 4, Epoch 163/200 => Loss 1.597, Loss_clf 0.148, Loss_kd 1.446, Loss_kernel 0.003, Train_accy 95.70
2025-06-04 04:54:25,374 [icarl.py] => Task 4, Epoch 164/200 => Loss 1.592, Loss_clf 0.143, Loss_kd 1.446, Loss_kernel 0.003, Train_accy 95.88
2025-06-04 04:54:40,071 [icarl.py] => Task 4, Epoch 165/200 => Loss 1.598, Loss_clf 0.141, Loss_kd 1.454, Loss_kernel 0.003, Train_accy 95.78
2025-06-04 04:55:04,968 [icarl.py] => Task 4, Epoch 166/200 => Loss 1.576, Loss_clf 0.126, Loss_kd 1.447, Loss_kernel 0.003, Train_accy 96.41, Test_accy {'Art': 38.51, 'Clipart': 27.59, 'Real World': 45.51, 'Product': 77.81}
2025-06-04 04:55:21,445 [icarl.py] => Task 4, Epoch 167/200 => Loss 1.584, Loss_clf 0.138, Loss_kd 1.443, Loss_kernel 0.003, Train_accy 96.24
2025-06-04 04:55:37,576 [icarl.py] => Task 4, Epoch 168/200 => Loss 1.588, Loss_clf 0.140, Loss_kd 1.445, Loss_kernel 0.002, Train_accy 95.96
2025-06-04 04:55:52,701 [icarl.py] => Task 4, Epoch 169/200 => Loss 1.552, Loss_clf 0.111, Loss_kd 1.439, Loss_kernel 0.003, Train_accy 96.88
2025-06-04 04:56:08,600 [icarl.py] => Task 4, Epoch 170/200 => Loss 1.559, Loss_clf 0.125, Loss_kd 1.432, Loss_kernel 0.003, Train_accy 96.27
2025-06-04 04:56:32,724 [icarl.py] => Task 4, Epoch 171/200 => Loss 1.560, Loss_clf 0.120, Loss_kd 1.437, Loss_kernel 0.002, Train_accy 96.54, Test_accy {'Art': 37.93, 'Clipart': 26.72, 'Real World': 43.77, 'Product': 78.9}
2025-06-04 04:56:48,810 [icarl.py] => Task 4, Epoch 172/200 => Loss 1.546, Loss_clf 0.115, Loss_kd 1.429, Loss_kernel 0.003, Train_accy 96.93
2025-06-04 04:57:03,388 [icarl.py] => Task 4, Epoch 173/200 => Loss 1.572, Loss_clf 0.121, Loss_kd 1.448, Loss_kernel 0.002, Train_accy 96.48
2025-06-04 04:57:18,780 [icarl.py] => Task 4, Epoch 174/200 => Loss 1.540, Loss_clf 0.112, Loss_kd 1.425, Loss_kernel 0.002, Train_accy 96.74
2025-06-04 04:57:35,257 [icarl.py] => Task 4, Epoch 175/200 => Loss 1.600, Loss_clf 0.150, Loss_kd 1.448, Loss_kernel 0.002, Train_accy 95.26
2025-06-04 04:57:59,588 [icarl.py] => Task 4, Epoch 176/200 => Loss 1.537, Loss_clf 0.104, Loss_kd 1.430, Loss_kernel 0.002, Train_accy 96.75, Test_accy {'Art': 36.78, 'Clipart': 26.15, 'Real World': 45.8, 'Product': 76.71}
2025-06-04 04:58:15,395 [icarl.py] => Task 4, Epoch 177/200 => Loss 1.555, Loss_clf 0.118, Loss_kd 1.435, Loss_kernel 0.002, Train_accy 96.88
2025-06-04 04:58:31,707 [icarl.py] => Task 4, Epoch 178/200 => Loss 1.566, Loss_clf 0.121, Loss_kd 1.442, Loss_kernel 0.002, Train_accy 96.41
2025-06-04 04:58:47,328 [icarl.py] => Task 4, Epoch 179/200 => Loss 1.529, Loss_clf 0.109, Loss_kd 1.418, Loss_kernel 0.002, Train_accy 97.02
2025-06-04 04:59:02,518 [icarl.py] => Task 4, Epoch 180/200 => Loss 1.571, Loss_clf 0.120, Loss_kd 1.449, Loss_kernel 0.002, Train_accy 96.63
2025-06-04 04:59:27,791 [icarl.py] => Task 4, Epoch 181/200 => Loss 1.567, Loss_clf 0.123, Loss_kd 1.441, Loss_kernel 0.002, Train_accy 96.43, Test_accy {'Art': 42.53, 'Clipart': 27.3, 'Real World': 44.64, 'Product': 76.71}
2025-06-04 04:59:43,707 [icarl.py] => Task 4, Epoch 182/200 => Loss 1.578, Loss_clf 0.128, Loss_kd 1.448, Loss_kernel 0.002, Train_accy 96.44
2025-06-04 04:59:59,298 [icarl.py] => Task 4, Epoch 183/200 => Loss 1.592, Loss_clf 0.139, Loss_kd 1.451, Loss_kernel 0.002, Train_accy 96.48
2025-06-04 05:00:14,311 [icarl.py] => Task 4, Epoch 184/200 => Loss 1.549, Loss_clf 0.115, Loss_kd 1.431, Loss_kernel 0.002, Train_accy 96.98
2025-06-04 05:00:28,828 [icarl.py] => Task 4, Epoch 185/200 => Loss 1.559, Loss_clf 0.126, Loss_kd 1.430, Loss_kernel 0.002, Train_accy 96.32
2025-06-04 05:00:53,999 [icarl.py] => Task 4, Epoch 186/200 => Loss 1.540, Loss_clf 0.110, Loss_kd 1.427, Loss_kernel 0.003, Train_accy 96.84, Test_accy {'Art': 37.36, 'Clipart': 27.3, 'Real World': 45.51, 'Product': 77.81}
2025-06-04 05:01:09,285 [icarl.py] => Task 4, Epoch 187/200 => Loss 1.557, Loss_clf 0.112, Loss_kd 1.443, Loss_kernel 0.002, Train_accy 97.03
2025-06-04 05:01:24,163 [icarl.py] => Task 4, Epoch 188/200 => Loss 1.557, Loss_clf 0.115, Loss_kd 1.440, Loss_kernel 0.002, Train_accy 97.07
2025-06-04 05:01:40,508 [icarl.py] => Task 4, Epoch 189/200 => Loss 1.554, Loss_clf 0.116, Loss_kd 1.436, Loss_kernel 0.003, Train_accy 97.08
2025-06-04 05:01:56,678 [icarl.py] => Task 4, Epoch 190/200 => Loss 1.554, Loss_clf 0.110, Loss_kd 1.442, Loss_kernel 0.002, Train_accy 96.93
2025-06-04 05:02:21,708 [icarl.py] => Task 4, Epoch 191/200 => Loss 1.541, Loss_clf 0.105, Loss_kd 1.433, Loss_kernel 0.003, Train_accy 97.08, Test_accy {'Art': 38.51, 'Clipart': 27.3, 'Real World': 45.22, 'Product': 76.44}
2025-06-04 05:02:37,965 [icarl.py] => Task 4, Epoch 192/200 => Loss 1.539, Loss_clf 0.106, Loss_kd 1.431, Loss_kernel 0.002, Train_accy 97.52
2025-06-04 05:02:53,466 [icarl.py] => Task 4, Epoch 193/200 => Loss 1.534, Loss_clf 0.104, Loss_kd 1.427, Loss_kernel 0.002, Train_accy 97.22
2025-06-04 05:03:07,571 [icarl.py] => Task 4, Epoch 194/200 => Loss 1.516, Loss_clf 0.096, Loss_kd 1.417, Loss_kernel 0.002, Train_accy 97.75
2025-06-04 05:03:24,168 [icarl.py] => Task 4, Epoch 195/200 => Loss 1.544, Loss_clf 0.110, Loss_kd 1.432, Loss_kernel 0.002, Train_accy 96.84
2025-06-04 05:03:48,720 [icarl.py] => Task 4, Epoch 196/200 => Loss 1.540, Loss_clf 0.096, Loss_kd 1.442, Loss_kernel 0.002, Train_accy 97.91, Test_accy {'Art': 39.08, 'Clipart': 27.59, 'Real World': 45.51, 'Product': 77.53}
2025-06-04 05:04:03,663 [icarl.py] => Task 4, Epoch 197/200 => Loss 1.545, Loss_clf 0.101, Loss_kd 1.442, Loss_kernel 0.002, Train_accy 97.41
2025-06-04 05:04:18,308 [icarl.py] => Task 4, Epoch 198/200 => Loss 1.544, Loss_clf 0.108, Loss_kd 1.434, Loss_kernel 0.002, Train_accy 97.06
2025-06-04 05:04:32,861 [icarl.py] => Task 4, Epoch 199/200 => Loss 1.544, Loss_clf 0.105, Loss_kd 1.436, Loss_kernel 0.002, Train_accy 97.31
2025-06-04 05:04:48,447 [icarl.py] => Task 4, Epoch 200/200 => Loss 1.519, Loss_clf 0.094, Loss_kd 1.422, Loss_kernel 0.002, Train_accy 97.38
2025-06-04 05:04:48,449 [base.py] => Reducing exemplars...(52 per classes)
2025-06-04 05:05:07,980 [base.py] => Constructing exemplars...(52 per classes)
2025-06-04 05:05:38,934 [icarl.py] => Exemplar size: 1300
2025-06-04 05:05:40,102 [trainer.py] => CNN [Art]: {'total': 36.78, '00-04': 63.16, '05-09': 44.12, '10-14': 27.03, '15-19': 33.33, '20-24': 15.79, 'old': 42.65, 'new': 15.79}
2025-06-04 05:05:40,102 [trainer.py] => NME [Art]: {'total': 41.95, '00-04': 57.89, '05-09': 50.0, '10-14': 32.43, '15-19': 51.85, '20-24': 21.05, 'old': 47.79, 'new': 21.05}
2025-06-04 05:05:40,103 [trainer.py] => CNN [Art] top1 curve: [63.16, 47.22, 46.79, 45.59, 36.78]
2025-06-04 05:05:40,103 [trainer.py] => CNN [Art] top5 curve: [92.11, 77.78, 73.39, 70.59, 63.79]
2025-06-04 05:05:40,103 [trainer.py] => NME [Art] top1 curve: [63.16, 52.78, 53.21, 49.26, 41.95]
2025-06-04 05:05:40,103 [trainer.py] => NME [Art] top5 curve: [100.0, 84.72, 81.65, 73.53, 70.11]
2025-06-04 05:05:40,103 [trainer.py] => Average Accuracy [Art] (CNN): 47.908
2025-06-04 05:05:40,103 [trainer.py] => Average Accuracy [Art] (NME): 52.072
2025-06-04 05:05:40,103 [trainer.py] => CNN [Clipart]: {'total': 27.3, '00-04': 42.31, '05-09': 27.42, '10-14': 18.18, '15-19': 13.21, '20-24': 29.21, 'old': 26.64, 'new': 29.21}
2025-06-04 05:05:40,103 [trainer.py] => NME [Clipart]: {'total': 25.29, '00-04': 29.49, '05-09': 29.03, '10-14': 18.18, '15-19': 15.09, '20-24': 30.34, 'old': 23.55, 'new': 30.34}
2025-06-04 05:05:40,104 [trainer.py] => CNN [Clipart] top1 curve: [50.0, 40.0, 33.98, 28.57, 27.3]
2025-06-04 05:05:40,104 [trainer.py] => CNN [Clipart] top5 curve: [96.15, 74.29, 66.02, 55.98, 51.72]
2025-06-04 05:05:40,104 [trainer.py] => NME [Clipart] top1 curve: [52.56, 45.71, 34.47, 26.64, 25.29]
2025-06-04 05:05:40,104 [trainer.py] => NME [Clipart] top5 curve: [100.0, 80.71, 68.93, 61.78, 58.62]
2025-06-04 05:05:40,104 [trainer.py] => Average Accuracy [Clipart] (CNN): 35.97
2025-06-04 05:05:40,104 [trainer.py] => Average Accuracy [Clipart] (NME): 36.934000000000005
2025-06-04 05:05:40,104 [trainer.py] => CNN [Product]: {'total': 75.89, '00-04': 84.71, '05-09': 76.25, '10-14': 91.94, '15-19': 61.04, '20-24': 65.57, 'old': 77.96, 'new': 65.57}
2025-06-04 05:05:40,104 [trainer.py] => NME [Product]: {'total': 78.08, '00-04': 81.18, '05-09': 75.0, '10-14': 91.94, '15-19': 74.03, '20-24': 68.85, 'old': 79.93, 'new': 68.85}
2025-06-04 05:05:40,105 [trainer.py] => CNN [Product] top1 curve: [87.06, 78.79, 87.67, 80.92, 75.89]
2025-06-04 05:05:40,105 [trainer.py] => CNN [Product] top5 curve: [100.0, 98.79, 97.8, 95.72, 94.25]
2025-06-04 05:05:40,105 [trainer.py] => NME [Product] top1 curve: [89.41, 86.67, 90.31, 82.57, 78.08]
2025-06-04 05:05:40,105 [trainer.py] => NME [Product] top5 curve: [100.0, 99.39, 98.68, 96.71, 94.52]
2025-06-04 05:05:40,105 [trainer.py] => Average Accuracy [Product] (CNN): 82.066
2025-06-04 05:05:40,105 [trainer.py] => Average Accuracy [Product] (NME): 85.40799999999999
2025-06-04 05:05:40,105 [trainer.py] => CNN [Real World]: {'total': 45.8, '00-04': 65.75, '05-09': 57.35, '10-14': 37.5, '15-19': 37.31, '20-24': 29.23, 'old': 49.64, 'new': 29.23}
2025-06-04 05:05:40,105 [trainer.py] => NME [Real World]: {'total': 48.7, '00-04': 49.32, '05-09': 58.82, '10-14': 47.22, '15-19': 50.75, '20-24': 36.92, 'old': 51.43, 'new': 36.92}
2025-06-04 05:05:40,105 [trainer.py] => CNN [Real World] top1 curve: [73.97, 64.54, 58.69, 54.29, 45.8]
2025-06-04 05:05:40,106 [trainer.py] => CNN [Real World] top5 curve: [98.63, 90.78, 83.1, 80.0, 72.75]
2025-06-04 05:05:40,106 [trainer.py] => NME [Real World] top1 curve: [78.08, 70.92, 60.09, 54.29, 48.7]
2025-06-04 05:05:40,106 [trainer.py] => NME [Real World] top5 curve: [100.0, 96.45, 91.55, 86.79, 77.68]
2025-06-04 05:05:40,106 [trainer.py] => Average Accuracy [Real World] (CNN): 59.458000000000006
2025-06-04 05:05:40,106 [trainer.py] => Average Accuracy [Real World] (NME): 62.416
2025-06-04 05:05:40,106 [trainer.py] => NME Harmonic Mean : 34.8911
2025-06-04 05:05:40,106 [trainer.py] => NME Macro Mean : 48.5050
2025-06-04 05:05:40,106 [trainer.py] => CNN Harmonic Mean : 35.9964
2025-06-04 05:05:40,106 [trainer.py] => CNN Macro Mean : 46.4425
2025-06-04 05:05:40,107 [trainer.py] => All params: 21302627
2025-06-04 05:05:40,108 [trainer.py] => Trainable params: 21302627
2025-06-04 05:05:40,110 [icarl.py] => Learning on 25-30
2025-06-04 05:06:07,657 [icarl.py] => Task 5, Epoch 1/200 => Loss 4.770, Loss_clf 2.422, Loss_kd 2.342, Loss_kernel 0.006, Train_accy 37.41, Test_accy {'Art': 11.54, 'Clipart': 8.29, 'Real World': 14.22, 'Product': 22.07}
2025-06-04 05:06:25,064 [icarl.py] => Task 5, Epoch 2/200 => Loss 4.980, Loss_clf 2.374, Loss_kd 2.594, Loss_kernel 0.011, Train_accy 32.71
2025-06-04 05:06:42,740 [icarl.py] => Task 5, Epoch 3/200 => Loss 4.530, Loss_clf 2.069, Loss_kd 2.450, Loss_kernel 0.011, Train_accy 39.59
2025-06-04 05:07:00,087 [icarl.py] => Task 5, Epoch 4/200 => Loss 4.141, Loss_clf 1.794, Loss_kd 2.339, Loss_kernel 0.009, Train_accy 45.02
2025-06-04 05:07:17,785 [icarl.py] => Task 5, Epoch 5/200 => Loss 3.957, Loss_clf 1.659, Loss_kd 2.288, Loss_kernel 0.009, Train_accy 48.70
2025-06-04 05:07:47,315 [icarl.py] => Task 5, Epoch 6/200 => Loss 3.844, Loss_clf 1.588, Loss_kd 2.247, Loss_kernel 0.009, Train_accy 51.83, Test_accy {'Art': 24.04, 'Clipart': 16.59, 'Real World': 29.38, 'Product': 42.12}
2025-06-04 05:08:06,084 [icarl.py] => Task 5, Epoch 7/200 => Loss 3.692, Loss_clf 1.484, Loss_kd 2.199, Loss_kernel 0.008, Train_accy 55.52
2025-06-04 05:08:24,903 [icarl.py] => Task 5, Epoch 8/200 => Loss 3.705, Loss_clf 1.471, Loss_kd 2.225, Loss_kernel 0.008, Train_accy 55.65
2025-06-04 05:08:42,370 [icarl.py] => Task 5, Epoch 9/200 => Loss 3.546, Loss_clf 1.367, Loss_kd 2.171, Loss_kernel 0.008, Train_accy 57.45
2025-06-04 05:09:01,012 [icarl.py] => Task 5, Epoch 10/200 => Loss 3.449, Loss_clf 1.287, Loss_kd 2.154, Loss_kernel 0.008, Train_accy 60.66
2025-06-04 05:09:28,762 [icarl.py] => Task 5, Epoch 11/200 => Loss 3.377, Loss_clf 1.247, Loss_kd 2.123, Loss_kernel 0.007, Train_accy 61.57, Test_accy {'Art': 26.44, 'Clipart': 18.05, 'Real World': 31.75, 'Product': 50.23}
2025-06-04 05:09:46,442 [icarl.py] => Task 5, Epoch 12/200 => Loss 3.280, Loss_clf 1.166, Loss_kd 2.107, Loss_kernel 0.007, Train_accy 64.15
2025-06-04 05:10:04,163 [icarl.py] => Task 5, Epoch 13/200 => Loss 3.285, Loss_clf 1.167, Loss_kd 2.111, Loss_kernel 0.008, Train_accy 64.79
2025-06-04 05:10:21,809 [icarl.py] => Task 5, Epoch 14/200 => Loss 3.158, Loss_clf 1.078, Loss_kd 2.073, Loss_kernel 0.007, Train_accy 66.24
2025-06-04 05:10:39,536 [icarl.py] => Task 5, Epoch 15/200 => Loss 3.164, Loss_clf 1.080, Loss_kd 2.078, Loss_kernel 0.007, Train_accy 66.46
2025-06-04 05:11:07,958 [icarl.py] => Task 5, Epoch 16/200 => Loss 3.129, Loss_clf 1.045, Loss_kd 2.077, Loss_kernel 0.007, Train_accy 67.83, Test_accy {'Art': 32.69, 'Clipart': 18.78, 'Real World': 42.89, 'Product': 63.51}
2025-06-04 05:11:25,271 [icarl.py] => Task 5, Epoch 17/200 => Loss 3.030, Loss_clf 0.982, Loss_kd 2.041, Loss_kernel 0.007, Train_accy 69.60
2025-06-04 05:11:42,820 [icarl.py] => Task 5, Epoch 18/200 => Loss 2.979, Loss_clf 0.943, Loss_kd 2.030, Loss_kernel 0.007, Train_accy 70.72
2025-06-04 05:12:00,114 [icarl.py] => Task 5, Epoch 19/200 => Loss 2.998, Loss_clf 0.942, Loss_kd 2.050, Loss_kernel 0.007, Train_accy 71.16
2025-06-04 05:12:17,884 [icarl.py] => Task 5, Epoch 20/200 => Loss 2.956, Loss_clf 0.929, Loss_kd 2.021, Loss_kernel 0.006, Train_accy 72.01
2025-06-04 05:12:45,457 [icarl.py] => Task 5, Epoch 21/200 => Loss 2.933, Loss_clf 0.894, Loss_kd 2.033, Loss_kernel 0.006, Train_accy 72.41, Test_accy {'Art': 29.33, 'Clipart': 19.76, 'Real World': 40.28, 'Product': 60.59}
2025-06-04 05:13:02,960 [icarl.py] => Task 5, Epoch 22/200 => Loss 2.869, Loss_clf 0.862, Loss_kd 2.000, Loss_kernel 0.006, Train_accy 72.75
2025-06-04 05:13:20,422 [icarl.py] => Task 5, Epoch 23/200 => Loss 2.839, Loss_clf 0.821, Loss_kd 2.011, Loss_kernel 0.007, Train_accy 73.58
2025-06-04 05:13:38,140 [icarl.py] => Task 5, Epoch 24/200 => Loss 2.768, Loss_clf 0.774, Loss_kd 1.988, Loss_kernel 0.006, Train_accy 77.36
2025-06-04 05:13:55,960 [icarl.py] => Task 5, Epoch 25/200 => Loss 2.715, Loss_clf 0.722, Loss_kd 1.986, Loss_kernel 0.006, Train_accy 78.21
2025-06-04 05:14:23,673 [icarl.py] => Task 5, Epoch 26/200 => Loss 2.771, Loss_clf 0.782, Loss_kd 1.983, Loss_kernel 0.006, Train_accy 75.63, Test_accy {'Art': 26.92, 'Clipart': 20.49, 'Real World': 41.94, 'Product': 62.39}
2025-06-04 05:14:41,197 [icarl.py] => Task 5, Epoch 27/200 => Loss 2.808, Loss_clf 0.802, Loss_kd 1.999, Loss_kernel 0.007, Train_accy 74.82
2025-06-04 05:14:58,759 [icarl.py] => Task 5, Epoch 28/200 => Loss 2.733, Loss_clf 0.759, Loss_kd 1.968, Loss_kernel 0.006, Train_accy 76.74
2025-06-04 05:15:16,487 [icarl.py] => Task 5, Epoch 29/200 => Loss 2.688, Loss_clf 0.722, Loss_kd 1.960, Loss_kernel 0.006, Train_accy 77.26
2025-06-04 05:15:34,171 [icarl.py] => Task 5, Epoch 30/200 => Loss 2.729, Loss_clf 0.729, Loss_kd 1.994, Loss_kernel 0.006, Train_accy 76.94
2025-06-04 05:16:01,895 [icarl.py] => Task 5, Epoch 31/200 => Loss 2.711, Loss_clf 0.721, Loss_kd 1.985, Loss_kernel 0.006, Train_accy 77.18, Test_accy {'Art': 30.29, 'Clipart': 18.29, 'Real World': 42.42, 'Product': 61.26}
2025-06-04 05:16:19,451 [icarl.py] => Task 5, Epoch 32/200 => Loss 2.693, Loss_clf 0.713, Loss_kd 1.973, Loss_kernel 0.006, Train_accy 78.19
2025-06-04 05:16:37,084 [icarl.py] => Task 5, Epoch 33/200 => Loss 2.693, Loss_clf 0.714, Loss_kd 1.972, Loss_kernel 0.007, Train_accy 78.13
2025-06-04 05:16:54,732 [icarl.py] => Task 5, Epoch 34/200 => Loss 2.617, Loss_clf 0.668, Loss_kd 1.943, Loss_kernel 0.006, Train_accy 79.93
2025-06-04 05:17:12,346 [icarl.py] => Task 5, Epoch 35/200 => Loss 2.671, Loss_clf 0.691, Loss_kd 1.974, Loss_kernel 0.006, Train_accy 78.84
2025-06-04 05:17:39,814 [icarl.py] => Task 5, Epoch 36/200 => Loss 2.624, Loss_clf 0.665, Loss_kd 1.953, Loss_kernel 0.006, Train_accy 80.24, Test_accy {'Art': 29.33, 'Clipart': 21.71, 'Real World': 42.18, 'Product': 68.02}
2025-06-04 05:17:57,336 [icarl.py] => Task 5, Epoch 37/200 => Loss 2.614, Loss_clf 0.654, Loss_kd 1.955, Loss_kernel 0.006, Train_accy 79.31
2025-06-04 05:18:14,803 [icarl.py] => Task 5, Epoch 38/200 => Loss 2.625, Loss_clf 0.663, Loss_kd 1.956, Loss_kernel 0.005, Train_accy 79.33
2025-06-04 05:18:32,280 [icarl.py] => Task 5, Epoch 39/200 => Loss 2.523, Loss_clf 0.588, Loss_kd 1.930, Loss_kernel 0.005, Train_accy 82.48
2025-06-04 05:18:49,844 [icarl.py] => Task 5, Epoch 40/200 => Loss 2.506, Loss_clf 0.568, Loss_kd 1.933, Loss_kernel 0.006, Train_accy 82.88
2025-06-04 05:19:17,494 [icarl.py] => Task 5, Epoch 41/200 => Loss 2.571, Loss_clf 0.629, Loss_kd 1.935, Loss_kernel 0.006, Train_accy 80.19, Test_accy {'Art': 29.81, 'Clipart': 20.49, 'Real World': 41.47, 'Product': 65.77}
2025-06-04 05:19:34,962 [icarl.py] => Task 5, Epoch 42/200 => Loss 2.563, Loss_clf 0.625, Loss_kd 1.932, Loss_kernel 0.006, Train_accy 80.99
2025-06-04 05:19:52,281 [icarl.py] => Task 5, Epoch 43/200 => Loss 2.538, Loss_clf 0.602, Loss_kd 1.930, Loss_kernel 0.006, Train_accy 81.19
2025-06-04 05:20:09,941 [icarl.py] => Task 5, Epoch 44/200 => Loss 2.535, Loss_clf 0.609, Loss_kd 1.920, Loss_kernel 0.006, Train_accy 81.11
2025-06-04 05:20:27,462 [icarl.py] => Task 5, Epoch 45/200 => Loss 2.528, Loss_clf 0.591, Loss_kd 1.932, Loss_kernel 0.006, Train_accy 81.35
2025-06-04 05:20:54,810 [icarl.py] => Task 5, Epoch 46/200 => Loss 2.478, Loss_clf 0.563, Loss_kd 1.910, Loss_kernel 0.006, Train_accy 83.08, Test_accy {'Art': 33.65, 'Clipart': 20.98, 'Real World': 43.6, 'Product': 69.14}
2025-06-04 05:21:12,242 [icarl.py] => Task 5, Epoch 47/200 => Loss 2.529, Loss_clf 0.596, Loss_kd 1.928, Loss_kernel 0.005, Train_accy 81.20
2025-06-04 05:21:29,710 [icarl.py] => Task 5, Epoch 48/200 => Loss 2.515, Loss_clf 0.579, Loss_kd 1.930, Loss_kernel 0.006, Train_accy 81.62
2025-06-04 05:21:47,229 [icarl.py] => Task 5, Epoch 49/200 => Loss 2.505, Loss_clf 0.571, Loss_kd 1.929, Loss_kernel 0.005, Train_accy 82.00
2025-06-04 05:22:04,987 [icarl.py] => Task 5, Epoch 50/200 => Loss 2.479, Loss_clf 0.542, Loss_kd 1.932, Loss_kernel 0.005, Train_accy 83.48
2025-06-04 05:22:32,848 [icarl.py] => Task 5, Epoch 51/200 => Loss 2.471, Loss_clf 0.566, Loss_kd 1.901, Loss_kernel 0.005, Train_accy 82.69, Test_accy {'Art': 28.37, 'Clipart': 21.71, 'Real World': 45.02, 'Product': 64.86}
2025-06-04 05:22:50,971 [icarl.py] => Task 5, Epoch 52/200 => Loss 2.443, Loss_clf 0.521, Loss_kd 1.917, Loss_kernel 0.005, Train_accy 83.89
2025-06-04 05:23:08,803 [icarl.py] => Task 5, Epoch 53/200 => Loss 2.438, Loss_clf 0.524, Loss_kd 1.909, Loss_kernel 0.005, Train_accy 84.83
2025-06-04 05:23:26,821 [icarl.py] => Task 5, Epoch 54/200 => Loss 2.387, Loss_clf 0.493, Loss_kd 1.889, Loss_kernel 0.005, Train_accy 85.59
2025-06-04 05:23:44,347 [icarl.py] => Task 5, Epoch 55/200 => Loss 2.384, Loss_clf 0.489, Loss_kd 1.889, Loss_kernel 0.005, Train_accy 85.25
2025-06-04 05:24:12,555 [icarl.py] => Task 5, Epoch 56/200 => Loss 2.385, Loss_clf 0.493, Loss_kd 1.887, Loss_kernel 0.005, Train_accy 84.36, Test_accy {'Art': 31.73, 'Clipart': 23.66, 'Real World': 47.63, 'Product': 70.05}
2025-06-04 05:24:30,359 [icarl.py] => Task 5, Epoch 57/200 => Loss 2.393, Loss_clf 0.506, Loss_kd 1.882, Loss_kernel 0.005, Train_accy 83.77
2025-06-04 05:24:48,244 [icarl.py] => Task 5, Epoch 58/200 => Loss 2.384, Loss_clf 0.488, Loss_kd 1.891, Loss_kernel 0.005, Train_accy 85.32
2025-06-04 05:25:05,897 [icarl.py] => Task 5, Epoch 59/200 => Loss 2.409, Loss_clf 0.517, Loss_kd 1.887, Loss_kernel 0.005, Train_accy 83.61
2025-06-04 05:25:23,683 [icarl.py] => Task 5, Epoch 60/200 => Loss 2.431, Loss_clf 0.534, Loss_kd 1.892, Loss_kernel 0.005, Train_accy 83.94
2025-06-04 05:25:51,831 [icarl.py] => Task 5, Epoch 61/200 => Loss 2.397, Loss_clf 0.502, Loss_kd 1.890, Loss_kernel 0.005, Train_accy 84.45, Test_accy {'Art': 29.33, 'Clipart': 19.51, 'Real World': 44.31, 'Product': 69.14}
2025-06-04 05:26:10,047 [icarl.py] => Task 5, Epoch 62/200 => Loss 2.352, Loss_clf 0.471, Loss_kd 1.876, Loss_kernel 0.005, Train_accy 85.58
2025-06-04 05:26:27,897 [icarl.py] => Task 5, Epoch 63/200 => Loss 2.344, Loss_clf 0.465, Loss_kd 1.874, Loss_kernel 0.004, Train_accy 85.54
2025-06-04 05:26:45,698 [icarl.py] => Task 5, Epoch 64/200 => Loss 2.395, Loss_clf 0.509, Loss_kd 1.881, Loss_kernel 0.005, Train_accy 84.93
2025-06-04 05:27:03,425 [icarl.py] => Task 5, Epoch 65/200 => Loss 2.325, Loss_clf 0.447, Loss_kd 1.873, Loss_kernel 0.005, Train_accy 86.41
2025-06-04 05:27:31,434 [icarl.py] => Task 5, Epoch 66/200 => Loss 2.361, Loss_clf 0.476, Loss_kd 1.881, Loss_kernel 0.005, Train_accy 84.67, Test_accy {'Art': 34.13, 'Clipart': 23.66, 'Real World': 46.68, 'Product': 67.79}
2025-06-04 05:27:49,066 [icarl.py] => Task 5, Epoch 67/200 => Loss 2.368, Loss_clf 0.478, Loss_kd 1.884, Loss_kernel 0.005, Train_accy 85.28
2025-06-04 05:28:07,097 [icarl.py] => Task 5, Epoch 68/200 => Loss 2.353, Loss_clf 0.468, Loss_kd 1.880, Loss_kernel 0.005, Train_accy 85.93
2025-06-04 05:28:24,735 [icarl.py] => Task 5, Epoch 69/200 => Loss 2.399, Loss_clf 0.495, Loss_kd 1.900, Loss_kernel 0.005, Train_accy 85.03
2025-06-04 05:28:44,708 [icarl.py] => Task 5, Epoch 70/200 => Loss 2.323, Loss_clf 0.439, Loss_kd 1.879, Loss_kernel 0.005, Train_accy 86.54
2025-06-04 05:29:12,661 [icarl.py] => Task 5, Epoch 71/200 => Loss 2.340, Loss_clf 0.466, Loss_kd 1.870, Loss_kernel 0.004, Train_accy 86.28, Test_accy {'Art': 32.21, 'Clipart': 21.95, 'Real World': 44.31, 'Product': 65.09}
2025-06-04 05:29:31,717 [icarl.py] => Task 5, Epoch 72/200 => Loss 2.327, Loss_clf 0.459, Loss_kd 1.863, Loss_kernel 0.005, Train_accy 86.07
2025-06-04 05:29:49,749 [icarl.py] => Task 5, Epoch 73/200 => Loss 2.277, Loss_clf 0.409, Loss_kd 1.863, Loss_kernel 0.004, Train_accy 88.14
2025-06-04 05:30:07,427 [icarl.py] => Task 5, Epoch 74/200 => Loss 2.299, Loss_clf 0.429, Loss_kd 1.865, Loss_kernel 0.005, Train_accy 86.06
2025-06-04 05:30:25,296 [icarl.py] => Task 5, Epoch 75/200 => Loss 2.263, Loss_clf 0.405, Loss_kd 1.854, Loss_kernel 0.004, Train_accy 87.90
2025-06-04 05:30:53,105 [icarl.py] => Task 5, Epoch 76/200 => Loss 2.287, Loss_clf 0.431, Loss_kd 1.852, Loss_kernel 0.004, Train_accy 86.70, Test_accy {'Art': 32.69, 'Clipart': 22.68, 'Real World': 45.26, 'Product': 72.07}
2025-06-04 05:31:11,557 [icarl.py] => Task 5, Epoch 77/200 => Loss 2.262, Loss_clf 0.397, Loss_kd 1.861, Loss_kernel 0.004, Train_accy 87.67
2025-06-04 05:31:29,629 [icarl.py] => Task 5, Epoch 78/200 => Loss 2.278, Loss_clf 0.405, Loss_kd 1.868, Loss_kernel 0.004, Train_accy 87.44
2025-06-04 05:31:47,290 [icarl.py] => Task 5, Epoch 79/200 => Loss 2.242, Loss_clf 0.388, Loss_kd 1.849, Loss_kernel 0.004, Train_accy 88.24
2025-06-04 05:32:04,892 [icarl.py] => Task 5, Epoch 80/200 => Loss 2.231, Loss_clf 0.376, Loss_kd 1.851, Loss_kernel 0.004, Train_accy 88.81
2025-06-04 05:32:33,094 [icarl.py] => Task 5, Epoch 81/200 => Loss 2.227, Loss_clf 0.395, Loss_kd 1.827, Loss_kernel 0.004, Train_accy 87.88, Test_accy {'Art': 34.13, 'Clipart': 21.22, 'Real World': 42.89, 'Product': 70.05}
2025-06-04 05:32:50,931 [icarl.py] => Task 5, Epoch 82/200 => Loss 2.206, Loss_clf 0.377, Loss_kd 1.824, Loss_kernel 0.004, Train_accy 88.35
2025-06-04 05:33:08,784 [icarl.py] => Task 5, Epoch 83/200 => Loss 2.170, Loss_clf 0.347, Loss_kd 1.819, Loss_kernel 0.004, Train_accy 89.50
2025-06-04 05:33:26,521 [icarl.py] => Task 5, Epoch 84/200 => Loss 2.195, Loss_clf 0.358, Loss_kd 1.833, Loss_kernel 0.004, Train_accy 89.32
2025-06-04 05:33:45,021 [icarl.py] => Task 5, Epoch 85/200 => Loss 2.209, Loss_clf 0.369, Loss_kd 1.836, Loss_kernel 0.004, Train_accy 89.24
2025-06-04 05:34:13,298 [icarl.py] => Task 5, Epoch 86/200 => Loss 2.228, Loss_clf 0.379, Loss_kd 1.845, Loss_kernel 0.004, Train_accy 88.31, Test_accy {'Art': 34.13, 'Clipart': 20.98, 'Real World': 41.47, 'Product': 68.02}
2025-06-04 05:34:31,055 [icarl.py] => Task 5, Epoch 87/200 => Loss 2.196, Loss_clf 0.377, Loss_kd 1.815, Loss_kernel 0.004, Train_accy 88.40
2025-06-04 05:34:48,668 [icarl.py] => Task 5, Epoch 88/200 => Loss 2.197, Loss_clf 0.360, Loss_kd 1.833, Loss_kernel 0.004, Train_accy 89.07
2025-06-04 05:35:06,488 [icarl.py] => Task 5, Epoch 89/200 => Loss 2.208, Loss_clf 0.374, Loss_kd 1.830, Loss_kernel 0.004, Train_accy 89.04
2025-06-04 05:35:24,502 [icarl.py] => Task 5, Epoch 90/200 => Loss 2.197, Loss_clf 0.361, Loss_kd 1.832, Loss_kernel 0.004, Train_accy 89.37
2025-06-04 05:35:52,924 [icarl.py] => Task 5, Epoch 91/200 => Loss 2.182, Loss_clf 0.357, Loss_kd 1.821, Loss_kernel 0.004, Train_accy 89.54, Test_accy {'Art': 33.65, 'Clipart': 21.71, 'Real World': 47.16, 'Product': 71.4}
2025-06-04 05:36:11,311 [icarl.py] => Task 5, Epoch 92/200 => Loss 2.139, Loss_clf 0.318, Loss_kd 1.818, Loss_kernel 0.004, Train_accy 90.21
2025-06-04 05:36:29,366 [icarl.py] => Task 5, Epoch 93/200 => Loss 2.148, Loss_clf 0.317, Loss_kd 1.827, Loss_kernel 0.004, Train_accy 89.69
2025-06-04 05:36:47,265 [icarl.py] => Task 5, Epoch 94/200 => Loss 2.202, Loss_clf 0.370, Loss_kd 1.828, Loss_kernel 0.004, Train_accy 88.26
2025-06-04 05:37:04,922 [icarl.py] => Task 5, Epoch 95/200 => Loss 2.195, Loss_clf 0.362, Loss_kd 1.828, Loss_kernel 0.004, Train_accy 89.26
2025-06-04 05:37:32,774 [icarl.py] => Task 5, Epoch 96/200 => Loss 2.178, Loss_clf 0.349, Loss_kd 1.826, Loss_kernel 0.004, Train_accy 88.83, Test_accy {'Art': 33.65, 'Clipart': 25.12, 'Real World': 44.08, 'Product': 71.62}
2025-06-04 05:37:49,599 [icarl.py] => Task 5, Epoch 97/200 => Loss 2.145, Loss_clf 0.314, Loss_kd 1.827, Loss_kernel 0.004, Train_accy 90.89
2025-06-04 05:38:07,282 [icarl.py] => Task 5, Epoch 98/200 => Loss 2.139, Loss_clf 0.329, Loss_kd 1.807, Loss_kernel 0.004, Train_accy 90.42
2025-06-04 05:38:25,157 [icarl.py] => Task 5, Epoch 99/200 => Loss 2.157, Loss_clf 0.331, Loss_kd 1.823, Loss_kernel 0.004, Train_accy 89.41
2025-06-04 05:38:42,431 [icarl.py] => Task 5, Epoch 100/200 => Loss 2.136, Loss_clf 0.320, Loss_kd 1.812, Loss_kernel 0.004, Train_accy 90.18
2025-06-04 05:39:10,434 [icarl.py] => Task 5, Epoch 101/200 => Loss 2.077, Loss_clf 0.288, Loss_kd 1.786, Loss_kernel 0.004, Train_accy 91.30, Test_accy {'Art': 36.06, 'Clipart': 26.34, 'Real World': 45.5, 'Product': 74.55}
2025-06-04 05:39:28,427 [icarl.py] => Task 5, Epoch 102/200 => Loss 2.130, Loss_clf 0.318, Loss_kd 1.809, Loss_kernel 0.003, Train_accy 90.34
2025-06-04 05:39:46,716 [icarl.py] => Task 5, Epoch 103/200 => Loss 2.120, Loss_clf 0.321, Loss_kd 1.795, Loss_kernel 0.003, Train_accy 90.76
2025-06-04 05:40:04,489 [icarl.py] => Task 5, Epoch 104/200 => Loss 2.151, Loss_clf 0.331, Loss_kd 1.817, Loss_kernel 0.004, Train_accy 90.20
2025-06-04 05:40:22,294 [icarl.py] => Task 5, Epoch 105/200 => Loss 2.100, Loss_clf 0.308, Loss_kd 1.789, Loss_kernel 0.004, Train_accy 90.38
2025-06-04 05:40:50,563 [icarl.py] => Task 5, Epoch 106/200 => Loss 2.081, Loss_clf 0.289, Loss_kd 1.789, Loss_kernel 0.003, Train_accy 90.77, Test_accy {'Art': 32.69, 'Clipart': 21.46, 'Real World': 47.63, 'Product': 73.87}
2025-06-04 05:41:08,385 [icarl.py] => Task 5, Epoch 107/200 => Loss 2.055, Loss_clf 0.270, Loss_kd 1.782, Loss_kernel 0.003, Train_accy 91.77
2025-06-04 05:41:26,090 [icarl.py] => Task 5, Epoch 108/200 => Loss 2.084, Loss_clf 0.293, Loss_kd 1.787, Loss_kernel 0.004, Train_accy 91.64
2025-06-04 05:41:43,867 [icarl.py] => Task 5, Epoch 109/200 => Loss 2.088, Loss_clf 0.292, Loss_kd 1.793, Loss_kernel 0.003, Train_accy 91.18
2025-06-04 05:42:01,049 [icarl.py] => Task 5, Epoch 110/200 => Loss 2.067, Loss_clf 0.269, Loss_kd 1.795, Loss_kernel 0.003, Train_accy 91.72
2025-06-04 05:42:29,397 [icarl.py] => Task 5, Epoch 111/200 => Loss 2.068, Loss_clf 0.287, Loss_kd 1.777, Loss_kernel 0.003, Train_accy 91.36, Test_accy {'Art': 33.65, 'Clipart': 21.71, 'Real World': 45.5, 'Product': 72.75}
2025-06-04 05:42:47,093 [icarl.py] => Task 5, Epoch 112/200 => Loss 2.067, Loss_clf 0.268, Loss_kd 1.795, Loss_kernel 0.003, Train_accy 91.69
2025-06-04 05:43:04,775 [icarl.py] => Task 5, Epoch 113/200 => Loss 2.035, Loss_clf 0.259, Loss_kd 1.773, Loss_kernel 0.003, Train_accy 92.06
2025-06-04 05:43:22,626 [icarl.py] => Task 5, Epoch 114/200 => Loss 2.062, Loss_clf 0.287, Loss_kd 1.772, Loss_kernel 0.003, Train_accy 91.79
2025-06-04 05:43:39,884 [icarl.py] => Task 5, Epoch 115/200 => Loss 2.041, Loss_clf 0.244, Loss_kd 1.793, Loss_kernel 0.003, Train_accy 92.82
2025-06-04 05:44:07,941 [icarl.py] => Task 5, Epoch 116/200 => Loss 2.060, Loss_clf 0.258, Loss_kd 1.799, Loss_kernel 0.003, Train_accy 92.16, Test_accy {'Art': 34.62, 'Clipart': 21.71, 'Real World': 47.16, 'Product': 71.62}
2025-06-04 05:44:26,013 [icarl.py] => Task 5, Epoch 117/200 => Loss 2.019, Loss_clf 0.250, Loss_kd 1.766, Loss_kernel 0.003, Train_accy 92.25
2025-06-04 05:44:43,551 [icarl.py] => Task 5, Epoch 118/200 => Loss 2.029, Loss_clf 0.258, Loss_kd 1.768, Loss_kernel 0.003, Train_accy 92.25
2025-06-04 05:45:01,308 [icarl.py] => Task 5, Epoch 119/200 => Loss 1.972, Loss_clf 0.222, Loss_kd 1.747, Loss_kernel 0.003, Train_accy 93.74
2025-06-04 05:45:18,958 [icarl.py] => Task 5, Epoch 120/200 => Loss 2.022, Loss_clf 0.252, Loss_kd 1.767, Loss_kernel 0.003, Train_accy 92.83
2025-06-04 05:45:47,253 [icarl.py] => Task 5, Epoch 121/200 => Loss 2.012, Loss_clf 0.248, Loss_kd 1.761, Loss_kernel 0.003, Train_accy 92.69, Test_accy {'Art': 34.62, 'Clipart': 21.22, 'Real World': 46.68, 'Product': 71.17}
2025-06-04 05:46:05,011 [icarl.py] => Task 5, Epoch 122/200 => Loss 1.971, Loss_clf 0.218, Loss_kd 1.750, Loss_kernel 0.003, Train_accy 93.91
2025-06-04 05:46:22,412 [icarl.py] => Task 5, Epoch 123/200 => Loss 1.972, Loss_clf 0.217, Loss_kd 1.753, Loss_kernel 0.003, Train_accy 93.82
2025-06-04 05:46:40,444 [icarl.py] => Task 5, Epoch 124/200 => Loss 1.953, Loss_clf 0.205, Loss_kd 1.744, Loss_kernel 0.003, Train_accy 93.67
2025-06-04 05:46:58,206 [icarl.py] => Task 5, Epoch 125/200 => Loss 1.982, Loss_clf 0.232, Loss_kd 1.747, Loss_kernel 0.003, Train_accy 92.92
2025-06-04 05:47:26,808 [icarl.py] => Task 5, Epoch 126/200 => Loss 1.962, Loss_clf 0.231, Loss_kd 1.728, Loss_kernel 0.003, Train_accy 93.48, Test_accy {'Art': 35.1, 'Clipart': 22.44, 'Real World': 47.39, 'Product': 75.68}
2025-06-04 05:47:44,324 [icarl.py] => Task 5, Epoch 127/200 => Loss 1.968, Loss_clf 0.222, Loss_kd 1.743, Loss_kernel 0.003, Train_accy 93.45
2025-06-04 05:48:01,694 [icarl.py] => Task 5, Epoch 128/200 => Loss 1.972, Loss_clf 0.211, Loss_kd 1.758, Loss_kernel 0.003, Train_accy 93.80
2025-06-04 05:48:19,030 [icarl.py] => Task 5, Epoch 129/200 => Loss 1.955, Loss_clf 0.212, Loss_kd 1.741, Loss_kernel 0.003, Train_accy 94.14
2025-06-04 05:48:36,731 [icarl.py] => Task 5, Epoch 130/200 => Loss 1.986, Loss_clf 0.227, Loss_kd 1.756, Loss_kernel 0.003, Train_accy 93.25
2025-06-04 05:49:04,769 [icarl.py] => Task 5, Epoch 131/200 => Loss 1.931, Loss_clf 0.205, Loss_kd 1.723, Loss_kernel 0.003, Train_accy 93.76, Test_accy {'Art': 35.1, 'Clipart': 22.93, 'Real World': 46.21, 'Product': 73.42}
2025-06-04 05:49:24,403 [icarl.py] => Task 5, Epoch 132/200 => Loss 1.940, Loss_clf 0.204, Loss_kd 1.733, Loss_kernel 0.003, Train_accy 94.06
2025-06-04 05:49:42,334 [icarl.py] => Task 5, Epoch 133/200 => Loss 1.924, Loss_clf 0.188, Loss_kd 1.733, Loss_kernel 0.003, Train_accy 94.11
2025-06-04 05:50:00,421 [icarl.py] => Task 5, Epoch 134/200 => Loss 1.918, Loss_clf 0.199, Loss_kd 1.716, Loss_kernel 0.003, Train_accy 93.71
2025-06-04 05:50:17,247 [icarl.py] => Task 5, Epoch 135/200 => Loss 1.914, Loss_clf 0.188, Loss_kd 1.724, Loss_kernel 0.003, Train_accy 94.55
2025-06-04 05:50:46,250 [icarl.py] => Task 5, Epoch 136/200 => Loss 1.927, Loss_clf 0.199, Loss_kd 1.725, Loss_kernel 0.003, Train_accy 94.01, Test_accy {'Art': 36.54, 'Clipart': 22.2, 'Real World': 46.68, 'Product': 76.8}
2025-06-04 05:51:03,864 [icarl.py] => Task 5, Epoch 137/200 => Loss 1.976, Loss_clf 0.228, Loss_kd 1.745, Loss_kernel 0.003, Train_accy 93.19
2025-06-04 05:51:21,505 [icarl.py] => Task 5, Epoch 138/200 => Loss 1.917, Loss_clf 0.183, Loss_kd 1.731, Loss_kernel 0.003, Train_accy 94.90
2025-06-04 05:51:38,448 [icarl.py] => Task 5, Epoch 139/200 => Loss 1.919, Loss_clf 0.192, Loss_kd 1.724, Loss_kernel 0.003, Train_accy 94.47
2025-06-04 05:51:56,797 [icarl.py] => Task 5, Epoch 140/200 => Loss 1.933, Loss_clf 0.193, Loss_kd 1.737, Loss_kernel 0.003, Train_accy 93.86
2025-06-04 05:52:25,891 [icarl.py] => Task 5, Epoch 141/200 => Loss 1.893, Loss_clf 0.172, Loss_kd 1.719, Loss_kernel 0.003, Train_accy 95.54, Test_accy {'Art': 35.1, 'Clipart': 22.2, 'Real World': 47.16, 'Product': 75.23}
2025-06-04 05:52:44,918 [icarl.py] => Task 5, Epoch 142/200 => Loss 1.866, Loss_clf 0.161, Loss_kd 1.702, Loss_kernel 0.003, Train_accy 95.56
2025-06-04 05:53:04,867 [icarl.py] => Task 5, Epoch 143/200 => Loss 1.917, Loss_clf 0.184, Loss_kd 1.730, Loss_kernel 0.003, Train_accy 94.99
2025-06-04 05:53:22,103 [icarl.py] => Task 5, Epoch 144/200 => Loss 1.920, Loss_clf 0.183, Loss_kd 1.735, Loss_kernel 0.003, Train_accy 94.84
2025-06-04 05:53:38,951 [icarl.py] => Task 5, Epoch 145/200 => Loss 1.861, Loss_clf 0.155, Loss_kd 1.703, Loss_kernel 0.003, Train_accy 95.57
2025-06-04 05:54:06,615 [icarl.py] => Task 5, Epoch 146/200 => Loss 1.884, Loss_clf 0.169, Loss_kd 1.713, Loss_kernel 0.003, Train_accy 95.19, Test_accy {'Art': 36.54, 'Clipart': 23.17, 'Real World': 45.5, 'Product': 76.35}
2025-06-04 05:54:26,493 [icarl.py] => Task 5, Epoch 147/200 => Loss 1.888, Loss_clf 0.165, Loss_kd 1.721, Loss_kernel 0.003, Train_accy 95.52
2025-06-04 05:54:44,667 [icarl.py] => Task 5, Epoch 148/200 => Loss 1.888, Loss_clf 0.163, Loss_kd 1.722, Loss_kernel 0.003, Train_accy 95.27
2025-06-04 05:55:02,130 [icarl.py] => Task 5, Epoch 149/200 => Loss 1.868, Loss_clf 0.148, Loss_kd 1.717, Loss_kernel 0.003, Train_accy 95.44
2025-06-04 05:55:19,189 [icarl.py] => Task 5, Epoch 150/200 => Loss 1.885, Loss_clf 0.162, Loss_kd 1.720, Loss_kernel 0.003, Train_accy 95.83
2025-06-04 05:55:46,925 [icarl.py] => Task 5, Epoch 151/200 => Loss 1.896, Loss_clf 0.168, Loss_kd 1.725, Loss_kernel 0.003, Train_accy 95.30, Test_accy {'Art': 36.06, 'Clipart': 20.73, 'Real World': 46.45, 'Product': 73.42}
2025-06-04 05:56:04,441 [icarl.py] => Task 5, Epoch 152/200 => Loss 1.864, Loss_clf 0.158, Loss_kd 1.703, Loss_kernel 0.003, Train_accy 95.64
2025-06-04 05:56:21,893 [icarl.py] => Task 5, Epoch 153/200 => Loss 1.863, Loss_clf 0.151, Loss_kd 1.710, Loss_kernel 0.003, Train_accy 96.13
2025-06-04 05:56:39,668 [icarl.py] => Task 5, Epoch 154/200 => Loss 1.911, Loss_clf 0.189, Loss_kd 1.719, Loss_kernel 0.003, Train_accy 94.21
2025-06-04 05:56:56,936 [icarl.py] => Task 5, Epoch 155/200 => Loss 1.890, Loss_clf 0.169, Loss_kd 1.719, Loss_kernel 0.003, Train_accy 95.23
2025-06-04 05:57:24,215 [icarl.py] => Task 5, Epoch 156/200 => Loss 1.877, Loss_clf 0.166, Loss_kd 1.708, Loss_kernel 0.003, Train_accy 95.52, Test_accy {'Art': 37.98, 'Clipart': 22.44, 'Real World': 47.39, 'Product': 77.48}
2025-06-04 05:57:41,269 [icarl.py] => Task 5, Epoch 157/200 => Loss 1.836, Loss_clf 0.142, Loss_kd 1.692, Loss_kernel 0.003, Train_accy 95.85
2025-06-04 05:57:58,711 [icarl.py] => Task 5, Epoch 158/200 => Loss 1.861, Loss_clf 0.145, Loss_kd 1.714, Loss_kernel 0.003, Train_accy 95.87
2025-06-04 05:58:16,196 [icarl.py] => Task 5, Epoch 159/200 => Loss 1.836, Loss_clf 0.136, Loss_kd 1.698, Loss_kernel 0.003, Train_accy 95.89
2025-06-04 05:58:33,200 [icarl.py] => Task 5, Epoch 160/200 => Loss 1.847, Loss_clf 0.140, Loss_kd 1.704, Loss_kernel 0.003, Train_accy 96.59
2025-06-04 05:59:00,364 [icarl.py] => Task 5, Epoch 161/200 => Loss 1.856, Loss_clf 0.149, Loss_kd 1.704, Loss_kernel 0.003, Train_accy 95.98, Test_accy {'Art': 35.58, 'Clipart': 23.17, 'Real World': 47.39, 'Product': 74.32}
2025-06-04 05:59:17,622 [icarl.py] => Task 5, Epoch 162/200 => Loss 1.874, Loss_clf 0.145, Loss_kd 1.727, Loss_kernel 0.002, Train_accy 95.81
2025-06-04 05:59:35,449 [icarl.py] => Task 5, Epoch 163/200 => Loss 1.824, Loss_clf 0.120, Loss_kd 1.701, Loss_kernel 0.003, Train_accy 97.06
2025-06-04 05:59:52,911 [icarl.py] => Task 5, Epoch 164/200 => Loss 1.830, Loss_clf 0.137, Loss_kd 1.691, Loss_kernel 0.003, Train_accy 96.30
2025-06-04 06:00:10,038 [icarl.py] => Task 5, Epoch 165/200 => Loss 1.832, Loss_clf 0.135, Loss_kd 1.694, Loss_kernel 0.003, Train_accy 96.17
2025-06-04 06:00:36,590 [icarl.py] => Task 5, Epoch 166/200 => Loss 1.856, Loss_clf 0.138, Loss_kd 1.715, Loss_kernel 0.002, Train_accy 96.16, Test_accy {'Art': 36.54, 'Clipart': 21.71, 'Real World': 47.63, 'Product': 76.58}
2025-06-04 06:00:53,896 [icarl.py] => Task 5, Epoch 167/200 => Loss 1.828, Loss_clf 0.135, Loss_kd 1.690, Loss_kernel 0.003, Train_accy 96.48
2025-06-04 06:01:11,495 [icarl.py] => Task 5, Epoch 168/200 => Loss 1.865, Loss_clf 0.154, Loss_kd 1.709, Loss_kernel 0.003, Train_accy 95.95
2025-06-04 06:01:28,738 [icarl.py] => Task 5, Epoch 169/200 => Loss 1.812, Loss_clf 0.122, Loss_kd 1.687, Loss_kernel 0.003, Train_accy 96.87
2025-06-04 06:01:46,173 [icarl.py] => Task 5, Epoch 170/200 => Loss 1.819, Loss_clf 0.139, Loss_kd 1.677, Loss_kernel 0.003, Train_accy 96.07
2025-06-04 06:02:13,700 [icarl.py] => Task 5, Epoch 171/200 => Loss 1.825, Loss_clf 0.130, Loss_kd 1.692, Loss_kernel 0.003, Train_accy 96.31, Test_accy {'Art': 38.94, 'Clipart': 21.71, 'Real World': 48.1, 'Product': 75.45}
2025-06-04 06:02:30,874 [icarl.py] => Task 5, Epoch 172/200 => Loss 1.802, Loss_clf 0.130, Loss_kd 1.670, Loss_kernel 0.002, Train_accy 96.65
2025-06-04 06:02:48,073 [icarl.py] => Task 5, Epoch 173/200 => Loss 1.832, Loss_clf 0.133, Loss_kd 1.697, Loss_kernel 0.002, Train_accy 96.34
2025-06-04 06:03:05,397 [icarl.py] => Task 5, Epoch 174/200 => Loss 1.814, Loss_clf 0.136, Loss_kd 1.675, Loss_kernel 0.002, Train_accy 96.43
2025-06-04 06:03:22,494 [icarl.py] => Task 5, Epoch 175/200 => Loss 1.838, Loss_clf 0.132, Loss_kd 1.703, Loss_kernel 0.002, Train_accy 96.54
2025-06-04 06:03:49,436 [icarl.py] => Task 5, Epoch 176/200 => Loss 1.806, Loss_clf 0.121, Loss_kd 1.683, Loss_kernel 0.002, Train_accy 97.16, Test_accy {'Art': 36.06, 'Clipart': 22.93, 'Real World': 47.39, 'Product': 75.0}
2025-06-04 06:04:07,037 [icarl.py] => Task 5, Epoch 177/200 => Loss 1.807, Loss_clf 0.130, Loss_kd 1.675, Loss_kernel 0.002, Train_accy 96.48
2025-06-04 06:04:24,539 [icarl.py] => Task 5, Epoch 178/200 => Loss 1.822, Loss_clf 0.123, Loss_kd 1.696, Loss_kernel 0.002, Train_accy 96.80
2025-06-04 06:04:41,884 [icarl.py] => Task 5, Epoch 179/200 => Loss 1.836, Loss_clf 0.126, Loss_kd 1.708, Loss_kernel 0.002, Train_accy 96.74
2025-06-04 06:04:58,831 [icarl.py] => Task 5, Epoch 180/200 => Loss 1.865, Loss_clf 0.139, Loss_kd 1.723, Loss_kernel 0.002, Train_accy 96.38
2025-06-04 06:05:25,874 [icarl.py] => Task 5, Epoch 181/200 => Loss 1.804, Loss_clf 0.119, Loss_kd 1.682, Loss_kernel 0.002, Train_accy 96.89, Test_accy {'Art': 37.02, 'Clipart': 22.44, 'Real World': 47.39, 'Product': 75.45}
2025-06-04 06:05:43,516 [icarl.py] => Task 5, Epoch 182/200 => Loss 1.784, Loss_clf 0.110, Loss_kd 1.672, Loss_kernel 0.002, Train_accy 97.03
2025-06-04 06:06:00,465 [icarl.py] => Task 5, Epoch 183/200 => Loss 1.800, Loss_clf 0.120, Loss_kd 1.678, Loss_kernel 0.002, Train_accy 96.98
2025-06-04 06:06:16,104 [icarl.py] => Task 5, Epoch 184/200 => Loss 1.812, Loss_clf 0.115, Loss_kd 1.694, Loss_kernel 0.002, Train_accy 97.29
2025-06-04 06:06:32,519 [icarl.py] => Task 5, Epoch 185/200 => Loss 1.823, Loss_clf 0.123, Loss_kd 1.697, Loss_kernel 0.002, Train_accy 96.38
2025-06-04 06:07:00,115 [icarl.py] => Task 5, Epoch 186/200 => Loss 1.842, Loss_clf 0.125, Loss_kd 1.715, Loss_kernel 0.002, Train_accy 96.67, Test_accy {'Art': 35.58, 'Clipart': 22.2, 'Real World': 48.58, 'Product': 75.68}
2025-06-04 06:07:16,927 [icarl.py] => Task 5, Epoch 187/200 => Loss 1.777, Loss_clf 0.098, Loss_kd 1.677, Loss_kernel 0.002, Train_accy 97.35
2025-06-04 06:07:33,025 [icarl.py] => Task 5, Epoch 188/200 => Loss 1.814, Loss_clf 0.114, Loss_kd 1.698, Loss_kernel 0.002, Train_accy 97.48
2025-06-04 06:07:49,298 [icarl.py] => Task 5, Epoch 189/200 => Loss 1.808, Loss_clf 0.119, Loss_kd 1.687, Loss_kernel 0.002, Train_accy 97.11
2025-06-04 06:08:06,556 [icarl.py] => Task 5, Epoch 190/200 => Loss 1.812, Loss_clf 0.122, Loss_kd 1.688, Loss_kernel 0.002, Train_accy 97.03
2025-06-04 06:08:33,252 [icarl.py] => Task 5, Epoch 191/200 => Loss 1.815, Loss_clf 0.123, Loss_kd 1.690, Loss_kernel 0.002, Train_accy 97.03, Test_accy {'Art': 37.5, 'Clipart': 21.71, 'Real World': 49.05, 'Product': 75.23}
2025-06-04 06:08:48,559 [icarl.py] => Task 5, Epoch 192/200 => Loss 1.776, Loss_clf 0.094, Loss_kd 1.680, Loss_kernel 0.002, Train_accy 97.56
2025-06-04 06:09:05,066 [icarl.py] => Task 5, Epoch 193/200 => Loss 1.795, Loss_clf 0.119, Loss_kd 1.674, Loss_kernel 0.002, Train_accy 96.74
2025-06-04 06:09:22,527 [icarl.py] => Task 5, Epoch 194/200 => Loss 1.803, Loss_clf 0.108, Loss_kd 1.693, Loss_kernel 0.002, Train_accy 97.43
2025-06-04 06:09:39,230 [icarl.py] => Task 5, Epoch 195/200 => Loss 1.797, Loss_clf 0.118, Loss_kd 1.677, Loss_kernel 0.002, Train_accy 97.30
2025-06-04 06:10:05,632 [icarl.py] => Task 5, Epoch 196/200 => Loss 1.794, Loss_clf 0.116, Loss_kd 1.675, Loss_kernel 0.002, Train_accy 96.97, Test_accy {'Art': 34.62, 'Clipart': 22.44, 'Real World': 48.34, 'Product': 75.23}
2025-06-04 06:10:23,057 [icarl.py] => Task 5, Epoch 197/200 => Loss 1.794, Loss_clf 0.105, Loss_kd 1.687, Loss_kernel 0.002, Train_accy 97.67
2025-06-04 06:10:39,586 [icarl.py] => Task 5, Epoch 198/200 => Loss 1.795, Loss_clf 0.104, Loss_kd 1.689, Loss_kernel 0.002, Train_accy 97.42
2025-06-04 06:10:56,183 [icarl.py] => Task 5, Epoch 199/200 => Loss 1.788, Loss_clf 0.117, Loss_kd 1.668, Loss_kernel 0.002, Train_accy 96.88
2025-06-04 06:11:13,064 [icarl.py] => Task 5, Epoch 200/200 => Loss 1.808, Loss_clf 0.107, Loss_kd 1.699, Loss_kernel 0.002, Train_accy 97.43
2025-06-04 06:11:13,065 [base.py] => Reducing exemplars...(43 per classes)
2025-06-04 06:11:35,980 [base.py] => Constructing exemplars...(43 per classes)
2025-06-04 06:12:08,039 [icarl.py] => Exemplar size: 1290
2025-06-04 06:12:09,180 [trainer.py] => CNN [Art]: {'total': 34.62, '00-04': 63.16, '05-09': 38.24, '10-14': 18.92, '15-19': 40.74, '20-24': 26.32, '25-29': 20.59, 'old': 37.36, 'new': 20.59}
2025-06-04 06:12:09,194 [trainer.py] => NME [Art]: {'total': 41.83, '00-04': 50.0, '05-09': 47.06, '10-14': 29.73, '15-19': 55.56, '20-24': 34.21, '25-29': 38.24, 'old': 42.53, 'new': 38.24}
2025-06-04 06:12:09,194 [trainer.py] => CNN [Art] top1 curve: [63.16, 47.22, 46.79, 45.59, 36.78, 34.62]
2025-06-04 06:12:09,194 [trainer.py] => CNN [Art] top5 curve: [92.11, 77.78, 73.39, 70.59, 63.79, 61.06]
2025-06-04 06:12:09,195 [trainer.py] => NME [Art] top1 curve: [63.16, 52.78, 53.21, 49.26, 41.95, 41.83]
2025-06-04 06:12:09,195 [trainer.py] => NME [Art] top5 curve: [100.0, 84.72, 81.65, 73.53, 70.11, 64.42]
2025-06-04 06:12:09,195 [trainer.py] => Average Accuracy [Art] (CNN): 45.69333333333333
2025-06-04 06:12:09,195 [trainer.py] => Average Accuracy [Art] (NME): 50.365
2025-06-04 06:12:09,195 [trainer.py] => CNN [Clipart]: {'total': 22.44, '00-04': 38.46, '05-09': 29.03, '10-14': 21.21, '15-19': 15.09, '20-24': 21.35, '25-29': 4.84, 'old': 25.57, 'new': 4.84}
2025-06-04 06:12:09,195 [trainer.py] => NME [Clipart]: {'total': 23.41, '00-04': 37.18, '05-09': 32.26, '10-14': 24.24, '15-19': 16.98, '20-24': 21.35, '25-29': 4.84, 'old': 26.72, 'new': 4.84}
2025-06-04 06:12:09,195 [trainer.py] => CNN [Clipart] top1 curve: [50.0, 40.0, 33.98, 28.57, 27.3, 22.44]
2025-06-04 06:12:09,195 [trainer.py] => CNN [Clipart] top5 curve: [96.15, 74.29, 66.02, 55.98, 51.72, 45.85]
2025-06-04 06:12:09,196 [trainer.py] => NME [Clipart] top1 curve: [52.56, 45.71, 34.47, 26.64, 25.29, 23.41]
2025-06-04 06:12:09,196 [trainer.py] => NME [Clipart] top5 curve: [100.0, 80.71, 68.93, 61.78, 58.62, 52.2]
2025-06-04 06:12:09,196 [trainer.py] => Average Accuracy [Clipart] (CNN): 33.714999999999996
2025-06-04 06:12:09,196 [trainer.py] => Average Accuracy [Clipart] (NME): 34.68
2025-06-04 06:12:09,196 [trainer.py] => CNN [Product]: {'total': 75.23, '00-04': 84.71, '05-09': 73.75, '10-14': 83.87, '15-19': 68.83, '20-24': 59.02, '25-29': 78.48, 'old': 74.52, 'new': 78.48}
2025-06-04 06:12:09,196 [trainer.py] => NME [Product]: {'total': 76.35, '00-04': 82.35, '05-09': 75.0, '10-14': 82.26, '15-19': 71.43, '20-24': 65.57, '25-29': 79.75, 'old': 75.62, 'new': 79.75}
2025-06-04 06:12:09,196 [trainer.py] => CNN [Product] top1 curve: [87.06, 78.79, 87.67, 80.92, 75.89, 75.23]
2025-06-04 06:12:09,196 [trainer.py] => CNN [Product] top5 curve: [100.0, 98.79, 97.8, 95.72, 94.25, 92.57]
2025-06-04 06:12:09,197 [trainer.py] => NME [Product] top1 curve: [89.41, 86.67, 90.31, 82.57, 78.08, 76.35]
2025-06-04 06:12:09,197 [trainer.py] => NME [Product] top5 curve: [100.0, 99.39, 98.68, 96.71, 94.52, 94.37]
2025-06-04 06:12:09,197 [trainer.py] => Average Accuracy [Product] (CNN): 80.92666666666666
2025-06-04 06:12:09,197 [trainer.py] => Average Accuracy [Product] (NME): 83.89833333333333
2025-06-04 06:12:09,197 [trainer.py] => CNN [Real World]: {'total': 48.82, '00-04': 71.23, '05-09': 51.47, '10-14': 45.83, '15-19': 46.27, '20-24': 27.69, '25-29': 48.05, 'old': 48.99, 'new': 48.05}
2025-06-04 06:12:09,197 [trainer.py] => NME [Real World]: {'total': 48.82, '00-04': 45.21, '05-09': 55.88, '10-14': 51.39, '15-19': 47.76, '20-24': 30.77, '25-29': 59.74, 'old': 46.38, 'new': 59.74}
2025-06-04 06:12:09,197 [trainer.py] => CNN [Real World] top1 curve: [73.97, 64.54, 58.69, 54.29, 45.8, 48.82]
2025-06-04 06:12:09,197 [trainer.py] => CNN [Real World] top5 curve: [98.63, 90.78, 83.1, 80.0, 72.75, 75.12]
2025-06-04 06:12:09,197 [trainer.py] => NME [Real World] top1 curve: [78.08, 70.92, 60.09, 54.29, 48.7, 48.82]
2025-06-04 06:12:09,198 [trainer.py] => NME [Real World] top5 curve: [100.0, 96.45, 91.55, 86.79, 77.68, 80.57]
2025-06-04 06:12:09,198 [trainer.py] => Average Accuracy [Real World] (CNN): 57.685
2025-06-04 06:12:09,198 [trainer.py] => Average Accuracy [Real World] (NME): 60.15
2025-06-04 06:12:09,198 [trainer.py] => NME Harmonic Mean : 32.9593
2025-06-04 06:12:09,198 [trainer.py] => NME Macro Mean : 47.6025
2025-06-04 06:12:09,198 [trainer.py] => CNN Harmonic Mean : 31.5107
2025-06-04 06:12:09,198 [trainer.py] => CNN Macro Mean : 45.2775
2025-06-04 06:12:09,199 [trainer.py] => All params: 21305192
2025-06-04 06:12:09,200 [trainer.py] => Trainable params: 21305192
2025-06-04 06:12:09,202 [icarl.py] => Learning on 30-35
2025-06-04 06:12:39,105 [icarl.py] => Task 6, Epoch 1/200 => Loss 4.930, Loss_clf 2.439, Loss_kd 2.484, Loss_kernel 0.007, Train_accy 37.53, Test_accy {'Art': 10.65, 'Clipart': 8.44, 'Real World': 13.28, 'Product': 14.48}
2025-06-04 06:12:57,316 [icarl.py] => Task 6, Epoch 2/200 => Loss 5.538, Loss_clf 2.653, Loss_kd 2.875, Loss_kernel 0.011, Train_accy 28.86
2025-06-04 06:13:15,071 [icarl.py] => Task 6, Epoch 3/200 => Loss 4.831, Loss_clf 2.160, Loss_kd 2.662, Loss_kernel 0.009, Train_accy 39.80
2025-06-04 06:13:32,919 [icarl.py] => Task 6, Epoch 4/200 => Loss 4.410, Loss_clf 1.900, Loss_kd 2.503, Loss_kernel 0.008, Train_accy 44.44
2025-06-04 06:13:50,723 [icarl.py] => Task 6, Epoch 5/200 => Loss 4.181, Loss_clf 1.733, Loss_kd 2.441, Loss_kernel 0.007, Train_accy 49.89
2025-06-04 06:14:20,203 [icarl.py] => Task 6, Epoch 6/200 => Loss 4.015, Loss_clf 1.613, Loss_kd 2.395, Loss_kernel 0.007, Train_accy 52.04, Test_accy {'Art': 23.57, 'Clipart': 17.51, 'Real World': 37.22, 'Product': 53.23}
2025-06-04 06:14:38,227 [icarl.py] => Task 6, Epoch 7/200 => Loss 3.927, Loss_clf 1.548, Loss_kd 2.371, Loss_kernel 0.007, Train_accy 53.39
2025-06-04 06:14:56,210 [icarl.py] => Task 6, Epoch 8/200 => Loss 3.868, Loss_clf 1.517, Loss_kd 2.344, Loss_kernel 0.008, Train_accy 54.22
2025-06-04 06:15:13,862 [icarl.py] => Task 6, Epoch 9/200 => Loss 3.750, Loss_clf 1.426, Loss_kd 2.317, Loss_kernel 0.007, Train_accy 57.10
2025-06-04 06:15:31,412 [icarl.py] => Task 6, Epoch 10/200 => Loss 3.626, Loss_clf 1.329, Loss_kd 2.290, Loss_kernel 0.007, Train_accy 59.71
2025-06-04 06:16:00,863 [icarl.py] => Task 6, Epoch 11/200 => Loss 3.503, Loss_clf 1.260, Loss_kd 2.237, Loss_kernel 0.007, Train_accy 61.62, Test_accy {'Art': 22.43, 'Clipart': 14.56, 'Real World': 30.38, 'Product': 45.6}
2025-06-04 06:16:18,777 [icarl.py] => Task 6, Epoch 12/200 => Loss 3.426, Loss_clf 1.192, Loss_kd 2.227, Loss_kernel 0.007, Train_accy 63.86
2025-06-04 06:16:36,679 [icarl.py] => Task 6, Epoch 13/200 => Loss 3.322, Loss_clf 1.128, Loss_kd 2.187, Loss_kernel 0.007, Train_accy 65.48
2025-06-04 06:16:54,584 [icarl.py] => Task 6, Epoch 14/200 => Loss 3.256, Loss_clf 1.074, Loss_kd 2.176, Loss_kernel 0.006, Train_accy 66.83
2025-06-04 06:17:12,711 [icarl.py] => Task 6, Epoch 15/200 => Loss 3.221, Loss_clf 1.039, Loss_kd 2.175, Loss_kernel 0.007, Train_accy 68.09
2025-06-04 06:17:42,721 [icarl.py] => Task 6, Epoch 16/200 => Loss 3.242, Loss_clf 1.061, Loss_kd 2.174, Loss_kernel 0.007, Train_accy 67.20, Test_accy {'Art': 24.33, 'Clipart': 16.46, 'Real World': 37.02, 'Product': 55.97}
2025-06-04 06:18:00,722 [icarl.py] => Task 6, Epoch 17/200 => Loss 3.146, Loss_clf 1.008, Loss_kd 2.132, Loss_kernel 0.006, Train_accy 69.27
2025-06-04 06:18:18,749 [icarl.py] => Task 6, Epoch 18/200 => Loss 3.067, Loss_clf 0.925, Loss_kd 2.135, Loss_kernel 0.007, Train_accy 72.40
2025-06-04 06:18:36,479 [icarl.py] => Task 6, Epoch 19/200 => Loss 3.051, Loss_clf 0.917, Loss_kd 2.127, Loss_kernel 0.006, Train_accy 71.78
2025-06-04 06:18:54,557 [icarl.py] => Task 6, Epoch 20/200 => Loss 2.923, Loss_clf 0.831, Loss_kd 2.087, Loss_kernel 0.006, Train_accy 74.37
2025-06-04 06:19:24,381 [icarl.py] => Task 6, Epoch 21/200 => Loss 2.987, Loss_clf 0.869, Loss_kd 2.111, Loss_kernel 0.007, Train_accy 73.23, Test_accy {'Art': 27.76, 'Clipart': 16.24, 'Real World': 39.84, 'Product': 60.27}
2025-06-04 06:19:42,304 [icarl.py] => Task 6, Epoch 22/200 => Loss 2.857, Loss_clf 0.781, Loss_kd 2.070, Loss_kernel 0.006, Train_accy 75.78
2025-06-04 06:20:00,364 [icarl.py] => Task 6, Epoch 23/200 => Loss 2.909, Loss_clf 0.815, Loss_kd 2.088, Loss_kernel 0.006, Train_accy 75.49
2025-06-04 06:20:18,149 [icarl.py] => Task 6, Epoch 24/200 => Loss 2.914, Loss_clf 0.825, Loss_kd 2.083, Loss_kernel 0.006, Train_accy 75.29
2025-06-04 06:20:35,947 [icarl.py] => Task 6, Epoch 25/200 => Loss 2.893, Loss_clf 0.809, Loss_kd 2.078, Loss_kernel 0.006, Train_accy 75.63
2025-06-04 06:21:05,737 [icarl.py] => Task 6, Epoch 26/200 => Loss 2.940, Loss_clf 0.855, Loss_kd 2.079, Loss_kernel 0.006, Train_accy 74.38, Test_accy {'Art': 23.95, 'Clipart': 19.62, 'Real World': 40.44, 'Product': 59.88}
2025-06-04 06:21:24,468 [icarl.py] => Task 6, Epoch 27/200 => Loss 2.844, Loss_clf 0.769, Loss_kd 2.069, Loss_kernel 0.006, Train_accy 75.94
2025-06-04 06:21:42,354 [icarl.py] => Task 6, Epoch 28/200 => Loss 2.781, Loss_clf 0.713, Loss_kd 2.062, Loss_kernel 0.006, Train_accy 79.09
2025-06-04 06:22:00,381 [icarl.py] => Task 6, Epoch 29/200 => Loss 2.726, Loss_clf 0.687, Loss_kd 2.033, Loss_kernel 0.006, Train_accy 78.90
2025-06-04 06:22:19,407 [icarl.py] => Task 6, Epoch 30/200 => Loss 2.737, Loss_clf 0.686, Loss_kd 2.045, Loss_kernel 0.006, Train_accy 78.07
2025-06-04 06:22:49,081 [icarl.py] => Task 6, Epoch 31/200 => Loss 2.765, Loss_clf 0.712, Loss_kd 2.047, Loss_kernel 0.006, Train_accy 78.54, Test_accy {'Art': 28.9, 'Clipart': 18.57, 'Real World': 41.05, 'Product': 61.45}
2025-06-04 06:23:06,637 [icarl.py] => Task 6, Epoch 32/200 => Loss 2.732, Loss_clf 0.696, Loss_kd 2.031, Loss_kernel 0.006, Train_accy 78.23
2025-06-04 06:23:24,267 [icarl.py] => Task 6, Epoch 33/200 => Loss 2.689, Loss_clf 0.659, Loss_kd 2.024, Loss_kernel 0.006, Train_accy 79.86
2025-06-04 06:23:41,352 [icarl.py] => Task 6, Epoch 34/200 => Loss 2.720, Loss_clf 0.666, Loss_kd 2.048, Loss_kernel 0.006, Train_accy 79.24
2025-06-04 06:23:58,771 [icarl.py] => Task 6, Epoch 35/200 => Loss 2.720, Loss_clf 0.674, Loss_kd 2.040, Loss_kernel 0.006, Train_accy 80.14
2025-06-04 06:24:27,818 [icarl.py] => Task 6, Epoch 36/200 => Loss 2.636, Loss_clf 0.617, Loss_kd 2.013, Loss_kernel 0.006, Train_accy 80.26, Test_accy {'Art': 24.33, 'Clipart': 16.03, 'Real World': 41.05, 'Product': 57.73}
2025-06-04 06:24:44,945 [icarl.py] => Task 6, Epoch 37/200 => Loss 2.678, Loss_clf 0.658, Loss_kd 2.015, Loss_kernel 0.006, Train_accy 80.13
2025-06-04 06:25:01,996 [icarl.py] => Task 6, Epoch 38/200 => Loss 2.677, Loss_clf 0.645, Loss_kd 2.027, Loss_kernel 0.006, Train_accy 79.97
2025-06-04 06:25:19,481 [icarl.py] => Task 6, Epoch 39/200 => Loss 2.640, Loss_clf 0.624, Loss_kd 2.011, Loss_kernel 0.005, Train_accy 80.91
2025-06-04 06:25:36,495 [icarl.py] => Task 6, Epoch 40/200 => Loss 2.672, Loss_clf 0.645, Loss_kd 2.022, Loss_kernel 0.005, Train_accy 80.62
2025-06-04 06:26:05,214 [icarl.py] => Task 6, Epoch 41/200 => Loss 2.636, Loss_clf 0.621, Loss_kd 2.010, Loss_kernel 0.005, Train_accy 80.97, Test_accy {'Art': 27.38, 'Clipart': 15.82, 'Real World': 34.41, 'Product': 54.21}
2025-06-04 06:26:22,710 [icarl.py] => Task 6, Epoch 42/200 => Loss 2.609, Loss_clf 0.597, Loss_kd 2.007, Loss_kernel 0.006, Train_accy 81.48
2025-06-04 06:26:40,399 [icarl.py] => Task 6, Epoch 43/200 => Loss 2.589, Loss_clf 0.582, Loss_kd 2.002, Loss_kernel 0.005, Train_accy 82.06
2025-06-04 06:26:57,975 [icarl.py] => Task 6, Epoch 44/200 => Loss 2.575, Loss_clf 0.578, Loss_kd 1.991, Loss_kernel 0.005, Train_accy 82.56
2025-06-04 06:27:15,619 [icarl.py] => Task 6, Epoch 45/200 => Loss 2.596, Loss_clf 0.581, Loss_kd 2.009, Loss_kernel 0.006, Train_accy 82.05
2025-06-04 06:27:44,539 [icarl.py] => Task 6, Epoch 46/200 => Loss 2.592, Loss_clf 0.588, Loss_kd 1.999, Loss_kernel 0.005, Train_accy 81.68, Test_accy {'Art': 26.24, 'Clipart': 18.78, 'Real World': 42.05, 'Product': 63.21}
2025-06-04 06:28:02,077 [icarl.py] => Task 6, Epoch 47/200 => Loss 2.591, Loss_clf 0.600, Loss_kd 1.986, Loss_kernel 0.005, Train_accy 81.65
2025-06-04 06:28:19,103 [icarl.py] => Task 6, Epoch 48/200 => Loss 2.590, Loss_clf 0.577, Loss_kd 2.007, Loss_kernel 0.005, Train_accy 81.61
2025-06-04 06:28:36,721 [icarl.py] => Task 6, Epoch 49/200 => Loss 2.536, Loss_clf 0.555, Loss_kd 1.976, Loss_kernel 0.005, Train_accy 82.68
2025-06-04 06:28:54,149 [icarl.py] => Task 6, Epoch 50/200 => Loss 2.540, Loss_clf 0.552, Loss_kd 1.983, Loss_kernel 0.005, Train_accy 82.84
2025-06-04 06:29:22,962 [icarl.py] => Task 6, Epoch 51/200 => Loss 2.598, Loss_clf 0.596, Loss_kd 1.997, Loss_kernel 0.005, Train_accy 82.61, Test_accy {'Art': 27.38, 'Clipart': 18.14, 'Real World': 41.25, 'Product': 62.82}
2025-06-04 06:29:40,415 [icarl.py] => Task 6, Epoch 52/200 => Loss 2.501, Loss_clf 0.525, Loss_kd 1.971, Loss_kernel 0.005, Train_accy 83.81
2025-06-04 06:29:58,159 [icarl.py] => Task 6, Epoch 53/200 => Loss 2.510, Loss_clf 0.530, Loss_kd 1.975, Loss_kernel 0.005, Train_accy 84.14
2025-06-04 06:30:15,862 [icarl.py] => Task 6, Epoch 54/200 => Loss 2.507, Loss_clf 0.533, Loss_kd 1.969, Loss_kernel 0.005, Train_accy 83.79
2025-06-04 06:30:33,149 [icarl.py] => Task 6, Epoch 55/200 => Loss 2.499, Loss_clf 0.521, Loss_kd 1.973, Loss_kernel 0.005, Train_accy 83.58
2025-06-04 06:31:01,869 [icarl.py] => Task 6, Epoch 56/200 => Loss 2.473, Loss_clf 0.513, Loss_kd 1.956, Loss_kernel 0.005, Train_accy 83.68, Test_accy {'Art': 27.76, 'Clipart': 18.57, 'Real World': 44.47, 'Product': 63.8}
2025-06-04 06:31:19,409 [icarl.py] => Task 6, Epoch 57/200 => Loss 2.438, Loss_clf 0.482, Loss_kd 1.950, Loss_kernel 0.005, Train_accy 85.29
2025-06-04 06:31:36,738 [icarl.py] => Task 6, Epoch 58/200 => Loss 2.472, Loss_clf 0.503, Loss_kd 1.964, Loss_kernel 0.005, Train_accy 84.37
2025-06-04 06:31:54,298 [icarl.py] => Task 6, Epoch 59/200 => Loss 2.471, Loss_clf 0.500, Loss_kd 1.965, Loss_kernel 0.005, Train_accy 84.21
2025-06-04 06:32:11,664 [icarl.py] => Task 6, Epoch 60/200 => Loss 2.475, Loss_clf 0.488, Loss_kd 1.982, Loss_kernel 0.005, Train_accy 84.56
2025-06-04 06:32:40,505 [icarl.py] => Task 6, Epoch 61/200 => Loss 2.390, Loss_clf 0.440, Loss_kd 1.945, Loss_kernel 0.004, Train_accy 86.65, Test_accy {'Art': 26.24, 'Clipart': 16.24, 'Real World': 38.43, 'Product': 58.9}
2025-06-04 06:32:58,019 [icarl.py] => Task 6, Epoch 62/200 => Loss 2.433, Loss_clf 0.470, Loss_kd 1.958, Loss_kernel 0.005, Train_accy 85.72
2025-06-04 06:33:15,824 [icarl.py] => Task 6, Epoch 63/200 => Loss 2.416, Loss_clf 0.456, Loss_kd 1.956, Loss_kernel 0.005, Train_accy 84.98
2025-06-04 06:33:33,310 [icarl.py] => Task 6, Epoch 64/200 => Loss 2.373, Loss_clf 0.448, Loss_kd 1.921, Loss_kernel 0.005, Train_accy 86.69
2025-06-04 06:33:50,511 [icarl.py] => Task 6, Epoch 65/200 => Loss 2.447, Loss_clf 0.496, Loss_kd 1.947, Loss_kernel 0.005, Train_accy 84.69
2025-06-04 06:34:19,437 [icarl.py] => Task 6, Epoch 66/200 => Loss 2.392, Loss_clf 0.460, Loss_kd 1.927, Loss_kernel 0.005, Train_accy 85.29, Test_accy {'Art': 30.8, 'Clipart': 18.99, 'Real World': 39.64, 'Product': 64.77}
2025-06-04 06:34:36,685 [icarl.py] => Task 6, Epoch 67/200 => Loss 2.437, Loss_clf 0.481, Loss_kd 1.952, Loss_kernel 0.004, Train_accy 84.83
2025-06-04 06:34:54,339 [icarl.py] => Task 6, Epoch 68/200 => Loss 2.374, Loss_clf 0.440, Loss_kd 1.929, Loss_kernel 0.004, Train_accy 86.36
2025-06-04 06:35:11,449 [icarl.py] => Task 6, Epoch 69/200 => Loss 2.442, Loss_clf 0.468, Loss_kd 1.969, Loss_kernel 0.004, Train_accy 85.71
2025-06-04 06:35:28,772 [icarl.py] => Task 6, Epoch 70/200 => Loss 2.373, Loss_clf 0.444, Loss_kd 1.924, Loss_kernel 0.004, Train_accy 86.30
2025-06-04 06:35:57,845 [icarl.py] => Task 6, Epoch 71/200 => Loss 2.379, Loss_clf 0.452, Loss_kd 1.923, Loss_kernel 0.004, Train_accy 85.13, Test_accy {'Art': 27.76, 'Clipart': 19.83, 'Real World': 42.45, 'Product': 63.41}
2025-06-04 06:36:15,388 [icarl.py] => Task 6, Epoch 72/200 => Loss 2.400, Loss_clf 0.453, Loss_kd 1.943, Loss_kernel 0.005, Train_accy 86.30
2025-06-04 06:36:32,772 [icarl.py] => Task 6, Epoch 73/200 => Loss 2.387, Loss_clf 0.448, Loss_kd 1.935, Loss_kernel 0.004, Train_accy 86.38
2025-06-04 06:36:50,374 [icarl.py] => Task 6, Epoch 74/200 => Loss 2.356, Loss_clf 0.438, Loss_kd 1.913, Loss_kernel 0.004, Train_accy 86.10
2025-06-04 06:37:07,282 [icarl.py] => Task 6, Epoch 75/200 => Loss 2.380, Loss_clf 0.440, Loss_kd 1.936, Loss_kernel 0.004, Train_accy 86.72
2025-06-04 06:37:36,062 [icarl.py] => Task 6, Epoch 76/200 => Loss 2.405, Loss_clf 0.468, Loss_kd 1.933, Loss_kernel 0.004, Train_accy 85.10, Test_accy {'Art': 30.42, 'Clipart': 20.25, 'Real World': 41.45, 'Product': 66.14}
2025-06-04 06:37:53,439 [icarl.py] => Task 6, Epoch 77/200 => Loss 2.413, Loss_clf 0.449, Loss_kd 1.960, Loss_kernel 0.004, Train_accy 86.26
2025-06-04 06:38:10,695 [icarl.py] => Task 6, Epoch 78/200 => Loss 2.314, Loss_clf 0.398, Loss_kd 1.912, Loss_kernel 0.004, Train_accy 87.53
2025-06-04 06:38:30,702 [icarl.py] => Task 6, Epoch 79/200 => Loss 2.327, Loss_clf 0.415, Loss_kd 1.908, Loss_kernel 0.004, Train_accy 87.01
2025-06-04 06:38:48,415 [icarl.py] => Task 6, Epoch 80/200 => Loss 2.296, Loss_clf 0.379, Loss_kd 1.913, Loss_kernel 0.004, Train_accy 87.97
2025-06-04 06:39:17,693 [icarl.py] => Task 6, Epoch 81/200 => Loss 2.280, Loss_clf 0.365, Loss_kd 1.911, Loss_kernel 0.004, Train_accy 88.38, Test_accy {'Art': 28.14, 'Clipart': 18.35, 'Real World': 43.86, 'Product': 67.71}
2025-06-04 06:39:35,301 [icarl.py] => Task 6, Epoch 82/200 => Loss 2.343, Loss_clf 0.419, Loss_kd 1.921, Loss_kernel 0.004, Train_accy 87.19
2025-06-04 06:39:52,354 [icarl.py] => Task 6, Epoch 83/200 => Loss 2.312, Loss_clf 0.395, Loss_kd 1.913, Loss_kernel 0.004, Train_accy 87.61
2025-06-04 06:40:09,966 [icarl.py] => Task 6, Epoch 84/200 => Loss 2.259, Loss_clf 0.359, Loss_kd 1.896, Loss_kernel 0.004, Train_accy 89.19
2025-06-04 06:40:27,583 [icarl.py] => Task 6, Epoch 85/200 => Loss 2.258, Loss_clf 0.355, Loss_kd 1.899, Loss_kernel 0.004, Train_accy 88.76
2025-06-04 06:40:56,383 [icarl.py] => Task 6, Epoch 86/200 => Loss 2.293, Loss_clf 0.384, Loss_kd 1.905, Loss_kernel 0.004, Train_accy 88.65, Test_accy {'Art': 33.84, 'Clipart': 17.93, 'Real World': 43.26, 'Product': 67.32}
2025-06-04 06:41:13,887 [icarl.py] => Task 6, Epoch 87/200 => Loss 2.313, Loss_clf 0.401, Loss_kd 1.909, Loss_kernel 0.004, Train_accy 86.94
2025-06-04 06:41:31,312 [icarl.py] => Task 6, Epoch 88/200 => Loss 2.296, Loss_clf 0.382, Loss_kd 1.909, Loss_kernel 0.004, Train_accy 88.44
2025-06-04 06:41:48,681 [icarl.py] => Task 6, Epoch 89/200 => Loss 2.257, Loss_clf 0.351, Loss_kd 1.902, Loss_kernel 0.004, Train_accy 89.28
2025-06-04 06:42:06,155 [icarl.py] => Task 6, Epoch 90/200 => Loss 2.236, Loss_clf 0.349, Loss_kd 1.883, Loss_kernel 0.004, Train_accy 89.26
2025-06-04 06:42:35,135 [icarl.py] => Task 6, Epoch 91/200 => Loss 2.254, Loss_clf 0.371, Loss_kd 1.879, Loss_kernel 0.004, Train_accy 88.87, Test_accy {'Art': 28.14, 'Clipart': 16.67, 'Real World': 43.86, 'Product': 69.86}
2025-06-04 06:42:52,702 [icarl.py] => Task 6, Epoch 92/200 => Loss 2.237, Loss_clf 0.343, Loss_kd 1.890, Loss_kernel 0.004, Train_accy 89.07
2025-06-04 06:43:09,439 [icarl.py] => Task 6, Epoch 93/200 => Loss 2.246, Loss_clf 0.343, Loss_kd 1.899, Loss_kernel 0.004, Train_accy 89.64
2025-06-04 06:43:26,863 [icarl.py] => Task 6, Epoch 94/200 => Loss 2.228, Loss_clf 0.347, Loss_kd 1.877, Loss_kernel 0.004, Train_accy 89.58
2025-06-04 06:43:44,479 [icarl.py] => Task 6, Epoch 95/200 => Loss 2.229, Loss_clf 0.335, Loss_kd 1.890, Loss_kernel 0.004, Train_accy 90.18
2025-06-04 06:44:14,670 [icarl.py] => Task 6, Epoch 96/200 => Loss 2.211, Loss_clf 0.332, Loss_kd 1.876, Loss_kernel 0.003, Train_accy 89.65, Test_accy {'Art': 31.56, 'Clipart': 18.35, 'Real World': 44.47, 'Product': 68.3}
2025-06-04 06:44:31,289 [icarl.py] => Task 6, Epoch 97/200 => Loss 2.183, Loss_clf 0.317, Loss_kd 1.864, Loss_kernel 0.003, Train_accy 89.93
2025-06-04 06:44:49,070 [icarl.py] => Task 6, Epoch 98/200 => Loss 2.187, Loss_clf 0.318, Loss_kd 1.866, Loss_kernel 0.003, Train_accy 90.12
2025-06-04 06:45:06,987 [icarl.py] => Task 6, Epoch 99/200 => Loss 2.245, Loss_clf 0.348, Loss_kd 1.894, Loss_kernel 0.003, Train_accy 89.60
2025-06-04 06:45:24,652 [icarl.py] => Task 6, Epoch 100/200 => Loss 2.209, Loss_clf 0.328, Loss_kd 1.878, Loss_kernel 0.003, Train_accy 89.65
2025-06-04 06:45:53,506 [icarl.py] => Task 6, Epoch 101/200 => Loss 2.165, Loss_clf 0.293, Loss_kd 1.869, Loss_kernel 0.003, Train_accy 90.98, Test_accy {'Art': 33.08, 'Clipart': 19.41, 'Real World': 45.47, 'Product': 68.69}
2025-06-04 06:46:10,871 [icarl.py] => Task 6, Epoch 102/200 => Loss 2.193, Loss_clf 0.315, Loss_kd 1.875, Loss_kernel 0.003, Train_accy 90.55
2025-06-04 06:46:28,332 [icarl.py] => Task 6, Epoch 103/200 => Loss 2.149, Loss_clf 0.278, Loss_kd 1.868, Loss_kernel 0.003, Train_accy 91.53
2025-06-04 06:46:45,802 [icarl.py] => Task 6, Epoch 104/200 => Loss 2.179, Loss_clf 0.314, Loss_kd 1.862, Loss_kernel 0.003, Train_accy 90.04
2025-06-04 06:47:03,388 [icarl.py] => Task 6, Epoch 105/200 => Loss 2.193, Loss_clf 0.316, Loss_kd 1.874, Loss_kernel 0.003, Train_accy 90.21
2025-06-04 06:47:31,953 [icarl.py] => Task 6, Epoch 106/200 => Loss 2.153, Loss_clf 0.296, Loss_kd 1.853, Loss_kernel 0.003, Train_accy 90.56, Test_accy {'Art': 31.18, 'Clipart': 18.35, 'Real World': 44.87, 'Product': 69.86}
2025-06-04 06:47:48,926 [icarl.py] => Task 6, Epoch 107/200 => Loss 2.151, Loss_clf 0.279, Loss_kd 1.868, Loss_kernel 0.003, Train_accy 91.18
2025-06-04 06:48:05,975 [icarl.py] => Task 6, Epoch 108/200 => Loss 2.131, Loss_clf 0.272, Loss_kd 1.856, Loss_kernel 0.003, Train_accy 91.52
2025-06-04 06:48:23,577 [icarl.py] => Task 6, Epoch 109/200 => Loss 2.136, Loss_clf 0.289, Loss_kd 1.844, Loss_kernel 0.003, Train_accy 90.69
2025-06-04 06:48:40,613 [icarl.py] => Task 6, Epoch 110/200 => Loss 2.175, Loss_clf 0.295, Loss_kd 1.876, Loss_kernel 0.003, Train_accy 91.40
2025-06-04 06:49:09,302 [icarl.py] => Task 6, Epoch 111/200 => Loss 2.131, Loss_clf 0.276, Loss_kd 1.851, Loss_kernel 0.003, Train_accy 91.67, Test_accy {'Art': 28.9, 'Clipart': 19.62, 'Real World': 46.08, 'Product': 71.62}
2025-06-04 06:49:26,624 [icarl.py] => Task 6, Epoch 112/200 => Loss 2.097, Loss_clf 0.253, Loss_kd 1.842, Loss_kernel 0.003, Train_accy 92.20
2025-06-04 06:49:43,646 [icarl.py] => Task 6, Epoch 113/200 => Loss 2.063, Loss_clf 0.228, Loss_kd 1.832, Loss_kernel 0.003, Train_accy 93.19
2025-06-04 06:50:00,737 [icarl.py] => Task 6, Epoch 114/200 => Loss 2.081, Loss_clf 0.257, Loss_kd 1.822, Loss_kernel 0.003, Train_accy 91.96
2025-06-04 06:50:18,225 [icarl.py] => Task 6, Epoch 115/200 => Loss 2.109, Loss_clf 0.255, Loss_kd 1.851, Loss_kernel 0.003, Train_accy 92.56
2025-06-04 06:50:47,012 [icarl.py] => Task 6, Epoch 116/200 => Loss 2.111, Loss_clf 0.267, Loss_kd 1.842, Loss_kernel 0.003, Train_accy 91.75, Test_accy {'Art': 30.04, 'Clipart': 18.78, 'Real World': 46.28, 'Product': 71.82}
2025-06-04 06:51:03,697 [icarl.py] => Task 6, Epoch 117/200 => Loss 2.089, Loss_clf 0.250, Loss_kd 1.836, Loss_kernel 0.003, Train_accy 92.55
2025-06-04 06:51:21,772 [icarl.py] => Task 6, Epoch 118/200 => Loss 2.067, Loss_clf 0.232, Loss_kd 1.832, Loss_kernel 0.003, Train_accy 93.32
2025-06-04 06:51:39,329 [icarl.py] => Task 6, Epoch 119/200 => Loss 2.071, Loss_clf 0.236, Loss_kd 1.832, Loss_kernel 0.003, Train_accy 92.59
2025-06-04 06:51:56,089 [icarl.py] => Task 6, Epoch 120/200 => Loss 2.059, Loss_clf 0.232, Loss_kd 1.824, Loss_kernel 0.003, Train_accy 92.83
2025-06-04 06:52:25,175 [icarl.py] => Task 6, Epoch 121/200 => Loss 2.074, Loss_clf 0.237, Loss_kd 1.834, Loss_kernel 0.003, Train_accy 93.20, Test_accy {'Art': 29.66, 'Clipart': 20.25, 'Real World': 46.28, 'Product': 70.25}
2025-06-04 06:52:42,203 [icarl.py] => Task 6, Epoch 122/200 => Loss 2.040, Loss_clf 0.218, Loss_kd 1.820, Loss_kernel 0.003, Train_accy 92.83
2025-06-04 06:52:59,122 [icarl.py] => Task 6, Epoch 123/200 => Loss 2.052, Loss_clf 0.236, Loss_kd 1.813, Loss_kernel 0.003, Train_accy 92.88
2025-06-04 06:53:16,227 [icarl.py] => Task 6, Epoch 124/200 => Loss 2.074, Loss_clf 0.250, Loss_kd 1.821, Loss_kernel 0.003, Train_accy 92.38
2025-06-04 06:53:33,061 [icarl.py] => Task 6, Epoch 125/200 => Loss 2.055, Loss_clf 0.231, Loss_kd 1.821, Loss_kernel 0.003, Train_accy 92.59
2025-06-04 06:54:01,695 [icarl.py] => Task 6, Epoch 126/200 => Loss 2.035, Loss_clf 0.222, Loss_kd 1.811, Loss_kernel 0.003, Train_accy 92.90, Test_accy {'Art': 31.94, 'Clipart': 18.57, 'Real World': 47.69, 'Product': 69.67}
2025-06-04 06:54:18,484 [icarl.py] => Task 6, Epoch 127/200 => Loss 2.045, Loss_clf 0.225, Loss_kd 1.818, Loss_kernel 0.003, Train_accy 93.56
2025-06-04 06:54:35,530 [icarl.py] => Task 6, Epoch 128/200 => Loss 1.999, Loss_clf 0.197, Loss_kd 1.799, Loss_kernel 0.003, Train_accy 93.97
2025-06-04 06:54:52,964 [icarl.py] => Task 6, Epoch 129/200 => Loss 2.060, Loss_clf 0.236, Loss_kd 1.822, Loss_kernel 0.003, Train_accy 92.62
2025-06-04 06:55:10,420 [icarl.py] => Task 6, Epoch 130/200 => Loss 2.025, Loss_clf 0.214, Loss_kd 1.809, Loss_kernel 0.002, Train_accy 93.38
2025-06-04 06:55:38,544 [icarl.py] => Task 6, Epoch 131/200 => Loss 2.014, Loss_clf 0.210, Loss_kd 1.802, Loss_kernel 0.002, Train_accy 93.76, Test_accy {'Art': 31.56, 'Clipart': 19.2, 'Real World': 46.08, 'Product': 71.43}
2025-06-04 06:55:57,310 [icarl.py] => Task 6, Epoch 132/200 => Loss 2.032, Loss_clf 0.216, Loss_kd 1.813, Loss_kernel 0.002, Train_accy 93.36
2025-06-04 06:56:13,860 [icarl.py] => Task 6, Epoch 133/200 => Loss 2.029, Loss_clf 0.210, Loss_kd 1.817, Loss_kernel 0.002, Train_accy 93.94
2025-06-04 06:56:31,731 [icarl.py] => Task 6, Epoch 134/200 => Loss 2.017, Loss_clf 0.206, Loss_kd 1.808, Loss_kernel 0.002, Train_accy 93.57
2025-06-04 06:56:49,224 [icarl.py] => Task 6, Epoch 135/200 => Loss 2.008, Loss_clf 0.191, Loss_kd 1.815, Loss_kernel 0.002, Train_accy 94.35
2025-06-04 06:57:17,143 [icarl.py] => Task 6, Epoch 136/200 => Loss 2.009, Loss_clf 0.193, Loss_kd 1.813, Loss_kernel 0.002, Train_accy 94.20, Test_accy {'Art': 30.42, 'Clipart': 19.62, 'Real World': 44.47, 'Product': 70.25}
2025-06-04 06:57:34,208 [icarl.py] => Task 6, Epoch 137/200 => Loss 1.997, Loss_clf 0.197, Loss_kd 1.798, Loss_kernel 0.002, Train_accy 93.93
2025-06-04 06:57:51,208 [icarl.py] => Task 6, Epoch 138/200 => Loss 1.954, Loss_clf 0.169, Loss_kd 1.782, Loss_kernel 0.002, Train_accy 94.85
2025-06-04 06:58:08,604 [icarl.py] => Task 6, Epoch 139/200 => Loss 2.004, Loss_clf 0.184, Loss_kd 1.818, Loss_kernel 0.002, Train_accy 94.32
2025-06-04 06:58:25,862 [icarl.py] => Task 6, Epoch 140/200 => Loss 1.999, Loss_clf 0.194, Loss_kd 1.803, Loss_kernel 0.002, Train_accy 94.06
2025-06-04 06:58:54,563 [icarl.py] => Task 6, Epoch 141/200 => Loss 2.004, Loss_clf 0.192, Loss_kd 1.810, Loss_kernel 0.002, Train_accy 94.35, Test_accy {'Art': 33.08, 'Clipart': 18.35, 'Real World': 45.47, 'Product': 71.43}
2025-06-04 06:59:11,790 [icarl.py] => Task 6, Epoch 142/200 => Loss 1.969, Loss_clf 0.173, Loss_kd 1.794, Loss_kernel 0.002, Train_accy 95.25
2025-06-04 06:59:29,140 [icarl.py] => Task 6, Epoch 143/200 => Loss 1.980, Loss_clf 0.179, Loss_kd 1.798, Loss_kernel 0.002, Train_accy 94.20
2025-06-04 06:59:46,568 [icarl.py] => Task 6, Epoch 144/200 => Loss 1.960, Loss_clf 0.167, Loss_kd 1.791, Loss_kernel 0.002, Train_accy 94.73
2025-06-04 07:00:03,630 [icarl.py] => Task 6, Epoch 145/200 => Loss 1.982, Loss_clf 0.177, Loss_kd 1.803, Loss_kernel 0.002, Train_accy 94.65
2025-06-04 07:00:32,171 [icarl.py] => Task 6, Epoch 146/200 => Loss 1.982, Loss_clf 0.178, Loss_kd 1.803, Loss_kernel 0.002, Train_accy 94.47, Test_accy {'Art': 32.7, 'Clipart': 20.68, 'Real World': 45.07, 'Product': 72.21}
2025-06-04 07:00:48,806 [icarl.py] => Task 6, Epoch 147/200 => Loss 1.951, Loss_clf 0.168, Loss_kd 1.781, Loss_kernel 0.002, Train_accy 94.88
2025-06-04 07:01:06,000 [icarl.py] => Task 6, Epoch 148/200 => Loss 1.941, Loss_clf 0.157, Loss_kd 1.782, Loss_kernel 0.002, Train_accy 95.25
2025-06-04 07:01:23,388 [icarl.py] => Task 6, Epoch 149/200 => Loss 1.961, Loss_clf 0.163, Loss_kd 1.796, Loss_kernel 0.002, Train_accy 95.36
2025-06-04 07:01:39,725 [icarl.py] => Task 6, Epoch 150/200 => Loss 1.909, Loss_clf 0.152, Loss_kd 1.756, Loss_kernel 0.002, Train_accy 95.13
2025-06-04 07:02:08,176 [icarl.py] => Task 6, Epoch 151/200 => Loss 1.994, Loss_clf 0.182, Loss_kd 1.810, Loss_kernel 0.002, Train_accy 94.50, Test_accy {'Art': 34.22, 'Clipart': 18.99, 'Real World': 46.68, 'Product': 72.21}
2025-06-04 07:02:24,842 [icarl.py] => Task 6, Epoch 152/200 => Loss 1.979, Loss_clf 0.173, Loss_kd 1.804, Loss_kernel 0.002, Train_accy 94.48
2025-06-04 07:02:41,825 [icarl.py] => Task 6, Epoch 153/200 => Loss 1.943, Loss_clf 0.160, Loss_kd 1.781, Loss_kernel 0.002, Train_accy 95.97
2025-06-04 07:02:59,123 [icarl.py] => Task 6, Epoch 154/200 => Loss 1.939, Loss_clf 0.158, Loss_kd 1.778, Loss_kernel 0.002, Train_accy 95.81
2025-06-04 07:03:15,991 [icarl.py] => Task 6, Epoch 155/200 => Loss 1.934, Loss_clf 0.149, Loss_kd 1.783, Loss_kernel 0.002, Train_accy 95.64
2025-06-04 07:03:44,611 [icarl.py] => Task 6, Epoch 156/200 => Loss 1.961, Loss_clf 0.160, Loss_kd 1.798, Loss_kernel 0.002, Train_accy 95.19, Test_accy {'Art': 31.56, 'Clipart': 19.2, 'Real World': 44.67, 'Product': 72.21}
2025-06-04 07:04:01,475 [icarl.py] => Task 6, Epoch 157/200 => Loss 1.920, Loss_clf 0.142, Loss_kd 1.776, Loss_kernel 0.002, Train_accy 95.88
2025-06-04 07:04:18,400 [icarl.py] => Task 6, Epoch 158/200 => Loss 1.930, Loss_clf 0.151, Loss_kd 1.777, Loss_kernel 0.002, Train_accy 95.35
2025-06-04 07:04:34,630 [icarl.py] => Task 6, Epoch 159/200 => Loss 1.912, Loss_clf 0.141, Loss_kd 1.769, Loss_kernel 0.002, Train_accy 95.98
2025-06-04 07:04:51,900 [icarl.py] => Task 6, Epoch 160/200 => Loss 1.912, Loss_clf 0.143, Loss_kd 1.767, Loss_kernel 0.002, Train_accy 96.20
2025-06-04 07:05:20,697 [icarl.py] => Task 6, Epoch 161/200 => Loss 1.920, Loss_clf 0.143, Loss_kd 1.774, Loss_kernel 0.002, Train_accy 95.90, Test_accy {'Art': 32.7, 'Clipart': 19.83, 'Real World': 46.48, 'Product': 71.82}
2025-06-04 07:05:38,341 [icarl.py] => Task 6, Epoch 162/200 => Loss 1.904, Loss_clf 0.133, Loss_kd 1.769, Loss_kernel 0.002, Train_accy 96.19
2025-06-04 07:05:53,691 [icarl.py] => Task 6, Epoch 163/200 => Loss 1.913, Loss_clf 0.129, Loss_kd 1.782, Loss_kernel 0.002, Train_accy 96.47
2025-06-04 07:06:10,266 [icarl.py] => Task 6, Epoch 164/200 => Loss 1.901, Loss_clf 0.131, Loss_kd 1.767, Loss_kernel 0.002, Train_accy 96.01
2025-06-04 07:06:27,172 [icarl.py] => Task 6, Epoch 165/200 => Loss 1.899, Loss_clf 0.141, Loss_kd 1.756, Loss_kernel 0.002, Train_accy 95.62
2025-06-04 07:06:55,590 [icarl.py] => Task 6, Epoch 166/200 => Loss 1.887, Loss_clf 0.136, Loss_kd 1.749, Loss_kernel 0.002, Train_accy 96.02, Test_accy {'Art': 35.36, 'Clipart': 19.2, 'Real World': 46.48, 'Product': 71.43}
2025-06-04 07:07:12,229 [icarl.py] => Task 6, Epoch 167/200 => Loss 1.916, Loss_clf 0.141, Loss_kd 1.773, Loss_kernel 0.002, Train_accy 96.34
2025-06-04 07:07:29,239 [icarl.py] => Task 6, Epoch 168/200 => Loss 1.883, Loss_clf 0.124, Loss_kd 1.757, Loss_kernel 0.002, Train_accy 96.16
2025-06-04 07:07:46,000 [icarl.py] => Task 6, Epoch 169/200 => Loss 1.891, Loss_clf 0.131, Loss_kd 1.758, Loss_kernel 0.002, Train_accy 96.31
2025-06-04 07:08:02,317 [icarl.py] => Task 6, Epoch 170/200 => Loss 1.894, Loss_clf 0.141, Loss_kd 1.750, Loss_kernel 0.002, Train_accy 96.23
2025-06-04 07:08:31,195 [icarl.py] => Task 6, Epoch 171/200 => Loss 1.885, Loss_clf 0.126, Loss_kd 1.757, Loss_kernel 0.002, Train_accy 96.72, Test_accy {'Art': 33.84, 'Clipart': 19.62, 'Real World': 44.67, 'Product': 71.82}
2025-06-04 07:08:47,785 [icarl.py] => Task 6, Epoch 172/200 => Loss 1.924, Loss_clf 0.135, Loss_kd 1.787, Loss_kernel 0.002, Train_accy 96.06
2025-06-04 07:09:03,810 [icarl.py] => Task 6, Epoch 173/200 => Loss 1.877, Loss_clf 0.114, Loss_kd 1.761, Loss_kernel 0.002, Train_accy 96.98
2025-06-04 07:09:20,098 [icarl.py] => Task 6, Epoch 174/200 => Loss 1.909, Loss_clf 0.132, Loss_kd 1.774, Loss_kernel 0.002, Train_accy 96.14
2025-06-04 07:09:38,147 [icarl.py] => Task 6, Epoch 175/200 => Loss 1.913, Loss_clf 0.128, Loss_kd 1.784, Loss_kernel 0.002, Train_accy 96.54
2025-06-04 07:10:06,302 [icarl.py] => Task 6, Epoch 176/200 => Loss 1.917, Loss_clf 0.131, Loss_kd 1.783, Loss_kernel 0.002, Train_accy 95.84, Test_accy {'Art': 33.46, 'Clipart': 18.99, 'Real World': 44.67, 'Product': 72.21}
2025-06-04 07:10:22,404 [icarl.py] => Task 6, Epoch 177/200 => Loss 1.871, Loss_clf 0.123, Loss_kd 1.745, Loss_kernel 0.002, Train_accy 96.16
2025-06-04 07:10:39,872 [icarl.py] => Task 6, Epoch 178/200 => Loss 1.899, Loss_clf 0.128, Loss_kd 1.769, Loss_kernel 0.002, Train_accy 96.83
2025-06-04 07:10:57,111 [icarl.py] => Task 6, Epoch 179/200 => Loss 1.909, Loss_clf 0.137, Loss_kd 1.770, Loss_kernel 0.002, Train_accy 95.98
2025-06-04 07:11:13,927 [icarl.py] => Task 6, Epoch 180/200 => Loss 1.883, Loss_clf 0.114, Loss_kd 1.767, Loss_kernel 0.002, Train_accy 96.59
2025-06-04 07:11:41,925 [icarl.py] => Task 6, Epoch 181/200 => Loss 1.888, Loss_clf 0.115, Loss_kd 1.770, Loss_kernel 0.002, Train_accy 97.17, Test_accy {'Art': 32.7, 'Clipart': 19.62, 'Real World': 45.27, 'Product': 71.82}
2025-06-04 07:11:57,973 [icarl.py] => Task 6, Epoch 182/200 => Loss 1.842, Loss_clf 0.101, Loss_kd 1.739, Loss_kernel 0.002, Train_accy 97.40
2025-06-04 07:12:14,523 [icarl.py] => Task 6, Epoch 183/200 => Loss 1.880, Loss_clf 0.113, Loss_kd 1.765, Loss_kernel 0.002, Train_accy 96.98
2025-06-04 07:12:31,104 [icarl.py] => Task 6, Epoch 184/200 => Loss 1.877, Loss_clf 0.126, Loss_kd 1.750, Loss_kernel 0.002, Train_accy 96.61
2025-06-04 07:12:46,850 [icarl.py] => Task 6, Epoch 185/200 => Loss 1.893, Loss_clf 0.120, Loss_kd 1.770, Loss_kernel 0.002, Train_accy 96.75
2025-06-04 07:13:15,146 [icarl.py] => Task 6, Epoch 186/200 => Loss 1.888, Loss_clf 0.126, Loss_kd 1.761, Loss_kernel 0.002, Train_accy 96.53, Test_accy {'Art': 33.46, 'Clipart': 18.35, 'Real World': 44.06, 'Product': 72.21}
2025-06-04 07:13:31,584 [icarl.py] => Task 6, Epoch 187/200 => Loss 1.860, Loss_clf 0.107, Loss_kd 1.751, Loss_kernel 0.002, Train_accy 97.37
2025-06-04 07:13:47,356 [icarl.py] => Task 6, Epoch 188/200 => Loss 1.860, Loss_clf 0.101, Loss_kd 1.757, Loss_kernel 0.002, Train_accy 97.53
2025-06-04 07:14:03,691 [icarl.py] => Task 6, Epoch 189/200 => Loss 1.863, Loss_clf 0.101, Loss_kd 1.760, Loss_kernel 0.002, Train_accy 97.17
2025-06-04 07:14:20,221 [icarl.py] => Task 6, Epoch 190/200 => Loss 1.872, Loss_clf 0.107, Loss_kd 1.763, Loss_kernel 0.002, Train_accy 97.35
2025-06-04 07:14:48,452 [icarl.py] => Task 6, Epoch 191/200 => Loss 1.885, Loss_clf 0.120, Loss_kd 1.764, Loss_kernel 0.002, Train_accy 96.52, Test_accy {'Art': 32.7, 'Clipart': 19.2, 'Real World': 44.87, 'Product': 72.21}
2025-06-04 07:15:04,977 [icarl.py] => Task 6, Epoch 192/200 => Loss 1.875, Loss_clf 0.110, Loss_kd 1.763, Loss_kernel 0.002, Train_accy 97.18
2025-06-04 07:15:21,486 [icarl.py] => Task 6, Epoch 193/200 => Loss 1.857, Loss_clf 0.100, Loss_kd 1.756, Loss_kernel 0.002, Train_accy 97.58
2025-06-04 07:15:38,390 [icarl.py] => Task 6, Epoch 194/200 => Loss 1.875, Loss_clf 0.112, Loss_kd 1.761, Loss_kernel 0.002, Train_accy 97.07
2025-06-04 07:15:55,089 [icarl.py] => Task 6, Epoch 195/200 => Loss 1.861, Loss_clf 0.107, Loss_kd 1.752, Loss_kernel 0.002, Train_accy 97.04
2025-06-04 07:16:22,518 [icarl.py] => Task 6, Epoch 196/200 => Loss 1.865, Loss_clf 0.117, Loss_kd 1.747, Loss_kernel 0.002, Train_accy 96.65, Test_accy {'Art': 33.84, 'Clipart': 19.83, 'Real World': 45.07, 'Product': 72.21}
2025-06-04 07:16:39,335 [icarl.py] => Task 6, Epoch 197/200 => Loss 1.882, Loss_clf 0.115, Loss_kd 1.765, Loss_kernel 0.002, Train_accy 96.84
2025-06-04 07:16:55,932 [icarl.py] => Task 6, Epoch 198/200 => Loss 1.869, Loss_clf 0.114, Loss_kd 1.753, Loss_kernel 0.002, Train_accy 96.80
2025-06-04 07:17:12,111 [icarl.py] => Task 6, Epoch 199/200 => Loss 1.869, Loss_clf 0.106, Loss_kd 1.761, Loss_kernel 0.002, Train_accy 97.25
2025-06-04 07:17:28,104 [icarl.py] => Task 6, Epoch 200/200 => Loss 1.863, Loss_clf 0.110, Loss_kd 1.751, Loss_kernel 0.002, Train_accy 96.87
2025-06-04 07:17:28,106 [base.py] => Reducing exemplars...(37 per classes)
2025-06-04 07:17:51,742 [base.py] => Constructing exemplars...(37 per classes)
2025-06-04 07:18:28,105 [icarl.py] => Exemplar size: 1295
2025-06-04 07:18:29,276 [trainer.py] => CNN [Art]: {'total': 33.84, '00-04': 63.16, '05-09': 38.24, '10-14': 24.32, '15-19': 40.74, '20-24': 15.79, '25-29': 14.71, '30-34': 38.18, 'old': 32.69, 'new': 38.18}
2025-06-04 07:18:29,277 [trainer.py] => NME [Art]: {'total': 34.22, '00-04': 44.74, '05-09': 38.24, '10-14': 27.03, '15-19': 40.74, '20-24': 23.68, '25-29': 20.59, '30-34': 41.82, 'old': 32.21, 'new': 41.82}
2025-06-04 07:18:29,277 [trainer.py] => CNN [Art] top1 curve: [63.16, 47.22, 46.79, 45.59, 36.78, 34.62, 33.84]
2025-06-04 07:18:29,278 [trainer.py] => CNN [Art] top5 curve: [92.11, 77.78, 73.39, 70.59, 63.79, 61.06, 55.51]
2025-06-04 07:18:29,278 [trainer.py] => NME [Art] top1 curve: [63.16, 52.78, 53.21, 49.26, 41.95, 41.83, 34.22]
2025-06-04 07:18:29,278 [trainer.py] => NME [Art] top5 curve: [100.0, 84.72, 81.65, 73.53, 70.11, 64.42, 58.56]
2025-06-04 07:18:29,278 [trainer.py] => Average Accuracy [Art] (CNN): 44.0
2025-06-04 07:18:29,278 [trainer.py] => Average Accuracy [Art] (NME): 48.058571428571426
2025-06-04 07:18:29,278 [trainer.py] => CNN [Clipart]: {'total': 19.83, '00-04': 33.33, '05-09': 24.19, '10-14': 19.7, '15-19': 11.32, '20-24': 20.22, '25-29': 1.61, '30-34': 23.44, 'old': 19.27, 'new': 23.44}
2025-06-04 07:18:29,278 [trainer.py] => NME [Clipart]: {'total': 20.04, '00-04': 23.08, '05-09': 27.42, '10-14': 19.7, '15-19': 15.09, '20-24': 23.6, '25-29': 4.84, '30-34': 23.44, 'old': 19.51, 'new': 23.44}
2025-06-04 07:18:29,278 [trainer.py] => CNN [Clipart] top1 curve: [50.0, 40.0, 33.98, 28.57, 27.3, 22.44, 19.83]
2025-06-04 07:18:29,279 [trainer.py] => CNN [Clipart] top5 curve: [96.15, 74.29, 66.02, 55.98, 51.72, 45.85, 43.88]
2025-06-04 07:18:29,279 [trainer.py] => NME [Clipart] top1 curve: [52.56, 45.71, 34.47, 26.64, 25.29, 23.41, 20.04]
2025-06-04 07:18:29,279 [trainer.py] => NME [Clipart] top5 curve: [100.0, 80.71, 68.93, 61.78, 58.62, 52.2, 48.52]
2025-06-04 07:18:29,279 [trainer.py] => Average Accuracy [Clipart] (CNN): 31.731428571428573
2025-06-04 07:18:29,279 [trainer.py] => Average Accuracy [Clipart] (NME): 32.58857142857143
2025-06-04 07:18:29,279 [trainer.py] => CNN [Product]: {'total': 72.21, '00-04': 87.06, '05-09': 68.75, '10-14': 77.42, '15-19': 59.74, '20-24': 62.3, '25-29': 69.62, '30-34': 79.1, 'old': 71.17, 'new': 79.1}
2025-06-04 07:18:29,279 [trainer.py] => NME [Product]: {'total': 73.39, '00-04': 80.0, '05-09': 63.75, '10-14': 80.65, '15-19': 67.53, '20-24': 65.57, '25-29': 79.75, '30-34': 76.12, 'old': 72.97, 'new': 76.12}
2025-06-04 07:18:29,280 [trainer.py] => CNN [Product] top1 curve: [87.06, 78.79, 87.67, 80.92, 75.89, 75.23, 72.21]
2025-06-04 07:18:29,280 [trainer.py] => CNN [Product] top5 curve: [100.0, 98.79, 97.8, 95.72, 94.25, 92.57, 91.78]
2025-06-04 07:18:29,280 [trainer.py] => NME [Product] top1 curve: [89.41, 86.67, 90.31, 82.57, 78.08, 76.35, 73.39]
2025-06-04 07:18:29,280 [trainer.py] => NME [Product] top5 curve: [100.0, 99.39, 98.68, 96.71, 94.52, 94.37, 91.39]
2025-06-04 07:18:29,280 [trainer.py] => Average Accuracy [Product] (CNN): 79.68142857142857
2025-06-04 07:18:29,280 [trainer.py] => Average Accuracy [Product] (NME): 82.39714285714285
2025-06-04 07:18:29,280 [trainer.py] => CNN [Real World]: {'total': 44.87, '00-04': 60.27, '05-09': 48.53, '10-14': 41.67, '15-19': 38.81, '20-24': 21.54, '25-29': 42.86, '30-34': 57.33, 'old': 42.65, 'new': 57.33}
2025-06-04 07:18:29,280 [trainer.py] => NME [Real World]: {'total': 46.88, '00-04': 41.1, '05-09': 52.94, '10-14': 43.06, '15-19': 44.78, '20-24': 27.69, '25-29': 51.95, '30-34': 64.0, 'old': 43.84, 'new': 64.0}
2025-06-04 07:18:29,281 [trainer.py] => CNN [Real World] top1 curve: [73.97, 64.54, 58.69, 54.29, 45.8, 48.82, 44.87]
2025-06-04 07:18:29,281 [trainer.py] => CNN [Real World] top5 curve: [98.63, 90.78, 83.1, 80.0, 72.75, 75.12, 71.83]
2025-06-04 07:18:29,281 [trainer.py] => NME [Real World] top1 curve: [78.08, 70.92, 60.09, 54.29, 48.7, 48.82, 46.88]
2025-06-04 07:18:29,281 [trainer.py] => NME [Real World] top5 curve: [100.0, 96.45, 91.55, 86.79, 77.68, 80.57, 74.04]
2025-06-04 07:18:29,281 [trainer.py] => Average Accuracy [Real World] (CNN): 55.854285714285716
2025-06-04 07:18:29,281 [trainer.py] => Average Accuracy [Real World] (NME): 58.25428571428572
2025-06-04 07:18:29,281 [trainer.py] => NME Harmonic Mean : 28.8521
2025-06-04 07:18:29,281 [trainer.py] => NME Macro Mean : 43.6325
2025-06-04 07:18:29,281 [trainer.py] => CNN Harmonic Mean : 28.4468
2025-06-04 07:18:29,281 [trainer.py] => CNN Macro Mean : 42.6875
2025-06-04 07:18:29,283 [trainer.py] => All params: 21307757
2025-06-04 07:18:29,284 [trainer.py] => Trainable params: 21307757
2025-06-04 07:18:29,286 [icarl.py] => Learning on 35-40
2025-06-04 07:18:58,154 [icarl.py] => Task 7, Epoch 1/200 => Loss 4.848, Loss_clf 2.373, Loss_kd 2.470, Loss_kernel 0.005, Train_accy 41.48, Test_accy {'Art': 3.62, 'Clipart': 10.47, 'Real World': 7.01, 'Product': 11.27}
2025-06-04 07:19:14,285 [icarl.py] => Task 7, Epoch 2/200 => Loss 5.962, Loss_clf 2.914, Loss_kd 3.036, Loss_kernel 0.012, Train_accy 24.01
2025-06-04 07:19:30,421 [icarl.py] => Task 7, Epoch 3/200 => Loss 5.253, Loss_clf 2.420, Loss_kd 2.822, Loss_kernel 0.010, Train_accy 33.08
2025-06-04 07:19:46,562 [icarl.py] => Task 7, Epoch 4/200 => Loss 4.874, Loss_clf 2.174, Loss_kd 2.691, Loss_kernel 0.009, Train_accy 39.38
2025-06-04 07:20:02,713 [icarl.py] => Task 7, Epoch 5/200 => Loss 4.582, Loss_clf 1.988, Loss_kd 2.585, Loss_kernel 0.008, Train_accy 41.83
2025-06-04 07:20:32,048 [icarl.py] => Task 7, Epoch 6/200 => Loss 4.395, Loss_clf 1.846, Loss_kd 2.542, Loss_kernel 0.008, Train_accy 45.80, Test_accy {'Art': 19.08, 'Clipart': 16.07, 'Real World': 30.94, 'Product': 45.93}
2025-06-04 07:20:48,309 [icarl.py] => Task 7, Epoch 7/200 => Loss 4.081, Loss_clf 1.641, Loss_kd 2.432, Loss_kernel 0.008, Train_accy 50.33
2025-06-04 07:21:04,606 [icarl.py] => Task 7, Epoch 8/200 => Loss 4.029, Loss_clf 1.623, Loss_kd 2.399, Loss_kernel 0.008, Train_accy 51.64
2025-06-04 07:21:20,377 [icarl.py] => Task 7, Epoch 9/200 => Loss 4.031, Loss_clf 1.607, Loss_kd 2.418, Loss_kernel 0.007, Train_accy 52.62
2025-06-04 07:21:36,396 [icarl.py] => Task 7, Epoch 10/200 => Loss 3.703, Loss_clf 1.399, Loss_kd 2.298, Loss_kernel 0.006, Train_accy 57.24
2025-06-04 07:22:05,285 [icarl.py] => Task 7, Epoch 11/200 => Loss 3.578, Loss_clf 1.296, Loss_kd 2.276, Loss_kernel 0.007, Train_accy 61.38, Test_accy {'Art': 21.71, 'Clipart': 17.38, 'Real World': 31.12, 'Product': 51.65}
2025-06-04 07:22:21,855 [icarl.py] => Task 7, Epoch 12/200 => Loss 3.632, Loss_clf 1.342, Loss_kd 2.283, Loss_kernel 0.007, Train_accy 59.88
2025-06-04 07:22:37,916 [icarl.py] => Task 7, Epoch 13/200 => Loss 3.512, Loss_clf 1.245, Loss_kd 2.259, Loss_kernel 0.007, Train_accy 62.24
2025-06-04 07:22:54,071 [icarl.py] => Task 7, Epoch 14/200 => Loss 3.472, Loss_clf 1.231, Loss_kd 2.233, Loss_kernel 0.007, Train_accy 63.17
2025-06-04 07:23:10,124 [icarl.py] => Task 7, Epoch 15/200 => Loss 3.317, Loss_clf 1.122, Loss_kd 2.188, Loss_kernel 0.007, Train_accy 65.80
2025-06-04 07:23:39,235 [icarl.py] => Task 7, Epoch 16/200 => Loss 3.226, Loss_clf 1.044, Loss_kd 2.175, Loss_kernel 0.007, Train_accy 68.00, Test_accy {'Art': 25.0, 'Clipart': 18.32, 'Real World': 33.99, 'Product': 56.85}
2025-06-04 07:23:55,743 [icarl.py] => Task 7, Epoch 17/200 => Loss 3.155, Loss_clf 1.007, Loss_kd 2.141, Loss_kernel 0.007, Train_accy 69.27
2025-06-04 07:24:11,276 [icarl.py] => Task 7, Epoch 18/200 => Loss 3.109, Loss_clf 0.953, Loss_kd 2.149, Loss_kernel 0.007, Train_accy 71.15
2025-06-04 07:24:27,161 [icarl.py] => Task 7, Epoch 19/200 => Loss 3.212, Loss_clf 1.034, Loss_kd 2.171, Loss_kernel 0.007, Train_accy 68.12
2025-06-04 07:24:43,410 [icarl.py] => Task 7, Epoch 20/200 => Loss 3.240, Loss_clf 1.056, Loss_kd 2.177, Loss_kernel 0.007, Train_accy 68.09
2025-06-04 07:25:12,626 [icarl.py] => Task 7, Epoch 21/200 => Loss 3.097, Loss_clf 0.942, Loss_kd 2.148, Loss_kernel 0.007, Train_accy 70.70, Test_accy {'Art': 21.71, 'Clipart': 16.45, 'Real World': 31.47, 'Product': 56.33}
2025-06-04 07:25:28,982 [icarl.py] => Task 7, Epoch 22/200 => Loss 2.998, Loss_clf 0.868, Loss_kd 2.124, Loss_kernel 0.006, Train_accy 72.85
2025-06-04 07:25:44,910 [icarl.py] => Task 7, Epoch 23/200 => Loss 2.973, Loss_clf 0.866, Loss_kd 2.101, Loss_kernel 0.006, Train_accy 73.25
2025-06-04 07:26:00,994 [icarl.py] => Task 7, Epoch 24/200 => Loss 2.941, Loss_clf 0.839, Loss_kd 2.096, Loss_kernel 0.007, Train_accy 75.33
2025-06-04 07:26:17,109 [icarl.py] => Task 7, Epoch 25/200 => Loss 2.920, Loss_clf 0.827, Loss_kd 2.087, Loss_kernel 0.007, Train_accy 74.86
2025-06-04 07:26:45,887 [icarl.py] => Task 7, Epoch 26/200 => Loss 2.872, Loss_clf 0.786, Loss_kd 2.079, Loss_kernel 0.007, Train_accy 74.74, Test_accy {'Art': 20.39, 'Clipart': 19.07, 'Real World': 34.17, 'Product': 51.65}
2025-06-04 07:27:02,002 [icarl.py] => Task 7, Epoch 27/200 => Loss 2.883, Loss_clf 0.802, Loss_kd 2.074, Loss_kernel 0.007, Train_accy 74.71
2025-06-04 07:27:17,799 [icarl.py] => Task 7, Epoch 28/200 => Loss 2.793, Loss_clf 0.730, Loss_kd 2.057, Loss_kernel 0.006, Train_accy 77.98
2025-06-04 07:27:34,029 [icarl.py] => Task 7, Epoch 29/200 => Loss 2.756, Loss_clf 0.721, Loss_kd 2.029, Loss_kernel 0.006, Train_accy 76.70
2025-06-04 07:27:50,000 [icarl.py] => Task 7, Epoch 30/200 => Loss 2.772, Loss_clf 0.703, Loss_kd 2.063, Loss_kernel 0.006, Train_accy 78.31
2025-06-04 07:28:18,695 [icarl.py] => Task 7, Epoch 31/200 => Loss 2.728, Loss_clf 0.691, Loss_kd 2.031, Loss_kernel 0.006, Train_accy 78.82, Test_accy {'Art': 22.7, 'Clipart': 19.07, 'Real World': 37.77, 'Product': 56.33}
2025-06-04 07:28:34,810 [icarl.py] => Task 7, Epoch 32/200 => Loss 2.795, Loss_clf 0.722, Loss_kd 2.066, Loss_kernel 0.006, Train_accy 77.86
2025-06-04 07:28:50,357 [icarl.py] => Task 7, Epoch 33/200 => Loss 2.726, Loss_clf 0.703, Loss_kd 2.017, Loss_kernel 0.006, Train_accy 78.22
2025-06-04 07:29:06,613 [icarl.py] => Task 7, Epoch 34/200 => Loss 2.754, Loss_clf 0.710, Loss_kd 2.038, Loss_kernel 0.006, Train_accy 77.58
2025-06-04 07:29:22,939 [icarl.py] => Task 7, Epoch 35/200 => Loss 2.694, Loss_clf 0.679, Loss_kd 2.009, Loss_kernel 0.006, Train_accy 79.15
2025-06-04 07:29:52,622 [icarl.py] => Task 7, Epoch 36/200 => Loss 2.674, Loss_clf 0.656, Loss_kd 2.013, Loss_kernel 0.005, Train_accy 80.58, Test_accy {'Art': 21.38, 'Clipart': 17.76, 'Real World': 34.89, 'Product': 55.11}
2025-06-04 07:30:08,426 [icarl.py] => Task 7, Epoch 37/200 => Loss 2.551, Loss_clf 0.569, Loss_kd 1.977, Loss_kernel 0.006, Train_accy 81.04
2025-06-04 07:30:24,031 [icarl.py] => Task 7, Epoch 38/200 => Loss 2.533, Loss_clf 0.572, Loss_kd 1.956, Loss_kernel 0.005, Train_accy 82.62
2025-06-04 07:30:40,230 [icarl.py] => Task 7, Epoch 39/200 => Loss 2.663, Loss_clf 0.643, Loss_kd 2.014, Loss_kernel 0.006, Train_accy 79.73
2025-06-04 07:30:56,310 [icarl.py] => Task 7, Epoch 40/200 => Loss 2.627, Loss_clf 0.625, Loss_kd 1.997, Loss_kernel 0.005, Train_accy 79.96
2025-06-04 07:31:25,476 [icarl.py] => Task 7, Epoch 41/200 => Loss 2.602, Loss_clf 0.597, Loss_kd 2.000, Loss_kernel 0.005, Train_accy 80.89, Test_accy {'Art': 24.01, 'Clipart': 17.94, 'Real World': 39.03, 'Product': 57.54}
2025-06-04 07:31:41,440 [icarl.py] => Task 7, Epoch 42/200 => Loss 2.642, Loss_clf 0.613, Loss_kd 2.024, Loss_kernel 0.006, Train_accy 81.34
2025-06-04 07:31:57,359 [icarl.py] => Task 7, Epoch 43/200 => Loss 2.633, Loss_clf 0.615, Loss_kd 2.013, Loss_kernel 0.005, Train_accy 80.85
2025-06-04 07:32:13,519 [icarl.py] => Task 7, Epoch 44/200 => Loss 2.523, Loss_clf 0.548, Loss_kd 1.970, Loss_kernel 0.005, Train_accy 83.69
2025-06-04 07:32:29,930 [icarl.py] => Task 7, Epoch 45/200 => Loss 2.476, Loss_clf 0.516, Loss_kd 1.955, Loss_kernel 0.005, Train_accy 83.57
2025-06-04 07:32:58,925 [icarl.py] => Task 7, Epoch 46/200 => Loss 2.528, Loss_clf 0.562, Loss_kd 1.961, Loss_kernel 0.005, Train_accy 82.49, Test_accy {'Art': 27.3, 'Clipart': 18.32, 'Real World': 38.31, 'Product': 63.95}
2025-06-04 07:33:15,157 [icarl.py] => Task 7, Epoch 47/200 => Loss 2.437, Loss_clf 0.490, Loss_kd 1.943, Loss_kernel 0.005, Train_accy 84.36
2025-06-04 07:33:30,971 [icarl.py] => Task 7, Epoch 48/200 => Loss 2.445, Loss_clf 0.491, Loss_kd 1.949, Loss_kernel 0.005, Train_accy 84.38
2025-06-04 07:33:47,406 [icarl.py] => Task 7, Epoch 49/200 => Loss 2.433, Loss_clf 0.486, Loss_kd 1.942, Loss_kernel 0.005, Train_accy 84.28
2025-06-04 07:34:03,452 [icarl.py] => Task 7, Epoch 50/200 => Loss 2.445, Loss_clf 0.487, Loss_kd 1.953, Loss_kernel 0.004, Train_accy 85.02
2025-06-04 07:34:32,253 [icarl.py] => Task 7, Epoch 51/200 => Loss 2.435, Loss_clf 0.484, Loss_kd 1.946, Loss_kernel 0.005, Train_accy 85.28, Test_accy {'Art': 27.3, 'Clipart': 20.0, 'Real World': 39.75, 'Product': 64.12}
2025-06-04 07:34:48,545 [icarl.py] => Task 7, Epoch 52/200 => Loss 2.424, Loss_clf 0.490, Loss_kd 1.931, Loss_kernel 0.004, Train_accy 84.81
2025-06-04 07:35:04,730 [icarl.py] => Task 7, Epoch 53/200 => Loss 2.447, Loss_clf 0.506, Loss_kd 1.937, Loss_kernel 0.004, Train_accy 83.77
2025-06-04 07:35:20,997 [icarl.py] => Task 7, Epoch 54/200 => Loss 2.459, Loss_clf 0.505, Loss_kd 1.950, Loss_kernel 0.004, Train_accy 84.00
2025-06-04 07:35:37,248 [icarl.py] => Task 7, Epoch 55/200 => Loss 2.450, Loss_clf 0.492, Loss_kd 1.953, Loss_kernel 0.004, Train_accy 84.34
2025-06-04 07:36:06,480 [icarl.py] => Task 7, Epoch 56/200 => Loss 2.545, Loss_clf 0.551, Loss_kd 1.989, Loss_kernel 0.005, Train_accy 83.36, Test_accy {'Art': 25.99, 'Clipart': 19.07, 'Real World': 38.13, 'Product': 61.7}
2025-06-04 07:36:22,539 [icarl.py] => Task 7, Epoch 57/200 => Loss 2.428, Loss_clf 0.492, Loss_kd 1.932, Loss_kernel 0.004, Train_accy 85.17
2025-06-04 07:36:38,666 [icarl.py] => Task 7, Epoch 58/200 => Loss 2.463, Loss_clf 0.506, Loss_kd 1.952, Loss_kernel 0.004, Train_accy 83.95
2025-06-04 07:36:54,980 [icarl.py] => Task 7, Epoch 59/200 => Loss 2.463, Loss_clf 0.506, Loss_kd 1.953, Loss_kernel 0.004, Train_accy 84.60
2025-06-04 07:37:10,934 [icarl.py] => Task 7, Epoch 60/200 => Loss 2.434, Loss_clf 0.482, Loss_kd 1.948, Loss_kernel 0.004, Train_accy 85.26
2025-06-04 07:37:39,918 [icarl.py] => Task 7, Epoch 61/200 => Loss 2.468, Loss_clf 0.488, Loss_kd 1.976, Loss_kernel 0.004, Train_accy 85.72, Test_accy {'Art': 24.67, 'Clipart': 17.57, 'Real World': 37.59, 'Product': 60.83}
2025-06-04 07:37:55,563 [icarl.py] => Task 7, Epoch 62/200 => Loss 2.371, Loss_clf 0.451, Loss_kd 1.916, Loss_kernel 0.005, Train_accy 85.85
2025-06-04 07:38:11,642 [icarl.py] => Task 7, Epoch 63/200 => Loss 2.476, Loss_clf 0.529, Loss_kd 1.942, Loss_kernel 0.004, Train_accy 84.36
2025-06-04 07:38:28,002 [icarl.py] => Task 7, Epoch 64/200 => Loss 2.465, Loss_clf 0.507, Loss_kd 1.954, Loss_kernel 0.004, Train_accy 84.08
2025-06-04 07:38:43,981 [icarl.py] => Task 7, Epoch 65/200 => Loss 2.416, Loss_clf 0.473, Loss_kd 1.939, Loss_kernel 0.004, Train_accy 84.94
2025-06-04 07:39:13,355 [icarl.py] => Task 7, Epoch 66/200 => Loss 2.370, Loss_clf 0.462, Loss_kd 1.904, Loss_kernel 0.004, Train_accy 85.58, Test_accy {'Art': 22.7, 'Clipart': 16.07, 'Real World': 37.23, 'Product': 58.58}
2025-06-04 07:39:29,973 [icarl.py] => Task 7, Epoch 67/200 => Loss 2.406, Loss_clf 0.472, Loss_kd 1.931, Loss_kernel 0.004, Train_accy 85.70
2025-06-04 07:39:45,613 [icarl.py] => Task 7, Epoch 68/200 => Loss 2.346, Loss_clf 0.424, Loss_kd 1.918, Loss_kernel 0.004, Train_accy 87.21
2025-06-04 07:40:01,202 [icarl.py] => Task 7, Epoch 69/200 => Loss 2.393, Loss_clf 0.456, Loss_kd 1.933, Loss_kernel 0.004, Train_accy 85.73
2025-06-04 07:40:16,933 [icarl.py] => Task 7, Epoch 70/200 => Loss 2.433, Loss_clf 0.466, Loss_kd 1.962, Loss_kernel 0.004, Train_accy 86.40
2025-06-04 07:40:45,845 [icarl.py] => Task 7, Epoch 71/200 => Loss 2.409, Loss_clf 0.471, Loss_kd 1.934, Loss_kernel 0.004, Train_accy 85.54, Test_accy {'Art': 24.01, 'Clipart': 18.32, 'Real World': 40.11, 'Product': 57.19}
2025-06-04 07:41:01,392 [icarl.py] => Task 7, Epoch 72/200 => Loss 2.427, Loss_clf 0.474, Loss_kd 1.949, Loss_kernel 0.004, Train_accy 84.91
2025-06-04 07:41:17,463 [icarl.py] => Task 7, Epoch 73/200 => Loss 2.294, Loss_clf 0.401, Loss_kd 1.890, Loss_kernel 0.004, Train_accy 87.48
2025-06-04 07:41:33,141 [icarl.py] => Task 7, Epoch 74/200 => Loss 2.259, Loss_clf 0.371, Loss_kd 1.884, Loss_kernel 0.004, Train_accy 88.59
2025-06-04 07:41:49,289 [icarl.py] => Task 7, Epoch 75/200 => Loss 2.306, Loss_clf 0.405, Loss_kd 1.897, Loss_kernel 0.004, Train_accy 86.64
2025-06-04 07:42:18,177 [icarl.py] => Task 7, Epoch 76/200 => Loss 2.324, Loss_clf 0.419, Loss_kd 1.902, Loss_kernel 0.004, Train_accy 86.37, Test_accy {'Art': 25.66, 'Clipart': 17.2, 'Real World': 36.33, 'Product': 62.56}
2025-06-04 07:42:34,191 [icarl.py] => Task 7, Epoch 77/200 => Loss 2.292, Loss_clf 0.396, Loss_kd 1.892, Loss_kernel 0.004, Train_accy 87.85
2025-06-04 07:42:50,194 [icarl.py] => Task 7, Epoch 78/200 => Loss 2.261, Loss_clf 0.370, Loss_kd 1.888, Loss_kernel 0.003, Train_accy 88.27
2025-06-04 07:43:06,084 [icarl.py] => Task 7, Epoch 79/200 => Loss 2.286, Loss_clf 0.388, Loss_kd 1.895, Loss_kernel 0.003, Train_accy 87.60
2025-06-04 07:43:22,214 [icarl.py] => Task 7, Epoch 80/200 => Loss 2.273, Loss_clf 0.370, Loss_kd 1.899, Loss_kernel 0.004, Train_accy 89.10
2025-06-04 07:43:50,932 [icarl.py] => Task 7, Epoch 81/200 => Loss 2.273, Loss_clf 0.369, Loss_kd 1.901, Loss_kernel 0.003, Train_accy 88.41, Test_accy {'Art': 26.64, 'Clipart': 18.69, 'Real World': 39.93, 'Product': 61.7}
2025-06-04 07:44:07,190 [icarl.py] => Task 7, Epoch 82/200 => Loss 2.206, Loss_clf 0.343, Loss_kd 1.860, Loss_kernel 0.004, Train_accy 88.78
2025-06-04 07:44:23,155 [icarl.py] => Task 7, Epoch 83/200 => Loss 2.248, Loss_clf 0.355, Loss_kd 1.890, Loss_kernel 0.003, Train_accy 89.53
2025-06-04 07:44:39,233 [icarl.py] => Task 7, Epoch 84/200 => Loss 2.214, Loss_clf 0.335, Loss_kd 1.875, Loss_kernel 0.003, Train_accy 89.76
2025-06-04 07:44:55,216 [icarl.py] => Task 7, Epoch 85/200 => Loss 2.231, Loss_clf 0.341, Loss_kd 1.886, Loss_kernel 0.003, Train_accy 89.49
2025-06-04 07:45:23,976 [icarl.py] => Task 7, Epoch 86/200 => Loss 2.190, Loss_clf 0.325, Loss_kd 1.861, Loss_kernel 0.003, Train_accy 89.96, Test_accy {'Art': 25.99, 'Clipart': 17.57, 'Real World': 41.55, 'Product': 63.26}
2025-06-04 07:45:39,607 [icarl.py] => Task 7, Epoch 87/200 => Loss 2.209, Loss_clf 0.339, Loss_kd 1.867, Loss_kernel 0.003, Train_accy 89.34
2025-06-04 07:45:54,848 [icarl.py] => Task 7, Epoch 88/200 => Loss 2.178, Loss_clf 0.324, Loss_kd 1.851, Loss_kernel 0.003, Train_accy 90.03
2025-06-04 07:46:10,910 [icarl.py] => Task 7, Epoch 89/200 => Loss 2.210, Loss_clf 0.327, Loss_kd 1.880, Loss_kernel 0.003, Train_accy 89.84
2025-06-04 07:46:26,491 [icarl.py] => Task 7, Epoch 90/200 => Loss 2.253, Loss_clf 0.370, Loss_kd 1.880, Loss_kernel 0.003, Train_accy 88.73
2025-06-04 07:46:55,659 [icarl.py] => Task 7, Epoch 91/200 => Loss 2.243, Loss_clf 0.353, Loss_kd 1.886, Loss_kernel 0.003, Train_accy 88.78, Test_accy {'Art': 26.64, 'Clipart': 15.14, 'Real World': 35.43, 'Product': 59.1}
2025-06-04 07:47:11,772 [icarl.py] => Task 7, Epoch 92/200 => Loss 2.169, Loss_clf 0.316, Loss_kd 1.850, Loss_kernel 0.003, Train_accy 90.93
2025-06-04 07:47:27,945 [icarl.py] => Task 7, Epoch 93/200 => Loss 2.155, Loss_clf 0.294, Loss_kd 1.858, Loss_kernel 0.003, Train_accy 91.39
2025-06-04 07:47:44,032 [icarl.py] => Task 7, Epoch 94/200 => Loss 2.179, Loss_clf 0.316, Loss_kd 1.860, Loss_kernel 0.003, Train_accy 89.76
2025-06-04 07:47:59,393 [icarl.py] => Task 7, Epoch 95/200 => Loss 2.173, Loss_clf 0.302, Loss_kd 1.869, Loss_kernel 0.003, Train_accy 90.84
2025-06-04 07:48:28,318 [icarl.py] => Task 7, Epoch 96/200 => Loss 2.113, Loss_clf 0.276, Loss_kd 1.834, Loss_kernel 0.003, Train_accy 91.18, Test_accy {'Art': 26.64, 'Clipart': 17.57, 'Real World': 38.85, 'Product': 61.53}
2025-06-04 07:48:44,272 [icarl.py] => Task 7, Epoch 97/200 => Loss 2.144, Loss_clf 0.299, Loss_kd 1.842, Loss_kernel 0.003, Train_accy 91.21
2025-06-04 07:49:00,424 [icarl.py] => Task 7, Epoch 98/200 => Loss 2.131, Loss_clf 0.294, Loss_kd 1.835, Loss_kernel 0.003, Train_accy 90.59
2025-06-04 07:49:16,935 [icarl.py] => Task 7, Epoch 99/200 => Loss 2.097, Loss_clf 0.283, Loss_kd 1.811, Loss_kernel 0.003, Train_accy 91.62
2025-06-04 07:49:33,116 [icarl.py] => Task 7, Epoch 100/200 => Loss 2.104, Loss_clf 0.266, Loss_kd 1.835, Loss_kernel 0.003, Train_accy 92.27
2025-06-04 07:50:01,909 [icarl.py] => Task 7, Epoch 101/200 => Loss 2.103, Loss_clf 0.275, Loss_kd 1.826, Loss_kernel 0.003, Train_accy 91.76, Test_accy {'Art': 28.29, 'Clipart': 18.13, 'Real World': 38.49, 'Product': 63.08}
2025-06-04 07:50:18,032 [icarl.py] => Task 7, Epoch 102/200 => Loss 2.099, Loss_clf 0.262, Loss_kd 1.834, Loss_kernel 0.003, Train_accy 91.79
2025-06-04 07:50:34,044 [icarl.py] => Task 7, Epoch 103/200 => Loss 2.096, Loss_clf 0.261, Loss_kd 1.832, Loss_kernel 0.003, Train_accy 92.16
2025-06-04 07:50:50,133 [icarl.py] => Task 7, Epoch 104/200 => Loss 2.100, Loss_clf 0.281, Loss_kd 1.816, Loss_kernel 0.003, Train_accy 90.97
2025-06-04 07:51:05,882 [icarl.py] => Task 7, Epoch 105/200 => Loss 2.094, Loss_clf 0.258, Loss_kd 1.833, Loss_kernel 0.003, Train_accy 92.65
2025-06-04 07:51:33,977 [icarl.py] => Task 7, Epoch 106/200 => Loss 2.121, Loss_clf 0.272, Loss_kd 1.847, Loss_kernel 0.002, Train_accy 91.80, Test_accy {'Art': 27.63, 'Clipart': 17.94, 'Real World': 40.65, 'Product': 65.16}
2025-06-04 07:51:50,056 [icarl.py] => Task 7, Epoch 107/200 => Loss 2.065, Loss_clf 0.226, Loss_kd 1.836, Loss_kernel 0.002, Train_accy 92.87
2025-06-04 07:52:06,066 [icarl.py] => Task 7, Epoch 108/200 => Loss 2.034, Loss_clf 0.225, Loss_kd 1.807, Loss_kernel 0.002, Train_accy 93.45
2025-06-04 07:52:21,848 [icarl.py] => Task 7, Epoch 109/200 => Loss 2.102, Loss_clf 0.262, Loss_kd 1.838, Loss_kernel 0.002, Train_accy 92.25
2025-06-04 07:52:37,857 [icarl.py] => Task 7, Epoch 110/200 => Loss 2.009, Loss_clf 0.213, Loss_kd 1.794, Loss_kernel 0.002, Train_accy 93.21
2025-06-04 07:53:06,575 [icarl.py] => Task 7, Epoch 111/200 => Loss 2.061, Loss_clf 0.247, Loss_kd 1.812, Loss_kernel 0.003, Train_accy 92.83, Test_accy {'Art': 26.32, 'Clipart': 17.94, 'Real World': 41.73, 'Product': 62.91}
2025-06-04 07:53:22,546 [icarl.py] => Task 7, Epoch 112/200 => Loss 2.085, Loss_clf 0.263, Loss_kd 1.819, Loss_kernel 0.002, Train_accy 92.48
2025-06-04 07:53:37,961 [icarl.py] => Task 7, Epoch 113/200 => Loss 2.061, Loss_clf 0.239, Loss_kd 1.819, Loss_kernel 0.002, Train_accy 93.03
2025-06-04 07:53:53,746 [icarl.py] => Task 7, Epoch 114/200 => Loss 2.050, Loss_clf 0.238, Loss_kd 1.810, Loss_kernel 0.002, Train_accy 93.31
2025-06-04 07:54:09,558 [icarl.py] => Task 7, Epoch 115/200 => Loss 2.031, Loss_clf 0.219, Loss_kd 1.810, Loss_kernel 0.002, Train_accy 93.48
2025-06-04 07:54:37,979 [icarl.py] => Task 7, Epoch 116/200 => Loss 2.036, Loss_clf 0.224, Loss_kd 1.810, Loss_kernel 0.002, Train_accy 93.55, Test_accy {'Art': 25.66, 'Clipart': 18.88, 'Real World': 40.11, 'Product': 62.22}
2025-06-04 07:54:53,876 [icarl.py] => Task 7, Epoch 117/200 => Loss 2.055, Loss_clf 0.228, Loss_kd 1.824, Loss_kernel 0.002, Train_accy 92.95
2025-06-04 07:55:09,645 [icarl.py] => Task 7, Epoch 118/200 => Loss 2.030, Loss_clf 0.216, Loss_kd 1.811, Loss_kernel 0.002, Train_accy 94.05
2025-06-04 07:55:25,323 [icarl.py] => Task 7, Epoch 119/200 => Loss 1.999, Loss_clf 0.202, Loss_kd 1.794, Loss_kernel 0.002, Train_accy 94.31
2025-06-04 07:55:41,520 [icarl.py] => Task 7, Epoch 120/200 => Loss 2.021, Loss_clf 0.230, Loss_kd 1.789, Loss_kernel 0.002, Train_accy 93.16
2025-06-04 07:56:10,829 [icarl.py] => Task 7, Epoch 121/200 => Loss 2.037, Loss_clf 0.230, Loss_kd 1.805, Loss_kernel 0.002, Train_accy 93.18, Test_accy {'Art': 27.63, 'Clipart': 15.7, 'Real World': 42.45, 'Product': 64.82}
2025-06-04 07:56:26,261 [icarl.py] => Task 7, Epoch 122/200 => Loss 2.000, Loss_clf 0.204, Loss_kd 1.793, Loss_kernel 0.002, Train_accy 93.55
2025-06-04 07:56:41,641 [icarl.py] => Task 7, Epoch 123/200 => Loss 2.007, Loss_clf 0.211, Loss_kd 1.794, Loss_kernel 0.002, Train_accy 93.86
2025-06-04 07:56:57,614 [icarl.py] => Task 7, Epoch 124/200 => Loss 2.017, Loss_clf 0.202, Loss_kd 1.813, Loss_kernel 0.002, Train_accy 94.13
2025-06-04 07:57:13,589 [icarl.py] => Task 7, Epoch 125/200 => Loss 1.998, Loss_clf 0.205, Loss_kd 1.792, Loss_kernel 0.002, Train_accy 93.97
2025-06-04 07:57:42,543 [icarl.py] => Task 7, Epoch 126/200 => Loss 2.028, Loss_clf 0.210, Loss_kd 1.817, Loss_kernel 0.002, Train_accy 93.65, Test_accy {'Art': 24.34, 'Clipart': 18.32, 'Real World': 44.6, 'Product': 65.86}
2025-06-04 07:57:58,011 [icarl.py] => Task 7, Epoch 127/200 => Loss 1.975, Loss_clf 0.185, Loss_kd 1.788, Loss_kernel 0.002, Train_accy 94.67
2025-06-04 07:58:14,124 [icarl.py] => Task 7, Epoch 128/200 => Loss 2.018, Loss_clf 0.228, Loss_kd 1.788, Loss_kernel 0.002, Train_accy 93.29
2025-06-04 07:58:30,213 [icarl.py] => Task 7, Epoch 129/200 => Loss 1.972, Loss_clf 0.184, Loss_kd 1.786, Loss_kernel 0.002, Train_accy 94.57
2025-06-04 07:58:45,871 [icarl.py] => Task 7, Epoch 130/200 => Loss 1.957, Loss_clf 0.177, Loss_kd 1.778, Loss_kernel 0.002, Train_accy 94.99
2025-06-04 07:59:14,237 [icarl.py] => Task 7, Epoch 131/200 => Loss 1.958, Loss_clf 0.179, Loss_kd 1.777, Loss_kernel 0.002, Train_accy 94.98, Test_accy {'Art': 27.63, 'Clipart': 20.19, 'Real World': 42.63, 'Product': 64.47}
2025-06-04 07:59:29,803 [icarl.py] => Task 7, Epoch 132/200 => Loss 1.959, Loss_clf 0.182, Loss_kd 1.775, Loss_kernel 0.002, Train_accy 94.83
2025-06-04 07:59:45,716 [icarl.py] => Task 7, Epoch 133/200 => Loss 1.945, Loss_clf 0.173, Loss_kd 1.770, Loss_kernel 0.002, Train_accy 94.57
2025-06-04 08:00:00,987 [icarl.py] => Task 7, Epoch 134/200 => Loss 1.938, Loss_clf 0.172, Loss_kd 1.764, Loss_kernel 0.002, Train_accy 94.84
2025-06-04 08:00:16,013 [icarl.py] => Task 7, Epoch 135/200 => Loss 1.882, Loss_clf 0.131, Loss_kd 1.749, Loss_kernel 0.002, Train_accy 96.61
2025-06-04 08:00:44,961 [icarl.py] => Task 7, Epoch 136/200 => Loss 1.947, Loss_clf 0.167, Loss_kd 1.777, Loss_kernel 0.002, Train_accy 94.60, Test_accy {'Art': 25.66, 'Clipart': 20.19, 'Real World': 42.81, 'Product': 65.68}
2025-06-04 08:01:00,342 [icarl.py] => Task 7, Epoch 137/200 => Loss 1.935, Loss_clf 0.168, Loss_kd 1.765, Loss_kernel 0.002, Train_accy 95.21
2025-06-04 08:01:14,859 [icarl.py] => Task 7, Epoch 138/200 => Loss 1.938, Loss_clf 0.167, Loss_kd 1.770, Loss_kernel 0.002, Train_accy 95.13
2025-06-04 08:01:30,444 [icarl.py] => Task 7, Epoch 139/200 => Loss 1.955, Loss_clf 0.168, Loss_kd 1.785, Loss_kernel 0.002, Train_accy 95.40
2025-06-04 08:01:46,304 [icarl.py] => Task 7, Epoch 140/200 => Loss 1.966, Loss_clf 0.174, Loss_kd 1.791, Loss_kernel 0.002, Train_accy 94.75
2025-06-04 08:02:14,801 [icarl.py] => Task 7, Epoch 141/200 => Loss 1.918, Loss_clf 0.159, Loss_kd 1.757, Loss_kernel 0.002, Train_accy 95.31, Test_accy {'Art': 29.93, 'Clipart': 19.07, 'Real World': 41.01, 'Product': 66.55}
2025-06-04 08:02:29,862 [icarl.py] => Task 7, Epoch 142/200 => Loss 1.914, Loss_clf 0.157, Loss_kd 1.755, Loss_kernel 0.002, Train_accy 95.70
2025-06-04 08:02:45,197 [icarl.py] => Task 7, Epoch 143/200 => Loss 1.928, Loss_clf 0.146, Loss_kd 1.780, Loss_kernel 0.002, Train_accy 96.09
2025-06-04 08:03:01,197 [icarl.py] => Task 7, Epoch 144/200 => Loss 1.931, Loss_clf 0.160, Loss_kd 1.769, Loss_kernel 0.002, Train_accy 94.96
2025-06-04 08:03:16,794 [icarl.py] => Task 7, Epoch 145/200 => Loss 1.921, Loss_clf 0.155, Loss_kd 1.765, Loss_kernel 0.002, Train_accy 95.48
2025-06-04 08:03:44,548 [icarl.py] => Task 7, Epoch 146/200 => Loss 1.872, Loss_clf 0.137, Loss_kd 1.734, Loss_kernel 0.002, Train_accy 96.36, Test_accy {'Art': 27.3, 'Clipart': 18.69, 'Real World': 41.91, 'Product': 66.03}
2025-06-04 08:04:00,554 [icarl.py] => Task 7, Epoch 147/200 => Loss 1.904, Loss_clf 0.146, Loss_kd 1.756, Loss_kernel 0.002, Train_accy 95.77
2025-06-04 08:04:15,331 [icarl.py] => Task 7, Epoch 148/200 => Loss 1.917, Loss_clf 0.145, Loss_kd 1.771, Loss_kernel 0.002, Train_accy 95.79
2025-06-04 08:04:30,189 [icarl.py] => Task 7, Epoch 149/200 => Loss 1.920, Loss_clf 0.151, Loss_kd 1.767, Loss_kernel 0.002, Train_accy 95.37
2025-06-04 08:04:46,104 [icarl.py] => Task 7, Epoch 150/200 => Loss 1.894, Loss_clf 0.141, Loss_kd 1.751, Loss_kernel 0.002, Train_accy 96.05
2025-06-04 08:05:14,492 [icarl.py] => Task 7, Epoch 151/200 => Loss 1.879, Loss_clf 0.135, Loss_kd 1.743, Loss_kernel 0.002, Train_accy 96.16, Test_accy {'Art': 29.61, 'Clipart': 17.94, 'Real World': 42.81, 'Product': 67.24}
2025-06-04 08:05:29,724 [icarl.py] => Task 7, Epoch 152/200 => Loss 1.881, Loss_clf 0.134, Loss_kd 1.746, Loss_kernel 0.002, Train_accy 96.10
2025-06-04 08:05:45,375 [icarl.py] => Task 7, Epoch 153/200 => Loss 1.891, Loss_clf 0.137, Loss_kd 1.753, Loss_kernel 0.002, Train_accy 96.28
2025-06-04 08:06:00,496 [icarl.py] => Task 7, Epoch 154/200 => Loss 1.880, Loss_clf 0.133, Loss_kd 1.746, Loss_kernel 0.002, Train_accy 95.94
2025-06-04 08:06:15,347 [icarl.py] => Task 7, Epoch 155/200 => Loss 1.897, Loss_clf 0.124, Loss_kd 1.771, Loss_kernel 0.002, Train_accy 96.73
2025-06-04 08:06:43,677 [icarl.py] => Task 7, Epoch 156/200 => Loss 1.874, Loss_clf 0.124, Loss_kd 1.748, Loss_kernel 0.002, Train_accy 96.25, Test_accy {'Art': 27.96, 'Clipart': 19.63, 'Real World': 41.37, 'Product': 66.38}
2025-06-04 08:06:58,959 [icarl.py] => Task 7, Epoch 157/200 => Loss 1.880, Loss_clf 0.137, Loss_kd 1.742, Loss_kernel 0.002, Train_accy 96.04
2025-06-04 08:07:13,587 [icarl.py] => Task 7, Epoch 158/200 => Loss 1.864, Loss_clf 0.132, Loss_kd 1.731, Loss_kernel 0.002, Train_accy 96.58
2025-06-04 08:07:29,223 [icarl.py] => Task 7, Epoch 159/200 => Loss 1.902, Loss_clf 0.128, Loss_kd 1.773, Loss_kernel 0.002, Train_accy 96.21
2025-06-04 08:07:44,224 [icarl.py] => Task 7, Epoch 160/200 => Loss 1.871, Loss_clf 0.115, Loss_kd 1.754, Loss_kernel 0.002, Train_accy 96.62
2025-06-04 08:08:12,618 [icarl.py] => Task 7, Epoch 161/200 => Loss 1.869, Loss_clf 0.126, Loss_kd 1.742, Loss_kernel 0.002, Train_accy 96.55, Test_accy {'Art': 26.97, 'Clipart': 17.94, 'Real World': 42.09, 'Product': 65.34}
2025-06-04 08:08:28,031 [icarl.py] => Task 7, Epoch 162/200 => Loss 1.864, Loss_clf 0.123, Loss_kd 1.739, Loss_kernel 0.002, Train_accy 96.80
2025-06-04 08:08:41,997 [icarl.py] => Task 7, Epoch 163/200 => Loss 1.850, Loss_clf 0.107, Loss_kd 1.741, Loss_kernel 0.002, Train_accy 96.99
2025-06-04 08:08:57,265 [icarl.py] => Task 7, Epoch 164/200 => Loss 1.864, Loss_clf 0.122, Loss_kd 1.741, Loss_kernel 0.002, Train_accy 96.56
2025-06-04 08:09:11,964 [icarl.py] => Task 7, Epoch 165/200 => Loss 1.885, Loss_clf 0.120, Loss_kd 1.764, Loss_kernel 0.002, Train_accy 96.70
2025-06-04 08:09:40,900 [icarl.py] => Task 7, Epoch 166/200 => Loss 1.921, Loss_clf 0.135, Loss_kd 1.784, Loss_kernel 0.002, Train_accy 96.24, Test_accy {'Art': 26.64, 'Clipart': 19.63, 'Real World': 41.01, 'Product': 64.99}
2025-06-04 08:09:56,315 [icarl.py] => Task 7, Epoch 167/200 => Loss 1.864, Loss_clf 0.122, Loss_kd 1.741, Loss_kernel 0.002, Train_accy 96.58
2025-06-04 08:10:11,746 [icarl.py] => Task 7, Epoch 168/200 => Loss 1.880, Loss_clf 0.125, Loss_kd 1.753, Loss_kernel 0.002, Train_accy 96.43
2025-06-04 08:10:27,721 [icarl.py] => Task 7, Epoch 169/200 => Loss 1.880, Loss_clf 0.132, Loss_kd 1.746, Loss_kernel 0.002, Train_accy 96.25
2025-06-04 08:10:42,952 [icarl.py] => Task 7, Epoch 170/200 => Loss 1.818, Loss_clf 0.105, Loss_kd 1.712, Loss_kernel 0.002, Train_accy 97.34
2025-06-04 08:11:11,151 [icarl.py] => Task 7, Epoch 171/200 => Loss 1.816, Loss_clf 0.098, Loss_kd 1.716, Loss_kernel 0.002, Train_accy 97.31, Test_accy {'Art': 29.28, 'Clipart': 19.63, 'Real World': 41.37, 'Product': 65.16}
2025-06-04 08:11:27,030 [icarl.py] => Task 7, Epoch 172/200 => Loss 1.834, Loss_clf 0.106, Loss_kd 1.726, Loss_kernel 0.002, Train_accy 97.21
2025-06-04 08:11:40,703 [icarl.py] => Task 7, Epoch 173/200 => Loss 1.858, Loss_clf 0.108, Loss_kd 1.749, Loss_kernel 0.002, Train_accy 97.43
2025-06-04 08:11:55,595 [icarl.py] => Task 7, Epoch 174/200 => Loss 1.872, Loss_clf 0.117, Loss_kd 1.753, Loss_kernel 0.002, Train_accy 97.11
2025-06-04 08:12:11,033 [icarl.py] => Task 7, Epoch 175/200 => Loss 1.850, Loss_clf 0.119, Loss_kd 1.729, Loss_kernel 0.002, Train_accy 96.57
2025-06-04 08:12:39,687 [icarl.py] => Task 7, Epoch 176/200 => Loss 1.839, Loss_clf 0.111, Loss_kd 1.726, Loss_kernel 0.002, Train_accy 97.15, Test_accy {'Art': 27.63, 'Clipart': 19.44, 'Real World': 41.91, 'Product': 66.38}
2025-06-04 08:12:55,728 [icarl.py] => Task 7, Epoch 177/200 => Loss 1.852, Loss_clf 0.124, Loss_kd 1.726, Loss_kernel 0.002, Train_accy 96.62
2025-06-04 08:13:10,667 [icarl.py] => Task 7, Epoch 178/200 => Loss 1.874, Loss_clf 0.118, Loss_kd 1.755, Loss_kernel 0.002, Train_accy 96.75
2025-06-04 08:13:25,452 [icarl.py] => Task 7, Epoch 179/200 => Loss 1.814, Loss_clf 0.096, Loss_kd 1.717, Loss_kernel 0.002, Train_accy 97.69
2025-06-04 08:13:39,965 [icarl.py] => Task 7, Epoch 180/200 => Loss 1.878, Loss_clf 0.120, Loss_kd 1.757, Loss_kernel 0.002, Train_accy 97.04
2025-06-04 08:14:08,687 [icarl.py] => Task 7, Epoch 181/200 => Loss 1.866, Loss_clf 0.118, Loss_kd 1.746, Loss_kernel 0.002, Train_accy 96.43, Test_accy {'Art': 28.29, 'Clipart': 18.5, 'Real World': 41.91, 'Product': 64.64}
2025-06-04 08:14:22,497 [icarl.py] => Task 7, Epoch 182/200 => Loss 1.849, Loss_clf 0.097, Loss_kd 1.750, Loss_kernel 0.002, Train_accy 97.62
2025-06-04 08:14:36,681 [icarl.py] => Task 7, Epoch 183/200 => Loss 1.854, Loss_clf 0.109, Loss_kd 1.743, Loss_kernel 0.002, Train_accy 97.04
2025-06-04 08:14:51,082 [icarl.py] => Task 7, Epoch 184/200 => Loss 1.838, Loss_clf 0.113, Loss_kd 1.723, Loss_kernel 0.002, Train_accy 97.18
2025-06-04 08:15:06,201 [icarl.py] => Task 7, Epoch 185/200 => Loss 1.828, Loss_clf 0.101, Loss_kd 1.725, Loss_kernel 0.002, Train_accy 97.45
2025-06-04 08:15:34,582 [icarl.py] => Task 7, Epoch 186/200 => Loss 1.885, Loss_clf 0.122, Loss_kd 1.762, Loss_kernel 0.002, Train_accy 96.66, Test_accy {'Art': 29.93, 'Clipart': 19.07, 'Real World': 42.27, 'Product': 66.38}
2025-06-04 08:15:49,753 [icarl.py] => Task 7, Epoch 187/200 => Loss 1.865, Loss_clf 0.114, Loss_kd 1.750, Loss_kernel 0.002, Train_accy 96.85
2025-06-04 08:16:04,613 [icarl.py] => Task 7, Epoch 188/200 => Loss 1.803, Loss_clf 0.080, Loss_kd 1.721, Loss_kernel 0.002, Train_accy 97.88
2025-06-04 08:16:18,985 [icarl.py] => Task 7, Epoch 189/200 => Loss 1.829, Loss_clf 0.091, Loss_kd 1.736, Loss_kernel 0.002, Train_accy 98.06
2025-06-04 08:16:34,457 [icarl.py] => Task 7, Epoch 190/200 => Loss 1.826, Loss_clf 0.094, Loss_kd 1.730, Loss_kernel 0.002, Train_accy 97.64
2025-06-04 08:17:02,114 [icarl.py] => Task 7, Epoch 191/200 => Loss 1.820, Loss_clf 0.093, Loss_kd 1.726, Loss_kernel 0.002, Train_accy 97.43, Test_accy {'Art': 29.93, 'Clipart': 19.63, 'Real World': 42.09, 'Product': 65.34}
2025-06-04 08:17:16,879 [icarl.py] => Task 7, Epoch 192/200 => Loss 1.827, Loss_clf 0.102, Loss_kd 1.723, Loss_kernel 0.002, Train_accy 97.34
2025-06-04 08:17:32,291 [icarl.py] => Task 7, Epoch 193/200 => Loss 1.865, Loss_clf 0.117, Loss_kd 1.746, Loss_kernel 0.002, Train_accy 96.90
2025-06-04 08:17:46,949 [icarl.py] => Task 7, Epoch 194/200 => Loss 1.852, Loss_clf 0.116, Loss_kd 1.735, Loss_kernel 0.002, Train_accy 96.75
2025-06-04 08:18:01,425 [icarl.py] => Task 7, Epoch 195/200 => Loss 1.839, Loss_clf 0.091, Loss_kd 1.747, Loss_kernel 0.002, Train_accy 97.48
2025-06-04 08:18:29,401 [icarl.py] => Task 7, Epoch 196/200 => Loss 1.823, Loss_clf 0.084, Loss_kd 1.737, Loss_kernel 0.002, Train_accy 98.03, Test_accy {'Art': 30.26, 'Clipart': 18.88, 'Real World': 41.73, 'Product': 65.16}
2025-06-04 08:18:44,099 [icarl.py] => Task 7, Epoch 197/200 => Loss 1.847, Loss_clf 0.109, Loss_kd 1.737, Loss_kernel 0.002, Train_accy 96.94
2025-06-04 08:19:00,650 [icarl.py] => Task 7, Epoch 198/200 => Loss 1.838, Loss_clf 0.103, Loss_kd 1.734, Loss_kernel 0.002, Train_accy 97.49
2025-06-04 08:19:15,763 [icarl.py] => Task 7, Epoch 199/200 => Loss 1.830, Loss_clf 0.096, Loss_kd 1.733, Loss_kernel 0.002, Train_accy 97.48
2025-06-04 08:19:30,841 [icarl.py] => Task 7, Epoch 200/200 => Loss 1.855, Loss_clf 0.113, Loss_kd 1.740, Loss_kernel 0.002, Train_accy 97.09
2025-06-04 08:19:30,842 [base.py] => Reducing exemplars...(32 per classes)
2025-06-04 08:19:56,012 [base.py] => Constructing exemplars...(32 per classes)
2025-06-04 08:20:32,498 [icarl.py] => Exemplar size: 1280
2025-06-04 08:20:33,703 [trainer.py] => CNN [Art]: {'total': 29.93, '00-04': 55.26, '05-09': 32.35, '10-14': 24.32, '15-19': 33.33, '20-24': 18.42, '25-29': 11.76, '30-34': 30.91, '35-39': 31.71, 'old': 29.66, 'new': 31.71}
2025-06-04 08:20:33,703 [trainer.py] => NME [Art]: {'total': 30.59, '00-04': 39.47, '05-09': 26.47, '10-14': 24.32, '15-19': 37.04, '20-24': 18.42, '25-29': 23.53, '30-34': 36.36, '35-39': 36.59, 'old': 29.66, 'new': 36.59}
2025-06-04 08:20:33,703 [trainer.py] => CNN [Art] top1 curve: [63.16, 47.22, 46.79, 45.59, 36.78, 34.62, 33.84, 29.93]
2025-06-04 08:20:33,703 [trainer.py] => CNN [Art] top5 curve: [92.11, 77.78, 73.39, 70.59, 63.79, 61.06, 55.51, 54.61]
2025-06-04 08:20:33,703 [trainer.py] => NME [Art] top1 curve: [63.16, 52.78, 53.21, 49.26, 41.95, 41.83, 34.22, 30.59]
2025-06-04 08:20:33,704 [trainer.py] => NME [Art] top5 curve: [100.0, 84.72, 81.65, 73.53, 70.11, 64.42, 58.56, 56.25]
2025-06-04 08:20:33,704 [trainer.py] => Average Accuracy [Art] (CNN): 42.24125
2025-06-04 08:20:33,704 [trainer.py] => Average Accuracy [Art] (NME): 45.875
2025-06-04 08:20:33,704 [trainer.py] => CNN [Clipart]: {'total': 20.19, '00-04': 26.92, '05-09': 33.87, '10-14': 24.24, '15-19': 13.21, '20-24': 14.61, '25-29': 1.61, '30-34': 14.06, '35-39': 32.79, 'old': 18.57, 'new': 32.79}
2025-06-04 08:20:33,704 [trainer.py] => NME [Clipart]: {'total': 22.24, '00-04': 21.79, '05-09': 38.71, '10-14': 28.79, '15-19': 13.21, '20-24': 20.22, '25-29': 6.45, '30-34': 17.19, '35-39': 31.15, 'old': 21.1, 'new': 31.15}
2025-06-04 08:20:33,704 [trainer.py] => CNN [Clipart] top1 curve: [50.0, 40.0, 33.98, 28.57, 27.3, 22.44, 19.83, 20.19]
2025-06-04 08:20:33,704 [trainer.py] => CNN [Clipart] top5 curve: [96.15, 74.29, 66.02, 55.98, 51.72, 45.85, 43.88, 41.68]
2025-06-04 08:20:33,704 [trainer.py] => NME [Clipart] top1 curve: [52.56, 45.71, 34.47, 26.64, 25.29, 23.41, 20.04, 22.24]
2025-06-04 08:20:33,704 [trainer.py] => NME [Clipart] top5 curve: [100.0, 80.71, 68.93, 61.78, 58.62, 52.2, 48.52, 43.93]
2025-06-04 08:20:33,704 [trainer.py] => Average Accuracy [Clipart] (CNN): 30.28875
2025-06-04 08:20:33,704 [trainer.py] => Average Accuracy [Clipart] (NME): 31.295
2025-06-04 08:20:33,704 [trainer.py] => CNN [Product]: {'total': 65.16, '00-04': 80.0, '05-09': 62.5, '10-14': 79.03, '15-19': 62.34, '20-24': 55.74, '25-29': 58.23, '30-34': 50.75, '35-39': 71.21, 'old': 64.38, 'new': 71.21}
2025-06-04 08:20:33,704 [trainer.py] => NME [Product]: {'total': 67.76, '00-04': 76.47, '05-09': 60.0, '10-14': 82.26, '15-19': 62.34, '20-24': 55.74, '25-29': 67.09, '30-34': 59.7, '35-39': 78.79, 'old': 66.34, 'new': 78.79}
2025-06-04 08:20:33,704 [trainer.py] => CNN [Product] top1 curve: [87.06, 78.79, 87.67, 80.92, 75.89, 75.23, 72.21, 65.16]
2025-06-04 08:20:33,704 [trainer.py] => CNN [Product] top5 curve: [100.0, 98.79, 97.8, 95.72, 94.25, 92.57, 91.78, 87.0]
2025-06-04 08:20:33,704 [trainer.py] => NME [Product] top1 curve: [89.41, 86.67, 90.31, 82.57, 78.08, 76.35, 73.39, 67.76]
2025-06-04 08:20:33,704 [trainer.py] => NME [Product] top5 curve: [100.0, 99.39, 98.68, 96.71, 94.52, 94.37, 91.39, 89.43]
2025-06-04 08:20:33,704 [trainer.py] => Average Accuracy [Product] (CNN): 77.86625000000001
2025-06-04 08:20:33,704 [trainer.py] => Average Accuracy [Product] (NME): 80.5675
2025-06-04 08:20:33,705 [trainer.py] => CNN [Real World]: {'total': 42.99, '00-04': 50.68, '05-09': 57.35, '10-14': 38.89, '15-19': 40.3, '20-24': 12.31, '25-29': 37.66, '30-34': 52.0, '35-39': 54.24, 'old': 41.65, 'new': 54.24}
2025-06-04 08:20:33,705 [trainer.py] => NME [Real World]: {'total': 44.78, '00-04': 36.99, '05-09': 54.41, '10-14': 38.89, '15-19': 41.79, '20-24': 23.08, '25-29': 45.45, '30-34': 60.0, '35-39': 57.63, 'old': 43.26, 'new': 57.63}
2025-06-04 08:20:33,705 [trainer.py] => CNN [Real World] top1 curve: [73.97, 64.54, 58.69, 54.29, 45.8, 48.82, 44.87, 42.99]
2025-06-04 08:20:33,705 [trainer.py] => CNN [Real World] top5 curve: [98.63, 90.78, 83.1, 80.0, 72.75, 75.12, 71.83, 69.6]
2025-06-04 08:20:33,705 [trainer.py] => NME [Real World] top1 curve: [78.08, 70.92, 60.09, 54.29, 48.7, 48.82, 46.88, 44.78]
2025-06-04 08:20:33,705 [trainer.py] => NME [Real World] top5 curve: [100.0, 96.45, 91.55, 86.79, 77.68, 80.57, 74.04, 70.5]
2025-06-04 08:20:33,705 [trainer.py] => Average Accuracy [Real World] (CNN): 54.24625
2025-06-04 08:20:33,705 [trainer.py] => Average Accuracy [Real World] (NME): 56.57
2025-06-04 08:20:33,705 [trainer.py] => NME Harmonic Mean : 30.3380
2025-06-04 08:20:33,705 [trainer.py] => NME Macro Mean : 41.3425
2025-06-04 08:20:33,705 [trainer.py] => CNN Harmonic Mean : 28.0678
2025-06-04 08:20:33,705 [trainer.py] => CNN Macro Mean : 39.5675
2025-06-04 08:20:33,706 [trainer.py] => All params: 21310322
2025-06-04 08:20:33,706 [trainer.py] => Trainable params: 21310322
2025-06-04 08:20:33,707 [icarl.py] => Learning on 40-45
2025-06-04 08:21:03,855 [icarl.py] => Task 8, Epoch 1/200 => Loss 4.967, Loss_clf 2.401, Loss_kd 2.561, Loss_kernel 0.006, Train_accy 42.06, Test_accy {'Art': 5.56, 'Clipart': 5.99, 'Real World': 6.29, 'Product': 6.65}
2025-06-04 08:21:20,259 [icarl.py] => Task 8, Epoch 2/200 => Loss 6.281, Loss_clf 3.049, Loss_kd 3.218, Loss_kernel 0.014, Train_accy 22.58
2025-06-04 08:21:36,642 [icarl.py] => Task 8, Epoch 3/200 => Loss 5.585, Loss_clf 2.552, Loss_kd 3.022, Loss_kernel 0.012, Train_accy 30.55
2025-06-04 08:21:53,099 [icarl.py] => Task 8, Epoch 4/200 => Loss 4.948, Loss_clf 2.143, Loss_kd 2.795, Loss_kernel 0.010, Train_accy 39.26
2025-06-04 08:22:09,759 [icarl.py] => Task 8, Epoch 5/200 => Loss 4.631, Loss_clf 1.928, Loss_kd 2.694, Loss_kernel 0.009, Train_accy 44.16
2025-06-04 08:22:40,602 [icarl.py] => Task 8, Epoch 6/200 => Loss 4.508, Loss_clf 1.863, Loss_kd 2.637, Loss_kernel 0.008, Train_accy 45.32, Test_accy {'Art': 18.13, 'Clipart': 17.3, 'Real World': 26.94, 'Product': 42.35}
2025-06-04 08:22:57,378 [icarl.py] => Task 8, Epoch 7/200 => Loss 4.224, Loss_clf 1.663, Loss_kd 2.554, Loss_kernel 0.008, Train_accy 51.95
2025-06-04 08:23:14,294 [icarl.py] => Task 8, Epoch 8/200 => Loss 4.210, Loss_clf 1.659, Loss_kd 2.542, Loss_kernel 0.010, Train_accy 50.18
2025-06-04 08:23:30,670 [icarl.py] => Task 8, Epoch 9/200 => Loss 4.140, Loss_clf 1.618, Loss_kd 2.513, Loss_kernel 0.008, Train_accy 52.74
2025-06-04 08:23:47,341 [icarl.py] => Task 8, Epoch 10/200 => Loss 3.898, Loss_clf 1.450, Loss_kd 2.441, Loss_kernel 0.007, Train_accy 56.89
2025-06-04 08:24:18,288 [icarl.py] => Task 8, Epoch 11/200 => Loss 3.770, Loss_clf 1.366, Loss_kd 2.396, Loss_kernel 0.008, Train_accy 60.08, Test_accy {'Art': 13.45, 'Clipart': 10.65, 'Real World': 22.1, 'Product': 28.75}
2025-06-04 08:24:35,504 [icarl.py] => Task 8, Epoch 12/200 => Loss 3.731, Loss_clf 1.342, Loss_kd 2.381, Loss_kernel 0.008, Train_accy 59.94
2025-06-04 08:24:51,892 [icarl.py] => Task 8, Epoch 13/200 => Loss 3.596, Loss_clf 1.251, Loss_kd 2.338, Loss_kernel 0.007, Train_accy 62.51
2025-06-04 08:25:10,980 [icarl.py] => Task 8, Epoch 14/200 => Loss 3.479, Loss_clf 1.157, Loss_kd 2.314, Loss_kernel 0.008, Train_accy 64.53
2025-06-04 08:25:28,275 [icarl.py] => Task 8, Epoch 15/200 => Loss 3.399, Loss_clf 1.112, Loss_kd 2.279, Loss_kernel 0.007, Train_accy 66.96
2025-06-04 08:25:58,497 [icarl.py] => Task 8, Epoch 16/200 => Loss 3.374, Loss_clf 1.106, Loss_kd 2.261, Loss_kernel 0.007, Train_accy 67.33, Test_accy {'Art': 20.18, 'Clipart': 19.3, 'Real World': 31.29, 'Product': 51.0}
2025-06-04 08:26:15,164 [icarl.py] => Task 8, Epoch 17/200 => Loss 3.254, Loss_clf 0.999, Loss_kd 2.249, Loss_kernel 0.006, Train_accy 69.26
2025-06-04 08:26:32,073 [icarl.py] => Task 8, Epoch 18/200 => Loss 3.269, Loss_clf 1.010, Loss_kd 2.253, Loss_kernel 0.007, Train_accy 69.67
2025-06-04 08:26:48,347 [icarl.py] => Task 8, Epoch 19/200 => Loss 3.359, Loss_clf 1.071, Loss_kd 2.281, Loss_kernel 0.007, Train_accy 67.55
2025-06-04 08:27:04,731 [icarl.py] => Task 8, Epoch 20/200 => Loss 3.175, Loss_clf 0.954, Loss_kd 2.214, Loss_kernel 0.007, Train_accy 70.61
2025-06-04 08:27:36,356 [icarl.py] => Task 8, Epoch 21/200 => Loss 3.111, Loss_clf 0.891, Loss_kd 2.213, Loss_kernel 0.007, Train_accy 72.11, Test_accy {'Art': 19.88, 'Clipart': 16.97, 'Real World': 32.1, 'Product': 48.07}
2025-06-04 08:27:53,441 [icarl.py] => Task 8, Epoch 22/200 => Loss 3.102, Loss_clf 0.891, Loss_kd 2.205, Loss_kernel 0.007, Train_accy 72.34
2025-06-04 08:28:09,844 [icarl.py] => Task 8, Epoch 23/200 => Loss 2.920, Loss_clf 0.764, Loss_kd 2.148, Loss_kernel 0.007, Train_accy 75.63
2025-06-04 08:28:26,492 [icarl.py] => Task 8, Epoch 24/200 => Loss 2.986, Loss_clf 0.818, Loss_kd 2.161, Loss_kernel 0.007, Train_accy 75.81
2025-06-04 08:28:43,245 [icarl.py] => Task 8, Epoch 25/200 => Loss 2.837, Loss_clf 0.714, Loss_kd 2.118, Loss_kernel 0.006, Train_accy 77.51
2025-06-04 08:29:14,629 [icarl.py] => Task 8, Epoch 26/200 => Loss 2.842, Loss_clf 0.724, Loss_kd 2.111, Loss_kernel 0.006, Train_accy 77.23, Test_accy {'Art': 20.76, 'Clipart': 15.81, 'Real World': 34.84, 'Product': 57.96}
2025-06-04 08:29:31,305 [icarl.py] => Task 8, Epoch 27/200 => Loss 2.891, Loss_clf 0.747, Loss_kd 2.139, Loss_kernel 0.006, Train_accy 76.86
2025-06-04 08:29:47,586 [icarl.py] => Task 8, Epoch 28/200 => Loss 2.917, Loss_clf 0.758, Loss_kd 2.153, Loss_kernel 0.007, Train_accy 77.03
2025-06-04 08:30:03,721 [icarl.py] => Task 8, Epoch 29/200 => Loss 2.927, Loss_clf 0.766, Loss_kd 2.154, Loss_kernel 0.007, Train_accy 75.50
2025-06-04 08:30:20,254 [icarl.py] => Task 8, Epoch 30/200 => Loss 2.830, Loss_clf 0.708, Loss_kd 2.116, Loss_kernel 0.006, Train_accy 78.85
2025-06-04 08:30:51,043 [icarl.py] => Task 8, Epoch 31/200 => Loss 2.786, Loss_clf 0.684, Loss_kd 2.096, Loss_kernel 0.006, Train_accy 78.96, Test_accy {'Art': 20.47, 'Clipart': 16.97, 'Real World': 32.1, 'Product': 51.62}
2025-06-04 08:31:07,637 [icarl.py] => Task 8, Epoch 32/200 => Loss 2.799, Loss_clf 0.697, Loss_kd 2.096, Loss_kernel 0.006, Train_accy 77.95
2025-06-04 08:31:24,060 [icarl.py] => Task 8, Epoch 33/200 => Loss 2.834, Loss_clf 0.705, Loss_kd 2.123, Loss_kernel 0.006, Train_accy 78.18
2025-06-04 08:31:40,222 [icarl.py] => Task 8, Epoch 34/200 => Loss 2.783, Loss_clf 0.683, Loss_kd 2.094, Loss_kernel 0.006, Train_accy 78.54
2025-06-04 08:31:56,727 [icarl.py] => Task 8, Epoch 35/200 => Loss 2.783, Loss_clf 0.658, Loss_kd 2.119, Loss_kernel 0.006, Train_accy 79.52
2025-06-04 08:32:27,465 [icarl.py] => Task 8, Epoch 36/200 => Loss 2.800, Loss_clf 0.681, Loss_kd 2.113, Loss_kernel 0.006, Train_accy 79.21, Test_accy {'Art': 21.05, 'Clipart': 17.3, 'Real World': 34.68, 'Product': 49.61}
2025-06-04 08:32:44,191 [icarl.py] => Task 8, Epoch 37/200 => Loss 2.718, Loss_clf 0.638, Loss_kd 2.074, Loss_kernel 0.006, Train_accy 80.96
2025-06-04 08:33:00,485 [icarl.py] => Task 8, Epoch 38/200 => Loss 2.745, Loss_clf 0.659, Loss_kd 2.080, Loss_kernel 0.006, Train_accy 78.76
2025-06-04 08:33:16,680 [icarl.py] => Task 8, Epoch 39/200 => Loss 2.649, Loss_clf 0.580, Loss_kd 2.064, Loss_kernel 0.005, Train_accy 82.55
2025-06-04 08:33:34,672 [icarl.py] => Task 8, Epoch 40/200 => Loss 2.676, Loss_clf 0.583, Loss_kd 2.087, Loss_kernel 0.006, Train_accy 82.80
2025-06-04 08:34:06,227 [icarl.py] => Task 8, Epoch 41/200 => Loss 2.705, Loss_clf 0.607, Loss_kd 2.092, Loss_kernel 0.006, Train_accy 81.25, Test_accy {'Art': 20.76, 'Clipart': 15.14, 'Real World': 32.9, 'Product': 45.6}
2025-06-04 08:34:23,181 [icarl.py] => Task 8, Epoch 42/200 => Loss 2.648, Loss_clf 0.566, Loss_kd 2.076, Loss_kernel 0.006, Train_accy 82.60
2025-06-04 08:34:40,010 [icarl.py] => Task 8, Epoch 43/200 => Loss 2.687, Loss_clf 0.616, Loss_kd 2.066, Loss_kernel 0.005, Train_accy 81.12
2025-06-04 08:34:56,776 [icarl.py] => Task 8, Epoch 44/200 => Loss 2.603, Loss_clf 0.562, Loss_kd 2.037, Loss_kernel 0.005, Train_accy 83.00
2025-06-04 08:35:13,330 [icarl.py] => Task 8, Epoch 45/200 => Loss 2.662, Loss_clf 0.587, Loss_kd 2.069, Loss_kernel 0.006, Train_accy 81.91
2025-06-04 08:35:44,272 [icarl.py] => Task 8, Epoch 46/200 => Loss 2.642, Loss_clf 0.568, Loss_kd 2.068, Loss_kernel 0.005, Train_accy 82.27, Test_accy {'Art': 21.35, 'Clipart': 13.98, 'Real World': 32.9, 'Product': 48.84}
2025-06-04 08:36:01,312 [icarl.py] => Task 8, Epoch 47/200 => Loss 2.710, Loss_clf 0.609, Loss_kd 2.096, Loss_kernel 0.005, Train_accy 81.65
2025-06-04 08:36:18,462 [icarl.py] => Task 8, Epoch 48/200 => Loss 2.648, Loss_clf 0.585, Loss_kd 2.058, Loss_kernel 0.006, Train_accy 82.25
2025-06-04 08:36:35,110 [icarl.py] => Task 8, Epoch 49/200 => Loss 2.626, Loss_clf 0.567, Loss_kd 2.054, Loss_kernel 0.005, Train_accy 82.42
2025-06-04 08:36:51,616 [icarl.py] => Task 8, Epoch 50/200 => Loss 2.614, Loss_clf 0.574, Loss_kd 2.036, Loss_kernel 0.005, Train_accy 82.65
2025-06-04 08:37:22,669 [icarl.py] => Task 8, Epoch 51/200 => Loss 2.594, Loss_clf 0.549, Loss_kd 2.040, Loss_kernel 0.005, Train_accy 83.15, Test_accy {'Art': 21.64, 'Clipart': 17.64, 'Real World': 35.65, 'Product': 56.72}
2025-06-04 08:37:39,526 [icarl.py] => Task 8, Epoch 52/200 => Loss 2.623, Loss_clf 0.563, Loss_kd 2.054, Loss_kernel 0.005, Train_accy 83.06
2025-06-04 08:37:56,672 [icarl.py] => Task 8, Epoch 53/200 => Loss 2.593, Loss_clf 0.530, Loss_kd 2.058, Loss_kernel 0.005, Train_accy 84.01
2025-06-04 08:38:13,305 [icarl.py] => Task 8, Epoch 54/200 => Loss 2.554, Loss_clf 0.508, Loss_kd 2.041, Loss_kernel 0.005, Train_accy 84.12
2025-06-04 08:38:30,105 [icarl.py] => Task 8, Epoch 55/200 => Loss 2.483, Loss_clf 0.460, Loss_kd 2.019, Loss_kernel 0.005, Train_accy 85.69
2025-06-04 08:39:00,990 [icarl.py] => Task 8, Epoch 56/200 => Loss 2.525, Loss_clf 0.498, Loss_kd 2.023, Loss_kernel 0.005, Train_accy 84.31, Test_accy {'Art': 24.27, 'Clipart': 19.63, 'Real World': 36.61, 'Product': 55.95}
2025-06-04 08:39:17,549 [icarl.py] => Task 8, Epoch 57/200 => Loss 2.515, Loss_clf 0.484, Loss_kd 2.027, Loss_kernel 0.005, Train_accy 83.78
2025-06-04 08:39:34,313 [icarl.py] => Task 8, Epoch 58/200 => Loss 2.513, Loss_clf 0.493, Loss_kd 2.015, Loss_kernel 0.005, Train_accy 84.91
2025-06-04 08:39:51,355 [icarl.py] => Task 8, Epoch 59/200 => Loss 2.548, Loss_clf 0.513, Loss_kd 2.031, Loss_kernel 0.005, Train_accy 84.51
2025-06-04 08:40:08,106 [icarl.py] => Task 8, Epoch 60/200 => Loss 2.558, Loss_clf 0.513, Loss_kd 2.040, Loss_kernel 0.004, Train_accy 84.45
2025-06-04 08:40:38,962 [icarl.py] => Task 8, Epoch 61/200 => Loss 2.522, Loss_clf 0.485, Loss_kd 2.032, Loss_kernel 0.005, Train_accy 85.74, Test_accy {'Art': 20.18, 'Clipart': 18.3, 'Real World': 38.23, 'Product': 58.27}
2025-06-04 08:40:56,085 [icarl.py] => Task 8, Epoch 62/200 => Loss 2.447, Loss_clf 0.443, Loss_kd 2.000, Loss_kernel 0.005, Train_accy 85.55
2025-06-04 08:41:12,949 [icarl.py] => Task 8, Epoch 63/200 => Loss 2.439, Loss_clf 0.445, Loss_kd 1.990, Loss_kernel 0.004, Train_accy 85.84
2025-06-04 08:41:29,908 [icarl.py] => Task 8, Epoch 64/200 => Loss 2.445, Loss_clf 0.444, Loss_kd 1.997, Loss_kernel 0.004, Train_accy 85.72
2025-06-04 08:41:47,265 [icarl.py] => Task 8, Epoch 65/200 => Loss 2.409, Loss_clf 0.413, Loss_kd 1.992, Loss_kernel 0.004, Train_accy 86.06
2025-06-04 08:42:18,577 [icarl.py] => Task 8, Epoch 66/200 => Loss 2.492, Loss_clf 0.463, Loss_kd 2.025, Loss_kernel 0.005, Train_accy 86.21, Test_accy {'Art': 23.39, 'Clipart': 18.3, 'Real World': 37.26, 'Product': 57.65}
2025-06-04 08:42:35,757 [icarl.py] => Task 8, Epoch 67/200 => Loss 2.459, Loss_clf 0.436, Loss_kd 2.019, Loss_kernel 0.004, Train_accy 86.86
2025-06-04 08:42:52,573 [icarl.py] => Task 8, Epoch 68/200 => Loss 2.508, Loss_clf 0.470, Loss_kd 2.033, Loss_kernel 0.004, Train_accy 86.13
2025-06-04 08:43:09,429 [icarl.py] => Task 8, Epoch 69/200 => Loss 2.476, Loss_clf 0.473, Loss_kd 1.998, Loss_kernel 0.004, Train_accy 85.37
2025-06-04 08:43:26,667 [icarl.py] => Task 8, Epoch 70/200 => Loss 2.435, Loss_clf 0.427, Loss_kd 2.003, Loss_kernel 0.004, Train_accy 86.50
2025-06-04 08:43:57,300 [icarl.py] => Task 8, Epoch 71/200 => Loss 2.400, Loss_clf 0.404, Loss_kd 1.991, Loss_kernel 0.004, Train_accy 86.88, Test_accy {'Art': 21.05, 'Clipart': 17.8, 'Real World': 35.65, 'Product': 56.41}
2025-06-04 08:44:14,385 [icarl.py] => Task 8, Epoch 72/200 => Loss 2.375, Loss_clf 0.426, Loss_kd 1.945, Loss_kernel 0.004, Train_accy 86.67
2025-06-04 08:44:31,590 [icarl.py] => Task 8, Epoch 73/200 => Loss 2.430, Loss_clf 0.427, Loss_kd 1.999, Loss_kernel 0.004, Train_accy 87.45
2025-06-04 08:44:49,020 [icarl.py] => Task 8, Epoch 74/200 => Loss 2.398, Loss_clf 0.413, Loss_kd 1.982, Loss_kernel 0.004, Train_accy 87.56
2025-06-04 08:45:06,516 [icarl.py] => Task 8, Epoch 75/200 => Loss 2.374, Loss_clf 0.391, Loss_kd 1.979, Loss_kernel 0.004, Train_accy 87.97
2025-06-04 08:45:38,450 [icarl.py] => Task 8, Epoch 76/200 => Loss 2.361, Loss_clf 0.380, Loss_kd 1.978, Loss_kernel 0.004, Train_accy 88.67, Test_accy {'Art': 23.68, 'Clipart': 18.3, 'Real World': 37.74, 'Product': 56.11}
2025-06-04 08:45:55,821 [icarl.py] => Task 8, Epoch 77/200 => Loss 2.414, Loss_clf 0.414, Loss_kd 1.997, Loss_kernel 0.004, Train_accy 87.56
2025-06-04 08:46:12,265 [icarl.py] => Task 8, Epoch 78/200 => Loss 2.400, Loss_clf 0.421, Loss_kd 1.975, Loss_kernel 0.004, Train_accy 87.25
2025-06-04 08:46:29,571 [icarl.py] => Task 8, Epoch 79/200 => Loss 2.417, Loss_clf 0.415, Loss_kd 1.999, Loss_kernel 0.004, Train_accy 88.11
2025-06-04 08:46:46,710 [icarl.py] => Task 8, Epoch 80/200 => Loss 2.369, Loss_clf 0.395, Loss_kd 1.970, Loss_kernel 0.004, Train_accy 87.62
2025-06-04 08:47:17,676 [icarl.py] => Task 8, Epoch 81/200 => Loss 2.374, Loss_clf 0.401, Loss_kd 1.969, Loss_kernel 0.004, Train_accy 87.58, Test_accy {'Art': 22.22, 'Clipart': 17.64, 'Real World': 38.23, 'Product': 59.35}
2025-06-04 08:47:34,831 [icarl.py] => Task 8, Epoch 82/200 => Loss 2.408, Loss_clf 0.403, Loss_kd 2.001, Loss_kernel 0.004, Train_accy 87.79
2025-06-04 08:47:51,187 [icarl.py] => Task 8, Epoch 83/200 => Loss 2.355, Loss_clf 0.389, Loss_kd 1.963, Loss_kernel 0.004, Train_accy 87.61
2025-06-04 08:48:07,934 [icarl.py] => Task 8, Epoch 84/200 => Loss 2.303, Loss_clf 0.366, Loss_kd 1.933, Loss_kernel 0.004, Train_accy 88.47
2025-06-04 08:48:24,888 [icarl.py] => Task 8, Epoch 85/200 => Loss 2.348, Loss_clf 0.383, Loss_kd 1.961, Loss_kernel 0.004, Train_accy 88.74
2025-06-04 08:48:56,164 [icarl.py] => Task 8, Epoch 86/200 => Loss 2.314, Loss_clf 0.347, Loss_kd 1.964, Loss_kernel 0.003, Train_accy 89.36, Test_accy {'Art': 26.02, 'Clipart': 15.81, 'Real World': 40.32, 'Product': 59.04}
2025-06-04 08:49:12,772 [icarl.py] => Task 8, Epoch 87/200 => Loss 2.300, Loss_clf 0.358, Loss_kd 1.938, Loss_kernel 0.003, Train_accy 89.07
2025-06-04 08:49:29,855 [icarl.py] => Task 8, Epoch 88/200 => Loss 2.321, Loss_clf 0.361, Loss_kd 1.956, Loss_kernel 0.004, Train_accy 88.75
2025-06-04 08:49:46,871 [icarl.py] => Task 8, Epoch 89/200 => Loss 2.315, Loss_clf 0.366, Loss_kd 1.945, Loss_kernel 0.004, Train_accy 88.78
2025-06-04 08:50:03,226 [icarl.py] => Task 8, Epoch 90/200 => Loss 2.268, Loss_clf 0.328, Loss_kd 1.936, Loss_kernel 0.004, Train_accy 90.04
2025-06-04 08:50:34,339 [icarl.py] => Task 8, Epoch 91/200 => Loss 2.273, Loss_clf 0.320, Loss_kd 1.949, Loss_kernel 0.003, Train_accy 90.24, Test_accy {'Art': 25.15, 'Clipart': 16.81, 'Real World': 38.39, 'Product': 58.58}
2025-06-04 08:50:50,869 [icarl.py] => Task 8, Epoch 92/200 => Loss 2.263, Loss_clf 0.302, Loss_kd 1.958, Loss_kernel 0.003, Train_accy 90.88
2025-06-04 08:51:07,977 [icarl.py] => Task 8, Epoch 93/200 => Loss 2.269, Loss_clf 0.332, Loss_kd 1.935, Loss_kernel 0.003, Train_accy 89.80
2025-06-04 08:51:23,935 [icarl.py] => Task 8, Epoch 94/200 => Loss 2.277, Loss_clf 0.338, Loss_kd 1.936, Loss_kernel 0.003, Train_accy 89.61
2025-06-04 08:51:40,754 [icarl.py] => Task 8, Epoch 95/200 => Loss 2.234, Loss_clf 0.300, Loss_kd 1.930, Loss_kernel 0.003, Train_accy 91.25
2025-06-04 08:52:12,078 [icarl.py] => Task 8, Epoch 96/200 => Loss 2.231, Loss_clf 0.312, Loss_kd 1.916, Loss_kernel 0.003, Train_accy 90.57, Test_accy {'Art': 23.39, 'Clipart': 17.64, 'Real World': 38.39, 'Product': 59.51}
2025-06-04 08:52:28,816 [icarl.py] => Task 8, Epoch 97/200 => Loss 2.193, Loss_clf 0.281, Loss_kd 1.909, Loss_kernel 0.003, Train_accy 91.60
2025-06-04 08:52:45,543 [icarl.py] => Task 8, Epoch 98/200 => Loss 2.206, Loss_clf 0.290, Loss_kd 1.912, Loss_kernel 0.003, Train_accy 91.09
2025-06-04 08:53:02,350 [icarl.py] => Task 8, Epoch 99/200 => Loss 2.182, Loss_clf 0.263, Loss_kd 1.915, Loss_kernel 0.003, Train_accy 91.78
2025-06-04 08:53:19,017 [icarl.py] => Task 8, Epoch 100/200 => Loss 2.212, Loss_clf 0.286, Loss_kd 1.923, Loss_kernel 0.003, Train_accy 92.00
2025-06-04 08:53:50,285 [icarl.py] => Task 8, Epoch 101/200 => Loss 2.179, Loss_clf 0.276, Loss_kd 1.900, Loss_kernel 0.003, Train_accy 91.14, Test_accy {'Art': 23.1, 'Clipart': 18.64, 'Real World': 39.68, 'Product': 60.43}
2025-06-04 08:54:06,973 [icarl.py] => Task 8, Epoch 102/200 => Loss 2.133, Loss_clf 0.254, Loss_kd 1.876, Loss_kernel 0.003, Train_accy 92.59
2025-06-04 08:54:24,053 [icarl.py] => Task 8, Epoch 103/200 => Loss 2.192, Loss_clf 0.277, Loss_kd 1.912, Loss_kernel 0.003, Train_accy 91.50
2025-06-04 08:54:40,189 [icarl.py] => Task 8, Epoch 104/200 => Loss 2.159, Loss_clf 0.275, Loss_kd 1.881, Loss_kernel 0.003, Train_accy 91.78
2025-06-04 08:54:57,004 [icarl.py] => Task 8, Epoch 105/200 => Loss 2.161, Loss_clf 0.254, Loss_kd 1.905, Loss_kernel 0.003, Train_accy 92.63
2025-06-04 08:55:28,737 [icarl.py] => Task 8, Epoch 106/200 => Loss 2.218, Loss_clf 0.294, Loss_kd 1.922, Loss_kernel 0.003, Train_accy 91.06, Test_accy {'Art': 26.02, 'Clipart': 17.14, 'Real World': 40.97, 'Product': 59.66}
2025-06-04 08:55:45,428 [icarl.py] => Task 8, Epoch 107/200 => Loss 2.152, Loss_clf 0.272, Loss_kd 1.878, Loss_kernel 0.003, Train_accy 92.06
2025-06-04 08:56:02,390 [icarl.py] => Task 8, Epoch 108/200 => Loss 2.158, Loss_clf 0.247, Loss_kd 1.908, Loss_kernel 0.003, Train_accy 92.37
2025-06-04 08:56:19,460 [icarl.py] => Task 8, Epoch 109/200 => Loss 2.168, Loss_clf 0.273, Loss_kd 1.892, Loss_kernel 0.003, Train_accy 91.84
2025-06-04 08:56:35,854 [icarl.py] => Task 8, Epoch 110/200 => Loss 2.143, Loss_clf 0.248, Loss_kd 1.893, Loss_kernel 0.003, Train_accy 92.91
2025-06-04 08:57:06,669 [icarl.py] => Task 8, Epoch 111/200 => Loss 2.151, Loss_clf 0.272, Loss_kd 1.876, Loss_kernel 0.003, Train_accy 91.44, Test_accy {'Art': 25.44, 'Clipart': 17.64, 'Real World': 40.0, 'Product': 57.96}
2025-06-04 08:57:22,683 [icarl.py] => Task 8, Epoch 112/200 => Loss 2.099, Loss_clf 0.228, Loss_kd 1.869, Loss_kernel 0.002, Train_accy 92.84
2025-06-04 08:57:39,435 [icarl.py] => Task 8, Epoch 113/200 => Loss 2.151, Loss_clf 0.262, Loss_kd 1.886, Loss_kernel 0.002, Train_accy 91.91
2025-06-04 08:57:56,141 [icarl.py] => Task 8, Epoch 114/200 => Loss 2.144, Loss_clf 0.251, Loss_kd 1.891, Loss_kernel 0.002, Train_accy 92.66
2025-06-04 08:58:12,479 [icarl.py] => Task 8, Epoch 115/200 => Loss 2.140, Loss_clf 0.236, Loss_kd 1.901, Loss_kernel 0.002, Train_accy 92.84
2025-06-04 08:58:43,694 [icarl.py] => Task 8, Epoch 116/200 => Loss 2.086, Loss_clf 0.217, Loss_kd 1.867, Loss_kernel 0.002, Train_accy 93.31, Test_accy {'Art': 28.36, 'Clipart': 18.14, 'Real World': 38.71, 'Product': 62.13}
2025-06-04 08:59:00,496 [icarl.py] => Task 8, Epoch 117/200 => Loss 2.128, Loss_clf 0.240, Loss_kd 1.885, Loss_kernel 0.002, Train_accy 92.62
2025-06-04 08:59:16,564 [icarl.py] => Task 8, Epoch 118/200 => Loss 2.098, Loss_clf 0.238, Loss_kd 1.858, Loss_kernel 0.002, Train_accy 92.58
2025-06-04 08:59:33,270 [icarl.py] => Task 8, Epoch 119/200 => Loss 2.061, Loss_clf 0.197, Loss_kd 1.862, Loss_kernel 0.002, Train_accy 94.34
2025-06-04 08:59:50,078 [icarl.py] => Task 8, Epoch 120/200 => Loss 2.145, Loss_clf 0.246, Loss_kd 1.897, Loss_kernel 0.002, Train_accy 92.62
2025-06-04 09:00:20,447 [icarl.py] => Task 8, Epoch 121/200 => Loss 2.033, Loss_clf 0.192, Loss_kd 1.839, Loss_kernel 0.002, Train_accy 94.59, Test_accy {'Art': 27.19, 'Clipart': 17.8, 'Real World': 38.39, 'Product': 60.28}
2025-06-04 09:00:37,584 [icarl.py] => Task 8, Epoch 122/200 => Loss 2.070, Loss_clf 0.206, Loss_kd 1.861, Loss_kernel 0.002, Train_accy 94.28
2025-06-04 09:00:55,118 [icarl.py] => Task 8, Epoch 123/200 => Loss 2.158, Loss_clf 0.257, Loss_kd 1.899, Loss_kernel 0.002, Train_accy 92.68
2025-06-04 09:01:11,319 [icarl.py] => Task 8, Epoch 124/200 => Loss 2.073, Loss_clf 0.208, Loss_kd 1.863, Loss_kernel 0.002, Train_accy 93.50
2025-06-04 09:01:27,840 [icarl.py] => Task 8, Epoch 125/200 => Loss 2.055, Loss_clf 0.202, Loss_kd 1.852, Loss_kernel 0.002, Train_accy 94.22
2025-06-04 09:01:57,903 [icarl.py] => Task 8, Epoch 126/200 => Loss 2.107, Loss_clf 0.229, Loss_kd 1.875, Loss_kernel 0.002, Train_accy 92.88, Test_accy {'Art': 26.02, 'Clipart': 16.64, 'Real World': 38.23, 'Product': 62.6}
2025-06-04 09:02:14,982 [icarl.py] => Task 8, Epoch 127/200 => Loss 2.075, Loss_clf 0.205, Loss_kd 1.868, Loss_kernel 0.002, Train_accy 94.04
2025-06-04 09:02:31,731 [icarl.py] => Task 8, Epoch 128/200 => Loss 2.119, Loss_clf 0.224, Loss_kd 1.892, Loss_kernel 0.002, Train_accy 93.70
2025-06-04 09:02:48,667 [icarl.py] => Task 8, Epoch 129/200 => Loss 2.061, Loss_clf 0.210, Loss_kd 1.850, Loss_kernel 0.002, Train_accy 93.45
2025-06-04 09:03:05,777 [icarl.py] => Task 8, Epoch 130/200 => Loss 2.071, Loss_clf 0.193, Loss_kd 1.876, Loss_kernel 0.002, Train_accy 94.41
2025-06-04 09:03:36,383 [icarl.py] => Task 8, Epoch 131/200 => Loss 2.051, Loss_clf 0.193, Loss_kd 1.856, Loss_kernel 0.002, Train_accy 94.45, Test_accy {'Art': 25.73, 'Clipart': 17.47, 'Real World': 38.06, 'Product': 59.66}
2025-06-04 09:03:53,585 [icarl.py] => Task 8, Epoch 132/200 => Loss 2.025, Loss_clf 0.185, Loss_kd 1.839, Loss_kernel 0.002, Train_accy 94.83
2025-06-04 09:04:10,310 [icarl.py] => Task 8, Epoch 133/200 => Loss 2.040, Loss_clf 0.202, Loss_kd 1.836, Loss_kernel 0.002, Train_accy 94.00
2025-06-04 09:04:26,749 [icarl.py] => Task 8, Epoch 134/200 => Loss 2.042, Loss_clf 0.179, Loss_kd 1.861, Loss_kernel 0.002, Train_accy 94.69
2025-06-04 09:04:43,134 [icarl.py] => Task 8, Epoch 135/200 => Loss 1.990, Loss_clf 0.152, Loss_kd 1.836, Loss_kernel 0.002, Train_accy 95.48
2025-06-04 09:05:14,153 [icarl.py] => Task 8, Epoch 136/200 => Loss 2.000, Loss_clf 0.176, Loss_kd 1.822, Loss_kernel 0.002, Train_accy 94.78, Test_accy {'Art': 26.32, 'Clipart': 17.97, 'Real World': 38.87, 'Product': 61.21}
2025-06-04 09:05:31,023 [icarl.py] => Task 8, Epoch 137/200 => Loss 2.034, Loss_clf 0.188, Loss_kd 1.844, Loss_kernel 0.002, Train_accy 94.10
2025-06-04 09:05:48,959 [icarl.py] => Task 8, Epoch 138/200 => Loss 2.026, Loss_clf 0.168, Loss_kd 1.857, Loss_kernel 0.002, Train_accy 95.27
2025-06-04 09:06:05,099 [icarl.py] => Task 8, Epoch 139/200 => Loss 2.023, Loss_clf 0.182, Loss_kd 1.840, Loss_kernel 0.002, Train_accy 94.36
2025-06-04 09:06:23,595 [icarl.py] => Task 8, Epoch 140/200 => Loss 2.025, Loss_clf 0.167, Loss_kd 1.856, Loss_kernel 0.002, Train_accy 94.70
2025-06-04 09:06:54,454 [icarl.py] => Task 8, Epoch 141/200 => Loss 1.986, Loss_clf 0.164, Loss_kd 1.820, Loss_kernel 0.002, Train_accy 95.41, Test_accy {'Art': 26.9, 'Clipart': 18.97, 'Real World': 40.32, 'Product': 62.6}
2025-06-04 09:07:11,411 [icarl.py] => Task 8, Epoch 142/200 => Loss 1.999, Loss_clf 0.163, Loss_kd 1.834, Loss_kernel 0.002, Train_accy 95.30
2025-06-04 09:07:27,757 [icarl.py] => Task 8, Epoch 143/200 => Loss 2.013, Loss_clf 0.174, Loss_kd 1.837, Loss_kernel 0.002, Train_accy 94.90
2025-06-04 09:07:44,449 [icarl.py] => Task 8, Epoch 144/200 => Loss 2.041, Loss_clf 0.198, Loss_kd 1.841, Loss_kernel 0.002, Train_accy 94.50
2025-06-04 09:08:00,899 [icarl.py] => Task 8, Epoch 145/200 => Loss 2.006, Loss_clf 0.159, Loss_kd 1.844, Loss_kernel 0.002, Train_accy 94.88
2025-06-04 09:08:30,927 [icarl.py] => Task 8, Epoch 146/200 => Loss 2.008, Loss_clf 0.154, Loss_kd 1.852, Loss_kernel 0.002, Train_accy 95.78, Test_accy {'Art': 27.49, 'Clipart': 18.14, 'Real World': 38.06, 'Product': 62.13}
2025-06-04 09:08:47,388 [icarl.py] => Task 8, Epoch 147/200 => Loss 1.998, Loss_clf 0.171, Loss_kd 1.826, Loss_kernel 0.002, Train_accy 95.20
2025-06-04 09:09:03,751 [icarl.py] => Task 8, Epoch 148/200 => Loss 1.969, Loss_clf 0.153, Loss_kd 1.814, Loss_kernel 0.002, Train_accy 95.40
2025-06-04 09:09:19,720 [icarl.py] => Task 8, Epoch 149/200 => Loss 1.963, Loss_clf 0.155, Loss_kd 1.806, Loss_kernel 0.002, Train_accy 95.53
2025-06-04 09:09:35,785 [icarl.py] => Task 8, Epoch 150/200 => Loss 2.019, Loss_clf 0.168, Loss_kd 1.849, Loss_kernel 0.002, Train_accy 94.71
2025-06-04 09:10:06,530 [icarl.py] => Task 8, Epoch 151/200 => Loss 1.973, Loss_clf 0.145, Loss_kd 1.826, Loss_kernel 0.002, Train_accy 95.63, Test_accy {'Art': 25.73, 'Clipart': 18.8, 'Real World': 40.16, 'Product': 62.13}
2025-06-04 09:10:23,100 [icarl.py] => Task 8, Epoch 152/200 => Loss 1.977, Loss_clf 0.157, Loss_kd 1.818, Loss_kernel 0.002, Train_accy 95.08
2025-06-04 09:10:39,535 [icarl.py] => Task 8, Epoch 153/200 => Loss 1.976, Loss_clf 0.156, Loss_kd 1.819, Loss_kernel 0.002, Train_accy 95.56
2025-06-04 09:10:55,700 [icarl.py] => Task 8, Epoch 154/200 => Loss 1.949, Loss_clf 0.147, Loss_kd 1.801, Loss_kernel 0.002, Train_accy 95.78
2025-06-04 09:11:11,798 [icarl.py] => Task 8, Epoch 155/200 => Loss 2.011, Loss_clf 0.156, Loss_kd 1.853, Loss_kernel 0.002, Train_accy 95.20
2025-06-04 09:11:41,505 [icarl.py] => Task 8, Epoch 156/200 => Loss 1.963, Loss_clf 0.143, Loss_kd 1.818, Loss_kernel 0.002, Train_accy 95.74, Test_accy {'Art': 25.15, 'Clipart': 16.97, 'Real World': 38.23, 'Product': 59.97}
2025-06-04 09:11:59,507 [icarl.py] => Task 8, Epoch 157/200 => Loss 1.967, Loss_clf 0.138, Loss_kd 1.827, Loss_kernel 0.002, Train_accy 95.84
2025-06-04 09:12:14,902 [icarl.py] => Task 8, Epoch 158/200 => Loss 1.952, Loss_clf 0.139, Loss_kd 1.811, Loss_kernel 0.002, Train_accy 96.50
2025-06-04 09:12:30,700 [icarl.py] => Task 8, Epoch 159/200 => Loss 1.955, Loss_clf 0.135, Loss_kd 1.818, Loss_kernel 0.002, Train_accy 96.40
2025-06-04 09:12:46,394 [icarl.py] => Task 8, Epoch 160/200 => Loss 1.957, Loss_clf 0.144, Loss_kd 1.812, Loss_kernel 0.002, Train_accy 95.95
2025-06-04 09:13:17,035 [icarl.py] => Task 8, Epoch 161/200 => Loss 1.928, Loss_clf 0.126, Loss_kd 1.800, Loss_kernel 0.002, Train_accy 96.36, Test_accy {'Art': 26.02, 'Clipart': 16.81, 'Real World': 37.58, 'Product': 61.82}
2025-06-04 09:13:33,377 [icarl.py] => Task 8, Epoch 162/200 => Loss 1.945, Loss_clf 0.133, Loss_kd 1.811, Loss_kernel 0.002, Train_accy 96.31
2025-06-04 09:13:48,978 [icarl.py] => Task 8, Epoch 163/200 => Loss 1.933, Loss_clf 0.126, Loss_kd 1.806, Loss_kernel 0.002, Train_accy 96.48
2025-06-04 09:14:05,483 [icarl.py] => Task 8, Epoch 164/200 => Loss 1.899, Loss_clf 0.126, Loss_kd 1.772, Loss_kernel 0.002, Train_accy 96.48
2025-06-04 09:14:21,534 [icarl.py] => Task 8, Epoch 165/200 => Loss 1.912, Loss_clf 0.117, Loss_kd 1.793, Loss_kernel 0.002, Train_accy 96.25
2025-06-04 09:14:52,021 [icarl.py] => Task 8, Epoch 166/200 => Loss 1.952, Loss_clf 0.137, Loss_kd 1.814, Loss_kernel 0.002, Train_accy 96.24, Test_accy {'Art': 25.44, 'Clipart': 18.64, 'Real World': 39.03, 'Product': 61.98}
2025-06-04 09:15:07,269 [icarl.py] => Task 8, Epoch 167/200 => Loss 1.932, Loss_clf 0.127, Loss_kd 1.803, Loss_kernel 0.002, Train_accy 96.30
2025-06-04 09:15:23,976 [icarl.py] => Task 8, Epoch 168/200 => Loss 1.941, Loss_clf 0.133, Loss_kd 1.806, Loss_kernel 0.002, Train_accy 95.63
2025-06-04 09:15:40,483 [icarl.py] => Task 8, Epoch 169/200 => Loss 1.974, Loss_clf 0.133, Loss_kd 1.839, Loss_kernel 0.002, Train_accy 96.31
2025-06-04 09:15:55,481 [icarl.py] => Task 8, Epoch 170/200 => Loss 1.928, Loss_clf 0.118, Loss_kd 1.808, Loss_kernel 0.002, Train_accy 96.62
2025-06-04 09:16:26,615 [icarl.py] => Task 8, Epoch 171/200 => Loss 1.900, Loss_clf 0.112, Loss_kd 1.786, Loss_kernel 0.002, Train_accy 96.78, Test_accy {'Art': 26.32, 'Clipart': 18.3, 'Real World': 39.52, 'Product': 62.44}
2025-06-04 09:16:42,608 [icarl.py] => Task 8, Epoch 172/200 => Loss 1.904, Loss_clf 0.100, Loss_kd 1.803, Loss_kernel 0.002, Train_accy 97.41
2025-06-04 09:16:58,899 [icarl.py] => Task 8, Epoch 173/200 => Loss 1.921, Loss_clf 0.116, Loss_kd 1.804, Loss_kernel 0.002, Train_accy 96.58
2025-06-04 09:17:15,443 [icarl.py] => Task 8, Epoch 174/200 => Loss 1.943, Loss_clf 0.120, Loss_kd 1.821, Loss_kernel 0.002, Train_accy 96.93
2025-06-04 09:17:30,337 [icarl.py] => Task 8, Epoch 175/200 => Loss 1.893, Loss_clf 0.102, Loss_kd 1.789, Loss_kernel 0.002, Train_accy 97.58
2025-06-04 09:18:00,831 [icarl.py] => Task 8, Epoch 176/200 => Loss 1.883, Loss_clf 0.098, Loss_kd 1.784, Loss_kernel 0.002, Train_accy 97.35, Test_accy {'Art': 25.73, 'Clipart': 17.97, 'Real World': 38.23, 'Product': 62.29}
2025-06-04 09:18:16,793 [icarl.py] => Task 8, Epoch 177/200 => Loss 1.915, Loss_clf 0.113, Loss_kd 1.800, Loss_kernel 0.002, Train_accy 96.78
2025-06-04 09:18:33,024 [icarl.py] => Task 8, Epoch 178/200 => Loss 1.925, Loss_clf 0.111, Loss_kd 1.812, Loss_kernel 0.002, Train_accy 96.88
2025-06-04 09:18:48,443 [icarl.py] => Task 8, Epoch 179/200 => Loss 1.953, Loss_clf 0.117, Loss_kd 1.835, Loss_kernel 0.001, Train_accy 96.86
2025-06-04 09:19:05,959 [icarl.py] => Task 8, Epoch 180/200 => Loss 1.916, Loss_clf 0.108, Loss_kd 1.807, Loss_kernel 0.002, Train_accy 97.07
2025-06-04 09:19:37,935 [icarl.py] => Task 8, Epoch 181/200 => Loss 1.907, Loss_clf 0.098, Loss_kd 1.807, Loss_kernel 0.002, Train_accy 97.84, Test_accy {'Art': 25.15, 'Clipart': 17.97, 'Real World': 38.39, 'Product': 62.75}
2025-06-04 09:19:53,889 [icarl.py] => Task 8, Epoch 182/200 => Loss 1.877, Loss_clf 0.096, Loss_kd 1.780, Loss_kernel 0.001, Train_accy 97.53
2025-06-04 09:20:09,698 [icarl.py] => Task 8, Epoch 183/200 => Loss 1.898, Loss_clf 0.106, Loss_kd 1.790, Loss_kernel 0.002, Train_accy 97.06
2025-06-04 09:20:27,843 [icarl.py] => Task 8, Epoch 184/200 => Loss 1.870, Loss_clf 0.105, Loss_kd 1.764, Loss_kernel 0.002, Train_accy 97.06
2025-06-04 09:20:43,664 [icarl.py] => Task 8, Epoch 185/200 => Loss 1.912, Loss_clf 0.109, Loss_kd 1.802, Loss_kernel 0.002, Train_accy 97.40
2025-06-04 09:21:15,140 [icarl.py] => Task 8, Epoch 186/200 => Loss 1.902, Loss_clf 0.104, Loss_kd 1.796, Loss_kernel 0.002, Train_accy 97.52, Test_accy {'Art': 27.19, 'Clipart': 17.47, 'Real World': 38.55, 'Product': 61.82}
2025-06-04 09:21:31,077 [icarl.py] => Task 8, Epoch 187/200 => Loss 1.965, Loss_clf 0.120, Loss_kd 1.844, Loss_kernel 0.002, Train_accy 97.11
2025-06-04 09:21:47,414 [icarl.py] => Task 8, Epoch 188/200 => Loss 1.912, Loss_clf 0.100, Loss_kd 1.810, Loss_kernel 0.002, Train_accy 97.46
2025-06-04 09:22:03,323 [icarl.py] => Task 8, Epoch 189/200 => Loss 1.905, Loss_clf 0.096, Loss_kd 1.808, Loss_kernel 0.001, Train_accy 97.30
2025-06-04 09:22:20,960 [icarl.py] => Task 8, Epoch 190/200 => Loss 1.914, Loss_clf 0.117, Loss_kd 1.795, Loss_kernel 0.001, Train_accy 96.80
2025-06-04 09:22:51,865 [icarl.py] => Task 8, Epoch 191/200 => Loss 1.900, Loss_clf 0.110, Loss_kd 1.788, Loss_kernel 0.001, Train_accy 96.57, Test_accy {'Art': 25.44, 'Clipart': 18.3, 'Real World': 38.55, 'Product': 63.21}
2025-06-04 09:23:09,004 [icarl.py] => Task 8, Epoch 192/200 => Loss 1.892, Loss_clf 0.095, Loss_kd 1.795, Loss_kernel 0.001, Train_accy 97.74
2025-06-04 09:23:24,257 [icarl.py] => Task 8, Epoch 193/200 => Loss 1.893, Loss_clf 0.099, Loss_kd 1.793, Loss_kernel 0.001, Train_accy 97.29
2025-06-04 09:23:40,853 [icarl.py] => Task 8, Epoch 194/200 => Loss 1.919, Loss_clf 0.114, Loss_kd 1.803, Loss_kernel 0.002, Train_accy 96.86
2025-06-04 09:23:58,260 [icarl.py] => Task 8, Epoch 195/200 => Loss 1.906, Loss_clf 0.118, Loss_kd 1.786, Loss_kernel 0.001, Train_accy 96.94
2025-06-04 09:24:28,373 [icarl.py] => Task 8, Epoch 196/200 => Loss 1.869, Loss_clf 0.087, Loss_kd 1.780, Loss_kernel 0.001, Train_accy 97.76, Test_accy {'Art': 26.02, 'Clipart': 17.97, 'Real World': 38.71, 'Product': 62.29}
2025-06-04 09:24:46,855 [icarl.py] => Task 8, Epoch 197/200 => Loss 1.894, Loss_clf 0.096, Loss_kd 1.797, Loss_kernel 0.002, Train_accy 97.59
2025-06-04 09:25:02,257 [icarl.py] => Task 8, Epoch 198/200 => Loss 1.906, Loss_clf 0.096, Loss_kd 1.809, Loss_kernel 0.001, Train_accy 97.57
2025-06-04 09:25:17,237 [icarl.py] => Task 8, Epoch 199/200 => Loss 1.897, Loss_clf 0.106, Loss_kd 1.790, Loss_kernel 0.002, Train_accy 97.44
2025-06-04 09:25:33,661 [icarl.py] => Task 8, Epoch 200/200 => Loss 1.913, Loss_clf 0.117, Loss_kd 1.795, Loss_kernel 0.002, Train_accy 96.71
2025-06-04 09:25:33,663 [base.py] => Reducing exemplars...(28 per classes)
2025-06-04 09:26:01,698 [base.py] => Constructing exemplars...(28 per classes)
2025-06-04 09:26:44,044 [icarl.py] => Exemplar size: 1260
2025-06-04 09:26:45,183 [trainer.py] => CNN [Art]: {'total': 25.44, '00-04': 60.53, '05-09': 32.35, '10-14': 18.92, '15-19': 40.74, '20-24': 18.42, '25-29': 5.88, '30-34': 14.55, '35-39': 9.76, '40-44': 36.84, 'old': 24.01, 'new': 36.84}
2025-06-04 09:26:45,184 [trainer.py] => NME [Art]: {'total': 25.15, '00-04': 42.11, '05-09': 26.47, '10-14': 21.62, '15-19': 33.33, '20-24': 21.05, '25-29': 11.76, '30-34': 23.64, '35-39': 12.2, '40-44': 36.84, 'old': 23.68, 'new': 36.84}
2025-06-04 09:26:45,184 [trainer.py] => CNN [Art] top1 curve: [63.16, 47.22, 46.79, 45.59, 36.78, 34.62, 33.84, 29.93, 25.44]
2025-06-04 09:26:45,184 [trainer.py] => CNN [Art] top5 curve: [92.11, 77.78, 73.39, 70.59, 63.79, 61.06, 55.51, 54.61, 49.71]
2025-06-04 09:26:45,184 [trainer.py] => NME [Art] top1 curve: [63.16, 52.78, 53.21, 49.26, 41.95, 41.83, 34.22, 30.59, 25.15]
2025-06-04 09:26:45,184 [trainer.py] => NME [Art] top5 curve: [100.0, 84.72, 81.65, 73.53, 70.11, 64.42, 58.56, 56.25, 52.92]
2025-06-04 09:26:45,184 [trainer.py] => Average Accuracy [Art] (CNN): 40.37444444444444
2025-06-04 09:26:45,184 [trainer.py] => Average Accuracy [Art] (NME): 43.57222222222222
2025-06-04 09:26:45,185 [trainer.py] => CNN [Clipart]: {'total': 18.3, '00-04': 20.51, '05-09': 24.19, '10-14': 21.21, '15-19': 13.21, '20-24': 12.36, '25-29': 3.23, '30-34': 10.94, '35-39': 21.31, '40-44': 37.88, 'old': 15.89, 'new': 37.88}
2025-06-04 09:26:45,185 [trainer.py] => NME [Clipart]: {'total': 19.3, '00-04': 14.1, '05-09': 25.81, '10-14': 25.76, '15-19': 13.21, '20-24': 16.85, '25-29': 6.45, '30-34': 12.5, '35-39': 24.59, '40-44': 34.85, 'old': 17.38, 'new': 34.85}
2025-06-04 09:26:45,185 [trainer.py] => CNN [Clipart] top1 curve: [50.0, 40.0, 33.98, 28.57, 27.3, 22.44, 19.83, 20.19, 18.3]
2025-06-04 09:26:45,185 [trainer.py] => CNN [Clipart] top5 curve: [96.15, 74.29, 66.02, 55.98, 51.72, 45.85, 43.88, 41.68, 37.6]
2025-06-04 09:26:45,185 [trainer.py] => NME [Clipart] top1 curve: [52.56, 45.71, 34.47, 26.64, 25.29, 23.41, 20.04, 22.24, 19.3]
2025-06-04 09:26:45,185 [trainer.py] => NME [Clipart] top5 curve: [100.0, 80.71, 68.93, 61.78, 58.62, 52.2, 48.52, 43.93, 41.26]
2025-06-04 09:26:45,185 [trainer.py] => Average Accuracy [Clipart] (CNN): 28.956666666666667
2025-06-04 09:26:45,185 [trainer.py] => Average Accuracy [Clipart] (NME): 29.962222222222223
2025-06-04 09:26:45,185 [trainer.py] => CNN [Product]: {'total': 62.13, '00-04': 77.65, '05-09': 60.0, '10-14': 77.42, '15-19': 58.44, '20-24': 52.46, '25-29': 56.96, '30-34': 43.28, '35-39': 53.03, '40-44': 77.14, 'old': 60.31, 'new': 77.14}
2025-06-04 09:26:45,186 [trainer.py] => NME [Product]: {'total': 65.53, '00-04': 75.29, '05-09': 53.75, '10-14': 80.65, '15-19': 62.34, '20-24': 55.74, '25-29': 74.68, '30-34': 52.24, '35-39': 56.06, '40-44': 77.14, 'old': 64.12, 'new': 77.14}
2025-06-04 09:26:45,186 [trainer.py] => CNN [Product] top1 curve: [87.06, 78.79, 87.67, 80.92, 75.89, 75.23, 72.21, 65.16, 62.13]
2025-06-04 09:26:45,186 [trainer.py] => CNN [Product] top5 curve: [100.0, 98.79, 97.8, 95.72, 94.25, 92.57, 91.78, 87.0, 84.7]
2025-06-04 09:26:45,186 [trainer.py] => NME [Product] top1 curve: [89.41, 86.67, 90.31, 82.57, 78.08, 76.35, 73.39, 67.76, 65.53]
2025-06-04 09:26:45,186 [trainer.py] => NME [Product] top5 curve: [100.0, 99.39, 98.68, 96.71, 94.52, 94.37, 91.39, 89.43, 87.79]
2025-06-04 09:26:45,186 [trainer.py] => Average Accuracy [Product] (CNN): 76.11777777777779
2025-06-04 09:26:45,186 [trainer.py] => Average Accuracy [Product] (NME): 78.89666666666666
2025-06-04 09:26:45,186 [trainer.py] => CNN [Real World]: {'total': 39.35, '00-04': 49.32, '05-09': 57.35, '10-14': 31.94, '15-19': 35.82, '20-24': 20.0, '25-29': 35.06, '30-34': 40.0, '35-39': 27.12, '40-44': 56.25, 'old': 37.41, 'new': 56.25}
2025-06-04 09:26:45,187 [trainer.py] => NME [Real World]: {'total': 41.29, '00-04': 34.25, '05-09': 55.88, '10-14': 38.89, '15-19': 32.84, '20-24': 21.54, '25-29': 44.16, '30-34': 52.0, '35-39': 35.59, '40-44': 54.69, 'old': 39.75, 'new': 54.69}
2025-06-04 09:26:45,187 [trainer.py] => CNN [Real World] top1 curve: [73.97, 64.54, 58.69, 54.29, 45.8, 48.82, 44.87, 42.99, 39.35]
2025-06-04 09:26:45,187 [trainer.py] => CNN [Real World] top5 curve: [98.63, 90.78, 83.1, 80.0, 72.75, 75.12, 71.83, 69.6, 64.19]
2025-06-04 09:26:45,187 [trainer.py] => NME [Real World] top1 curve: [78.08, 70.92, 60.09, 54.29, 48.7, 48.82, 46.88, 44.78, 41.29]
2025-06-04 09:26:45,187 [trainer.py] => NME [Real World] top5 curve: [100.0, 96.45, 91.55, 86.79, 77.68, 80.57, 74.04, 70.5, 68.55]
2025-06-04 09:26:45,187 [trainer.py] => Average Accuracy [Real World] (CNN): 52.59111111111111
2025-06-04 09:26:45,187 [trainer.py] => Average Accuracy [Real World] (NME): 54.87222222222223
2025-06-04 09:26:45,187 [trainer.py] => NME Harmonic Mean : 26.8291
2025-06-04 09:26:45,187 [trainer.py] => NME Macro Mean : 37.8175
2025-06-04 09:26:45,188 [trainer.py] => CNN Harmonic Mean : 25.5487
2025-06-04 09:26:45,188 [trainer.py] => CNN Macro Mean : 36.3050
2025-06-04 09:26:45,189 [trainer.py] => All params: 21312887
2025-06-04 09:26:45,190 [trainer.py] => Trainable params: 21312887
2025-06-04 09:26:45,192 [icarl.py] => Learning on 45-50
2025-06-04 09:27:19,208 [icarl.py] => Task 9, Epoch 1/200 => Loss 4.982, Loss_clf 2.347, Loss_kd 2.629, Loss_kernel 0.005, Train_accy 41.27, Test_accy {'Art': 5.1, 'Clipart': 4.96, 'Real World': 5.92, 'Product': 4.18}
2025-06-04 09:27:36,738 [icarl.py] => Task 9, Epoch 2/200 => Loss 6.453, Loss_clf 3.120, Loss_kd 3.319, Loss_kernel 0.014, Train_accy 21.73
2025-06-04 09:27:54,314 [icarl.py] => Task 9, Epoch 3/200 => Loss 5.681, Loss_clf 2.598, Loss_kd 3.071, Loss_kernel 0.012, Train_accy 29.24
2025-06-04 09:28:11,823 [icarl.py] => Task 9, Epoch 4/200 => Loss 5.101, Loss_clf 2.210, Loss_kd 2.882, Loss_kernel 0.009, Train_accy 37.85
2025-06-04 09:28:29,308 [icarl.py] => Task 9, Epoch 5/200 => Loss 4.887, Loss_clf 2.070, Loss_kd 2.807, Loss_kernel 0.010, Train_accy 40.52
2025-06-04 09:29:02,454 [icarl.py] => Task 9, Epoch 6/200 => Loss 4.638, Loss_clf 1.884, Loss_kd 2.745, Loss_kernel 0.009, Train_accy 45.31, Test_accy {'Art': 14.03, 'Clipart': 15.49, 'Real World': 28.18, 'Product': 41.5}
2025-06-04 09:29:20,932 [icarl.py] => Task 9, Epoch 7/200 => Loss 4.458, Loss_clf 1.778, Loss_kd 2.672, Loss_kernel 0.008, Train_accy 48.74
2025-06-04 09:29:38,583 [icarl.py] => Task 9, Epoch 8/200 => Loss 4.137, Loss_clf 1.555, Loss_kd 2.574, Loss_kernel 0.008, Train_accy 53.24
2025-06-04 09:29:55,919 [icarl.py] => Task 9, Epoch 9/200 => Loss 4.099, Loss_clf 1.528, Loss_kd 2.563, Loss_kernel 0.008, Train_accy 54.24
2025-06-04 09:30:13,301 [icarl.py] => Task 9, Epoch 10/200 => Loss 3.960, Loss_clf 1.415, Loss_kd 2.538, Loss_kernel 0.007, Train_accy 57.01
2025-06-04 09:30:46,721 [icarl.py] => Task 9, Epoch 11/200 => Loss 3.915, Loss_clf 1.401, Loss_kd 2.507, Loss_kernel 0.007, Train_accy 58.33, Test_accy {'Art': 18.62, 'Clipart': 17.14, 'Real World': 28.76, 'Product': 43.59}
2025-06-04 09:31:04,547 [icarl.py] => Task 9, Epoch 12/200 => Loss 3.784, Loss_clf 1.293, Loss_kd 2.482, Loss_kernel 0.009, Train_accy 60.35
2025-06-04 09:31:22,092 [icarl.py] => Task 9, Epoch 13/200 => Loss 3.653, Loss_clf 1.217, Loss_kd 2.428, Loss_kernel 0.008, Train_accy 63.90
2025-06-04 09:31:39,547 [icarl.py] => Task 9, Epoch 14/200 => Loss 3.624, Loss_clf 1.181, Loss_kd 2.436, Loss_kernel 0.007, Train_accy 64.09
2025-06-04 09:31:56,895 [icarl.py] => Task 9, Epoch 15/200 => Loss 3.549, Loss_clf 1.128, Loss_kd 2.413, Loss_kernel 0.008, Train_accy 65.71
2025-06-04 09:32:29,762 [icarl.py] => Task 9, Epoch 16/200 => Loss 3.489, Loss_clf 1.076, Loss_kd 2.406, Loss_kernel 0.008, Train_accy 67.75, Test_accy {'Art': 17.35, 'Clipart': 14.89, 'Real World': 30.64, 'Product': 51.39}
2025-06-04 09:32:47,650 [icarl.py] => Task 9, Epoch 17/200 => Loss 3.399, Loss_clf 1.022, Loss_kd 2.369, Loss_kernel 0.008, Train_accy 69.08
2025-06-04 09:33:05,158 [icarl.py] => Task 9, Epoch 18/200 => Loss 3.477, Loss_clf 1.079, Loss_kd 2.391, Loss_kernel 0.007, Train_accy 67.79
2025-06-04 09:33:22,688 [icarl.py] => Task 9, Epoch 19/200 => Loss 3.380, Loss_clf 1.018, Loss_kd 2.355, Loss_kernel 0.007, Train_accy 69.79
2025-06-04 09:33:40,207 [icarl.py] => Task 9, Epoch 20/200 => Loss 3.278, Loss_clf 0.929, Loss_kd 2.342, Loss_kernel 0.007, Train_accy 71.44
2025-06-04 09:34:16,730 [icarl.py] => Task 9, Epoch 21/200 => Loss 3.200, Loss_clf 0.875, Loss_kd 2.318, Loss_kernel 0.007, Train_accy 74.05, Test_accy {'Art': 17.6, 'Clipart': 14.29, 'Real World': 34.25, 'Product': 52.65}
2025-06-04 09:34:35,479 [icarl.py] => Task 9, Epoch 22/200 => Loss 3.193, Loss_clf 0.865, Loss_kd 2.321, Loss_kernel 0.007, Train_accy 74.63
2025-06-04 09:34:54,415 [icarl.py] => Task 9, Epoch 23/200 => Loss 3.165, Loss_clf 0.845, Loss_kd 2.313, Loss_kernel 0.006, Train_accy 74.57
2025-06-04 09:35:12,120 [icarl.py] => Task 9, Epoch 24/200 => Loss 3.147, Loss_clf 0.845, Loss_kd 2.294, Loss_kernel 0.007, Train_accy 73.88
2025-06-04 09:35:29,885 [icarl.py] => Task 9, Epoch 25/200 => Loss 3.246, Loss_clf 0.900, Loss_kd 2.339, Loss_kernel 0.007, Train_accy 72.42
2025-06-04 09:36:04,358 [icarl.py] => Task 9, Epoch 26/200 => Loss 3.095, Loss_clf 0.803, Loss_kd 2.286, Loss_kernel 0.006, Train_accy 75.38, Test_accy {'Art': 18.37, 'Clipart': 14.44, 'Real World': 33.09, 'Product': 51.11}
2025-06-04 09:36:22,339 [icarl.py] => Task 9, Epoch 27/200 => Loss 3.096, Loss_clf 0.794, Loss_kd 2.296, Loss_kernel 0.006, Train_accy 76.23
2025-06-04 09:36:39,758 [icarl.py] => Task 9, Epoch 28/200 => Loss 3.048, Loss_clf 0.769, Loss_kd 2.273, Loss_kernel 0.006, Train_accy 76.17
2025-06-04 09:36:57,765 [icarl.py] => Task 9, Epoch 29/200 => Loss 2.971, Loss_clf 0.705, Loss_kd 2.260, Loss_kernel 0.006, Train_accy 78.00
2025-06-04 09:37:15,373 [icarl.py] => Task 9, Epoch 30/200 => Loss 3.034, Loss_clf 0.778, Loss_kd 2.250, Loss_kernel 0.006, Train_accy 76.53
2025-06-04 09:37:48,801 [icarl.py] => Task 9, Epoch 31/200 => Loss 3.020, Loss_clf 0.749, Loss_kd 2.264, Loss_kernel 0.006, Train_accy 76.91, Test_accy {'Art': 18.37, 'Clipart': 16.84, 'Real World': 33.82, 'Product': 53.2}
2025-06-04 09:38:06,165 [icarl.py] => Task 9, Epoch 32/200 => Loss 2.919, Loss_clf 0.675, Loss_kd 2.238, Loss_kernel 0.006, Train_accy 79.73
2025-06-04 09:38:23,669 [icarl.py] => Task 9, Epoch 33/200 => Loss 2.952, Loss_clf 0.705, Loss_kd 2.241, Loss_kernel 0.006, Train_accy 77.75
2025-06-04 09:38:41,450 [icarl.py] => Task 9, Epoch 34/200 => Loss 2.950, Loss_clf 0.712, Loss_kd 2.232, Loss_kernel 0.006, Train_accy 78.24
2025-06-04 09:38:58,677 [icarl.py] => Task 9, Epoch 35/200 => Loss 2.922, Loss_clf 0.682, Loss_kd 2.234, Loss_kernel 0.006, Train_accy 79.38
2025-06-04 09:39:32,154 [icarl.py] => Task 9, Epoch 36/200 => Loss 2.907, Loss_clf 0.669, Loss_kd 2.232, Loss_kernel 0.005, Train_accy 78.73, Test_accy {'Art': 20.66, 'Clipart': 15.04, 'Real World': 32.23, 'Product': 55.01}
2025-06-04 09:39:49,672 [icarl.py] => Task 9, Epoch 37/200 => Loss 2.913, Loss_clf 0.690, Loss_kd 2.218, Loss_kernel 0.006, Train_accy 78.99
2025-06-04 09:40:07,337 [icarl.py] => Task 9, Epoch 38/200 => Loss 2.947, Loss_clf 0.683, Loss_kd 2.258, Loss_kernel 0.006, Train_accy 78.61
2025-06-04 09:40:24,672 [icarl.py] => Task 9, Epoch 39/200 => Loss 2.874, Loss_clf 0.643, Loss_kd 2.225, Loss_kernel 0.006, Train_accy 79.77
2025-06-04 09:40:42,075 [icarl.py] => Task 9, Epoch 40/200 => Loss 2.836, Loss_clf 0.603, Loss_kd 2.228, Loss_kernel 0.005, Train_accy 81.51
2025-06-04 09:41:15,270 [icarl.py] => Task 9, Epoch 41/200 => Loss 2.854, Loss_clf 0.600, Loss_kd 2.248, Loss_kernel 0.006, Train_accy 80.71, Test_accy {'Art': 20.92, 'Clipart': 15.49, 'Real World': 33.67, 'Product': 52.79}
2025-06-04 09:41:32,913 [icarl.py] => Task 9, Epoch 42/200 => Loss 2.914, Loss_clf 0.658, Loss_kd 2.250, Loss_kernel 0.006, Train_accy 79.71
2025-06-04 09:41:50,387 [icarl.py] => Task 9, Epoch 43/200 => Loss 2.893, Loss_clf 0.670, Loss_kd 2.217, Loss_kernel 0.006, Train_accy 78.38
2025-06-04 09:42:07,315 [icarl.py] => Task 9, Epoch 44/200 => Loss 2.890, Loss_clf 0.667, Loss_kd 2.217, Loss_kernel 0.006, Train_accy 79.15
2025-06-04 09:42:24,705 [icarl.py] => Task 9, Epoch 45/200 => Loss 2.897, Loss_clf 0.649, Loss_kd 2.242, Loss_kernel 0.006, Train_accy 80.37
2025-06-04 09:42:58,198 [icarl.py] => Task 9, Epoch 46/200 => Loss 2.805, Loss_clf 0.603, Loss_kd 2.196, Loss_kernel 0.005, Train_accy 81.08, Test_accy {'Art': 15.31, 'Clipart': 15.34, 'Real World': 29.91, 'Product': 49.16}
2025-06-04 09:43:15,578 [icarl.py] => Task 9, Epoch 47/200 => Loss 2.886, Loss_clf 0.640, Loss_kd 2.240, Loss_kernel 0.006, Train_accy 80.49
2025-06-04 09:43:33,302 [icarl.py] => Task 9, Epoch 48/200 => Loss 2.851, Loss_clf 0.627, Loss_kd 2.219, Loss_kernel 0.006, Train_accy 80.59
2025-06-04 09:43:50,442 [icarl.py] => Task 9, Epoch 49/200 => Loss 2.842, Loss_clf 0.635, Loss_kd 2.202, Loss_kernel 0.005, Train_accy 79.74
2025-06-04 09:44:07,881 [icarl.py] => Task 9, Epoch 50/200 => Loss 2.819, Loss_clf 0.587, Loss_kd 2.226, Loss_kernel 0.005, Train_accy 81.90
2025-06-04 09:44:41,328 [icarl.py] => Task 9, Epoch 51/200 => Loss 2.806, Loss_clf 0.583, Loss_kd 2.218, Loss_kernel 0.005, Train_accy 81.56, Test_accy {'Art': 21.68, 'Clipart': 15.94, 'Real World': 35.84, 'Product': 55.43}
2025-06-04 09:44:58,911 [icarl.py] => Task 9, Epoch 52/200 => Loss 2.875, Loss_clf 0.653, Loss_kd 2.217, Loss_kernel 0.005, Train_accy 79.84
2025-06-04 09:45:16,793 [icarl.py] => Task 9, Epoch 53/200 => Loss 2.806, Loss_clf 0.576, Loss_kd 2.224, Loss_kernel 0.006, Train_accy 81.41
2025-06-04 09:45:34,189 [icarl.py] => Task 9, Epoch 54/200 => Loss 2.790, Loss_clf 0.581, Loss_kd 2.203, Loss_kernel 0.005, Train_accy 81.94
2025-06-04 09:45:51,586 [icarl.py] => Task 9, Epoch 55/200 => Loss 2.786, Loss_clf 0.558, Loss_kd 2.222, Loss_kernel 0.005, Train_accy 82.61
2025-06-04 09:46:25,470 [icarl.py] => Task 9, Epoch 56/200 => Loss 2.797, Loss_clf 0.580, Loss_kd 2.212, Loss_kernel 0.005, Train_accy 81.53, Test_accy {'Art': 21.43, 'Clipart': 16.69, 'Real World': 35.84, 'Product': 54.46}
2025-06-04 09:46:42,424 [icarl.py] => Task 9, Epoch 57/200 => Loss 2.732, Loss_clf 0.559, Loss_kd 2.169, Loss_kernel 0.005, Train_accy 82.88
2025-06-04 09:46:59,277 [icarl.py] => Task 9, Epoch 58/200 => Loss 2.751, Loss_clf 0.531, Loss_kd 2.214, Loss_kernel 0.005, Train_accy 83.86
2025-06-04 09:47:16,293 [icarl.py] => Task 9, Epoch 59/200 => Loss 2.714, Loss_clf 0.543, Loss_kd 2.167, Loss_kernel 0.005, Train_accy 82.94
2025-06-04 09:47:33,228 [icarl.py] => Task 9, Epoch 60/200 => Loss 2.727, Loss_clf 0.536, Loss_kd 2.187, Loss_kernel 0.005, Train_accy 84.07
2025-06-04 09:48:06,742 [icarl.py] => Task 9, Epoch 61/200 => Loss 2.707, Loss_clf 0.508, Loss_kd 2.194, Loss_kernel 0.005, Train_accy 84.80, Test_accy {'Art': 18.88, 'Clipart': 16.09, 'Real World': 32.37, 'Product': 52.51}
2025-06-04 09:48:23,879 [icarl.py] => Task 9, Epoch 62/200 => Loss 2.697, Loss_clf 0.516, Loss_kd 2.176, Loss_kernel 0.005, Train_accy 84.26
2025-06-04 09:48:41,286 [icarl.py] => Task 9, Epoch 63/200 => Loss 2.659, Loss_clf 0.496, Loss_kd 2.158, Loss_kernel 0.005, Train_accy 84.58
2025-06-04 09:48:58,668 [icarl.py] => Task 9, Epoch 64/200 => Loss 2.668, Loss_clf 0.491, Loss_kd 2.173, Loss_kernel 0.005, Train_accy 84.65
2025-06-04 09:49:16,042 [icarl.py] => Task 9, Epoch 65/200 => Loss 2.670, Loss_clf 0.481, Loss_kd 2.184, Loss_kernel 0.005, Train_accy 85.76
2025-06-04 09:49:49,305 [icarl.py] => Task 9, Epoch 66/200 => Loss 2.626, Loss_clf 0.473, Loss_kd 2.148, Loss_kernel 0.005, Train_accy 85.87, Test_accy {'Art': 21.68, 'Clipart': 15.49, 'Real World': 35.98, 'Product': 56.41}
2025-06-04 09:50:06,928 [icarl.py] => Task 9, Epoch 67/200 => Loss 2.680, Loss_clf 0.516, Loss_kd 2.160, Loss_kernel 0.004, Train_accy 84.72
2025-06-04 09:50:24,288 [icarl.py] => Task 9, Epoch 68/200 => Loss 2.688, Loss_clf 0.511, Loss_kd 2.172, Loss_kernel 0.005, Train_accy 84.34
2025-06-04 09:50:41,614 [icarl.py] => Task 9, Epoch 69/200 => Loss 2.747, Loss_clf 0.539, Loss_kd 2.204, Loss_kernel 0.005, Train_accy 84.63
2025-06-04 09:50:58,856 [icarl.py] => Task 9, Epoch 70/200 => Loss 2.630, Loss_clf 0.477, Loss_kd 2.148, Loss_kernel 0.005, Train_accy 85.51
2025-06-04 09:51:32,175 [icarl.py] => Task 9, Epoch 71/200 => Loss 2.605, Loss_clf 0.458, Loss_kd 2.143, Loss_kernel 0.005, Train_accy 85.77, Test_accy {'Art': 21.94, 'Clipart': 15.04, 'Real World': 32.23, 'Product': 55.43}
2025-06-04 09:51:49,462 [icarl.py] => Task 9, Epoch 72/200 => Loss 2.602, Loss_clf 0.446, Loss_kd 2.152, Loss_kernel 0.005, Train_accy 85.84
2025-06-04 09:52:06,917 [icarl.py] => Task 9, Epoch 73/200 => Loss 2.635, Loss_clf 0.468, Loss_kd 2.163, Loss_kernel 0.004, Train_accy 85.93
2025-06-04 09:52:24,316 [icarl.py] => Task 9, Epoch 74/200 => Loss 2.601, Loss_clf 0.456, Loss_kd 2.140, Loss_kernel 0.004, Train_accy 85.84
2025-06-04 09:52:41,657 [icarl.py] => Task 9, Epoch 75/200 => Loss 2.647, Loss_clf 0.481, Loss_kd 2.162, Loss_kernel 0.004, Train_accy 84.35
2025-06-04 09:53:15,170 [icarl.py] => Task 9, Epoch 76/200 => Loss 2.609, Loss_clf 0.472, Loss_kd 2.133, Loss_kernel 0.004, Train_accy 85.76, Test_accy {'Art': 21.68, 'Clipart': 17.29, 'Real World': 35.69, 'Product': 55.71}
2025-06-04 09:53:32,752 [icarl.py] => Task 9, Epoch 77/200 => Loss 2.630, Loss_clf 0.466, Loss_kd 2.160, Loss_kernel 0.004, Train_accy 86.26
2025-06-04 09:53:50,162 [icarl.py] => Task 9, Epoch 78/200 => Loss 2.661, Loss_clf 0.484, Loss_kd 2.174, Loss_kernel 0.004, Train_accy 85.25
2025-06-04 09:54:07,539 [icarl.py] => Task 9, Epoch 79/200 => Loss 2.601, Loss_clf 0.452, Loss_kd 2.145, Loss_kernel 0.004, Train_accy 86.50
2025-06-04 09:54:24,874 [icarl.py] => Task 9, Epoch 80/200 => Loss 2.538, Loss_clf 0.415, Loss_kd 2.118, Loss_kernel 0.004, Train_accy 86.85
2025-06-04 09:54:58,318 [icarl.py] => Task 9, Epoch 81/200 => Loss 2.542, Loss_clf 0.399, Loss_kd 2.138, Loss_kernel 0.004, Train_accy 88.16, Test_accy {'Art': 20.92, 'Clipart': 15.94, 'Real World': 37.28, 'Product': 54.74}
2025-06-04 09:55:15,772 [icarl.py] => Task 9, Epoch 82/200 => Loss 2.527, Loss_clf 0.403, Loss_kd 2.120, Loss_kernel 0.004, Train_accy 87.53
2025-06-04 09:55:33,079 [icarl.py] => Task 9, Epoch 83/200 => Loss 2.524, Loss_clf 0.403, Loss_kd 2.117, Loss_kernel 0.004, Train_accy 87.77
2025-06-04 09:55:50,173 [icarl.py] => Task 9, Epoch 84/200 => Loss 2.572, Loss_clf 0.424, Loss_kd 2.145, Loss_kernel 0.004, Train_accy 87.33
2025-06-04 09:56:07,661 [icarl.py] => Task 9, Epoch 85/200 => Loss 2.507, Loss_clf 0.393, Loss_kd 2.110, Loss_kernel 0.003, Train_accy 87.51
2025-06-04 09:56:40,560 [icarl.py] => Task 9, Epoch 86/200 => Loss 2.517, Loss_clf 0.392, Loss_kd 2.121, Loss_kernel 0.004, Train_accy 88.06, Test_accy {'Art': 21.68, 'Clipart': 17.14, 'Real World': 36.99, 'Product': 56.41}
2025-06-04 09:56:57,934 [icarl.py] => Task 9, Epoch 87/200 => Loss 2.490, Loss_clf 0.377, Loss_kd 2.110, Loss_kernel 0.004, Train_accy 88.50
2025-06-04 09:57:15,351 [icarl.py] => Task 9, Epoch 88/200 => Loss 2.487, Loss_clf 0.384, Loss_kd 2.099, Loss_kernel 0.004, Train_accy 88.27
2025-06-04 09:57:32,634 [icarl.py] => Task 9, Epoch 89/200 => Loss 2.574, Loss_clf 0.432, Loss_kd 2.138, Loss_kernel 0.004, Train_accy 87.12
2025-06-04 09:57:50,037 [icarl.py] => Task 9, Epoch 90/200 => Loss 2.492, Loss_clf 0.386, Loss_kd 2.103, Loss_kernel 0.004, Train_accy 87.66
2025-06-04 09:58:23,283 [icarl.py] => Task 9, Epoch 91/200 => Loss 2.492, Loss_clf 0.370, Loss_kd 2.119, Loss_kernel 0.003, Train_accy 88.67, Test_accy {'Art': 21.94, 'Clipart': 15.94, 'Real World': 35.98, 'Product': 58.36}
2025-06-04 09:58:40,703 [icarl.py] => Task 9, Epoch 92/200 => Loss 2.484, Loss_clf 0.362, Loss_kd 2.119, Loss_kernel 0.004, Train_accy 88.92
2025-06-04 09:58:58,116 [icarl.py] => Task 9, Epoch 93/200 => Loss 2.458, Loss_clf 0.361, Loss_kd 2.094, Loss_kernel 0.003, Train_accy 89.14
2025-06-04 09:59:15,479 [icarl.py] => Task 9, Epoch 94/200 => Loss 2.424, Loss_clf 0.342, Loss_kd 2.079, Loss_kernel 0.003, Train_accy 89.67
2025-06-04 09:59:32,248 [icarl.py] => Task 9, Epoch 95/200 => Loss 2.442, Loss_clf 0.353, Loss_kd 2.086, Loss_kernel 0.003, Train_accy 89.34
2025-06-04 10:00:05,277 [icarl.py] => Task 9, Epoch 96/200 => Loss 2.466, Loss_clf 0.349, Loss_kd 2.114, Loss_kernel 0.003, Train_accy 89.36, Test_accy {'Art': 22.96, 'Clipart': 16.24, 'Real World': 36.99, 'Product': 56.96}
2025-06-04 10:00:22,258 [icarl.py] => Task 9, Epoch 97/200 => Loss 2.444, Loss_clf 0.368, Loss_kd 2.073, Loss_kernel 0.003, Train_accy 88.43
2025-06-04 10:00:39,640 [icarl.py] => Task 9, Epoch 98/200 => Loss 2.466, Loss_clf 0.371, Loss_kd 2.092, Loss_kernel 0.003, Train_accy 88.83
2025-06-04 10:00:56,446 [icarl.py] => Task 9, Epoch 99/200 => Loss 2.459, Loss_clf 0.344, Loss_kd 2.112, Loss_kernel 0.003, Train_accy 89.24
2025-06-04 10:01:14,054 [icarl.py] => Task 9, Epoch 100/200 => Loss 2.397, Loss_clf 0.317, Loss_kd 2.077, Loss_kernel 0.003, Train_accy 89.95
2025-06-04 10:01:47,354 [icarl.py] => Task 9, Epoch 101/200 => Loss 2.462, Loss_clf 0.362, Loss_kd 2.097, Loss_kernel 0.003, Train_accy 88.76, Test_accy {'Art': 20.92, 'Clipart': 16.69, 'Real World': 36.71, 'Product': 56.96}
2025-06-04 10:02:04,737 [icarl.py] => Task 9, Epoch 102/200 => Loss 2.450, Loss_clf 0.349, Loss_kd 2.098, Loss_kernel 0.003, Train_accy 89.52
2025-06-04 10:02:22,135 [icarl.py] => Task 9, Epoch 103/200 => Loss 2.420, Loss_clf 0.323, Loss_kd 2.093, Loss_kernel 0.003, Train_accy 90.56
2025-06-04 10:02:38,994 [icarl.py] => Task 9, Epoch 104/200 => Loss 2.437, Loss_clf 0.332, Loss_kd 2.102, Loss_kernel 0.003, Train_accy 89.84
2025-06-04 10:02:56,257 [icarl.py] => Task 9, Epoch 105/200 => Loss 2.408, Loss_clf 0.309, Loss_kd 2.096, Loss_kernel 0.003, Train_accy 90.78
2025-06-04 10:03:29,711 [icarl.py] => Task 9, Epoch 106/200 => Loss 2.404, Loss_clf 0.315, Loss_kd 2.085, Loss_kernel 0.003, Train_accy 90.46, Test_accy {'Art': 23.21, 'Clipart': 18.05, 'Real World': 37.57, 'Product': 57.38}
2025-06-04 10:03:46,702 [icarl.py] => Task 9, Epoch 107/200 => Loss 2.385, Loss_clf 0.292, Loss_kd 2.090, Loss_kernel 0.003, Train_accy 90.98
2025-06-04 10:04:03,762 [icarl.py] => Task 9, Epoch 108/200 => Loss 2.377, Loss_clf 0.313, Loss_kd 2.062, Loss_kernel 0.003, Train_accy 90.26
2025-06-04 10:04:21,079 [icarl.py] => Task 9, Epoch 109/200 => Loss 2.411, Loss_clf 0.325, Loss_kd 2.083, Loss_kernel 0.003, Train_accy 90.49
2025-06-04 10:04:38,479 [icarl.py] => Task 9, Epoch 110/200 => Loss 2.408, Loss_clf 0.319, Loss_kd 2.087, Loss_kernel 0.003, Train_accy 90.33
2025-06-04 10:05:11,359 [icarl.py] => Task 9, Epoch 111/200 => Loss 2.400, Loss_clf 0.316, Loss_kd 2.082, Loss_kernel 0.003, Train_accy 90.80, Test_accy {'Art': 20.41, 'Clipart': 15.34, 'Real World': 34.83, 'Product': 52.92}
2025-06-04 10:05:28,639 [icarl.py] => Task 9, Epoch 112/200 => Loss 2.380, Loss_clf 0.294, Loss_kd 2.083, Loss_kernel 0.003, Train_accy 91.19
2025-06-04 10:05:46,024 [icarl.py] => Task 9, Epoch 113/200 => Loss 2.385, Loss_clf 0.299, Loss_kd 2.083, Loss_kernel 0.003, Train_accy 91.37
2025-06-04 10:06:02,995 [icarl.py] => Task 9, Epoch 114/200 => Loss 2.357, Loss_clf 0.282, Loss_kd 2.072, Loss_kernel 0.003, Train_accy 92.14
2025-06-04 10:06:20,266 [icarl.py] => Task 9, Epoch 115/200 => Loss 2.298, Loss_clf 0.252, Loss_kd 2.043, Loss_kernel 0.003, Train_accy 92.27
2025-06-04 10:06:53,311 [icarl.py] => Task 9, Epoch 116/200 => Loss 2.295, Loss_clf 0.263, Loss_kd 2.030, Loss_kernel 0.003, Train_accy 92.20, Test_accy {'Art': 26.02, 'Clipart': 17.89, 'Real World': 38.58, 'Product': 59.75}
2025-06-04 10:07:10,469 [icarl.py] => Task 9, Epoch 117/200 => Loss 2.316, Loss_clf 0.265, Loss_kd 2.049, Loss_kernel 0.003, Train_accy 91.77
2025-06-04 10:07:28,025 [icarl.py] => Task 9, Epoch 118/200 => Loss 2.289, Loss_clf 0.263, Loss_kd 2.023, Loss_kernel 0.003, Train_accy 91.34
2025-06-04 10:07:45,180 [icarl.py] => Task 9, Epoch 119/200 => Loss 2.300, Loss_clf 0.243, Loss_kd 2.054, Loss_kernel 0.003, Train_accy 92.69
2025-06-04 10:08:02,070 [icarl.py] => Task 9, Epoch 120/200 => Loss 2.282, Loss_clf 0.241, Loss_kd 2.038, Loss_kernel 0.003, Train_accy 92.69
2025-06-04 10:08:35,647 [icarl.py] => Task 9, Epoch 121/200 => Loss 2.310, Loss_clf 0.249, Loss_kd 2.059, Loss_kernel 0.003, Train_accy 92.56, Test_accy {'Art': 26.02, 'Clipart': 17.44, 'Real World': 37.72, 'Product': 54.46}
2025-06-04 10:08:53,150 [icarl.py] => Task 9, Epoch 122/200 => Loss 2.310, Loss_clf 0.253, Loss_kd 2.055, Loss_kernel 0.003, Train_accy 92.37
2025-06-04 10:09:10,538 [icarl.py] => Task 9, Epoch 123/200 => Loss 2.332, Loss_clf 0.261, Loss_kd 2.068, Loss_kernel 0.003, Train_accy 91.92
2025-06-04 10:09:27,415 [icarl.py] => Task 9, Epoch 124/200 => Loss 2.284, Loss_clf 0.239, Loss_kd 2.042, Loss_kernel 0.003, Train_accy 93.03
2025-06-04 10:09:44,581 [icarl.py] => Task 9, Epoch 125/200 => Loss 2.303, Loss_clf 0.253, Loss_kd 2.047, Loss_kernel 0.002, Train_accy 92.90
2025-06-04 10:10:17,114 [icarl.py] => Task 9, Epoch 126/200 => Loss 2.295, Loss_clf 0.252, Loss_kd 2.040, Loss_kernel 0.002, Train_accy 91.92, Test_accy {'Art': 23.21, 'Clipart': 17.14, 'Real World': 38.73, 'Product': 57.8}
2025-06-04 10:10:33,446 [icarl.py] => Task 9, Epoch 127/200 => Loss 2.271, Loss_clf 0.237, Loss_kd 2.032, Loss_kernel 0.003, Train_accy 92.92
2025-06-04 10:10:50,839 [icarl.py] => Task 9, Epoch 128/200 => Loss 2.280, Loss_clf 0.246, Loss_kd 2.032, Loss_kernel 0.003, Train_accy 92.66
2025-06-04 10:11:08,147 [icarl.py] => Task 9, Epoch 129/200 => Loss 2.261, Loss_clf 0.221, Loss_kd 2.037, Loss_kernel 0.003, Train_accy 93.27
2025-06-04 10:11:25,463 [icarl.py] => Task 9, Epoch 130/200 => Loss 2.244, Loss_clf 0.206, Loss_kd 2.036, Loss_kernel 0.003, Train_accy 93.96
2025-06-04 10:11:59,530 [icarl.py] => Task 9, Epoch 131/200 => Loss 2.245, Loss_clf 0.219, Loss_kd 2.025, Loss_kernel 0.002, Train_accy 93.40, Test_accy {'Art': 23.72, 'Clipart': 18.2, 'Real World': 37.86, 'Product': 58.64}
2025-06-04 10:12:17,134 [icarl.py] => Task 9, Epoch 132/200 => Loss 2.271, Loss_clf 0.221, Loss_kd 2.047, Loss_kernel 0.002, Train_accy 93.17
2025-06-04 10:12:34,836 [icarl.py] => Task 9, Epoch 133/200 => Loss 2.279, Loss_clf 0.226, Loss_kd 2.051, Loss_kernel 0.002, Train_accy 92.50
2025-06-04 10:12:52,222 [icarl.py] => Task 9, Epoch 134/200 => Loss 2.260, Loss_clf 0.210, Loss_kd 2.047, Loss_kernel 0.002, Train_accy 93.32
2025-06-04 10:13:10,606 [icarl.py] => Task 9, Epoch 135/200 => Loss 2.256, Loss_clf 0.220, Loss_kd 2.034, Loss_kernel 0.002, Train_accy 93.63
2025-06-04 10:13:44,291 [icarl.py] => Task 9, Epoch 136/200 => Loss 2.224, Loss_clf 0.203, Loss_kd 2.019, Loss_kernel 0.002, Train_accy 93.87, Test_accy {'Art': 26.02, 'Clipart': 17.14, 'Real World': 39.31, 'Product': 59.19}
2025-06-04 10:14:01,258 [icarl.py] => Task 9, Epoch 137/200 => Loss 2.250, Loss_clf 0.209, Loss_kd 2.039, Loss_kernel 0.002, Train_accy 93.47
2025-06-04 10:14:18,616 [icarl.py] => Task 9, Epoch 138/200 => Loss 2.234, Loss_clf 0.217, Loss_kd 2.015, Loss_kernel 0.002, Train_accy 93.65
2025-06-04 10:14:35,059 [icarl.py] => Task 9, Epoch 139/200 => Loss 2.240, Loss_clf 0.217, Loss_kd 2.021, Loss_kernel 0.002, Train_accy 93.64
2025-06-04 10:14:54,049 [icarl.py] => Task 9, Epoch 140/200 => Loss 2.254, Loss_clf 0.215, Loss_kd 2.036, Loss_kernel 0.002, Train_accy 93.71
2025-06-04 10:15:26,350 [icarl.py] => Task 9, Epoch 141/200 => Loss 2.200, Loss_clf 0.184, Loss_kd 2.014, Loss_kernel 0.002, Train_accy 94.70, Test_accy {'Art': 22.96, 'Clipart': 16.69, 'Real World': 38.29, 'Product': 57.66}
2025-06-04 10:15:43,890 [icarl.py] => Task 9, Epoch 142/200 => Loss 2.235, Loss_clf 0.183, Loss_kd 2.050, Loss_kernel 0.002, Train_accy 94.44
2025-06-04 10:16:00,886 [icarl.py] => Task 9, Epoch 143/200 => Loss 2.226, Loss_clf 0.189, Loss_kd 2.036, Loss_kernel 0.002, Train_accy 94.54
2025-06-04 10:16:19,183 [icarl.py] => Task 9, Epoch 144/200 => Loss 2.217, Loss_clf 0.200, Loss_kd 2.015, Loss_kernel 0.002, Train_accy 93.36
2025-06-04 10:16:35,648 [icarl.py] => Task 9, Epoch 145/200 => Loss 2.203, Loss_clf 0.182, Loss_kd 2.020, Loss_kernel 0.002, Train_accy 94.72
2025-06-04 10:17:10,301 [icarl.py] => Task 9, Epoch 146/200 => Loss 2.217, Loss_clf 0.186, Loss_kd 2.029, Loss_kernel 0.002, Train_accy 94.15, Test_accy {'Art': 24.49, 'Clipart': 17.74, 'Real World': 38.87, 'Product': 60.72}
2025-06-04 10:17:28,051 [icarl.py] => Task 9, Epoch 147/200 => Loss 2.178, Loss_clf 0.186, Loss_kd 1.990, Loss_kernel 0.002, Train_accy 94.21
2025-06-04 10:17:45,585 [icarl.py] => Task 9, Epoch 148/200 => Loss 2.187, Loss_clf 0.177, Loss_kd 2.007, Loss_kernel 0.002, Train_accy 94.75
2025-06-04 10:18:02,998 [icarl.py] => Task 9, Epoch 149/200 => Loss 2.218, Loss_clf 0.195, Loss_kd 2.020, Loss_kernel 0.002, Train_accy 93.96
2025-06-04 10:18:20,311 [icarl.py] => Task 9, Epoch 150/200 => Loss 2.195, Loss_clf 0.190, Loss_kd 2.002, Loss_kernel 0.002, Train_accy 94.04
2025-06-04 10:18:53,344 [icarl.py] => Task 9, Epoch 151/200 => Loss 2.188, Loss_clf 0.181, Loss_kd 2.005, Loss_kernel 0.002, Train_accy 94.70, Test_accy {'Art': 25.77, 'Clipart': 16.09, 'Real World': 40.32, 'Product': 59.75}
2025-06-04 10:19:10,447 [icarl.py] => Task 9, Epoch 152/200 => Loss 2.202, Loss_clf 0.184, Loss_kd 2.016, Loss_kernel 0.002, Train_accy 94.97
2025-06-04 10:19:27,421 [icarl.py] => Task 9, Epoch 153/200 => Loss 2.182, Loss_clf 0.179, Loss_kd 2.001, Loss_kernel 0.002, Train_accy 94.98
2025-06-04 10:19:44,448 [icarl.py] => Task 9, Epoch 154/200 => Loss 2.197, Loss_clf 0.174, Loss_kd 2.022, Loss_kernel 0.002, Train_accy 94.99
2025-06-04 10:20:01,291 [icarl.py] => Task 9, Epoch 155/200 => Loss 2.191, Loss_clf 0.180, Loss_kd 2.008, Loss_kernel 0.002, Train_accy 95.35
2025-06-04 10:20:34,117 [icarl.py] => Task 9, Epoch 156/200 => Loss 2.143, Loss_clf 0.144, Loss_kd 1.997, Loss_kernel 0.002, Train_accy 95.57, Test_accy {'Art': 25.0, 'Clipart': 17.29, 'Real World': 38.87, 'Product': 58.36}
2025-06-04 10:20:50,506 [icarl.py] => Task 9, Epoch 157/200 => Loss 2.166, Loss_clf 0.167, Loss_kd 1.996, Loss_kernel 0.002, Train_accy 95.06
2025-06-04 10:21:07,266 [icarl.py] => Task 9, Epoch 158/200 => Loss 2.140, Loss_clf 0.159, Loss_kd 1.978, Loss_kernel 0.002, Train_accy 95.21
2025-06-04 10:21:23,428 [icarl.py] => Task 9, Epoch 159/200 => Loss 2.121, Loss_clf 0.137, Loss_kd 1.982, Loss_kernel 0.002, Train_accy 96.26
2025-06-04 10:21:40,197 [icarl.py] => Task 9, Epoch 160/200 => Loss 2.139, Loss_clf 0.157, Loss_kd 1.980, Loss_kernel 0.002, Train_accy 95.46
2025-06-04 10:22:12,990 [icarl.py] => Task 9, Epoch 161/200 => Loss 2.137, Loss_clf 0.142, Loss_kd 1.993, Loss_kernel 0.002, Train_accy 96.50, Test_accy {'Art': 22.7, 'Clipart': 18.05, 'Real World': 38.58, 'Product': 58.5}
2025-06-04 10:22:30,281 [icarl.py] => Task 9, Epoch 162/200 => Loss 2.184, Loss_clf 0.167, Loss_kd 2.015, Loss_kernel 0.002, Train_accy 95.04
2025-06-04 10:22:46,866 [icarl.py] => Task 9, Epoch 163/200 => Loss 2.156, Loss_clf 0.152, Loss_kd 2.002, Loss_kernel 0.002, Train_accy 95.83
2025-06-04 10:23:03,668 [icarl.py] => Task 9, Epoch 164/200 => Loss 2.146, Loss_clf 0.151, Loss_kd 1.993, Loss_kernel 0.002, Train_accy 96.20
2025-06-04 10:23:20,445 [icarl.py] => Task 9, Epoch 165/200 => Loss 2.166, Loss_clf 0.158, Loss_kd 2.006, Loss_kernel 0.002, Train_accy 94.94
2025-06-04 10:23:53,284 [icarl.py] => Task 9, Epoch 166/200 => Loss 2.145, Loss_clf 0.155, Loss_kd 1.988, Loss_kernel 0.002, Train_accy 95.96, Test_accy {'Art': 22.96, 'Clipart': 16.84, 'Real World': 38.29, 'Product': 58.5}
2025-06-04 10:24:10,439 [icarl.py] => Task 9, Epoch 167/200 => Loss 2.181, Loss_clf 0.162, Loss_kd 2.016, Loss_kernel 0.002, Train_accy 95.47
2025-06-04 10:24:27,677 [icarl.py] => Task 9, Epoch 168/200 => Loss 2.104, Loss_clf 0.134, Loss_kd 1.968, Loss_kernel 0.002, Train_accy 96.59
2025-06-04 10:24:44,120 [icarl.py] => Task 9, Epoch 169/200 => Loss 2.150, Loss_clf 0.151, Loss_kd 1.997, Loss_kernel 0.002, Train_accy 95.64
2025-06-04 10:25:01,276 [icarl.py] => Task 9, Epoch 170/200 => Loss 2.113, Loss_clf 0.136, Loss_kd 1.974, Loss_kernel 0.002, Train_accy 96.54
2025-06-04 10:25:33,274 [icarl.py] => Task 9, Epoch 171/200 => Loss 2.132, Loss_clf 0.142, Loss_kd 1.988, Loss_kernel 0.002, Train_accy 95.44, Test_accy {'Art': 23.47, 'Clipart': 17.44, 'Real World': 39.45, 'Product': 59.33}
2025-06-04 10:25:50,274 [icarl.py] => Task 9, Epoch 172/200 => Loss 2.125, Loss_clf 0.133, Loss_kd 1.990, Loss_kernel 0.002, Train_accy 96.11
2025-06-04 10:26:07,524 [icarl.py] => Task 9, Epoch 173/200 => Loss 2.150, Loss_clf 0.160, Loss_kd 1.989, Loss_kernel 0.002, Train_accy 95.18
2025-06-04 10:26:23,469 [icarl.py] => Task 9, Epoch 174/200 => Loss 2.115, Loss_clf 0.134, Loss_kd 1.979, Loss_kernel 0.002, Train_accy 96.63
2025-06-04 10:26:40,590 [icarl.py] => Task 9, Epoch 175/200 => Loss 2.170, Loss_clf 0.148, Loss_kd 2.020, Loss_kernel 0.002, Train_accy 95.50
2025-06-04 10:27:12,520 [icarl.py] => Task 9, Epoch 176/200 => Loss 2.123, Loss_clf 0.141, Loss_kd 1.980, Loss_kernel 0.002, Train_accy 96.18, Test_accy {'Art': 25.0, 'Clipart': 17.29, 'Real World': 39.88, 'Product': 60.72}
2025-06-04 10:27:29,335 [icarl.py] => Task 9, Epoch 177/200 => Loss 2.108, Loss_clf 0.122, Loss_kd 1.984, Loss_kernel 0.002, Train_accy 96.61
2025-06-04 10:27:45,429 [icarl.py] => Task 9, Epoch 178/200 => Loss 2.105, Loss_clf 0.129, Loss_kd 1.974, Loss_kernel 0.002, Train_accy 96.70
2025-06-04 10:28:02,183 [icarl.py] => Task 9, Epoch 179/200 => Loss 2.082, Loss_clf 0.111, Loss_kd 1.970, Loss_kernel 0.002, Train_accy 97.21
2025-06-04 10:28:18,465 [icarl.py] => Task 9, Epoch 180/200 => Loss 2.108, Loss_clf 0.122, Loss_kd 1.984, Loss_kernel 0.002, Train_accy 96.67
2025-06-04 10:28:51,001 [icarl.py] => Task 9, Epoch 181/200 => Loss 2.111, Loss_clf 0.135, Loss_kd 1.974, Loss_kernel 0.002, Train_accy 96.93, Test_accy {'Art': 23.72, 'Clipart': 17.14, 'Real World': 38.29, 'Product': 60.17}
2025-06-04 10:29:07,975 [icarl.py] => Task 9, Epoch 182/200 => Loss 2.135, Loss_clf 0.136, Loss_kd 1.997, Loss_kernel 0.002, Train_accy 96.37
2025-06-04 10:29:25,142 [icarl.py] => Task 9, Epoch 183/200 => Loss 2.126, Loss_clf 0.124, Loss_kd 2.000, Loss_kernel 0.002, Train_accy 96.84
2025-06-04 10:29:41,930 [icarl.py] => Task 9, Epoch 184/200 => Loss 2.152, Loss_clf 0.150, Loss_kd 2.000, Loss_kernel 0.002, Train_accy 95.43
2025-06-04 10:29:58,786 [icarl.py] => Task 9, Epoch 185/200 => Loss 2.130, Loss_clf 0.138, Loss_kd 1.990, Loss_kernel 0.002, Train_accy 96.28
2025-06-04 10:30:30,848 [icarl.py] => Task 9, Epoch 186/200 => Loss 2.132, Loss_clf 0.134, Loss_kd 1.996, Loss_kernel 0.002, Train_accy 95.95, Test_accy {'Art': 25.51, 'Clipart': 16.99, 'Real World': 38.01, 'Product': 58.36}
2025-06-04 10:30:48,045 [icarl.py] => Task 9, Epoch 187/200 => Loss 2.096, Loss_clf 0.129, Loss_kd 1.965, Loss_kernel 0.002, Train_accy 96.29
2025-06-04 10:31:03,650 [icarl.py] => Task 9, Epoch 188/200 => Loss 2.082, Loss_clf 0.105, Loss_kd 1.975, Loss_kernel 0.002, Train_accy 97.25
2025-06-04 10:31:20,370 [icarl.py] => Task 9, Epoch 189/200 => Loss 2.099, Loss_clf 0.119, Loss_kd 1.979, Loss_kernel 0.002, Train_accy 96.93
2025-06-04 10:31:36,475 [icarl.py] => Task 9, Epoch 190/200 => Loss 2.118, Loss_clf 0.116, Loss_kd 2.000, Loss_kernel 0.002, Train_accy 96.87
2025-06-04 10:32:08,999 [icarl.py] => Task 9, Epoch 191/200 => Loss 2.091, Loss_clf 0.118, Loss_kd 1.971, Loss_kernel 0.002, Train_accy 97.17, Test_accy {'Art': 23.47, 'Clipart': 17.74, 'Real World': 39.31, 'Product': 59.47}
2025-06-04 10:32:26,094 [icarl.py] => Task 9, Epoch 192/200 => Loss 2.097, Loss_clf 0.118, Loss_kd 1.977, Loss_kernel 0.002, Train_accy 97.32
2025-06-04 10:32:42,935 [icarl.py] => Task 9, Epoch 193/200 => Loss 2.112, Loss_clf 0.125, Loss_kd 1.985, Loss_kernel 0.002, Train_accy 96.32
2025-06-04 10:32:59,402 [icarl.py] => Task 9, Epoch 194/200 => Loss 2.094, Loss_clf 0.118, Loss_kd 1.975, Loss_kernel 0.002, Train_accy 97.03
2025-06-04 10:33:16,001 [icarl.py] => Task 9, Epoch 195/200 => Loss 2.085, Loss_clf 0.117, Loss_kd 1.966, Loss_kernel 0.002, Train_accy 96.92
2025-06-04 10:33:47,910 [icarl.py] => Task 9, Epoch 196/200 => Loss 2.164, Loss_clf 0.132, Loss_kd 2.030, Loss_kernel 0.002, Train_accy 96.56, Test_accy {'Art': 24.23, 'Clipart': 17.44, 'Real World': 39.31, 'Product': 59.19}
2025-06-04 10:34:04,407 [icarl.py] => Task 9, Epoch 197/200 => Loss 2.096, Loss_clf 0.114, Loss_kd 1.981, Loss_kernel 0.002, Train_accy 96.74
2025-06-04 10:34:21,208 [icarl.py] => Task 9, Epoch 198/200 => Loss 2.109, Loss_clf 0.117, Loss_kd 1.990, Loss_kernel 0.002, Train_accy 97.06
2025-06-04 10:34:37,578 [icarl.py] => Task 9, Epoch 199/200 => Loss 2.087, Loss_clf 0.108, Loss_kd 1.977, Loss_kernel 0.002, Train_accy 97.19
2025-06-04 10:34:52,818 [icarl.py] => Task 9, Epoch 200/200 => Loss 2.054, Loss_clf 0.100, Loss_kd 1.953, Loss_kernel 0.002, Train_accy 97.42
2025-06-04 10:34:52,819 [base.py] => Reducing exemplars...(26 per classes)
2025-06-04 10:35:22,441 [base.py] => Constructing exemplars...(26 per classes)
2025-06-04 10:36:04,971 [icarl.py] => Exemplar size: 1300
2025-06-04 10:36:06,021 [trainer.py] => CNN [Art]: {'total': 23.72, '00-04': 57.89, '05-09': 35.29, '10-14': 16.22, '15-19': 25.93, '20-24': 13.16, '25-29': 2.94, '30-34': 12.73, '35-39': 19.51, '40-44': 13.16, '45-49': 40.0, 'old': 21.35, 'new': 40.0}
2025-06-04 10:36:06,022 [trainer.py] => NME [Art]: {'total': 26.02, '00-04': 36.84, '05-09': 29.41, '10-14': 13.51, '15-19': 29.63, '20-24': 15.79, '25-29': 11.76, '30-34': 30.91, '35-39': 17.07, '40-44': 21.05, '45-49': 46.0, 'old': 23.1, 'new': 46.0}
2025-06-04 10:36:06,022 [trainer.py] => CNN [Art] top1 curve: [63.16, 47.22, 46.79, 45.59, 36.78, 34.62, 33.84, 29.93, 25.44, 23.72]
2025-06-04 10:36:06,022 [trainer.py] => CNN [Art] top5 curve: [92.11, 77.78, 73.39, 70.59, 63.79, 61.06, 55.51, 54.61, 49.71, 47.19]
2025-06-04 10:36:06,023 [trainer.py] => NME [Art] top1 curve: [63.16, 52.78, 53.21, 49.26, 41.95, 41.83, 34.22, 30.59, 25.15, 26.02]
2025-06-04 10:36:06,023 [trainer.py] => NME [Art] top5 curve: [100.0, 84.72, 81.65, 73.53, 70.11, 64.42, 58.56, 56.25, 52.92, 50.0]
2025-06-04 10:36:06,023 [trainer.py] => Average Accuracy [Art] (CNN): 38.708999999999996
2025-06-04 10:36:06,023 [trainer.py] => Average Accuracy [Art] (NME): 41.817
2025-06-04 10:36:06,023 [trainer.py] => CNN [Clipart]: {'total': 17.29, '00-04': 23.08, '05-09': 20.97, '10-14': 12.12, '15-19': 18.87, '20-24': 12.36, '25-29': 1.61, '30-34': 7.81, '35-39': 14.75, '40-44': 33.33, '45-49': 28.12, 'old': 16.14, 'new': 28.12}
2025-06-04 10:36:06,023 [trainer.py] => NME [Clipart]: {'total': 18.35, '00-04': 19.23, '05-09': 24.19, '10-14': 15.15, '15-19': 18.87, '20-24': 12.36, '25-29': 3.23, '30-34': 9.38, '35-39': 18.03, '40-44': 39.39, '45-49': 25.0, 'old': 17.64, 'new': 25.0}
2025-06-04 10:36:06,023 [trainer.py] => CNN [Clipart] top1 curve: [50.0, 40.0, 33.98, 28.57, 27.3, 22.44, 19.83, 20.19, 18.3, 17.29]
2025-06-04 10:36:06,023 [trainer.py] => CNN [Clipart] top5 curve: [96.15, 74.29, 66.02, 55.98, 51.72, 45.85, 43.88, 41.68, 37.6, 36.84]
2025-06-04 10:36:06,024 [trainer.py] => NME [Clipart] top1 curve: [52.56, 45.71, 34.47, 26.64, 25.29, 23.41, 20.04, 22.24, 19.3, 18.35]
2025-06-04 10:36:06,024 [trainer.py] => NME [Clipart] top5 curve: [100.0, 80.71, 68.93, 61.78, 58.62, 52.2, 48.52, 43.93, 41.26, 40.0]
2025-06-04 10:36:06,024 [trainer.py] => Average Accuracy [Clipart] (CNN): 27.79
2025-06-04 10:36:06,024 [trainer.py] => Average Accuracy [Clipart] (NME): 28.801
2025-06-04 10:36:06,024 [trainer.py] => CNN [Product]: {'total': 58.91, '00-04': 76.47, '05-09': 53.75, '10-14': 74.19, '15-19': 50.65, '20-24': 57.38, '25-29': 54.43, '30-34': 46.27, '35-39': 45.45, '40-44': 58.57, '45-49': 70.42, 'old': 57.65, 'new': 70.42}
2025-06-04 10:36:06,024 [trainer.py] => NME [Product]: {'total': 60.72, '00-04': 70.59, '05-09': 48.75, '10-14': 77.42, '15-19': 54.55, '20-24': 59.02, '25-29': 67.09, '30-34': 49.25, '35-39': 53.03, '40-44': 65.71, '45-49': 61.97, 'old': 60.59, 'new': 61.97}
2025-06-04 10:36:06,024 [trainer.py] => CNN [Product] top1 curve: [87.06, 78.79, 87.67, 80.92, 75.89, 75.23, 72.21, 65.16, 62.13, 58.91]
2025-06-04 10:36:06,024 [trainer.py] => CNN [Product] top5 curve: [100.0, 98.79, 97.8, 95.72, 94.25, 92.57, 91.78, 87.0, 84.7, 84.12]
2025-06-04 10:36:06,025 [trainer.py] => NME [Product] top1 curve: [89.41, 86.67, 90.31, 82.57, 78.08, 76.35, 73.39, 67.76, 65.53, 60.72]
2025-06-04 10:36:06,025 [trainer.py] => NME [Product] top5 curve: [100.0, 99.39, 98.68, 96.71, 94.52, 94.37, 91.39, 89.43, 87.79, 85.52]
2025-06-04 10:36:06,025 [trainer.py] => Average Accuracy [Product] (CNN): 74.397
2025-06-04 10:36:06,025 [trainer.py] => Average Accuracy [Product] (NME): 77.079
2025-06-04 10:36:06,025 [trainer.py] => CNN [Real World]: {'total': 38.87, '00-04': 49.32, '05-09': 45.59, '10-14': 30.56, '15-19': 26.87, '20-24': 10.77, '25-29': 41.56, '30-34': 45.33, '35-39': 25.42, '40-44': 40.62, '45-49': 66.67, 'old': 35.65, 'new': 66.67}
2025-06-04 10:36:06,025 [trainer.py] => NME [Real World]: {'total': 42.34, '00-04': 36.99, '05-09': 42.65, '10-14': 34.72, '15-19': 29.85, '20-24': 23.08, '25-29': 46.75, '30-34': 57.33, '35-39': 37.29, '40-44': 45.31, '45-49': 65.28, 'old': 39.68, 'new': 65.28}
2025-06-04 10:36:06,025 [trainer.py] => CNN [Real World] top1 curve: [73.97, 64.54, 58.69, 54.29, 45.8, 48.82, 44.87, 42.99, 39.35, 38.87]
2025-06-04 10:36:06,025 [trainer.py] => CNN [Real World] top5 curve: [98.63, 90.78, 83.1, 80.0, 72.75, 75.12, 71.83, 69.6, 64.19, 63.87]
2025-06-04 10:36:06,025 [trainer.py] => NME [Real World] top1 curve: [78.08, 70.92, 60.09, 54.29, 48.7, 48.82, 46.88, 44.78, 41.29, 42.34]
2025-06-04 10:36:06,026 [trainer.py] => NME [Real World] top5 curve: [100.0, 96.45, 91.55, 86.79, 77.68, 80.57, 74.04, 70.5, 68.55, 67.05]
2025-06-04 10:36:06,026 [trainer.py] => Average Accuracy [Real World] (CNN): 51.21900000000001
2025-06-04 10:36:06,026 [trainer.py] => Average Accuracy [Real World] (NME): 53.61900000000001
2025-06-04 10:36:06,026 [trainer.py] => NME Harmonic Mean : 25.7277
2025-06-04 10:36:06,026 [trainer.py] => NME Macro Mean : 36.8575
2025-06-04 10:36:06,026 [trainer.py] => CNN Harmonic Mean : 24.2341
2025-06-04 10:36:06,026 [trainer.py] => CNN Macro Mean : 34.6975
2025-06-04 10:36:06,027 [trainer.py] => All params: 21315452
2025-06-04 10:36:06,028 [trainer.py] => Trainable params: 21315452
2025-06-04 10:36:06,030 [icarl.py] => Learning on 50-55
2025-06-04 10:36:41,237 [icarl.py] => Task 10, Epoch 1/200 => Loss 5.175, Loss_clf 2.411, Loss_kd 2.759, Loss_kernel 0.006, Train_accy 41.01, Test_accy {'Art': 6.8, 'Clipart': 6.18, 'Real World': 8.7, 'Product': 10.6}
2025-06-04 10:36:58,999 [icarl.py] => Task 10, Epoch 2/200 => Loss 6.135, Loss_clf 2.822, Loss_kd 3.302, Loss_kernel 0.011, Train_accy 30.47
2025-06-04 10:37:16,437 [icarl.py] => Task 10, Epoch 3/200 => Loss 5.296, Loss_clf 2.255, Loss_kd 3.033, Loss_kernel 0.008, Train_accy 39.24
2025-06-04 10:37:33,892 [icarl.py] => Task 10, Epoch 4/200 => Loss 4.740, Loss_clf 1.902, Loss_kd 2.830, Loss_kernel 0.007, Train_accy 46.10
2025-06-04 10:37:51,642 [icarl.py] => Task 10, Epoch 5/200 => Loss 4.506, Loss_clf 1.732, Loss_kd 2.766, Loss_kernel 0.007, Train_accy 49.76
2025-06-04 10:38:25,875 [icarl.py] => Task 10, Epoch 6/200 => Loss 4.329, Loss_clf 1.618, Loss_kd 2.704, Loss_kernel 0.008, Train_accy 52.71, Test_accy {'Art': 17.23, 'Clipart': 15.26, 'Real World': 26.1, 'Product': 40.74}
2025-06-04 10:38:43,682 [icarl.py] => Task 10, Epoch 7/200 => Loss 4.192, Loss_clf 1.513, Loss_kd 2.672, Loss_kernel 0.008, Train_accy 56.13
2025-06-04 10:39:02,747 [icarl.py] => Task 10, Epoch 8/200 => Loss 3.930, Loss_clf 1.354, Loss_kd 2.569, Loss_kernel 0.007, Train_accy 60.88
2025-06-04 10:39:20,573 [icarl.py] => Task 10, Epoch 9/200 => Loss 3.990, Loss_clf 1.384, Loss_kd 2.599, Loss_kernel 0.008, Train_accy 58.67
2025-06-04 10:39:38,104 [icarl.py] => Task 10, Epoch 10/200 => Loss 3.812, Loss_clf 1.269, Loss_kd 2.536, Loss_kernel 0.008, Train_accy 61.74
2025-06-04 10:40:13,672 [icarl.py] => Task 10, Epoch 11/200 => Loss 3.596, Loss_clf 1.116, Loss_kd 2.473, Loss_kernel 0.006, Train_accy 67.34, Test_accy {'Art': 19.95, 'Clipart': 15.0, 'Real World': 29.74, 'Product': 44.32}
2025-06-04 10:40:31,431 [icarl.py] => Task 10, Epoch 12/200 => Loss 3.609, Loss_clf 1.121, Loss_kd 2.481, Loss_kernel 0.007, Train_accy 65.96
2025-06-04 10:40:49,105 [icarl.py] => Task 10, Epoch 13/200 => Loss 3.584, Loss_clf 1.107, Loss_kd 2.471, Loss_kernel 0.007, Train_accy 67.24
2025-06-04 10:41:06,579 [icarl.py] => Task 10, Epoch 14/200 => Loss 3.580, Loss_clf 1.106, Loss_kd 2.467, Loss_kernel 0.007, Train_accy 67.28
2025-06-04 10:41:24,249 [icarl.py] => Task 10, Epoch 15/200 => Loss 3.478, Loss_clf 1.014, Loss_kd 2.457, Loss_kernel 0.007, Train_accy 69.09
2025-06-04 10:41:59,395 [icarl.py] => Task 10, Epoch 16/200 => Loss 3.435, Loss_clf 1.002, Loss_kd 2.425, Loss_kernel 0.008, Train_accy 70.17, Test_accy {'Art': 12.02, 'Clipart': 14.61, 'Real World': 28.44, 'Product': 39.46}
2025-06-04 10:42:17,004 [icarl.py] => Task 10, Epoch 17/200 => Loss 3.247, Loss_clf 0.877, Loss_kd 2.364, Loss_kernel 0.007, Train_accy 73.44
2025-06-04 10:42:34,476 [icarl.py] => Task 10, Epoch 18/200 => Loss 3.287, Loss_clf 0.889, Loss_kd 2.390, Loss_kernel 0.007, Train_accy 72.95
2025-06-04 10:42:51,594 [icarl.py] => Task 10, Epoch 19/200 => Loss 3.237, Loss_clf 0.879, Loss_kd 2.352, Loss_kernel 0.006, Train_accy 74.23
2025-06-04 10:43:09,117 [icarl.py] => Task 10, Epoch 20/200 => Loss 3.219, Loss_clf 0.863, Loss_kd 2.349, Loss_kernel 0.007, Train_accy 74.34
2025-06-04 10:43:43,540 [icarl.py] => Task 10, Epoch 21/200 => Loss 3.212, Loss_clf 0.845, Loss_kd 2.360, Loss_kernel 0.007, Train_accy 75.34, Test_accy {'Art': 17.23, 'Clipart': 16.18, 'Real World': 33.51, 'Product': 49.94}
2025-06-04 10:44:01,144 [icarl.py] => Task 10, Epoch 22/200 => Loss 3.177, Loss_clf 0.803, Loss_kd 2.367, Loss_kernel 0.007, Train_accy 76.13
2025-06-04 10:44:18,929 [icarl.py] => Task 10, Epoch 23/200 => Loss 3.072, Loss_clf 0.738, Loss_kd 2.327, Loss_kernel 0.007, Train_accy 77.17
2025-06-04 10:44:36,478 [icarl.py] => Task 10, Epoch 24/200 => Loss 3.073, Loss_clf 0.742, Loss_kd 2.324, Loss_kernel 0.006, Train_accy 78.37
2025-06-04 10:44:54,778 [icarl.py] => Task 10, Epoch 25/200 => Loss 2.968, Loss_clf 0.675, Loss_kd 2.287, Loss_kernel 0.006, Train_accy 80.04
2025-06-04 10:45:29,617 [icarl.py] => Task 10, Epoch 26/200 => Loss 2.927, Loss_clf 0.647, Loss_kd 2.275, Loss_kernel 0.006, Train_accy 80.51, Test_accy {'Art': 21.77, 'Clipart': 14.61, 'Real World': 33.12, 'Product': 50.45}
2025-06-04 10:45:46,806 [icarl.py] => Task 10, Epoch 27/200 => Loss 3.014, Loss_clf 0.714, Loss_kd 2.294, Loss_kernel 0.006, Train_accy 78.27
2025-06-04 10:46:04,325 [icarl.py] => Task 10, Epoch 28/200 => Loss 2.971, Loss_clf 0.677, Loss_kd 2.288, Loss_kernel 0.006, Train_accy 79.62
2025-06-04 10:46:21,820 [icarl.py] => Task 10, Epoch 29/200 => Loss 3.016, Loss_clf 0.708, Loss_kd 2.302, Loss_kernel 0.006, Train_accy 78.32
2025-06-04 10:46:39,000 [icarl.py] => Task 10, Epoch 30/200 => Loss 2.953, Loss_clf 0.652, Loss_kd 2.296, Loss_kernel 0.006, Train_accy 79.51
2025-06-04 10:47:13,469 [icarl.py] => Task 10, Epoch 31/200 => Loss 2.895, Loss_clf 0.618, Loss_kd 2.272, Loss_kernel 0.005, Train_accy 81.10, Test_accy {'Art': 20.63, 'Clipart': 18.16, 'Real World': 36.88, 'Product': 52.36}
2025-06-04 10:47:31,166 [icarl.py] => Task 10, Epoch 32/200 => Loss 2.914, Loss_clf 0.649, Loss_kd 2.259, Loss_kernel 0.005, Train_accy 81.02
2025-06-04 10:47:48,887 [icarl.py] => Task 10, Epoch 33/200 => Loss 2.899, Loss_clf 0.630, Loss_kd 2.265, Loss_kernel 0.005, Train_accy 80.38
2025-06-04 10:48:06,427 [icarl.py] => Task 10, Epoch 34/200 => Loss 2.860, Loss_clf 0.602, Loss_kd 2.253, Loss_kernel 0.005, Train_accy 81.79
2025-06-04 10:48:24,017 [icarl.py] => Task 10, Epoch 35/200 => Loss 2.865, Loss_clf 0.613, Loss_kd 2.246, Loss_kernel 0.006, Train_accy 80.94
2025-06-04 10:48:58,048 [icarl.py] => Task 10, Epoch 36/200 => Loss 2.879, Loss_clf 0.630, Loss_kd 2.244, Loss_kernel 0.006, Train_accy 81.15, Test_accy {'Art': 21.77, 'Clipart': 16.84, 'Real World': 34.29, 'Product': 50.32}
2025-06-04 10:49:15,691 [icarl.py] => Task 10, Epoch 37/200 => Loss 2.850, Loss_clf 0.589, Loss_kd 2.256, Loss_kernel 0.006, Train_accy 82.41
2025-06-04 10:49:33,252 [icarl.py] => Task 10, Epoch 38/200 => Loss 2.793, Loss_clf 0.566, Loss_kd 2.221, Loss_kernel 0.005, Train_accy 82.50
2025-06-04 10:49:50,673 [icarl.py] => Task 10, Epoch 39/200 => Loss 2.793, Loss_clf 0.553, Loss_kd 2.235, Loss_kernel 0.005, Train_accy 83.42
2025-06-04 10:50:08,206 [icarl.py] => Task 10, Epoch 40/200 => Loss 2.784, Loss_clf 0.558, Loss_kd 2.221, Loss_kernel 0.005, Train_accy 84.01
2025-06-04 10:50:42,774 [icarl.py] => Task 10, Epoch 41/200 => Loss 2.819, Loss_clf 0.587, Loss_kd 2.227, Loss_kernel 0.005, Train_accy 83.03, Test_accy {'Art': 19.95, 'Clipart': 16.84, 'Real World': 31.17, 'Product': 48.53}
2025-06-04 10:51:00,376 [icarl.py] => Task 10, Epoch 42/200 => Loss 2.812, Loss_clf 0.571, Loss_kd 2.236, Loss_kernel 0.005, Train_accy 83.11
2025-06-04 10:51:17,839 [icarl.py] => Task 10, Epoch 43/200 => Loss 2.826, Loss_clf 0.571, Loss_kd 2.249, Loss_kernel 0.005, Train_accy 82.47
2025-06-04 10:51:35,308 [icarl.py] => Task 10, Epoch 44/200 => Loss 2.771, Loss_clf 0.551, Loss_kd 2.216, Loss_kernel 0.005, Train_accy 83.37
2025-06-04 10:51:52,776 [icarl.py] => Task 10, Epoch 45/200 => Loss 2.795, Loss_clf 0.561, Loss_kd 2.230, Loss_kernel 0.005, Train_accy 83.22
2025-06-04 10:52:27,151 [icarl.py] => Task 10, Epoch 46/200 => Loss 2.802, Loss_clf 0.559, Loss_kd 2.239, Loss_kernel 0.005, Train_accy 83.13, Test_accy {'Art': 22.22, 'Clipart': 15.79, 'Real World': 34.29, 'Product': 51.09}
2025-06-04 10:52:44,677 [icarl.py] => Task 10, Epoch 47/200 => Loss 2.711, Loss_clf 0.517, Loss_kd 2.188, Loss_kernel 0.005, Train_accy 84.31
2025-06-04 10:53:02,132 [icarl.py] => Task 10, Epoch 48/200 => Loss 2.776, Loss_clf 0.568, Loss_kd 2.203, Loss_kernel 0.005, Train_accy 83.32
2025-06-04 10:53:19,675 [icarl.py] => Task 10, Epoch 49/200 => Loss 2.754, Loss_clf 0.528, Loss_kd 2.222, Loss_kernel 0.005, Train_accy 84.60
2025-06-04 10:53:37,267 [icarl.py] => Task 10, Epoch 50/200 => Loss 2.770, Loss_clf 0.535, Loss_kd 2.229, Loss_kernel 0.005, Train_accy 84.13
2025-06-04 10:54:11,909 [icarl.py] => Task 10, Epoch 51/200 => Loss 2.723, Loss_clf 0.518, Loss_kd 2.200, Loss_kernel 0.005, Train_accy 84.31, Test_accy {'Art': 22.68, 'Clipart': 15.66, 'Real World': 35.32, 'Product': 54.79}
2025-06-04 10:54:29,622 [icarl.py] => Task 10, Epoch 52/200 => Loss 2.747, Loss_clf 0.520, Loss_kd 2.222, Loss_kernel 0.005, Train_accy 84.21
2025-06-04 10:54:47,541 [icarl.py] => Task 10, Epoch 53/200 => Loss 2.709, Loss_clf 0.511, Loss_kd 2.193, Loss_kernel 0.005, Train_accy 84.38
2025-06-04 10:55:05,963 [icarl.py] => Task 10, Epoch 54/200 => Loss 2.720, Loss_clf 0.490, Loss_kd 2.225, Loss_kernel 0.005, Train_accy 85.06
2025-06-04 10:55:23,548 [icarl.py] => Task 10, Epoch 55/200 => Loss 2.707, Loss_clf 0.518, Loss_kd 2.185, Loss_kernel 0.005, Train_accy 83.84
2025-06-04 10:55:58,374 [icarl.py] => Task 10, Epoch 56/200 => Loss 2.729, Loss_clf 0.507, Loss_kd 2.217, Loss_kernel 0.005, Train_accy 84.98, Test_accy {'Art': 19.5, 'Clipart': 15.79, 'Real World': 34.42, 'Product': 46.1}
2025-06-04 10:56:15,833 [icarl.py] => Task 10, Epoch 57/200 => Loss 2.694, Loss_clf 0.512, Loss_kd 2.178, Loss_kernel 0.005, Train_accy 84.82
2025-06-04 10:56:33,107 [icarl.py] => Task 10, Epoch 58/200 => Loss 2.744, Loss_clf 0.524, Loss_kd 2.215, Loss_kernel 0.005, Train_accy 83.74
2025-06-04 10:56:50,599 [icarl.py] => Task 10, Epoch 59/200 => Loss 2.695, Loss_clf 0.478, Loss_kd 2.212, Loss_kernel 0.005, Train_accy 85.76
2025-06-04 10:57:07,811 [icarl.py] => Task 10, Epoch 60/200 => Loss 2.746, Loss_clf 0.535, Loss_kd 2.206, Loss_kernel 0.005, Train_accy 84.29
2025-06-04 10:57:42,210 [icarl.py] => Task 10, Epoch 61/200 => Loss 2.689, Loss_clf 0.487, Loss_kd 2.198, Loss_kernel 0.005, Train_accy 86.08, Test_accy {'Art': 24.49, 'Clipart': 15.39, 'Real World': 37.53, 'Product': 53.26}
2025-06-04 10:57:59,709 [icarl.py] => Task 10, Epoch 62/200 => Loss 2.773, Loss_clf 0.533, Loss_kd 2.236, Loss_kernel 0.004, Train_accy 83.32
2025-06-04 10:58:17,253 [icarl.py] => Task 10, Epoch 63/200 => Loss 2.673, Loss_clf 0.485, Loss_kd 2.183, Loss_kernel 0.005, Train_accy 85.04
2025-06-04 10:58:35,526 [icarl.py] => Task 10, Epoch 64/200 => Loss 2.651, Loss_clf 0.461, Loss_kd 2.186, Loss_kernel 0.004, Train_accy 85.97
2025-06-04 10:58:53,123 [icarl.py] => Task 10, Epoch 65/200 => Loss 2.640, Loss_clf 0.452, Loss_kd 2.184, Loss_kernel 0.004, Train_accy 86.43
2025-06-04 10:59:27,685 [icarl.py] => Task 10, Epoch 66/200 => Loss 2.629, Loss_clf 0.443, Loss_kd 2.182, Loss_kernel 0.004, Train_accy 86.14, Test_accy {'Art': 18.82, 'Clipart': 16.32, 'Real World': 35.58, 'Product': 53.51}
2025-06-04 10:59:45,090 [icarl.py] => Task 10, Epoch 67/200 => Loss 2.626, Loss_clf 0.435, Loss_kd 2.187, Loss_kernel 0.004, Train_accy 87.07
2025-06-04 11:00:02,405 [icarl.py] => Task 10, Epoch 68/200 => Loss 2.627, Loss_clf 0.456, Loss_kd 2.167, Loss_kernel 0.004, Train_accy 86.28
2025-06-04 11:00:19,800 [icarl.py] => Task 10, Epoch 69/200 => Loss 2.573, Loss_clf 0.419, Loss_kd 2.150, Loss_kernel 0.004, Train_accy 87.28
2025-06-04 11:00:37,157 [icarl.py] => Task 10, Epoch 70/200 => Loss 2.528, Loss_clf 0.389, Loss_kd 2.136, Loss_kernel 0.004, Train_accy 87.88
2025-06-04 11:01:11,283 [icarl.py] => Task 10, Epoch 71/200 => Loss 2.563, Loss_clf 0.388, Loss_kd 2.171, Loss_kernel 0.004, Train_accy 88.22, Test_accy {'Art': 20.18, 'Clipart': 15.26, 'Real World': 30.78, 'Product': 44.06}
2025-06-04 11:01:28,774 [icarl.py] => Task 10, Epoch 72/200 => Loss 2.571, Loss_clf 0.400, Loss_kd 2.166, Loss_kernel 0.004, Train_accy 88.07
2025-06-04 11:01:46,205 [icarl.py] => Task 10, Epoch 73/200 => Loss 2.532, Loss_clf 0.395, Loss_kd 2.134, Loss_kernel 0.004, Train_accy 87.59
2025-06-04 11:02:03,780 [icarl.py] => Task 10, Epoch 74/200 => Loss 2.590, Loss_clf 0.417, Loss_kd 2.169, Loss_kernel 0.004, Train_accy 87.19
2025-06-04 11:02:21,309 [icarl.py] => Task 10, Epoch 75/200 => Loss 2.556, Loss_clf 0.399, Loss_kd 2.153, Loss_kernel 0.004, Train_accy 88.38
2025-06-04 11:02:55,793 [icarl.py] => Task 10, Epoch 76/200 => Loss 2.569, Loss_clf 0.418, Loss_kd 2.148, Loss_kernel 0.004, Train_accy 87.01, Test_accy {'Art': 23.58, 'Clipart': 17.5, 'Real World': 38.18, 'Product': 55.68}
2025-06-04 11:03:13,142 [icarl.py] => Task 10, Epoch 77/200 => Loss 2.557, Loss_clf 0.415, Loss_kd 2.138, Loss_kernel 0.004, Train_accy 87.99
2025-06-04 11:03:30,573 [icarl.py] => Task 10, Epoch 78/200 => Loss 2.521, Loss_clf 0.398, Loss_kd 2.120, Loss_kernel 0.004, Train_accy 87.86
2025-06-04 11:03:48,283 [icarl.py] => Task 10, Epoch 79/200 => Loss 2.521, Loss_clf 0.375, Loss_kd 2.142, Loss_kernel 0.004, Train_accy 88.95
2025-06-04 11:04:05,445 [icarl.py] => Task 10, Epoch 80/200 => Loss 2.484, Loss_clf 0.354, Loss_kd 2.127, Loss_kernel 0.003, Train_accy 88.92
2025-06-04 11:04:39,565 [icarl.py] => Task 10, Epoch 81/200 => Loss 2.486, Loss_clf 0.377, Loss_kd 2.105, Loss_kernel 0.004, Train_accy 88.34, Test_accy {'Art': 21.09, 'Clipart': 17.24, 'Real World': 32.6, 'Product': 53.38}
2025-06-04 11:04:57,049 [icarl.py] => Task 10, Epoch 82/200 => Loss 2.456, Loss_clf 0.342, Loss_kd 2.110, Loss_kernel 0.003, Train_accy 89.39
2025-06-04 11:05:14,435 [icarl.py] => Task 10, Epoch 83/200 => Loss 2.445, Loss_clf 0.332, Loss_kd 2.109, Loss_kernel 0.003, Train_accy 90.37
2025-06-04 11:05:31,941 [icarl.py] => Task 10, Epoch 84/200 => Loss 2.524, Loss_clf 0.374, Loss_kd 2.147, Loss_kernel 0.003, Train_accy 88.98
2025-06-04 11:05:49,085 [icarl.py] => Task 10, Epoch 85/200 => Loss 2.467, Loss_clf 0.352, Loss_kd 2.112, Loss_kernel 0.003, Train_accy 89.75
2025-06-04 11:06:23,407 [icarl.py] => Task 10, Epoch 86/200 => Loss 2.485, Loss_clf 0.348, Loss_kd 2.134, Loss_kernel 0.003, Train_accy 89.20, Test_accy {'Art': 22.0, 'Clipart': 17.11, 'Real World': 36.36, 'Product': 56.7}
2025-06-04 11:06:40,426 [icarl.py] => Task 10, Epoch 87/200 => Loss 2.442, Loss_clf 0.336, Loss_kd 2.103, Loss_kernel 0.003, Train_accy 89.84
2025-06-04 11:06:57,549 [icarl.py] => Task 10, Epoch 88/200 => Loss 2.426, Loss_clf 0.336, Loss_kd 2.087, Loss_kernel 0.003, Train_accy 89.84
2025-06-04 11:07:14,207 [icarl.py] => Task 10, Epoch 89/200 => Loss 2.430, Loss_clf 0.327, Loss_kd 2.100, Loss_kernel 0.003, Train_accy 90.27
2025-06-04 11:07:31,661 [icarl.py] => Task 10, Epoch 90/200 => Loss 2.475, Loss_clf 0.343, Loss_kd 2.129, Loss_kernel 0.003, Train_accy 89.48
2025-06-04 11:08:05,942 [icarl.py] => Task 10, Epoch 91/200 => Loss 2.519, Loss_clf 0.365, Loss_kd 2.150, Loss_kernel 0.003, Train_accy 88.73, Test_accy {'Art': 21.09, 'Clipart': 17.5, 'Real World': 33.12, 'Product': 50.45}
2025-06-04 11:08:23,304 [icarl.py] => Task 10, Epoch 92/200 => Loss 2.456, Loss_clf 0.334, Loss_kd 2.119, Loss_kernel 0.003, Train_accy 90.19
2025-06-04 11:08:40,423 [icarl.py] => Task 10, Epoch 93/200 => Loss 2.463, Loss_clf 0.354, Loss_kd 2.106, Loss_kernel 0.003, Train_accy 89.14
2025-06-04 11:08:57,995 [icarl.py] => Task 10, Epoch 94/200 => Loss 2.405, Loss_clf 0.312, Loss_kd 2.091, Loss_kernel 0.003, Train_accy 90.98
2025-06-04 11:09:15,580 [icarl.py] => Task 10, Epoch 95/200 => Loss 2.376, Loss_clf 0.286, Loss_kd 2.086, Loss_kernel 0.003, Train_accy 91.82
2025-06-04 11:09:50,035 [icarl.py] => Task 10, Epoch 96/200 => Loss 2.474, Loss_clf 0.345, Loss_kd 2.126, Loss_kernel 0.003, Train_accy 89.41, Test_accy {'Art': 23.36, 'Clipart': 15.53, 'Real World': 34.68, 'Product': 44.7}
2025-06-04 11:10:07,403 [icarl.py] => Task 10, Epoch 97/200 => Loss 2.454, Loss_clf 0.333, Loss_kd 2.118, Loss_kernel 0.003, Train_accy 90.04
2025-06-04 11:10:24,808 [icarl.py] => Task 10, Epoch 98/200 => Loss 2.409, Loss_clf 0.303, Loss_kd 2.102, Loss_kernel 0.003, Train_accy 90.79
2025-06-04 11:10:42,166 [icarl.py] => Task 10, Epoch 99/200 => Loss 2.389, Loss_clf 0.294, Loss_kd 2.093, Loss_kernel 0.003, Train_accy 91.32
2025-06-04 11:10:59,305 [icarl.py] => Task 10, Epoch 100/200 => Loss 2.450, Loss_clf 0.326, Loss_kd 2.122, Loss_kernel 0.003, Train_accy 89.66
2025-06-04 11:11:33,557 [icarl.py] => Task 10, Epoch 101/200 => Loss 2.379, Loss_clf 0.284, Loss_kd 2.092, Loss_kernel 0.003, Train_accy 91.46, Test_accy {'Art': 22.22, 'Clipart': 18.03, 'Real World': 37.01, 'Product': 51.98}
2025-06-04 11:11:50,854 [icarl.py] => Task 10, Epoch 102/200 => Loss 2.398, Loss_clf 0.304, Loss_kd 2.091, Loss_kernel 0.003, Train_accy 90.34
2025-06-04 11:12:08,214 [icarl.py] => Task 10, Epoch 103/200 => Loss 2.391, Loss_clf 0.291, Loss_kd 2.097, Loss_kernel 0.003, Train_accy 91.42
2025-06-04 11:12:25,642 [icarl.py] => Task 10, Epoch 104/200 => Loss 2.355, Loss_clf 0.274, Loss_kd 2.078, Loss_kernel 0.003, Train_accy 91.87
2025-06-04 11:12:42,799 [icarl.py] => Task 10, Epoch 105/200 => Loss 2.336, Loss_clf 0.263, Loss_kd 2.070, Loss_kernel 0.003, Train_accy 92.48
2025-06-04 11:13:16,786 [icarl.py] => Task 10, Epoch 106/200 => Loss 2.326, Loss_clf 0.251, Loss_kd 2.072, Loss_kernel 0.003, Train_accy 92.07, Test_accy {'Art': 22.22, 'Clipart': 17.37, 'Real World': 37.4, 'Product': 54.79}
2025-06-04 11:13:33,714 [icarl.py] => Task 10, Epoch 107/200 => Loss 2.348, Loss_clf 0.280, Loss_kd 2.065, Loss_kernel 0.003, Train_accy 91.43
2025-06-04 11:13:50,852 [icarl.py] => Task 10, Epoch 108/200 => Loss 2.344, Loss_clf 0.267, Loss_kd 2.074, Loss_kernel 0.003, Train_accy 91.98
2025-06-04 11:14:07,979 [icarl.py] => Task 10, Epoch 109/200 => Loss 2.297, Loss_clf 0.245, Loss_kd 2.049, Loss_kernel 0.003, Train_accy 91.93
2025-06-04 11:14:25,673 [icarl.py] => Task 10, Epoch 110/200 => Loss 2.331, Loss_clf 0.270, Loss_kd 2.058, Loss_kernel 0.003, Train_accy 91.91
2025-06-04 11:15:00,460 [icarl.py] => Task 10, Epoch 111/200 => Loss 2.296, Loss_clf 0.239, Loss_kd 2.055, Loss_kernel 0.002, Train_accy 92.34, Test_accy {'Art': 24.04, 'Clipart': 16.71, 'Real World': 35.71, 'Product': 55.94}
2025-06-04 11:15:18,136 [icarl.py] => Task 10, Epoch 112/200 => Loss 2.335, Loss_clf 0.267, Loss_kd 2.066, Loss_kernel 0.002, Train_accy 91.72
2025-06-04 11:15:35,898 [icarl.py] => Task 10, Epoch 113/200 => Loss 2.287, Loss_clf 0.230, Loss_kd 2.055, Loss_kernel 0.002, Train_accy 92.86
2025-06-04 11:15:53,697 [icarl.py] => Task 10, Epoch 114/200 => Loss 2.322, Loss_clf 0.258, Loss_kd 2.061, Loss_kernel 0.003, Train_accy 92.14
2025-06-04 11:16:11,408 [icarl.py] => Task 10, Epoch 115/200 => Loss 2.304, Loss_clf 0.234, Loss_kd 2.067, Loss_kernel 0.002, Train_accy 92.70
2025-06-04 11:16:45,711 [icarl.py] => Task 10, Epoch 116/200 => Loss 2.265, Loss_clf 0.229, Loss_kd 2.034, Loss_kernel 0.002, Train_accy 92.99, Test_accy {'Art': 24.26, 'Clipart': 19.08, 'Real World': 37.4, 'Product': 56.7}
2025-06-04 11:17:03,078 [icarl.py] => Task 10, Epoch 117/200 => Loss 2.306, Loss_clf 0.233, Loss_kd 2.071, Loss_kernel 0.002, Train_accy 92.99
2025-06-04 11:17:20,049 [icarl.py] => Task 10, Epoch 118/200 => Loss 2.302, Loss_clf 0.224, Loss_kd 2.075, Loss_kernel 0.002, Train_accy 93.62
2025-06-04 11:17:37,639 [icarl.py] => Task 10, Epoch 119/200 => Loss 2.278, Loss_clf 0.236, Loss_kd 2.040, Loss_kernel 0.002, Train_accy 93.57
2025-06-04 11:17:55,154 [icarl.py] => Task 10, Epoch 120/200 => Loss 2.295, Loss_clf 0.254, Loss_kd 2.039, Loss_kernel 0.002, Train_accy 92.09
2025-06-04 11:18:29,287 [icarl.py] => Task 10, Epoch 121/200 => Loss 2.329, Loss_clf 0.248, Loss_kd 2.079, Loss_kernel 0.002, Train_accy 92.49, Test_accy {'Art': 24.04, 'Clipart': 18.55, 'Real World': 38.7, 'Product': 57.34}
2025-06-04 11:18:46,832 [icarl.py] => Task 10, Epoch 122/200 => Loss 2.266, Loss_clf 0.206, Loss_kd 2.058, Loss_kernel 0.002, Train_accy 94.21
2025-06-04 11:19:04,264 [icarl.py] => Task 10, Epoch 123/200 => Loss 2.220, Loss_clf 0.190, Loss_kd 2.028, Loss_kernel 0.002, Train_accy 94.40
2025-06-04 11:19:21,358 [icarl.py] => Task 10, Epoch 124/200 => Loss 2.221, Loss_clf 0.188, Loss_kd 2.030, Loss_kernel 0.002, Train_accy 94.07
2025-06-04 11:19:38,209 [icarl.py] => Task 10, Epoch 125/200 => Loss 2.219, Loss_clf 0.198, Loss_kd 2.019, Loss_kernel 0.002, Train_accy 93.75
2025-06-04 11:20:12,980 [icarl.py] => Task 10, Epoch 126/200 => Loss 2.226, Loss_clf 0.200, Loss_kd 2.024, Loss_kernel 0.002, Train_accy 93.90, Test_accy {'Art': 23.36, 'Clipart': 18.95, 'Real World': 37.92, 'Product': 53.77}
2025-06-04 11:20:30,153 [icarl.py] => Task 10, Epoch 127/200 => Loss 2.239, Loss_clf 0.202, Loss_kd 2.035, Loss_kernel 0.002, Train_accy 93.91
2025-06-04 11:20:47,331 [icarl.py] => Task 10, Epoch 128/200 => Loss 2.199, Loss_clf 0.181, Loss_kd 2.015, Loss_kernel 0.002, Train_accy 94.15
2025-06-04 11:21:04,101 [icarl.py] => Task 10, Epoch 129/200 => Loss 2.223, Loss_clf 0.186, Loss_kd 2.036, Loss_kernel 0.002, Train_accy 94.26
2025-06-04 11:21:21,596 [icarl.py] => Task 10, Epoch 130/200 => Loss 2.226, Loss_clf 0.193, Loss_kd 2.031, Loss_kernel 0.002, Train_accy 94.47
2025-06-04 11:21:55,858 [icarl.py] => Task 10, Epoch 131/200 => Loss 2.215, Loss_clf 0.192, Loss_kd 2.021, Loss_kernel 0.002, Train_accy 94.48, Test_accy {'Art': 22.68, 'Clipart': 18.95, 'Real World': 37.53, 'Product': 57.34}
2025-06-04 11:22:12,286 [icarl.py] => Task 10, Epoch 132/200 => Loss 2.205, Loss_clf 0.178, Loss_kd 2.025, Loss_kernel 0.002, Train_accy 95.12
2025-06-04 11:22:29,473 [icarl.py] => Task 10, Epoch 133/200 => Loss 2.204, Loss_clf 0.179, Loss_kd 2.023, Loss_kernel 0.002, Train_accy 94.47
2025-06-04 11:22:47,003 [icarl.py] => Task 10, Epoch 134/200 => Loss 2.215, Loss_clf 0.189, Loss_kd 2.024, Loss_kernel 0.002, Train_accy 94.40
2025-06-04 11:23:03,703 [icarl.py] => Task 10, Epoch 135/200 => Loss 2.205, Loss_clf 0.173, Loss_kd 2.030, Loss_kernel 0.002, Train_accy 94.96
2025-06-04 11:23:38,232 [icarl.py] => Task 10, Epoch 136/200 => Loss 2.206, Loss_clf 0.194, Loss_kd 2.010, Loss_kernel 0.002, Train_accy 94.15, Test_accy {'Art': 23.81, 'Clipart': 18.03, 'Real World': 38.57, 'Product': 58.49}
2025-06-04 11:23:55,291 [icarl.py] => Task 10, Epoch 137/200 => Loss 2.159, Loss_clf 0.159, Loss_kd 1.998, Loss_kernel 0.002, Train_accy 95.50
2025-06-04 11:24:12,171 [icarl.py] => Task 10, Epoch 138/200 => Loss 2.196, Loss_clf 0.177, Loss_kd 2.017, Loss_kernel 0.002, Train_accy 94.37
2025-06-04 11:24:29,389 [icarl.py] => Task 10, Epoch 139/200 => Loss 2.190, Loss_clf 0.164, Loss_kd 2.024, Loss_kernel 0.002, Train_accy 95.42
2025-06-04 11:24:46,423 [icarl.py] => Task 10, Epoch 140/200 => Loss 2.156, Loss_clf 0.162, Loss_kd 1.992, Loss_kernel 0.002, Train_accy 95.33
2025-06-04 11:25:20,925 [icarl.py] => Task 10, Epoch 141/200 => Loss 2.165, Loss_clf 0.162, Loss_kd 2.001, Loss_kernel 0.002, Train_accy 95.13, Test_accy {'Art': 23.13, 'Clipart': 17.5, 'Real World': 38.7, 'Product': 58.11}
2025-06-04 11:25:38,472 [icarl.py] => Task 10, Epoch 142/200 => Loss 2.182, Loss_clf 0.149, Loss_kd 2.031, Loss_kernel 0.002, Train_accy 96.22
2025-06-04 11:25:55,587 [icarl.py] => Task 10, Epoch 143/200 => Loss 2.149, Loss_clf 0.147, Loss_kd 2.000, Loss_kernel 0.002, Train_accy 95.62
2025-06-04 11:26:12,382 [icarl.py] => Task 10, Epoch 144/200 => Loss 2.141, Loss_clf 0.145, Loss_kd 1.994, Loss_kernel 0.002, Train_accy 96.09
2025-06-04 11:26:29,354 [icarl.py] => Task 10, Epoch 145/200 => Loss 2.131, Loss_clf 0.125, Loss_kd 2.003, Loss_kernel 0.002, Train_accy 96.54
2025-06-04 11:27:03,365 [icarl.py] => Task 10, Epoch 146/200 => Loss 2.162, Loss_clf 0.149, Loss_kd 2.012, Loss_kernel 0.002, Train_accy 95.82, Test_accy {'Art': 23.58, 'Clipart': 18.16, 'Real World': 39.35, 'Product': 57.22}
2025-06-04 11:27:20,881 [icarl.py] => Task 10, Epoch 147/200 => Loss 2.177, Loss_clf 0.153, Loss_kd 2.023, Loss_kernel 0.002, Train_accy 95.47
2025-06-04 11:27:38,278 [icarl.py] => Task 10, Epoch 148/200 => Loss 2.179, Loss_clf 0.161, Loss_kd 2.016, Loss_kernel 0.002, Train_accy 95.35
2025-06-04 11:27:55,109 [icarl.py] => Task 10, Epoch 149/200 => Loss 2.120, Loss_clf 0.133, Loss_kd 1.985, Loss_kernel 0.002, Train_accy 96.20
2025-06-04 11:28:12,148 [icarl.py] => Task 10, Epoch 150/200 => Loss 2.114, Loss_clf 0.128, Loss_kd 1.984, Loss_kernel 0.002, Train_accy 96.30
2025-06-04 11:28:46,242 [icarl.py] => Task 10, Epoch 151/200 => Loss 2.150, Loss_clf 0.145, Loss_kd 2.004, Loss_kernel 0.002, Train_accy 96.05, Test_accy {'Art': 23.81, 'Clipart': 18.55, 'Real World': 39.35, 'Product': 57.73}
2025-06-04 11:29:02,971 [icarl.py] => Task 10, Epoch 152/200 => Loss 2.149, Loss_clf 0.143, Loss_kd 2.004, Loss_kernel 0.002, Train_accy 96.34
2025-06-04 11:29:20,177 [icarl.py] => Task 10, Epoch 153/200 => Loss 2.143, Loss_clf 0.154, Loss_kd 1.988, Loss_kernel 0.002, Train_accy 95.58
2025-06-04 11:29:37,585 [icarl.py] => Task 10, Epoch 154/200 => Loss 2.130, Loss_clf 0.134, Loss_kd 1.994, Loss_kernel 0.002, Train_accy 96.17
2025-06-04 11:29:54,528 [icarl.py] => Task 10, Epoch 155/200 => Loss 2.112, Loss_clf 0.133, Loss_kd 1.977, Loss_kernel 0.002, Train_accy 96.07
2025-06-04 11:30:28,732 [icarl.py] => Task 10, Epoch 156/200 => Loss 2.126, Loss_clf 0.131, Loss_kd 1.994, Loss_kernel 0.002, Train_accy 96.43, Test_accy {'Art': 22.68, 'Clipart': 18.16, 'Real World': 38.18, 'Product': 57.34}
2025-06-04 11:30:45,889 [icarl.py] => Task 10, Epoch 157/200 => Loss 2.123, Loss_clf 0.135, Loss_kd 1.987, Loss_kernel 0.002, Train_accy 96.46
2025-06-04 11:31:02,594 [icarl.py] => Task 10, Epoch 158/200 => Loss 2.121, Loss_clf 0.121, Loss_kd 1.999, Loss_kernel 0.002, Train_accy 96.43
2025-06-04 11:31:19,625 [icarl.py] => Task 10, Epoch 159/200 => Loss 2.100, Loss_clf 0.113, Loss_kd 1.986, Loss_kernel 0.002, Train_accy 97.17
2025-06-04 11:31:36,723 [icarl.py] => Task 10, Epoch 160/200 => Loss 2.090, Loss_clf 0.114, Loss_kd 1.975, Loss_kernel 0.002, Train_accy 96.96
2025-06-04 11:32:10,686 [icarl.py] => Task 10, Epoch 161/200 => Loss 2.102, Loss_clf 0.112, Loss_kd 1.988, Loss_kernel 0.002, Train_accy 96.65, Test_accy {'Art': 24.04, 'Clipart': 18.29, 'Real World': 38.05, 'Product': 57.47}
2025-06-04 11:32:27,825 [icarl.py] => Task 10, Epoch 162/200 => Loss 2.115, Loss_clf 0.126, Loss_kd 1.987, Loss_kernel 0.002, Train_accy 96.47
2025-06-04 11:32:45,043 [icarl.py] => Task 10, Epoch 163/200 => Loss 2.105, Loss_clf 0.126, Loss_kd 1.978, Loss_kernel 0.002, Train_accy 96.57
2025-06-04 11:33:02,081 [icarl.py] => Task 10, Epoch 164/200 => Loss 2.104, Loss_clf 0.108, Loss_kd 1.995, Loss_kernel 0.002, Train_accy 97.01
2025-06-04 11:33:19,520 [icarl.py] => Task 10, Epoch 165/200 => Loss 2.098, Loss_clf 0.123, Loss_kd 1.974, Loss_kernel 0.002, Train_accy 96.38
2025-06-04 11:33:53,277 [icarl.py] => Task 10, Epoch 166/200 => Loss 2.068, Loss_clf 0.119, Loss_kd 1.947, Loss_kernel 0.002, Train_accy 96.32, Test_accy {'Art': 23.58, 'Clipart': 17.63, 'Real World': 38.57, 'Product': 58.49}
2025-06-04 11:34:10,721 [icarl.py] => Task 10, Epoch 167/200 => Loss 2.105, Loss_clf 0.109, Loss_kd 1.995, Loss_kernel 0.002, Train_accy 97.20
2025-06-04 11:34:27,816 [icarl.py] => Task 10, Epoch 168/200 => Loss 2.094, Loss_clf 0.115, Loss_kd 1.978, Loss_kernel 0.002, Train_accy 96.72
2025-06-04 11:34:44,037 [icarl.py] => Task 10, Epoch 169/200 => Loss 2.109, Loss_clf 0.119, Loss_kd 1.989, Loss_kernel 0.002, Train_accy 96.90
2025-06-04 11:34:59,360 [icarl.py] => Task 10, Epoch 170/200 => Loss 2.068, Loss_clf 0.101, Loss_kd 1.965, Loss_kernel 0.002, Train_accy 97.26
2025-06-04 11:35:33,727 [icarl.py] => Task 10, Epoch 171/200 => Loss 2.086, Loss_clf 0.111, Loss_kd 1.974, Loss_kernel 0.002, Train_accy 97.42, Test_accy {'Art': 24.72, 'Clipart': 18.16, 'Real World': 39.09, 'Product': 57.73}
2025-06-04 11:35:50,785 [icarl.py] => Task 10, Epoch 172/200 => Loss 2.129, Loss_clf 0.125, Loss_kd 2.003, Loss_kernel 0.002, Train_accy 96.89
2025-06-04 11:36:06,675 [icarl.py] => Task 10, Epoch 173/200 => Loss 2.090, Loss_clf 0.120, Loss_kd 1.968, Loss_kernel 0.002, Train_accy 96.90
2025-06-04 11:36:22,981 [icarl.py] => Task 10, Epoch 174/200 => Loss 2.100, Loss_clf 0.123, Loss_kd 1.975, Loss_kernel 0.002, Train_accy 96.51
2025-06-04 11:36:39,027 [icarl.py] => Task 10, Epoch 175/200 => Loss 2.060, Loss_clf 0.096, Loss_kd 1.963, Loss_kernel 0.002, Train_accy 97.40
2025-06-04 11:37:13,444 [icarl.py] => Task 10, Epoch 176/200 => Loss 2.083, Loss_clf 0.114, Loss_kd 1.967, Loss_kernel 0.002, Train_accy 96.66, Test_accy {'Art': 23.36, 'Clipart': 17.63, 'Real World': 37.4, 'Product': 57.98}
2025-06-04 11:37:29,611 [icarl.py] => Task 10, Epoch 177/200 => Loss 2.108, Loss_clf 0.112, Loss_kd 1.994, Loss_kernel 0.002, Train_accy 96.99
2025-06-04 11:37:46,279 [icarl.py] => Task 10, Epoch 178/200 => Loss 2.063, Loss_clf 0.098, Loss_kd 1.963, Loss_kernel 0.002, Train_accy 97.83
2025-06-04 11:38:02,733 [icarl.py] => Task 10, Epoch 179/200 => Loss 2.092, Loss_clf 0.099, Loss_kd 1.991, Loss_kernel 0.002, Train_accy 97.74
2025-06-04 11:38:19,998 [icarl.py] => Task 10, Epoch 180/200 => Loss 2.071, Loss_clf 0.099, Loss_kd 1.970, Loss_kernel 0.002, Train_accy 97.56
2025-06-04 11:38:53,369 [icarl.py] => Task 10, Epoch 181/200 => Loss 2.069, Loss_clf 0.098, Loss_kd 1.970, Loss_kernel 0.002, Train_accy 97.46, Test_accy {'Art': 24.72, 'Clipart': 17.89, 'Real World': 37.79, 'Product': 57.22}
2025-06-04 11:39:10,241 [icarl.py] => Task 10, Epoch 182/200 => Loss 2.111, Loss_clf 0.114, Loss_kd 1.996, Loss_kernel 0.002, Train_accy 96.70
2025-06-04 11:39:26,630 [icarl.py] => Task 10, Epoch 183/200 => Loss 2.096, Loss_clf 0.106, Loss_kd 1.989, Loss_kernel 0.002, Train_accy 96.95
2025-06-04 11:39:43,473 [icarl.py] => Task 10, Epoch 184/200 => Loss 2.076, Loss_clf 0.097, Loss_kd 1.978, Loss_kernel 0.002, Train_accy 97.64
2025-06-04 11:40:00,696 [icarl.py] => Task 10, Epoch 185/200 => Loss 2.059, Loss_clf 0.110, Loss_kd 1.948, Loss_kernel 0.002, Train_accy 96.88
2025-06-04 11:40:33,952 [icarl.py] => Task 10, Epoch 186/200 => Loss 2.034, Loss_clf 0.087, Loss_kd 1.945, Loss_kernel 0.002, Train_accy 97.78, Test_accy {'Art': 23.81, 'Clipart': 17.89, 'Real World': 37.92, 'Product': 57.34}
2025-06-04 11:40:50,985 [icarl.py] => Task 10, Epoch 187/200 => Loss 2.075, Loss_clf 0.091, Loss_kd 1.982, Loss_kernel 0.002, Train_accy 97.97
2025-06-04 11:41:07,633 [icarl.py] => Task 10, Epoch 188/200 => Loss 2.072, Loss_clf 0.096, Loss_kd 1.974, Loss_kernel 0.002, Train_accy 97.63
2025-06-04 11:41:24,313 [icarl.py] => Task 10, Epoch 189/200 => Loss 2.076, Loss_clf 0.100, Loss_kd 1.974, Loss_kernel 0.002, Train_accy 97.08
2025-06-04 11:41:40,291 [icarl.py] => Task 10, Epoch 190/200 => Loss 2.071, Loss_clf 0.100, Loss_kd 1.969, Loss_kernel 0.002, Train_accy 97.64
2025-06-04 11:42:13,881 [icarl.py] => Task 10, Epoch 191/200 => Loss 2.047, Loss_clf 0.089, Loss_kd 1.956, Loss_kernel 0.002, Train_accy 98.19, Test_accy {'Art': 23.81, 'Clipart': 18.16, 'Real World': 37.53, 'Product': 57.98}
2025-06-04 11:42:30,904 [icarl.py] => Task 10, Epoch 192/200 => Loss 2.082, Loss_clf 0.106, Loss_kd 1.975, Loss_kernel 0.002, Train_accy 97.17
2025-06-04 11:42:46,278 [icarl.py] => Task 10, Epoch 193/200 => Loss 2.045, Loss_clf 0.095, Loss_kd 1.948, Loss_kernel 0.001, Train_accy 97.58
2025-06-04 11:43:02,669 [icarl.py] => Task 10, Epoch 194/200 => Loss 2.057, Loss_clf 0.094, Loss_kd 1.962, Loss_kernel 0.002, Train_accy 97.68
2025-06-04 11:43:19,770 [icarl.py] => Task 10, Epoch 195/200 => Loss 2.063, Loss_clf 0.092, Loss_kd 1.969, Loss_kernel 0.002, Train_accy 97.82
2025-06-04 11:43:53,382 [icarl.py] => Task 10, Epoch 196/200 => Loss 2.061, Loss_clf 0.098, Loss_kd 1.962, Loss_kernel 0.001, Train_accy 97.45, Test_accy {'Art': 24.26, 'Clipart': 18.55, 'Real World': 38.7, 'Product': 58.37}
2025-06-04 11:44:10,424 [icarl.py] => Task 10, Epoch 197/200 => Loss 2.044, Loss_clf 0.084, Loss_kd 1.958, Loss_kernel 0.001, Train_accy 98.24
2025-06-04 11:44:27,153 [icarl.py] => Task 10, Epoch 198/200 => Loss 2.065, Loss_clf 0.094, Loss_kd 1.970, Loss_kernel 0.001, Train_accy 97.53
2025-06-04 11:44:42,260 [icarl.py] => Task 10, Epoch 199/200 => Loss 2.037, Loss_clf 0.089, Loss_kd 1.947, Loss_kernel 0.001, Train_accy 98.08
2025-06-04 11:44:57,491 [icarl.py] => Task 10, Epoch 200/200 => Loss 2.049, Loss_clf 0.092, Loss_kd 1.955, Loss_kernel 0.001, Train_accy 97.57
2025-06-04 11:44:57,492 [base.py] => Reducing exemplars...(23 per classes)
2025-06-04 11:45:29,702 [base.py] => Constructing exemplars...(23 per classes)
2025-06-04 11:46:16,512 [icarl.py] => Exemplar size: 1265
2025-06-04 11:46:17,676 [trainer.py] => CNN [Art]: {'total': 23.58, '00-04': 57.89, '05-09': 26.47, '10-14': 21.62, '15-19': 29.63, '20-24': 13.16, '25-29': 2.94, '30-34': 18.18, '35-39': 12.2, '40-44': 13.16, '45-49': 20.0, '50-54': 42.86, 'old': 21.17, 'new': 42.86}
2025-06-04 11:46:17,677 [trainer.py] => NME [Art]: {'total': 27.44, '00-04': 36.84, '05-09': 29.41, '10-14': 18.92, '15-19': 33.33, '20-24': 15.79, '25-29': 8.82, '30-34': 30.91, '35-39': 17.07, '40-44': 21.05, '45-49': 34.0, '50-54': 46.94, 'old': 25.0, 'new': 46.94}
2025-06-04 11:46:17,677 [trainer.py] => CNN [Art] top1 curve: [63.16, 47.22, 46.79, 45.59, 36.78, 34.62, 33.84, 29.93, 25.44, 23.72, 23.58]
2025-06-04 11:46:17,677 [trainer.py] => CNN [Art] top5 curve: [92.11, 77.78, 73.39, 70.59, 63.79, 61.06, 55.51, 54.61, 49.71, 47.19, 46.71]
2025-06-04 11:46:17,677 [trainer.py] => NME [Art] top1 curve: [63.16, 52.78, 53.21, 49.26, 41.95, 41.83, 34.22, 30.59, 25.15, 26.02, 27.44]
2025-06-04 11:46:17,677 [trainer.py] => NME [Art] top5 curve: [100.0, 84.72, 81.65, 73.53, 70.11, 64.42, 58.56, 56.25, 52.92, 50.0, 49.89]
2025-06-04 11:46:17,678 [trainer.py] => Average Accuracy [Art] (CNN): 37.333636363636366
2025-06-04 11:46:17,678 [trainer.py] => Average Accuracy [Art] (NME): 40.51
2025-06-04 11:46:17,678 [trainer.py] => CNN [Clipart]: {'total': 18.29, '00-04': 28.21, '05-09': 25.81, '10-14': 10.61, '15-19': 16.98, '20-24': 11.24, '25-29': 0.0, '30-34': 9.38, '35-39': 13.11, '40-44': 30.3, '45-49': 17.19, '50-54': 31.58, 'old': 16.39, 'new': 31.58}
2025-06-04 11:46:17,678 [trainer.py] => NME [Clipart]: {'total': 18.55, '00-04': 20.51, '05-09': 25.81, '10-14': 16.67, '15-19': 15.09, '20-24': 12.36, '25-29': 1.61, '30-34': 14.06, '35-39': 9.84, '40-44': 33.33, '45-49': 23.44, '50-54': 27.37, 'old': 17.29, 'new': 27.37}
2025-06-04 11:46:17,678 [trainer.py] => CNN [Clipart] top1 curve: [50.0, 40.0, 33.98, 28.57, 27.3, 22.44, 19.83, 20.19, 18.3, 17.29, 18.29]
2025-06-04 11:46:17,678 [trainer.py] => CNN [Clipart] top5 curve: [96.15, 74.29, 66.02, 55.98, 51.72, 45.85, 43.88, 41.68, 37.6, 36.84, 38.82]
2025-06-04 11:46:17,678 [trainer.py] => NME [Clipart] top1 curve: [52.56, 45.71, 34.47, 26.64, 25.29, 23.41, 20.04, 22.24, 19.3, 18.35, 18.55]
2025-06-04 11:46:17,678 [trainer.py] => NME [Clipart] top5 curve: [100.0, 80.71, 68.93, 61.78, 58.62, 52.2, 48.52, 43.93, 41.26, 40.0, 41.58]
2025-06-04 11:46:17,679 [trainer.py] => Average Accuracy [Clipart] (CNN): 26.926363636363636
2025-06-04 11:46:17,679 [trainer.py] => Average Accuracy [Clipart] (NME): 27.86909090909091
2025-06-04 11:46:17,679 [trainer.py] => CNN [Product]: {'total': 58.24, '00-04': 77.65, '05-09': 57.5, '10-14': 69.35, '15-19': 50.65, '20-24': 55.74, '25-29': 50.63, '30-34': 44.78, '35-39': 50.0, '40-44': 57.14, '45-49': 53.52, '50-54': 72.31, 'old': 56.96, 'new': 72.31}
2025-06-04 11:46:17,679 [trainer.py] => NME [Product]: {'total': 59.77, '00-04': 74.12, '05-09': 51.25, '10-14': 72.58, '15-19': 54.55, '20-24': 55.74, '25-29': 60.76, '30-34': 55.22, '35-39': 53.03, '40-44': 60.0, '45-49': 52.11, '50-54': 67.69, 'old': 59.05, 'new': 67.69}
2025-06-04 11:46:17,679 [trainer.py] => CNN [Product] top1 curve: [87.06, 78.79, 87.67, 80.92, 75.89, 75.23, 72.21, 65.16, 62.13, 58.91, 58.24]
2025-06-04 11:46:17,679 [trainer.py] => CNN [Product] top5 curve: [100.0, 98.79, 97.8, 95.72, 94.25, 92.57, 91.78, 87.0, 84.7, 84.12, 83.27]
2025-06-04 11:46:17,679 [trainer.py] => NME [Product] top1 curve: [89.41, 86.67, 90.31, 82.57, 78.08, 76.35, 73.39, 67.76, 65.53, 60.72, 59.77]
2025-06-04 11:46:17,679 [trainer.py] => NME [Product] top5 curve: [100.0, 99.39, 98.68, 96.71, 94.52, 94.37, 91.39, 89.43, 87.79, 85.52, 83.78]
2025-06-04 11:46:17,679 [trainer.py] => Average Accuracy [Product] (CNN): 72.92818181818183
2025-06-04 11:46:17,680 [trainer.py] => Average Accuracy [Product] (NME): 75.50545454545454
2025-06-04 11:46:17,680 [trainer.py] => CNN [Real World]: {'total': 37.92, '00-04': 63.01, '05-09': 41.18, '10-14': 27.78, '15-19': 28.36, '20-24': 12.31, '25-29': 32.47, '30-34': 37.33, '35-39': 22.03, '40-44': 31.25, '45-49': 37.5, '50-54': 74.36, 'old': 33.82, 'new': 74.36}
2025-06-04 11:46:17,680 [trainer.py] => NME [Real World]: {'total': 41.43, '00-04': 42.47, '05-09': 44.12, '10-14': 29.17, '15-19': 29.85, '20-24': 15.38, '25-29': 37.66, '30-34': 54.67, '35-39': 32.2, '40-44': 37.5, '45-49': 50.0, '50-54': 74.36, 'old': 37.72, 'new': 74.36}
2025-06-04 11:46:17,680 [trainer.py] => CNN [Real World] top1 curve: [73.97, 64.54, 58.69, 54.29, 45.8, 48.82, 44.87, 42.99, 39.35, 38.87, 37.92]
2025-06-04 11:46:17,680 [trainer.py] => CNN [Real World] top5 curve: [98.63, 90.78, 83.1, 80.0, 72.75, 75.12, 71.83, 69.6, 64.19, 63.87, 63.38]
2025-06-04 11:46:17,680 [trainer.py] => NME [Real World] top1 curve: [78.08, 70.92, 60.09, 54.29, 48.7, 48.82, 46.88, 44.78, 41.29, 42.34, 41.43]
2025-06-04 11:46:17,680 [trainer.py] => NME [Real World] top5 curve: [100.0, 96.45, 91.55, 86.79, 77.68, 80.57, 74.04, 70.5, 68.55, 67.05, 67.92]
2025-06-04 11:46:17,680 [trainer.py] => Average Accuracy [Real World] (CNN): 50.01
2025-06-04 11:46:17,680 [trainer.py] => Average Accuracy [Real World] (NME): 52.51090909090909
2025-06-04 11:46:17,681 [trainer.py] => NME Harmonic Mean : 25.8969
2025-06-04 11:46:17,681 [trainer.py] => NME Macro Mean : 36.7975
2025-06-04 11:46:17,681 [trainer.py] => CNN Harmonic Mean : 25.0850
2025-06-04 11:46:17,681 [trainer.py] => CNN Macro Mean : 34.5075
2025-06-04 11:46:17,682 [trainer.py] => All params: 21318017
2025-06-04 11:46:17,683 [trainer.py] => Trainable params: 21318017
2025-06-04 11:46:17,685 [icarl.py] => Learning on 55-60
2025-06-04 11:46:53,526 [icarl.py] => Task 11, Epoch 1/200 => Loss 4.977, Loss_clf 2.316, Loss_kd 2.657, Loss_kernel 0.005, Train_accy 42.37, Test_accy {'Art': 5.39, 'Clipart': 4.73, 'Real World': 9.79, 'Product': 10.58}
2025-06-04 11:47:10,311 [icarl.py] => Task 11, Epoch 2/200 => Loss 6.642, Loss_clf 3.197, Loss_kd 3.432, Loss_kernel 0.012, Train_accy 24.14
2025-06-04 11:47:26,763 [icarl.py] => Task 11, Epoch 3/200 => Loss 5.870, Loss_clf 2.667, Loss_kd 3.193, Loss_kernel 0.010, Train_accy 30.92
2025-06-04 11:47:43,454 [icarl.py] => Task 11, Epoch 4/200 => Loss 5.196, Loss_clf 2.215, Loss_kd 2.972, Loss_kernel 0.009, Train_accy 39.36
2025-06-04 11:48:00,564 [icarl.py] => Task 11, Epoch 5/200 => Loss 4.863, Loss_clf 2.008, Loss_kd 2.847, Loss_kernel 0.008, Train_accy 43.91
2025-06-04 11:48:36,178 [icarl.py] => Task 11, Epoch 6/200 => Loss 4.674, Loss_clf 1.893, Loss_kd 2.773, Loss_kernel 0.008, Train_accy 46.77, Test_accy {'Art': 11.83, 'Clipart': 10.68, 'Real World': 23.58, 'Product': 30.32}
2025-06-04 11:48:52,632 [icarl.py] => Task 11, Epoch 7/200 => Loss 4.485, Loss_clf 1.769, Loss_kd 2.708, Loss_kernel 0.007, Train_accy 49.61
2025-06-04 11:49:09,534 [icarl.py] => Task 11, Epoch 8/200 => Loss 4.443, Loss_clf 1.751, Loss_kd 2.684, Loss_kernel 0.008, Train_accy 50.75
2025-06-04 11:49:26,320 [icarl.py] => Task 11, Epoch 9/200 => Loss 4.189, Loss_clf 1.554, Loss_kd 2.628, Loss_kernel 0.007, Train_accy 54.45
2025-06-04 11:49:43,086 [icarl.py] => Task 11, Epoch 10/200 => Loss 4.074, Loss_clf 1.491, Loss_kd 2.575, Loss_kernel 0.008, Train_accy 55.82
2025-06-04 11:50:18,599 [icarl.py] => Task 11, Epoch 11/200 => Loss 3.831, Loss_clf 1.332, Loss_kd 2.492, Loss_kernel 0.007, Train_accy 62.31, Test_accy {'Art': 15.77, 'Clipart': 16.75, 'Real World': 29.01, 'Product': 43.88}
2025-06-04 11:50:35,065 [icarl.py] => Task 11, Epoch 12/200 => Loss 3.747, Loss_clf 1.269, Loss_kd 2.470, Loss_kernel 0.008, Train_accy 62.51
2025-06-04 11:50:51,373 [icarl.py] => Task 11, Epoch 13/200 => Loss 3.586, Loss_clf 1.167, Loss_kd 2.413, Loss_kernel 0.007, Train_accy 65.07
2025-06-04 11:51:08,272 [icarl.py] => Task 11, Epoch 14/200 => Loss 3.533, Loss_clf 1.136, Loss_kd 2.390, Loss_kernel 0.007, Train_accy 66.17
2025-06-04 11:51:23,998 [icarl.py] => Task 11, Epoch 15/200 => Loss 3.520, Loss_clf 1.127, Loss_kd 2.386, Loss_kernel 0.007, Train_accy 66.70
2025-06-04 11:51:59,574 [icarl.py] => Task 11, Epoch 16/200 => Loss 3.495, Loss_clf 1.091, Loss_kd 2.397, Loss_kernel 0.007, Train_accy 67.47, Test_accy {'Art': 17.43, 'Clipart': 14.81, 'Real World': 29.83, 'Product': 45.54}
2025-06-04 11:52:16,549 [icarl.py] => Task 11, Epoch 17/200 => Loss 3.405, Loss_clf 1.037, Loss_kd 2.361, Loss_kernel 0.007, Train_accy 69.81
2025-06-04 11:52:33,022 [icarl.py] => Task 11, Epoch 18/200 => Loss 3.315, Loss_clf 0.979, Loss_kd 2.328, Loss_kernel 0.007, Train_accy 71.32
2025-06-04 11:52:49,824 [icarl.py] => Task 11, Epoch 19/200 => Loss 3.233, Loss_clf 0.915, Loss_kd 2.310, Loss_kernel 0.007, Train_accy 72.48
2025-06-04 11:53:06,171 [icarl.py] => Task 11, Epoch 20/200 => Loss 3.313, Loss_clf 0.988, Loss_kd 2.318, Loss_kernel 0.007, Train_accy 70.98
2025-06-04 11:53:41,813 [icarl.py] => Task 11, Epoch 21/200 => Loss 3.319, Loss_clf 0.988, Loss_kd 2.325, Loss_kernel 0.006, Train_accy 70.50, Test_accy {'Art': 18.46, 'Clipart': 13.83, 'Real World': 29.95, 'Product': 46.97}
2025-06-04 11:53:58,983 [icarl.py] => Task 11, Epoch 22/200 => Loss 3.183, Loss_clf 0.885, Loss_kd 2.291, Loss_kernel 0.006, Train_accy 73.34
2025-06-04 11:54:15,891 [icarl.py] => Task 11, Epoch 23/200 => Loss 3.111, Loss_clf 0.852, Loss_kd 2.252, Loss_kernel 0.007, Train_accy 75.61
2025-06-04 11:54:32,550 [icarl.py] => Task 11, Epoch 24/200 => Loss 3.086, Loss_clf 0.840, Loss_kd 2.238, Loss_kernel 0.008, Train_accy 75.16
2025-06-04 11:54:49,251 [icarl.py] => Task 11, Epoch 25/200 => Loss 2.977, Loss_clf 0.741, Loss_kd 2.229, Loss_kernel 0.006, Train_accy 77.28
2025-06-04 11:55:24,572 [icarl.py] => Task 11, Epoch 26/200 => Loss 2.907, Loss_clf 0.705, Loss_kd 2.196, Loss_kernel 0.007, Train_accy 78.37, Test_accy {'Art': 16.8, 'Clipart': 14.81, 'Real World': 30.07, 'Product': 49.35}
2025-06-04 11:55:41,525 [icarl.py] => Task 11, Epoch 27/200 => Loss 2.973, Loss_clf 0.750, Loss_kd 2.217, Loss_kernel 0.006, Train_accy 77.95
2025-06-04 11:55:58,297 [icarl.py] => Task 11, Epoch 28/200 => Loss 2.942, Loss_clf 0.746, Loss_kd 2.189, Loss_kernel 0.006, Train_accy 77.78
2025-06-04 11:56:15,111 [icarl.py] => Task 11, Epoch 29/200 => Loss 2.903, Loss_clf 0.706, Loss_kd 2.190, Loss_kernel 0.006, Train_accy 79.08
2025-06-04 11:56:31,668 [icarl.py] => Task 11, Epoch 30/200 => Loss 2.950, Loss_clf 0.750, Loss_kd 2.195, Loss_kernel 0.006, Train_accy 76.84
2025-06-04 11:57:06,938 [icarl.py] => Task 11, Epoch 31/200 => Loss 2.910, Loss_clf 0.706, Loss_kd 2.198, Loss_kernel 0.006, Train_accy 79.12, Test_accy {'Art': 20.75, 'Clipart': 15.41, 'Real World': 32.55, 'Product': 51.49}
2025-06-04 11:57:23,865 [icarl.py] => Task 11, Epoch 32/200 => Loss 2.834, Loss_clf 0.653, Loss_kd 2.175, Loss_kernel 0.006, Train_accy 80.08
2025-06-04 11:57:40,171 [icarl.py] => Task 11, Epoch 33/200 => Loss 2.828, Loss_clf 0.650, Loss_kd 2.172, Loss_kernel 0.006, Train_accy 80.98
2025-06-04 11:57:56,556 [icarl.py] => Task 11, Epoch 34/200 => Loss 2.765, Loss_clf 0.584, Loss_kd 2.175, Loss_kernel 0.005, Train_accy 82.14
2025-06-04 11:58:12,669 [icarl.py] => Task 11, Epoch 35/200 => Loss 2.880, Loss_clf 0.687, Loss_kd 2.188, Loss_kernel 0.006, Train_accy 80.08
2025-06-04 11:58:47,465 [icarl.py] => Task 11, Epoch 36/200 => Loss 2.887, Loss_clf 0.707, Loss_kd 2.174, Loss_kernel 0.006, Train_accy 78.17, Test_accy {'Art': 17.01, 'Clipart': 11.65, 'Real World': 26.06, 'Product': 41.26}
2025-06-04 11:59:03,908 [icarl.py] => Task 11, Epoch 37/200 => Loss 2.773, Loss_clf 0.610, Loss_kd 2.158, Loss_kernel 0.005, Train_accy 81.78
2025-06-04 11:59:20,810 [icarl.py] => Task 11, Epoch 38/200 => Loss 2.783, Loss_clf 0.625, Loss_kd 2.152, Loss_kernel 0.006, Train_accy 81.25
2025-06-04 11:59:37,642 [icarl.py] => Task 11, Epoch 39/200 => Loss 2.807, Loss_clf 0.640, Loss_kd 2.162, Loss_kernel 0.006, Train_accy 80.03
2025-06-04 11:59:54,406 [icarl.py] => Task 11, Epoch 40/200 => Loss 2.881, Loss_clf 0.683, Loss_kd 2.192, Loss_kernel 0.006, Train_accy 79.35
2025-06-04 12:00:29,550 [icarl.py] => Task 11, Epoch 41/200 => Loss 2.820, Loss_clf 0.643, Loss_kd 2.172, Loss_kernel 0.005, Train_accy 81.27, Test_accy {'Art': 20.54, 'Clipart': 15.17, 'Real World': 31.6, 'Product': 48.39}
2025-06-04 12:00:46,315 [icarl.py] => Task 11, Epoch 42/200 => Loss 2.915, Loss_clf 0.679, Loss_kd 2.229, Loss_kernel 0.006, Train_accy 79.73
2025-06-04 12:01:03,069 [icarl.py] => Task 11, Epoch 43/200 => Loss 2.812, Loss_clf 0.633, Loss_kd 2.173, Loss_kernel 0.005, Train_accy 80.28
2025-06-04 12:01:19,338 [icarl.py] => Task 11, Epoch 44/200 => Loss 2.746, Loss_clf 0.605, Loss_kd 2.136, Loss_kernel 0.006, Train_accy 82.40
2025-06-04 12:01:35,707 [icarl.py] => Task 11, Epoch 45/200 => Loss 2.742, Loss_clf 0.611, Loss_kd 2.126, Loss_kernel 0.006, Train_accy 81.44
2025-06-04 12:02:10,867 [icarl.py] => Task 11, Epoch 46/200 => Loss 2.748, Loss_clf 0.595, Loss_kd 2.147, Loss_kernel 0.005, Train_accy 81.69, Test_accy {'Art': 17.43, 'Clipart': 15.41, 'Real World': 33.73, 'Product': 50.65}
2025-06-04 12:02:27,335 [icarl.py] => Task 11, Epoch 47/200 => Loss 2.657, Loss_clf 0.530, Loss_kd 2.122, Loss_kernel 0.005, Train_accy 83.81
2025-06-04 12:02:44,080 [icarl.py] => Task 11, Epoch 48/200 => Loss 2.774, Loss_clf 0.610, Loss_kd 2.159, Loss_kernel 0.005, Train_accy 81.98
2025-06-04 12:03:00,700 [icarl.py] => Task 11, Epoch 49/200 => Loss 2.628, Loss_clf 0.505, Loss_kd 2.118, Loss_kernel 0.005, Train_accy 84.43
2025-06-04 12:03:16,997 [icarl.py] => Task 11, Epoch 50/200 => Loss 2.709, Loss_clf 0.582, Loss_kd 2.122, Loss_kernel 0.005, Train_accy 82.15
2025-06-04 12:03:52,679 [icarl.py] => Task 11, Epoch 51/200 => Loss 2.711, Loss_clf 0.566, Loss_kd 2.140, Loss_kernel 0.005, Train_accy 83.11, Test_accy {'Art': 20.54, 'Clipart': 15.29, 'Real World': 33.37, 'Product': 48.87}
2025-06-04 12:04:09,144 [icarl.py] => Task 11, Epoch 52/200 => Loss 2.664, Loss_clf 0.543, Loss_kd 2.116, Loss_kernel 0.005, Train_accy 84.27
2025-06-04 12:04:25,598 [icarl.py] => Task 11, Epoch 53/200 => Loss 2.663, Loss_clf 0.534, Loss_kd 2.124, Loss_kernel 0.005, Train_accy 84.46
2025-06-04 12:04:41,691 [icarl.py] => Task 11, Epoch 54/200 => Loss 2.583, Loss_clf 0.482, Loss_kd 2.096, Loss_kernel 0.005, Train_accy 85.33
2025-06-04 12:04:58,585 [icarl.py] => Task 11, Epoch 55/200 => Loss 2.695, Loss_clf 0.549, Loss_kd 2.141, Loss_kernel 0.005, Train_accy 83.19
2025-06-04 12:05:33,702 [icarl.py] => Task 11, Epoch 56/200 => Loss 2.630, Loss_clf 0.536, Loss_kd 2.088, Loss_kernel 0.005, Train_accy 84.07, Test_accy {'Art': 16.8, 'Clipart': 13.59, 'Real World': 26.89, 'Product': 42.69}
2025-06-04 12:05:50,522 [icarl.py] => Task 11, Epoch 57/200 => Loss 2.622, Loss_clf 0.510, Loss_kd 2.107, Loss_kernel 0.005, Train_accy 84.40
2025-06-04 12:06:06,962 [icarl.py] => Task 11, Epoch 58/200 => Loss 2.608, Loss_clf 0.510, Loss_kd 2.093, Loss_kernel 0.005, Train_accy 84.42
2025-06-04 12:06:23,777 [icarl.py] => Task 11, Epoch 59/200 => Loss 2.667, Loss_clf 0.536, Loss_kd 2.126, Loss_kernel 0.005, Train_accy 84.64
2025-06-04 12:06:40,505 [icarl.py] => Task 11, Epoch 60/200 => Loss 2.626, Loss_clf 0.501, Loss_kd 2.121, Loss_kernel 0.005, Train_accy 85.25
2025-06-04 12:07:16,493 [icarl.py] => Task 11, Epoch 61/200 => Loss 2.494, Loss_clf 0.437, Loss_kd 2.052, Loss_kernel 0.004, Train_accy 86.28, Test_accy {'Art': 19.5, 'Clipart': 16.75, 'Real World': 33.73, 'Product': 54.22}
2025-06-04 12:07:33,369 [icarl.py] => Task 11, Epoch 62/200 => Loss 2.572, Loss_clf 0.488, Loss_kd 2.080, Loss_kernel 0.005, Train_accy 86.15
2025-06-04 12:07:51,649 [icarl.py] => Task 11, Epoch 63/200 => Loss 2.614, Loss_clf 0.504, Loss_kd 2.105, Loss_kernel 0.005, Train_accy 84.75
2025-06-04 12:08:08,483 [icarl.py] => Task 11, Epoch 64/200 => Loss 2.577, Loss_clf 0.475, Loss_kd 2.098, Loss_kernel 0.004, Train_accy 85.45
2025-06-04 12:08:24,976 [icarl.py] => Task 11, Epoch 65/200 => Loss 2.540, Loss_clf 0.456, Loss_kd 2.080, Loss_kernel 0.004, Train_accy 86.21
2025-06-04 12:09:00,747 [icarl.py] => Task 11, Epoch 66/200 => Loss 2.549, Loss_clf 0.468, Loss_kd 2.077, Loss_kernel 0.004, Train_accy 86.37, Test_accy {'Art': 19.92, 'Clipart': 16.02, 'Real World': 35.14, 'Product': 52.79}
2025-06-04 12:09:17,682 [icarl.py] => Task 11, Epoch 67/200 => Loss 2.561, Loss_clf 0.460, Loss_kd 2.097, Loss_kernel 0.005, Train_accy 86.13
2025-06-04 12:09:34,157 [icarl.py] => Task 11, Epoch 68/200 => Loss 2.520, Loss_clf 0.450, Loss_kd 2.065, Loss_kernel 0.004, Train_accy 86.24
2025-06-04 12:09:50,584 [icarl.py] => Task 11, Epoch 69/200 => Loss 2.516, Loss_clf 0.443, Loss_kd 2.068, Loss_kernel 0.004, Train_accy 86.74
2025-06-04 12:10:07,387 [icarl.py] => Task 11, Epoch 70/200 => Loss 2.489, Loss_clf 0.413, Loss_kd 2.072, Loss_kernel 0.004, Train_accy 87.74
2025-06-04 12:10:42,639 [icarl.py] => Task 11, Epoch 71/200 => Loss 2.522, Loss_clf 0.440, Loss_kd 2.078, Loss_kernel 0.004, Train_accy 86.60, Test_accy {'Art': 18.46, 'Clipart': 13.71, 'Real World': 34.2, 'Product': 55.77}
2025-06-04 12:10:59,581 [icarl.py] => Task 11, Epoch 72/200 => Loss 2.596, Loss_clf 0.489, Loss_kd 2.103, Loss_kernel 0.004, Train_accy 85.46
2025-06-04 12:11:15,885 [icarl.py] => Task 11, Epoch 73/200 => Loss 2.493, Loss_clf 0.411, Loss_kd 2.078, Loss_kernel 0.004, Train_accy 87.07
2025-06-04 12:11:32,512 [icarl.py] => Task 11, Epoch 74/200 => Loss 2.476, Loss_clf 0.411, Loss_kd 2.060, Loss_kernel 0.004, Train_accy 87.32
2025-06-04 12:11:49,227 [icarl.py] => Task 11, Epoch 75/200 => Loss 2.509, Loss_clf 0.425, Loss_kd 2.079, Loss_kernel 0.004, Train_accy 87.35
2025-06-04 12:12:24,874 [icarl.py] => Task 11, Epoch 76/200 => Loss 2.479, Loss_clf 0.427, Loss_kd 2.048, Loss_kernel 0.003, Train_accy 87.16, Test_accy {'Art': 22.41, 'Clipart': 15.41, 'Real World': 32.9, 'Product': 51.01}
2025-06-04 12:12:41,711 [icarl.py] => Task 11, Epoch 77/200 => Loss 2.481, Loss_clf 0.423, Loss_kd 2.054, Loss_kernel 0.004, Train_accy 87.12
2025-06-04 12:12:58,160 [icarl.py] => Task 11, Epoch 78/200 => Loss 2.426, Loss_clf 0.385, Loss_kd 2.037, Loss_kernel 0.004, Train_accy 88.43
2025-06-04 12:13:14,043 [icarl.py] => Task 11, Epoch 79/200 => Loss 2.471, Loss_clf 0.404, Loss_kd 2.063, Loss_kernel 0.004, Train_accy 87.47
2025-06-04 12:13:30,750 [icarl.py] => Task 11, Epoch 80/200 => Loss 2.440, Loss_clf 0.381, Loss_kd 2.055, Loss_kernel 0.004, Train_accy 88.70
2025-06-04 12:14:06,114 [icarl.py] => Task 11, Epoch 81/200 => Loss 2.412, Loss_clf 0.365, Loss_kd 2.044, Loss_kernel 0.003, Train_accy 88.72, Test_accy {'Art': 18.46, 'Clipart': 14.44, 'Real World': 33.25, 'Product': 53.51}
2025-06-04 12:14:23,513 [icarl.py] => Task 11, Epoch 82/200 => Loss 2.447, Loss_clf 0.389, Loss_kd 2.055, Loss_kernel 0.003, Train_accy 87.54
2025-06-04 12:14:39,786 [icarl.py] => Task 11, Epoch 83/200 => Loss 2.429, Loss_clf 0.389, Loss_kd 2.036, Loss_kernel 0.003, Train_accy 88.25
2025-06-04 12:14:56,558 [icarl.py] => Task 11, Epoch 84/200 => Loss 2.441, Loss_clf 0.375, Loss_kd 2.063, Loss_kernel 0.003, Train_accy 88.97
2025-06-04 12:15:13,327 [icarl.py] => Task 11, Epoch 85/200 => Loss 2.458, Loss_clf 0.397, Loss_kd 2.058, Loss_kernel 0.004, Train_accy 87.87
2025-06-04 12:15:48,653 [icarl.py] => Task 11, Epoch 86/200 => Loss 2.430, Loss_clf 0.396, Loss_kd 2.030, Loss_kernel 0.004, Train_accy 88.83, Test_accy {'Art': 19.71, 'Clipart': 15.41, 'Real World': 34.79, 'Product': 55.29}
2025-06-04 12:16:05,251 [icarl.py] => Task 11, Epoch 87/200 => Loss 2.421, Loss_clf 0.389, Loss_kd 2.029, Loss_kernel 0.004, Train_accy 88.92
2025-06-04 12:16:22,106 [icarl.py] => Task 11, Epoch 88/200 => Loss 2.432, Loss_clf 0.374, Loss_kd 2.055, Loss_kernel 0.003, Train_accy 89.45
2025-06-04 12:16:38,852 [icarl.py] => Task 11, Epoch 89/200 => Loss 2.436, Loss_clf 0.375, Loss_kd 2.058, Loss_kernel 0.003, Train_accy 88.72
2025-06-04 12:16:55,151 [icarl.py] => Task 11, Epoch 90/200 => Loss 2.405, Loss_clf 0.392, Loss_kd 2.010, Loss_kernel 0.003, Train_accy 88.32
2025-06-04 12:17:30,471 [icarl.py] => Task 11, Epoch 91/200 => Loss 2.406, Loss_clf 0.369, Loss_kd 2.033, Loss_kernel 0.003, Train_accy 88.50, Test_accy {'Art': 19.09, 'Clipart': 13.47, 'Real World': 31.49, 'Product': 49.94}
2025-06-04 12:17:47,427 [icarl.py] => Task 11, Epoch 92/200 => Loss 2.373, Loss_clf 0.345, Loss_kd 2.025, Loss_kernel 0.003, Train_accy 89.37
2025-06-04 12:18:03,997 [icarl.py] => Task 11, Epoch 93/200 => Loss 2.441, Loss_clf 0.379, Loss_kd 2.058, Loss_kernel 0.003, Train_accy 88.15
2025-06-04 12:18:19,994 [icarl.py] => Task 11, Epoch 94/200 => Loss 2.417, Loss_clf 0.383, Loss_kd 2.031, Loss_kernel 0.003, Train_accy 88.41
2025-06-04 12:18:36,803 [icarl.py] => Task 11, Epoch 95/200 => Loss 2.354, Loss_clf 0.340, Loss_kd 2.011, Loss_kernel 0.003, Train_accy 89.70
2025-06-04 12:19:12,362 [icarl.py] => Task 11, Epoch 96/200 => Loss 2.392, Loss_clf 0.364, Loss_kd 2.025, Loss_kernel 0.003, Train_accy 88.44, Test_accy {'Art': 20.75, 'Clipart': 15.05, 'Real World': 34.79, 'Product': 54.58}
2025-06-04 12:19:29,105 [icarl.py] => Task 11, Epoch 97/200 => Loss 2.352, Loss_clf 0.325, Loss_kd 2.024, Loss_kernel 0.003, Train_accy 89.29
2025-06-04 12:19:45,500 [icarl.py] => Task 11, Epoch 98/200 => Loss 2.387, Loss_clf 0.346, Loss_kd 2.038, Loss_kernel 0.003, Train_accy 89.20
2025-06-04 12:20:01,914 [icarl.py] => Task 11, Epoch 99/200 => Loss 2.377, Loss_clf 0.345, Loss_kd 2.029, Loss_kernel 0.003, Train_accy 89.84
2025-06-04 12:20:18,389 [icarl.py] => Task 11, Epoch 100/200 => Loss 2.380, Loss_clf 0.343, Loss_kd 2.034, Loss_kernel 0.003, Train_accy 89.68
2025-06-04 12:20:53,691 [icarl.py] => Task 11, Epoch 101/200 => Loss 2.335, Loss_clf 0.326, Loss_kd 2.007, Loss_kernel 0.003, Train_accy 89.82, Test_accy {'Art': 22.82, 'Clipart': 14.81, 'Real World': 35.85, 'Product': 56.84}
2025-06-04 12:21:10,501 [icarl.py] => Task 11, Epoch 102/200 => Loss 2.335, Loss_clf 0.307, Loss_kd 2.025, Loss_kernel 0.003, Train_accy 90.93
2025-06-04 12:21:26,980 [icarl.py] => Task 11, Epoch 103/200 => Loss 2.282, Loss_clf 0.281, Loss_kd 1.998, Loss_kernel 0.003, Train_accy 91.73
2025-06-04 12:21:43,846 [icarl.py] => Task 11, Epoch 104/200 => Loss 2.383, Loss_clf 0.335, Loss_kd 2.046, Loss_kernel 0.003, Train_accy 89.88
2025-06-04 12:21:59,821 [icarl.py] => Task 11, Epoch 105/200 => Loss 2.304, Loss_clf 0.319, Loss_kd 1.982, Loss_kernel 0.003, Train_accy 90.37
2025-06-04 12:22:35,234 [icarl.py] => Task 11, Epoch 106/200 => Loss 2.336, Loss_clf 0.311, Loss_kd 2.022, Loss_kernel 0.003, Train_accy 90.62, Test_accy {'Art': 22.2, 'Clipart': 16.87, 'Real World': 37.26, 'Product': 56.24}
2025-06-04 12:22:51,953 [icarl.py] => Task 11, Epoch 107/200 => Loss 2.349, Loss_clf 0.325, Loss_kd 2.021, Loss_kernel 0.003, Train_accy 90.32
2025-06-04 12:23:08,377 [icarl.py] => Task 11, Epoch 108/200 => Loss 2.220, Loss_clf 0.245, Loss_kd 1.972, Loss_kernel 0.002, Train_accy 92.53
2025-06-04 12:23:24,721 [icarl.py] => Task 11, Epoch 109/200 => Loss 2.227, Loss_clf 0.264, Loss_kd 1.961, Loss_kernel 0.002, Train_accy 92.31
2025-06-04 12:23:41,374 [icarl.py] => Task 11, Epoch 110/200 => Loss 2.274, Loss_clf 0.267, Loss_kd 2.005, Loss_kernel 0.003, Train_accy 91.78
2025-06-04 12:24:17,097 [icarl.py] => Task 11, Epoch 111/200 => Loss 2.222, Loss_clf 0.239, Loss_kd 1.981, Loss_kernel 0.002, Train_accy 92.18, Test_accy {'Art': 21.78, 'Clipart': 16.5, 'Real World': 34.43, 'Product': 54.34}
2025-06-04 12:24:32,923 [icarl.py] => Task 11, Epoch 112/200 => Loss 2.237, Loss_clf 0.257, Loss_kd 1.977, Loss_kernel 0.002, Train_accy 91.71
2025-06-04 12:24:49,245 [icarl.py] => Task 11, Epoch 113/200 => Loss 2.255, Loss_clf 0.263, Loss_kd 1.990, Loss_kernel 0.002, Train_accy 92.16
2025-06-04 12:25:05,620 [icarl.py] => Task 11, Epoch 114/200 => Loss 2.204, Loss_clf 0.244, Loss_kd 1.958, Loss_kernel 0.002, Train_accy 92.80
2025-06-04 12:25:22,288 [icarl.py] => Task 11, Epoch 115/200 => Loss 2.218, Loss_clf 0.244, Loss_kd 1.972, Loss_kernel 0.002, Train_accy 92.54
2025-06-04 12:25:57,283 [icarl.py] => Task 11, Epoch 116/200 => Loss 2.240, Loss_clf 0.246, Loss_kd 1.992, Loss_kernel 0.002, Train_accy 92.79, Test_accy {'Art': 21.78, 'Clipart': 15.9, 'Real World': 35.85, 'Product': 56.24}
2025-06-04 12:26:13,411 [icarl.py] => Task 11, Epoch 117/200 => Loss 2.193, Loss_clf 0.241, Loss_kd 1.950, Loss_kernel 0.002, Train_accy 92.98
2025-06-04 12:26:30,192 [icarl.py] => Task 11, Epoch 118/200 => Loss 2.238, Loss_clf 0.253, Loss_kd 1.983, Loss_kernel 0.002, Train_accy 92.05
2025-06-04 12:26:47,139 [icarl.py] => Task 11, Epoch 119/200 => Loss 2.197, Loss_clf 0.242, Loss_kd 1.952, Loss_kernel 0.002, Train_accy 92.84
2025-06-04 12:27:03,767 [icarl.py] => Task 11, Epoch 120/200 => Loss 2.226, Loss_clf 0.265, Loss_kd 1.959, Loss_kernel 0.002, Train_accy 92.06
2025-06-04 12:27:39,267 [icarl.py] => Task 11, Epoch 121/200 => Loss 2.188, Loss_clf 0.250, Loss_kd 1.936, Loss_kernel 0.002, Train_accy 92.21, Test_accy {'Art': 20.95, 'Clipart': 15.29, 'Real World': 36.32, 'Product': 56.84}
2025-06-04 12:27:55,433 [icarl.py] => Task 11, Epoch 122/200 => Loss 2.142, Loss_clf 0.212, Loss_kd 1.928, Loss_kernel 0.002, Train_accy 93.92
2025-06-04 12:28:11,373 [icarl.py] => Task 11, Epoch 123/200 => Loss 2.176, Loss_clf 0.221, Loss_kd 1.952, Loss_kernel 0.002, Train_accy 93.44
2025-06-04 12:28:28,314 [icarl.py] => Task 11, Epoch 124/200 => Loss 2.151, Loss_clf 0.202, Loss_kd 1.948, Loss_kernel 0.002, Train_accy 94.40
2025-06-04 12:28:44,458 [icarl.py] => Task 11, Epoch 125/200 => Loss 2.174, Loss_clf 0.215, Loss_kd 1.957, Loss_kernel 0.002, Train_accy 93.05
2025-06-04 12:29:19,944 [icarl.py] => Task 11, Epoch 126/200 => Loss 2.159, Loss_clf 0.209, Loss_kd 1.947, Loss_kernel 0.002, Train_accy 93.68, Test_accy {'Art': 23.44, 'Clipart': 16.26, 'Real World': 36.32, 'Product': 55.05}
2025-06-04 12:29:35,969 [icarl.py] => Task 11, Epoch 127/200 => Loss 2.181, Loss_clf 0.235, Loss_kd 1.944, Loss_kernel 0.002, Train_accy 92.54
2025-06-04 12:29:52,120 [icarl.py] => Task 11, Epoch 128/200 => Loss 2.165, Loss_clf 0.211, Loss_kd 1.952, Loss_kernel 0.002, Train_accy 93.72
2025-06-04 12:30:08,757 [icarl.py] => Task 11, Epoch 129/200 => Loss 2.191, Loss_clf 0.211, Loss_kd 1.978, Loss_kernel 0.002, Train_accy 94.21
2025-06-04 12:30:24,867 [icarl.py] => Task 11, Epoch 130/200 => Loss 2.141, Loss_clf 0.201, Loss_kd 1.938, Loss_kernel 0.002, Train_accy 93.65
2025-06-04 12:30:59,473 [icarl.py] => Task 11, Epoch 131/200 => Loss 2.112, Loss_clf 0.183, Loss_kd 1.927, Loss_kernel 0.002, Train_accy 94.57, Test_accy {'Art': 21.99, 'Clipart': 15.05, 'Real World': 35.38, 'Product': 57.07}
2025-06-04 12:31:15,786 [icarl.py] => Task 11, Epoch 132/200 => Loss 2.160, Loss_clf 0.209, Loss_kd 1.949, Loss_kernel 0.002, Train_accy 93.76
2025-06-04 12:31:32,180 [icarl.py] => Task 11, Epoch 133/200 => Loss 2.113, Loss_clf 0.186, Loss_kd 1.925, Loss_kernel 0.002, Train_accy 94.61
2025-06-04 12:31:48,528 [icarl.py] => Task 11, Epoch 134/200 => Loss 2.155, Loss_clf 0.196, Loss_kd 1.957, Loss_kernel 0.002, Train_accy 94.32
2025-06-04 12:32:04,960 [icarl.py] => Task 11, Epoch 135/200 => Loss 2.120, Loss_clf 0.200, Loss_kd 1.918, Loss_kernel 0.002, Train_accy 93.91
2025-06-04 12:32:40,316 [icarl.py] => Task 11, Epoch 136/200 => Loss 2.125, Loss_clf 0.189, Loss_kd 1.934, Loss_kernel 0.002, Train_accy 94.50, Test_accy {'Art': 21.58, 'Clipart': 16.75, 'Real World': 35.02, 'Product': 57.07}
2025-06-04 12:32:56,662 [icarl.py] => Task 11, Epoch 137/200 => Loss 2.095, Loss_clf 0.180, Loss_kd 1.913, Loss_kernel 0.002, Train_accy 95.07
2025-06-04 12:33:12,994 [icarl.py] => Task 11, Epoch 138/200 => Loss 2.103, Loss_clf 0.178, Loss_kd 1.924, Loss_kernel 0.002, Train_accy 94.57
2025-06-04 12:33:29,443 [icarl.py] => Task 11, Epoch 139/200 => Loss 2.143, Loss_clf 0.206, Loss_kd 1.935, Loss_kernel 0.002, Train_accy 93.82
2025-06-04 12:33:45,902 [icarl.py] => Task 11, Epoch 140/200 => Loss 2.124, Loss_clf 0.190, Loss_kd 1.933, Loss_kernel 0.002, Train_accy 93.82
2025-06-04 12:34:21,211 [icarl.py] => Task 11, Epoch 141/200 => Loss 2.071, Loss_clf 0.170, Loss_kd 1.899, Loss_kernel 0.002, Train_accy 94.76, Test_accy {'Art': 20.33, 'Clipart': 15.17, 'Real World': 36.32, 'Product': 55.05}
2025-06-04 12:34:37,171 [icarl.py] => Task 11, Epoch 142/200 => Loss 2.081, Loss_clf 0.167, Loss_kd 1.912, Loss_kernel 0.002, Train_accy 95.43
2025-06-04 12:34:53,053 [icarl.py] => Task 11, Epoch 143/200 => Loss 2.110, Loss_clf 0.182, Loss_kd 1.926, Loss_kernel 0.002, Train_accy 94.86
2025-06-04 12:35:09,754 [icarl.py] => Task 11, Epoch 144/200 => Loss 2.085, Loss_clf 0.159, Loss_kd 1.924, Loss_kernel 0.002, Train_accy 95.31
2025-06-04 12:35:25,632 [icarl.py] => Task 11, Epoch 145/200 => Loss 2.062, Loss_clf 0.152, Loss_kd 1.908, Loss_kernel 0.002, Train_accy 95.42
2025-06-04 12:36:01,450 [icarl.py] => Task 11, Epoch 146/200 => Loss 2.106, Loss_clf 0.186, Loss_kd 1.918, Loss_kernel 0.002, Train_accy 94.85, Test_accy {'Art': 23.44, 'Clipart': 14.81, 'Real World': 37.74, 'Product': 58.26}
2025-06-04 12:36:17,016 [icarl.py] => Task 11, Epoch 147/200 => Loss 2.058, Loss_clf 0.155, Loss_kd 1.902, Loss_kernel 0.002, Train_accy 95.56
2025-06-04 12:36:33,259 [icarl.py] => Task 11, Epoch 148/200 => Loss 2.063, Loss_clf 0.168, Loss_kd 1.893, Loss_kernel 0.002, Train_accy 95.18
2025-06-04 12:36:49,474 [icarl.py] => Task 11, Epoch 149/200 => Loss 2.100, Loss_clf 0.172, Loss_kd 1.926, Loss_kernel 0.002, Train_accy 94.79
2025-06-04 12:37:06,891 [icarl.py] => Task 11, Epoch 150/200 => Loss 2.096, Loss_clf 0.168, Loss_kd 1.925, Loss_kernel 0.002, Train_accy 94.78
2025-06-04 12:37:41,983 [icarl.py] => Task 11, Epoch 151/200 => Loss 2.044, Loss_clf 0.150, Loss_kd 1.892, Loss_kernel 0.002, Train_accy 95.46, Test_accy {'Art': 23.65, 'Clipart': 15.29, 'Real World': 36.2, 'Product': 56.48}
2025-06-04 12:38:00,051 [icarl.py] => Task 11, Epoch 152/200 => Loss 2.093, Loss_clf 0.169, Loss_kd 1.923, Loss_kernel 0.002, Train_accy 95.08
2025-06-04 12:38:15,531 [icarl.py] => Task 11, Epoch 153/200 => Loss 2.066, Loss_clf 0.151, Loss_kd 1.913, Loss_kernel 0.002, Train_accy 95.45
2025-06-04 12:38:31,398 [icarl.py] => Task 11, Epoch 154/200 => Loss 2.056, Loss_clf 0.151, Loss_kd 1.903, Loss_kernel 0.002, Train_accy 95.13
2025-06-04 12:38:47,664 [icarl.py] => Task 11, Epoch 155/200 => Loss 2.074, Loss_clf 0.161, Loss_kd 1.911, Loss_kernel 0.002, Train_accy 94.95
2025-06-04 12:39:22,380 [icarl.py] => Task 11, Epoch 156/200 => Loss 2.063, Loss_clf 0.161, Loss_kd 1.900, Loss_kernel 0.002, Train_accy 95.36, Test_accy {'Art': 23.24, 'Clipart': 15.9, 'Real World': 36.91, 'Product': 58.03}
2025-06-04 12:39:37,407 [icarl.py] => Task 11, Epoch 157/200 => Loss 2.052, Loss_clf 0.147, Loss_kd 1.903, Loss_kernel 0.002, Train_accy 95.63
2025-06-04 12:39:53,296 [icarl.py] => Task 11, Epoch 158/200 => Loss 2.039, Loss_clf 0.148, Loss_kd 1.889, Loss_kernel 0.002, Train_accy 95.44
2025-06-04 12:40:10,223 [icarl.py] => Task 11, Epoch 159/200 => Loss 2.066, Loss_clf 0.153, Loss_kd 1.912, Loss_kernel 0.001, Train_accy 95.55
2025-06-04 12:40:26,249 [icarl.py] => Task 11, Epoch 160/200 => Loss 2.053, Loss_clf 0.143, Loss_kd 1.908, Loss_kernel 0.002, Train_accy 95.95
2025-06-04 12:41:00,780 [icarl.py] => Task 11, Epoch 161/200 => Loss 2.054, Loss_clf 0.143, Loss_kd 1.909, Loss_kernel 0.001, Train_accy 96.08, Test_accy {'Art': 22.61, 'Clipart': 15.29, 'Real World': 35.61, 'Product': 57.79}
2025-06-04 12:41:16,712 [icarl.py] => Task 11, Epoch 162/200 => Loss 2.071, Loss_clf 0.150, Loss_kd 1.920, Loss_kernel 0.001, Train_accy 95.38
2025-06-04 12:41:32,495 [icarl.py] => Task 11, Epoch 163/200 => Loss 2.060, Loss_clf 0.140, Loss_kd 1.919, Loss_kernel 0.001, Train_accy 95.65
2025-06-04 12:41:48,701 [icarl.py] => Task 11, Epoch 164/200 => Loss 2.045, Loss_clf 0.139, Loss_kd 1.904, Loss_kernel 0.001, Train_accy 95.85
2025-06-04 12:42:04,653 [icarl.py] => Task 11, Epoch 165/200 => Loss 2.060, Loss_clf 0.156, Loss_kd 1.902, Loss_kernel 0.001, Train_accy 95.24
2025-06-04 12:42:38,556 [icarl.py] => Task 11, Epoch 166/200 => Loss 2.029, Loss_clf 0.120, Loss_kd 1.907, Loss_kernel 0.001, Train_accy 96.80, Test_accy {'Art': 24.9, 'Clipart': 15.17, 'Real World': 37.26, 'Product': 58.74}
2025-06-04 12:42:54,453 [icarl.py] => Task 11, Epoch 167/200 => Loss 2.061, Loss_clf 0.141, Loss_kd 1.919, Loss_kernel 0.001, Train_accy 95.94
2025-06-04 12:43:09,990 [icarl.py] => Task 11, Epoch 168/200 => Loss 2.049, Loss_clf 0.130, Loss_kd 1.918, Loss_kernel 0.002, Train_accy 96.36
2025-06-04 12:43:26,248 [icarl.py] => Task 11, Epoch 169/200 => Loss 1.991, Loss_clf 0.123, Loss_kd 1.866, Loss_kernel 0.001, Train_accy 96.48
2025-06-04 12:43:43,117 [icarl.py] => Task 11, Epoch 170/200 => Loss 2.065, Loss_clf 0.134, Loss_kd 1.930, Loss_kernel 0.001, Train_accy 96.72
2025-06-04 12:44:17,618 [icarl.py] => Task 11, Epoch 171/200 => Loss 2.014, Loss_clf 0.118, Loss_kd 1.894, Loss_kernel 0.001, Train_accy 96.58, Test_accy {'Art': 22.82, 'Clipart': 15.41, 'Real World': 35.73, 'Product': 57.31}
2025-06-04 12:44:34,043 [icarl.py] => Task 11, Epoch 172/200 => Loss 2.041, Loss_clf 0.144, Loss_kd 1.896, Loss_kernel 0.001, Train_accy 95.88
2025-06-04 12:44:50,230 [icarl.py] => Task 11, Epoch 173/200 => Loss 2.037, Loss_clf 0.120, Loss_kd 1.916, Loss_kernel 0.001, Train_accy 96.54
2025-06-04 12:45:06,056 [icarl.py] => Task 11, Epoch 174/200 => Loss 1.977, Loss_clf 0.110, Loss_kd 1.865, Loss_kernel 0.001, Train_accy 96.80
2025-06-04 12:45:22,164 [icarl.py] => Task 11, Epoch 175/200 => Loss 2.029, Loss_clf 0.119, Loss_kd 1.909, Loss_kernel 0.001, Train_accy 96.80
2025-06-04 12:45:57,404 [icarl.py] => Task 11, Epoch 176/200 => Loss 2.043, Loss_clf 0.132, Loss_kd 1.909, Loss_kernel 0.001, Train_accy 96.42, Test_accy {'Art': 23.65, 'Clipart': 15.29, 'Real World': 37.03, 'Product': 57.79}
2025-06-04 12:46:13,704 [icarl.py] => Task 11, Epoch 177/200 => Loss 2.019, Loss_clf 0.126, Loss_kd 1.892, Loss_kernel 0.001, Train_accy 96.11
2025-06-04 12:46:29,953 [icarl.py] => Task 11, Epoch 178/200 => Loss 1.993, Loss_clf 0.101, Loss_kd 1.891, Loss_kernel 0.001, Train_accy 97.50
2025-06-04 12:46:46,187 [icarl.py] => Task 11, Epoch 179/200 => Loss 2.002, Loss_clf 0.121, Loss_kd 1.880, Loss_kernel 0.001, Train_accy 96.63
2025-06-04 12:47:01,409 [icarl.py] => Task 11, Epoch 180/200 => Loss 1.994, Loss_clf 0.104, Loss_kd 1.888, Loss_kernel 0.001, Train_accy 97.36
2025-06-04 12:47:36,208 [icarl.py] => Task 11, Epoch 181/200 => Loss 2.035, Loss_clf 0.128, Loss_kd 1.905, Loss_kernel 0.001, Train_accy 96.55, Test_accy {'Art': 22.61, 'Clipart': 15.78, 'Real World': 36.67, 'Product': 57.79}
2025-06-04 12:47:52,490 [icarl.py] => Task 11, Epoch 182/200 => Loss 2.049, Loss_clf 0.117, Loss_kd 1.930, Loss_kernel 0.001, Train_accy 97.11
2025-06-04 12:48:08,629 [icarl.py] => Task 11, Epoch 183/200 => Loss 2.002, Loss_clf 0.106, Loss_kd 1.894, Loss_kernel 0.001, Train_accy 97.23
2025-06-04 12:48:24,093 [icarl.py] => Task 11, Epoch 184/200 => Loss 2.001, Loss_clf 0.118, Loss_kd 1.882, Loss_kernel 0.001, Train_accy 97.10
2025-06-04 12:48:39,323 [icarl.py] => Task 11, Epoch 185/200 => Loss 1.995, Loss_clf 0.099, Loss_kd 1.895, Loss_kernel 0.001, Train_accy 97.28
2025-06-04 12:49:13,000 [icarl.py] => Task 11, Epoch 186/200 => Loss 2.010, Loss_clf 0.104, Loss_kd 1.905, Loss_kernel 0.001, Train_accy 96.94, Test_accy {'Art': 23.65, 'Clipart': 15.17, 'Real World': 37.62, 'Product': 57.67}
2025-06-04 12:49:27,730 [icarl.py] => Task 11, Epoch 187/200 => Loss 1.993, Loss_clf 0.102, Loss_kd 1.889, Loss_kernel 0.001, Train_accy 97.72
2025-06-04 12:49:43,612 [icarl.py] => Task 11, Epoch 188/200 => Loss 1.990, Loss_clf 0.116, Loss_kd 1.872, Loss_kernel 0.001, Train_accy 96.51
2025-06-04 12:49:59,077 [icarl.py] => Task 11, Epoch 189/200 => Loss 1.990, Loss_clf 0.106, Loss_kd 1.882, Loss_kernel 0.001, Train_accy 97.43
2025-06-04 12:50:14,492 [icarl.py] => Task 11, Epoch 190/200 => Loss 2.018, Loss_clf 0.107, Loss_kd 1.909, Loss_kernel 0.001, Train_accy 97.29
2025-06-04 12:50:48,962 [icarl.py] => Task 11, Epoch 191/200 => Loss 1.977, Loss_clf 0.091, Loss_kd 1.885, Loss_kernel 0.001, Train_accy 97.76, Test_accy {'Art': 23.03, 'Clipart': 15.53, 'Real World': 36.67, 'Product': 57.67}
2025-06-04 12:51:04,295 [icarl.py] => Task 11, Epoch 192/200 => Loss 1.993, Loss_clf 0.097, Loss_kd 1.895, Loss_kernel 0.001, Train_accy 97.80
2025-06-04 12:51:20,604 [icarl.py] => Task 11, Epoch 193/200 => Loss 2.012, Loss_clf 0.108, Loss_kd 1.902, Loss_kernel 0.001, Train_accy 97.48
2025-06-04 12:51:36,376 [icarl.py] => Task 11, Epoch 194/200 => Loss 2.003, Loss_clf 0.107, Loss_kd 1.895, Loss_kernel 0.001, Train_accy 96.95
2025-06-04 12:51:53,248 [icarl.py] => Task 11, Epoch 195/200 => Loss 2.012, Loss_clf 0.113, Loss_kd 1.897, Loss_kernel 0.001, Train_accy 97.39
2025-06-04 12:52:27,522 [icarl.py] => Task 11, Epoch 196/200 => Loss 1.987, Loss_clf 0.097, Loss_kd 1.890, Loss_kernel 0.001, Train_accy 97.44, Test_accy {'Art': 23.65, 'Clipart': 15.29, 'Real World': 36.44, 'Product': 57.91}
2025-06-04 12:52:44,518 [icarl.py] => Task 11, Epoch 197/200 => Loss 2.023, Loss_clf 0.120, Loss_kd 1.901, Loss_kernel 0.001, Train_accy 96.81
2025-06-04 12:52:59,564 [icarl.py] => Task 11, Epoch 198/200 => Loss 1.973, Loss_clf 0.091, Loss_kd 1.881, Loss_kernel 0.001, Train_accy 97.23
2025-06-04 12:53:13,417 [icarl.py] => Task 11, Epoch 199/200 => Loss 1.992, Loss_clf 0.108, Loss_kd 1.883, Loss_kernel 0.001, Train_accy 96.88
2025-06-04 12:53:29,653 [icarl.py] => Task 11, Epoch 200/200 => Loss 2.020, Loss_clf 0.112, Loss_kd 1.907, Loss_kernel 0.001, Train_accy 97.08
2025-06-04 12:53:29,654 [base.py] => Reducing exemplars...(21 per classes)
2025-06-04 12:54:05,785 [base.py] => Constructing exemplars...(21 per classes)
2025-06-04 12:54:55,569 [icarl.py] => Exemplar size: 1260
2025-06-04 12:54:56,702 [trainer.py] => CNN [Art]: {'total': 22.82, '00-04': 42.11, '05-09': 26.47, '10-14': 16.22, '15-19': 29.63, '20-24': 10.53, '25-29': 5.88, '30-34': 16.36, '35-39': 19.51, '40-44': 10.53, '45-49': 12.0, '50-54': 32.65, '55-59': 53.66, 'old': 19.95, 'new': 53.66}
2025-06-04 12:54:56,702 [trainer.py] => NME [Art]: {'total': 23.65, '00-04': 31.58, '05-09': 23.53, '10-14': 13.51, '15-19': 33.33, '20-24': 13.16, '25-29': 14.71, '30-34': 23.64, '35-39': 17.07, '40-44': 15.79, '45-49': 22.0, '50-54': 30.61, '55-59': 43.9, 'old': 21.77, 'new': 43.9}
2025-06-04 12:54:56,703 [trainer.py] => CNN [Art] top1 curve: [63.16, 47.22, 46.79, 45.59, 36.78, 34.62, 33.84, 29.93, 25.44, 23.72, 23.58, 22.82]
2025-06-04 12:54:56,703 [trainer.py] => CNN [Art] top5 curve: [92.11, 77.78, 73.39, 70.59, 63.79, 61.06, 55.51, 54.61, 49.71, 47.19, 46.71, 41.29]
2025-06-04 12:54:56,703 [trainer.py] => NME [Art] top1 curve: [63.16, 52.78, 53.21, 49.26, 41.95, 41.83, 34.22, 30.59, 25.15, 26.02, 27.44, 23.65]
2025-06-04 12:54:56,703 [trainer.py] => NME [Art] top5 curve: [100.0, 84.72, 81.65, 73.53, 70.11, 64.42, 58.56, 56.25, 52.92, 50.0, 49.89, 46.89]
2025-06-04 12:54:56,703 [trainer.py] => Average Accuracy [Art] (CNN): 36.12416666666667
2025-06-04 12:54:56,703 [trainer.py] => Average Accuracy [Art] (NME): 39.105
2025-06-04 12:54:56,703 [trainer.py] => CNN [Clipart]: {'total': 15.41, '00-04': 24.36, '05-09': 20.97, '10-14': 10.61, '15-19': 5.66, '20-24': 12.36, '25-29': 1.61, '30-34': 9.38, '35-39': 16.39, '40-44': 24.24, '45-49': 12.5, '50-54': 17.89, '55-59': 25.0, 'old': 14.61, 'new': 25.0}
2025-06-04 12:54:56,704 [trainer.py] => NME [Clipart]: {'total': 17.11, '00-04': 21.79, '05-09': 24.19, '10-14': 19.7, '15-19': 15.09, '20-24': 13.48, '25-29': 4.84, '30-34': 10.94, '35-39': 13.11, '40-44': 22.73, '45-49': 15.62, '50-54': 22.11, '55-59': 18.75, 'old': 16.97, 'new': 18.75}
2025-06-04 12:54:56,704 [trainer.py] => CNN [Clipart] top1 curve: [50.0, 40.0, 33.98, 28.57, 27.3, 22.44, 19.83, 20.19, 18.3, 17.29, 18.29, 15.41]
2025-06-04 12:54:56,704 [trainer.py] => CNN [Clipart] top5 curve: [96.15, 74.29, 66.02, 55.98, 51.72, 45.85, 43.88, 41.68, 37.6, 36.84, 38.82, 37.86]
2025-06-04 12:54:56,704 [trainer.py] => NME [Clipart] top1 curve: [52.56, 45.71, 34.47, 26.64, 25.29, 23.41, 20.04, 22.24, 19.3, 18.35, 18.55, 17.11]
2025-06-04 12:54:56,704 [trainer.py] => NME [Clipart] top5 curve: [100.0, 80.71, 68.93, 61.78, 58.62, 52.2, 48.52, 43.93, 41.26, 40.0, 41.58, 39.32]
2025-06-04 12:54:56,704 [trainer.py] => Average Accuracy [Clipart] (CNN): 25.96666666666667
2025-06-04 12:54:56,704 [trainer.py] => Average Accuracy [Clipart] (NME): 26.9725
2025-06-04 12:54:56,704 [trainer.py] => CNN [Product]: {'total': 58.03, '00-04': 74.12, '05-09': 55.0, '10-14': 70.97, '15-19': 42.86, '20-24': 45.9, '25-29': 53.16, '30-34': 44.78, '35-39': 51.52, '40-44': 64.29, '45-49': 49.3, '50-54': 58.46, '55-59': 89.66, 'old': 55.68, 'new': 89.66}
2025-06-04 12:54:56,705 [trainer.py] => NME [Product]: {'total': 59.45, '00-04': 70.59, '05-09': 47.5, '10-14': 75.81, '15-19': 49.35, '20-24': 47.54, '25-29': 64.56, '30-34': 53.73, '35-39': 53.03, '40-44': 64.29, '45-49': 49.3, '50-54': 60.0, '55-59': 81.03, 'old': 57.85, 'new': 81.03}
2025-06-04 12:54:56,705 [trainer.py] => CNN [Product] top1 curve: [87.06, 78.79, 87.67, 80.92, 75.89, 75.23, 72.21, 65.16, 62.13, 58.91, 58.24, 58.03]
2025-06-04 12:54:56,705 [trainer.py] => CNN [Product] top5 curve: [100.0, 98.79, 97.8, 95.72, 94.25, 92.57, 91.78, 87.0, 84.7, 84.12, 83.27, 80.38]
2025-06-04 12:54:56,705 [trainer.py] => NME [Product] top1 curve: [89.41, 86.67, 90.31, 82.57, 78.08, 76.35, 73.39, 67.76, 65.53, 60.72, 59.77, 59.45]
2025-06-04 12:54:56,705 [trainer.py] => NME [Product] top5 curve: [100.0, 99.39, 98.68, 96.71, 94.52, 94.37, 91.39, 89.43, 87.79, 85.52, 83.78, 81.09]
2025-06-04 12:54:56,705 [trainer.py] => Average Accuracy [Product] (CNN): 71.68666666666667
2025-06-04 12:54:56,705 [trainer.py] => Average Accuracy [Product] (NME): 74.1675
2025-06-04 12:54:56,705 [trainer.py] => CNN [Real World]: {'total': 36.2, '00-04': 39.73, '05-09': 47.06, '10-14': 31.94, '15-19': 17.91, '20-24': 13.85, '25-29': 36.36, '30-34': 42.67, '35-39': 25.42, '40-44': 35.94, '45-49': 38.89, '50-54': 52.56, '55-59': 44.87, 'old': 35.32, 'new': 44.87}
2025-06-04 12:54:56,706 [trainer.py] => NME [Real World]: {'total': 39.15, '00-04': 38.36, '05-09': 42.65, '10-14': 36.11, '15-19': 22.39, '20-24': 15.38, '25-29': 40.26, '30-34': 49.33, '35-39': 32.2, '40-44': 39.06, '45-49': 38.89, '50-54': 58.97, '55-59': 48.72, 'old': 38.18, 'new': 48.72}
2025-06-04 12:54:56,706 [trainer.py] => CNN [Real World] top1 curve: [73.97, 64.54, 58.69, 54.29, 45.8, 48.82, 44.87, 42.99, 39.35, 38.87, 37.92, 36.2]
2025-06-04 12:54:56,706 [trainer.py] => CNN [Real World] top5 curve: [98.63, 90.78, 83.1, 80.0, 72.75, 75.12, 71.83, 69.6, 64.19, 63.87, 63.38, 62.74]
2025-06-04 12:54:56,706 [trainer.py] => NME [Real World] top1 curve: [78.08, 70.92, 60.09, 54.29, 48.7, 48.82, 46.88, 44.78, 41.29, 42.34, 41.43, 39.15]
2025-06-04 12:54:56,706 [trainer.py] => NME [Real World] top5 curve: [100.0, 96.45, 91.55, 86.79, 77.68, 80.57, 74.04, 70.5, 68.55, 67.05, 67.92, 65.45]
2025-06-04 12:54:56,706 [trainer.py] => Average Accuracy [Real World] (CNN): 48.85916666666666
2025-06-04 12:54:56,706 [trainer.py] => Average Accuracy [Real World] (NME): 51.3975
2025-06-04 12:54:56,706 [trainer.py] => NME Harmonic Mean : 24.1007
2025-06-04 12:54:56,706 [trainer.py] => NME Macro Mean : 34.8400
2025-06-04 12:54:56,707 [trainer.py] => CNN Harmonic Mean : 22.0938
2025-06-04 12:54:56,707 [trainer.py] => CNN Macro Mean : 33.1150
2025-06-04 12:54:56,707 [trainer.py] => All params: 21320582
2025-06-04 12:54:56,708 [trainer.py] => Trainable params: 21320582
2025-06-04 12:54:56,710 [icarl.py] => Learning on 60-65
2025-06-04 12:55:31,327 [icarl.py] => Task 12, Epoch 1/200 => Loss 5.006, Loss_clf 2.364, Loss_kd 2.636, Loss_kernel 0.005, Train_accy 45.20, Test_accy {'Art': 5.52, 'Clipart': 5.82, 'Real World': 7.35, 'Product': 8.09}
2025-06-04 12:55:46,971 [icarl.py] => Task 12, Epoch 2/200 => Loss 6.954, Loss_clf 3.382, Loss_kd 3.559, Loss_kernel 0.013, Train_accy 20.57
2025-06-04 12:56:02,856 [icarl.py] => Task 12, Epoch 3/200 => Loss 5.931, Loss_clf 2.662, Loss_kd 3.259, Loss_kernel 0.010, Train_accy 31.36
2025-06-04 12:56:18,885 [icarl.py] => Task 12, Epoch 4/200 => Loss 5.291, Loss_clf 2.274, Loss_kd 3.009, Loss_kernel 0.009, Train_accy 38.10
2025-06-04 12:56:34,983 [icarl.py] => Task 12, Epoch 5/200 => Loss 4.916, Loss_clf 2.030, Loss_kd 2.878, Loss_kernel 0.008, Train_accy 44.57
2025-06-04 12:57:09,965 [icarl.py] => Task 12, Epoch 6/200 => Loss 4.656, Loss_clf 1.890, Loss_kd 2.759, Loss_kernel 0.008, Train_accy 48.46, Test_accy {'Art': 13.21, 'Clipart': 11.31, 'Real World': 20.82, 'Product': 35.74}
2025-06-04 12:57:25,749 [icarl.py] => Task 12, Epoch 7/200 => Loss 4.456, Loss_clf 1.778, Loss_kd 2.670, Loss_kernel 0.008, Train_accy 50.72
2025-06-04 12:57:41,596 [icarl.py] => Task 12, Epoch 8/200 => Loss 4.305, Loss_clf 1.678, Loss_kd 2.618, Loss_kernel 0.008, Train_accy 52.63
2025-06-04 12:57:57,292 [icarl.py] => Task 12, Epoch 9/200 => Loss 4.138, Loss_clf 1.547, Loss_kd 2.584, Loss_kernel 0.007, Train_accy 56.47
2025-06-04 12:58:13,127 [icarl.py] => Task 12, Epoch 10/200 => Loss 4.001, Loss_clf 1.463, Loss_kd 2.530, Loss_kernel 0.008, Train_accy 58.36
2025-06-04 12:58:48,123 [icarl.py] => Task 12, Epoch 11/200 => Loss 3.828, Loss_clf 1.332, Loss_kd 2.488, Loss_kernel 0.009, Train_accy 61.93, Test_accy {'Art': 14.79, 'Clipart': 13.66, 'Real World': 25.28, 'Product': 42.51}
2025-06-04 12:59:04,301 [icarl.py] => Task 12, Epoch 12/200 => Loss 3.639, Loss_clf 1.216, Loss_kd 2.415, Loss_kernel 0.008, Train_accy 63.50
2025-06-04 12:59:21,724 [icarl.py] => Task 12, Epoch 13/200 => Loss 3.589, Loss_clf 1.197, Loss_kd 2.384, Loss_kernel 0.008, Train_accy 65.67
2025-06-04 12:59:39,410 [icarl.py] => Task 12, Epoch 14/200 => Loss 3.551, Loss_clf 1.187, Loss_kd 2.356, Loss_kernel 0.008, Train_accy 65.65
2025-06-04 12:59:55,256 [icarl.py] => Task 12, Epoch 15/200 => Loss 3.415, Loss_clf 1.061, Loss_kd 2.347, Loss_kernel 0.007, Train_accy 69.10
2025-06-04 13:00:29,680 [icarl.py] => Task 12, Epoch 16/200 => Loss 3.285, Loss_clf 0.989, Loss_kd 2.289, Loss_kernel 0.007, Train_accy 71.11, Test_accy {'Art': 15.58, 'Clipart': 13.77, 'Real World': 25.17, 'Product': 39.13}
2025-06-04 13:00:45,107 [icarl.py] => Task 12, Epoch 17/200 => Loss 3.276, Loss_clf 0.991, Loss_kd 2.278, Loss_kernel 0.007, Train_accy 71.54
2025-06-04 13:01:00,729 [icarl.py] => Task 12, Epoch 18/200 => Loss 3.157, Loss_clf 0.902, Loss_kd 2.248, Loss_kernel 0.007, Train_accy 74.40
2025-06-04 13:01:16,506 [icarl.py] => Task 12, Epoch 19/200 => Loss 3.102, Loss_clf 0.892, Loss_kd 2.204, Loss_kernel 0.007, Train_accy 74.49
2025-06-04 13:01:32,501 [icarl.py] => Task 12, Epoch 20/200 => Loss 3.067, Loss_clf 0.860, Loss_kd 2.200, Loss_kernel 0.008, Train_accy 75.16
2025-06-04 13:02:07,000 [icarl.py] => Task 12, Epoch 21/200 => Loss 3.007, Loss_clf 0.801, Loss_kd 2.198, Loss_kernel 0.007, Train_accy 76.47, Test_accy {'Art': 12.43, 'Clipart': 11.76, 'Real World': 22.16, 'Product': 29.73}
2025-06-04 13:02:22,799 [icarl.py] => Task 12, Epoch 22/200 => Loss 3.009, Loss_clf 0.810, Loss_kd 2.192, Loss_kernel 0.007, Train_accy 76.87
2025-06-04 13:02:38,844 [icarl.py] => Task 12, Epoch 23/200 => Loss 2.936, Loss_clf 0.750, Loss_kd 2.180, Loss_kernel 0.006, Train_accy 77.92
2025-06-04 13:02:54,795 [icarl.py] => Task 12, Epoch 24/200 => Loss 2.939, Loss_clf 0.767, Loss_kd 2.165, Loss_kernel 0.006, Train_accy 77.86
2025-06-04 13:03:10,356 [icarl.py] => Task 12, Epoch 25/200 => Loss 2.944, Loss_clf 0.776, Loss_kd 2.161, Loss_kernel 0.007, Train_accy 77.42
2025-06-04 13:03:45,328 [icarl.py] => Task 12, Epoch 26/200 => Loss 2.868, Loss_clf 0.726, Loss_kd 2.136, Loss_kernel 0.006, Train_accy 79.44, Test_accy {'Art': 15.19, 'Clipart': 14.78, 'Real World': 27.17, 'Product': 48.74}
2025-06-04 13:04:01,363 [icarl.py] => Task 12, Epoch 27/200 => Loss 2.796, Loss_clf 0.680, Loss_kd 2.110, Loss_kernel 0.006, Train_accy 79.47
2025-06-04 13:04:17,272 [icarl.py] => Task 12, Epoch 28/200 => Loss 2.780, Loss_clf 0.659, Loss_kd 2.115, Loss_kernel 0.006, Train_accy 80.64
2025-06-04 13:04:33,145 [icarl.py] => Task 12, Epoch 29/200 => Loss 2.648, Loss_clf 0.587, Loss_kd 2.055, Loss_kernel 0.006, Train_accy 81.73
2025-06-04 13:04:49,204 [icarl.py] => Task 12, Epoch 30/200 => Loss 2.680, Loss_clf 0.599, Loss_kd 2.076, Loss_kernel 0.006, Train_accy 82.01
2025-06-04 13:05:23,555 [icarl.py] => Task 12, Epoch 31/200 => Loss 2.663, Loss_clf 0.588, Loss_kd 2.069, Loss_kernel 0.006, Train_accy 83.03, Test_accy {'Art': 14.4, 'Clipart': 15.79, 'Real World': 28.62, 'Product': 43.61}
2025-06-04 13:05:39,200 [icarl.py] => Task 12, Epoch 32/200 => Loss 2.731, Loss_clf 0.621, Loss_kd 2.105, Loss_kernel 0.006, Train_accy 80.94
2025-06-04 13:05:54,915 [icarl.py] => Task 12, Epoch 33/200 => Loss 2.768, Loss_clf 0.645, Loss_kd 2.117, Loss_kernel 0.006, Train_accy 80.56
2025-06-04 13:06:10,690 [icarl.py] => Task 12, Epoch 34/200 => Loss 2.749, Loss_clf 0.638, Loss_kd 2.106, Loss_kernel 0.005, Train_accy 81.03
2025-06-04 13:06:26,616 [icarl.py] => Task 12, Epoch 35/200 => Loss 2.711, Loss_clf 0.611, Loss_kd 2.095, Loss_kernel 0.005, Train_accy 81.23
2025-06-04 13:07:02,807 [icarl.py] => Task 12, Epoch 36/200 => Loss 2.730, Loss_clf 0.618, Loss_kd 2.107, Loss_kernel 0.006, Train_accy 81.38, Test_accy {'Art': 13.21, 'Clipart': 12.54, 'Real World': 24.61, 'Product': 35.96}
2025-06-04 13:07:18,362 [icarl.py] => Task 12, Epoch 37/200 => Loss 2.673, Loss_clf 0.577, Loss_kd 2.090, Loss_kernel 0.005, Train_accy 82.20
2025-06-04 13:07:34,300 [icarl.py] => Task 12, Epoch 38/200 => Loss 2.597, Loss_clf 0.523, Loss_kd 2.068, Loss_kernel 0.005, Train_accy 84.97
2025-06-04 13:07:50,192 [icarl.py] => Task 12, Epoch 39/200 => Loss 2.620, Loss_clf 0.562, Loss_kd 2.053, Loss_kernel 0.005, Train_accy 82.98
2025-06-04 13:08:05,958 [icarl.py] => Task 12, Epoch 40/200 => Loss 2.677, Loss_clf 0.586, Loss_kd 2.085, Loss_kernel 0.005, Train_accy 82.84
2025-06-04 13:08:40,870 [icarl.py] => Task 12, Epoch 41/200 => Loss 2.772, Loss_clf 0.645, Loss_kd 2.122, Loss_kernel 0.005, Train_accy 81.43, Test_accy {'Art': 14.4, 'Clipart': 13.33, 'Real World': 27.51, 'Product': 45.57}
2025-06-04 13:08:56,248 [icarl.py] => Task 12, Epoch 42/200 => Loss 2.575, Loss_clf 0.512, Loss_kd 2.057, Loss_kernel 0.006, Train_accy 84.68
2025-06-04 13:09:11,957 [icarl.py] => Task 12, Epoch 43/200 => Loss 2.589, Loss_clf 0.550, Loss_kd 2.034, Loss_kernel 0.005, Train_accy 83.89
2025-06-04 13:09:27,012 [icarl.py] => Task 12, Epoch 44/200 => Loss 2.567, Loss_clf 0.520, Loss_kd 2.042, Loss_kernel 0.005, Train_accy 84.82
2025-06-04 13:09:42,939 [icarl.py] => Task 12, Epoch 45/200 => Loss 2.547, Loss_clf 0.476, Loss_kd 2.066, Loss_kernel 0.005, Train_accy 86.03
2025-06-04 13:10:17,718 [icarl.py] => Task 12, Epoch 46/200 => Loss 2.575, Loss_clf 0.536, Loss_kd 2.033, Loss_kernel 0.005, Train_accy 84.42, Test_accy {'Art': 16.77, 'Clipart': 14.33, 'Real World': 29.18, 'Product': 48.52}
2025-06-04 13:10:33,392 [icarl.py] => Task 12, Epoch 47/200 => Loss 2.614, Loss_clf 0.535, Loss_kd 2.074, Loss_kernel 0.005, Train_accy 83.66
2025-06-04 13:10:48,886 [icarl.py] => Task 12, Epoch 48/200 => Loss 2.570, Loss_clf 0.509, Loss_kd 2.056, Loss_kernel 0.005, Train_accy 84.91
2025-06-04 13:11:04,406 [icarl.py] => Task 12, Epoch 49/200 => Loss 2.549, Loss_clf 0.492, Loss_kd 2.052, Loss_kernel 0.005, Train_accy 86.00
2025-06-04 13:11:19,905 [icarl.py] => Task 12, Epoch 50/200 => Loss 2.603, Loss_clf 0.547, Loss_kd 2.051, Loss_kernel 0.005, Train_accy 84.41
2025-06-04 13:11:54,895 [icarl.py] => Task 12, Epoch 51/200 => Loss 2.564, Loss_clf 0.511, Loss_kd 2.048, Loss_kernel 0.005, Train_accy 84.40, Test_accy {'Art': 14.99, 'Clipart': 13.89, 'Real World': 30.62, 'Product': 50.38}
2025-06-04 13:12:10,575 [icarl.py] => Task 12, Epoch 52/200 => Loss 2.483, Loss_clf 0.462, Loss_kd 2.016, Loss_kernel 0.005, Train_accy 86.22
2025-06-04 13:12:25,972 [icarl.py] => Task 12, Epoch 53/200 => Loss 2.567, Loss_clf 0.511, Loss_kd 2.051, Loss_kernel 0.005, Train_accy 84.83
2025-06-04 13:12:41,502 [icarl.py] => Task 12, Epoch 54/200 => Loss 2.416, Loss_clf 0.421, Loss_kd 1.991, Loss_kernel 0.005, Train_accy 87.57
2025-06-04 13:12:57,700 [icarl.py] => Task 12, Epoch 55/200 => Loss 2.373, Loss_clf 0.420, Loss_kd 1.949, Loss_kernel 0.004, Train_accy 87.24
2025-06-04 13:13:32,768 [icarl.py] => Task 12, Epoch 56/200 => Loss 2.438, Loss_clf 0.446, Loss_kd 1.988, Loss_kernel 0.004, Train_accy 87.17, Test_accy {'Art': 16.37, 'Clipart': 12.54, 'Real World': 27.84, 'Product': 45.57}
2025-06-04 13:13:48,104 [icarl.py] => Task 12, Epoch 57/200 => Loss 2.508, Loss_clf 0.469, Loss_kd 2.035, Loss_kernel 0.005, Train_accy 85.81
2025-06-04 13:14:03,279 [icarl.py] => Task 12, Epoch 58/200 => Loss 2.524, Loss_clf 0.501, Loss_kd 2.018, Loss_kernel 0.005, Train_accy 85.37
2025-06-04 13:14:18,504 [icarl.py] => Task 12, Epoch 59/200 => Loss 2.488, Loss_clf 0.455, Loss_kd 2.029, Loss_kernel 0.005, Train_accy 87.11
2025-06-04 13:14:33,758 [icarl.py] => Task 12, Epoch 60/200 => Loss 2.409, Loss_clf 0.426, Loss_kd 1.979, Loss_kernel 0.004, Train_accy 87.32
2025-06-04 13:15:08,186 [icarl.py] => Task 12, Epoch 61/200 => Loss 2.442, Loss_clf 0.456, Loss_kd 1.981, Loss_kernel 0.004, Train_accy 85.72, Test_accy {'Art': 16.17, 'Clipart': 14.56, 'Real World': 29.73, 'Product': 48.31}
2025-06-04 13:15:23,935 [icarl.py] => Task 12, Epoch 62/200 => Loss 2.449, Loss_clf 0.433, Loss_kd 2.012, Loss_kernel 0.005, Train_accy 87.83
2025-06-04 13:15:39,459 [icarl.py] => Task 12, Epoch 63/200 => Loss 2.442, Loss_clf 0.425, Loss_kd 2.013, Loss_kernel 0.004, Train_accy 87.04
2025-06-04 13:15:54,637 [icarl.py] => Task 12, Epoch 64/200 => Loss 2.444, Loss_clf 0.442, Loss_kd 1.997, Loss_kernel 0.004, Train_accy 85.78
2025-06-04 13:16:10,043 [icarl.py] => Task 12, Epoch 65/200 => Loss 2.369, Loss_clf 0.397, Loss_kd 1.968, Loss_kernel 0.004, Train_accy 87.90
2025-06-04 13:16:45,110 [icarl.py] => Task 12, Epoch 66/200 => Loss 2.407, Loss_clf 0.412, Loss_kd 1.990, Loss_kernel 0.004, Train_accy 87.66, Test_accy {'Art': 16.96, 'Clipart': 14.22, 'Real World': 31.63, 'Product': 50.16}
2025-06-04 13:17:00,982 [icarl.py] => Task 12, Epoch 67/200 => Loss 2.334, Loss_clf 0.363, Loss_kd 1.967, Loss_kernel 0.004, Train_accy 89.15
2025-06-04 13:17:16,831 [icarl.py] => Task 12, Epoch 68/200 => Loss 2.380, Loss_clf 0.405, Loss_kd 1.971, Loss_kernel 0.004, Train_accy 88.61
2025-06-04 13:17:32,757 [icarl.py] => Task 12, Epoch 69/200 => Loss 2.304, Loss_clf 0.354, Loss_kd 1.947, Loss_kernel 0.004, Train_accy 89.23
2025-06-04 13:17:48,052 [icarl.py] => Task 12, Epoch 70/200 => Loss 2.336, Loss_clf 0.384, Loss_kd 1.948, Loss_kernel 0.004, Train_accy 88.56
2025-06-04 13:18:21,988 [icarl.py] => Task 12, Epoch 71/200 => Loss 2.309, Loss_clf 0.361, Loss_kd 1.944, Loss_kernel 0.004, Train_accy 89.24, Test_accy {'Art': 17.36, 'Clipart': 13.89, 'Real World': 30.4, 'Product': 50.49}
2025-06-04 13:18:37,912 [icarl.py] => Task 12, Epoch 72/200 => Loss 2.338, Loss_clf 0.354, Loss_kd 1.980, Loss_kernel 0.004, Train_accy 88.75
2025-06-04 13:18:54,058 [icarl.py] => Task 12, Epoch 73/200 => Loss 2.334, Loss_clf 0.379, Loss_kd 1.951, Loss_kernel 0.004, Train_accy 89.06
2025-06-04 13:19:09,793 [icarl.py] => Task 12, Epoch 74/200 => Loss 2.320, Loss_clf 0.355, Loss_kd 1.961, Loss_kernel 0.003, Train_accy 89.96
2025-06-04 13:19:24,889 [icarl.py] => Task 12, Epoch 75/200 => Loss 2.307, Loss_clf 0.345, Loss_kd 1.958, Loss_kernel 0.004, Train_accy 89.76
2025-06-04 13:20:00,579 [icarl.py] => Task 12, Epoch 76/200 => Loss 2.326, Loss_clf 0.354, Loss_kd 1.969, Loss_kernel 0.004, Train_accy 90.17, Test_accy {'Art': 17.55, 'Clipart': 14.67, 'Real World': 28.06, 'Product': 51.37}
2025-06-04 13:20:15,690 [icarl.py] => Task 12, Epoch 77/200 => Loss 2.335, Loss_clf 0.369, Loss_kd 1.962, Loss_kernel 0.003, Train_accy 89.42
2025-06-04 13:20:31,127 [icarl.py] => Task 12, Epoch 78/200 => Loss 2.290, Loss_clf 0.347, Loss_kd 1.940, Loss_kernel 0.004, Train_accy 89.00
2025-06-04 13:20:47,043 [icarl.py] => Task 12, Epoch 79/200 => Loss 2.305, Loss_clf 0.362, Loss_kd 1.940, Loss_kernel 0.004, Train_accy 89.38
2025-06-04 13:21:02,475 [icarl.py] => Task 12, Epoch 80/200 => Loss 2.212, Loss_clf 0.308, Loss_kd 1.901, Loss_kernel 0.003, Train_accy 91.06
2025-06-04 13:21:37,668 [icarl.py] => Task 12, Epoch 81/200 => Loss 2.242, Loss_clf 0.303, Loss_kd 1.936, Loss_kernel 0.003, Train_accy 90.93, Test_accy {'Art': 15.58, 'Clipart': 14.33, 'Real World': 32.63, 'Product': 50.82}
2025-06-04 13:21:53,536 [icarl.py] => Task 12, Epoch 82/200 => Loss 2.267, Loss_clf 0.325, Loss_kd 1.938, Loss_kernel 0.003, Train_accy 90.51
2025-06-04 13:22:09,345 [icarl.py] => Task 12, Epoch 83/200 => Loss 2.185, Loss_clf 0.291, Loss_kd 1.892, Loss_kernel 0.003, Train_accy 91.41
2025-06-04 13:22:25,251 [icarl.py] => Task 12, Epoch 84/200 => Loss 2.273, Loss_clf 0.329, Loss_kd 1.941, Loss_kernel 0.003, Train_accy 89.82
2025-06-04 13:22:40,759 [icarl.py] => Task 12, Epoch 85/200 => Loss 2.197, Loss_clf 0.281, Loss_kd 1.913, Loss_kernel 0.003, Train_accy 91.62
2025-06-04 13:23:15,775 [icarl.py] => Task 12, Epoch 86/200 => Loss 2.230, Loss_clf 0.295, Loss_kd 1.933, Loss_kernel 0.003, Train_accy 91.36, Test_accy {'Art': 19.13, 'Clipart': 15.12, 'Real World': 33.63, 'Product': 52.24}
2025-06-04 13:23:30,732 [icarl.py] => Task 12, Epoch 87/200 => Loss 2.249, Loss_clf 0.316, Loss_kd 1.931, Loss_kernel 0.003, Train_accy 90.60
2025-06-04 13:23:46,475 [icarl.py] => Task 12, Epoch 88/200 => Loss 2.258, Loss_clf 0.336, Loss_kd 1.918, Loss_kernel 0.003, Train_accy 90.94
2025-06-04 13:24:01,954 [icarl.py] => Task 12, Epoch 89/200 => Loss 2.201, Loss_clf 0.287, Loss_kd 1.910, Loss_kernel 0.003, Train_accy 91.46
2025-06-04 13:24:17,490 [icarl.py] => Task 12, Epoch 90/200 => Loss 2.238, Loss_clf 0.315, Loss_kd 1.919, Loss_kernel 0.003, Train_accy 90.51
2025-06-04 13:24:51,794 [icarl.py] => Task 12, Epoch 91/200 => Loss 2.223, Loss_clf 0.301, Loss_kd 1.919, Loss_kernel 0.003, Train_accy 91.17, Test_accy {'Art': 15.19, 'Clipart': 11.87, 'Real World': 26.5, 'Product': 37.7}
2025-06-04 13:25:07,393 [icarl.py] => Task 12, Epoch 92/200 => Loss 2.147, Loss_clf 0.254, Loss_kd 1.890, Loss_kernel 0.003, Train_accy 93.18
2025-06-04 13:25:22,014 [icarl.py] => Task 12, Epoch 93/200 => Loss 2.191, Loss_clf 0.285, Loss_kd 1.903, Loss_kernel 0.003, Train_accy 91.42
2025-06-04 13:25:37,370 [icarl.py] => Task 12, Epoch 94/200 => Loss 2.171, Loss_clf 0.265, Loss_kd 1.903, Loss_kernel 0.003, Train_accy 92.65
2025-06-04 13:25:53,149 [icarl.py] => Task 12, Epoch 95/200 => Loss 2.273, Loss_clf 0.328, Loss_kd 1.942, Loss_kernel 0.003, Train_accy 90.94
2025-06-04 13:26:27,619 [icarl.py] => Task 12, Epoch 96/200 => Loss 2.195, Loss_clf 0.279, Loss_kd 1.914, Loss_kernel 0.003, Train_accy 92.25, Test_accy {'Art': 17.75, 'Clipart': 15.12, 'Real World': 31.18, 'Product': 50.82}
2025-06-04 13:26:43,661 [icarl.py] => Task 12, Epoch 97/200 => Loss 2.161, Loss_clf 0.256, Loss_kd 1.902, Loss_kernel 0.003, Train_accy 92.73
2025-06-04 13:26:58,527 [icarl.py] => Task 12, Epoch 98/200 => Loss 2.128, Loss_clf 0.232, Loss_kd 1.893, Loss_kernel 0.003, Train_accy 93.44
2025-06-04 13:27:13,514 [icarl.py] => Task 12, Epoch 99/200 => Loss 2.181, Loss_clf 0.274, Loss_kd 1.904, Loss_kernel 0.003, Train_accy 91.68
2025-06-04 13:27:28,304 [icarl.py] => Task 12, Epoch 100/200 => Loss 2.187, Loss_clf 0.268, Loss_kd 1.917, Loss_kernel 0.003, Train_accy 92.13
2025-06-04 13:28:02,307 [icarl.py] => Task 12, Epoch 101/200 => Loss 2.141, Loss_clf 0.240, Loss_kd 1.898, Loss_kernel 0.003, Train_accy 92.68, Test_accy {'Art': 16.57, 'Clipart': 15.01, 'Real World': 29.73, 'Product': 48.96}
2025-06-04 13:28:18,391 [icarl.py] => Task 12, Epoch 102/200 => Loss 2.219, Loss_clf 0.289, Loss_kd 1.927, Loss_kernel 0.003, Train_accy 91.52
2025-06-04 13:28:33,533 [icarl.py] => Task 12, Epoch 103/200 => Loss 2.192, Loss_clf 0.280, Loss_kd 1.909, Loss_kernel 0.002, Train_accy 92.51
2025-06-04 13:28:47,136 [icarl.py] => Task 12, Epoch 104/200 => Loss 2.141, Loss_clf 0.247, Loss_kd 1.892, Loss_kernel 0.002, Train_accy 92.24
2025-06-04 13:29:02,476 [icarl.py] => Task 12, Epoch 105/200 => Loss 2.224, Loss_clf 0.297, Loss_kd 1.924, Loss_kernel 0.002, Train_accy 91.83
2025-06-04 13:29:36,558 [icarl.py] => Task 12, Epoch 106/200 => Loss 2.128, Loss_clf 0.244, Loss_kd 1.881, Loss_kernel 0.002, Train_accy 92.43, Test_accy {'Art': 20.12, 'Clipart': 15.68, 'Real World': 33.18, 'Product': 54.75}
2025-06-04 13:29:52,328 [icarl.py] => Task 12, Epoch 107/200 => Loss 2.184, Loss_clf 0.257, Loss_kd 1.924, Loss_kernel 0.002, Train_accy 92.93
2025-06-04 13:30:07,739 [icarl.py] => Task 12, Epoch 108/200 => Loss 2.089, Loss_clf 0.228, Loss_kd 1.859, Loss_kernel 0.002, Train_accy 93.21
2025-06-04 13:30:22,505 [icarl.py] => Task 12, Epoch 109/200 => Loss 2.073, Loss_clf 0.214, Loss_kd 1.857, Loss_kernel 0.002, Train_accy 93.67
2025-06-04 13:30:37,570 [icarl.py] => Task 12, Epoch 110/200 => Loss 2.119, Loss_clf 0.238, Loss_kd 1.878, Loss_kernel 0.002, Train_accy 92.85
2025-06-04 13:31:12,409 [icarl.py] => Task 12, Epoch 111/200 => Loss 2.083, Loss_clf 0.206, Loss_kd 1.875, Loss_kernel 0.002, Train_accy 93.98, Test_accy {'Art': 17.55, 'Clipart': 14.67, 'Real World': 32.29, 'Product': 55.08}
2025-06-04 13:31:27,993 [icarl.py] => Task 12, Epoch 112/200 => Loss 2.056, Loss_clf 0.193, Loss_kd 1.861, Loss_kernel 0.002, Train_accy 94.46
2025-06-04 13:31:43,124 [icarl.py] => Task 12, Epoch 113/200 => Loss 2.055, Loss_clf 0.204, Loss_kd 1.848, Loss_kernel 0.002, Train_accy 93.81
2025-06-04 13:31:58,649 [icarl.py] => Task 12, Epoch 114/200 => Loss 2.100, Loss_clf 0.217, Loss_kd 1.881, Loss_kernel 0.002, Train_accy 93.51
2025-06-04 13:32:13,341 [icarl.py] => Task 12, Epoch 115/200 => Loss 2.074, Loss_clf 0.215, Loss_kd 1.857, Loss_kernel 0.002, Train_accy 93.77
2025-06-04 13:32:47,968 [icarl.py] => Task 12, Epoch 116/200 => Loss 2.039, Loss_clf 0.198, Loss_kd 1.839, Loss_kernel 0.002, Train_accy 94.43, Test_accy {'Art': 16.96, 'Clipart': 15.23, 'Real World': 31.63, 'Product': 52.46}
2025-06-04 13:33:03,527 [icarl.py] => Task 12, Epoch 117/200 => Loss 2.072, Loss_clf 0.230, Loss_kd 1.840, Loss_kernel 0.002, Train_accy 93.35
2025-06-04 13:33:19,252 [icarl.py] => Task 12, Epoch 118/200 => Loss 2.030, Loss_clf 0.219, Loss_kd 1.809, Loss_kernel 0.002, Train_accy 93.63
2025-06-04 13:33:34,554 [icarl.py] => Task 12, Epoch 119/200 => Loss 2.011, Loss_clf 0.191, Loss_kd 1.818, Loss_kernel 0.002, Train_accy 94.44
2025-06-04 13:33:49,997 [icarl.py] => Task 12, Epoch 120/200 => Loss 2.096, Loss_clf 0.223, Loss_kd 1.871, Loss_kernel 0.002, Train_accy 92.93
2025-06-04 13:34:26,827 [icarl.py] => Task 12, Epoch 121/200 => Loss 2.063, Loss_clf 0.192, Loss_kd 1.869, Loss_kernel 0.002, Train_accy 94.81, Test_accy {'Art': 19.72, 'Clipart': 14.89, 'Real World': 32.52, 'Product': 54.64}
2025-06-04 13:34:42,091 [icarl.py] => Task 12, Epoch 122/200 => Loss 2.043, Loss_clf 0.198, Loss_kd 1.844, Loss_kernel 0.002, Train_accy 93.97
2025-06-04 13:34:57,130 [icarl.py] => Task 12, Epoch 123/200 => Loss 2.025, Loss_clf 0.200, Loss_kd 1.823, Loss_kernel 0.002, Train_accy 94.22
2025-06-04 13:35:12,203 [icarl.py] => Task 12, Epoch 124/200 => Loss 2.029, Loss_clf 0.185, Loss_kd 1.843, Loss_kernel 0.002, Train_accy 94.76
2025-06-04 13:35:26,898 [icarl.py] => Task 12, Epoch 125/200 => Loss 2.022, Loss_clf 0.182, Loss_kd 1.839, Loss_kernel 0.002, Train_accy 94.76
2025-06-04 13:36:01,529 [icarl.py] => Task 12, Epoch 126/200 => Loss 2.035, Loss_clf 0.197, Loss_kd 1.836, Loss_kernel 0.002, Train_accy 93.85, Test_accy {'Art': 18.34, 'Clipart': 16.01, 'Real World': 33.18, 'Product': 52.9}
2025-06-04 13:36:17,453 [icarl.py] => Task 12, Epoch 127/200 => Loss 2.019, Loss_clf 0.188, Loss_kd 1.829, Loss_kernel 0.002, Train_accy 94.50
2025-06-04 13:36:33,411 [icarl.py] => Task 12, Epoch 128/200 => Loss 2.012, Loss_clf 0.172, Loss_kd 1.839, Loss_kernel 0.002, Train_accy 95.14
2025-06-04 13:36:48,954 [icarl.py] => Task 12, Epoch 129/200 => Loss 1.998, Loss_clf 0.177, Loss_kd 1.819, Loss_kernel 0.002, Train_accy 94.94
2025-06-04 13:37:04,298 [icarl.py] => Task 12, Epoch 130/200 => Loss 1.998, Loss_clf 0.159, Loss_kd 1.836, Loss_kernel 0.002, Train_accy 95.57
2025-06-04 13:37:38,721 [icarl.py] => Task 12, Epoch 131/200 => Loss 1.989, Loss_clf 0.149, Loss_kd 1.839, Loss_kernel 0.002, Train_accy 95.74, Test_accy {'Art': 20.12, 'Clipart': 16.35, 'Real World': 35.08, 'Product': 57.7}
2025-06-04 13:37:54,227 [icarl.py] => Task 12, Epoch 132/200 => Loss 1.954, Loss_clf 0.152, Loss_kd 1.800, Loss_kernel 0.002, Train_accy 95.42
2025-06-04 13:38:09,958 [icarl.py] => Task 12, Epoch 133/200 => Loss 1.994, Loss_clf 0.166, Loss_kd 1.826, Loss_kernel 0.002, Train_accy 95.38
2025-06-04 13:38:24,292 [icarl.py] => Task 12, Epoch 134/200 => Loss 1.963, Loss_clf 0.156, Loss_kd 1.806, Loss_kernel 0.002, Train_accy 94.99
2025-06-04 13:38:39,522 [icarl.py] => Task 12, Epoch 135/200 => Loss 2.011, Loss_clf 0.165, Loss_kd 1.845, Loss_kernel 0.002, Train_accy 95.89
2025-06-04 13:39:13,110 [icarl.py] => Task 12, Epoch 136/200 => Loss 1.988, Loss_clf 0.155, Loss_kd 1.831, Loss_kernel 0.002, Train_accy 95.57, Test_accy {'Art': 18.74, 'Clipart': 15.57, 'Real World': 33.85, 'Product': 56.5}
2025-06-04 13:39:28,091 [icarl.py] => Task 12, Epoch 137/200 => Loss 2.020, Loss_clf 0.174, Loss_kd 1.844, Loss_kernel 0.002, Train_accy 95.66
2025-06-04 13:39:43,149 [icarl.py] => Task 12, Epoch 138/200 => Loss 1.985, Loss_clf 0.150, Loss_kd 1.833, Loss_kernel 0.002, Train_accy 95.67
2025-06-04 13:39:58,164 [icarl.py] => Task 12, Epoch 139/200 => Loss 1.951, Loss_clf 0.140, Loss_kd 1.809, Loss_kernel 0.002, Train_accy 96.39
2025-06-04 13:40:13,071 [icarl.py] => Task 12, Epoch 140/200 => Loss 1.950, Loss_clf 0.132, Loss_kd 1.817, Loss_kernel 0.002, Train_accy 96.14
2025-06-04 13:40:47,347 [icarl.py] => Task 12, Epoch 141/200 => Loss 1.965, Loss_clf 0.138, Loss_kd 1.826, Loss_kernel 0.002, Train_accy 96.24, Test_accy {'Art': 20.51, 'Clipart': 14.22, 'Real World': 33.07, 'Product': 55.85}
2025-06-04 13:41:03,271 [icarl.py] => Task 12, Epoch 142/200 => Loss 1.918, Loss_clf 0.125, Loss_kd 1.792, Loss_kernel 0.002, Train_accy 96.48
2025-06-04 13:41:18,556 [icarl.py] => Task 12, Epoch 143/200 => Loss 1.987, Loss_clf 0.140, Loss_kd 1.845, Loss_kernel 0.002, Train_accy 96.23
2025-06-04 13:41:33,726 [icarl.py] => Task 12, Epoch 144/200 => Loss 1.964, Loss_clf 0.148, Loss_kd 1.814, Loss_kernel 0.002, Train_accy 95.58
2025-06-04 13:41:48,862 [icarl.py] => Task 12, Epoch 145/200 => Loss 1.905, Loss_clf 0.124, Loss_kd 1.779, Loss_kernel 0.002, Train_accy 96.51
2025-06-04 13:42:22,045 [icarl.py] => Task 12, Epoch 146/200 => Loss 1.926, Loss_clf 0.139, Loss_kd 1.786, Loss_kernel 0.001, Train_accy 96.20, Test_accy {'Art': 20.91, 'Clipart': 15.57, 'Real World': 33.3, 'Product': 57.7}
2025-06-04 13:42:37,058 [icarl.py] => Task 12, Epoch 147/200 => Loss 1.974, Loss_clf 0.148, Loss_kd 1.824, Loss_kernel 0.002, Train_accy 96.20
2025-06-04 13:42:51,642 [icarl.py] => Task 12, Epoch 148/200 => Loss 1.963, Loss_clf 0.155, Loss_kd 1.807, Loss_kernel 0.002, Train_accy 95.77
2025-06-04 13:43:07,014 [icarl.py] => Task 12, Epoch 149/200 => Loss 1.924, Loss_clf 0.128, Loss_kd 1.794, Loss_kernel 0.002, Train_accy 96.58
2025-06-04 13:43:22,306 [icarl.py] => Task 12, Epoch 150/200 => Loss 1.951, Loss_clf 0.138, Loss_kd 1.812, Loss_kernel 0.002, Train_accy 96.09
2025-06-04 13:43:56,521 [icarl.py] => Task 12, Epoch 151/200 => Loss 1.963, Loss_clf 0.156, Loss_kd 1.806, Loss_kernel 0.002, Train_accy 95.67, Test_accy {'Art': 19.33, 'Clipart': 16.8, 'Real World': 33.96, 'Product': 56.83}
2025-06-04 13:44:11,641 [icarl.py] => Task 12, Epoch 152/200 => Loss 1.917, Loss_clf 0.121, Loss_kd 1.794, Loss_kernel 0.001, Train_accy 96.58
2025-06-04 13:44:26,673 [icarl.py] => Task 12, Epoch 153/200 => Loss 1.879, Loss_clf 0.111, Loss_kd 1.767, Loss_kernel 0.001, Train_accy 97.05
2025-06-04 13:44:42,244 [icarl.py] => Task 12, Epoch 154/200 => Loss 1.948, Loss_clf 0.137, Loss_kd 1.810, Loss_kernel 0.002, Train_accy 96.19
2025-06-04 13:44:57,711 [icarl.py] => Task 12, Epoch 155/200 => Loss 1.867, Loss_clf 0.090, Loss_kd 1.776, Loss_kernel 0.001, Train_accy 97.83
2025-06-04 13:45:31,657 [icarl.py] => Task 12, Epoch 156/200 => Loss 1.925, Loss_clf 0.110, Loss_kd 1.813, Loss_kernel 0.001, Train_accy 97.56, Test_accy {'Art': 20.51, 'Clipart': 16.8, 'Real World': 35.75, 'Product': 57.05}
2025-06-04 13:45:47,569 [icarl.py] => Task 12, Epoch 157/200 => Loss 1.885, Loss_clf 0.103, Loss_kd 1.780, Loss_kernel 0.001, Train_accy 97.01
2025-06-04 13:46:02,286 [icarl.py] => Task 12, Epoch 158/200 => Loss 1.918, Loss_clf 0.112, Loss_kd 1.804, Loss_kernel 0.001, Train_accy 97.34
2025-06-04 13:46:17,021 [icarl.py] => Task 12, Epoch 159/200 => Loss 1.909, Loss_clf 0.109, Loss_kd 1.798, Loss_kernel 0.001, Train_accy 96.84
2025-06-04 13:46:31,590 [icarl.py] => Task 12, Epoch 160/200 => Loss 1.926, Loss_clf 0.127, Loss_kd 1.797, Loss_kernel 0.001, Train_accy 96.46
2025-06-04 13:47:06,281 [icarl.py] => Task 12, Epoch 161/200 => Loss 1.901, Loss_clf 0.114, Loss_kd 1.785, Loss_kernel 0.001, Train_accy 96.81, Test_accy {'Art': 21.89, 'Clipart': 16.13, 'Real World': 34.86, 'Product': 58.36}
2025-06-04 13:47:20,758 [icarl.py] => Task 12, Epoch 162/200 => Loss 1.877, Loss_clf 0.112, Loss_kd 1.764, Loss_kernel 0.001, Train_accy 97.19
2025-06-04 13:47:35,776 [icarl.py] => Task 12, Epoch 163/200 => Loss 1.895, Loss_clf 0.109, Loss_kd 1.785, Loss_kernel 0.001, Train_accy 97.19
2025-06-04 13:47:50,152 [icarl.py] => Task 12, Epoch 164/200 => Loss 1.896, Loss_clf 0.114, Loss_kd 1.781, Loss_kernel 0.001, Train_accy 96.94
2025-06-04 13:48:04,241 [icarl.py] => Task 12, Epoch 165/200 => Loss 1.865, Loss_clf 0.097, Loss_kd 1.767, Loss_kernel 0.001, Train_accy 97.18
2025-06-04 13:48:37,658 [icarl.py] => Task 12, Epoch 166/200 => Loss 1.915, Loss_clf 0.113, Loss_kd 1.801, Loss_kernel 0.001, Train_accy 96.88, Test_accy {'Art': 21.5, 'Clipart': 15.68, 'Real World': 34.41, 'Product': 56.72}
2025-06-04 13:48:51,970 [icarl.py] => Task 12, Epoch 167/200 => Loss 1.901, Loss_clf 0.105, Loss_kd 1.794, Loss_kernel 0.001, Train_accy 97.14
2025-06-04 13:49:06,591 [icarl.py] => Task 12, Epoch 168/200 => Loss 1.899, Loss_clf 0.124, Loss_kd 1.774, Loss_kernel 0.001, Train_accy 96.86
2025-06-04 13:49:21,710 [icarl.py] => Task 12, Epoch 169/200 => Loss 1.865, Loss_clf 0.083, Loss_kd 1.780, Loss_kernel 0.001, Train_accy 98.19
2025-06-04 13:49:37,135 [icarl.py] => Task 12, Epoch 170/200 => Loss 1.858, Loss_clf 0.083, Loss_kd 1.773, Loss_kernel 0.001, Train_accy 98.12
2025-06-04 13:50:10,807 [icarl.py] => Task 12, Epoch 171/200 => Loss 1.889, Loss_clf 0.114, Loss_kd 1.774, Loss_kernel 0.001, Train_accy 96.98, Test_accy {'Art': 21.1, 'Clipart': 16.69, 'Real World': 34.52, 'Product': 58.03}
2025-06-04 13:50:24,741 [icarl.py] => Task 12, Epoch 172/200 => Loss 1.905, Loss_clf 0.093, Loss_kd 1.811, Loss_kernel 0.001, Train_accy 97.86
2025-06-04 13:50:39,876 [icarl.py] => Task 12, Epoch 173/200 => Loss 1.856, Loss_clf 0.100, Loss_kd 1.754, Loss_kernel 0.001, Train_accy 97.09
2025-06-04 13:50:53,451 [icarl.py] => Task 12, Epoch 174/200 => Loss 1.875, Loss_clf 0.093, Loss_kd 1.781, Loss_kernel 0.001, Train_accy 97.69
2025-06-04 13:51:07,140 [icarl.py] => Task 12, Epoch 175/200 => Loss 1.855, Loss_clf 0.102, Loss_kd 1.751, Loss_kernel 0.001, Train_accy 97.06
2025-06-04 13:51:40,389 [icarl.py] => Task 12, Epoch 176/200 => Loss 1.860, Loss_clf 0.099, Loss_kd 1.759, Loss_kernel 0.001, Train_accy 97.58, Test_accy {'Art': 21.89, 'Clipart': 16.57, 'Real World': 34.3, 'Product': 57.7}
2025-06-04 13:51:54,496 [icarl.py] => Task 12, Epoch 177/200 => Loss 1.894, Loss_clf 0.115, Loss_kd 1.777, Loss_kernel 0.001, Train_accy 97.55
2025-06-04 13:52:09,164 [icarl.py] => Task 12, Epoch 178/200 => Loss 1.867, Loss_clf 0.090, Loss_kd 1.776, Loss_kernel 0.001, Train_accy 97.92
2025-06-04 13:52:23,073 [icarl.py] => Task 12, Epoch 179/200 => Loss 1.855, Loss_clf 0.092, Loss_kd 1.762, Loss_kernel 0.001, Train_accy 98.17
2025-06-04 13:52:37,028 [icarl.py] => Task 12, Epoch 180/200 => Loss 1.880, Loss_clf 0.100, Loss_kd 1.778, Loss_kernel 0.001, Train_accy 97.22
2025-06-04 13:53:11,225 [icarl.py] => Task 12, Epoch 181/200 => Loss 1.870, Loss_clf 0.084, Loss_kd 1.785, Loss_kernel 0.001, Train_accy 98.22, Test_accy {'Art': 21.3, 'Clipart': 16.57, 'Real World': 34.63, 'Product': 58.14}
2025-06-04 13:53:26,631 [icarl.py] => Task 12, Epoch 182/200 => Loss 1.848, Loss_clf 0.086, Loss_kd 1.761, Loss_kernel 0.001, Train_accy 98.12
2025-06-04 13:53:41,021 [icarl.py] => Task 12, Epoch 183/200 => Loss 1.864, Loss_clf 0.093, Loss_kd 1.770, Loss_kernel 0.001, Train_accy 97.60
2025-06-04 13:53:55,696 [icarl.py] => Task 12, Epoch 184/200 => Loss 1.870, Loss_clf 0.097, Loss_kd 1.772, Loss_kernel 0.001, Train_accy 97.81
2025-06-04 13:54:09,331 [icarl.py] => Task 12, Epoch 185/200 => Loss 1.877, Loss_clf 0.102, Loss_kd 1.774, Loss_kernel 0.001, Train_accy 97.58
2025-06-04 13:54:43,567 [icarl.py] => Task 12, Epoch 186/200 => Loss 1.872, Loss_clf 0.102, Loss_kd 1.769, Loss_kernel 0.001, Train_accy 97.39, Test_accy {'Art': 22.29, 'Clipart': 16.69, 'Real World': 34.3, 'Product': 57.16}
2025-06-04 13:54:57,620 [icarl.py] => Task 12, Epoch 187/200 => Loss 1.855, Loss_clf 0.098, Loss_kd 1.756, Loss_kernel 0.001, Train_accy 97.37
2025-06-04 13:55:12,401 [icarl.py] => Task 12, Epoch 188/200 => Loss 1.876, Loss_clf 0.099, Loss_kd 1.776, Loss_kernel 0.001, Train_accy 97.38
2025-06-04 13:55:27,158 [icarl.py] => Task 12, Epoch 189/200 => Loss 1.880, Loss_clf 0.087, Loss_kd 1.792, Loss_kernel 0.001, Train_accy 98.01
2025-06-04 13:55:41,923 [icarl.py] => Task 12, Epoch 190/200 => Loss 1.876, Loss_clf 0.097, Loss_kd 1.778, Loss_kernel 0.001, Train_accy 97.54
2025-06-04 13:56:17,562 [icarl.py] => Task 12, Epoch 191/200 => Loss 1.843, Loss_clf 0.083, Loss_kd 1.759, Loss_kernel 0.001, Train_accy 98.16, Test_accy {'Art': 19.92, 'Clipart': 15.9, 'Real World': 34.86, 'Product': 57.49}
2025-06-04 13:56:31,942 [icarl.py] => Task 12, Epoch 192/200 => Loss 1.843, Loss_clf 0.074, Loss_kd 1.767, Loss_kernel 0.001, Train_accy 98.32
2025-06-04 13:56:47,321 [icarl.py] => Task 12, Epoch 193/200 => Loss 1.873, Loss_clf 0.086, Loss_kd 1.785, Loss_kernel 0.001, Train_accy 97.85
2025-06-04 13:57:02,216 [icarl.py] => Task 12, Epoch 194/200 => Loss 1.857, Loss_clf 0.104, Loss_kd 1.752, Loss_kernel 0.001, Train_accy 97.64
2025-06-04 13:57:17,642 [icarl.py] => Task 12, Epoch 195/200 => Loss 1.864, Loss_clf 0.092, Loss_kd 1.770, Loss_kernel 0.001, Train_accy 97.96
2025-06-04 13:57:53,253 [icarl.py] => Task 12, Epoch 196/200 => Loss 1.838, Loss_clf 0.080, Loss_kd 1.757, Loss_kernel 0.001, Train_accy 97.96, Test_accy {'Art': 20.71, 'Clipart': 16.13, 'Real World': 35.52, 'Product': 56.94}
2025-06-04 13:58:06,507 [icarl.py] => Task 12, Epoch 197/200 => Loss 1.860, Loss_clf 0.089, Loss_kd 1.770, Loss_kernel 0.001, Train_accy 97.84
2025-06-04 13:58:22,161 [icarl.py] => Task 12, Epoch 198/200 => Loss 1.855, Loss_clf 0.083, Loss_kd 1.771, Loss_kernel 0.001, Train_accy 98.38
2025-06-04 13:58:37,172 [icarl.py] => Task 12, Epoch 199/200 => Loss 1.926, Loss_clf 0.109, Loss_kd 1.816, Loss_kernel 0.001, Train_accy 97.15
2025-06-04 13:58:54,817 [icarl.py] => Task 12, Epoch 200/200 => Loss 1.915, Loss_clf 0.109, Loss_kd 1.805, Loss_kernel 0.001, Train_accy 97.12
2025-06-04 13:58:54,819 [base.py] => Reducing exemplars...(20 per classes)
2025-06-04 13:59:30,727 [base.py] => Constructing exemplars...(20 per classes)
2025-06-04 14:00:20,435 [icarl.py] => Exemplar size: 1300
2025-06-04 14:00:21,553 [trainer.py] => CNN [Art]: {'total': 20.51, '00-04': 47.37, '05-09': 26.47, '10-14': 13.51, '15-19': 29.63, '20-24': 5.26, '25-29': 11.76, '30-34': 9.09, '35-39': 4.88, '40-44': 13.16, '45-49': 24.0, '50-54': 26.53, '55-59': 21.95, '60-64': 48.0, 'old': 19.09, 'new': 48.0}
2025-06-04 14:00:21,554 [trainer.py] => NME [Art]: {'total': 21.7, '00-04': 42.11, '05-09': 20.59, '10-14': 13.51, '15-19': 25.93, '20-24': 7.89, '25-29': 8.82, '30-34': 20.0, '35-39': 7.32, '40-44': 10.53, '45-49': 30.0, '50-54': 28.57, '55-59': 26.83, '60-64': 44.0, 'old': 20.54, 'new': 44.0}
2025-06-04 14:00:21,554 [trainer.py] => CNN [Art] top1 curve: [63.16, 47.22, 46.79, 45.59, 36.78, 34.62, 33.84, 29.93, 25.44, 23.72, 23.58, 22.82, 20.51]
2025-06-04 14:00:21,554 [trainer.py] => CNN [Art] top5 curve: [92.11, 77.78, 73.39, 70.59, 63.79, 61.06, 55.51, 54.61, 49.71, 47.19, 46.71, 41.29, 38.07]
2025-06-04 14:00:21,554 [trainer.py] => NME [Art] top1 curve: [63.16, 52.78, 53.21, 49.26, 41.95, 41.83, 34.22, 30.59, 25.15, 26.02, 27.44, 23.65, 21.7]
2025-06-04 14:00:21,554 [trainer.py] => NME [Art] top5 curve: [100.0, 84.72, 81.65, 73.53, 70.11, 64.42, 58.56, 56.25, 52.92, 50.0, 49.89, 46.89, 40.63]
2025-06-04 14:00:21,554 [trainer.py] => Average Accuracy [Art] (CNN): 34.92307692307692
2025-06-04 14:00:21,554 [trainer.py] => Average Accuracy [Art] (NME): 37.76615384615384
2025-06-04 14:00:21,555 [trainer.py] => CNN [Clipart]: {'total': 16.13, '00-04': 19.23, '05-09': 20.97, '10-14': 13.64, '15-19': 15.09, '20-24': 14.61, '25-29': 1.61, '30-34': 10.94, '35-39': 14.75, '40-44': 15.15, '45-49': 15.62, '50-54': 22.11, '55-59': 7.81, '60-64': 33.33, 'old': 14.68, 'new': 33.33}
2025-06-04 14:00:21,555 [trainer.py] => NME [Clipart]: {'total': 16.35, '00-04': 19.23, '05-09': 22.58, '10-14': 15.15, '15-19': 15.09, '20-24': 11.24, '25-29': 1.61, '30-34': 14.06, '35-39': 13.11, '40-44': 21.21, '45-49': 15.62, '50-54': 24.21, '55-59': 10.94, '60-64': 24.64, 'old': 15.66, 'new': 24.64}
2025-06-04 14:00:21,555 [trainer.py] => CNN [Clipart] top1 curve: [50.0, 40.0, 33.98, 28.57, 27.3, 22.44, 19.83, 20.19, 18.3, 17.29, 18.29, 15.41, 16.13]
2025-06-04 14:00:21,555 [trainer.py] => CNN [Clipart] top5 curve: [96.15, 74.29, 66.02, 55.98, 51.72, 45.85, 43.88, 41.68, 37.6, 36.84, 38.82, 37.86, 35.05]
2025-06-04 14:00:21,555 [trainer.py] => NME [Clipart] top1 curve: [52.56, 45.71, 34.47, 26.64, 25.29, 23.41, 20.04, 22.24, 19.3, 18.35, 18.55, 17.11, 16.35]
2025-06-04 14:00:21,555 [trainer.py] => NME [Clipart] top5 curve: [100.0, 80.71, 68.93, 61.78, 58.62, 52.2, 48.52, 43.93, 41.26, 40.0, 41.58, 39.32, 36.62]
2025-06-04 14:00:21,556 [trainer.py] => Average Accuracy [Clipart] (CNN): 25.21
2025-06-04 14:00:21,556 [trainer.py] => Average Accuracy [Clipart] (NME): 26.155384615384612
2025-06-04 14:00:21,556 [trainer.py] => CNN [Product]: {'total': 57.27, '00-04': 69.41, '05-09': 50.0, '10-14': 75.81, '15-19': 46.75, '20-24': 47.54, '25-29': 55.7, '30-34': 41.79, '35-39': 50.0, '40-44': 55.71, '45-49': 47.89, '50-54': 52.31, '55-59': 70.69, '60-64': 81.08, 'old': 55.17, 'new': 81.08}
2025-06-04 14:00:21,556 [trainer.py] => NME [Product]: {'total': 59.13, '00-04': 65.88, '05-09': 50.0, '10-14': 75.81, '15-19': 50.65, '20-24': 45.9, '25-29': 59.49, '30-34': 44.78, '35-39': 54.55, '40-44': 60.0, '45-49': 50.7, '50-54': 55.38, '55-59': 75.86, '60-64': 81.08, 'old': 57.19, 'new': 81.08}
2025-06-04 14:00:21,556 [trainer.py] => CNN [Product] top1 curve: [87.06, 78.79, 87.67, 80.92, 75.89, 75.23, 72.21, 65.16, 62.13, 58.91, 58.24, 58.03, 57.27]
2025-06-04 14:00:21,556 [trainer.py] => CNN [Product] top5 curve: [100.0, 98.79, 97.8, 95.72, 94.25, 92.57, 91.78, 87.0, 84.7, 84.12, 83.27, 80.38, 80.55]
2025-06-04 14:00:21,556 [trainer.py] => NME [Product] top1 curve: [89.41, 86.67, 90.31, 82.57, 78.08, 76.35, 73.39, 67.76, 65.53, 60.72, 59.77, 59.45, 59.13]
2025-06-04 14:00:21,556 [trainer.py] => NME [Product] top5 curve: [100.0, 99.39, 98.68, 96.71, 94.52, 94.37, 91.39, 89.43, 87.79, 85.52, 83.78, 81.09, 80.44]
2025-06-04 14:00:21,557 [trainer.py] => Average Accuracy [Product] (CNN): 70.5776923076923
2025-06-04 14:00:21,557 [trainer.py] => Average Accuracy [Product] (NME): 73.01076923076923
2025-06-04 14:00:21,557 [trainer.py] => CNN [Real World]: {'total': 35.08, '00-04': 42.47, '05-09': 42.65, '10-14': 30.56, '15-19': 28.36, '20-24': 9.23, '25-29': 44.16, '30-34': 37.33, '35-39': 23.73, '40-44': 29.69, '45-49': 34.72, '50-54': 53.85, '55-59': 33.33, '60-64': 40.0, 'old': 34.79, 'new': 40.0}
2025-06-04 14:00:21,557 [trainer.py] => NME [Real World]: {'total': 36.75, '00-04': 32.88, '05-09': 44.12, '10-14': 30.56, '15-19': 31.34, '20-24': 9.23, '25-29': 48.05, '30-34': 45.33, '35-39': 25.42, '40-44': 35.94, '45-49': 36.11, '50-54': 58.97, '55-59': 35.9, '60-64': 36.0, 'old': 36.79, 'new': 36.0}
2025-06-04 14:00:21,557 [trainer.py] => CNN [Real World] top1 curve: [73.97, 64.54, 58.69, 54.29, 45.8, 48.82, 44.87, 42.99, 39.35, 38.87, 37.92, 36.2, 35.08]
2025-06-04 14:00:21,557 [trainer.py] => CNN [Real World] top5 curve: [98.63, 90.78, 83.1, 80.0, 72.75, 75.12, 71.83, 69.6, 64.19, 63.87, 63.38, 62.74, 61.58]
2025-06-04 14:00:21,557 [trainer.py] => NME [Real World] top1 curve: [78.08, 70.92, 60.09, 54.29, 48.7, 48.82, 46.88, 44.78, 41.29, 42.34, 41.43, 39.15, 36.75]
2025-06-04 14:00:21,557 [trainer.py] => NME [Real World] top5 curve: [100.0, 96.45, 91.55, 86.79, 77.68, 80.57, 74.04, 70.5, 68.55, 67.05, 67.92, 65.45, 63.47]
2025-06-04 14:00:21,558 [trainer.py] => Average Accuracy [Real World] (CNN): 47.79923076923077
2025-06-04 14:00:21,558 [trainer.py] => Average Accuracy [Real World] (NME): 50.27076923076923
2025-06-04 14:00:21,558 [trainer.py] => NME Harmonic Mean : 23.0743
2025-06-04 14:00:21,558 [trainer.py] => NME Macro Mean : 33.4825
2025-06-04 14:00:21,558 [trainer.py] => CNN Harmonic Mean : 22.5790
2025-06-04 14:00:21,558 [trainer.py] => CNN Macro Mean : 32.2475
2025-06-04 14:00:21,561 [trainer.py] => Forgetting (CNN) [Art]: 21.115000000000002
2025-06-04 14:00:21,563 [trainer.py] => Forgetting (CNN) [Clipart]: 14.346666666666666
2025-06-04 14:00:21,564 [trainer.py] => Forgetting (CNN) [Product]: 23.635833333333334
2025-06-04 14:00:21,564 [trainer.py] => Forgetting (CNN) [Real World]: 21.423333333333336
2025-06-04 14:00:21,565 [trainer.py] => Forgetting (NME) [Art]: 25.249166666666667
2025-06-04 14:00:21,565 [trainer.py] => Forgetting (NME) [Clipart]: 13.333333333333334
2025-06-04 14:00:21,565 [trainer.py] => Forgetting (NME) [Product]: 20.8275
2025-06-04 14:00:21,565 [trainer.py] => Forgetting (NME) [Real World]: 23.438333333333333
'5_clipart_art_top1':[63.16, 47.22, 46.79, 45.59, 36.78, 34.62, 33.84, 29.93, 25.44, 23.72, 23.58, 22.82, 20.51],
'5_clipart_art_top5':[92.11, 77.78, 73.39, 70.59, 63.79, 61.06, 55.51, 54.61, 49.71, 47.19, 46.71, 41.29, 38.07],
'5_clipart_clipart_top1':[50.0, 40.0, 33.98, 28.57, 27.3, 22.44, 19.83, 20.19, 18.3, 17.29, 18.29, 15.41, 16.13],
'5_clipart_clipart_top5':[96.15, 74.29, 66.02, 55.98, 51.72, 45.85, 43.88, 41.68, 37.6, 36.84, 38.82, 37.86, 35.05],
'5_clipart_product_top1':[87.06, 78.79, 87.67, 80.92, 75.89, 75.23, 72.21, 65.16, 62.13, 58.91, 58.24, 58.03, 57.27],
'5_clipart_product_top5':[100.0, 98.79, 97.8, 95.72, 94.25, 92.57, 91.78, 87.0, 84.7, 84.12, 83.27, 80.38, 80.55],
'5_clipart_real world_top1':[73.97, 64.54, 58.69, 54.29, 45.8, 48.82, 44.87, 42.99, 39.35, 38.87, 37.92, 36.2, 35.08],
'5_clipart_real world_top5':[98.63, 90.78, 83.1, 80.0, 72.75, 75.12, 71.83, 69.6, 64.19, 63.87, 63.38, 62.74, 61.58],
