2025-06-26 23:54:58,432 [trainer.py] => config: ./exps/icarl.json
2025-06-26 23:54:58,432 [trainer.py] => prefix: reproduce
2025-06-26 23:54:58,432 [trainer.py] => dataset: officehome
2025-06-26 23:54:58,432 [trainer.py] => device: [device(type='cuda', index=2)]
2025-06-26 23:54:58,432 [trainer.py] => topk: 5
2025-06-26 23:54:58,432 [trainer.py] => inter_refinement: True
2025-06-26 23:54:58,432 [trainer.py] => intra_refinement: True
2025-06-26 23:54:58,432 [trainer.py] => inter_ref_high: False
2025-06-26 23:54:58,432 [trainer.py] => intra_ref_high: True
2025-06-26 23:54:58,432 [trainer.py] => lamda_ref: 0.15
2025-06-26 23:54:58,432 [trainer.py] => kernel: True
2025-06-26 23:54:58,432 [trainer.py] => k_cosine: False
2025-06-26 23:54:58,432 [trainer.py] => k_tstd: True
2025-06-26 23:54:58,432 [trainer.py] => lamda_kernel: 0.005
2025-06-26 23:54:58,433 [trainer.py] => EPSILON: 1e-08
2025-06-26 23:54:58,433 [trainer.py] => batch_size: 64
2025-06-26 23:54:58,433 [trainer.py] => init_epoch: 200
2025-06-26 23:54:58,433 [trainer.py] => epochs: 200
2025-06-26 23:54:58,433 [trainer.py] => memory_size: 1300
2025-06-26 23:54:58,433 [trainer.py] => memory_per_class: 20
2025-06-26 23:54:58,433 [trainer.py] => learning_rate: 0.1
2025-06-26 23:54:58,433 [trainer.py] => init_weight_decay: 0.0005
2025-06-26 23:54:58,433 [trainer.py] => weight_decay: 0.0002
2025-06-26 23:54:58,433 [trainer.py] => T: 2
2025-06-26 23:54:58,433 [trainer.py] => num_workers: 2
2025-06-26 23:54:58,433 [trainer.py] => fixed_memory: False
2025-06-26 23:54:58,433 [trainer.py] => shuffle: True
2025-06-26 23:54:58,433 [trainer.py] => init_cls: 5
2025-06-26 23:54:58,433 [trainer.py] => increment: 5
2025-06-26 23:54:58,433 [trainer.py] => model_name: icarl
2025-06-26 23:54:58,433 [trainer.py] => convnet_type: resnet34
2025-06-26 23:54:58,433 [trainer.py] => seed: 1993
2025-06-26 23:54:58,433 [trainer.py] => source_domain: ['Art', 'Clipart', 'Real World']
2025-06-26 23:54:58,433 [trainer.py] => target_domain: Product
2025-06-26 23:54:58,433 [trainer.py] => resume: False
2025-06-26 23:54:58,478 [data_manager.py] => [22, 56, 44, 45, 13, 8, 23, 54, 35, 52, 34, 61, 16, 6, 55, 20, 14, 38, 17, 63, 42, 10, 59, 43, 24, 2, 62, 21, 1, 15, 0, 37, 53, 27, 18, 46, 12, 25, 40, 30, 19, 47, 26, 36, 7, 28, 11, 5, 32, 41, 50, 4, 51, 58, 9, 60, 39, 31, 48, 3, 29, 64, 49, 57, 33]
2025-06-26 23:55:01,340 [trainer.py] => Training from scratch
2025-06-26 23:55:01,341 [trainer.py] => All params: 21284672
2025-06-26 23:55:01,341 [trainer.py] => Trainable params: 21284672
2025-06-26 23:55:01,342 [icarl.py] => Learning on 0-5
2025-06-26 23:55:13,757 [icarl.py] => Task 0, Epoch 1/200 => Loss 6.848, Loss_clf 6.848, Train_accy 18.48, Test_accy {'Art': 10.53, 'Clipart': 21.79, 'Real World': 23.29, 'Product': 23.53}
2025-06-26 23:55:20,919 [icarl.py] => Task 0, Epoch 2/200 => Loss 6.154, Loss_clf 6.154, Train_accy 17.15
2025-06-26 23:55:27,945 [icarl.py] => Task 0, Epoch 3/200 => Loss 3.360, Loss_clf 3.360, Train_accy 21.98
2025-06-26 23:55:34,871 [icarl.py] => Task 0, Epoch 4/200 => Loss 2.206, Loss_clf 2.206, Train_accy 23.88
2025-06-26 23:55:41,803 [icarl.py] => Task 0, Epoch 5/200 => Loss 1.899, Loss_clf 1.899, Train_accy 24.14
2025-06-26 23:55:48,738 [icarl.py] => Task 0, Epoch 6/200 => Loss 1.840, Loss_clf 1.840, Train_accy 25.47
2025-06-26 23:55:55,325 [icarl.py] => Task 0, Epoch 7/200 => Loss 1.810, Loss_clf 1.810, Train_accy 23.67
2025-06-26 23:56:02,304 [icarl.py] => Task 0, Epoch 8/200 => Loss 1.874, Loss_clf 1.874, Train_accy 25.92
2025-06-26 23:56:09,165 [icarl.py] => Task 0, Epoch 9/200 => Loss 1.795, Loss_clf 1.795, Train_accy 26.67
2025-06-26 23:56:16,016 [icarl.py] => Task 0, Epoch 10/200 => Loss 1.807, Loss_clf 1.807, Train_accy 26.75
2025-06-26 23:56:22,443 [icarl.py] => Task 0, Epoch 11/200 => Loss 1.802, Loss_clf 1.802, Train_accy 27.93
2025-06-26 23:56:29,224 [icarl.py] => Task 0, Epoch 12/200 => Loss 1.683, Loss_clf 1.683, Train_accy 30.98
2025-06-26 23:56:36,430 [icarl.py] => Task 0, Epoch 13/200 => Loss 1.629, Loss_clf 1.629, Train_accy 31.03
2025-06-26 23:56:43,397 [icarl.py] => Task 0, Epoch 14/200 => Loss 1.657, Loss_clf 1.657, Train_accy 30.57
2025-06-26 23:56:50,228 [icarl.py] => Task 0, Epoch 15/200 => Loss 1.572, Loss_clf 1.572, Train_accy 33.84
2025-06-26 23:56:57,128 [icarl.py] => Task 0, Epoch 16/200 => Loss 1.648, Loss_clf 1.648, Train_accy 33.02
2025-06-26 23:57:04,050 [icarl.py] => Task 0, Epoch 17/200 => Loss 1.659, Loss_clf 1.659, Train_accy 33.37
2025-06-26 23:57:11,032 [icarl.py] => Task 0, Epoch 18/200 => Loss 1.625, Loss_clf 1.625, Train_accy 32.45
2025-06-26 23:57:17,993 [icarl.py] => Task 0, Epoch 19/200 => Loss 1.591, Loss_clf 1.591, Train_accy 33.26
2025-06-26 23:57:24,852 [icarl.py] => Task 0, Epoch 20/200 => Loss 1.574, Loss_clf 1.574, Train_accy 38.82
2025-06-26 23:57:35,286 [icarl.py] => Task 0, Epoch 21/200 => Loss 1.561, Loss_clf 1.561, Train_accy 36.57, Test_accy {'Art': 34.21, 'Clipart': 42.31, 'Real World': 36.99, 'Product': 37.65}
2025-06-26 23:57:42,112 [icarl.py] => Task 0, Epoch 22/200 => Loss 1.506, Loss_clf 1.506, Train_accy 39.09
2025-06-26 23:57:48,874 [icarl.py] => Task 0, Epoch 23/200 => Loss 1.582, Loss_clf 1.582, Train_accy 39.15
2025-06-26 23:57:55,750 [icarl.py] => Task 0, Epoch 24/200 => Loss 1.539, Loss_clf 1.539, Train_accy 37.98
2025-06-26 23:58:02,573 [icarl.py] => Task 0, Epoch 25/200 => Loss 1.482, Loss_clf 1.482, Train_accy 42.82
2025-06-26 23:58:09,435 [icarl.py] => Task 0, Epoch 26/200 => Loss 1.503, Loss_clf 1.503, Train_accy 42.54
2025-06-26 23:58:16,216 [icarl.py] => Task 0, Epoch 27/200 => Loss 1.437, Loss_clf 1.437, Train_accy 44.29
2025-06-26 23:58:23,095 [icarl.py] => Task 0, Epoch 28/200 => Loss 1.413, Loss_clf 1.413, Train_accy 43.08
2025-06-26 23:58:30,050 [icarl.py] => Task 0, Epoch 29/200 => Loss 1.473, Loss_clf 1.473, Train_accy 43.44
2025-06-26 23:58:37,011 [icarl.py] => Task 0, Epoch 30/200 => Loss 1.446, Loss_clf 1.446, Train_accy 43.73
2025-06-26 23:58:44,001 [icarl.py] => Task 0, Epoch 31/200 => Loss 1.428, Loss_clf 1.428, Train_accy 46.36
2025-06-26 23:58:50,830 [icarl.py] => Task 0, Epoch 32/200 => Loss 1.358, Loss_clf 1.358, Train_accy 47.92
2025-06-26 23:58:57,690 [icarl.py] => Task 0, Epoch 33/200 => Loss 1.451, Loss_clf 1.451, Train_accy 44.99
2025-06-26 23:59:04,493 [icarl.py] => Task 0, Epoch 34/200 => Loss 1.349, Loss_clf 1.349, Train_accy 46.87
2025-06-26 23:59:11,350 [icarl.py] => Task 0, Epoch 35/200 => Loss 1.365, Loss_clf 1.365, Train_accy 47.48
2025-06-26 23:59:17,753 [icarl.py] => Task 0, Epoch 36/200 => Loss 1.300, Loss_clf 1.300, Train_accy 49.16
2025-06-26 23:59:24,622 [icarl.py] => Task 0, Epoch 37/200 => Loss 1.376, Loss_clf 1.376, Train_accy 48.41
2025-06-26 23:59:31,325 [icarl.py] => Task 0, Epoch 38/200 => Loss 1.328, Loss_clf 1.328, Train_accy 48.76
2025-06-26 23:59:38,156 [icarl.py] => Task 0, Epoch 39/200 => Loss 1.363, Loss_clf 1.363, Train_accy 48.11
2025-06-26 23:59:45,073 [icarl.py] => Task 0, Epoch 40/200 => Loss 1.381, Loss_clf 1.381, Train_accy 46.56
2025-06-26 23:59:55,771 [icarl.py] => Task 0, Epoch 41/200 => Loss 1.305, Loss_clf 1.305, Train_accy 51.42, Test_accy {'Art': 55.26, 'Clipart': 51.28, 'Real World': 65.75, 'Product': 44.71}
2025-06-27 00:00:02,643 [icarl.py] => Task 0, Epoch 42/200 => Loss 1.297, Loss_clf 1.297, Train_accy 49.71
2025-06-27 00:00:09,006 [icarl.py] => Task 0, Epoch 43/200 => Loss 1.321, Loss_clf 1.321, Train_accy 46.87
2025-06-27 00:00:15,747 [icarl.py] => Task 0, Epoch 44/200 => Loss 1.287, Loss_clf 1.287, Train_accy 49.23
2025-06-27 00:00:22,562 [icarl.py] => Task 0, Epoch 45/200 => Loss 1.266, Loss_clf 1.266, Train_accy 52.34
2025-06-27 00:00:29,630 [icarl.py] => Task 0, Epoch 46/200 => Loss 1.326, Loss_clf 1.326, Train_accy 48.36
2025-06-27 00:00:36,581 [icarl.py] => Task 0, Epoch 47/200 => Loss 1.287, Loss_clf 1.287, Train_accy 49.65
2025-06-27 00:00:44,457 [icarl.py] => Task 0, Epoch 48/200 => Loss 1.244, Loss_clf 1.244, Train_accy 52.82
2025-06-27 00:00:51,424 [icarl.py] => Task 0, Epoch 49/200 => Loss 1.275, Loss_clf 1.275, Train_accy 52.13
2025-06-27 00:00:58,523 [icarl.py] => Task 0, Epoch 50/200 => Loss 1.248, Loss_clf 1.248, Train_accy 51.95
2025-06-27 00:01:04,906 [icarl.py] => Task 0, Epoch 51/200 => Loss 1.208, Loss_clf 1.208, Train_accy 51.37
2025-06-27 00:01:11,633 [icarl.py] => Task 0, Epoch 52/200 => Loss 1.239, Loss_clf 1.239, Train_accy 50.71
2025-06-27 00:01:18,407 [icarl.py] => Task 0, Epoch 53/200 => Loss 1.155, Loss_clf 1.155, Train_accy 56.67
2025-06-27 00:01:25,105 [icarl.py] => Task 0, Epoch 54/200 => Loss 1.218, Loss_clf 1.218, Train_accy 54.56
2025-06-27 00:01:31,892 [icarl.py] => Task 0, Epoch 55/200 => Loss 1.203, Loss_clf 1.203, Train_accy 53.87
2025-06-27 00:01:38,768 [icarl.py] => Task 0, Epoch 56/200 => Loss 1.213, Loss_clf 1.213, Train_accy 52.73
2025-06-27 00:01:45,449 [icarl.py] => Task 0, Epoch 57/200 => Loss 1.156, Loss_clf 1.156, Train_accy 56.01
2025-06-27 00:01:52,209 [icarl.py] => Task 0, Epoch 58/200 => Loss 1.153, Loss_clf 1.153, Train_accy 55.46
2025-06-27 00:01:58,929 [icarl.py] => Task 0, Epoch 59/200 => Loss 1.168, Loss_clf 1.168, Train_accy 53.76
2025-06-27 00:02:05,665 [icarl.py] => Task 0, Epoch 60/200 => Loss 1.116, Loss_clf 1.116, Train_accy 55.18
2025-06-27 00:02:16,073 [icarl.py] => Task 0, Epoch 61/200 => Loss 1.144, Loss_clf 1.144, Train_accy 54.51, Test_accy {'Art': 55.26, 'Clipart': 62.82, 'Real World': 68.49, 'Product': 44.71}
2025-06-27 00:02:22,848 [icarl.py] => Task 0, Epoch 62/200 => Loss 1.129, Loss_clf 1.129, Train_accy 56.87
2025-06-27 00:02:29,502 [icarl.py] => Task 0, Epoch 63/200 => Loss 1.117, Loss_clf 1.117, Train_accy 58.08
2025-06-27 00:02:36,477 [icarl.py] => Task 0, Epoch 64/200 => Loss 1.149, Loss_clf 1.149, Train_accy 57.11
2025-06-27 00:02:43,345 [icarl.py] => Task 0, Epoch 65/200 => Loss 1.096, Loss_clf 1.096, Train_accy 58.26
2025-06-27 00:02:50,095 [icarl.py] => Task 0, Epoch 66/200 => Loss 1.186, Loss_clf 1.186, Train_accy 54.65
2025-06-27 00:02:56,408 [icarl.py] => Task 0, Epoch 67/200 => Loss 1.125, Loss_clf 1.125, Train_accy 56.78
2025-06-27 00:03:03,281 [icarl.py] => Task 0, Epoch 68/200 => Loss 1.111, Loss_clf 1.111, Train_accy 56.53
2025-06-27 00:03:09,865 [icarl.py] => Task 0, Epoch 69/200 => Loss 1.108, Loss_clf 1.108, Train_accy 56.20
2025-06-27 00:03:16,651 [icarl.py] => Task 0, Epoch 70/200 => Loss 1.084, Loss_clf 1.084, Train_accy 60.02
2025-06-27 00:03:23,516 [icarl.py] => Task 0, Epoch 71/200 => Loss 0.999, Loss_clf 0.999, Train_accy 60.46
2025-06-27 00:03:30,161 [icarl.py] => Task 0, Epoch 72/200 => Loss 1.038, Loss_clf 1.038, Train_accy 59.54
2025-06-27 00:03:36,573 [icarl.py] => Task 0, Epoch 73/200 => Loss 1.020, Loss_clf 1.020, Train_accy 59.59
2025-06-27 00:03:43,260 [icarl.py] => Task 0, Epoch 74/200 => Loss 1.018, Loss_clf 1.018, Train_accy 61.89
2025-06-27 00:03:50,011 [icarl.py] => Task 0, Epoch 75/200 => Loss 1.060, Loss_clf 1.060, Train_accy 57.92
2025-06-27 00:03:56,670 [icarl.py] => Task 0, Epoch 76/200 => Loss 1.103, Loss_clf 1.103, Train_accy 59.16
2025-06-27 00:04:03,475 [icarl.py] => Task 0, Epoch 77/200 => Loss 1.071, Loss_clf 1.071, Train_accy 59.42
2025-06-27 00:04:10,141 [icarl.py] => Task 0, Epoch 78/200 => Loss 1.016, Loss_clf 1.016, Train_accy 61.30
2025-06-27 00:04:16,610 [icarl.py] => Task 0, Epoch 79/200 => Loss 1.031, Loss_clf 1.031, Train_accy 60.63
2025-06-27 00:04:23,242 [icarl.py] => Task 0, Epoch 80/200 => Loss 0.911, Loss_clf 0.911, Train_accy 65.57
2025-06-27 00:04:33,632 [icarl.py] => Task 0, Epoch 81/200 => Loss 0.986, Loss_clf 0.986, Train_accy 63.04, Test_accy {'Art': 52.63, 'Clipart': 61.54, 'Real World': 65.75, 'Product': 57.65}
2025-06-27 00:04:40,460 [icarl.py] => Task 0, Epoch 82/200 => Loss 1.084, Loss_clf 1.084, Train_accy 58.57
2025-06-27 00:04:46,801 [icarl.py] => Task 0, Epoch 83/200 => Loss 1.051, Loss_clf 1.051, Train_accy 59.28
2025-06-27 00:04:53,420 [icarl.py] => Task 0, Epoch 84/200 => Loss 0.989, Loss_clf 0.989, Train_accy 62.29
2025-06-27 00:04:59,951 [icarl.py] => Task 0, Epoch 85/200 => Loss 1.050, Loss_clf 1.050, Train_accy 60.22
2025-06-27 00:05:06,506 [icarl.py] => Task 0, Epoch 86/200 => Loss 1.030, Loss_clf 1.030, Train_accy 60.10
2025-06-27 00:05:13,134 [icarl.py] => Task 0, Epoch 87/200 => Loss 1.068, Loss_clf 1.068, Train_accy 58.25
2025-06-27 00:05:19,374 [icarl.py] => Task 0, Epoch 88/200 => Loss 0.978, Loss_clf 0.978, Train_accy 62.68
2025-06-27 00:05:26,127 [icarl.py] => Task 0, Epoch 89/200 => Loss 0.913, Loss_clf 0.913, Train_accy 66.22
2025-06-27 00:05:32,643 [icarl.py] => Task 0, Epoch 90/200 => Loss 0.930, Loss_clf 0.930, Train_accy 63.80
2025-06-27 00:05:39,207 [icarl.py] => Task 0, Epoch 91/200 => Loss 0.915, Loss_clf 0.915, Train_accy 64.95
2025-06-27 00:05:45,444 [icarl.py] => Task 0, Epoch 92/200 => Loss 0.919, Loss_clf 0.919, Train_accy 64.23
2025-06-27 00:05:52,044 [icarl.py] => Task 0, Epoch 93/200 => Loss 0.895, Loss_clf 0.895, Train_accy 66.06
2025-06-27 00:05:58,339 [icarl.py] => Task 0, Epoch 94/200 => Loss 0.851, Loss_clf 0.851, Train_accy 66.30
2025-06-27 00:06:04,958 [icarl.py] => Task 0, Epoch 95/200 => Loss 0.933, Loss_clf 0.933, Train_accy 64.56
2025-06-27 00:06:11,564 [icarl.py] => Task 0, Epoch 96/200 => Loss 0.905, Loss_clf 0.905, Train_accy 66.27
2025-06-27 00:06:18,182 [icarl.py] => Task 0, Epoch 97/200 => Loss 0.934, Loss_clf 0.934, Train_accy 64.89
2025-06-27 00:06:24,466 [icarl.py] => Task 0, Epoch 98/200 => Loss 0.878, Loss_clf 0.878, Train_accy 65.97
2025-06-27 00:06:31,399 [icarl.py] => Task 0, Epoch 99/200 => Loss 0.858, Loss_clf 0.858, Train_accy 66.38
2025-06-27 00:06:38,082 [icarl.py] => Task 0, Epoch 100/200 => Loss 0.842, Loss_clf 0.842, Train_accy 69.76
2025-06-27 00:06:48,095 [icarl.py] => Task 0, Epoch 101/200 => Loss 0.895, Loss_clf 0.895, Train_accy 67.81, Test_accy {'Art': 68.42, 'Clipart': 64.1, 'Real World': 68.49, 'Product': 57.65}
2025-06-27 00:06:54,620 [icarl.py] => Task 0, Epoch 102/200 => Loss 0.864, Loss_clf 0.864, Train_accy 68.98
2025-06-27 00:07:01,454 [icarl.py] => Task 0, Epoch 103/200 => Loss 0.875, Loss_clf 0.875, Train_accy 67.31
2025-06-27 00:07:08,132 [icarl.py] => Task 0, Epoch 104/200 => Loss 0.867, Loss_clf 0.867, Train_accy 66.79
2025-06-27 00:07:14,957 [icarl.py] => Task 0, Epoch 105/200 => Loss 0.883, Loss_clf 0.883, Train_accy 66.83
2025-06-27 00:07:21,349 [icarl.py] => Task 0, Epoch 106/200 => Loss 0.809, Loss_clf 0.809, Train_accy 69.95
2025-06-27 00:07:28,058 [icarl.py] => Task 0, Epoch 107/200 => Loss 0.797, Loss_clf 0.797, Train_accy 71.41
2025-06-27 00:07:34,923 [icarl.py] => Task 0, Epoch 108/200 => Loss 0.823, Loss_clf 0.823, Train_accy 67.03
2025-06-27 00:07:41,389 [icarl.py] => Task 0, Epoch 109/200 => Loss 0.765, Loss_clf 0.765, Train_accy 69.54
2025-06-27 00:07:47,937 [icarl.py] => Task 0, Epoch 110/200 => Loss 0.756, Loss_clf 0.756, Train_accy 71.34
2025-06-27 00:07:54,714 [icarl.py] => Task 0, Epoch 111/200 => Loss 0.795, Loss_clf 0.795, Train_accy 68.25
2025-06-27 00:08:01,411 [icarl.py] => Task 0, Epoch 112/200 => Loss 0.770, Loss_clf 0.770, Train_accy 69.16
2025-06-27 00:08:08,276 [icarl.py] => Task 0, Epoch 113/200 => Loss 0.724, Loss_clf 0.724, Train_accy 73.58
2025-06-27 00:08:14,892 [icarl.py] => Task 0, Epoch 114/200 => Loss 0.730, Loss_clf 0.730, Train_accy 72.92
2025-06-27 00:08:21,344 [icarl.py] => Task 0, Epoch 115/200 => Loss 0.777, Loss_clf 0.777, Train_accy 69.89
2025-06-27 00:08:27,819 [icarl.py] => Task 0, Epoch 116/200 => Loss 0.728, Loss_clf 0.728, Train_accy 72.28
2025-06-27 00:08:34,610 [icarl.py] => Task 0, Epoch 117/200 => Loss 0.767, Loss_clf 0.767, Train_accy 72.51
2025-06-27 00:08:40,882 [icarl.py] => Task 0, Epoch 118/200 => Loss 0.762, Loss_clf 0.762, Train_accy 70.71
2025-06-27 00:08:47,355 [icarl.py] => Task 0, Epoch 119/200 => Loss 0.731, Loss_clf 0.731, Train_accy 72.27
2025-06-27 00:08:53,726 [icarl.py] => Task 0, Epoch 120/200 => Loss 0.765, Loss_clf 0.765, Train_accy 69.88
2025-06-27 00:09:04,217 [icarl.py] => Task 0, Epoch 121/200 => Loss 0.741, Loss_clf 0.741, Train_accy 72.01, Test_accy {'Art': 65.79, 'Clipart': 66.67, 'Real World': 69.86, 'Product': 62.35}
2025-06-27 00:09:10,897 [icarl.py] => Task 0, Epoch 122/200 => Loss 0.694, Loss_clf 0.694, Train_accy 72.48
2025-06-27 00:09:17,632 [icarl.py] => Task 0, Epoch 123/200 => Loss 0.724, Loss_clf 0.724, Train_accy 74.07
2025-06-27 00:09:24,330 [icarl.py] => Task 0, Epoch 124/200 => Loss 0.759, Loss_clf 0.759, Train_accy 70.83
2025-06-27 00:09:30,545 [icarl.py] => Task 0, Epoch 125/200 => Loss 0.687, Loss_clf 0.687, Train_accy 72.11
2025-06-27 00:09:37,316 [icarl.py] => Task 0, Epoch 126/200 => Loss 0.712, Loss_clf 0.712, Train_accy 73.23
2025-06-27 00:09:43,558 [icarl.py] => Task 0, Epoch 127/200 => Loss 0.793, Loss_clf 0.793, Train_accy 71.92
2025-06-27 00:09:50,040 [icarl.py] => Task 0, Epoch 128/200 => Loss 0.810, Loss_clf 0.810, Train_accy 70.62
2025-06-27 00:09:56,743 [icarl.py] => Task 0, Epoch 129/200 => Loss 0.800, Loss_clf 0.800, Train_accy 70.55
2025-06-27 00:10:03,511 [icarl.py] => Task 0, Epoch 130/200 => Loss 0.716, Loss_clf 0.716, Train_accy 72.32
2025-06-27 00:10:10,837 [icarl.py] => Task 0, Epoch 131/200 => Loss 0.630, Loss_clf 0.630, Train_accy 76.82
2025-06-27 00:10:17,299 [icarl.py] => Task 0, Epoch 132/200 => Loss 0.638, Loss_clf 0.638, Train_accy 75.63
2025-06-27 00:10:24,180 [icarl.py] => Task 0, Epoch 133/200 => Loss 0.678, Loss_clf 0.678, Train_accy 74.43
2025-06-27 00:10:30,935 [icarl.py] => Task 0, Epoch 134/200 => Loss 0.684, Loss_clf 0.684, Train_accy 74.22
2025-06-27 00:10:38,268 [icarl.py] => Task 0, Epoch 135/200 => Loss 0.621, Loss_clf 0.621, Train_accy 76.28
2025-06-27 00:10:45,139 [icarl.py] => Task 0, Epoch 136/200 => Loss 0.642, Loss_clf 0.642, Train_accy 74.65
2025-06-27 00:10:52,693 [icarl.py] => Task 0, Epoch 137/200 => Loss 0.619, Loss_clf 0.619, Train_accy 77.64
2025-06-27 00:11:00,410 [icarl.py] => Task 0, Epoch 138/200 => Loss 0.682, Loss_clf 0.682, Train_accy 75.64
2025-06-27 00:11:07,288 [icarl.py] => Task 0, Epoch 139/200 => Loss 0.636, Loss_clf 0.636, Train_accy 74.25
2025-06-27 00:11:13,733 [icarl.py] => Task 0, Epoch 140/200 => Loss 0.644, Loss_clf 0.644, Train_accy 76.75
2025-06-27 00:11:24,093 [icarl.py] => Task 0, Epoch 141/200 => Loss 0.655, Loss_clf 0.655, Train_accy 75.28, Test_accy {'Art': 68.42, 'Clipart': 69.23, 'Real World': 64.38, 'Product': 70.59}
2025-06-27 00:11:31,265 [icarl.py] => Task 0, Epoch 142/200 => Loss 0.651, Loss_clf 0.651, Train_accy 75.25
2025-06-27 00:11:37,804 [icarl.py] => Task 0, Epoch 143/200 => Loss 0.565, Loss_clf 0.565, Train_accy 78.88
2025-06-27 00:11:45,225 [icarl.py] => Task 0, Epoch 144/200 => Loss 0.567, Loss_clf 0.567, Train_accy 78.85
2025-06-27 00:11:51,903 [icarl.py] => Task 0, Epoch 145/200 => Loss 0.555, Loss_clf 0.555, Train_accy 78.69
2025-06-27 00:11:58,181 [icarl.py] => Task 0, Epoch 146/200 => Loss 0.590, Loss_clf 0.590, Train_accy 78.83
2025-06-27 00:12:04,963 [icarl.py] => Task 0, Epoch 147/200 => Loss 0.563, Loss_clf 0.563, Train_accy 78.96
2025-06-27 00:12:11,323 [icarl.py] => Task 0, Epoch 148/200 => Loss 0.511, Loss_clf 0.511, Train_accy 79.62
2025-06-27 00:12:18,058 [icarl.py] => Task 0, Epoch 149/200 => Loss 0.577, Loss_clf 0.577, Train_accy 78.41
2025-06-27 00:12:24,374 [icarl.py] => Task 0, Epoch 150/200 => Loss 0.565, Loss_clf 0.565, Train_accy 78.63
2025-06-27 00:12:30,682 [icarl.py] => Task 0, Epoch 151/200 => Loss 0.530, Loss_clf 0.530, Train_accy 81.08
2025-06-27 00:12:37,175 [icarl.py] => Task 0, Epoch 152/200 => Loss 0.513, Loss_clf 0.513, Train_accy 80.58
2025-06-27 00:12:43,455 [icarl.py] => Task 0, Epoch 153/200 => Loss 0.536, Loss_clf 0.536, Train_accy 80.15
2025-06-27 00:12:50,081 [icarl.py] => Task 0, Epoch 154/200 => Loss 0.570, Loss_clf 0.570, Train_accy 79.30
2025-06-27 00:12:56,329 [icarl.py] => Task 0, Epoch 155/200 => Loss 0.529, Loss_clf 0.529, Train_accy 80.88
2025-06-27 00:13:03,046 [icarl.py] => Task 0, Epoch 156/200 => Loss 0.570, Loss_clf 0.570, Train_accy 79.70
2025-06-27 00:13:09,606 [icarl.py] => Task 0, Epoch 157/200 => Loss 0.547, Loss_clf 0.547, Train_accy 80.42
2025-06-27 00:13:15,812 [icarl.py] => Task 0, Epoch 158/200 => Loss 0.525, Loss_clf 0.525, Train_accy 79.35
2025-06-27 00:13:22,180 [icarl.py] => Task 0, Epoch 159/200 => Loss 0.531, Loss_clf 0.531, Train_accy 80.66
2025-06-27 00:13:28,541 [icarl.py] => Task 0, Epoch 160/200 => Loss 0.494, Loss_clf 0.494, Train_accy 80.83
2025-06-27 00:13:38,675 [icarl.py] => Task 0, Epoch 161/200 => Loss 0.484, Loss_clf 0.484, Train_accy 81.54, Test_accy {'Art': 63.16, 'Clipart': 67.95, 'Real World': 69.86, 'Product': 67.06}
2025-06-27 00:13:45,359 [icarl.py] => Task 0, Epoch 162/200 => Loss 0.545, Loss_clf 0.545, Train_accy 80.05
2025-06-27 00:13:52,004 [icarl.py] => Task 0, Epoch 163/200 => Loss 0.497, Loss_clf 0.497, Train_accy 82.61
2025-06-27 00:13:58,660 [icarl.py] => Task 0, Epoch 164/200 => Loss 0.483, Loss_clf 0.483, Train_accy 84.09
2025-06-27 00:14:04,960 [icarl.py] => Task 0, Epoch 165/200 => Loss 0.450, Loss_clf 0.450, Train_accy 84.49
2025-06-27 00:14:11,377 [icarl.py] => Task 0, Epoch 166/200 => Loss 0.503, Loss_clf 0.503, Train_accy 82.75
2025-06-27 00:14:18,103 [icarl.py] => Task 0, Epoch 167/200 => Loss 0.525, Loss_clf 0.525, Train_accy 81.57
2025-06-27 00:14:24,403 [icarl.py] => Task 0, Epoch 168/200 => Loss 0.453, Loss_clf 0.453, Train_accy 82.09
2025-06-27 00:14:30,444 [icarl.py] => Task 0, Epoch 169/200 => Loss 0.401, Loss_clf 0.401, Train_accy 85.82
2025-06-27 00:14:36,746 [icarl.py] => Task 0, Epoch 170/200 => Loss 0.429, Loss_clf 0.429, Train_accy 84.65
2025-06-27 00:14:43,082 [icarl.py] => Task 0, Epoch 171/200 => Loss 0.410, Loss_clf 0.410, Train_accy 85.39
2025-06-27 00:14:49,515 [icarl.py] => Task 0, Epoch 172/200 => Loss 0.456, Loss_clf 0.456, Train_accy 82.53
2025-06-27 00:14:55,813 [icarl.py] => Task 0, Epoch 173/200 => Loss 0.426, Loss_clf 0.426, Train_accy 84.18
2025-06-27 00:15:02,227 [icarl.py] => Task 0, Epoch 174/200 => Loss 0.410, Loss_clf 0.410, Train_accy 85.95
2025-06-27 00:15:08,990 [icarl.py] => Task 0, Epoch 175/200 => Loss 0.442, Loss_clf 0.442, Train_accy 83.33
2025-06-27 00:15:15,700 [icarl.py] => Task 0, Epoch 176/200 => Loss 0.448, Loss_clf 0.448, Train_accy 83.44
2025-06-27 00:15:22,148 [icarl.py] => Task 0, Epoch 177/200 => Loss 0.380, Loss_clf 0.380, Train_accy 86.62
2025-06-27 00:15:28,483 [icarl.py] => Task 0, Epoch 178/200 => Loss 0.398, Loss_clf 0.398, Train_accy 85.55
2025-06-27 00:15:35,389 [icarl.py] => Task 0, Epoch 179/200 => Loss 0.432, Loss_clf 0.432, Train_accy 84.74
2025-06-27 00:15:41,704 [icarl.py] => Task 0, Epoch 180/200 => Loss 0.387, Loss_clf 0.387, Train_accy 86.43
2025-06-27 00:15:51,922 [icarl.py] => Task 0, Epoch 181/200 => Loss 0.381, Loss_clf 0.381, Train_accy 86.65, Test_accy {'Art': 60.53, 'Clipart': 73.08, 'Real World': 67.12, 'Product': 69.41}
2025-06-27 00:15:58,813 [icarl.py] => Task 0, Epoch 182/200 => Loss 0.450, Loss_clf 0.450, Train_accy 83.80
2025-06-27 00:16:04,868 [icarl.py] => Task 0, Epoch 183/200 => Loss 0.433, Loss_clf 0.433, Train_accy 84.05
2025-06-27 00:16:11,298 [icarl.py] => Task 0, Epoch 184/200 => Loss 0.391, Loss_clf 0.391, Train_accy 84.78
2025-06-27 00:16:18,184 [icarl.py] => Task 0, Epoch 185/200 => Loss 0.430, Loss_clf 0.430, Train_accy 85.28
2025-06-27 00:16:25,334 [icarl.py] => Task 0, Epoch 186/200 => Loss 0.400, Loss_clf 0.400, Train_accy 86.06
2025-06-27 00:16:31,971 [icarl.py] => Task 0, Epoch 187/200 => Loss 0.383, Loss_clf 0.383, Train_accy 86.47
2025-06-27 00:16:38,782 [icarl.py] => Task 0, Epoch 188/200 => Loss 0.379, Loss_clf 0.379, Train_accy 86.52
2025-06-27 00:16:45,575 [icarl.py] => Task 0, Epoch 189/200 => Loss 0.398, Loss_clf 0.398, Train_accy 87.53
2025-06-27 00:16:51,682 [icarl.py] => Task 0, Epoch 190/200 => Loss 0.384, Loss_clf 0.384, Train_accy 87.40
2025-06-27 00:16:58,410 [icarl.py] => Task 0, Epoch 191/200 => Loss 0.406, Loss_clf 0.406, Train_accy 87.52
2025-06-27 00:17:04,858 [icarl.py] => Task 0, Epoch 192/200 => Loss 0.368, Loss_clf 0.368, Train_accy 85.95
2025-06-27 00:17:11,660 [icarl.py] => Task 0, Epoch 193/200 => Loss 0.360, Loss_clf 0.360, Train_accy 87.61
2025-06-27 00:17:18,117 [icarl.py] => Task 0, Epoch 194/200 => Loss 0.378, Loss_clf 0.378, Train_accy 87.13
2025-06-27 00:17:24,562 [icarl.py] => Task 0, Epoch 195/200 => Loss 0.338, Loss_clf 0.338, Train_accy 87.90
2025-06-27 00:17:30,446 [icarl.py] => Task 0, Epoch 196/200 => Loss 0.326, Loss_clf 0.326, Train_accy 89.83
2025-06-27 00:17:36,874 [icarl.py] => Task 0, Epoch 197/200 => Loss 0.348, Loss_clf 0.348, Train_accy 88.41
2025-06-27 00:17:43,290 [icarl.py] => Task 0, Epoch 198/200 => Loss 0.363, Loss_clf 0.363, Train_accy 87.50
2025-06-27 00:17:50,009 [icarl.py] => Task 0, Epoch 199/200 => Loss 0.324, Loss_clf 0.324, Train_accy 87.55
2025-06-27 00:17:56,499 [icarl.py] => Task 0, Epoch 200/200 => Loss 0.366, Loss_clf 0.366, Train_accy 86.61
2025-06-27 00:17:56,500 [base.py] => Reducing exemplars...(260 per classes)
2025-06-27 00:17:56,500 [base.py] => Constructing exemplars...(260 per classes)
2025-06-27 00:18:20,185 [icarl.py] => Exemplar size: 1300
2025-06-27 00:18:20,553 [trainer.py] => CNN [Art]: {'total': 63.16, '00-04': 63.16, 'old': 0, 'new': 63.16}
2025-06-27 00:18:20,553 [trainer.py] => NME [Art]: {'total': 71.05, '00-04': 71.05, 'old': 0, 'new': 71.05}
2025-06-27 00:18:20,553 [trainer.py] => CNN [Art] top1 curve: [63.16]
2025-06-27 00:18:20,553 [trainer.py] => CNN [Art] top5 curve: [97.37]
2025-06-27 00:18:20,553 [trainer.py] => NME [Art] top1 curve: [71.05]
2025-06-27 00:18:20,554 [trainer.py] => NME [Art] top5 curve: [100.0]
2025-06-27 00:18:20,554 [trainer.py] => Average Accuracy [Art] (CNN): 63.16
2025-06-27 00:18:20,554 [trainer.py] => Average Accuracy [Art] (NME): 71.05
2025-06-27 00:18:20,554 [trainer.py] => CNN [Clipart]: {'total': 70.51, '00-04': 70.51, 'old': 0, 'new': 70.51}
2025-06-27 00:18:20,554 [trainer.py] => NME [Clipart]: {'total': 69.23, '00-04': 69.23, 'old': 0, 'new': 69.23}
2025-06-27 00:18:20,554 [trainer.py] => CNN [Clipart] top1 curve: [70.51]
2025-06-27 00:18:20,554 [trainer.py] => CNN [Clipart] top5 curve: [100.0]
2025-06-27 00:18:20,554 [trainer.py] => NME [Clipart] top1 curve: [69.23]
2025-06-27 00:18:20,554 [trainer.py] => NME [Clipart] top5 curve: [100.0]
2025-06-27 00:18:20,554 [trainer.py] => Average Accuracy [Clipart] (CNN): 70.51
2025-06-27 00:18:20,554 [trainer.py] => Average Accuracy [Clipart] (NME): 69.23
2025-06-27 00:18:20,554 [trainer.py] => CNN [Product]: {'total': 70.59, '00-04': 70.59, 'old': 0, 'new': 70.59}
2025-06-27 00:18:20,554 [trainer.py] => NME [Product]: {'total': 69.41, '00-04': 69.41, 'old': 0, 'new': 69.41}
2025-06-27 00:18:20,554 [trainer.py] => CNN [Product] top1 curve: [70.59]
2025-06-27 00:18:20,554 [trainer.py] => CNN [Product] top5 curve: [98.82]
2025-06-27 00:18:20,554 [trainer.py] => NME [Product] top1 curve: [69.41]
2025-06-27 00:18:20,554 [trainer.py] => NME [Product] top5 curve: [100.0]
2025-06-27 00:18:20,554 [trainer.py] => Average Accuracy [Product] (CNN): 70.59
2025-06-27 00:18:20,554 [trainer.py] => Average Accuracy [Product] (NME): 69.41
2025-06-27 00:18:20,554 [trainer.py] => CNN [Real World]: {'total': 69.86, '00-04': 69.86, 'old': 0, 'new': 69.86}
2025-06-27 00:18:20,554 [trainer.py] => NME [Real World]: {'total': 71.23, '00-04': 71.23, 'old': 0, 'new': 71.23}
2025-06-27 00:18:20,554 [trainer.py] => CNN [Real World] top1 curve: [69.86]
2025-06-27 00:18:20,554 [trainer.py] => CNN [Real World] top5 curve: [98.63]
2025-06-27 00:18:20,554 [trainer.py] => NME [Real World] top1 curve: [71.23]
2025-06-27 00:18:20,554 [trainer.py] => NME [Real World] top5 curve: [100.0]
2025-06-27 00:18:20,555 [trainer.py] => Average Accuracy [Real World] (CNN): 69.86
2025-06-27 00:18:20,555 [trainer.py] => Average Accuracy [Real World] (NME): 71.23
2025-06-27 00:18:20,555 [trainer.py] => NME Harmonic Mean : 69.9524
2025-06-27 00:18:20,555 [trainer.py] => NME Macro Mean : 70.2300
2025-06-27 00:18:20,555 [trainer.py] => CNN Harmonic Mean : 69.1894
2025-06-27 00:18:20,555 [trainer.py] => CNN Macro Mean : 68.5300
2025-06-27 00:18:20,555 [trainer.py] => All params: 21292367
2025-06-27 00:18:20,555 [trainer.py] => Trainable params: 21292367
2025-06-27 00:18:20,556 [icarl.py] => Learning on 5-10
2025-06-27 00:18:39,569 [icarl.py] => Task 1, Epoch 1/200 => Loss 3.575, Loss_clf 2.254, Loss_kd 1.310, Loss_kernel 0.011, Train_accy 36.27, Test_accy {'Art': 25.0, 'Clipart': 22.14, 'Real World': 25.53, 'Product': 26.67}
2025-06-27 00:18:53,395 [icarl.py] => Task 1, Epoch 2/200 => Loss 3.501, Loss_clf 2.110, Loss_kd 1.374, Loss_kernel 0.017, Train_accy 31.88
2025-06-27 00:19:07,335 [icarl.py] => Task 1, Epoch 3/200 => Loss 3.365, Loss_clf 1.999, Loss_kd 1.351, Loss_kernel 0.014, Train_accy 33.86
2025-06-27 00:19:21,173 [icarl.py] => Task 1, Epoch 4/200 => Loss 3.117, Loss_clf 1.847, Loss_kd 1.258, Loss_kernel 0.012, Train_accy 38.32
2025-06-27 00:19:34,867 [icarl.py] => Task 1, Epoch 5/200 => Loss 2.995, Loss_clf 1.764, Loss_kd 1.220, Loss_kernel 0.011, Train_accy 40.70
2025-06-27 00:19:54,194 [icarl.py] => Task 1, Epoch 6/200 => Loss 2.953, Loss_clf 1.736, Loss_kd 1.206, Loss_kernel 0.011, Train_accy 41.83, Test_accy {'Art': 30.56, 'Clipart': 34.29, 'Real World': 31.21, 'Product': 33.33}
2025-06-27 00:20:08,624 [icarl.py] => Task 1, Epoch 7/200 => Loss 2.922, Loss_clf 1.710, Loss_kd 1.201, Loss_kernel 0.011, Train_accy 42.88
2025-06-27 00:20:22,298 [icarl.py] => Task 1, Epoch 8/200 => Loss 2.886, Loss_clf 1.696, Loss_kd 1.179, Loss_kernel 0.011, Train_accy 43.97
2025-06-27 00:20:36,566 [icarl.py] => Task 1, Epoch 9/200 => Loss 2.753, Loss_clf 1.599, Loss_kd 1.144, Loss_kernel 0.010, Train_accy 46.49
2025-06-27 00:20:49,550 [icarl.py] => Task 1, Epoch 10/200 => Loss 2.757, Loss_clf 1.601, Loss_kd 1.146, Loss_kernel 0.010, Train_accy 45.85
2025-06-27 00:21:08,149 [icarl.py] => Task 1, Epoch 11/200 => Loss 2.734, Loss_clf 1.581, Loss_kd 1.143, Loss_kernel 0.010, Train_accy 45.67, Test_accy {'Art': 33.33, 'Clipart': 38.57, 'Real World': 39.01, 'Product': 38.18}
2025-06-27 00:21:22,362 [icarl.py] => Task 1, Epoch 12/200 => Loss 2.697, Loss_clf 1.535, Loss_kd 1.152, Loss_kernel 0.010, Train_accy 47.68
2025-06-27 00:21:35,540 [icarl.py] => Task 1, Epoch 13/200 => Loss 2.801, Loss_clf 1.630, Loss_kd 1.161, Loss_kernel 0.011, Train_accy 45.56
2025-06-27 00:21:49,450 [icarl.py] => Task 1, Epoch 14/200 => Loss 2.725, Loss_clf 1.570, Loss_kd 1.144, Loss_kernel 0.010, Train_accy 47.08
2025-06-27 00:22:02,575 [icarl.py] => Task 1, Epoch 15/200 => Loss 2.648, Loss_clf 1.495, Loss_kd 1.144, Loss_kernel 0.010, Train_accy 50.73
2025-06-27 00:22:20,955 [icarl.py] => Task 1, Epoch 16/200 => Loss 2.595, Loss_clf 1.466, Loss_kd 1.118, Loss_kernel 0.010, Train_accy 50.75, Test_accy {'Art': 34.72, 'Clipart': 51.43, 'Real World': 44.68, 'Product': 38.79}
2025-06-27 00:22:34,700 [icarl.py] => Task 1, Epoch 17/200 => Loss 2.600, Loss_clf 1.477, Loss_kd 1.113, Loss_kernel 0.010, Train_accy 50.10
2025-06-27 00:22:48,286 [icarl.py] => Task 1, Epoch 18/200 => Loss 2.515, Loss_clf 1.413, Loss_kd 1.092, Loss_kernel 0.010, Train_accy 51.72
2025-06-27 00:23:01,603 [icarl.py] => Task 1, Epoch 19/200 => Loss 2.527, Loss_clf 1.409, Loss_kd 1.106, Loss_kernel 0.012, Train_accy 50.93
2025-06-27 00:23:14,807 [icarl.py] => Task 1, Epoch 20/200 => Loss 2.477, Loss_clf 1.372, Loss_kd 1.094, Loss_kernel 0.011, Train_accy 51.92
2025-06-27 00:23:33,188 [icarl.py] => Task 1, Epoch 21/200 => Loss 2.494, Loss_clf 1.368, Loss_kd 1.115, Loss_kernel 0.011, Train_accy 52.47, Test_accy {'Art': 30.56, 'Clipart': 43.57, 'Real World': 39.01, 'Product': 35.15}
2025-06-27 00:23:46,234 [icarl.py] => Task 1, Epoch 22/200 => Loss 2.452, Loss_clf 1.334, Loss_kd 1.108, Loss_kernel 0.010, Train_accy 54.20
2025-06-27 00:23:59,769 [icarl.py] => Task 1, Epoch 23/200 => Loss 2.387, Loss_clf 1.298, Loss_kd 1.079, Loss_kernel 0.011, Train_accy 54.70
2025-06-27 00:24:13,267 [icarl.py] => Task 1, Epoch 24/200 => Loss 2.356, Loss_clf 1.261, Loss_kd 1.085, Loss_kernel 0.011, Train_accy 57.14
2025-06-27 00:24:27,264 [icarl.py] => Task 1, Epoch 25/200 => Loss 2.395, Loss_clf 1.299, Loss_kd 1.085, Loss_kernel 0.011, Train_accy 55.07
2025-06-27 00:24:46,214 [icarl.py] => Task 1, Epoch 26/200 => Loss 2.354, Loss_clf 1.264, Loss_kd 1.079, Loss_kernel 0.011, Train_accy 57.06, Test_accy {'Art': 50.0, 'Clipart': 50.0, 'Real World': 47.52, 'Product': 43.64}
2025-06-27 00:24:59,798 [icarl.py] => Task 1, Epoch 27/200 => Loss 2.362, Loss_clf 1.262, Loss_kd 1.089, Loss_kernel 0.011, Train_accy 55.62
2025-06-27 00:25:13,587 [icarl.py] => Task 1, Epoch 28/200 => Loss 2.305, Loss_clf 1.210, Loss_kd 1.084, Loss_kernel 0.011, Train_accy 57.85
2025-06-27 00:25:25,960 [icarl.py] => Task 1, Epoch 29/200 => Loss 2.347, Loss_clf 1.242, Loss_kd 1.094, Loss_kernel 0.012, Train_accy 57.19
2025-06-27 00:25:39,472 [icarl.py] => Task 1, Epoch 30/200 => Loss 2.303, Loss_clf 1.198, Loss_kd 1.092, Loss_kernel 0.012, Train_accy 58.78
2025-06-27 00:25:57,463 [icarl.py] => Task 1, Epoch 31/200 => Loss 2.270, Loss_clf 1.181, Loss_kd 1.078, Loss_kernel 0.011, Train_accy 59.55, Test_accy {'Art': 36.11, 'Clipart': 55.71, 'Real World': 43.26, 'Product': 42.42}
2025-06-27 00:26:11,543 [icarl.py] => Task 1, Epoch 32/200 => Loss 2.243, Loss_clf 1.163, Loss_kd 1.069, Loss_kernel 0.011, Train_accy 60.54
2025-06-27 00:26:25,099 [icarl.py] => Task 1, Epoch 33/200 => Loss 2.241, Loss_clf 1.134, Loss_kd 1.096, Loss_kernel 0.012, Train_accy 59.99
2025-06-27 00:26:41,691 [icarl.py] => Task 1, Epoch 34/200 => Loss 2.277, Loss_clf 1.187, Loss_kd 1.079, Loss_kernel 0.011, Train_accy 59.08
2025-06-27 00:26:55,646 [icarl.py] => Task 1, Epoch 35/200 => Loss 2.299, Loss_clf 1.178, Loss_kd 1.110, Loss_kernel 0.011, Train_accy 59.29
2025-06-27 00:27:14,368 [icarl.py] => Task 1, Epoch 36/200 => Loss 2.216, Loss_clf 1.124, Loss_kd 1.080, Loss_kernel 0.012, Train_accy 61.14, Test_accy {'Art': 37.5, 'Clipart': 55.0, 'Real World': 53.9, 'Product': 41.21}
2025-06-27 00:27:28,227 [icarl.py] => Task 1, Epoch 37/200 => Loss 2.137, Loss_clf 1.062, Loss_kd 1.063, Loss_kernel 0.012, Train_accy 63.22
2025-06-27 00:27:40,724 [icarl.py] => Task 1, Epoch 38/200 => Loss 2.163, Loss_clf 1.081, Loss_kd 1.071, Loss_kernel 0.012, Train_accy 62.80
2025-06-27 00:27:54,663 [icarl.py] => Task 1, Epoch 39/200 => Loss 2.098, Loss_clf 1.026, Loss_kd 1.060, Loss_kernel 0.012, Train_accy 65.03
2025-06-27 00:28:06,781 [icarl.py] => Task 1, Epoch 40/200 => Loss 2.062, Loss_clf 0.982, Loss_kd 1.068, Loss_kernel 0.012, Train_accy 65.67
2025-06-27 00:28:24,785 [icarl.py] => Task 1, Epoch 41/200 => Loss 2.120, Loss_clf 1.030, Loss_kd 1.078, Loss_kernel 0.012, Train_accy 65.39, Test_accy {'Art': 48.61, 'Clipart': 56.43, 'Real World': 48.94, 'Product': 43.03}
2025-06-27 00:28:38,634 [icarl.py] => Task 1, Epoch 42/200 => Loss 2.093, Loss_clf 1.030, Loss_kd 1.050, Loss_kernel 0.013, Train_accy 65.71
2025-06-27 00:28:53,032 [icarl.py] => Task 1, Epoch 43/200 => Loss 1.976, Loss_clf 0.909, Loss_kd 1.055, Loss_kernel 0.012, Train_accy 69.94
2025-06-27 00:29:05,510 [icarl.py] => Task 1, Epoch 44/200 => Loss 2.043, Loss_clf 0.969, Loss_kd 1.062, Loss_kernel 0.012, Train_accy 67.36
2025-06-27 00:29:18,838 [icarl.py] => Task 1, Epoch 45/200 => Loss 2.035, Loss_clf 0.949, Loss_kd 1.073, Loss_kernel 0.013, Train_accy 67.93
2025-06-27 00:29:36,975 [icarl.py] => Task 1, Epoch 46/200 => Loss 2.049, Loss_clf 0.955, Loss_kd 1.082, Loss_kernel 0.012, Train_accy 67.61, Test_accy {'Art': 41.67, 'Clipart': 62.86, 'Real World': 51.77, 'Product': 51.52}
2025-06-27 00:29:49,016 [icarl.py] => Task 1, Epoch 47/200 => Loss 1.994, Loss_clf 0.917, Loss_kd 1.065, Loss_kernel 0.013, Train_accy 68.48
2025-06-27 00:30:01,946 [icarl.py] => Task 1, Epoch 48/200 => Loss 2.039, Loss_clf 0.956, Loss_kd 1.070, Loss_kernel 0.013, Train_accy 66.45
2025-06-27 00:30:14,423 [icarl.py] => Task 1, Epoch 49/200 => Loss 2.060, Loss_clf 0.978, Loss_kd 1.068, Loss_kernel 0.013, Train_accy 66.67
2025-06-27 00:30:27,532 [icarl.py] => Task 1, Epoch 50/200 => Loss 2.020, Loss_clf 0.947, Loss_kd 1.060, Loss_kernel 0.014, Train_accy 68.22
2025-06-27 00:30:45,722 [icarl.py] => Task 1, Epoch 51/200 => Loss 2.024, Loss_clf 0.925, Loss_kd 1.085, Loss_kernel 0.014, Train_accy 68.38, Test_accy {'Art': 51.39, 'Clipart': 59.29, 'Real World': 55.32, 'Product': 47.27}
2025-06-27 00:30:58,033 [icarl.py] => Task 1, Epoch 52/200 => Loss 1.894, Loss_clf 0.831, Loss_kd 1.049, Loss_kernel 0.013, Train_accy 71.68
2025-06-27 00:31:11,450 [icarl.py] => Task 1, Epoch 53/200 => Loss 1.930, Loss_clf 0.870, Loss_kd 1.048, Loss_kernel 0.013, Train_accy 70.59
2025-06-27 00:31:24,139 [icarl.py] => Task 1, Epoch 54/200 => Loss 1.955, Loss_clf 0.884, Loss_kd 1.059, Loss_kernel 0.013, Train_accy 69.24
2025-06-27 00:31:38,003 [icarl.py] => Task 1, Epoch 55/200 => Loss 1.893, Loss_clf 0.830, Loss_kd 1.049, Loss_kernel 0.013, Train_accy 71.80
2025-06-27 00:31:55,063 [icarl.py] => Task 1, Epoch 56/200 => Loss 1.938, Loss_clf 0.862, Loss_kd 1.063, Loss_kernel 0.013, Train_accy 71.12, Test_accy {'Art': 43.06, 'Clipart': 58.57, 'Real World': 53.9, 'Product': 47.27}
2025-06-27 00:32:08,334 [icarl.py] => Task 1, Epoch 57/200 => Loss 1.852, Loss_clf 0.795, Loss_kd 1.044, Loss_kernel 0.013, Train_accy 72.16
2025-06-27 00:32:21,000 [icarl.py] => Task 1, Epoch 58/200 => Loss 1.914, Loss_clf 0.823, Loss_kd 1.078, Loss_kernel 0.013, Train_accy 71.80
2025-06-27 00:32:34,826 [icarl.py] => Task 1, Epoch 59/200 => Loss 1.960, Loss_clf 0.864, Loss_kd 1.083, Loss_kernel 0.013, Train_accy 70.08
2025-06-27 00:32:49,081 [icarl.py] => Task 1, Epoch 60/200 => Loss 1.899, Loss_clf 0.818, Loss_kd 1.068, Loss_kernel 0.013, Train_accy 72.23
2025-06-27 00:33:06,640 [icarl.py] => Task 1, Epoch 61/200 => Loss 1.828, Loss_clf 0.761, Loss_kd 1.054, Loss_kernel 0.013, Train_accy 73.89, Test_accy {'Art': 50.0, 'Clipart': 49.29, 'Real World': 48.94, 'Product': 42.42}
2025-06-27 00:33:20,551 [icarl.py] => Task 1, Epoch 62/200 => Loss 1.887, Loss_clf 0.807, Loss_kd 1.067, Loss_kernel 0.013, Train_accy 72.49
2025-06-27 00:33:34,507 [icarl.py] => Task 1, Epoch 63/200 => Loss 1.846, Loss_clf 0.760, Loss_kd 1.073, Loss_kernel 0.014, Train_accy 73.67
2025-06-27 00:33:47,074 [icarl.py] => Task 1, Epoch 64/200 => Loss 1.805, Loss_clf 0.736, Loss_kd 1.055, Loss_kernel 0.014, Train_accy 74.97
2025-06-27 00:34:00,339 [icarl.py] => Task 1, Epoch 65/200 => Loss 1.835, Loss_clf 0.762, Loss_kd 1.059, Loss_kernel 0.013, Train_accy 74.91
2025-06-27 00:34:18,483 [icarl.py] => Task 1, Epoch 66/200 => Loss 1.838, Loss_clf 0.742, Loss_kd 1.083, Loss_kernel 0.013, Train_accy 74.45, Test_accy {'Art': 44.44, 'Clipart': 60.0, 'Real World': 56.03, 'Product': 48.48}
2025-06-27 00:34:30,950 [icarl.py] => Task 1, Epoch 67/200 => Loss 1.808, Loss_clf 0.748, Loss_kd 1.047, Loss_kernel 0.013, Train_accy 75.70
2025-06-27 00:34:45,094 [icarl.py] => Task 1, Epoch 68/200 => Loss 1.818, Loss_clf 0.739, Loss_kd 1.066, Loss_kernel 0.013, Train_accy 74.48
2025-06-27 00:35:00,110 [icarl.py] => Task 1, Epoch 69/200 => Loss 1.737, Loss_clf 0.671, Loss_kd 1.052, Loss_kernel 0.014, Train_accy 78.05
2025-06-27 00:35:12,820 [icarl.py] => Task 1, Epoch 70/200 => Loss 1.734, Loss_clf 0.673, Loss_kd 1.047, Loss_kernel 0.014, Train_accy 77.20
2025-06-27 00:35:32,811 [icarl.py] => Task 1, Epoch 71/200 => Loss 1.700, Loss_clf 0.652, Loss_kd 1.034, Loss_kernel 0.014, Train_accy 78.58, Test_accy {'Art': 44.44, 'Clipart': 63.57, 'Real World': 59.57, 'Product': 49.09}
2025-06-27 00:35:46,855 [icarl.py] => Task 1, Epoch 72/200 => Loss 1.670, Loss_clf 0.623, Loss_kd 1.033, Loss_kernel 0.014, Train_accy 78.80
2025-06-27 00:35:59,915 [icarl.py] => Task 1, Epoch 73/200 => Loss 1.708, Loss_clf 0.644, Loss_kd 1.050, Loss_kernel 0.014, Train_accy 79.23
2025-06-27 00:36:13,695 [icarl.py] => Task 1, Epoch 74/200 => Loss 1.665, Loss_clf 0.624, Loss_kd 1.027, Loss_kernel 0.014, Train_accy 79.80
2025-06-27 00:36:28,236 [icarl.py] => Task 1, Epoch 75/200 => Loss 1.637, Loss_clf 0.589, Loss_kd 1.034, Loss_kernel 0.014, Train_accy 81.02
2025-06-27 00:36:46,127 [icarl.py] => Task 1, Epoch 76/200 => Loss 1.658, Loss_clf 0.606, Loss_kd 1.038, Loss_kernel 0.014, Train_accy 80.35, Test_accy {'Art': 51.39, 'Clipart': 55.71, 'Real World': 55.32, 'Product': 44.85}
2025-06-27 00:36:59,904 [icarl.py] => Task 1, Epoch 77/200 => Loss 1.675, Loss_clf 0.604, Loss_kd 1.057, Loss_kernel 0.014, Train_accy 79.63
2025-06-27 00:37:12,356 [icarl.py] => Task 1, Epoch 78/200 => Loss 1.670, Loss_clf 0.612, Loss_kd 1.043, Loss_kernel 0.015, Train_accy 78.50
2025-06-27 00:37:26,704 [icarl.py] => Task 1, Epoch 79/200 => Loss 1.671, Loss_clf 0.604, Loss_kd 1.053, Loss_kernel 0.014, Train_accy 80.36
2025-06-27 00:37:39,668 [icarl.py] => Task 1, Epoch 80/200 => Loss 1.638, Loss_clf 0.583, Loss_kd 1.041, Loss_kernel 0.014, Train_accy 81.22
2025-06-27 00:37:57,025 [icarl.py] => Task 1, Epoch 81/200 => Loss 1.580, Loss_clf 0.527, Loss_kd 1.038, Loss_kernel 0.014, Train_accy 82.52, Test_accy {'Art': 52.78, 'Clipart': 60.71, 'Real World': 51.77, 'Product': 50.91}
2025-06-27 00:38:10,027 [icarl.py] => Task 1, Epoch 82/200 => Loss 1.627, Loss_clf 0.572, Loss_kd 1.041, Loss_kernel 0.014, Train_accy 79.92
2025-06-27 00:38:22,931 [icarl.py] => Task 1, Epoch 83/200 => Loss 1.655, Loss_clf 0.600, Loss_kd 1.041, Loss_kernel 0.014, Train_accy 81.38
2025-06-27 00:38:35,592 [icarl.py] => Task 1, Epoch 84/200 => Loss 1.661, Loss_clf 0.598, Loss_kd 1.049, Loss_kernel 0.014, Train_accy 81.00
2025-06-27 00:38:48,467 [icarl.py] => Task 1, Epoch 85/200 => Loss 1.594, Loss_clf 0.537, Loss_kd 1.042, Loss_kernel 0.014, Train_accy 82.39
2025-06-27 00:39:06,227 [icarl.py] => Task 1, Epoch 86/200 => Loss 1.577, Loss_clf 0.510, Loss_kd 1.052, Loss_kernel 0.015, Train_accy 83.98, Test_accy {'Art': 45.83, 'Clipart': 62.86, 'Real World': 52.48, 'Product': 47.88}
2025-06-27 00:39:19,213 [icarl.py] => Task 1, Epoch 87/200 => Loss 1.555, Loss_clf 0.509, Loss_kd 1.032, Loss_kernel 0.014, Train_accy 83.65
2025-06-27 00:39:32,135 [icarl.py] => Task 1, Epoch 88/200 => Loss 1.587, Loss_clf 0.522, Loss_kd 1.051, Loss_kernel 0.014, Train_accy 82.85
2025-06-27 00:39:44,839 [icarl.py] => Task 1, Epoch 89/200 => Loss 1.599, Loss_clf 0.539, Loss_kd 1.046, Loss_kernel 0.014, Train_accy 82.40
2025-06-27 00:39:57,187 [icarl.py] => Task 1, Epoch 90/200 => Loss 1.552, Loss_clf 0.499, Loss_kd 1.039, Loss_kernel 0.014, Train_accy 83.59
2025-06-27 00:40:15,447 [icarl.py] => Task 1, Epoch 91/200 => Loss 1.554, Loss_clf 0.503, Loss_kd 1.037, Loss_kernel 0.014, Train_accy 83.82, Test_accy {'Art': 44.44, 'Clipart': 63.57, 'Real World': 53.19, 'Product': 45.45}
2025-06-27 00:40:29,898 [icarl.py] => Task 1, Epoch 92/200 => Loss 1.554, Loss_clf 0.519, Loss_kd 1.021, Loss_kernel 0.014, Train_accy 83.50
2025-06-27 00:40:43,326 [icarl.py] => Task 1, Epoch 93/200 => Loss 1.566, Loss_clf 0.523, Loss_kd 1.029, Loss_kernel 0.014, Train_accy 83.00
2025-06-27 00:40:56,391 [icarl.py] => Task 1, Epoch 94/200 => Loss 1.581, Loss_clf 0.523, Loss_kd 1.044, Loss_kernel 0.014, Train_accy 83.19
2025-06-27 00:41:09,753 [icarl.py] => Task 1, Epoch 95/200 => Loss 1.522, Loss_clf 0.473, Loss_kd 1.035, Loss_kernel 0.015, Train_accy 84.32
2025-06-27 00:41:26,066 [icarl.py] => Task 1, Epoch 96/200 => Loss 1.519, Loss_clf 0.449, Loss_kd 1.055, Loss_kernel 0.015, Train_accy 85.59, Test_accy {'Art': 48.61, 'Clipart': 63.57, 'Real World': 61.7, 'Product': 51.52}
2025-06-27 00:41:38,756 [icarl.py] => Task 1, Epoch 97/200 => Loss 1.520, Loss_clf 0.479, Loss_kd 1.027, Loss_kernel 0.014, Train_accy 84.49
2025-06-27 00:41:51,977 [icarl.py] => Task 1, Epoch 98/200 => Loss 1.495, Loss_clf 0.454, Loss_kd 1.027, Loss_kernel 0.014, Train_accy 85.62
2025-06-27 00:42:05,160 [icarl.py] => Task 1, Epoch 99/200 => Loss 1.472, Loss_clf 0.436, Loss_kd 1.022, Loss_kernel 0.014, Train_accy 86.72
2025-06-27 00:42:17,967 [icarl.py] => Task 1, Epoch 100/200 => Loss 1.433, Loss_clf 0.391, Loss_kd 1.028, Loss_kernel 0.014, Train_accy 87.96
2025-06-27 00:42:35,821 [icarl.py] => Task 1, Epoch 101/200 => Loss 1.461, Loss_clf 0.416, Loss_kd 1.030, Loss_kernel 0.014, Train_accy 86.62, Test_accy {'Art': 52.78, 'Clipart': 67.86, 'Real World': 53.9, 'Product': 51.52}
2025-06-27 00:42:49,113 [icarl.py] => Task 1, Epoch 102/200 => Loss 1.513, Loss_clf 0.479, Loss_kd 1.021, Loss_kernel 0.014, Train_accy 85.42
2025-06-27 00:43:02,057 [icarl.py] => Task 1, Epoch 103/200 => Loss 1.542, Loss_clf 0.503, Loss_kd 1.024, Loss_kernel 0.014, Train_accy 84.47
2025-06-27 00:43:14,102 [icarl.py] => Task 1, Epoch 104/200 => Loss 1.508, Loss_clf 0.455, Loss_kd 1.039, Loss_kernel 0.014, Train_accy 86.33
2025-06-27 00:43:26,707 [icarl.py] => Task 1, Epoch 105/200 => Loss 1.486, Loss_clf 0.434, Loss_kd 1.037, Loss_kernel 0.014, Train_accy 86.55
2025-06-27 00:43:42,687 [icarl.py] => Task 1, Epoch 106/200 => Loss 1.373, Loss_clf 0.339, Loss_kd 1.019, Loss_kernel 0.014, Train_accy 90.18, Test_accy {'Art': 47.22, 'Clipart': 63.57, 'Real World': 57.45, 'Product': 54.55}
2025-06-27 00:43:55,284 [icarl.py] => Task 1, Epoch 107/200 => Loss 1.447, Loss_clf 0.417, Loss_kd 1.016, Loss_kernel 0.014, Train_accy 86.36
2025-06-27 00:44:06,882 [icarl.py] => Task 1, Epoch 108/200 => Loss 1.417, Loss_clf 0.384, Loss_kd 1.018, Loss_kernel 0.014, Train_accy 88.45
2025-06-27 00:44:20,743 [icarl.py] => Task 1, Epoch 109/200 => Loss 1.486, Loss_clf 0.441, Loss_kd 1.031, Loss_kernel 0.014, Train_accy 86.18
2025-06-27 00:44:34,408 [icarl.py] => Task 1, Epoch 110/200 => Loss 1.407, Loss_clf 0.372, Loss_kd 1.020, Loss_kernel 0.015, Train_accy 88.30
2025-06-27 00:44:52,041 [icarl.py] => Task 1, Epoch 111/200 => Loss 1.378, Loss_clf 0.347, Loss_kd 1.016, Loss_kernel 0.014, Train_accy 89.13, Test_accy {'Art': 52.78, 'Clipart': 66.43, 'Real World': 64.54, 'Product': 49.7}
2025-06-27 00:45:05,663 [icarl.py] => Task 1, Epoch 112/200 => Loss 1.416, Loss_clf 0.383, Loss_kd 1.019, Loss_kernel 0.014, Train_accy 87.72
2025-06-27 00:45:17,830 [icarl.py] => Task 1, Epoch 113/200 => Loss 1.390, Loss_clf 0.349, Loss_kd 1.027, Loss_kernel 0.014, Train_accy 89.58
2025-06-27 00:45:30,476 [icarl.py] => Task 1, Epoch 114/200 => Loss 1.378, Loss_clf 0.344, Loss_kd 1.020, Loss_kernel 0.014, Train_accy 89.29
2025-06-27 00:45:42,587 [icarl.py] => Task 1, Epoch 115/200 => Loss 1.349, Loss_clf 0.321, Loss_kd 1.014, Loss_kernel 0.015, Train_accy 90.26
2025-06-27 00:46:00,161 [icarl.py] => Task 1, Epoch 116/200 => Loss 1.446, Loss_clf 0.399, Loss_kd 1.033, Loss_kernel 0.014, Train_accy 87.37, Test_accy {'Art': 51.39, 'Clipart': 62.86, 'Real World': 58.87, 'Product': 55.15}
2025-06-27 00:46:12,805 [icarl.py] => Task 1, Epoch 117/200 => Loss 1.359, Loss_clf 0.319, Loss_kd 1.025, Loss_kernel 0.014, Train_accy 89.98
2025-06-27 00:46:25,800 [icarl.py] => Task 1, Epoch 118/200 => Loss 1.430, Loss_clf 0.381, Loss_kd 1.034, Loss_kernel 0.014, Train_accy 87.32
2025-06-27 00:46:39,044 [icarl.py] => Task 1, Epoch 119/200 => Loss 1.402, Loss_clf 0.360, Loss_kd 1.028, Loss_kernel 0.014, Train_accy 88.69
2025-06-27 00:46:51,146 [icarl.py] => Task 1, Epoch 120/200 => Loss 1.358, Loss_clf 0.335, Loss_kd 1.009, Loss_kernel 0.014, Train_accy 89.48
2025-06-27 00:47:08,517 [icarl.py] => Task 1, Epoch 121/200 => Loss 1.329, Loss_clf 0.307, Loss_kd 1.008, Loss_kernel 0.014, Train_accy 90.61, Test_accy {'Art': 48.61, 'Clipart': 59.29, 'Real World': 55.32, 'Product': 47.88}
2025-06-27 00:47:20,494 [icarl.py] => Task 1, Epoch 122/200 => Loss 1.344, Loss_clf 0.299, Loss_kd 1.030, Loss_kernel 0.014, Train_accy 90.37
2025-06-27 00:47:32,746 [icarl.py] => Task 1, Epoch 123/200 => Loss 1.312, Loss_clf 0.287, Loss_kd 1.011, Loss_kernel 0.015, Train_accy 91.58
2025-06-27 00:47:45,131 [icarl.py] => Task 1, Epoch 124/200 => Loss 1.350, Loss_clf 0.319, Loss_kd 1.016, Loss_kernel 0.014, Train_accy 90.84
2025-06-27 00:47:57,032 [icarl.py] => Task 1, Epoch 125/200 => Loss 1.361, Loss_clf 0.343, Loss_kd 1.004, Loss_kernel 0.014, Train_accy 89.57
2025-06-27 00:48:13,944 [icarl.py] => Task 1, Epoch 126/200 => Loss 1.313, Loss_clf 0.287, Loss_kd 1.011, Loss_kernel 0.014, Train_accy 91.53, Test_accy {'Art': 45.83, 'Clipart': 66.43, 'Real World': 64.54, 'Product': 53.94}
2025-06-27 00:48:26,660 [icarl.py] => Task 1, Epoch 127/200 => Loss 1.308, Loss_clf 0.276, Loss_kd 1.018, Loss_kernel 0.014, Train_accy 92.20
2025-06-27 00:48:39,236 [icarl.py] => Task 1, Epoch 128/200 => Loss 1.288, Loss_clf 0.283, Loss_kd 0.991, Loss_kernel 0.014, Train_accy 91.73
2025-06-27 00:48:50,721 [icarl.py] => Task 1, Epoch 129/200 => Loss 1.286, Loss_clf 0.278, Loss_kd 0.994, Loss_kernel 0.014, Train_accy 91.65
2025-06-27 00:49:02,648 [icarl.py] => Task 1, Epoch 130/200 => Loss 1.288, Loss_clf 0.271, Loss_kd 1.003, Loss_kernel 0.014, Train_accy 92.14
2025-06-27 00:49:18,453 [icarl.py] => Task 1, Epoch 131/200 => Loss 1.245, Loss_clf 0.231, Loss_kd 1.000, Loss_kernel 0.014, Train_accy 93.53, Test_accy {'Art': 50.0, 'Clipart': 60.71, 'Real World': 58.87, 'Product': 50.3}
2025-06-27 00:49:30,457 [icarl.py] => Task 1, Epoch 132/200 => Loss 1.264, Loss_clf 0.233, Loss_kd 1.016, Loss_kernel 0.015, Train_accy 93.58
2025-06-27 00:49:42,623 [icarl.py] => Task 1, Epoch 133/200 => Loss 1.246, Loss_clf 0.239, Loss_kd 0.993, Loss_kernel 0.014, Train_accy 93.30
2025-06-27 00:49:55,227 [icarl.py] => Task 1, Epoch 134/200 => Loss 1.297, Loss_clf 0.276, Loss_kd 1.006, Loss_kernel 0.015, Train_accy 91.70
2025-06-27 00:50:07,362 [icarl.py] => Task 1, Epoch 135/200 => Loss 1.256, Loss_clf 0.250, Loss_kd 0.993, Loss_kernel 0.014, Train_accy 92.87
2025-06-27 00:50:24,598 [icarl.py] => Task 1, Epoch 136/200 => Loss 1.270, Loss_clf 0.249, Loss_kd 1.007, Loss_kernel 0.014, Train_accy 93.14, Test_accy {'Art': 51.39, 'Clipart': 64.29, 'Real World': 60.99, 'Product': 56.97}
2025-06-27 00:50:36,655 [icarl.py] => Task 1, Epoch 137/200 => Loss 1.259, Loss_clf 0.251, Loss_kd 0.995, Loss_kernel 0.014, Train_accy 93.13
2025-06-27 00:50:49,382 [icarl.py] => Task 1, Epoch 138/200 => Loss 1.248, Loss_clf 0.238, Loss_kd 0.996, Loss_kernel 0.014, Train_accy 92.78
2025-06-27 00:51:00,928 [icarl.py] => Task 1, Epoch 139/200 => Loss 1.255, Loss_clf 0.235, Loss_kd 1.006, Loss_kernel 0.014, Train_accy 94.01
2025-06-27 00:51:12,483 [icarl.py] => Task 1, Epoch 140/200 => Loss 1.260, Loss_clf 0.248, Loss_kd 0.999, Loss_kernel 0.014, Train_accy 93.28
2025-06-27 00:51:29,352 [icarl.py] => Task 1, Epoch 141/200 => Loss 1.240, Loss_clf 0.232, Loss_kd 0.994, Loss_kernel 0.014, Train_accy 93.81, Test_accy {'Art': 48.61, 'Clipart': 65.0, 'Real World': 63.83, 'Product': 54.55}
2025-06-27 00:51:41,550 [icarl.py] => Task 1, Epoch 142/200 => Loss 1.217, Loss_clf 0.208, Loss_kd 0.995, Loss_kernel 0.014, Train_accy 94.46
2025-06-27 00:51:53,273 [icarl.py] => Task 1, Epoch 143/200 => Loss 1.185, Loss_clf 0.187, Loss_kd 0.984, Loss_kernel 0.014, Train_accy 95.37
2025-06-27 00:52:04,975 [icarl.py] => Task 1, Epoch 144/200 => Loss 1.208, Loss_clf 0.200, Loss_kd 0.994, Loss_kernel 0.014, Train_accy 94.42
2025-06-27 00:52:17,062 [icarl.py] => Task 1, Epoch 145/200 => Loss 1.216, Loss_clf 0.216, Loss_kd 0.987, Loss_kernel 0.014, Train_accy 94.26
2025-06-27 00:52:33,706 [icarl.py] => Task 1, Epoch 146/200 => Loss 1.179, Loss_clf 0.179, Loss_kd 0.985, Loss_kernel 0.014, Train_accy 95.17, Test_accy {'Art': 45.83, 'Clipart': 63.57, 'Real World': 62.41, 'Product': 52.73}
2025-06-27 00:52:46,363 [icarl.py] => Task 1, Epoch 147/200 => Loss 1.212, Loss_clf 0.221, Loss_kd 0.977, Loss_kernel 0.014, Train_accy 93.78
2025-06-27 00:52:58,087 [icarl.py] => Task 1, Epoch 148/200 => Loss 1.222, Loss_clf 0.207, Loss_kd 1.001, Loss_kernel 0.014, Train_accy 94.76
2025-06-27 00:53:10,189 [icarl.py] => Task 1, Epoch 149/200 => Loss 1.193, Loss_clf 0.197, Loss_kd 0.983, Loss_kernel 0.014, Train_accy 94.53
2025-06-27 00:53:21,319 [icarl.py] => Task 1, Epoch 150/200 => Loss 1.186, Loss_clf 0.186, Loss_kd 0.985, Loss_kernel 0.014, Train_accy 95.62
2025-06-27 00:53:38,393 [icarl.py] => Task 1, Epoch 151/200 => Loss 1.206, Loss_clf 0.192, Loss_kd 1.000, Loss_kernel 0.014, Train_accy 94.43, Test_accy {'Art': 52.78, 'Clipart': 65.0, 'Real World': 60.28, 'Product': 52.12}
2025-06-27 00:53:50,398 [icarl.py] => Task 1, Epoch 152/200 => Loss 1.167, Loss_clf 0.174, Loss_kd 0.980, Loss_kernel 0.014, Train_accy 95.88
2025-06-27 00:54:02,124 [icarl.py] => Task 1, Epoch 153/200 => Loss 1.212, Loss_clf 0.199, Loss_kd 1.000, Loss_kernel 0.014, Train_accy 94.21
2025-06-27 00:54:13,922 [icarl.py] => Task 1, Epoch 154/200 => Loss 1.161, Loss_clf 0.168, Loss_kd 0.979, Loss_kernel 0.014, Train_accy 96.28
2025-06-27 00:54:26,902 [icarl.py] => Task 1, Epoch 155/200 => Loss 1.196, Loss_clf 0.190, Loss_kd 0.992, Loss_kernel 0.014, Train_accy 95.14
2025-06-27 00:54:43,832 [icarl.py] => Task 1, Epoch 156/200 => Loss 1.169, Loss_clf 0.178, Loss_kd 0.978, Loss_kernel 0.013, Train_accy 95.58, Test_accy {'Art': 54.17, 'Clipart': 65.71, 'Real World': 62.41, 'Product': 54.55}
2025-06-27 00:54:55,228 [icarl.py] => Task 1, Epoch 157/200 => Loss 1.152, Loss_clf 0.166, Loss_kd 0.973, Loss_kernel 0.014, Train_accy 95.41
2025-06-27 00:55:07,889 [icarl.py] => Task 1, Epoch 158/200 => Loss 1.178, Loss_clf 0.188, Loss_kd 0.976, Loss_kernel 0.014, Train_accy 95.11
2025-06-27 00:55:19,098 [icarl.py] => Task 1, Epoch 159/200 => Loss 1.153, Loss_clf 0.161, Loss_kd 0.979, Loss_kernel 0.013, Train_accy 96.30
2025-06-27 00:55:30,706 [icarl.py] => Task 1, Epoch 160/200 => Loss 1.186, Loss_clf 0.180, Loss_kd 0.992, Loss_kernel 0.014, Train_accy 95.38
2025-06-27 00:55:48,239 [icarl.py] => Task 1, Epoch 161/200 => Loss 1.164, Loss_clf 0.169, Loss_kd 0.982, Loss_kernel 0.014, Train_accy 95.68, Test_accy {'Art': 51.39, 'Clipart': 66.43, 'Real World': 63.12, 'Product': 52.12}
2025-06-27 00:55:59,854 [icarl.py] => Task 1, Epoch 162/200 => Loss 1.184, Loss_clf 0.190, Loss_kd 0.981, Loss_kernel 0.013, Train_accy 95.17
2025-06-27 00:56:11,408 [icarl.py] => Task 1, Epoch 163/200 => Loss 1.145, Loss_clf 0.156, Loss_kd 0.975, Loss_kernel 0.014, Train_accy 96.25
2025-06-27 00:56:23,828 [icarl.py] => Task 1, Epoch 164/200 => Loss 1.153, Loss_clf 0.168, Loss_kd 0.971, Loss_kernel 0.013, Train_accy 96.30
2025-06-27 00:56:35,672 [icarl.py] => Task 1, Epoch 165/200 => Loss 1.130, Loss_clf 0.152, Loss_kd 0.964, Loss_kernel 0.013, Train_accy 96.04
2025-06-27 00:56:51,707 [icarl.py] => Task 1, Epoch 166/200 => Loss 1.144, Loss_clf 0.161, Loss_kd 0.970, Loss_kernel 0.013, Train_accy 95.68, Test_accy {'Art': 47.22, 'Clipart': 62.14, 'Real World': 61.7, 'Product': 53.33}
2025-06-27 00:57:03,556 [icarl.py] => Task 1, Epoch 167/200 => Loss 1.145, Loss_clf 0.163, Loss_kd 0.967, Loss_kernel 0.014, Train_accy 95.44
2025-06-27 00:57:15,467 [icarl.py] => Task 1, Epoch 168/200 => Loss 1.134, Loss_clf 0.153, Loss_kd 0.968, Loss_kernel 0.013, Train_accy 96.35
2025-06-27 00:57:28,090 [icarl.py] => Task 1, Epoch 169/200 => Loss 1.151, Loss_clf 0.162, Loss_kd 0.975, Loss_kernel 0.013, Train_accy 95.43
2025-06-27 00:57:38,949 [icarl.py] => Task 1, Epoch 170/200 => Loss 1.124, Loss_clf 0.147, Loss_kd 0.965, Loss_kernel 0.013, Train_accy 96.44
2025-06-27 00:57:55,499 [icarl.py] => Task 1, Epoch 171/200 => Loss 1.149, Loss_clf 0.154, Loss_kd 0.982, Loss_kernel 0.014, Train_accy 96.10, Test_accy {'Art': 55.56, 'Clipart': 67.14, 'Real World': 61.7, 'Product': 56.36}
2025-06-27 00:58:08,091 [icarl.py] => Task 1, Epoch 172/200 => Loss 1.146, Loss_clf 0.165, Loss_kd 0.968, Loss_kernel 0.014, Train_accy 95.80
2025-06-27 00:58:19,609 [icarl.py] => Task 1, Epoch 173/200 => Loss 1.147, Loss_clf 0.165, Loss_kd 0.968, Loss_kernel 0.013, Train_accy 95.90
2025-06-27 00:58:31,194 [icarl.py] => Task 1, Epoch 174/200 => Loss 1.131, Loss_clf 0.148, Loss_kd 0.969, Loss_kernel 0.014, Train_accy 96.50
2025-06-27 00:58:42,882 [icarl.py] => Task 1, Epoch 175/200 => Loss 1.128, Loss_clf 0.147, Loss_kd 0.968, Loss_kernel 0.013, Train_accy 96.55
2025-06-27 00:58:58,644 [icarl.py] => Task 1, Epoch 176/200 => Loss 1.146, Loss_clf 0.162, Loss_kd 0.970, Loss_kernel 0.014, Train_accy 95.89, Test_accy {'Art': 48.61, 'Clipart': 62.14, 'Real World': 60.99, 'Product': 52.73}
2025-06-27 00:59:09,806 [icarl.py] => Task 1, Epoch 177/200 => Loss 1.152, Loss_clf 0.154, Loss_kd 0.985, Loss_kernel 0.013, Train_accy 96.45
2025-06-27 00:59:20,991 [icarl.py] => Task 1, Epoch 178/200 => Loss 1.120, Loss_clf 0.129, Loss_kd 0.977, Loss_kernel 0.014, Train_accy 97.06
2025-06-27 00:59:32,428 [icarl.py] => Task 1, Epoch 179/200 => Loss 1.159, Loss_clf 0.156, Loss_kd 0.989, Loss_kernel 0.014, Train_accy 96.20
2025-06-27 00:59:43,729 [icarl.py] => Task 1, Epoch 180/200 => Loss 1.137, Loss_clf 0.146, Loss_kd 0.978, Loss_kernel 0.013, Train_accy 96.39
2025-06-27 00:59:59,943 [icarl.py] => Task 1, Epoch 181/200 => Loss 1.086, Loss_clf 0.124, Loss_kd 0.949, Loss_kernel 0.013, Train_accy 97.27, Test_accy {'Art': 48.61, 'Clipart': 67.14, 'Real World': 63.12, 'Product': 53.94}
2025-06-27 01:00:11,616 [icarl.py] => Task 1, Epoch 182/200 => Loss 1.119, Loss_clf 0.141, Loss_kd 0.965, Loss_kernel 0.013, Train_accy 96.61
2025-06-27 01:00:23,339 [icarl.py] => Task 1, Epoch 183/200 => Loss 1.111, Loss_clf 0.134, Loss_kd 0.965, Loss_kernel 0.013, Train_accy 97.12
2025-06-27 01:00:34,593 [icarl.py] => Task 1, Epoch 184/200 => Loss 1.121, Loss_clf 0.136, Loss_kd 0.972, Loss_kernel 0.013, Train_accy 96.66
2025-06-27 01:00:46,455 [icarl.py] => Task 1, Epoch 185/200 => Loss 1.116, Loss_clf 0.142, Loss_kd 0.960, Loss_kernel 0.013, Train_accy 96.61
2025-06-27 01:01:02,593 [icarl.py] => Task 1, Epoch 186/200 => Loss 1.108, Loss_clf 0.133, Loss_kd 0.962, Loss_kernel 0.013, Train_accy 96.74, Test_accy {'Art': 48.61, 'Clipart': 63.57, 'Real World': 63.83, 'Product': 50.3}
2025-06-27 01:01:14,451 [icarl.py] => Task 1, Epoch 187/200 => Loss 1.117, Loss_clf 0.140, Loss_kd 0.963, Loss_kernel 0.013, Train_accy 96.40
2025-06-27 01:01:25,545 [icarl.py] => Task 1, Epoch 188/200 => Loss 1.126, Loss_clf 0.144, Loss_kd 0.969, Loss_kernel 0.013, Train_accy 96.61
2025-06-27 01:01:36,884 [icarl.py] => Task 1, Epoch 189/200 => Loss 1.120, Loss_clf 0.137, Loss_kd 0.971, Loss_kernel 0.013, Train_accy 96.77
2025-06-27 01:01:48,694 [icarl.py] => Task 1, Epoch 190/200 => Loss 1.104, Loss_clf 0.128, Loss_kd 0.963, Loss_kernel 0.013, Train_accy 97.37
2025-06-27 01:02:04,418 [icarl.py] => Task 1, Epoch 191/200 => Loss 1.112, Loss_clf 0.127, Loss_kd 0.972, Loss_kernel 0.013, Train_accy 97.16, Test_accy {'Art': 52.78, 'Clipart': 64.29, 'Real World': 64.54, 'Product': 53.94}
2025-06-27 01:02:15,990 [icarl.py] => Task 1, Epoch 192/200 => Loss 1.121, Loss_clf 0.136, Loss_kd 0.972, Loss_kernel 0.013, Train_accy 96.55
2025-06-27 01:02:27,098 [icarl.py] => Task 1, Epoch 193/200 => Loss 1.111, Loss_clf 0.128, Loss_kd 0.970, Loss_kernel 0.013, Train_accy 97.52
2025-06-27 01:02:38,560 [icarl.py] => Task 1, Epoch 194/200 => Loss 1.100, Loss_clf 0.127, Loss_kd 0.960, Loss_kernel 0.013, Train_accy 97.07
2025-06-27 01:02:50,564 [icarl.py] => Task 1, Epoch 195/200 => Loss 1.130, Loss_clf 0.137, Loss_kd 0.979, Loss_kernel 0.013, Train_accy 96.86
2025-06-27 01:03:06,588 [icarl.py] => Task 1, Epoch 196/200 => Loss 1.122, Loss_clf 0.133, Loss_kd 0.976, Loss_kernel 0.013, Train_accy 97.01, Test_accy {'Art': 47.22, 'Clipart': 64.29, 'Real World': 61.7, 'Product': 52.12}
2025-06-27 01:03:17,551 [icarl.py] => Task 1, Epoch 197/200 => Loss 1.118, Loss_clf 0.132, Loss_kd 0.973, Loss_kernel 0.013, Train_accy 97.26
2025-06-27 01:03:28,490 [icarl.py] => Task 1, Epoch 198/200 => Loss 1.097, Loss_clf 0.121, Loss_kd 0.963, Loss_kernel 0.013, Train_accy 97.42
2025-06-27 01:03:40,271 [icarl.py] => Task 1, Epoch 199/200 => Loss 1.124, Loss_clf 0.140, Loss_kd 0.971, Loss_kernel 0.013, Train_accy 96.60
2025-06-27 01:03:51,721 [icarl.py] => Task 1, Epoch 200/200 => Loss 1.119, Loss_clf 0.142, Loss_kd 0.964, Loss_kernel 0.013, Train_accy 96.60
2025-06-27 01:03:51,723 [base.py] => Reducing exemplars...(130 per classes)
2025-06-27 01:03:58,516 [base.py] => Constructing exemplars...(130 per classes)
2025-06-27 01:04:19,928 [icarl.py] => Exemplar size: 1300
2025-06-27 01:04:21,063 [trainer.py] => CNN [Art]: {'total': 52.78, '00-04': 65.79, '05-09': 38.24, 'old': 65.79, 'new': 38.24}
2025-06-27 01:04:21,063 [trainer.py] => NME [Art]: {'total': 61.11, '00-04': 71.05, '05-09': 50.0, 'old': 71.05, 'new': 50.0}
2025-06-27 01:04:21,063 [trainer.py] => CNN [Art] top1 curve: [63.16, 52.78]
2025-06-27 01:04:21,064 [trainer.py] => CNN [Art] top5 curve: [97.37, 83.33]
2025-06-27 01:04:21,064 [trainer.py] => NME [Art] top1 curve: [71.05, 61.11]
2025-06-27 01:04:21,064 [trainer.py] => NME [Art] top5 curve: [100.0, 86.11]
2025-06-27 01:04:21,064 [trainer.py] => Average Accuracy [Art] (CNN): 57.97
2025-06-27 01:04:21,064 [trainer.py] => Average Accuracy [Art] (NME): 66.08
2025-06-27 01:04:21,064 [trainer.py] => CNN [Clipart]: {'total': 64.29, '00-04': 73.08, '05-09': 53.23, 'old': 73.08, 'new': 53.23}
2025-06-27 01:04:21,064 [trainer.py] => NME [Clipart]: {'total': 67.14, '00-04': 70.51, '05-09': 62.9, 'old': 70.51, 'new': 62.9}
2025-06-27 01:04:21,064 [trainer.py] => CNN [Clipart] top1 curve: [70.51, 64.29]
2025-06-27 01:04:21,064 [trainer.py] => CNN [Clipart] top5 curve: [100.0, 91.43]
2025-06-27 01:04:21,065 [trainer.py] => NME [Clipart] top1 curve: [69.23, 67.14]
2025-06-27 01:04:21,065 [trainer.py] => NME [Clipart] top5 curve: [100.0, 92.14]
2025-06-27 01:04:21,065 [trainer.py] => Average Accuracy [Clipart] (CNN): 67.4
2025-06-27 01:04:21,065 [trainer.py] => Average Accuracy [Clipart] (NME): 68.185
2025-06-27 01:04:21,065 [trainer.py] => CNN [Product]: {'total': 53.33, '00-04': 70.59, '05-09': 35.0, 'old': 70.59, 'new': 35.0}
2025-06-27 01:04:21,065 [trainer.py] => NME [Product]: {'total': 56.97, '00-04': 63.53, '05-09': 50.0, 'old': 63.53, 'new': 50.0}
2025-06-27 01:04:21,065 [trainer.py] => CNN [Product] top1 curve: [70.59, 53.33]
2025-06-27 01:04:21,065 [trainer.py] => CNN [Product] top5 curve: [98.82, 87.27]
2025-06-27 01:04:21,065 [trainer.py] => NME [Product] top1 curve: [69.41, 56.97]
2025-06-27 01:04:21,066 [trainer.py] => NME [Product] top5 curve: [100.0, 94.55]
2025-06-27 01:04:21,066 [trainer.py] => Average Accuracy [Product] (CNN): 61.96
2025-06-27 01:04:21,066 [trainer.py] => Average Accuracy [Product] (NME): 63.19
2025-06-27 01:04:21,066 [trainer.py] => CNN [Real World]: {'total': 63.83, '00-04': 78.08, '05-09': 48.53, 'old': 78.08, 'new': 48.53}
2025-06-27 01:04:21,066 [trainer.py] => NME [Real World]: {'total': 60.28, '00-04': 67.12, '05-09': 52.94, 'old': 67.12, 'new': 52.94}
2025-06-27 01:04:21,066 [trainer.py] => CNN [Real World] top1 curve: [69.86, 63.83]
2025-06-27 01:04:21,066 [trainer.py] => CNN [Real World] top5 curve: [98.63, 92.2]
2025-06-27 01:04:21,066 [trainer.py] => NME [Real World] top1 curve: [71.23, 60.28]
2025-06-27 01:04:21,066 [trainer.py] => NME [Real World] top5 curve: [100.0, 94.33]
2025-06-27 01:04:21,067 [trainer.py] => Average Accuracy [Real World] (CNN): 66.845
2025-06-27 01:04:21,067 [trainer.py] => Average Accuracy [Real World] (NME): 65.755
2025-06-27 01:04:21,067 [trainer.py] => NME Harmonic Mean : 59.7627
2025-06-27 01:04:21,067 [trainer.py] => NME Macro Mean : 61.3750
2025-06-27 01:04:21,067 [trainer.py] => CNN Harmonic Mean : 56.6012
2025-06-27 01:04:21,067 [trainer.py] => CNN Macro Mean : 58.5575
2025-06-27 01:04:21,068 [trainer.py] => All params: 21294932
2025-06-27 01:04:21,069 [trainer.py] => Trainable params: 21294932
2025-06-27 01:04:21,070 [icarl.py] => Learning on 10-15
2025-06-27 01:04:41,866 [icarl.py] => Task 2, Epoch 1/200 => Loss 4.080, Loss_clf 2.349, Loss_kd 1.726, Loss_kernel 0.005, Train_accy 35.90, Test_accy {'Art': 23.85, 'Clipart': 30.58, 'Real World': 34.74, 'Product': 33.92}
2025-06-27 01:04:56,466 [icarl.py] => Task 2, Epoch 2/200 => Loss 3.666, Loss_clf 1.976, Loss_kd 1.685, Loss_kernel 0.005, Train_accy 39.38
2025-06-27 01:05:13,340 [icarl.py] => Task 2, Epoch 3/200 => Loss 3.503, Loss_clf 1.858, Loss_kd 1.640, Loss_kernel 0.005, Train_accy 42.79
2025-06-27 01:05:28,117 [icarl.py] => Task 2, Epoch 4/200 => Loss 3.371, Loss_clf 1.757, Loss_kd 1.609, Loss_kernel 0.005, Train_accy 45.02
2025-06-27 01:05:42,722 [icarl.py] => Task 2, Epoch 5/200 => Loss 3.224, Loss_clf 1.662, Loss_kd 1.557, Loss_kernel 0.005, Train_accy 47.96
2025-06-27 01:06:03,799 [icarl.py] => Task 2, Epoch 6/200 => Loss 3.166, Loss_clf 1.612, Loss_kd 1.549, Loss_kernel 0.005, Train_accy 49.81, Test_accy {'Art': 33.94, 'Clipart': 48.06, 'Real World': 44.13, 'Product': 45.37}
2025-06-27 01:06:18,279 [icarl.py] => Task 2, Epoch 7/200 => Loss 3.125, Loss_clf 1.579, Loss_kd 1.542, Loss_kernel 0.004, Train_accy 50.10
2025-06-27 01:06:33,250 [icarl.py] => Task 2, Epoch 8/200 => Loss 3.023, Loss_clf 1.501, Loss_kd 1.517, Loss_kernel 0.004, Train_accy 52.33
2025-06-27 01:06:50,219 [icarl.py] => Task 2, Epoch 9/200 => Loss 2.942, Loss_clf 1.434, Loss_kd 1.504, Loss_kernel 0.004, Train_accy 55.06
2025-06-27 01:07:04,931 [icarl.py] => Task 2, Epoch 10/200 => Loss 2.928, Loss_clf 1.429, Loss_kd 1.495, Loss_kernel 0.004, Train_accy 55.24
2025-06-27 01:07:25,484 [icarl.py] => Task 2, Epoch 11/200 => Loss 2.902, Loss_clf 1.413, Loss_kd 1.484, Loss_kernel 0.004, Train_accy 54.61, Test_accy {'Art': 30.28, 'Clipart': 46.12, 'Real World': 46.01, 'Product': 36.12}
2025-06-27 01:07:40,012 [icarl.py] => Task 2, Epoch 12/200 => Loss 2.865, Loss_clf 1.385, Loss_kd 1.476, Loss_kernel 0.004, Train_accy 56.29
2025-06-27 01:07:53,217 [icarl.py] => Task 2, Epoch 13/200 => Loss 2.788, Loss_clf 1.315, Loss_kd 1.468, Loss_kernel 0.004, Train_accy 59.09
2025-06-27 01:08:07,126 [icarl.py] => Task 2, Epoch 14/200 => Loss 2.798, Loss_clf 1.321, Loss_kd 1.472, Loss_kernel 0.004, Train_accy 58.94
2025-06-27 01:08:22,369 [icarl.py] => Task 2, Epoch 15/200 => Loss 2.673, Loss_clf 1.228, Loss_kd 1.441, Loss_kernel 0.004, Train_accy 61.87
2025-06-27 01:08:44,392 [icarl.py] => Task 2, Epoch 16/200 => Loss 2.686, Loss_clf 1.230, Loss_kd 1.452, Loss_kernel 0.004, Train_accy 60.83, Test_accy {'Art': 34.86, 'Clipart': 56.8, 'Real World': 52.11, 'Product': 51.54}
2025-06-27 01:08:59,519 [icarl.py] => Task 2, Epoch 17/200 => Loss 2.715, Loss_clf 1.243, Loss_kd 1.468, Loss_kernel 0.004, Train_accy 62.33
2025-06-27 01:09:13,054 [icarl.py] => Task 2, Epoch 18/200 => Loss 2.671, Loss_clf 1.217, Loss_kd 1.450, Loss_kernel 0.004, Train_accy 61.30
2025-06-27 01:09:26,912 [icarl.py] => Task 2, Epoch 19/200 => Loss 2.627, Loss_clf 1.195, Loss_kd 1.427, Loss_kernel 0.004, Train_accy 61.87
2025-06-27 01:09:42,051 [icarl.py] => Task 2, Epoch 20/200 => Loss 2.546, Loss_clf 1.120, Loss_kd 1.422, Loss_kernel 0.004, Train_accy 65.63
2025-06-27 01:10:02,459 [icarl.py] => Task 2, Epoch 21/200 => Loss 2.533, Loss_clf 1.104, Loss_kd 1.425, Loss_kernel 0.004, Train_accy 65.16, Test_accy {'Art': 33.94, 'Clipart': 54.85, 'Real World': 47.89, 'Product': 50.22}
2025-06-27 01:10:17,518 [icarl.py] => Task 2, Epoch 22/200 => Loss 2.459, Loss_clf 1.050, Loss_kd 1.404, Loss_kernel 0.004, Train_accy 66.76
2025-06-27 01:10:30,546 [icarl.py] => Task 2, Epoch 23/200 => Loss 2.455, Loss_clf 1.048, Loss_kd 1.403, Loss_kernel 0.004, Train_accy 67.13
2025-06-27 01:10:43,853 [icarl.py] => Task 2, Epoch 24/200 => Loss 2.486, Loss_clf 1.066, Loss_kd 1.415, Loss_kernel 0.004, Train_accy 66.93
2025-06-27 01:10:59,230 [icarl.py] => Task 2, Epoch 25/200 => Loss 2.451, Loss_clf 1.035, Loss_kd 1.412, Loss_kernel 0.004, Train_accy 67.71
2025-06-27 01:11:19,807 [icarl.py] => Task 2, Epoch 26/200 => Loss 2.390, Loss_clf 0.984, Loss_kd 1.402, Loss_kernel 0.004, Train_accy 69.24, Test_accy {'Art': 40.37, 'Clipart': 57.77, 'Real World': 50.23, 'Product': 44.05}
2025-06-27 01:11:33,963 [icarl.py] => Task 2, Epoch 27/200 => Loss 2.448, Loss_clf 1.026, Loss_kd 1.417, Loss_kernel 0.004, Train_accy 68.82
2025-06-27 01:11:48,680 [icarl.py] => Task 2, Epoch 28/200 => Loss 2.392, Loss_clf 0.989, Loss_kd 1.398, Loss_kernel 0.004, Train_accy 69.20
2025-06-27 01:12:02,963 [icarl.py] => Task 2, Epoch 29/200 => Loss 2.394, Loss_clf 0.986, Loss_kd 1.404, Loss_kernel 0.004, Train_accy 68.56
2025-06-27 01:12:18,237 [icarl.py] => Task 2, Epoch 30/200 => Loss 2.394, Loss_clf 0.985, Loss_kd 1.405, Loss_kernel 0.004, Train_accy 69.86
2025-06-27 01:12:37,161 [icarl.py] => Task 2, Epoch 31/200 => Loss 2.320, Loss_clf 0.925, Loss_kd 1.391, Loss_kernel 0.004, Train_accy 71.04, Test_accy {'Art': 40.37, 'Clipart': 53.88, 'Real World': 51.64, 'Product': 48.46}
2025-06-27 01:12:52,472 [icarl.py] => Task 2, Epoch 32/200 => Loss 2.387, Loss_clf 0.975, Loss_kd 1.408, Loss_kernel 0.004, Train_accy 69.90
2025-06-27 01:13:06,207 [icarl.py] => Task 2, Epoch 33/200 => Loss 2.330, Loss_clf 0.928, Loss_kd 1.398, Loss_kernel 0.004, Train_accy 71.61
2025-06-27 01:13:19,815 [icarl.py] => Task 2, Epoch 34/200 => Loss 2.320, Loss_clf 0.910, Loss_kd 1.406, Loss_kernel 0.004, Train_accy 72.26
2025-06-27 01:13:33,255 [icarl.py] => Task 2, Epoch 35/200 => Loss 2.304, Loss_clf 0.920, Loss_kd 1.380, Loss_kernel 0.004, Train_accy 72.04
2025-06-27 01:13:54,344 [icarl.py] => Task 2, Epoch 36/200 => Loss 2.282, Loss_clf 0.894, Loss_kd 1.384, Loss_kernel 0.004, Train_accy 72.33, Test_accy {'Art': 30.28, 'Clipart': 57.77, 'Real World': 46.48, 'Product': 47.58}
2025-06-27 01:14:08,739 [icarl.py] => Task 2, Epoch 37/200 => Loss 2.186, Loss_clf 0.808, Loss_kd 1.374, Loss_kernel 0.004, Train_accy 74.78
2025-06-27 01:14:21,705 [icarl.py] => Task 2, Epoch 38/200 => Loss 2.250, Loss_clf 0.860, Loss_kd 1.386, Loss_kernel 0.004, Train_accy 72.67
2025-06-27 01:14:36,400 [icarl.py] => Task 2, Epoch 39/200 => Loss 2.224, Loss_clf 0.847, Loss_kd 1.373, Loss_kernel 0.004, Train_accy 73.95
2025-06-27 01:14:50,155 [icarl.py] => Task 2, Epoch 40/200 => Loss 2.163, Loss_clf 0.787, Loss_kd 1.372, Loss_kernel 0.004, Train_accy 76.57
2025-06-27 01:15:11,022 [icarl.py] => Task 2, Epoch 41/200 => Loss 2.161, Loss_clf 0.785, Loss_kd 1.372, Loss_kernel 0.004, Train_accy 74.95, Test_accy {'Art': 39.45, 'Clipart': 63.59, 'Real World': 49.77, 'Product': 46.7}
2025-06-27 01:15:23,205 [icarl.py] => Task 2, Epoch 42/200 => Loss 2.150, Loss_clf 0.785, Loss_kd 1.362, Loss_kernel 0.004, Train_accy 75.80
2025-06-27 01:15:35,673 [icarl.py] => Task 2, Epoch 43/200 => Loss 2.115, Loss_clf 0.756, Loss_kd 1.355, Loss_kernel 0.004, Train_accy 76.59
2025-06-27 01:15:50,403 [icarl.py] => Task 2, Epoch 44/200 => Loss 2.166, Loss_clf 0.799, Loss_kd 1.363, Loss_kernel 0.004, Train_accy 74.96
2025-06-27 01:16:04,011 [icarl.py] => Task 2, Epoch 45/200 => Loss 2.010, Loss_clf 0.668, Loss_kd 1.338, Loss_kernel 0.004, Train_accy 79.56
2025-06-27 01:16:23,378 [icarl.py] => Task 2, Epoch 46/200 => Loss 2.077, Loss_clf 0.724, Loss_kd 1.350, Loss_kernel 0.004, Train_accy 77.86, Test_accy {'Art': 41.28, 'Clipart': 61.17, 'Real World': 54.46, 'Product': 48.9}
2025-06-27 01:16:36,708 [icarl.py] => Task 2, Epoch 47/200 => Loss 2.048, Loss_clf 0.706, Loss_kd 1.338, Loss_kernel 0.004, Train_accy 78.17
2025-06-27 01:16:49,984 [icarl.py] => Task 2, Epoch 48/200 => Loss 2.089, Loss_clf 0.729, Loss_kd 1.356, Loss_kernel 0.004, Train_accy 78.24
2025-06-27 01:17:04,953 [icarl.py] => Task 2, Epoch 49/200 => Loss 2.005, Loss_clf 0.654, Loss_kd 1.346, Loss_kernel 0.004, Train_accy 80.68
2025-06-27 01:17:16,729 [icarl.py] => Task 2, Epoch 50/200 => Loss 2.053, Loss_clf 0.708, Loss_kd 1.341, Loss_kernel 0.004, Train_accy 78.15
2025-06-27 01:17:36,614 [icarl.py] => Task 2, Epoch 51/200 => Loss 2.006, Loss_clf 0.660, Loss_kd 1.342, Loss_kernel 0.004, Train_accy 79.49, Test_accy {'Art': 44.95, 'Clipart': 63.11, 'Real World': 55.4, 'Product': 50.66}
2025-06-27 01:17:52,427 [icarl.py] => Task 2, Epoch 52/200 => Loss 2.031, Loss_clf 0.682, Loss_kd 1.345, Loss_kernel 0.004, Train_accy 79.68
2025-06-27 01:18:05,605 [icarl.py] => Task 2, Epoch 53/200 => Loss 1.968, Loss_clf 0.631, Loss_kd 1.333, Loss_kernel 0.004, Train_accy 80.76
2025-06-27 01:18:18,394 [icarl.py] => Task 2, Epoch 54/200 => Loss 2.036, Loss_clf 0.681, Loss_kd 1.351, Loss_kernel 0.004, Train_accy 79.03
2025-06-27 01:18:31,850 [icarl.py] => Task 2, Epoch 55/200 => Loss 2.006, Loss_clf 0.648, Loss_kd 1.353, Loss_kernel 0.004, Train_accy 79.70
2025-06-27 01:18:53,701 [icarl.py] => Task 2, Epoch 56/200 => Loss 1.912, Loss_clf 0.599, Loss_kd 1.309, Loss_kernel 0.004, Train_accy 81.78, Test_accy {'Art': 39.45, 'Clipart': 61.17, 'Real World': 47.42, 'Product': 52.86}
2025-06-27 01:19:07,846 [icarl.py] => Task 2, Epoch 57/200 => Loss 1.962, Loss_clf 0.637, Loss_kd 1.321, Loss_kernel 0.004, Train_accy 80.28
2025-06-27 01:19:20,622 [icarl.py] => Task 2, Epoch 58/200 => Loss 1.889, Loss_clf 0.576, Loss_kd 1.308, Loss_kernel 0.004, Train_accy 81.65
2025-06-27 01:19:34,997 [icarl.py] => Task 2, Epoch 59/200 => Loss 2.007, Loss_clf 0.654, Loss_kd 1.348, Loss_kernel 0.004, Train_accy 79.76
2025-06-27 01:19:48,968 [icarl.py] => Task 2, Epoch 60/200 => Loss 1.965, Loss_clf 0.625, Loss_kd 1.335, Loss_kernel 0.004, Train_accy 80.99
2025-06-27 01:20:08,924 [icarl.py] => Task 2, Epoch 61/200 => Loss 1.938, Loss_clf 0.621, Loss_kd 1.313, Loss_kernel 0.004, Train_accy 81.13, Test_accy {'Art': 42.2, 'Clipart': 61.65, 'Real World': 50.7, 'Product': 48.46}
2025-06-27 01:20:23,030 [icarl.py] => Task 2, Epoch 62/200 => Loss 1.913, Loss_clf 0.602, Loss_kd 1.308, Loss_kernel 0.004, Train_accy 82.67
2025-06-27 01:20:37,595 [icarl.py] => Task 2, Epoch 63/200 => Loss 1.906, Loss_clf 0.586, Loss_kd 1.316, Loss_kernel 0.004, Train_accy 82.42
2025-06-27 01:20:51,943 [icarl.py] => Task 2, Epoch 64/200 => Loss 1.886, Loss_clf 0.572, Loss_kd 1.311, Loss_kernel 0.004, Train_accy 82.99
2025-06-27 01:21:04,632 [icarl.py] => Task 2, Epoch 65/200 => Loss 1.827, Loss_clf 0.515, Loss_kd 1.308, Loss_kernel 0.004, Train_accy 83.96
2025-06-27 01:21:25,292 [icarl.py] => Task 2, Epoch 66/200 => Loss 1.863, Loss_clf 0.550, Loss_kd 1.309, Loss_kernel 0.004, Train_accy 82.83, Test_accy {'Art': 43.12, 'Clipart': 70.87, 'Real World': 58.22, 'Product': 51.1}
2025-06-27 01:21:36,638 [icarl.py] => Task 2, Epoch 67/200 => Loss 1.871, Loss_clf 0.550, Loss_kd 1.317, Loss_kernel 0.004, Train_accy 83.02
2025-06-27 01:21:49,603 [icarl.py] => Task 2, Epoch 68/200 => Loss 1.902, Loss_clf 0.582, Loss_kd 1.317, Loss_kernel 0.004, Train_accy 82.85
2025-06-27 01:22:03,956 [icarl.py] => Task 2, Epoch 69/200 => Loss 1.861, Loss_clf 0.535, Loss_kd 1.322, Loss_kernel 0.004, Train_accy 84.44
2025-06-27 01:22:16,615 [icarl.py] => Task 2, Epoch 70/200 => Loss 1.852, Loss_clf 0.536, Loss_kd 1.312, Loss_kernel 0.004, Train_accy 83.75
2025-06-27 01:22:36,251 [icarl.py] => Task 2, Epoch 71/200 => Loss 1.894, Loss_clf 0.568, Loss_kd 1.322, Loss_kernel 0.004, Train_accy 82.30, Test_accy {'Art': 39.45, 'Clipart': 66.5, 'Real World': 50.23, 'Product': 49.78}
2025-06-27 01:22:49,113 [icarl.py] => Task 2, Epoch 72/200 => Loss 1.797, Loss_clf 0.492, Loss_kd 1.302, Loss_kernel 0.004, Train_accy 85.56
2025-06-27 01:23:05,395 [icarl.py] => Task 2, Epoch 73/200 => Loss 1.846, Loss_clf 0.541, Loss_kd 1.301, Loss_kernel 0.004, Train_accy 83.18
2025-06-27 01:23:17,964 [icarl.py] => Task 2, Epoch 74/200 => Loss 1.802, Loss_clf 0.501, Loss_kd 1.297, Loss_kernel 0.004, Train_accy 85.57
2025-06-27 01:23:29,266 [icarl.py] => Task 2, Epoch 75/200 => Loss 1.805, Loss_clf 0.494, Loss_kd 1.307, Loss_kernel 0.004, Train_accy 85.42
2025-06-27 01:23:48,903 [icarl.py] => Task 2, Epoch 76/200 => Loss 1.758, Loss_clf 0.464, Loss_kd 1.289, Loss_kernel 0.004, Train_accy 85.54, Test_accy {'Art': 48.62, 'Clipart': 64.56, 'Real World': 54.93, 'Product': 53.74}
2025-06-27 01:24:01,847 [icarl.py] => Task 2, Epoch 77/200 => Loss 1.785, Loss_clf 0.484, Loss_kd 1.297, Loss_kernel 0.004, Train_accy 85.04
2025-06-27 01:24:14,083 [icarl.py] => Task 2, Epoch 78/200 => Loss 1.779, Loss_clf 0.466, Loss_kd 1.309, Loss_kernel 0.004, Train_accy 85.69
2025-06-27 01:24:29,237 [icarl.py] => Task 2, Epoch 79/200 => Loss 1.845, Loss_clf 0.535, Loss_kd 1.306, Loss_kernel 0.004, Train_accy 83.84
2025-06-27 01:24:42,132 [icarl.py] => Task 2, Epoch 80/200 => Loss 1.807, Loss_clf 0.496, Loss_kd 1.308, Loss_kernel 0.004, Train_accy 85.12
2025-06-27 01:25:02,182 [icarl.py] => Task 2, Epoch 81/200 => Loss 1.750, Loss_clf 0.446, Loss_kd 1.300, Loss_kernel 0.004, Train_accy 87.07, Test_accy {'Art': 41.28, 'Clipart': 68.45, 'Real World': 54.93, 'Product': 47.14}
2025-06-27 01:25:16,189 [icarl.py] => Task 2, Epoch 82/200 => Loss 1.773, Loss_clf 0.467, Loss_kd 1.302, Loss_kernel 0.004, Train_accy 85.92
2025-06-27 01:25:28,602 [icarl.py] => Task 2, Epoch 83/200 => Loss 1.729, Loss_clf 0.424, Loss_kd 1.301, Loss_kernel 0.004, Train_accy 86.64
2025-06-27 01:25:40,691 [icarl.py] => Task 2, Epoch 84/200 => Loss 1.760, Loss_clf 0.469, Loss_kd 1.287, Loss_kernel 0.004, Train_accy 86.03
2025-06-27 01:25:53,164 [icarl.py] => Task 2, Epoch 85/200 => Loss 1.740, Loss_clf 0.446, Loss_kd 1.290, Loss_kernel 0.004, Train_accy 87.58
2025-06-27 01:26:13,079 [icarl.py] => Task 2, Epoch 86/200 => Loss 1.754, Loss_clf 0.445, Loss_kd 1.306, Loss_kernel 0.004, Train_accy 87.08, Test_accy {'Art': 44.04, 'Clipart': 63.59, 'Real World': 51.17, 'Product': 51.1}
2025-06-27 01:26:26,748 [icarl.py] => Task 2, Epoch 87/200 => Loss 1.721, Loss_clf 0.431, Loss_kd 1.286, Loss_kernel 0.004, Train_accy 86.76
2025-06-27 01:26:38,918 [icarl.py] => Task 2, Epoch 88/200 => Loss 1.691, Loss_clf 0.405, Loss_kd 1.282, Loss_kernel 0.004, Train_accy 87.99
2025-06-27 01:26:51,509 [icarl.py] => Task 2, Epoch 89/200 => Loss 1.713, Loss_clf 0.418, Loss_kd 1.291, Loss_kernel 0.004, Train_accy 88.54
2025-06-27 01:27:03,606 [icarl.py] => Task 2, Epoch 90/200 => Loss 1.690, Loss_clf 0.411, Loss_kd 1.275, Loss_kernel 0.004, Train_accy 87.65
2025-06-27 01:27:23,322 [icarl.py] => Task 2, Epoch 91/200 => Loss 1.693, Loss_clf 0.414, Loss_kd 1.276, Loss_kernel 0.004, Train_accy 88.15, Test_accy {'Art': 43.12, 'Clipart': 73.79, 'Real World': 54.93, 'Product': 49.78}
2025-06-27 01:27:35,267 [icarl.py] => Task 2, Epoch 92/200 => Loss 1.679, Loss_clf 0.403, Loss_kd 1.272, Loss_kernel 0.004, Train_accy 88.27
2025-06-27 01:27:48,553 [icarl.py] => Task 2, Epoch 93/200 => Loss 1.638, Loss_clf 0.368, Loss_kd 1.266, Loss_kernel 0.004, Train_accy 88.88
2025-06-27 01:27:59,746 [icarl.py] => Task 2, Epoch 94/200 => Loss 1.665, Loss_clf 0.388, Loss_kd 1.273, Loss_kernel 0.004, Train_accy 87.79
2025-06-27 01:28:12,166 [icarl.py] => Task 2, Epoch 95/200 => Loss 1.661, Loss_clf 0.388, Loss_kd 1.270, Loss_kernel 0.004, Train_accy 88.16
2025-06-27 01:28:29,836 [icarl.py] => Task 2, Epoch 96/200 => Loss 1.675, Loss_clf 0.384, Loss_kd 1.286, Loss_kernel 0.004, Train_accy 88.23, Test_accy {'Art': 50.46, 'Clipart': 68.45, 'Real World': 58.22, 'Product': 52.42}
2025-06-27 01:28:42,029 [icarl.py] => Task 2, Epoch 97/200 => Loss 1.630, Loss_clf 0.362, Loss_kd 1.265, Loss_kernel 0.004, Train_accy 88.88
2025-06-27 01:28:53,126 [icarl.py] => Task 2, Epoch 98/200 => Loss 1.606, Loss_clf 0.339, Loss_kd 1.263, Loss_kernel 0.004, Train_accy 89.97
2025-06-27 01:29:05,201 [icarl.py] => Task 2, Epoch 99/200 => Loss 1.657, Loss_clf 0.377, Loss_kd 1.276, Loss_kernel 0.004, Train_accy 89.02
2025-06-27 01:29:20,079 [icarl.py] => Task 2, Epoch 100/200 => Loss 1.623, Loss_clf 0.354, Loss_kd 1.265, Loss_kernel 0.004, Train_accy 88.87
2025-06-27 01:29:38,851 [icarl.py] => Task 2, Epoch 101/200 => Loss 1.623, Loss_clf 0.357, Loss_kd 1.263, Loss_kernel 0.004, Train_accy 89.06, Test_accy {'Art': 44.95, 'Clipart': 69.9, 'Real World': 56.81, 'Product': 55.07}
2025-06-27 01:29:51,184 [icarl.py] => Task 2, Epoch 102/200 => Loss 1.576, Loss_clf 0.326, Loss_kd 1.247, Loss_kernel 0.004, Train_accy 90.86
2025-06-27 01:30:06,763 [icarl.py] => Task 2, Epoch 103/200 => Loss 1.619, Loss_clf 0.351, Loss_kd 1.265, Loss_kernel 0.004, Train_accy 89.73
2025-06-27 01:30:18,613 [icarl.py] => Task 2, Epoch 104/200 => Loss 1.614, Loss_clf 0.356, Loss_kd 1.254, Loss_kernel 0.004, Train_accy 89.90
2025-06-27 01:30:30,720 [icarl.py] => Task 2, Epoch 105/200 => Loss 1.631, Loss_clf 0.345, Loss_kd 1.281, Loss_kernel 0.004, Train_accy 90.31
2025-06-27 01:30:49,331 [icarl.py] => Task 2, Epoch 106/200 => Loss 1.570, Loss_clf 0.316, Loss_kd 1.251, Loss_kernel 0.004, Train_accy 90.94, Test_accy {'Art': 41.28, 'Clipart': 69.9, 'Real World': 54.93, 'Product': 50.22}
2025-06-27 01:31:01,088 [icarl.py] => Task 2, Epoch 107/200 => Loss 1.538, Loss_clf 0.293, Loss_kd 1.241, Loss_kernel 0.004, Train_accy 91.03
2025-06-27 01:31:12,389 [icarl.py] => Task 2, Epoch 108/200 => Loss 1.569, Loss_clf 0.317, Loss_kd 1.249, Loss_kernel 0.003, Train_accy 90.72
2025-06-27 01:31:25,654 [icarl.py] => Task 2, Epoch 109/200 => Loss 1.577, Loss_clf 0.303, Loss_kd 1.271, Loss_kernel 0.004, Train_accy 91.15
2025-06-27 01:31:38,308 [icarl.py] => Task 2, Epoch 110/200 => Loss 1.536, Loss_clf 0.290, Loss_kd 1.243, Loss_kernel 0.004, Train_accy 91.45
2025-06-27 01:31:56,515 [icarl.py] => Task 2, Epoch 111/200 => Loss 1.498, Loss_clf 0.260, Loss_kd 1.234, Loss_kernel 0.004, Train_accy 91.76, Test_accy {'Art': 44.04, 'Clipart': 67.48, 'Real World': 53.99, 'Product': 51.98}
2025-06-27 01:32:08,119 [icarl.py] => Task 2, Epoch 112/200 => Loss 1.518, Loss_clf 0.278, Loss_kd 1.236, Loss_kernel 0.004, Train_accy 92.34
2025-06-27 01:32:21,576 [icarl.py] => Task 2, Epoch 113/200 => Loss 1.539, Loss_clf 0.283, Loss_kd 1.253, Loss_kernel 0.004, Train_accy 92.29
2025-06-27 01:32:32,352 [icarl.py] => Task 2, Epoch 114/200 => Loss 1.516, Loss_clf 0.281, Loss_kd 1.231, Loss_kernel 0.003, Train_accy 92.38
2025-06-27 01:32:43,815 [icarl.py] => Task 2, Epoch 115/200 => Loss 1.499, Loss_clf 0.259, Loss_kd 1.237, Loss_kernel 0.004, Train_accy 92.70
2025-06-27 01:33:01,764 [icarl.py] => Task 2, Epoch 116/200 => Loss 1.478, Loss_clf 0.245, Loss_kd 1.230, Loss_kernel 0.003, Train_accy 93.25, Test_accy {'Art': 44.95, 'Clipart': 67.96, 'Real World': 53.05, 'Product': 52.42}
2025-06-27 01:33:14,061 [icarl.py] => Task 2, Epoch 117/200 => Loss 1.493, Loss_clf 0.252, Loss_kd 1.237, Loss_kernel 0.004, Train_accy 92.95
2025-06-27 01:33:26,000 [icarl.py] => Task 2, Epoch 118/200 => Loss 1.502, Loss_clf 0.270, Loss_kd 1.229, Loss_kernel 0.003, Train_accy 91.56
2025-06-27 01:33:39,047 [icarl.py] => Task 2, Epoch 119/200 => Loss 1.525, Loss_clf 0.287, Loss_kd 1.234, Loss_kernel 0.004, Train_accy 92.23
2025-06-27 01:33:50,400 [icarl.py] => Task 2, Epoch 120/200 => Loss 1.466, Loss_clf 0.247, Loss_kd 1.215, Loss_kernel 0.004, Train_accy 92.98
2025-06-27 01:34:08,017 [icarl.py] => Task 2, Epoch 121/200 => Loss 1.475, Loss_clf 0.256, Loss_kd 1.216, Loss_kernel 0.003, Train_accy 93.35, Test_accy {'Art': 47.71, 'Clipart': 63.59, 'Real World': 55.4, 'Product': 52.42}
2025-06-27 01:34:20,349 [icarl.py] => Task 2, Epoch 122/200 => Loss 1.461, Loss_clf 0.239, Loss_kd 1.218, Loss_kernel 0.004, Train_accy 93.34
2025-06-27 01:34:32,533 [icarl.py] => Task 2, Epoch 123/200 => Loss 1.484, Loss_clf 0.258, Loss_kd 1.222, Loss_kernel 0.003, Train_accy 92.31
2025-06-27 01:34:45,521 [icarl.py] => Task 2, Epoch 124/200 => Loss 1.490, Loss_clf 0.254, Loss_kd 1.232, Loss_kernel 0.003, Train_accy 93.04
2025-06-27 01:34:57,938 [icarl.py] => Task 2, Epoch 125/200 => Loss 1.462, Loss_clf 0.237, Loss_kd 1.222, Loss_kernel 0.004, Train_accy 92.88
2025-06-27 01:35:16,812 [icarl.py] => Task 2, Epoch 126/200 => Loss 1.456, Loss_clf 0.235, Loss_kd 1.217, Loss_kernel 0.003, Train_accy 93.51, Test_accy {'Art': 47.71, 'Clipart': 68.93, 'Real World': 57.28, 'Product': 55.51}
2025-06-27 01:35:26,839 [icarl.py] => Task 2, Epoch 127/200 => Loss 1.435, Loss_clf 0.207, Loss_kd 1.225, Loss_kernel 0.003, Train_accy 94.19
2025-06-27 01:35:38,127 [icarl.py] => Task 2, Epoch 128/200 => Loss 1.431, Loss_clf 0.216, Loss_kd 1.211, Loss_kernel 0.003, Train_accy 93.38
2025-06-27 01:35:50,882 [icarl.py] => Task 2, Epoch 129/200 => Loss 1.443, Loss_clf 0.232, Loss_kd 1.207, Loss_kernel 0.003, Train_accy 93.33
2025-06-27 01:36:01,384 [icarl.py] => Task 2, Epoch 130/200 => Loss 1.420, Loss_clf 0.206, Loss_kd 1.211, Loss_kernel 0.003, Train_accy 94.10
2025-06-27 01:36:19,004 [icarl.py] => Task 2, Epoch 131/200 => Loss 1.423, Loss_clf 0.213, Loss_kd 1.206, Loss_kernel 0.003, Train_accy 93.93, Test_accy {'Art': 48.62, 'Clipart': 64.08, 'Real World': 57.28, 'Product': 53.3}
2025-06-27 01:36:30,702 [icarl.py] => Task 2, Epoch 132/200 => Loss 1.406, Loss_clf 0.186, Loss_kd 1.216, Loss_kernel 0.003, Train_accy 94.63
2025-06-27 01:36:41,764 [icarl.py] => Task 2, Epoch 133/200 => Loss 1.422, Loss_clf 0.205, Loss_kd 1.213, Loss_kernel 0.003, Train_accy 94.72
2025-06-27 01:36:53,319 [icarl.py] => Task 2, Epoch 134/200 => Loss 1.422, Loss_clf 0.201, Loss_kd 1.219, Loss_kernel 0.003, Train_accy 94.38
2025-06-27 01:37:04,236 [icarl.py] => Task 2, Epoch 135/200 => Loss 1.410, Loss_clf 0.196, Loss_kd 1.210, Loss_kernel 0.003, Train_accy 94.61
2025-06-27 01:37:21,842 [icarl.py] => Task 2, Epoch 136/200 => Loss 1.409, Loss_clf 0.198, Loss_kd 1.208, Loss_kernel 0.003, Train_accy 94.40, Test_accy {'Art': 47.71, 'Clipart': 67.96, 'Real World': 53.99, 'Product': 56.39}
2025-06-27 01:37:33,299 [icarl.py] => Task 2, Epoch 137/200 => Loss 1.406, Loss_clf 0.193, Loss_kd 1.210, Loss_kernel 0.003, Train_accy 94.88
2025-06-27 01:37:44,462 [icarl.py] => Task 2, Epoch 138/200 => Loss 1.419, Loss_clf 0.204, Loss_kd 1.211, Loss_kernel 0.003, Train_accy 94.31
2025-06-27 01:37:55,383 [icarl.py] => Task 2, Epoch 139/200 => Loss 1.389, Loss_clf 0.180, Loss_kd 1.205, Loss_kernel 0.003, Train_accy 95.01
2025-06-27 01:38:06,484 [icarl.py] => Task 2, Epoch 140/200 => Loss 1.392, Loss_clf 0.199, Loss_kd 1.191, Loss_kernel 0.003, Train_accy 94.72
2025-06-27 01:38:23,926 [icarl.py] => Task 2, Epoch 141/200 => Loss 1.385, Loss_clf 0.189, Loss_kd 1.192, Loss_kernel 0.003, Train_accy 94.36, Test_accy {'Art': 46.79, 'Clipart': 70.39, 'Real World': 54.93, 'Product': 53.74}
2025-06-27 01:38:35,841 [icarl.py] => Task 2, Epoch 142/200 => Loss 1.383, Loss_clf 0.189, Loss_kd 1.191, Loss_kernel 0.003, Train_accy 94.79
2025-06-27 01:38:47,969 [icarl.py] => Task 2, Epoch 143/200 => Loss 1.391, Loss_clf 0.188, Loss_kd 1.200, Loss_kernel 0.003, Train_accy 94.54
2025-06-27 01:38:59,300 [icarl.py] => Task 2, Epoch 144/200 => Loss 1.392, Loss_clf 0.189, Loss_kd 1.201, Loss_kernel 0.003, Train_accy 94.53
2025-06-27 01:39:11,092 [icarl.py] => Task 2, Epoch 145/200 => Loss 1.371, Loss_clf 0.169, Loss_kd 1.198, Loss_kernel 0.003, Train_accy 95.81
2025-06-27 01:39:28,411 [icarl.py] => Task 2, Epoch 146/200 => Loss 1.382, Loss_clf 0.175, Loss_kd 1.204, Loss_kernel 0.003, Train_accy 94.93, Test_accy {'Art': 47.71, 'Clipart': 68.93, 'Real World': 54.46, 'Product': 53.74}
2025-06-27 01:39:39,538 [icarl.py] => Task 2, Epoch 147/200 => Loss 1.376, Loss_clf 0.177, Loss_kd 1.196, Loss_kernel 0.003, Train_accy 95.06
2025-06-27 01:39:50,764 [icarl.py] => Task 2, Epoch 148/200 => Loss 1.373, Loss_clf 0.164, Loss_kd 1.206, Loss_kernel 0.003, Train_accy 95.62
2025-06-27 01:40:01,136 [icarl.py] => Task 2, Epoch 149/200 => Loss 1.352, Loss_clf 0.162, Loss_kd 1.187, Loss_kernel 0.003, Train_accy 95.27
2025-06-27 01:40:12,135 [icarl.py] => Task 2, Epoch 150/200 => Loss 1.370, Loss_clf 0.168, Loss_kd 1.199, Loss_kernel 0.003, Train_accy 94.96
2025-06-27 01:40:31,084 [icarl.py] => Task 2, Epoch 151/200 => Loss 1.355, Loss_clf 0.159, Loss_kd 1.192, Loss_kernel 0.003, Train_accy 95.87, Test_accy {'Art': 49.54, 'Clipart': 68.93, 'Real World': 55.87, 'Product': 55.95}
2025-06-27 01:40:41,607 [icarl.py] => Task 2, Epoch 152/200 => Loss 1.357, Loss_clf 0.160, Loss_kd 1.194, Loss_kernel 0.003, Train_accy 95.64
2025-06-27 01:40:52,506 [icarl.py] => Task 2, Epoch 153/200 => Loss 1.368, Loss_clf 0.171, Loss_kd 1.193, Loss_kernel 0.003, Train_accy 95.56
2025-06-27 01:41:03,542 [icarl.py] => Task 2, Epoch 154/200 => Loss 1.336, Loss_clf 0.137, Loss_kd 1.196, Loss_kernel 0.003, Train_accy 96.34
2025-06-27 01:41:15,054 [icarl.py] => Task 2, Epoch 155/200 => Loss 1.370, Loss_clf 0.166, Loss_kd 1.201, Loss_kernel 0.003, Train_accy 95.48
2025-06-27 01:41:34,126 [icarl.py] => Task 2, Epoch 156/200 => Loss 1.377, Loss_clf 0.166, Loss_kd 1.208, Loss_kernel 0.003, Train_accy 95.25, Test_accy {'Art': 45.87, 'Clipart': 68.93, 'Real World': 55.87, 'Product': 56.39}
2025-06-27 01:41:45,526 [icarl.py] => Task 2, Epoch 157/200 => Loss 1.337, Loss_clf 0.143, Loss_kd 1.191, Loss_kernel 0.003, Train_accy 96.51
2025-06-27 01:41:56,150 [icarl.py] => Task 2, Epoch 158/200 => Loss 1.332, Loss_clf 0.143, Loss_kd 1.185, Loss_kernel 0.003, Train_accy 96.06
2025-06-27 01:42:06,963 [icarl.py] => Task 2, Epoch 159/200 => Loss 1.343, Loss_clf 0.146, Loss_kd 1.194, Loss_kernel 0.003, Train_accy 96.51
2025-06-27 01:42:18,215 [icarl.py] => Task 2, Epoch 160/200 => Loss 1.366, Loss_clf 0.147, Loss_kd 1.216, Loss_kernel 0.003, Train_accy 96.37
2025-06-27 01:42:35,151 [icarl.py] => Task 2, Epoch 161/200 => Loss 1.310, Loss_clf 0.127, Loss_kd 1.180, Loss_kernel 0.003, Train_accy 96.80, Test_accy {'Art': 47.71, 'Clipart': 70.87, 'Real World': 54.93, 'Product': 56.83}
2025-06-27 01:42:45,619 [icarl.py] => Task 2, Epoch 162/200 => Loss 1.330, Loss_clf 0.145, Loss_kd 1.182, Loss_kernel 0.003, Train_accy 96.26
2025-06-27 01:42:57,509 [icarl.py] => Task 2, Epoch 163/200 => Loss 1.348, Loss_clf 0.155, Loss_kd 1.190, Loss_kernel 0.003, Train_accy 96.17
2025-06-27 01:43:07,441 [icarl.py] => Task 2, Epoch 164/200 => Loss 1.311, Loss_clf 0.124, Loss_kd 1.184, Loss_kernel 0.003, Train_accy 97.44
2025-06-27 01:43:19,398 [icarl.py] => Task 2, Epoch 165/200 => Loss 1.341, Loss_clf 0.150, Loss_kd 1.188, Loss_kernel 0.003, Train_accy 96.38
2025-06-27 01:43:36,488 [icarl.py] => Task 2, Epoch 166/200 => Loss 1.316, Loss_clf 0.136, Loss_kd 1.177, Loss_kernel 0.003, Train_accy 96.55, Test_accy {'Art': 54.13, 'Clipart': 69.42, 'Real World': 54.93, 'Product': 52.86}
2025-06-27 01:43:47,234 [icarl.py] => Task 2, Epoch 167/200 => Loss 1.314, Loss_clf 0.124, Loss_kd 1.187, Loss_kernel 0.003, Train_accy 97.00
2025-06-27 01:43:57,290 [icarl.py] => Task 2, Epoch 168/200 => Loss 1.307, Loss_clf 0.128, Loss_kd 1.177, Loss_kernel 0.003, Train_accy 96.74
2025-06-27 01:44:08,230 [icarl.py] => Task 2, Epoch 169/200 => Loss 1.333, Loss_clf 0.140, Loss_kd 1.190, Loss_kernel 0.003, Train_accy 96.90
2025-06-27 01:44:19,879 [icarl.py] => Task 2, Epoch 170/200 => Loss 1.311, Loss_clf 0.127, Loss_kd 1.181, Loss_kernel 0.003, Train_accy 96.76
2025-06-27 01:44:37,193 [icarl.py] => Task 2, Epoch 171/200 => Loss 1.313, Loss_clf 0.127, Loss_kd 1.183, Loss_kernel 0.003, Train_accy 96.59, Test_accy {'Art': 48.62, 'Clipart': 69.42, 'Real World': 53.99, 'Product': 54.63}
2025-06-27 01:44:47,872 [icarl.py] => Task 2, Epoch 172/200 => Loss 1.311, Loss_clf 0.124, Loss_kd 1.184, Loss_kernel 0.003, Train_accy 96.94
2025-06-27 01:44:58,119 [icarl.py] => Task 2, Epoch 173/200 => Loss 1.314, Loss_clf 0.139, Loss_kd 1.173, Loss_kernel 0.003, Train_accy 96.30
2025-06-27 01:45:08,231 [icarl.py] => Task 2, Epoch 174/200 => Loss 1.296, Loss_clf 0.110, Loss_kd 1.183, Loss_kernel 0.003, Train_accy 97.24
2025-06-27 01:45:19,789 [icarl.py] => Task 2, Epoch 175/200 => Loss 1.330, Loss_clf 0.129, Loss_kd 1.198, Loss_kernel 0.003, Train_accy 97.11
2025-06-27 01:45:37,791 [icarl.py] => Task 2, Epoch 176/200 => Loss 1.306, Loss_clf 0.128, Loss_kd 1.175, Loss_kernel 0.003, Train_accy 96.72, Test_accy {'Art': 50.46, 'Clipart': 68.45, 'Real World': 55.87, 'Product': 52.42}
2025-06-27 01:45:48,511 [icarl.py] => Task 2, Epoch 177/200 => Loss 1.301, Loss_clf 0.124, Loss_kd 1.173, Loss_kernel 0.003, Train_accy 97.16
2025-06-27 01:45:58,550 [icarl.py] => Task 2, Epoch 178/200 => Loss 1.318, Loss_clf 0.123, Loss_kd 1.192, Loss_kernel 0.003, Train_accy 96.95
2025-06-27 01:46:09,004 [icarl.py] => Task 2, Epoch 179/200 => Loss 1.326, Loss_clf 0.128, Loss_kd 1.195, Loss_kernel 0.003, Train_accy 96.75
2025-06-27 01:46:19,340 [icarl.py] => Task 2, Epoch 180/200 => Loss 1.303, Loss_clf 0.120, Loss_kd 1.180, Loss_kernel 0.003, Train_accy 97.55
2025-06-27 01:46:36,644 [icarl.py] => Task 2, Epoch 181/200 => Loss 1.324, Loss_clf 0.130, Loss_kd 1.191, Loss_kernel 0.003, Train_accy 96.71, Test_accy {'Art': 52.29, 'Clipart': 68.93, 'Real World': 54.46, 'Product': 53.74}
2025-06-27 01:46:46,930 [icarl.py] => Task 2, Epoch 182/200 => Loss 1.303, Loss_clf 0.135, Loss_kd 1.165, Loss_kernel 0.003, Train_accy 96.55
2025-06-27 01:46:57,769 [icarl.py] => Task 2, Epoch 183/200 => Loss 1.311, Loss_clf 0.131, Loss_kd 1.177, Loss_kernel 0.003, Train_accy 96.36
2025-06-27 01:47:08,435 [icarl.py] => Task 2, Epoch 184/200 => Loss 1.290, Loss_clf 0.113, Loss_kd 1.174, Loss_kernel 0.003, Train_accy 97.35
2025-06-27 01:47:18,502 [icarl.py] => Task 2, Epoch 185/200 => Loss 1.287, Loss_clf 0.112, Loss_kd 1.172, Loss_kernel 0.003, Train_accy 97.20
2025-06-27 01:47:35,167 [icarl.py] => Task 2, Epoch 186/200 => Loss 1.317, Loss_clf 0.129, Loss_kd 1.184, Loss_kernel 0.003, Train_accy 96.66, Test_accy {'Art': 51.38, 'Clipart': 68.93, 'Real World': 55.87, 'Product': 52.86}
2025-06-27 01:47:45,415 [icarl.py] => Task 2, Epoch 187/200 => Loss 1.292, Loss_clf 0.110, Loss_kd 1.179, Loss_kernel 0.003, Train_accy 97.45
2025-06-27 01:47:55,476 [icarl.py] => Task 2, Epoch 188/200 => Loss 1.300, Loss_clf 0.123, Loss_kd 1.175, Loss_kernel 0.003, Train_accy 96.99
2025-06-27 01:48:06,497 [icarl.py] => Task 2, Epoch 189/200 => Loss 1.298, Loss_clf 0.127, Loss_kd 1.168, Loss_kernel 0.003, Train_accy 96.90
2025-06-27 01:48:17,013 [icarl.py] => Task 2, Epoch 190/200 => Loss 1.289, Loss_clf 0.113, Loss_kd 1.173, Loss_kernel 0.003, Train_accy 97.25
2025-06-27 01:48:33,023 [icarl.py] => Task 2, Epoch 191/200 => Loss 1.279, Loss_clf 0.103, Loss_kd 1.173, Loss_kernel 0.003, Train_accy 97.79, Test_accy {'Art': 48.62, 'Clipart': 69.9, 'Real World': 55.4, 'Product': 54.19}
2025-06-27 01:48:42,544 [icarl.py] => Task 2, Epoch 192/200 => Loss 1.300, Loss_clf 0.115, Loss_kd 1.181, Loss_kernel 0.003, Train_accy 97.29
2025-06-27 01:48:52,485 [icarl.py] => Task 2, Epoch 193/200 => Loss 1.278, Loss_clf 0.110, Loss_kd 1.165, Loss_kernel 0.003, Train_accy 97.44
2025-06-27 01:49:02,231 [icarl.py] => Task 2, Epoch 194/200 => Loss 1.302, Loss_clf 0.113, Loss_kd 1.187, Loss_kernel 0.003, Train_accy 97.09
2025-06-27 01:49:12,767 [icarl.py] => Task 2, Epoch 195/200 => Loss 1.284, Loss_clf 0.118, Loss_kd 1.164, Loss_kernel 0.003, Train_accy 97.14
2025-06-27 01:49:29,085 [icarl.py] => Task 2, Epoch 196/200 => Loss 1.287, Loss_clf 0.106, Loss_kd 1.178, Loss_kernel 0.003, Train_accy 97.59, Test_accy {'Art': 51.38, 'Clipart': 68.93, 'Real World': 53.99, 'Product': 53.3}
2025-06-27 01:49:39,303 [icarl.py] => Task 2, Epoch 197/200 => Loss 1.276, Loss_clf 0.107, Loss_kd 1.167, Loss_kernel 0.003, Train_accy 97.34
2025-06-27 01:49:49,023 [icarl.py] => Task 2, Epoch 198/200 => Loss 1.267, Loss_clf 0.094, Loss_kd 1.170, Loss_kernel 0.003, Train_accy 97.93
2025-06-27 01:49:59,907 [icarl.py] => Task 2, Epoch 199/200 => Loss 1.305, Loss_clf 0.121, Loss_kd 1.181, Loss_kernel 0.003, Train_accy 97.20
2025-06-27 01:50:10,834 [icarl.py] => Task 2, Epoch 200/200 => Loss 1.279, Loss_clf 0.107, Loss_kd 1.169, Loss_kernel 0.003, Train_accy 97.26
2025-06-27 01:50:10,835 [base.py] => Reducing exemplars...(86 per classes)
2025-06-27 01:50:22,276 [base.py] => Constructing exemplars...(86 per classes)
2025-06-27 01:50:48,341 [icarl.py] => Exemplar size: 1290
2025-06-27 01:50:49,432 [trainer.py] => CNN [Art]: {'total': 50.46, '00-04': 65.79, '05-09': 47.06, '10-14': 37.84, 'old': 56.94, 'new': 37.84}
2025-06-27 01:50:49,433 [trainer.py] => NME [Art]: {'total': 51.38, '00-04': 57.89, '05-09': 52.94, '10-14': 43.24, 'old': 55.56, 'new': 43.24}
2025-06-27 01:50:49,433 [trainer.py] => CNN [Art] top1 curve: [63.16, 52.78, 50.46]
2025-06-27 01:50:49,433 [trainer.py] => CNN [Art] top5 curve: [97.37, 83.33, 73.39]
2025-06-27 01:50:49,433 [trainer.py] => NME [Art] top1 curve: [71.05, 61.11, 51.38]
2025-06-27 01:50:49,433 [trainer.py] => NME [Art] top5 curve: [100.0, 86.11, 77.06]
2025-06-27 01:50:49,434 [trainer.py] => Average Accuracy [Art] (CNN): 55.46666666666667
2025-06-27 01:50:49,434 [trainer.py] => Average Accuracy [Art] (NME): 61.18
2025-06-27 01:50:49,434 [trainer.py] => CNN [Clipart]: {'total': 68.93, '00-04': 70.51, '05-09': 69.35, '10-14': 66.67, 'old': 70.0, 'new': 66.67}
2025-06-27 01:50:49,434 [trainer.py] => NME [Clipart]: {'total': 72.33, '00-04': 73.08, '05-09': 74.19, '10-14': 69.7, 'old': 73.57, 'new': 69.7}
2025-06-27 01:50:49,434 [trainer.py] => CNN [Clipart] top1 curve: [70.51, 64.29, 68.93]
2025-06-27 01:50:49,434 [trainer.py] => CNN [Clipart] top5 curve: [100.0, 91.43, 87.86]
2025-06-27 01:50:49,434 [trainer.py] => NME [Clipart] top1 curve: [69.23, 67.14, 72.33]
2025-06-27 01:50:49,434 [trainer.py] => NME [Clipart] top5 curve: [100.0, 92.14, 88.83]
2025-06-27 01:50:49,434 [trainer.py] => Average Accuracy [Clipart] (CNN): 67.91000000000001
2025-06-27 01:50:49,435 [trainer.py] => Average Accuracy [Clipart] (NME): 69.56666666666666
2025-06-27 01:50:49,435 [trainer.py] => CNN [Product]: {'total': 53.3, '00-04': 65.88, '05-09': 42.5, '10-14': 50.0, 'old': 54.55, 'new': 50.0}
2025-06-27 01:50:49,435 [trainer.py] => NME [Product]: {'total': 55.07, '00-04': 56.47, '05-09': 51.25, '10-14': 58.06, 'old': 53.94, 'new': 58.06}
2025-06-27 01:50:49,435 [trainer.py] => CNN [Product] top1 curve: [70.59, 53.33, 53.3]
2025-06-27 01:50:49,435 [trainer.py] => CNN [Product] top5 curve: [98.82, 87.27, 83.26]
2025-06-27 01:50:49,435 [trainer.py] => NME [Product] top1 curve: [69.41, 56.97, 55.07]
2025-06-27 01:50:49,435 [trainer.py] => NME [Product] top5 curve: [100.0, 94.55, 88.55]
2025-06-27 01:50:49,435 [trainer.py] => Average Accuracy [Product] (CNN): 59.07333333333333
2025-06-27 01:50:49,436 [trainer.py] => Average Accuracy [Product] (NME): 60.48333333333333
2025-06-27 01:50:49,436 [trainer.py] => CNN [Real World]: {'total': 55.4, '00-04': 68.49, '05-09': 61.76, '10-14': 36.11, 'old': 65.25, 'new': 36.11}
2025-06-27 01:50:49,436 [trainer.py] => NME [Real World]: {'total': 56.81, '00-04': 64.38, '05-09': 64.71, '10-14': 41.67, 'old': 64.54, 'new': 41.67}
2025-06-27 01:50:49,436 [trainer.py] => CNN [Real World] top1 curve: [69.86, 63.83, 55.4]
2025-06-27 01:50:49,436 [trainer.py] => CNN [Real World] top5 curve: [98.63, 92.2, 81.69]
2025-06-27 01:50:49,436 [trainer.py] => NME [Real World] top1 curve: [71.23, 60.28, 56.81]
2025-06-27 01:50:49,436 [trainer.py] => NME [Real World] top5 curve: [100.0, 94.33, 87.32]
2025-06-27 01:50:49,436 [trainer.py] => Average Accuracy [Real World] (CNN): 63.03
2025-06-27 01:50:49,437 [trainer.py] => Average Accuracy [Real World] (NME): 62.77333333333333
2025-06-27 01:50:49,437 [trainer.py] => NME Harmonic Mean : 57.5087
2025-06-27 01:50:49,437 [trainer.py] => NME Macro Mean : 58.8975
2025-06-27 01:50:49,437 [trainer.py] => CNN Harmonic Mean : 55.6713
2025-06-27 01:50:49,437 [trainer.py] => CNN Macro Mean : 57.0225
2025-06-27 01:50:49,438 [trainer.py] => All params: 21297497
2025-06-27 01:50:49,439 [trainer.py] => Trainable params: 21297497
2025-06-27 01:50:49,440 [icarl.py] => Learning on 15-20
2025-06-27 01:51:10,839 [icarl.py] => Task 3, Epoch 1/200 => Loss 4.512, Loss_clf 2.460, Loss_kd 2.048, Loss_kernel 0.004, Train_accy 36.45, Test_accy {'Art': 20.59, 'Clipart': 30.12, 'Real World': 25.71, 'Product': 25.33}
2025-06-27 01:51:24,516 [icarl.py] => Task 3, Epoch 2/200 => Loss 4.372, Loss_clf 2.208, Loss_kd 2.159, Loss_kernel 0.005, Train_accy 34.60
2025-06-27 01:51:38,486 [icarl.py] => Task 3, Epoch 3/200 => Loss 3.993, Loss_clf 1.932, Loss_kd 2.056, Loss_kernel 0.005, Train_accy 42.02
2025-06-27 01:51:52,143 [icarl.py] => Task 3, Epoch 4/200 => Loss 3.722, Loss_clf 1.754, Loss_kd 1.964, Loss_kernel 0.004, Train_accy 46.80
2025-06-27 01:52:06,393 [icarl.py] => Task 3, Epoch 5/200 => Loss 3.662, Loss_clf 1.718, Loss_kd 1.940, Loss_kernel 0.004, Train_accy 46.31
2025-06-27 01:52:26,567 [icarl.py] => Task 3, Epoch 6/200 => Loss 3.585, Loss_clf 1.662, Loss_kd 1.919, Loss_kernel 0.004, Train_accy 49.19, Test_accy {'Art': 36.03, 'Clipart': 50.97, 'Real World': 44.64, 'Product': 42.11}
2025-06-27 01:52:41,025 [icarl.py] => Task 3, Epoch 7/200 => Loss 3.520, Loss_clf 1.590, Loss_kd 1.926, Loss_kernel 0.004, Train_accy 51.18
2025-06-27 01:52:54,771 [icarl.py] => Task 3, Epoch 8/200 => Loss 3.367, Loss_clf 1.505, Loss_kd 1.857, Loss_kernel 0.004, Train_accy 54.57
2025-06-27 01:53:08,978 [icarl.py] => Task 3, Epoch 9/200 => Loss 3.326, Loss_clf 1.463, Loss_kd 1.859, Loss_kernel 0.004, Train_accy 53.71
2025-06-27 01:53:22,685 [icarl.py] => Task 3, Epoch 10/200 => Loss 3.186, Loss_clf 1.366, Loss_kd 1.817, Loss_kernel 0.004, Train_accy 57.48
2025-06-27 01:53:44,900 [icarl.py] => Task 3, Epoch 11/200 => Loss 3.138, Loss_clf 1.334, Loss_kd 1.800, Loss_kernel 0.004, Train_accy 57.88, Test_accy {'Art': 30.15, 'Clipart': 53.28, 'Real World': 37.5, 'Product': 36.84}
2025-06-27 01:53:58,193 [icarl.py] => Task 3, Epoch 12/200 => Loss 3.063, Loss_clf 1.280, Loss_kd 1.780, Loss_kernel 0.004, Train_accy 61.01
2025-06-27 01:54:11,791 [icarl.py] => Task 3, Epoch 13/200 => Loss 2.995, Loss_clf 1.226, Loss_kd 1.765, Loss_kernel 0.004, Train_accy 61.29
2025-06-27 01:54:26,160 [icarl.py] => Task 3, Epoch 14/200 => Loss 2.951, Loss_clf 1.185, Loss_kd 1.762, Loss_kernel 0.004, Train_accy 64.96
2025-06-27 01:54:39,250 [icarl.py] => Task 3, Epoch 15/200 => Loss 2.951, Loss_clf 1.188, Loss_kd 1.759, Loss_kernel 0.004, Train_accy 63.91
2025-06-27 01:55:01,052 [icarl.py] => Task 3, Epoch 16/200 => Loss 2.871, Loss_clf 1.129, Loss_kd 1.738, Loss_kernel 0.004, Train_accy 64.90, Test_accy {'Art': 30.88, 'Clipart': 55.21, 'Real World': 46.79, 'Product': 45.07}
2025-06-27 01:55:13,507 [icarl.py] => Task 3, Epoch 17/200 => Loss 2.795, Loss_clf 1.085, Loss_kd 1.707, Loss_kernel 0.003, Train_accy 65.95
2025-06-27 01:55:26,120 [icarl.py] => Task 3, Epoch 18/200 => Loss 2.858, Loss_clf 1.109, Loss_kd 1.745, Loss_kernel 0.004, Train_accy 66.09
2025-06-27 01:55:38,850 [icarl.py] => Task 3, Epoch 19/200 => Loss 2.812, Loss_clf 1.100, Loss_kd 1.708, Loss_kernel 0.004, Train_accy 66.58
2025-06-27 01:55:52,144 [icarl.py] => Task 3, Epoch 20/200 => Loss 2.759, Loss_clf 1.034, Loss_kd 1.721, Loss_kernel 0.004, Train_accy 68.77
2025-06-27 01:56:11,144 [icarl.py] => Task 3, Epoch 21/200 => Loss 2.808, Loss_clf 1.062, Loss_kd 1.743, Loss_kernel 0.004, Train_accy 68.76, Test_accy {'Art': 31.62, 'Clipart': 54.05, 'Real World': 44.29, 'Product': 40.46}
2025-06-27 01:56:23,779 [icarl.py] => Task 3, Epoch 22/200 => Loss 2.639, Loss_clf 0.963, Loss_kd 1.672, Loss_kernel 0.004, Train_accy 70.74
2025-06-27 01:56:36,494 [icarl.py] => Task 3, Epoch 23/200 => Loss 2.631, Loss_clf 0.945, Loss_kd 1.682, Loss_kernel 0.003, Train_accy 71.50
2025-06-27 01:56:49,215 [icarl.py] => Task 3, Epoch 24/200 => Loss 2.642, Loss_clf 0.940, Loss_kd 1.698, Loss_kernel 0.004, Train_accy 71.61
2025-06-27 01:57:03,079 [icarl.py] => Task 3, Epoch 25/200 => Loss 2.547, Loss_clf 0.881, Loss_kd 1.663, Loss_kernel 0.003, Train_accy 72.71
2025-06-27 01:57:24,088 [icarl.py] => Task 3, Epoch 26/200 => Loss 2.551, Loss_clf 0.885, Loss_kd 1.662, Loss_kernel 0.004, Train_accy 73.18, Test_accy {'Art': 36.03, 'Clipart': 61.0, 'Real World': 49.29, 'Product': 45.39}
2025-06-27 01:57:36,686 [icarl.py] => Task 3, Epoch 27/200 => Loss 2.457, Loss_clf 0.806, Loss_kd 1.648, Loss_kernel 0.003, Train_accy 75.15
2025-06-27 01:57:51,235 [icarl.py] => Task 3, Epoch 28/200 => Loss 2.566, Loss_clf 0.898, Loss_kd 1.665, Loss_kernel 0.004, Train_accy 72.84
2025-06-27 01:58:06,138 [icarl.py] => Task 3, Epoch 29/200 => Loss 2.524, Loss_clf 0.841, Loss_kd 1.680, Loss_kernel 0.003, Train_accy 74.93
2025-06-27 01:58:18,991 [icarl.py] => Task 3, Epoch 30/200 => Loss 2.350, Loss_clf 0.741, Loss_kd 1.605, Loss_kernel 0.003, Train_accy 76.83
2025-06-27 01:58:39,978 [icarl.py] => Task 3, Epoch 31/200 => Loss 2.416, Loss_clf 0.792, Loss_kd 1.621, Loss_kernel 0.003, Train_accy 76.57, Test_accy {'Art': 36.76, 'Clipart': 48.65, 'Real World': 41.07, 'Product': 31.91}
2025-06-27 01:58:51,934 [icarl.py] => Task 3, Epoch 32/200 => Loss 2.365, Loss_clf 0.738, Loss_kd 1.624, Loss_kernel 0.003, Train_accy 78.44
2025-06-27 01:59:03,883 [icarl.py] => Task 3, Epoch 33/200 => Loss 2.454, Loss_clf 0.810, Loss_kd 1.640, Loss_kernel 0.004, Train_accy 76.18
2025-06-27 01:59:17,950 [icarl.py] => Task 3, Epoch 34/200 => Loss 2.451, Loss_clf 0.803, Loss_kd 1.644, Loss_kernel 0.004, Train_accy 76.33
2025-06-27 01:59:29,954 [icarl.py] => Task 3, Epoch 35/200 => Loss 2.376, Loss_clf 0.747, Loss_kd 1.626, Loss_kernel 0.003, Train_accy 78.03
2025-06-27 01:59:49,143 [icarl.py] => Task 3, Epoch 36/200 => Loss 2.286, Loss_clf 0.671, Loss_kd 1.612, Loss_kernel 0.003, Train_accy 78.96, Test_accy {'Art': 38.97, 'Clipart': 67.18, 'Real World': 45.36, 'Product': 44.41}
2025-06-27 02:00:01,172 [icarl.py] => Task 3, Epoch 37/200 => Loss 2.350, Loss_clf 0.726, Loss_kd 1.621, Loss_kernel 0.003, Train_accy 78.11
2025-06-27 02:00:13,032 [icarl.py] => Task 3, Epoch 38/200 => Loss 2.244, Loss_clf 0.659, Loss_kd 1.581, Loss_kernel 0.003, Train_accy 80.56
2025-06-27 02:00:25,208 [icarl.py] => Task 3, Epoch 39/200 => Loss 2.196, Loss_clf 0.611, Loss_kd 1.582, Loss_kernel 0.003, Train_accy 82.15
2025-06-27 02:00:36,730 [icarl.py] => Task 3, Epoch 40/200 => Loss 2.248, Loss_clf 0.643, Loss_kd 1.601, Loss_kernel 0.003, Train_accy 79.94
2025-06-27 02:00:56,052 [icarl.py] => Task 3, Epoch 41/200 => Loss 2.212, Loss_clf 0.623, Loss_kd 1.585, Loss_kernel 0.003, Train_accy 81.10, Test_accy {'Art': 38.24, 'Clipart': 66.02, 'Real World': 46.79, 'Product': 43.09}
2025-06-27 02:01:07,342 [icarl.py] => Task 3, Epoch 42/200 => Loss 2.155, Loss_clf 0.582, Loss_kd 1.569, Loss_kernel 0.003, Train_accy 83.21
2025-06-27 02:01:18,617 [icarl.py] => Task 3, Epoch 43/200 => Loss 2.239, Loss_clf 0.635, Loss_kd 1.602, Loss_kernel 0.003, Train_accy 81.29
2025-06-27 02:01:30,233 [icarl.py] => Task 3, Epoch 44/200 => Loss 2.228, Loss_clf 0.636, Loss_kd 1.589, Loss_kernel 0.003, Train_accy 80.40
2025-06-27 02:01:42,194 [icarl.py] => Task 3, Epoch 45/200 => Loss 2.159, Loss_clf 0.594, Loss_kd 1.563, Loss_kernel 0.003, Train_accy 82.40
2025-06-27 02:02:03,545 [icarl.py] => Task 3, Epoch 46/200 => Loss 2.172, Loss_clf 0.589, Loss_kd 1.580, Loss_kernel 0.003, Train_accy 81.69, Test_accy {'Art': 37.5, 'Clipart': 62.55, 'Real World': 42.5, 'Product': 42.76}
2025-06-27 02:02:15,882 [icarl.py] => Task 3, Epoch 47/200 => Loss 2.142, Loss_clf 0.547, Loss_kd 1.591, Loss_kernel 0.003, Train_accy 84.11
2025-06-27 02:02:30,361 [icarl.py] => Task 3, Epoch 48/200 => Loss 2.168, Loss_clf 0.583, Loss_kd 1.582, Loss_kernel 0.003, Train_accy 82.63
2025-06-27 02:02:43,514 [icarl.py] => Task 3, Epoch 49/200 => Loss 2.082, Loss_clf 0.519, Loss_kd 1.560, Loss_kernel 0.003, Train_accy 84.57
2025-06-27 02:02:58,041 [icarl.py] => Task 3, Epoch 50/200 => Loss 2.084, Loss_clf 0.523, Loss_kd 1.558, Loss_kernel 0.003, Train_accy 84.35
2025-06-27 02:03:17,649 [icarl.py] => Task 3, Epoch 51/200 => Loss 2.085, Loss_clf 0.521, Loss_kd 1.561, Loss_kernel 0.003, Train_accy 84.49, Test_accy {'Art': 36.03, 'Clipart': 62.55, 'Real World': 42.86, 'Product': 45.72}
2025-06-27 02:03:31,007 [icarl.py] => Task 3, Epoch 52/200 => Loss 2.066, Loss_clf 0.517, Loss_kd 1.546, Loss_kernel 0.003, Train_accy 84.36
2025-06-27 02:03:44,328 [icarl.py] => Task 3, Epoch 53/200 => Loss 2.108, Loss_clf 0.552, Loss_kd 1.553, Loss_kernel 0.003, Train_accy 84.41
2025-06-27 02:03:59,868 [icarl.py] => Task 3, Epoch 54/200 => Loss 2.176, Loss_clf 0.588, Loss_kd 1.584, Loss_kernel 0.003, Train_accy 81.76
2025-06-27 02:04:12,402 [icarl.py] => Task 3, Epoch 55/200 => Loss 2.112, Loss_clf 0.562, Loss_kd 1.547, Loss_kernel 0.003, Train_accy 83.26
2025-06-27 02:04:31,682 [icarl.py] => Task 3, Epoch 56/200 => Loss 2.071, Loss_clf 0.517, Loss_kd 1.551, Loss_kernel 0.003, Train_accy 83.93, Test_accy {'Art': 41.91, 'Clipart': 62.16, 'Real World': 45.71, 'Product': 45.07}
2025-06-27 02:04:46,427 [icarl.py] => Task 3, Epoch 57/200 => Loss 2.053, Loss_clf 0.510, Loss_kd 1.540, Loss_kernel 0.003, Train_accy 85.02
2025-06-27 02:04:58,687 [icarl.py] => Task 3, Epoch 58/200 => Loss 2.048, Loss_clf 0.495, Loss_kd 1.550, Loss_kernel 0.003, Train_accy 85.28
2025-06-27 02:05:10,793 [icarl.py] => Task 3, Epoch 59/200 => Loss 2.037, Loss_clf 0.487, Loss_kd 1.546, Loss_kernel 0.003, Train_accy 85.99
2025-06-27 02:05:23,174 [icarl.py] => Task 3, Epoch 60/200 => Loss 1.962, Loss_clf 0.437, Loss_kd 1.523, Loss_kernel 0.003, Train_accy 88.04
2025-06-27 02:05:42,170 [icarl.py] => Task 3, Epoch 61/200 => Loss 2.020, Loss_clf 0.476, Loss_kd 1.541, Loss_kernel 0.003, Train_accy 85.77, Test_accy {'Art': 41.91, 'Clipart': 61.39, 'Real World': 41.43, 'Product': 39.8}
2025-06-27 02:05:53,503 [icarl.py] => Task 3, Epoch 62/200 => Loss 2.017, Loss_clf 0.470, Loss_kd 1.544, Loss_kernel 0.003, Train_accy 86.37
2025-06-27 02:06:05,185 [icarl.py] => Task 3, Epoch 63/200 => Loss 1.880, Loss_clf 0.355, Loss_kd 1.522, Loss_kernel 0.003, Train_accy 89.40
2025-06-27 02:06:17,309 [icarl.py] => Task 3, Epoch 64/200 => Loss 1.982, Loss_clf 0.436, Loss_kd 1.544, Loss_kernel 0.003, Train_accy 87.19
2025-06-27 02:06:29,425 [icarl.py] => Task 3, Epoch 65/200 => Loss 1.985, Loss_clf 0.432, Loss_kd 1.550, Loss_kernel 0.003, Train_accy 87.00
2025-06-27 02:06:49,826 [icarl.py] => Task 3, Epoch 66/200 => Loss 1.942, Loss_clf 0.417, Loss_kd 1.522, Loss_kernel 0.003, Train_accy 87.88, Test_accy {'Art': 38.24, 'Clipart': 65.64, 'Real World': 49.64, 'Product': 47.37}
2025-06-27 02:07:02,774 [icarl.py] => Task 3, Epoch 67/200 => Loss 1.981, Loss_clf 0.443, Loss_kd 1.535, Loss_kernel 0.003, Train_accy 87.40
2025-06-27 02:07:13,576 [icarl.py] => Task 3, Epoch 68/200 => Loss 1.942, Loss_clf 0.412, Loss_kd 1.527, Loss_kernel 0.003, Train_accy 88.50
2025-06-27 02:07:24,804 [icarl.py] => Task 3, Epoch 69/200 => Loss 1.970, Loss_clf 0.439, Loss_kd 1.528, Loss_kernel 0.003, Train_accy 87.17
2025-06-27 02:07:36,219 [icarl.py] => Task 3, Epoch 70/200 => Loss 1.905, Loss_clf 0.402, Loss_kd 1.501, Loss_kernel 0.003, Train_accy 88.35
2025-06-27 02:07:55,555 [icarl.py] => Task 3, Epoch 71/200 => Loss 1.900, Loss_clf 0.398, Loss_kd 1.499, Loss_kernel 0.003, Train_accy 88.23, Test_accy {'Art': 41.18, 'Clipart': 66.8, 'Real World': 50.0, 'Product': 44.41}
2025-06-27 02:08:07,926 [icarl.py] => Task 3, Epoch 72/200 => Loss 1.977, Loss_clf 0.439, Loss_kd 1.536, Loss_kernel 0.003, Train_accy 87.94
2025-06-27 02:08:19,600 [icarl.py] => Task 3, Epoch 73/200 => Loss 1.945, Loss_clf 0.432, Loss_kd 1.510, Loss_kernel 0.003, Train_accy 87.73
2025-06-27 02:08:32,087 [icarl.py] => Task 3, Epoch 74/200 => Loss 1.894, Loss_clf 0.378, Loss_kd 1.513, Loss_kernel 0.003, Train_accy 88.92
2025-06-27 02:08:44,411 [icarl.py] => Task 3, Epoch 75/200 => Loss 1.912, Loss_clf 0.394, Loss_kd 1.515, Loss_kernel 0.003, Train_accy 88.29
2025-06-27 02:09:04,342 [icarl.py] => Task 3, Epoch 76/200 => Loss 1.901, Loss_clf 0.395, Loss_kd 1.503, Loss_kernel 0.003, Train_accy 88.32, Test_accy {'Art': 36.76, 'Clipart': 63.71, 'Real World': 47.5, 'Product': 43.75}
2025-06-27 02:09:16,615 [icarl.py] => Task 3, Epoch 77/200 => Loss 1.850, Loss_clf 0.354, Loss_kd 1.494, Loss_kernel 0.003, Train_accy 89.91
2025-06-27 02:09:28,505 [icarl.py] => Task 3, Epoch 78/200 => Loss 1.867, Loss_clf 0.365, Loss_kd 1.499, Loss_kernel 0.003, Train_accy 89.52
2025-06-27 02:09:39,058 [icarl.py] => Task 3, Epoch 79/200 => Loss 1.839, Loss_clf 0.341, Loss_kd 1.495, Loss_kernel 0.003, Train_accy 90.10
2025-06-27 02:09:50,914 [icarl.py] => Task 3, Epoch 80/200 => Loss 1.869, Loss_clf 0.370, Loss_kd 1.496, Loss_kernel 0.003, Train_accy 88.79
2025-06-27 02:10:10,973 [icarl.py] => Task 3, Epoch 81/200 => Loss 1.879, Loss_clf 0.359, Loss_kd 1.517, Loss_kernel 0.003, Train_accy 89.32, Test_accy {'Art': 45.59, 'Clipart': 67.95, 'Real World': 48.93, 'Product': 49.34}
2025-06-27 02:10:23,852 [icarl.py] => Task 3, Epoch 82/200 => Loss 1.852, Loss_clf 0.359, Loss_kd 1.490, Loss_kernel 0.003, Train_accy 89.71
2025-06-27 02:10:35,687 [icarl.py] => Task 3, Epoch 83/200 => Loss 1.784, Loss_clf 0.315, Loss_kd 1.467, Loss_kernel 0.002, Train_accy 91.21
2025-06-27 02:10:48,190 [icarl.py] => Task 3, Epoch 84/200 => Loss 1.809, Loss_clf 0.322, Loss_kd 1.485, Loss_kernel 0.002, Train_accy 90.22
2025-06-27 02:10:59,663 [icarl.py] => Task 3, Epoch 85/200 => Loss 1.861, Loss_clf 0.365, Loss_kd 1.494, Loss_kernel 0.002, Train_accy 89.73
2025-06-27 02:11:18,518 [icarl.py] => Task 3, Epoch 86/200 => Loss 1.841, Loss_clf 0.345, Loss_kd 1.493, Loss_kernel 0.003, Train_accy 90.02, Test_accy {'Art': 42.65, 'Clipart': 62.55, 'Real World': 46.07, 'Product': 39.14}
2025-06-27 02:11:31,174 [icarl.py] => Task 3, Epoch 87/200 => Loss 1.820, Loss_clf 0.334, Loss_kd 1.484, Loss_kernel 0.002, Train_accy 90.16
2025-06-27 02:11:42,740 [icarl.py] => Task 3, Epoch 88/200 => Loss 1.791, Loss_clf 0.304, Loss_kd 1.485, Loss_kernel 0.002, Train_accy 91.08
2025-06-27 02:11:52,729 [icarl.py] => Task 3, Epoch 89/200 => Loss 1.780, Loss_clf 0.294, Loss_kd 1.483, Loss_kernel 0.002, Train_accy 91.57
2025-06-27 02:12:05,091 [icarl.py] => Task 3, Epoch 90/200 => Loss 1.764, Loss_clf 0.301, Loss_kd 1.461, Loss_kernel 0.002, Train_accy 91.15
2025-06-27 02:12:23,898 [icarl.py] => Task 3, Epoch 91/200 => Loss 1.829, Loss_clf 0.341, Loss_kd 1.485, Loss_kernel 0.002, Train_accy 90.72, Test_accy {'Art': 47.06, 'Clipart': 66.02, 'Real World': 52.86, 'Product': 45.72}
2025-06-27 02:12:37,779 [icarl.py] => Task 3, Epoch 92/200 => Loss 1.768, Loss_clf 0.299, Loss_kd 1.467, Loss_kernel 0.002, Train_accy 91.90
2025-06-27 02:12:49,711 [icarl.py] => Task 3, Epoch 93/200 => Loss 1.804, Loss_clf 0.326, Loss_kd 1.476, Loss_kernel 0.002, Train_accy 90.47
2025-06-27 02:13:02,675 [icarl.py] => Task 3, Epoch 94/200 => Loss 1.750, Loss_clf 0.286, Loss_kd 1.461, Loss_kernel 0.002, Train_accy 91.07
2025-06-27 02:13:14,118 [icarl.py] => Task 3, Epoch 95/200 => Loss 1.757, Loss_clf 0.282, Loss_kd 1.473, Loss_kernel 0.002, Train_accy 91.97
2025-06-27 02:13:31,597 [icarl.py] => Task 3, Epoch 96/200 => Loss 1.750, Loss_clf 0.274, Loss_kd 1.473, Loss_kernel 0.002, Train_accy 92.51, Test_accy {'Art': 41.18, 'Clipart': 68.73, 'Real World': 47.5, 'Product': 44.74}
2025-06-27 02:13:44,140 [icarl.py] => Task 3, Epoch 97/200 => Loss 1.721, Loss_clf 0.261, Loss_kd 1.457, Loss_kernel 0.002, Train_accy 92.83
2025-06-27 02:13:56,185 [icarl.py] => Task 3, Epoch 98/200 => Loss 1.698, Loss_clf 0.247, Loss_kd 1.449, Loss_kernel 0.002, Train_accy 93.24
2025-06-27 02:14:07,381 [icarl.py] => Task 3, Epoch 99/200 => Loss 1.710, Loss_clf 0.256, Loss_kd 1.451, Loss_kernel 0.002, Train_accy 93.14
2025-06-27 02:14:19,189 [icarl.py] => Task 3, Epoch 100/200 => Loss 1.742, Loss_clf 0.270, Loss_kd 1.469, Loss_kernel 0.002, Train_accy 92.17
2025-06-27 02:14:38,036 [icarl.py] => Task 3, Epoch 101/200 => Loss 1.661, Loss_clf 0.222, Loss_kd 1.437, Loss_kernel 0.002, Train_accy 93.41, Test_accy {'Art': 46.32, 'Clipart': 65.64, 'Real World': 50.0, 'Product': 49.67}
2025-06-27 02:14:49,413 [icarl.py] => Task 3, Epoch 102/200 => Loss 1.737, Loss_clf 0.281, Loss_kd 1.453, Loss_kernel 0.002, Train_accy 91.77
2025-06-27 02:15:01,077 [icarl.py] => Task 3, Epoch 103/200 => Loss 1.664, Loss_clf 0.234, Loss_kd 1.427, Loss_kernel 0.002, Train_accy 94.17
2025-06-27 02:15:12,522 [icarl.py] => Task 3, Epoch 104/200 => Loss 1.697, Loss_clf 0.240, Loss_kd 1.455, Loss_kernel 0.002, Train_accy 92.88
2025-06-27 02:15:23,988 [icarl.py] => Task 3, Epoch 105/200 => Loss 1.663, Loss_clf 0.232, Loss_kd 1.429, Loss_kernel 0.002, Train_accy 93.78
2025-06-27 02:15:42,180 [icarl.py] => Task 3, Epoch 106/200 => Loss 1.679, Loss_clf 0.232, Loss_kd 1.445, Loss_kernel 0.002, Train_accy 93.15, Test_accy {'Art': 45.59, 'Clipart': 64.48, 'Real World': 48.57, 'Product': 44.08}
2025-06-27 02:15:55,260 [icarl.py] => Task 3, Epoch 107/200 => Loss 1.712, Loss_clf 0.256, Loss_kd 1.454, Loss_kernel 0.002, Train_accy 93.16
2025-06-27 02:16:06,602 [icarl.py] => Task 3, Epoch 108/200 => Loss 1.659, Loss_clf 0.218, Loss_kd 1.438, Loss_kernel 0.002, Train_accy 94.00
2025-06-27 02:16:18,115 [icarl.py] => Task 3, Epoch 109/200 => Loss 1.676, Loss_clf 0.232, Loss_kd 1.442, Loss_kernel 0.002, Train_accy 93.62
2025-06-27 02:16:30,392 [icarl.py] => Task 3, Epoch 110/200 => Loss 1.688, Loss_clf 0.242, Loss_kd 1.444, Loss_kernel 0.002, Train_accy 93.15
2025-06-27 02:16:49,095 [icarl.py] => Task 3, Epoch 111/200 => Loss 1.645, Loss_clf 0.209, Loss_kd 1.434, Loss_kernel 0.002, Train_accy 94.10, Test_accy {'Art': 43.38, 'Clipart': 63.71, 'Real World': 47.14, 'Product': 44.74}
2025-06-27 02:17:00,783 [icarl.py] => Task 3, Epoch 112/200 => Loss 1.634, Loss_clf 0.212, Loss_kd 1.420, Loss_kernel 0.002, Train_accy 94.10
2025-06-27 02:17:12,571 [icarl.py] => Task 3, Epoch 113/200 => Loss 1.644, Loss_clf 0.208, Loss_kd 1.433, Loss_kernel 0.002, Train_accy 94.36
2025-06-27 02:17:25,750 [icarl.py] => Task 3, Epoch 114/200 => Loss 1.660, Loss_clf 0.226, Loss_kd 1.432, Loss_kernel 0.002, Train_accy 93.34
2025-06-27 02:17:37,829 [icarl.py] => Task 3, Epoch 115/200 => Loss 1.645, Loss_clf 0.204, Loss_kd 1.438, Loss_kernel 0.002, Train_accy 94.95
2025-06-27 02:17:56,421 [icarl.py] => Task 3, Epoch 116/200 => Loss 1.607, Loss_clf 0.188, Loss_kd 1.417, Loss_kernel 0.002, Train_accy 95.32, Test_accy {'Art': 48.53, 'Clipart': 64.48, 'Real World': 49.29, 'Product': 50.99}
2025-06-27 02:18:07,706 [icarl.py] => Task 3, Epoch 117/200 => Loss 1.627, Loss_clf 0.204, Loss_kd 1.421, Loss_kernel 0.002, Train_accy 94.63
2025-06-27 02:18:18,529 [icarl.py] => Task 3, Epoch 118/200 => Loss 1.648, Loss_clf 0.211, Loss_kd 1.434, Loss_kernel 0.002, Train_accy 94.13
2025-06-27 02:18:29,711 [icarl.py] => Task 3, Epoch 119/200 => Loss 1.607, Loss_clf 0.185, Loss_kd 1.420, Loss_kernel 0.002, Train_accy 94.93
2025-06-27 02:18:40,552 [icarl.py] => Task 3, Epoch 120/200 => Loss 1.615, Loss_clf 0.192, Loss_kd 1.422, Loss_kernel 0.002, Train_accy 94.65
2025-06-27 02:18:58,540 [icarl.py] => Task 3, Epoch 121/200 => Loss 1.583, Loss_clf 0.186, Loss_kd 1.395, Loss_kernel 0.002, Train_accy 94.34, Test_accy {'Art': 50.74, 'Clipart': 66.41, 'Real World': 46.07, 'Product': 46.71}
2025-06-27 02:19:09,561 [icarl.py] => Task 3, Epoch 122/200 => Loss 1.611, Loss_clf 0.179, Loss_kd 1.430, Loss_kernel 0.002, Train_accy 95.36
2025-06-27 02:19:20,271 [icarl.py] => Task 3, Epoch 123/200 => Loss 1.605, Loss_clf 0.177, Loss_kd 1.426, Loss_kernel 0.002, Train_accy 95.52
2025-06-27 02:19:30,706 [icarl.py] => Task 3, Epoch 124/200 => Loss 1.600, Loss_clf 0.180, Loss_kd 1.418, Loss_kernel 0.002, Train_accy 94.98
2025-06-27 02:19:40,961 [icarl.py] => Task 3, Epoch 125/200 => Loss 1.586, Loss_clf 0.187, Loss_kd 1.397, Loss_kernel 0.002, Train_accy 94.87
2025-06-27 02:19:59,420 [icarl.py] => Task 3, Epoch 126/200 => Loss 1.608, Loss_clf 0.207, Loss_kd 1.399, Loss_kernel 0.002, Train_accy 94.83, Test_accy {'Art': 45.59, 'Clipart': 65.25, 'Real World': 51.43, 'Product': 47.04}
2025-06-27 02:20:11,444 [icarl.py] => Task 3, Epoch 127/200 => Loss 1.624, Loss_clf 0.205, Loss_kd 1.417, Loss_kernel 0.002, Train_accy 94.28
2025-06-27 02:20:22,965 [icarl.py] => Task 3, Epoch 128/200 => Loss 1.568, Loss_clf 0.166, Loss_kd 1.400, Loss_kernel 0.002, Train_accy 95.57
2025-06-27 02:20:33,104 [icarl.py] => Task 3, Epoch 129/200 => Loss 1.603, Loss_clf 0.195, Loss_kd 1.406, Loss_kernel 0.002, Train_accy 94.93
2025-06-27 02:20:44,038 [icarl.py] => Task 3, Epoch 130/200 => Loss 1.582, Loss_clf 0.176, Loss_kd 1.404, Loss_kernel 0.002, Train_accy 95.74
2025-06-27 02:21:01,252 [icarl.py] => Task 3, Epoch 131/200 => Loss 1.548, Loss_clf 0.152, Loss_kd 1.394, Loss_kernel 0.002, Train_accy 96.41, Test_accy {'Art': 45.59, 'Clipart': 65.25, 'Real World': 50.71, 'Product': 48.68}
2025-06-27 02:21:12,430 [icarl.py] => Task 3, Epoch 132/200 => Loss 1.557, Loss_clf 0.155, Loss_kd 1.400, Loss_kernel 0.002, Train_accy 96.11
2025-06-27 02:21:22,768 [icarl.py] => Task 3, Epoch 133/200 => Loss 1.549, Loss_clf 0.147, Loss_kd 1.400, Loss_kernel 0.002, Train_accy 95.94
2025-06-27 02:21:33,491 [icarl.py] => Task 3, Epoch 134/200 => Loss 1.529, Loss_clf 0.149, Loss_kd 1.378, Loss_kernel 0.002, Train_accy 96.38
2025-06-27 02:21:43,051 [icarl.py] => Task 3, Epoch 135/200 => Loss 1.512, Loss_clf 0.126, Loss_kd 1.384, Loss_kernel 0.002, Train_accy 97.16
2025-06-27 02:22:00,380 [icarl.py] => Task 3, Epoch 136/200 => Loss 1.532, Loss_clf 0.134, Loss_kd 1.396, Loss_kernel 0.002, Train_accy 96.47, Test_accy {'Art': 43.38, 'Clipart': 65.64, 'Real World': 50.36, 'Product': 48.36}
2025-06-27 02:22:10,712 [icarl.py] => Task 3, Epoch 137/200 => Loss 1.541, Loss_clf 0.148, Loss_kd 1.391, Loss_kernel 0.002, Train_accy 96.21
2025-06-27 02:22:21,233 [icarl.py] => Task 3, Epoch 138/200 => Loss 1.535, Loss_clf 0.148, Loss_kd 1.385, Loss_kernel 0.002, Train_accy 96.37
2025-06-27 02:22:30,926 [icarl.py] => Task 3, Epoch 139/200 => Loss 1.515, Loss_clf 0.127, Loss_kd 1.386, Loss_kernel 0.002, Train_accy 96.73
2025-06-27 02:22:41,689 [icarl.py] => Task 3, Epoch 140/200 => Loss 1.524, Loss_clf 0.131, Loss_kd 1.391, Loss_kernel 0.002, Train_accy 96.91
2025-06-27 02:22:58,732 [icarl.py] => Task 3, Epoch 141/200 => Loss 1.528, Loss_clf 0.126, Loss_kd 1.400, Loss_kernel 0.002, Train_accy 96.68, Test_accy {'Art': 47.79, 'Clipart': 69.88, 'Real World': 49.29, 'Product': 48.36}
2025-06-27 02:23:09,683 [icarl.py] => Task 3, Epoch 142/200 => Loss 1.521, Loss_clf 0.137, Loss_kd 1.382, Loss_kernel 0.002, Train_accy 96.43
2025-06-27 02:23:19,444 [icarl.py] => Task 3, Epoch 143/200 => Loss 1.512, Loss_clf 0.132, Loss_kd 1.378, Loss_kernel 0.002, Train_accy 96.52
2025-06-27 02:23:29,618 [icarl.py] => Task 3, Epoch 144/200 => Loss 1.540, Loss_clf 0.136, Loss_kd 1.402, Loss_kernel 0.002, Train_accy 96.58
2025-06-27 02:23:39,790 [icarl.py] => Task 3, Epoch 145/200 => Loss 1.499, Loss_clf 0.125, Loss_kd 1.372, Loss_kernel 0.002, Train_accy 97.38
2025-06-27 02:23:56,778 [icarl.py] => Task 3, Epoch 146/200 => Loss 1.463, Loss_clf 0.107, Loss_kd 1.354, Loss_kernel 0.002, Train_accy 97.53, Test_accy {'Art': 47.06, 'Clipart': 66.41, 'Real World': 47.5, 'Product': 48.03}
2025-06-27 02:24:06,523 [icarl.py] => Task 3, Epoch 147/200 => Loss 1.515, Loss_clf 0.136, Loss_kd 1.377, Loss_kernel 0.002, Train_accy 96.78
2025-06-27 02:24:16,238 [icarl.py] => Task 3, Epoch 148/200 => Loss 1.486, Loss_clf 0.112, Loss_kd 1.372, Loss_kernel 0.002, Train_accy 97.47
2025-06-27 02:24:25,929 [icarl.py] => Task 3, Epoch 149/200 => Loss 1.501, Loss_clf 0.119, Loss_kd 1.380, Loss_kernel 0.002, Train_accy 96.72
2025-06-27 02:24:36,081 [icarl.py] => Task 3, Epoch 150/200 => Loss 1.504, Loss_clf 0.115, Loss_kd 1.387, Loss_kernel 0.002, Train_accy 97.26
2025-06-27 02:24:55,470 [icarl.py] => Task 3, Epoch 151/200 => Loss 1.503, Loss_clf 0.132, Loss_kd 1.369, Loss_kernel 0.002, Train_accy 96.64, Test_accy {'Art': 42.65, 'Clipart': 66.41, 'Real World': 48.57, 'Product': 49.34}
2025-06-27 02:25:06,590 [icarl.py] => Task 3, Epoch 152/200 => Loss 1.488, Loss_clf 0.118, Loss_kd 1.368, Loss_kernel 0.002, Train_accy 97.28
2025-06-27 02:25:17,071 [icarl.py] => Task 3, Epoch 153/200 => Loss 1.516, Loss_clf 0.125, Loss_kd 1.389, Loss_kernel 0.002, Train_accy 96.57
2025-06-27 02:25:26,812 [icarl.py] => Task 3, Epoch 154/200 => Loss 1.464, Loss_clf 0.103, Loss_kd 1.359, Loss_kernel 0.002, Train_accy 97.53
2025-06-27 02:25:37,120 [icarl.py] => Task 3, Epoch 155/200 => Loss 1.507, Loss_clf 0.127, Loss_kd 1.379, Loss_kernel 0.002, Train_accy 96.68
2025-06-27 02:25:54,588 [icarl.py] => Task 3, Epoch 156/200 => Loss 1.486, Loss_clf 0.108, Loss_kd 1.377, Loss_kernel 0.002, Train_accy 97.59, Test_accy {'Art': 43.38, 'Clipart': 69.5, 'Real World': 47.86, 'Product': 47.37}
2025-06-27 02:26:04,445 [icarl.py] => Task 3, Epoch 157/200 => Loss 1.491, Loss_clf 0.109, Loss_kd 1.380, Loss_kernel 0.002, Train_accy 97.48
2025-06-27 02:26:14,042 [icarl.py] => Task 3, Epoch 158/200 => Loss 1.480, Loss_clf 0.104, Loss_kd 1.375, Loss_kernel 0.002, Train_accy 97.32
2025-06-27 02:26:23,989 [icarl.py] => Task 3, Epoch 159/200 => Loss 1.498, Loss_clf 0.116, Loss_kd 1.381, Loss_kernel 0.002, Train_accy 97.43
2025-06-27 02:26:33,321 [icarl.py] => Task 3, Epoch 160/200 => Loss 1.475, Loss_clf 0.101, Loss_kd 1.372, Loss_kernel 0.002, Train_accy 97.53
2025-06-27 02:26:50,154 [icarl.py] => Task 3, Epoch 161/200 => Loss 1.456, Loss_clf 0.093, Loss_kd 1.361, Loss_kernel 0.002, Train_accy 98.22, Test_accy {'Art': 43.38, 'Clipart': 67.18, 'Real World': 49.64, 'Product': 48.68}
2025-06-27 02:27:00,725 [icarl.py] => Task 3, Epoch 162/200 => Loss 1.516, Loss_clf 0.124, Loss_kd 1.390, Loss_kernel 0.002, Train_accy 96.80
2025-06-27 02:27:10,579 [icarl.py] => Task 3, Epoch 163/200 => Loss 1.494, Loss_clf 0.115, Loss_kd 1.377, Loss_kernel 0.002, Train_accy 97.64
2025-06-27 02:27:20,820 [icarl.py] => Task 3, Epoch 164/200 => Loss 1.483, Loss_clf 0.113, Loss_kd 1.367, Loss_kernel 0.002, Train_accy 97.17
2025-06-27 02:27:32,180 [icarl.py] => Task 3, Epoch 165/200 => Loss 1.517, Loss_clf 0.134, Loss_kd 1.381, Loss_kernel 0.002, Train_accy 96.91
2025-06-27 02:27:49,066 [icarl.py] => Task 3, Epoch 166/200 => Loss 1.479, Loss_clf 0.104, Loss_kd 1.374, Loss_kernel 0.002, Train_accy 97.76, Test_accy {'Art': 43.38, 'Clipart': 67.57, 'Real World': 49.29, 'Product': 47.37}
2025-06-27 02:27:59,435 [icarl.py] => Task 3, Epoch 167/200 => Loss 1.471, Loss_clf 0.100, Loss_kd 1.369, Loss_kernel 0.002, Train_accy 97.65
2025-06-27 02:28:09,622 [icarl.py] => Task 3, Epoch 168/200 => Loss 1.467, Loss_clf 0.101, Loss_kd 1.364, Loss_kernel 0.002, Train_accy 97.91
2025-06-27 02:28:19,689 [icarl.py] => Task 3, Epoch 169/200 => Loss 1.494, Loss_clf 0.111, Loss_kd 1.381, Loss_kernel 0.002, Train_accy 97.22
2025-06-27 02:28:29,353 [icarl.py] => Task 3, Epoch 170/200 => Loss 1.466, Loss_clf 0.107, Loss_kd 1.357, Loss_kernel 0.002, Train_accy 97.42
2025-06-27 02:28:46,664 [icarl.py] => Task 3, Epoch 171/200 => Loss 1.450, Loss_clf 0.089, Loss_kd 1.359, Loss_kernel 0.002, Train_accy 97.91, Test_accy {'Art': 43.38, 'Clipart': 68.73, 'Real World': 48.93, 'Product': 47.7}
2025-06-27 02:28:56,316 [icarl.py] => Task 3, Epoch 172/200 => Loss 1.465, Loss_clf 0.094, Loss_kd 1.369, Loss_kernel 0.002, Train_accy 97.53
2025-06-27 02:29:06,364 [icarl.py] => Task 3, Epoch 173/200 => Loss 1.480, Loss_clf 0.110, Loss_kd 1.368, Loss_kernel 0.002, Train_accy 97.70
2025-06-27 02:29:16,167 [icarl.py] => Task 3, Epoch 174/200 => Loss 1.459, Loss_clf 0.089, Loss_kd 1.369, Loss_kernel 0.002, Train_accy 98.23
2025-06-27 02:29:25,939 [icarl.py] => Task 3, Epoch 175/200 => Loss 1.456, Loss_clf 0.089, Loss_kd 1.365, Loss_kernel 0.002, Train_accy 98.12
2025-06-27 02:29:42,932 [icarl.py] => Task 3, Epoch 176/200 => Loss 1.464, Loss_clf 0.097, Loss_kd 1.365, Loss_kernel 0.002, Train_accy 97.59, Test_accy {'Art': 44.12, 'Clipart': 67.57, 'Real World': 48.21, 'Product': 46.38}
2025-06-27 02:29:52,893 [icarl.py] => Task 3, Epoch 177/200 => Loss 1.448, Loss_clf 0.084, Loss_kd 1.362, Loss_kernel 0.002, Train_accy 98.27
2025-06-27 02:30:02,890 [icarl.py] => Task 3, Epoch 178/200 => Loss 1.447, Loss_clf 0.095, Loss_kd 1.351, Loss_kernel 0.002, Train_accy 97.69
2025-06-27 02:30:12,167 [icarl.py] => Task 3, Epoch 179/200 => Loss 1.450, Loss_clf 0.093, Loss_kd 1.356, Loss_kernel 0.002, Train_accy 98.06
2025-06-27 02:30:22,360 [icarl.py] => Task 3, Epoch 180/200 => Loss 1.474, Loss_clf 0.105, Loss_kd 1.367, Loss_kernel 0.002, Train_accy 97.59
2025-06-27 02:30:39,031 [icarl.py] => Task 3, Epoch 181/200 => Loss 1.445, Loss_clf 0.077, Loss_kd 1.366, Loss_kernel 0.002, Train_accy 98.55, Test_accy {'Art': 44.12, 'Clipart': 67.95, 'Real World': 47.5, 'Product': 46.38}
2025-06-27 02:30:48,642 [icarl.py] => Task 3, Epoch 182/200 => Loss 1.434, Loss_clf 0.091, Loss_kd 1.342, Loss_kernel 0.002, Train_accy 98.07
2025-06-27 02:30:59,305 [icarl.py] => Task 3, Epoch 183/200 => Loss 1.452, Loss_clf 0.091, Loss_kd 1.359, Loss_kernel 0.002, Train_accy 97.97
2025-06-27 02:31:09,251 [icarl.py] => Task 3, Epoch 184/200 => Loss 1.461, Loss_clf 0.096, Loss_kd 1.364, Loss_kernel 0.002, Train_accy 97.80
2025-06-27 02:31:19,115 [icarl.py] => Task 3, Epoch 185/200 => Loss 1.448, Loss_clf 0.098, Loss_kd 1.348, Loss_kernel 0.002, Train_accy 97.96
2025-06-27 02:31:35,650 [icarl.py] => Task 3, Epoch 186/200 => Loss 1.446, Loss_clf 0.079, Loss_kd 1.365, Loss_kernel 0.002, Train_accy 98.60, Test_accy {'Art': 45.59, 'Clipart': 67.18, 'Real World': 47.5, 'Product': 47.04}
2025-06-27 02:31:45,138 [icarl.py] => Task 3, Epoch 187/200 => Loss 1.462, Loss_clf 0.084, Loss_kd 1.376, Loss_kernel 0.002, Train_accy 98.39
2025-06-27 02:31:55,742 [icarl.py] => Task 3, Epoch 188/200 => Loss 1.455, Loss_clf 0.088, Loss_kd 1.366, Loss_kernel 0.002, Train_accy 98.07
2025-06-27 02:32:05,429 [icarl.py] => Task 3, Epoch 189/200 => Loss 1.437, Loss_clf 0.073, Loss_kd 1.363, Loss_kernel 0.002, Train_accy 98.65
2025-06-27 02:32:15,092 [icarl.py] => Task 3, Epoch 190/200 => Loss 1.469, Loss_clf 0.104, Loss_kd 1.363, Loss_kernel 0.002, Train_accy 97.54
2025-06-27 02:32:31,541 [icarl.py] => Task 3, Epoch 191/200 => Loss 1.457, Loss_clf 0.089, Loss_kd 1.367, Loss_kernel 0.002, Train_accy 97.96, Test_accy {'Art': 44.85, 'Clipart': 66.8, 'Real World': 48.57, 'Product': 47.7}
2025-06-27 02:32:41,386 [icarl.py] => Task 3, Epoch 192/200 => Loss 1.441, Loss_clf 0.088, Loss_kd 1.351, Loss_kernel 0.002, Train_accy 98.22
2025-06-27 02:32:51,108 [icarl.py] => Task 3, Epoch 193/200 => Loss 1.462, Loss_clf 0.097, Loss_kd 1.363, Loss_kernel 0.002, Train_accy 98.12
2025-06-27 02:33:00,364 [icarl.py] => Task 3, Epoch 194/200 => Loss 1.456, Loss_clf 0.088, Loss_kd 1.366, Loss_kernel 0.002, Train_accy 98.12
2025-06-27 02:33:10,871 [icarl.py] => Task 3, Epoch 195/200 => Loss 1.462, Loss_clf 0.090, Loss_kd 1.370, Loss_kernel 0.002, Train_accy 97.70
2025-06-27 02:33:27,448 [icarl.py] => Task 3, Epoch 196/200 => Loss 1.455, Loss_clf 0.091, Loss_kd 1.363, Loss_kernel 0.002, Train_accy 98.01, Test_accy {'Art': 42.65, 'Clipart': 67.95, 'Real World': 48.21, 'Product': 47.7}
2025-06-27 02:33:37,618 [icarl.py] => Task 3, Epoch 197/200 => Loss 1.474, Loss_clf 0.095, Loss_kd 1.377, Loss_kernel 0.002, Train_accy 97.96
2025-06-27 02:33:48,326 [icarl.py] => Task 3, Epoch 198/200 => Loss 1.460, Loss_clf 0.088, Loss_kd 1.370, Loss_kernel 0.002, Train_accy 98.06
2025-06-27 02:33:58,218 [icarl.py] => Task 3, Epoch 199/200 => Loss 1.445, Loss_clf 0.080, Loss_kd 1.363, Loss_kernel 0.002, Train_accy 98.39
2025-06-27 02:34:07,945 [icarl.py] => Task 3, Epoch 200/200 => Loss 1.469, Loss_clf 0.100, Loss_kd 1.367, Loss_kernel 0.002, Train_accy 97.75
2025-06-27 02:34:07,946 [base.py] => Reducing exemplars...(65 per classes)
2025-06-27 02:34:24,866 [base.py] => Constructing exemplars...(65 per classes)
2025-06-27 02:34:53,229 [icarl.py] => Exemplar size: 1300
2025-06-27 02:34:54,396 [trainer.py] => CNN [Art]: {'total': 42.65, '00-04': 63.16, '05-09': 52.94, '10-14': 24.32, '15-19': 25.93, 'old': 46.79, 'new': 25.93}
2025-06-27 02:34:54,396 [trainer.py] => NME [Art]: {'total': 44.85, '00-04': 50.0, '05-09': 55.88, '10-14': 32.43, '15-19': 40.74, 'old': 45.87, 'new': 40.74}
2025-06-27 02:34:54,396 [trainer.py] => CNN [Art] top1 curve: [63.16, 52.78, 50.46, 42.65]
2025-06-27 02:34:54,396 [trainer.py] => CNN [Art] top5 curve: [97.37, 83.33, 73.39, 72.79]
2025-06-27 02:34:54,397 [trainer.py] => NME [Art] top1 curve: [71.05, 61.11, 51.38, 44.85]
2025-06-27 02:34:54,397 [trainer.py] => NME [Art] top5 curve: [100.0, 86.11, 77.06, 72.06]
2025-06-27 02:34:54,397 [trainer.py] => Average Accuracy [Art] (CNN): 52.2625
2025-06-27 02:34:54,397 [trainer.py] => Average Accuracy [Art] (NME): 57.0975
2025-06-27 02:34:54,397 [trainer.py] => CNN [Clipart]: {'total': 67.18, '00-04': 73.08, '05-09': 67.74, '10-14': 65.15, '15-19': 60.38, 'old': 68.93, 'new': 60.38}
2025-06-27 02:34:54,397 [trainer.py] => NME [Clipart]: {'total': 68.34, '00-04': 73.08, '05-09': 70.97, '10-14': 65.15, '15-19': 62.26, 'old': 69.9, 'new': 62.26}
2025-06-27 02:34:54,397 [trainer.py] => CNN [Clipart] top1 curve: [70.51, 64.29, 68.93, 67.18]
2025-06-27 02:34:54,397 [trainer.py] => CNN [Clipart] top5 curve: [100.0, 91.43, 87.86, 84.56]
2025-06-27 02:34:54,398 [trainer.py] => NME [Clipart] top1 curve: [69.23, 67.14, 72.33, 68.34]
2025-06-27 02:34:54,398 [trainer.py] => NME [Clipart] top5 curve: [100.0, 92.14, 88.83, 84.94]
2025-06-27 02:34:54,398 [trainer.py] => Average Accuracy [Clipart] (CNN): 67.7275
2025-06-27 02:34:54,398 [trainer.py] => Average Accuracy [Clipart] (NME): 69.26
2025-06-27 02:34:54,398 [trainer.py] => CNN [Product]: {'total': 47.37, '00-04': 70.59, '05-09': 45.0, '10-14': 53.23, '15-19': 19.48, 'old': 56.83, 'new': 19.48}
2025-06-27 02:34:54,398 [trainer.py] => NME [Product]: {'total': 46.05, '00-04': 56.47, '05-09': 46.25, '10-14': 58.06, '15-19': 24.68, 'old': 53.3, 'new': 24.68}
2025-06-27 02:34:54,398 [trainer.py] => CNN [Product] top1 curve: [70.59, 53.33, 53.3, 47.37]
2025-06-27 02:34:54,398 [trainer.py] => CNN [Product] top5 curve: [98.82, 87.27, 83.26, 79.28]
2025-06-27 02:34:54,398 [trainer.py] => NME [Product] top1 curve: [69.41, 56.97, 55.07, 46.05]
2025-06-27 02:34:54,398 [trainer.py] => NME [Product] top5 curve: [100.0, 94.55, 88.55, 84.21]
2025-06-27 02:34:54,399 [trainer.py] => Average Accuracy [Product] (CNN): 56.1475
2025-06-27 02:34:54,399 [trainer.py] => Average Accuracy [Product] (NME): 56.875
2025-06-27 02:34:54,399 [trainer.py] => CNN [Real World]: {'total': 48.93, '00-04': 63.01, '05-09': 60.29, '10-14': 38.89, '15-19': 32.84, 'old': 53.99, 'new': 32.84}
2025-06-27 02:34:54,399 [trainer.py] => NME [Real World]: {'total': 52.86, '00-04': 57.53, '05-09': 61.76, '10-14': 50.0, '15-19': 41.79, 'old': 56.34, 'new': 41.79}
2025-06-27 02:34:54,399 [trainer.py] => CNN [Real World] top1 curve: [69.86, 63.83, 55.4, 48.93]
2025-06-27 02:34:54,399 [trainer.py] => CNN [Real World] top5 curve: [98.63, 92.2, 81.69, 77.5]
2025-06-27 02:34:54,399 [trainer.py] => NME [Real World] top1 curve: [71.23, 60.28, 56.81, 52.86]
2025-06-27 02:34:54,399 [trainer.py] => NME [Real World] top5 curve: [100.0, 94.33, 87.32, 82.86]
2025-06-27 02:34:54,399 [trainer.py] => Average Accuracy [Real World] (CNN): 59.504999999999995
2025-06-27 02:34:54,400 [trainer.py] => Average Accuracy [Real World] (NME): 60.295
2025-06-27 02:34:54,400 [trainer.py] => NME Harmonic Mean : 50.2735
2025-06-27 02:34:54,400 [trainer.py] => NME Macro Mean : 53.0250
2025-06-27 02:34:54,400 [trainer.py] => CNN Harmonic Mean : 49.9914
2025-06-27 02:34:54,400 [trainer.py] => CNN Macro Mean : 51.5325
2025-06-27 02:34:54,401 [trainer.py] => All params: 21300062
2025-06-27 02:34:54,402 [trainer.py] => Trainable params: 21300062
2025-06-27 02:34:54,403 [icarl.py] => Learning on 20-25
2025-06-27 02:35:19,822 [icarl.py] => Task 4, Epoch 1/200 => Loss 4.896, Loss_clf 2.575, Loss_kd 2.317, Loss_kernel 0.004, Train_accy 33.40, Test_accy {'Art': 12.07, 'Clipart': 23.85, 'Real World': 15.07, 'Product': 17.53}
2025-06-27 02:35:35,986 [icarl.py] => Task 4, Epoch 2/200 => Loss 4.961, Loss_clf 2.467, Loss_kd 2.489, Loss_kernel 0.005, Train_accy 28.90
2025-06-27 02:35:53,188 [icarl.py] => Task 4, Epoch 3/200 => Loss 4.567, Loss_clf 2.197, Loss_kd 2.365, Loss_kernel 0.005, Train_accy 35.95
2025-06-27 02:36:09,330 [icarl.py] => Task 4, Epoch 4/200 => Loss 4.271, Loss_clf 1.993, Loss_kd 2.273, Loss_kernel 0.004, Train_accy 40.69
2025-06-27 02:36:24,386 [icarl.py] => Task 4, Epoch 5/200 => Loss 3.993, Loss_clf 1.815, Loss_kd 2.174, Loss_kernel 0.004, Train_accy 44.62
2025-06-27 02:36:49,960 [icarl.py] => Task 4, Epoch 6/200 => Loss 3.962, Loss_clf 1.793, Loss_kd 2.164, Loss_kernel 0.004, Train_accy 45.03, Test_accy {'Art': 23.56, 'Clipart': 39.66, 'Real World': 33.91, 'Product': 33.15}
2025-06-27 02:37:06,301 [icarl.py] => Task 4, Epoch 7/200 => Loss 3.860, Loss_clf 1.716, Loss_kd 2.141, Loss_kernel 0.004, Train_accy 48.12
2025-06-27 02:37:23,040 [icarl.py] => Task 4, Epoch 8/200 => Loss 3.691, Loss_clf 1.598, Loss_kd 2.089, Loss_kernel 0.004, Train_accy 52.18
2025-06-27 02:37:39,493 [icarl.py] => Task 4, Epoch 9/200 => Loss 3.517, Loss_clf 1.477, Loss_kd 2.036, Loss_kernel 0.004, Train_accy 54.09
2025-06-27 02:37:56,834 [icarl.py] => Task 4, Epoch 10/200 => Loss 3.513, Loss_clf 1.456, Loss_kd 2.054, Loss_kernel 0.004, Train_accy 55.98
2025-06-27 02:38:22,018 [icarl.py] => Task 4, Epoch 11/200 => Loss 3.447, Loss_clf 1.422, Loss_kd 2.021, Loss_kernel 0.004, Train_accy 57.20, Test_accy {'Art': 31.61, 'Clipart': 48.56, 'Real World': 40.29, 'Product': 36.44}
2025-06-27 02:38:38,405 [icarl.py] => Task 4, Epoch 12/200 => Loss 3.369, Loss_clf 1.345, Loss_kd 2.020, Loss_kernel 0.004, Train_accy 58.28
2025-06-27 02:38:53,439 [icarl.py] => Task 4, Epoch 13/200 => Loss 3.273, Loss_clf 1.278, Loss_kd 1.991, Loss_kernel 0.003, Train_accy 60.89
2025-06-27 02:39:08,350 [icarl.py] => Task 4, Epoch 14/200 => Loss 3.216, Loss_clf 1.244, Loss_kd 1.968, Loss_kernel 0.003, Train_accy 61.51
2025-06-27 02:39:24,120 [icarl.py] => Task 4, Epoch 15/200 => Loss 3.150, Loss_clf 1.191, Loss_kd 1.956, Loss_kernel 0.004, Train_accy 63.59
2025-06-27 02:39:49,812 [icarl.py] => Task 4, Epoch 16/200 => Loss 3.239, Loss_clf 1.236, Loss_kd 2.000, Loss_kernel 0.003, Train_accy 63.14, Test_accy {'Art': 24.14, 'Clipart': 49.43, 'Real World': 34.78, 'Product': 36.16}
2025-06-27 02:40:05,444 [icarl.py] => Task 4, Epoch 17/200 => Loss 3.111, Loss_clf 1.146, Loss_kd 1.961, Loss_kernel 0.003, Train_accy 64.77
2025-06-27 02:40:20,933 [icarl.py] => Task 4, Epoch 18/200 => Loss 3.038, Loss_clf 1.101, Loss_kd 1.934, Loss_kernel 0.003, Train_accy 67.20
2025-06-27 02:40:37,184 [icarl.py] => Task 4, Epoch 19/200 => Loss 3.030, Loss_clf 1.090, Loss_kd 1.936, Loss_kernel 0.004, Train_accy 67.03
2025-06-27 02:40:52,996 [icarl.py] => Task 4, Epoch 20/200 => Loss 2.967, Loss_clf 1.052, Loss_kd 1.912, Loss_kernel 0.003, Train_accy 68.67
2025-06-27 02:41:17,977 [icarl.py] => Task 4, Epoch 21/200 => Loss 2.952, Loss_clf 1.023, Loss_kd 1.926, Loss_kernel 0.003, Train_accy 68.55, Test_accy {'Art': 27.01, 'Clipart': 52.01, 'Real World': 35.94, 'Product': 39.45}
2025-06-27 02:41:33,492 [icarl.py] => Task 4, Epoch 22/200 => Loss 2.919, Loss_clf 1.003, Loss_kd 1.912, Loss_kernel 0.003, Train_accy 69.22
2025-06-27 02:41:48,763 [icarl.py] => Task 4, Epoch 23/200 => Loss 2.970, Loss_clf 1.042, Loss_kd 1.924, Loss_kernel 0.004, Train_accy 68.10
2025-06-27 02:42:04,766 [icarl.py] => Task 4, Epoch 24/200 => Loss 2.876, Loss_clf 0.974, Loss_kd 1.899, Loss_kernel 0.003, Train_accy 70.72
2025-06-27 02:42:21,303 [icarl.py] => Task 4, Epoch 25/200 => Loss 2.810, Loss_clf 0.935, Loss_kd 1.871, Loss_kernel 0.003, Train_accy 71.95
2025-06-27 02:42:46,495 [icarl.py] => Task 4, Epoch 26/200 => Loss 2.793, Loss_clf 0.903, Loss_kd 1.886, Loss_kernel 0.003, Train_accy 72.01, Test_accy {'Art': 29.89, 'Clipart': 48.28, 'Real World': 35.07, 'Product': 36.44}
2025-06-27 02:43:01,713 [icarl.py] => Task 4, Epoch 27/200 => Loss 2.712, Loss_clf 0.855, Loss_kd 1.854, Loss_kernel 0.003, Train_accy 74.16
2025-06-27 02:43:16,521 [icarl.py] => Task 4, Epoch 28/200 => Loss 2.661, Loss_clf 0.806, Loss_kd 1.852, Loss_kernel 0.003, Train_accy 75.88
2025-06-27 02:43:30,518 [icarl.py] => Task 4, Epoch 29/200 => Loss 2.629, Loss_clf 0.791, Loss_kd 1.835, Loss_kernel 0.003, Train_accy 75.54
2025-06-27 02:43:46,607 [icarl.py] => Task 4, Epoch 30/200 => Loss 2.734, Loss_clf 0.856, Loss_kd 1.875, Loss_kernel 0.003, Train_accy 73.85
2025-06-27 02:44:12,489 [icarl.py] => Task 4, Epoch 31/200 => Loss 2.734, Loss_clf 0.857, Loss_kd 1.873, Loss_kernel 0.003, Train_accy 73.22, Test_accy {'Art': 25.29, 'Clipart': 56.32, 'Real World': 42.32, 'Product': 40.0}
2025-06-27 02:44:30,491 [icarl.py] => Task 4, Epoch 32/200 => Loss 2.662, Loss_clf 0.794, Loss_kd 1.865, Loss_kernel 0.003, Train_accy 76.28
2025-06-27 02:44:46,099 [icarl.py] => Task 4, Epoch 33/200 => Loss 2.645, Loss_clf 0.793, Loss_kd 1.849, Loss_kernel 0.003, Train_accy 75.79
2025-06-27 02:45:00,759 [icarl.py] => Task 4, Epoch 34/200 => Loss 2.612, Loss_clf 0.767, Loss_kd 1.841, Loss_kernel 0.003, Train_accy 76.80
2025-06-27 02:45:15,707 [icarl.py] => Task 4, Epoch 35/200 => Loss 2.540, Loss_clf 0.714, Loss_kd 1.823, Loss_kernel 0.003, Train_accy 77.88
2025-06-27 02:45:40,281 [icarl.py] => Task 4, Epoch 36/200 => Loss 2.588, Loss_clf 0.751, Loss_kd 1.835, Loss_kernel 0.003, Train_accy 76.63, Test_accy {'Art': 33.91, 'Clipart': 54.89, 'Real World': 44.35, 'Product': 41.92}
2025-06-27 02:45:56,912 [icarl.py] => Task 4, Epoch 37/200 => Loss 2.489, Loss_clf 0.685, Loss_kd 1.802, Loss_kernel 0.003, Train_accy 79.19
2025-06-27 02:46:09,730 [icarl.py] => Task 4, Epoch 38/200 => Loss 2.459, Loss_clf 0.660, Loss_kd 1.796, Loss_kernel 0.003, Train_accy 79.93
2025-06-27 02:46:26,191 [icarl.py] => Task 4, Epoch 39/200 => Loss 2.511, Loss_clf 0.699, Loss_kd 1.808, Loss_kernel 0.003, Train_accy 79.89
2025-06-27 02:46:41,267 [icarl.py] => Task 4, Epoch 40/200 => Loss 2.533, Loss_clf 0.699, Loss_kd 1.831, Loss_kernel 0.003, Train_accy 79.11
2025-06-27 02:47:04,438 [icarl.py] => Task 4, Epoch 41/200 => Loss 2.505, Loss_clf 0.685, Loss_kd 1.817, Loss_kernel 0.003, Train_accy 79.87, Test_accy {'Art': 33.91, 'Clipart': 56.32, 'Real World': 42.32, 'Product': 41.37}
2025-06-27 02:47:20,184 [icarl.py] => Task 4, Epoch 42/200 => Loss 2.439, Loss_clf 0.641, Loss_kd 1.794, Loss_kernel 0.003, Train_accy 81.55
2025-06-27 02:47:36,631 [icarl.py] => Task 4, Epoch 43/200 => Loss 2.456, Loss_clf 0.648, Loss_kd 1.805, Loss_kernel 0.003, Train_accy 80.25
2025-06-27 02:47:52,348 [icarl.py] => Task 4, Epoch 44/200 => Loss 2.468, Loss_clf 0.672, Loss_kd 1.793, Loss_kernel 0.003, Train_accy 79.79
2025-06-27 02:48:07,277 [icarl.py] => Task 4, Epoch 45/200 => Loss 2.440, Loss_clf 0.638, Loss_kd 1.799, Loss_kernel 0.003, Train_accy 80.98
2025-06-27 02:48:31,754 [icarl.py] => Task 4, Epoch 46/200 => Loss 2.499, Loss_clf 0.675, Loss_kd 1.821, Loss_kernel 0.003, Train_accy 79.77, Test_accy {'Art': 33.33, 'Clipart': 58.91, 'Real World': 41.16, 'Product': 42.19}
2025-06-27 02:48:48,884 [icarl.py] => Task 4, Epoch 47/200 => Loss 2.410, Loss_clf 0.618, Loss_kd 1.789, Loss_kernel 0.003, Train_accy 81.32
2025-06-27 02:49:04,431 [icarl.py] => Task 4, Epoch 48/200 => Loss 2.446, Loss_clf 0.643, Loss_kd 1.801, Loss_kernel 0.003, Train_accy 81.78
2025-06-27 02:49:19,018 [icarl.py] => Task 4, Epoch 49/200 => Loss 2.416, Loss_clf 0.619, Loss_kd 1.794, Loss_kernel 0.003, Train_accy 81.27
2025-06-27 02:49:35,190 [icarl.py] => Task 4, Epoch 50/200 => Loss 2.409, Loss_clf 0.619, Loss_kd 1.787, Loss_kernel 0.003, Train_accy 81.84
2025-06-27 02:49:58,324 [icarl.py] => Task 4, Epoch 51/200 => Loss 2.300, Loss_clf 0.532, Loss_kd 1.765, Loss_kernel 0.003, Train_accy 84.60, Test_accy {'Art': 30.46, 'Clipart': 61.78, 'Real World': 40.29, 'Product': 44.66}
2025-06-27 02:50:13,927 [icarl.py] => Task 4, Epoch 52/200 => Loss 2.306, Loss_clf 0.534, Loss_kd 1.769, Loss_kernel 0.003, Train_accy 84.22
2025-06-27 02:50:29,455 [icarl.py] => Task 4, Epoch 53/200 => Loss 2.364, Loss_clf 0.582, Loss_kd 1.779, Loss_kernel 0.003, Train_accy 82.94
2025-06-27 02:50:43,410 [icarl.py] => Task 4, Epoch 54/200 => Loss 2.282, Loss_clf 0.521, Loss_kd 1.758, Loss_kernel 0.003, Train_accy 84.25
2025-06-27 02:50:57,560 [icarl.py] => Task 4, Epoch 55/200 => Loss 2.330, Loss_clf 0.566, Loss_kd 1.761, Loss_kernel 0.003, Train_accy 83.59
2025-06-27 02:51:21,971 [icarl.py] => Task 4, Epoch 56/200 => Loss 2.329, Loss_clf 0.552, Loss_kd 1.774, Loss_kernel 0.003, Train_accy 83.96, Test_accy {'Art': 37.93, 'Clipart': 64.94, 'Real World': 44.64, 'Product': 44.93}
2025-06-27 02:51:36,831 [icarl.py] => Task 4, Epoch 57/200 => Loss 2.307, Loss_clf 0.547, Loss_kd 1.758, Loss_kernel 0.003, Train_accy 84.03
2025-06-27 02:51:51,924 [icarl.py] => Task 4, Epoch 58/200 => Loss 2.245, Loss_clf 0.481, Loss_kd 1.762, Loss_kernel 0.003, Train_accy 86.20
2025-06-27 02:52:06,485 [icarl.py] => Task 4, Epoch 59/200 => Loss 2.314, Loss_clf 0.534, Loss_kd 1.777, Loss_kernel 0.003, Train_accy 83.97
2025-06-27 02:52:19,909 [icarl.py] => Task 4, Epoch 60/200 => Loss 2.226, Loss_clf 0.489, Loss_kd 1.734, Loss_kernel 0.002, Train_accy 85.69
2025-06-27 02:52:42,327 [icarl.py] => Task 4, Epoch 61/200 => Loss 2.285, Loss_clf 0.523, Loss_kd 1.759, Loss_kernel 0.003, Train_accy 85.06, Test_accy {'Art': 35.06, 'Clipart': 62.07, 'Real World': 45.22, 'Product': 39.45}
2025-06-27 02:52:56,971 [icarl.py] => Task 4, Epoch 62/200 => Loss 2.274, Loss_clf 0.516, Loss_kd 1.756, Loss_kernel 0.002, Train_accy 84.10
2025-06-27 02:53:11,841 [icarl.py] => Task 4, Epoch 63/200 => Loss 2.160, Loss_clf 0.442, Loss_kd 1.715, Loss_kernel 0.002, Train_accy 86.92
2025-06-27 02:53:27,443 [icarl.py] => Task 4, Epoch 64/200 => Loss 2.218, Loss_clf 0.470, Loss_kd 1.745, Loss_kernel 0.002, Train_accy 86.34
2025-06-27 02:53:42,629 [icarl.py] => Task 4, Epoch 65/200 => Loss 2.196, Loss_clf 0.460, Loss_kd 1.733, Loss_kernel 0.002, Train_accy 86.37
2025-06-27 02:54:05,866 [icarl.py] => Task 4, Epoch 66/200 => Loss 2.238, Loss_clf 0.486, Loss_kd 1.749, Loss_kernel 0.003, Train_accy 85.73, Test_accy {'Art': 34.48, 'Clipart': 60.06, 'Real World': 47.83, 'Product': 46.3}
2025-06-27 02:54:21,531 [icarl.py] => Task 4, Epoch 67/200 => Loss 2.215, Loss_clf 0.477, Loss_kd 1.736, Loss_kernel 0.002, Train_accy 85.51
2025-06-27 02:54:35,587 [icarl.py] => Task 4, Epoch 68/200 => Loss 2.216, Loss_clf 0.473, Loss_kd 1.741, Loss_kernel 0.002, Train_accy 86.40
2025-06-27 02:54:50,347 [icarl.py] => Task 4, Epoch 69/200 => Loss 2.241, Loss_clf 0.500, Loss_kd 1.738, Loss_kernel 0.003, Train_accy 84.64
2025-06-27 02:55:05,080 [icarl.py] => Task 4, Epoch 70/200 => Loss 2.151, Loss_clf 0.440, Loss_kd 1.708, Loss_kernel 0.002, Train_accy 86.96
2025-06-27 02:55:29,708 [icarl.py] => Task 4, Epoch 71/200 => Loss 2.172, Loss_clf 0.440, Loss_kd 1.730, Loss_kernel 0.002, Train_accy 87.22, Test_accy {'Art': 36.78, 'Clipart': 60.06, 'Real World': 44.64, 'Product': 45.75}
2025-06-27 02:55:42,293 [icarl.py] => Task 4, Epoch 72/200 => Loss 2.116, Loss_clf 0.405, Loss_kd 1.709, Loss_kernel 0.002, Train_accy 88.06
2025-06-27 02:55:56,169 [icarl.py] => Task 4, Epoch 73/200 => Loss 2.153, Loss_clf 0.421, Loss_kd 1.730, Loss_kernel 0.002, Train_accy 87.61
2025-06-27 02:56:11,220 [icarl.py] => Task 4, Epoch 74/200 => Loss 2.161, Loss_clf 0.440, Loss_kd 1.719, Loss_kernel 0.002, Train_accy 87.26
2025-06-27 02:56:26,164 [icarl.py] => Task 4, Epoch 75/200 => Loss 2.176, Loss_clf 0.454, Loss_kd 1.719, Loss_kernel 0.002, Train_accy 86.26
2025-06-27 02:56:50,286 [icarl.py] => Task 4, Epoch 76/200 => Loss 2.183, Loss_clf 0.461, Loss_kd 1.719, Loss_kernel 0.002, Train_accy 85.96, Test_accy {'Art': 37.36, 'Clipart': 60.34, 'Real World': 45.51, 'Product': 41.92}
2025-06-27 02:57:04,085 [icarl.py] => Task 4, Epoch 77/200 => Loss 2.123, Loss_clf 0.412, Loss_kd 1.709, Loss_kernel 0.002, Train_accy 87.76
2025-06-27 02:57:20,145 [icarl.py] => Task 4, Epoch 78/200 => Loss 2.135, Loss_clf 0.428, Loss_kd 1.705, Loss_kernel 0.002, Train_accy 87.66
2025-06-27 02:57:34,246 [icarl.py] => Task 4, Epoch 79/200 => Loss 2.156, Loss_clf 0.437, Loss_kd 1.717, Loss_kernel 0.002, Train_accy 87.46
2025-06-27 02:57:49,251 [icarl.py] => Task 4, Epoch 80/200 => Loss 2.128, Loss_clf 0.407, Loss_kd 1.719, Loss_kernel 0.002, Train_accy 88.44
2025-06-27 02:58:11,709 [icarl.py] => Task 4, Epoch 81/200 => Loss 2.059, Loss_clf 0.367, Loss_kd 1.690, Loss_kernel 0.002, Train_accy 89.15, Test_accy {'Art': 35.06, 'Clipart': 58.91, 'Real World': 42.9, 'Product': 50.14}
2025-06-27 02:58:25,862 [icarl.py] => Task 4, Epoch 82/200 => Loss 2.073, Loss_clf 0.375, Loss_kd 1.696, Loss_kernel 0.002, Train_accy 88.96
2025-06-27 02:58:40,425 [icarl.py] => Task 4, Epoch 83/200 => Loss 2.043, Loss_clf 0.354, Loss_kd 1.687, Loss_kernel 0.002, Train_accy 90.03
2025-06-27 02:58:52,709 [icarl.py] => Task 4, Epoch 84/200 => Loss 2.049, Loss_clf 0.362, Loss_kd 1.685, Loss_kernel 0.002, Train_accy 89.72
2025-06-27 02:59:07,279 [icarl.py] => Task 4, Epoch 85/200 => Loss 2.055, Loss_clf 0.353, Loss_kd 1.700, Loss_kernel 0.002, Train_accy 89.83
2025-06-27 02:59:29,584 [icarl.py] => Task 4, Epoch 86/200 => Loss 2.016, Loss_clf 0.332, Loss_kd 1.683, Loss_kernel 0.002, Train_accy 90.62, Test_accy {'Art': 30.46, 'Clipart': 61.78, 'Real World': 39.71, 'Product': 42.47}
2025-06-27 02:59:42,599 [icarl.py] => Task 4, Epoch 87/200 => Loss 2.014, Loss_clf 0.335, Loss_kd 1.678, Loss_kernel 0.002, Train_accy 90.47
2025-06-27 02:59:57,665 [icarl.py] => Task 4, Epoch 88/200 => Loss 2.047, Loss_clf 0.350, Loss_kd 1.696, Loss_kernel 0.002, Train_accy 90.01
2025-06-27 03:00:11,660 [icarl.py] => Task 4, Epoch 89/200 => Loss 2.024, Loss_clf 0.345, Loss_kd 1.677, Loss_kernel 0.002, Train_accy 89.67
2025-06-27 03:00:24,362 [icarl.py] => Task 4, Epoch 90/200 => Loss 1.981, Loss_clf 0.318, Loss_kd 1.662, Loss_kernel 0.002, Train_accy 91.15
2025-06-27 03:00:46,512 [icarl.py] => Task 4, Epoch 91/200 => Loss 1.985, Loss_clf 0.325, Loss_kd 1.658, Loss_kernel 0.002, Train_accy 90.33, Test_accy {'Art': 37.36, 'Clipart': 60.34, 'Real World': 46.96, 'Product': 45.48}
2025-06-27 03:01:00,805 [icarl.py] => Task 4, Epoch 92/200 => Loss 2.020, Loss_clf 0.334, Loss_kd 1.684, Loss_kernel 0.002, Train_accy 90.35
2025-06-27 03:01:12,999 [icarl.py] => Task 4, Epoch 93/200 => Loss 1.993, Loss_clf 0.314, Loss_kd 1.677, Loss_kernel 0.002, Train_accy 91.14
2025-06-27 03:01:26,014 [icarl.py] => Task 4, Epoch 94/200 => Loss 1.958, Loss_clf 0.312, Loss_kd 1.644, Loss_kernel 0.002, Train_accy 90.62
2025-06-27 03:01:40,160 [icarl.py] => Task 4, Epoch 95/200 => Loss 1.937, Loss_clf 0.271, Loss_kd 1.664, Loss_kernel 0.002, Train_accy 92.60
2025-06-27 03:02:02,096 [icarl.py] => Task 4, Epoch 96/200 => Loss 2.044, Loss_clf 0.351, Loss_kd 1.691, Loss_kernel 0.002, Train_accy 89.75, Test_accy {'Art': 36.78, 'Clipart': 56.9, 'Real World': 43.19, 'Product': 43.84}
2025-06-27 03:02:15,802 [icarl.py] => Task 4, Epoch 97/200 => Loss 1.959, Loss_clf 0.299, Loss_kd 1.659, Loss_kernel 0.002, Train_accy 91.80
2025-06-27 03:02:30,593 [icarl.py] => Task 4, Epoch 98/200 => Loss 1.934, Loss_clf 0.285, Loss_kd 1.648, Loss_kernel 0.002, Train_accy 91.49
2025-06-27 03:02:44,097 [icarl.py] => Task 4, Epoch 99/200 => Loss 1.947, Loss_clf 0.284, Loss_kd 1.661, Loss_kernel 0.002, Train_accy 92.38
2025-06-27 03:02:57,526 [icarl.py] => Task 4, Epoch 100/200 => Loss 1.944, Loss_clf 0.293, Loss_kd 1.649, Loss_kernel 0.002, Train_accy 91.91
2025-06-27 03:03:19,709 [icarl.py] => Task 4, Epoch 101/200 => Loss 1.979, Loss_clf 0.311, Loss_kd 1.666, Loss_kernel 0.002, Train_accy 90.84, Test_accy {'Art': 35.06, 'Clipart': 60.63, 'Real World': 42.32, 'Product': 44.66}
2025-06-27 03:03:33,024 [icarl.py] => Task 4, Epoch 102/200 => Loss 1.974, Loss_clf 0.299, Loss_kd 1.673, Loss_kernel 0.002, Train_accy 91.49
2025-06-27 03:03:46,068 [icarl.py] => Task 4, Epoch 103/200 => Loss 1.902, Loss_clf 0.266, Loss_kd 1.634, Loss_kernel 0.002, Train_accy 92.41
2025-06-27 03:03:58,636 [icarl.py] => Task 4, Epoch 104/200 => Loss 1.931, Loss_clf 0.282, Loss_kd 1.648, Loss_kernel 0.002, Train_accy 92.03
2025-06-27 03:04:10,958 [icarl.py] => Task 4, Epoch 105/200 => Loss 1.943, Loss_clf 0.279, Loss_kd 1.662, Loss_kernel 0.002, Train_accy 92.41
2025-06-27 03:04:32,980 [icarl.py] => Task 4, Epoch 106/200 => Loss 1.947, Loss_clf 0.291, Loss_kd 1.654, Loss_kernel 0.002, Train_accy 91.72, Test_accy {'Art': 32.18, 'Clipart': 59.48, 'Real World': 42.03, 'Product': 47.67}
2025-06-27 03:04:46,256 [icarl.py] => Task 4, Epoch 107/200 => Loss 1.966, Loss_clf 0.309, Loss_kd 1.655, Loss_kernel 0.002, Train_accy 91.43
2025-06-27 03:05:01,132 [icarl.py] => Task 4, Epoch 108/200 => Loss 1.882, Loss_clf 0.245, Loss_kd 1.635, Loss_kernel 0.002, Train_accy 93.22
2025-06-27 03:05:12,866 [icarl.py] => Task 4, Epoch 109/200 => Loss 1.887, Loss_clf 0.247, Loss_kd 1.639, Loss_kernel 0.002, Train_accy 92.86
2025-06-27 03:05:26,192 [icarl.py] => Task 4, Epoch 110/200 => Loss 1.890, Loss_clf 0.260, Loss_kd 1.629, Loss_kernel 0.002, Train_accy 92.20
2025-06-27 03:05:49,547 [icarl.py] => Task 4, Epoch 111/200 => Loss 1.899, Loss_clf 0.270, Loss_kd 1.628, Loss_kernel 0.002, Train_accy 92.29, Test_accy {'Art': 37.36, 'Clipart': 60.34, 'Real World': 46.09, 'Product': 47.4}
2025-06-27 03:06:03,978 [icarl.py] => Task 4, Epoch 112/200 => Loss 1.898, Loss_clf 0.256, Loss_kd 1.640, Loss_kernel 0.002, Train_accy 93.06
2025-06-27 03:06:16,483 [icarl.py] => Task 4, Epoch 113/200 => Loss 1.834, Loss_clf 0.210, Loss_kd 1.622, Loss_kernel 0.002, Train_accy 94.58
2025-06-27 03:06:30,641 [icarl.py] => Task 4, Epoch 114/200 => Loss 1.858, Loss_clf 0.233, Loss_kd 1.624, Loss_kernel 0.002, Train_accy 93.41
2025-06-27 03:06:44,027 [icarl.py] => Task 4, Epoch 115/200 => Loss 1.871, Loss_clf 0.248, Loss_kd 1.621, Loss_kernel 0.002, Train_accy 92.89
2025-06-27 03:07:06,640 [icarl.py] => Task 4, Epoch 116/200 => Loss 1.853, Loss_clf 0.228, Loss_kd 1.624, Loss_kernel 0.002, Train_accy 93.59, Test_accy {'Art': 35.06, 'Clipart': 59.77, 'Real World': 45.8, 'Product': 44.11}
2025-06-27 03:07:19,778 [icarl.py] => Task 4, Epoch 117/200 => Loss 1.846, Loss_clf 0.234, Loss_kd 1.610, Loss_kernel 0.002, Train_accy 93.22
2025-06-27 03:07:32,120 [icarl.py] => Task 4, Epoch 118/200 => Loss 1.820, Loss_clf 0.198, Loss_kd 1.621, Loss_kernel 0.002, Train_accy 94.48
2025-06-27 03:07:43,766 [icarl.py] => Task 4, Epoch 119/200 => Loss 1.797, Loss_clf 0.191, Loss_kd 1.605, Loss_kernel 0.002, Train_accy 94.94
2025-06-27 03:07:56,253 [icarl.py] => Task 4, Epoch 120/200 => Loss 1.842, Loss_clf 0.221, Loss_kd 1.620, Loss_kernel 0.002, Train_accy 93.73
2025-06-27 03:08:18,594 [icarl.py] => Task 4, Epoch 121/200 => Loss 1.812, Loss_clf 0.205, Loss_kd 1.606, Loss_kernel 0.002, Train_accy 94.06, Test_accy {'Art': 36.21, 'Clipart': 62.07, 'Real World': 48.99, 'Product': 49.32}
2025-06-27 03:08:31,788 [icarl.py] => Task 4, Epoch 122/200 => Loss 1.814, Loss_clf 0.204, Loss_kd 1.608, Loss_kernel 0.002, Train_accy 94.53
2025-06-27 03:08:44,178 [icarl.py] => Task 4, Epoch 123/200 => Loss 1.801, Loss_clf 0.193, Loss_kd 1.607, Loss_kernel 0.002, Train_accy 94.27
2025-06-27 03:08:57,782 [icarl.py] => Task 4, Epoch 124/200 => Loss 1.814, Loss_clf 0.206, Loss_kd 1.606, Loss_kernel 0.002, Train_accy 94.63
2025-06-27 03:09:10,230 [icarl.py] => Task 4, Epoch 125/200 => Loss 1.803, Loss_clf 0.199, Loss_kd 1.603, Loss_kernel 0.002, Train_accy 94.72
2025-06-27 03:09:31,787 [icarl.py] => Task 4, Epoch 126/200 => Loss 1.819, Loss_clf 0.208, Loss_kd 1.609, Loss_kernel 0.002, Train_accy 94.14, Test_accy {'Art': 38.51, 'Clipart': 62.07, 'Real World': 46.67, 'Product': 49.32}
2025-06-27 03:09:45,463 [icarl.py] => Task 4, Epoch 127/200 => Loss 1.804, Loss_clf 0.194, Loss_kd 1.608, Loss_kernel 0.002, Train_accy 94.50
2025-06-27 03:09:59,230 [icarl.py] => Task 4, Epoch 128/200 => Loss 1.803, Loss_clf 0.196, Loss_kd 1.605, Loss_kernel 0.002, Train_accy 94.54
2025-06-27 03:10:11,493 [icarl.py] => Task 4, Epoch 129/200 => Loss 1.804, Loss_clf 0.183, Loss_kd 1.619, Loss_kernel 0.002, Train_accy 95.04
2025-06-27 03:10:24,975 [icarl.py] => Task 4, Epoch 130/200 => Loss 1.778, Loss_clf 0.180, Loss_kd 1.597, Loss_kernel 0.002, Train_accy 95.29
2025-06-27 03:10:47,171 [icarl.py] => Task 4, Epoch 131/200 => Loss 1.760, Loss_clf 0.173, Loss_kd 1.585, Loss_kernel 0.002, Train_accy 95.83, Test_accy {'Art': 36.21, 'Clipart': 60.63, 'Real World': 46.96, 'Product': 48.49}
2025-06-27 03:11:00,111 [icarl.py] => Task 4, Epoch 132/200 => Loss 1.787, Loss_clf 0.189, Loss_kd 1.597, Loss_kernel 0.002, Train_accy 95.26
2025-06-27 03:11:14,737 [icarl.py] => Task 4, Epoch 133/200 => Loss 1.802, Loss_clf 0.201, Loss_kd 1.599, Loss_kernel 0.002, Train_accy 94.18
2025-06-27 03:11:27,164 [icarl.py] => Task 4, Epoch 134/200 => Loss 1.777, Loss_clf 0.171, Loss_kd 1.604, Loss_kernel 0.002, Train_accy 95.52
2025-06-27 03:11:41,675 [icarl.py] => Task 4, Epoch 135/200 => Loss 1.767, Loss_clf 0.170, Loss_kd 1.595, Loss_kernel 0.002, Train_accy 95.24
2025-06-27 03:12:03,373 [icarl.py] => Task 4, Epoch 136/200 => Loss 1.773, Loss_clf 0.171, Loss_kd 1.601, Loss_kernel 0.002, Train_accy 95.56, Test_accy {'Art': 36.21, 'Clipart': 61.78, 'Real World': 45.51, 'Product': 45.75}
2025-06-27 03:12:14,687 [icarl.py] => Task 4, Epoch 137/200 => Loss 1.781, Loss_clf 0.179, Loss_kd 1.600, Loss_kernel 0.002, Train_accy 95.36
2025-06-27 03:12:27,379 [icarl.py] => Task 4, Epoch 138/200 => Loss 1.748, Loss_clf 0.173, Loss_kd 1.574, Loss_kernel 0.002, Train_accy 95.29
2025-06-27 03:12:39,945 [icarl.py] => Task 4, Epoch 139/200 => Loss 1.768, Loss_clf 0.178, Loss_kd 1.589, Loss_kernel 0.002, Train_accy 95.06
2025-06-27 03:12:52,424 [icarl.py] => Task 4, Epoch 140/200 => Loss 1.745, Loss_clf 0.151, Loss_kd 1.593, Loss_kernel 0.002, Train_accy 95.95
2025-06-27 03:13:15,834 [icarl.py] => Task 4, Epoch 141/200 => Loss 1.767, Loss_clf 0.171, Loss_kd 1.595, Loss_kernel 0.002, Train_accy 95.31, Test_accy {'Art': 33.91, 'Clipart': 61.21, 'Real World': 45.51, 'Product': 46.85}
2025-06-27 03:13:27,204 [icarl.py] => Task 4, Epoch 142/200 => Loss 1.732, Loss_clf 0.148, Loss_kd 1.582, Loss_kernel 0.002, Train_accy 96.04
2025-06-27 03:13:40,994 [icarl.py] => Task 4, Epoch 143/200 => Loss 1.733, Loss_clf 0.158, Loss_kd 1.574, Loss_kernel 0.002, Train_accy 96.12
2025-06-27 03:13:53,825 [icarl.py] => Task 4, Epoch 144/200 => Loss 1.711, Loss_clf 0.146, Loss_kd 1.564, Loss_kernel 0.002, Train_accy 95.62
2025-06-27 03:14:06,449 [icarl.py] => Task 4, Epoch 145/200 => Loss 1.728, Loss_clf 0.146, Loss_kd 1.580, Loss_kernel 0.002, Train_accy 96.29
2025-06-27 03:14:27,031 [icarl.py] => Task 4, Epoch 146/200 => Loss 1.721, Loss_clf 0.140, Loss_kd 1.579, Loss_kernel 0.002, Train_accy 96.14, Test_accy {'Art': 36.78, 'Clipart': 61.21, 'Real World': 47.25, 'Product': 48.22}
2025-06-27 03:14:40,155 [icarl.py] => Task 4, Epoch 147/200 => Loss 1.708, Loss_clf 0.136, Loss_kd 1.570, Loss_kernel 0.002, Train_accy 96.16
2025-06-27 03:14:53,503 [icarl.py] => Task 4, Epoch 148/200 => Loss 1.736, Loss_clf 0.154, Loss_kd 1.580, Loss_kernel 0.001, Train_accy 96.21
2025-06-27 03:15:07,370 [icarl.py] => Task 4, Epoch 149/200 => Loss 1.707, Loss_clf 0.129, Loss_kd 1.577, Loss_kernel 0.001, Train_accy 96.68
2025-06-27 03:15:20,227 [icarl.py] => Task 4, Epoch 150/200 => Loss 1.765, Loss_clf 0.170, Loss_kd 1.594, Loss_kernel 0.001, Train_accy 95.62
2025-06-27 03:15:41,989 [icarl.py] => Task 4, Epoch 151/200 => Loss 1.688, Loss_clf 0.124, Loss_kd 1.563, Loss_kernel 0.002, Train_accy 96.56, Test_accy {'Art': 37.93, 'Clipart': 60.63, 'Real World': 46.96, 'Product': 47.12}
2025-06-27 03:15:55,392 [icarl.py] => Task 4, Epoch 152/200 => Loss 1.732, Loss_clf 0.151, Loss_kd 1.579, Loss_kernel 0.001, Train_accy 96.07
2025-06-27 03:16:07,751 [icarl.py] => Task 4, Epoch 153/200 => Loss 1.729, Loss_clf 0.144, Loss_kd 1.583, Loss_kernel 0.001, Train_accy 96.00
2025-06-27 03:16:19,849 [icarl.py] => Task 4, Epoch 154/200 => Loss 1.736, Loss_clf 0.149, Loss_kd 1.586, Loss_kernel 0.001, Train_accy 96.14
2025-06-27 03:16:32,215 [icarl.py] => Task 4, Epoch 155/200 => Loss 1.715, Loss_clf 0.131, Loss_kd 1.582, Loss_kernel 0.002, Train_accy 96.67
2025-06-27 03:16:52,781 [icarl.py] => Task 4, Epoch 156/200 => Loss 1.689, Loss_clf 0.131, Loss_kd 1.557, Loss_kernel 0.001, Train_accy 96.81, Test_accy {'Art': 38.51, 'Clipart': 61.21, 'Real World': 47.25, 'Product': 45.48}
2025-06-27 03:17:05,025 [icarl.py] => Task 4, Epoch 157/200 => Loss 1.689, Loss_clf 0.120, Loss_kd 1.568, Loss_kernel 0.001, Train_accy 96.71
2025-06-27 03:17:18,175 [icarl.py] => Task 4, Epoch 158/200 => Loss 1.696, Loss_clf 0.135, Loss_kd 1.559, Loss_kernel 0.001, Train_accy 96.64
2025-06-27 03:17:30,069 [icarl.py] => Task 4, Epoch 159/200 => Loss 1.699, Loss_clf 0.132, Loss_kd 1.565, Loss_kernel 0.001, Train_accy 96.52
2025-06-27 03:17:42,417 [icarl.py] => Task 4, Epoch 160/200 => Loss 1.700, Loss_clf 0.125, Loss_kd 1.573, Loss_kernel 0.001, Train_accy 96.71
2025-06-27 03:18:03,170 [icarl.py] => Task 4, Epoch 161/200 => Loss 1.671, Loss_clf 0.117, Loss_kd 1.553, Loss_kernel 0.001, Train_accy 97.09, Test_accy {'Art': 35.06, 'Clipart': 60.63, 'Real World': 45.8, 'Product': 47.67}
2025-06-27 03:18:15,251 [icarl.py] => Task 4, Epoch 162/200 => Loss 1.680, Loss_clf 0.117, Loss_kd 1.561, Loss_kernel 0.001, Train_accy 96.92
2025-06-27 03:18:26,985 [icarl.py] => Task 4, Epoch 163/200 => Loss 1.710, Loss_clf 0.137, Loss_kd 1.572, Loss_kernel 0.001, Train_accy 96.24
2025-06-27 03:18:39,227 [icarl.py] => Task 4, Epoch 164/200 => Loss 1.671, Loss_clf 0.123, Loss_kd 1.546, Loss_kernel 0.001, Train_accy 97.10
2025-06-27 03:18:50,992 [icarl.py] => Task 4, Epoch 165/200 => Loss 1.690, Loss_clf 0.116, Loss_kd 1.572, Loss_kernel 0.001, Train_accy 97.24
2025-06-27 03:19:11,678 [icarl.py] => Task 4, Epoch 166/200 => Loss 1.706, Loss_clf 0.129, Loss_kd 1.575, Loss_kernel 0.001, Train_accy 96.61, Test_accy {'Art': 37.93, 'Clipart': 59.2, 'Real World': 46.67, 'Product': 45.21}
2025-06-27 03:19:22,706 [icarl.py] => Task 4, Epoch 167/200 => Loss 1.677, Loss_clf 0.112, Loss_kd 1.563, Loss_kernel 0.001, Train_accy 97.23
2025-06-27 03:19:35,186 [icarl.py] => Task 4, Epoch 168/200 => Loss 1.654, Loss_clf 0.105, Loss_kd 1.547, Loss_kernel 0.001, Train_accy 97.29
2025-06-27 03:19:48,016 [icarl.py] => Task 4, Epoch 169/200 => Loss 1.651, Loss_clf 0.097, Loss_kd 1.553, Loss_kernel 0.001, Train_accy 97.78
2025-06-27 03:19:58,862 [icarl.py] => Task 4, Epoch 170/200 => Loss 1.664, Loss_clf 0.112, Loss_kd 1.551, Loss_kernel 0.001, Train_accy 97.08
2025-06-27 03:20:19,610 [icarl.py] => Task 4, Epoch 171/200 => Loss 1.656, Loss_clf 0.108, Loss_kd 1.547, Loss_kernel 0.001, Train_accy 97.68, Test_accy {'Art': 37.36, 'Clipart': 60.06, 'Real World': 45.8, 'Product': 45.75}
2025-06-27 03:20:32,144 [icarl.py] => Task 4, Epoch 172/200 => Loss 1.694, Loss_clf 0.128, Loss_kd 1.565, Loss_kernel 0.001, Train_accy 96.95
2025-06-27 03:20:45,177 [icarl.py] => Task 4, Epoch 173/200 => Loss 1.676, Loss_clf 0.114, Loss_kd 1.560, Loss_kernel 0.001, Train_accy 97.17
2025-06-27 03:20:56,992 [icarl.py] => Task 4, Epoch 174/200 => Loss 1.656, Loss_clf 0.110, Loss_kd 1.545, Loss_kernel 0.001, Train_accy 97.53
2025-06-27 03:21:08,654 [icarl.py] => Task 4, Epoch 175/200 => Loss 1.666, Loss_clf 0.098, Loss_kd 1.566, Loss_kernel 0.001, Train_accy 97.67
2025-06-27 03:21:28,526 [icarl.py] => Task 4, Epoch 176/200 => Loss 1.668, Loss_clf 0.107, Loss_kd 1.559, Loss_kernel 0.001, Train_accy 97.34, Test_accy {'Art': 36.78, 'Clipart': 60.06, 'Real World': 46.38, 'Product': 45.75}
2025-06-27 03:21:40,120 [icarl.py] => Task 4, Epoch 177/200 => Loss 1.683, Loss_clf 0.110, Loss_kd 1.571, Loss_kernel 0.001, Train_accy 97.63
2025-06-27 03:21:51,717 [icarl.py] => Task 4, Epoch 178/200 => Loss 1.671, Loss_clf 0.116, Loss_kd 1.554, Loss_kernel 0.001, Train_accy 97.25
2025-06-27 03:22:02,855 [icarl.py] => Task 4, Epoch 179/200 => Loss 1.664, Loss_clf 0.102, Loss_kd 1.561, Loss_kernel 0.001, Train_accy 97.53
2025-06-27 03:22:14,323 [icarl.py] => Task 4, Epoch 180/200 => Loss 1.656, Loss_clf 0.097, Loss_kd 1.558, Loss_kernel 0.001, Train_accy 97.62
2025-06-27 03:22:34,844 [icarl.py] => Task 4, Epoch 181/200 => Loss 1.631, Loss_clf 0.096, Loss_kd 1.533, Loss_kernel 0.001, Train_accy 97.68, Test_accy {'Art': 38.51, 'Clipart': 60.63, 'Real World': 45.22, 'Product': 46.03}
2025-06-27 03:22:46,009 [icarl.py] => Task 4, Epoch 182/200 => Loss 1.650, Loss_clf 0.097, Loss_kd 1.552, Loss_kernel 0.001, Train_accy 97.67
2025-06-27 03:22:57,325 [icarl.py] => Task 4, Epoch 183/200 => Loss 1.649, Loss_clf 0.102, Loss_kd 1.546, Loss_kernel 0.001, Train_accy 97.62
2025-06-27 03:23:08,006 [icarl.py] => Task 4, Epoch 184/200 => Loss 1.641, Loss_clf 0.091, Loss_kd 1.549, Loss_kernel 0.001, Train_accy 97.82
2025-06-27 03:23:19,308 [icarl.py] => Task 4, Epoch 185/200 => Loss 1.684, Loss_clf 0.123, Loss_kd 1.560, Loss_kernel 0.001, Train_accy 96.71
2025-06-27 03:23:39,980 [icarl.py] => Task 4, Epoch 186/200 => Loss 1.672, Loss_clf 0.101, Loss_kd 1.569, Loss_kernel 0.001, Train_accy 97.10, Test_accy {'Art': 38.51, 'Clipart': 60.63, 'Real World': 46.38, 'Product': 46.3}
2025-06-27 03:23:50,567 [icarl.py] => Task 4, Epoch 187/200 => Loss 1.636, Loss_clf 0.089, Loss_kd 1.545, Loss_kernel 0.001, Train_accy 97.71
2025-06-27 03:24:01,631 [icarl.py] => Task 4, Epoch 188/200 => Loss 1.658, Loss_clf 0.103, Loss_kd 1.554, Loss_kernel 0.001, Train_accy 97.53
2025-06-27 03:24:12,564 [icarl.py] => Task 4, Epoch 189/200 => Loss 1.647, Loss_clf 0.096, Loss_kd 1.551, Loss_kernel 0.001, Train_accy 97.78
2025-06-27 03:24:22,903 [icarl.py] => Task 4, Epoch 190/200 => Loss 1.638, Loss_clf 0.093, Loss_kd 1.544, Loss_kernel 0.001, Train_accy 97.67
2025-06-27 03:24:42,767 [icarl.py] => Task 4, Epoch 191/200 => Loss 1.663, Loss_clf 0.099, Loss_kd 1.563, Loss_kernel 0.001, Train_accy 97.62, Test_accy {'Art': 36.78, 'Clipart': 60.34, 'Real World': 45.51, 'Product': 46.85}
2025-06-27 03:24:54,654 [icarl.py] => Task 4, Epoch 192/200 => Loss 1.668, Loss_clf 0.114, Loss_kd 1.553, Loss_kernel 0.001, Train_accy 97.49
2025-06-27 03:25:06,110 [icarl.py] => Task 4, Epoch 193/200 => Loss 1.660, Loss_clf 0.102, Loss_kd 1.557, Loss_kernel 0.001, Train_accy 97.47
2025-06-27 03:25:17,032 [icarl.py] => Task 4, Epoch 194/200 => Loss 1.632, Loss_clf 0.091, Loss_kd 1.539, Loss_kernel 0.001, Train_accy 97.72
2025-06-27 03:25:27,999 [icarl.py] => Task 4, Epoch 195/200 => Loss 1.630, Loss_clf 0.096, Loss_kd 1.532, Loss_kernel 0.001, Train_accy 97.72
2025-06-27 03:25:48,558 [icarl.py] => Task 4, Epoch 196/200 => Loss 1.663, Loss_clf 0.104, Loss_kd 1.558, Loss_kernel 0.001, Train_accy 97.48, Test_accy {'Art': 36.78, 'Clipart': 60.06, 'Real World': 45.51, 'Product': 46.03}
2025-06-27 03:25:59,191 [icarl.py] => Task 4, Epoch 197/200 => Loss 1.650, Loss_clf 0.096, Loss_kd 1.553, Loss_kernel 0.001, Train_accy 97.82
2025-06-27 03:26:10,189 [icarl.py] => Task 4, Epoch 198/200 => Loss 1.698, Loss_clf 0.116, Loss_kd 1.580, Loss_kernel 0.001, Train_accy 96.66
2025-06-27 03:26:20,610 [icarl.py] => Task 4, Epoch 199/200 => Loss 1.658, Loss_clf 0.092, Loss_kd 1.564, Loss_kernel 0.001, Train_accy 98.05
2025-06-27 03:26:31,884 [icarl.py] => Task 4, Epoch 200/200 => Loss 1.682, Loss_clf 0.117, Loss_kd 1.563, Loss_kernel 0.001, Train_accy 97.01
2025-06-27 03:26:31,887 [base.py] => Reducing exemplars...(52 per classes)
2025-06-27 03:26:51,818 [base.py] => Constructing exemplars...(52 per classes)
2025-06-27 03:27:22,367 [icarl.py] => Exemplar size: 1300
2025-06-27 03:27:23,414 [trainer.py] => CNN [Art]: {'total': 35.63, '00-04': 52.63, '05-09': 41.18, '10-14': 29.73, '15-19': 33.33, '20-24': 21.05, 'old': 39.71, 'new': 21.05}
2025-06-27 03:27:23,415 [trainer.py] => NME [Art]: {'total': 41.95, '00-04': 39.47, '05-09': 47.06, '10-14': 43.24, '15-19': 51.85, '20-24': 31.58, 'old': 44.85, 'new': 31.58}
2025-06-27 03:27:23,415 [trainer.py] => CNN [Art] top1 curve: [63.16, 52.78, 50.46, 42.65, 35.63]
2025-06-27 03:27:23,415 [trainer.py] => CNN [Art] top5 curve: [97.37, 83.33, 73.39, 72.79, 61.49]
2025-06-27 03:27:23,415 [trainer.py] => NME [Art] top1 curve: [71.05, 61.11, 51.38, 44.85, 41.95]
2025-06-27 03:27:23,416 [trainer.py] => NME [Art] top5 curve: [100.0, 86.11, 77.06, 72.06, 70.11]
2025-06-27 03:27:23,416 [trainer.py] => Average Accuracy [Art] (CNN): 48.936
2025-06-27 03:27:23,416 [trainer.py] => Average Accuracy [Art] (NME): 54.068000000000005
2025-06-27 03:27:23,416 [trainer.py] => CNN [Clipart]: {'total': 60.63, '00-04': 67.95, '05-09': 64.52, '10-14': 62.12, '15-19': 66.04, '20-24': 47.19, 'old': 65.25, 'new': 47.19}
2025-06-27 03:27:23,416 [trainer.py] => NME [Clipart]: {'total': 62.07, '00-04': 62.82, '05-09': 66.13, '10-14': 71.21, '15-19': 66.04, '20-24': 49.44, 'old': 66.41, 'new': 49.44}
2025-06-27 03:27:23,416 [trainer.py] => CNN [Clipart] top1 curve: [70.51, 64.29, 68.93, 67.18, 60.63]
2025-06-27 03:27:23,416 [trainer.py] => CNN [Clipart] top5 curve: [100.0, 91.43, 87.86, 84.56, 81.9]
2025-06-27 03:27:23,416 [trainer.py] => NME [Clipart] top1 curve: [69.23, 67.14, 72.33, 68.34, 62.07]
2025-06-27 03:27:23,417 [trainer.py] => NME [Clipart] top5 curve: [100.0, 92.14, 88.83, 84.94, 84.77]
2025-06-27 03:27:23,417 [trainer.py] => Average Accuracy [Clipart] (CNN): 66.308
2025-06-27 03:27:23,417 [trainer.py] => Average Accuracy [Clipart] (NME): 67.822
2025-06-27 03:27:23,417 [trainer.py] => CNN [Product]: {'total': 45.75, '00-04': 75.29, '05-09': 40.0, '10-14': 51.61, '15-19': 24.68, '20-24': 32.79, 'old': 48.36, 'new': 32.79}
2025-06-27 03:27:23,417 [trainer.py] => NME [Product]: {'total': 45.75, '00-04': 50.59, '05-09': 47.5, '10-14': 61.29, '15-19': 32.47, '20-24': 37.7, 'old': 47.37, 'new': 37.7}
2025-06-27 03:27:23,417 [trainer.py] => CNN [Product] top1 curve: [70.59, 53.33, 53.3, 47.37, 45.75]
2025-06-27 03:27:23,417 [trainer.py] => CNN [Product] top5 curve: [98.82, 87.27, 83.26, 79.28, 76.99]
2025-06-27 03:27:23,417 [trainer.py] => NME [Product] top1 curve: [69.41, 56.97, 55.07, 46.05, 45.75]
2025-06-27 03:27:23,417 [trainer.py] => NME [Product] top5 curve: [100.0, 94.55, 88.55, 84.21, 80.27]
2025-06-27 03:27:23,418 [trainer.py] => Average Accuracy [Product] (CNN): 54.068
2025-06-27 03:27:23,418 [trainer.py] => Average Accuracy [Product] (NME): 54.65
2025-06-27 03:27:23,418 [trainer.py] => CNN [Real World]: {'total': 44.64, '00-04': 65.75, '05-09': 55.88, '10-14': 37.5, '15-19': 40.3, '20-24': 21.54, 'old': 50.0, 'new': 21.54}
2025-06-27 03:27:23,418 [trainer.py] => NME [Real World]: {'total': 48.7, '00-04': 50.68, '05-09': 61.76, '10-14': 43.06, '15-19': 55.22, '20-24': 32.31, 'old': 52.5, 'new': 32.31}
2025-06-27 03:27:23,418 [trainer.py] => CNN [Real World] top1 curve: [69.86, 63.83, 55.4, 48.93, 44.64]
2025-06-27 03:27:23,418 [trainer.py] => CNN [Real World] top5 curve: [98.63, 92.2, 81.69, 77.5, 74.2]
2025-06-27 03:27:23,418 [trainer.py] => NME [Real World] top1 curve: [71.23, 60.28, 56.81, 52.86, 48.7]
2025-06-27 03:27:23,418 [trainer.py] => NME [Real World] top5 curve: [100.0, 94.33, 87.32, 82.86, 80.29]
2025-06-27 03:27:23,418 [trainer.py] => Average Accuracy [Real World] (CNN): 56.532
2025-06-27 03:27:23,418 [trainer.py] => Average Accuracy [Real World] (NME): 57.976
2025-06-27 03:27:23,418 [trainer.py] => NME Harmonic Mean : 48.1908
2025-06-27 03:27:23,418 [trainer.py] => NME Macro Mean : 49.6175
2025-06-27 03:27:23,418 [trainer.py] => CNN Harmonic Mean : 46.3504
2025-06-27 03:27:23,418 [trainer.py] => CNN Macro Mean : 46.6625
2025-06-27 03:27:23,419 [trainer.py] => All params: 21302627
2025-06-27 03:27:23,419 [trainer.py] => Trainable params: 21302627
2025-06-27 03:27:23,420 [icarl.py] => Learning on 25-30
2025-06-27 03:27:49,455 [icarl.py] => Task 5, Epoch 1/200 => Loss 4.893, Loss_clf 2.497, Loss_kd 2.393, Loss_kernel 0.003, Train_accy 36.63, Test_accy {'Art': 7.69, 'Clipart': 23.66, 'Real World': 15.4, 'Product': 14.41}
2025-06-27 03:28:02,780 [icarl.py] => Task 5, Epoch 2/200 => Loss 5.503, Loss_clf 2.733, Loss_kd 2.764, Loss_kernel 0.006, Train_accy 24.31
2025-06-27 03:28:16,567 [icarl.py] => Task 5, Epoch 3/200 => Loss 4.921, Loss_clf 2.349, Loss_kd 2.567, Loss_kernel 0.005, Train_accy 32.76
2025-06-27 03:28:31,109 [icarl.py] => Task 5, Epoch 4/200 => Loss 4.559, Loss_clf 2.106, Loss_kd 2.449, Loss_kernel 0.004, Train_accy 38.60
2025-06-27 03:28:46,139 [icarl.py] => Task 5, Epoch 5/200 => Loss 4.246, Loss_clf 1.880, Loss_kd 2.362, Loss_kernel 0.004, Train_accy 44.02
2025-06-27 03:29:11,650 [icarl.py] => Task 5, Epoch 6/200 => Loss 4.295, Loss_clf 1.932, Loss_kd 2.359, Loss_kernel 0.004, Train_accy 43.28, Test_accy {'Art': 21.15, 'Clipart': 40.49, 'Real World': 32.23, 'Product': 30.18}
2025-06-27 03:29:26,619 [icarl.py] => Task 5, Epoch 7/200 => Loss 4.035, Loss_clf 1.742, Loss_kd 2.289, Loss_kernel 0.004, Train_accy 47.55
2025-06-27 03:29:40,822 [icarl.py] => Task 5, Epoch 8/200 => Loss 3.989, Loss_clf 1.704, Loss_kd 2.282, Loss_kernel 0.004, Train_accy 48.80
2025-06-27 03:29:55,661 [icarl.py] => Task 5, Epoch 9/200 => Loss 3.876, Loss_clf 1.621, Loss_kd 2.251, Loss_kernel 0.004, Train_accy 51.20
2025-06-27 03:30:10,589 [icarl.py] => Task 5, Epoch 10/200 => Loss 3.740, Loss_clf 1.531, Loss_kd 2.205, Loss_kernel 0.004, Train_accy 53.03
2025-06-27 03:30:34,308 [icarl.py] => Task 5, Epoch 11/200 => Loss 3.725, Loss_clf 1.523, Loss_kd 2.198, Loss_kernel 0.004, Train_accy 54.99, Test_accy {'Art': 25.96, 'Clipart': 43.66, 'Real World': 36.97, 'Product': 31.31}
2025-06-27 03:30:49,295 [icarl.py] => Task 5, Epoch 12/200 => Loss 3.561, Loss_clf 1.416, Loss_kd 2.141, Loss_kernel 0.004, Train_accy 57.46
2025-06-27 03:31:03,552 [icarl.py] => Task 5, Epoch 13/200 => Loss 3.359, Loss_clf 1.257, Loss_kd 2.098, Loss_kernel 0.003, Train_accy 60.96
2025-06-27 03:31:17,747 [icarl.py] => Task 5, Epoch 14/200 => Loss 3.282, Loss_clf 1.208, Loss_kd 2.071, Loss_kernel 0.003, Train_accy 63.94
2025-06-27 03:31:32,422 [icarl.py] => Task 5, Epoch 15/200 => Loss 3.314, Loss_clf 1.212, Loss_kd 2.099, Loss_kernel 0.003, Train_accy 64.00
2025-06-27 03:31:55,810 [icarl.py] => Task 5, Epoch 16/200 => Loss 3.145, Loss_clf 1.105, Loss_kd 2.036, Loss_kernel 0.003, Train_accy 66.91, Test_accy {'Art': 25.96, 'Clipart': 46.1, 'Real World': 38.15, 'Product': 32.88}
2025-06-27 03:32:12,087 [icarl.py] => Task 5, Epoch 17/200 => Loss 3.201, Loss_clf 1.125, Loss_kd 2.072, Loss_kernel 0.003, Train_accy 66.44
2025-06-27 03:32:26,559 [icarl.py] => Task 5, Epoch 18/200 => Loss 3.219, Loss_clf 1.145, Loss_kd 2.071, Loss_kernel 0.003, Train_accy 65.76
2025-06-27 03:32:40,153 [icarl.py] => Task 5, Epoch 19/200 => Loss 3.060, Loss_clf 1.038, Loss_kd 2.019, Loss_kernel 0.003, Train_accy 68.56
2025-06-27 03:32:54,196 [icarl.py] => Task 5, Epoch 20/200 => Loss 3.083, Loss_clf 1.048, Loss_kd 2.032, Loss_kernel 0.003, Train_accy 70.03
2025-06-27 03:33:21,188 [icarl.py] => Task 5, Epoch 21/200 => Loss 2.967, Loss_clf 0.961, Loss_kd 2.003, Loss_kernel 0.003, Train_accy 72.09, Test_accy {'Art': 24.04, 'Clipart': 49.76, 'Real World': 36.97, 'Product': 33.78}
2025-06-27 03:33:33,518 [icarl.py] => Task 5, Epoch 22/200 => Loss 3.036, Loss_clf 1.024, Loss_kd 2.009, Loss_kernel 0.003, Train_accy 69.24
2025-06-27 03:33:47,937 [icarl.py] => Task 5, Epoch 23/200 => Loss 2.862, Loss_clf 0.879, Loss_kd 1.981, Loss_kernel 0.003, Train_accy 73.41
2025-06-27 03:34:03,062 [icarl.py] => Task 5, Epoch 24/200 => Loss 2.845, Loss_clf 0.878, Loss_kd 1.964, Loss_kernel 0.003, Train_accy 74.20
2025-06-27 03:34:17,188 [icarl.py] => Task 5, Epoch 25/200 => Loss 2.862, Loss_clf 0.885, Loss_kd 1.973, Loss_kernel 0.003, Train_accy 73.36
2025-06-27 03:34:41,690 [icarl.py] => Task 5, Epoch 26/200 => Loss 2.858, Loss_clf 0.878, Loss_kd 1.977, Loss_kernel 0.003, Train_accy 72.84, Test_accy {'Art': 27.88, 'Clipart': 48.29, 'Real World': 39.57, 'Product': 39.41}
2025-06-27 03:34:56,888 [icarl.py] => Task 5, Epoch 27/200 => Loss 2.906, Loss_clf 0.916, Loss_kd 1.987, Loss_kernel 0.003, Train_accy 72.44
2025-06-27 03:35:11,464 [icarl.py] => Task 5, Epoch 28/200 => Loss 2.706, Loss_clf 0.773, Loss_kd 1.930, Loss_kernel 0.003, Train_accy 76.37
2025-06-27 03:35:26,908 [icarl.py] => Task 5, Epoch 29/200 => Loss 2.756, Loss_clf 0.796, Loss_kd 1.957, Loss_kernel 0.003, Train_accy 77.15
2025-06-27 03:35:40,219 [icarl.py] => Task 5, Epoch 30/200 => Loss 2.649, Loss_clf 0.729, Loss_kd 1.918, Loss_kernel 0.003, Train_accy 78.53
2025-06-27 03:36:04,936 [icarl.py] => Task 5, Epoch 31/200 => Loss 2.628, Loss_clf 0.690, Loss_kd 1.936, Loss_kernel 0.003, Train_accy 80.06, Test_accy {'Art': 26.44, 'Clipart': 48.78, 'Real World': 40.76, 'Product': 38.29}
2025-06-27 03:36:18,325 [icarl.py] => Task 5, Epoch 32/200 => Loss 2.640, Loss_clf 0.697, Loss_kd 1.940, Loss_kernel 0.003, Train_accy 78.77
2025-06-27 03:36:32,074 [icarl.py] => Task 5, Epoch 33/200 => Loss 2.640, Loss_clf 0.713, Loss_kd 1.924, Loss_kernel 0.003, Train_accy 78.87
2025-06-27 03:36:47,471 [icarl.py] => Task 5, Epoch 34/200 => Loss 2.649, Loss_clf 0.707, Loss_kd 1.939, Loss_kernel 0.003, Train_accy 78.99
2025-06-27 03:37:00,353 [icarl.py] => Task 5, Epoch 35/200 => Loss 2.625, Loss_clf 0.696, Loss_kd 1.927, Loss_kernel 0.003, Train_accy 79.76
2025-06-27 03:37:25,195 [icarl.py] => Task 5, Epoch 36/200 => Loss 2.582, Loss_clf 0.674, Loss_kd 1.905, Loss_kernel 0.003, Train_accy 80.35, Test_accy {'Art': 27.88, 'Clipart': 46.1, 'Real World': 40.05, 'Product': 34.91}
2025-06-27 03:37:37,912 [icarl.py] => Task 5, Epoch 37/200 => Loss 2.566, Loss_clf 0.675, Loss_kd 1.889, Loss_kernel 0.003, Train_accy 81.25
2025-06-27 03:37:51,839 [icarl.py] => Task 5, Epoch 38/200 => Loss 2.519, Loss_clf 0.630, Loss_kd 1.886, Loss_kernel 0.003, Train_accy 80.40
2025-06-27 03:38:06,724 [icarl.py] => Task 5, Epoch 39/200 => Loss 2.519, Loss_clf 0.634, Loss_kd 1.882, Loss_kernel 0.003, Train_accy 81.10
2025-06-27 03:38:21,948 [icarl.py] => Task 5, Epoch 40/200 => Loss 2.478, Loss_clf 0.594, Loss_kd 1.881, Loss_kernel 0.003, Train_accy 81.74
2025-06-27 03:38:46,290 [icarl.py] => Task 5, Epoch 41/200 => Loss 2.451, Loss_clf 0.574, Loss_kd 1.874, Loss_kernel 0.003, Train_accy 83.14, Test_accy {'Art': 25.0, 'Clipart': 50.24, 'Real World': 41.23, 'Product': 37.16}
2025-06-27 03:39:00,400 [icarl.py] => Task 5, Epoch 42/200 => Loss 2.387, Loss_clf 0.536, Loss_kd 1.848, Loss_kernel 0.003, Train_accy 83.90
2025-06-27 03:39:13,642 [icarl.py] => Task 5, Epoch 43/200 => Loss 2.477, Loss_clf 0.600, Loss_kd 1.875, Loss_kernel 0.003, Train_accy 82.14
2025-06-27 03:39:27,577 [icarl.py] => Task 5, Epoch 44/200 => Loss 2.427, Loss_clf 0.552, Loss_kd 1.872, Loss_kernel 0.003, Train_accy 84.36
2025-06-27 03:39:41,556 [icarl.py] => Task 5, Epoch 45/200 => Loss 2.442, Loss_clf 0.576, Loss_kd 1.864, Loss_kernel 0.003, Train_accy 83.07
2025-06-27 03:40:06,465 [icarl.py] => Task 5, Epoch 46/200 => Loss 2.402, Loss_clf 0.538, Loss_kd 1.862, Loss_kernel 0.003, Train_accy 85.17, Test_accy {'Art': 33.17, 'Clipart': 53.9, 'Real World': 38.39, 'Product': 37.61}
2025-06-27 03:40:20,887 [icarl.py] => Task 5, Epoch 47/200 => Loss 2.422, Loss_clf 0.549, Loss_kd 1.870, Loss_kernel 0.003, Train_accy 83.74
2025-06-27 03:40:33,305 [icarl.py] => Task 5, Epoch 48/200 => Loss 2.405, Loss_clf 0.545, Loss_kd 1.858, Loss_kernel 0.002, Train_accy 84.07
2025-06-27 03:40:47,262 [icarl.py] => Task 5, Epoch 49/200 => Loss 2.422, Loss_clf 0.557, Loss_kd 1.863, Loss_kernel 0.002, Train_accy 83.91
2025-06-27 03:41:00,505 [icarl.py] => Task 5, Epoch 50/200 => Loss 2.346, Loss_clf 0.495, Loss_kd 1.849, Loss_kernel 0.003, Train_accy 85.12
2025-06-27 03:41:25,090 [icarl.py] => Task 5, Epoch 51/200 => Loss 2.332, Loss_clf 0.498, Loss_kd 1.831, Loss_kernel 0.003, Train_accy 84.87, Test_accy {'Art': 24.52, 'Clipart': 42.93, 'Real World': 35.55, 'Product': 33.78}
2025-06-27 03:41:38,711 [icarl.py] => Task 5, Epoch 52/200 => Loss 2.307, Loss_clf 0.487, Loss_kd 1.817, Loss_kernel 0.002, Train_accy 86.44
2025-06-27 03:41:52,820 [icarl.py] => Task 5, Epoch 53/200 => Loss 2.347, Loss_clf 0.503, Loss_kd 1.841, Loss_kernel 0.002, Train_accy 84.53
2025-06-27 03:42:06,956 [icarl.py] => Task 5, Epoch 54/200 => Loss 2.356, Loss_clf 0.500, Loss_kd 1.853, Loss_kernel 0.002, Train_accy 85.00
2025-06-27 03:42:21,346 [icarl.py] => Task 5, Epoch 55/200 => Loss 2.346, Loss_clf 0.498, Loss_kd 1.845, Loss_kernel 0.002, Train_accy 85.18
2025-06-27 03:42:46,244 [icarl.py] => Task 5, Epoch 56/200 => Loss 2.335, Loss_clf 0.484, Loss_kd 1.849, Loss_kernel 0.002, Train_accy 85.99, Test_accy {'Art': 30.77, 'Clipart': 52.2, 'Real World': 40.76, 'Product': 42.79}
2025-06-27 03:43:00,494 [icarl.py] => Task 5, Epoch 57/200 => Loss 2.362, Loss_clf 0.507, Loss_kd 1.852, Loss_kernel 0.002, Train_accy 85.67
2025-06-27 03:43:14,157 [icarl.py] => Task 5, Epoch 58/200 => Loss 2.295, Loss_clf 0.479, Loss_kd 1.814, Loss_kernel 0.002, Train_accy 86.36
2025-06-27 03:43:27,427 [icarl.py] => Task 5, Epoch 59/200 => Loss 2.315, Loss_clf 0.463, Loss_kd 1.849, Loss_kernel 0.002, Train_accy 85.68
2025-06-27 03:43:41,854 [icarl.py] => Task 5, Epoch 60/200 => Loss 2.238, Loss_clf 0.423, Loss_kd 1.812, Loss_kernel 0.002, Train_accy 88.25
2025-06-27 03:44:06,039 [icarl.py] => Task 5, Epoch 61/200 => Loss 2.276, Loss_clf 0.435, Loss_kd 1.839, Loss_kernel 0.002, Train_accy 86.84, Test_accy {'Art': 31.25, 'Clipart': 50.98, 'Real World': 40.76, 'Product': 37.39}
2025-06-27 03:44:20,094 [icarl.py] => Task 5, Epoch 62/200 => Loss 2.263, Loss_clf 0.445, Loss_kd 1.816, Loss_kernel 0.002, Train_accy 87.05
2025-06-27 03:44:33,630 [icarl.py] => Task 5, Epoch 63/200 => Loss 2.256, Loss_clf 0.425, Loss_kd 1.829, Loss_kernel 0.002, Train_accy 87.56
2025-06-27 03:44:47,388 [icarl.py] => Task 5, Epoch 64/200 => Loss 2.323, Loss_clf 0.481, Loss_kd 1.840, Loss_kernel 0.002, Train_accy 86.01
2025-06-27 03:45:00,768 [icarl.py] => Task 5, Epoch 65/200 => Loss 2.259, Loss_clf 0.445, Loss_kd 1.811, Loss_kernel 0.002, Train_accy 87.18
2025-06-27 03:45:24,402 [icarl.py] => Task 5, Epoch 66/200 => Loss 2.244, Loss_clf 0.429, Loss_kd 1.813, Loss_kernel 0.002, Train_accy 87.10, Test_accy {'Art': 31.73, 'Clipart': 52.2, 'Real World': 41.47, 'Product': 39.86}
2025-06-27 03:45:37,575 [icarl.py] => Task 5, Epoch 67/200 => Loss 2.191, Loss_clf 0.390, Loss_kd 1.799, Loss_kernel 0.002, Train_accy 88.46
2025-06-27 03:45:50,580 [icarl.py] => Task 5, Epoch 68/200 => Loss 2.162, Loss_clf 0.375, Loss_kd 1.785, Loss_kernel 0.002, Train_accy 88.95
2025-06-27 03:46:04,152 [icarl.py] => Task 5, Epoch 69/200 => Loss 2.142, Loss_clf 0.354, Loss_kd 1.786, Loss_kernel 0.002, Train_accy 89.84
2025-06-27 03:46:16,975 [icarl.py] => Task 5, Epoch 70/200 => Loss 2.163, Loss_clf 0.389, Loss_kd 1.772, Loss_kernel 0.002, Train_accy 89.02
2025-06-27 03:46:40,979 [icarl.py] => Task 5, Epoch 71/200 => Loss 2.191, Loss_clf 0.384, Loss_kd 1.805, Loss_kernel 0.002, Train_accy 88.75, Test_accy {'Art': 30.29, 'Clipart': 50.73, 'Real World': 41.94, 'Product': 39.41}
2025-06-27 03:46:52,990 [icarl.py] => Task 5, Epoch 72/200 => Loss 2.185, Loss_clf 0.379, Loss_kd 1.804, Loss_kernel 0.002, Train_accy 89.35
2025-06-27 03:47:06,688 [icarl.py] => Task 5, Epoch 73/200 => Loss 2.144, Loss_clf 0.371, Loss_kd 1.771, Loss_kernel 0.002, Train_accy 89.31
2025-06-27 03:47:20,254 [icarl.py] => Task 5, Epoch 74/200 => Loss 2.197, Loss_clf 0.391, Loss_kd 1.804, Loss_kernel 0.002, Train_accy 89.10
2025-06-27 03:47:32,825 [icarl.py] => Task 5, Epoch 75/200 => Loss 2.198, Loss_clf 0.401, Loss_kd 1.795, Loss_kernel 0.002, Train_accy 88.60
2025-06-27 03:47:55,307 [icarl.py] => Task 5, Epoch 76/200 => Loss 2.167, Loss_clf 0.371, Loss_kd 1.794, Loss_kernel 0.002, Train_accy 89.38, Test_accy {'Art': 31.25, 'Clipart': 51.22, 'Real World': 43.84, 'Product': 40.77}
2025-06-27 03:48:08,867 [icarl.py] => Task 5, Epoch 77/200 => Loss 2.160, Loss_clf 0.366, Loss_kd 1.791, Loss_kernel 0.002, Train_accy 88.41
2025-06-27 03:48:22,159 [icarl.py] => Task 5, Epoch 78/200 => Loss 2.166, Loss_clf 0.363, Loss_kd 1.801, Loss_kernel 0.002, Train_accy 90.13
2025-06-27 03:48:35,971 [icarl.py] => Task 5, Epoch 79/200 => Loss 2.113, Loss_clf 0.346, Loss_kd 1.764, Loss_kernel 0.002, Train_accy 90.50
2025-06-27 03:48:48,729 [icarl.py] => Task 5, Epoch 80/200 => Loss 2.119, Loss_clf 0.333, Loss_kd 1.784, Loss_kernel 0.002, Train_accy 90.42
2025-06-27 03:49:11,569 [icarl.py] => Task 5, Epoch 81/200 => Loss 2.107, Loss_clf 0.329, Loss_kd 1.777, Loss_kernel 0.002, Train_accy 90.20, Test_accy {'Art': 30.29, 'Clipart': 52.2, 'Real World': 44.31, 'Product': 43.69}
2025-06-27 03:49:24,189 [icarl.py] => Task 5, Epoch 82/200 => Loss 2.097, Loss_clf 0.343, Loss_kd 1.752, Loss_kernel 0.002, Train_accy 90.30
2025-06-27 03:49:36,381 [icarl.py] => Task 5, Epoch 83/200 => Loss 2.115, Loss_clf 0.360, Loss_kd 1.752, Loss_kernel 0.002, Train_accy 89.98
2025-06-27 03:49:50,198 [icarl.py] => Task 5, Epoch 84/200 => Loss 2.133, Loss_clf 0.366, Loss_kd 1.764, Loss_kernel 0.002, Train_accy 89.62
2025-06-27 03:50:02,042 [icarl.py] => Task 5, Epoch 85/200 => Loss 2.118, Loss_clf 0.345, Loss_kd 1.770, Loss_kernel 0.002, Train_accy 90.18
2025-06-27 03:50:25,884 [icarl.py] => Task 5, Epoch 86/200 => Loss 2.084, Loss_clf 0.317, Loss_kd 1.765, Loss_kernel 0.002, Train_accy 91.01, Test_accy {'Art': 28.37, 'Clipart': 51.46, 'Real World': 36.97, 'Product': 36.04}
2025-06-27 03:50:39,683 [icarl.py] => Task 5, Epoch 87/200 => Loss 2.066, Loss_clf 0.304, Loss_kd 1.760, Loss_kernel 0.002, Train_accy 91.39
2025-06-27 03:50:52,083 [icarl.py] => Task 5, Epoch 88/200 => Loss 2.085, Loss_clf 0.320, Loss_kd 1.764, Loss_kernel 0.002, Train_accy 91.32
2025-06-27 03:51:05,091 [icarl.py] => Task 5, Epoch 89/200 => Loss 2.050, Loss_clf 0.305, Loss_kd 1.743, Loss_kernel 0.002, Train_accy 91.73
2025-06-27 03:51:16,659 [icarl.py] => Task 5, Epoch 90/200 => Loss 2.030, Loss_clf 0.280, Loss_kd 1.748, Loss_kernel 0.002, Train_accy 92.37
2025-06-27 03:51:40,806 [icarl.py] => Task 5, Epoch 91/200 => Loss 2.026, Loss_clf 0.285, Loss_kd 1.739, Loss_kernel 0.002, Train_accy 91.92, Test_accy {'Art': 27.4, 'Clipart': 53.9, 'Real World': 41.23, 'Product': 43.02}
2025-06-27 03:51:54,783 [icarl.py] => Task 5, Epoch 92/200 => Loss 2.007, Loss_clf 0.263, Loss_kd 1.742, Loss_kernel 0.002, Train_accy 92.30
2025-06-27 03:52:07,847 [icarl.py] => Task 5, Epoch 93/200 => Loss 1.998, Loss_clf 0.267, Loss_kd 1.729, Loss_kernel 0.002, Train_accy 92.87
2025-06-27 03:52:20,281 [icarl.py] => Task 5, Epoch 94/200 => Loss 1.987, Loss_clf 0.245, Loss_kd 1.740, Loss_kernel 0.002, Train_accy 93.40
2025-06-27 03:52:31,796 [icarl.py] => Task 5, Epoch 95/200 => Loss 1.992, Loss_clf 0.259, Loss_kd 1.731, Loss_kernel 0.002, Train_accy 92.83
2025-06-27 03:52:54,534 [icarl.py] => Task 5, Epoch 96/200 => Loss 2.020, Loss_clf 0.271, Loss_kd 1.747, Loss_kernel 0.002, Train_accy 92.32, Test_accy {'Art': 28.37, 'Clipart': 51.46, 'Real World': 37.91, 'Product': 38.51}
2025-06-27 03:53:07,191 [icarl.py] => Task 5, Epoch 97/200 => Loss 2.024, Loss_clf 0.262, Loss_kd 1.760, Loss_kernel 0.002, Train_accy 93.25
2025-06-27 03:53:19,979 [icarl.py] => Task 5, Epoch 98/200 => Loss 2.024, Loss_clf 0.281, Loss_kd 1.742, Loss_kernel 0.002, Train_accy 91.71
2025-06-27 03:53:33,347 [icarl.py] => Task 5, Epoch 99/200 => Loss 2.027, Loss_clf 0.284, Loss_kd 1.741, Loss_kernel 0.002, Train_accy 92.24
2025-06-27 03:53:46,949 [icarl.py] => Task 5, Epoch 100/200 => Loss 1.971, Loss_clf 0.243, Loss_kd 1.726, Loss_kernel 0.002, Train_accy 93.18
2025-06-27 03:54:10,406 [icarl.py] => Task 5, Epoch 101/200 => Loss 2.012, Loss_clf 0.275, Loss_kd 1.736, Loss_kernel 0.002, Train_accy 92.34, Test_accy {'Art': 25.96, 'Clipart': 51.95, 'Real World': 40.28, 'Product': 41.22}
2025-06-27 03:54:22,555 [icarl.py] => Task 5, Epoch 102/200 => Loss 1.961, Loss_clf 0.236, Loss_kd 1.724, Loss_kernel 0.002, Train_accy 94.24
2025-06-27 03:54:34,743 [icarl.py] => Task 5, Epoch 103/200 => Loss 1.958, Loss_clf 0.234, Loss_kd 1.723, Loss_kernel 0.002, Train_accy 93.35
2025-06-27 03:54:47,150 [icarl.py] => Task 5, Epoch 104/200 => Loss 1.947, Loss_clf 0.212, Loss_kd 1.734, Loss_kernel 0.002, Train_accy 94.60
2025-06-27 03:54:59,221 [icarl.py] => Task 5, Epoch 105/200 => Loss 1.952, Loss_clf 0.231, Loss_kd 1.720, Loss_kernel 0.002, Train_accy 93.88
2025-06-27 03:55:22,218 [icarl.py] => Task 5, Epoch 106/200 => Loss 1.962, Loss_clf 0.234, Loss_kd 1.727, Loss_kernel 0.002, Train_accy 93.47, Test_accy {'Art': 28.85, 'Clipart': 54.88, 'Real World': 42.65, 'Product': 42.57}
2025-06-27 03:55:33,691 [icarl.py] => Task 5, Epoch 107/200 => Loss 1.927, Loss_clf 0.228, Loss_kd 1.698, Loss_kernel 0.002, Train_accy 93.94
2025-06-27 03:55:46,089 [icarl.py] => Task 5, Epoch 108/200 => Loss 1.923, Loss_clf 0.228, Loss_kd 1.694, Loss_kernel 0.002, Train_accy 93.11
2025-06-27 03:56:01,286 [icarl.py] => Task 5, Epoch 109/200 => Loss 1.976, Loss_clf 0.248, Loss_kd 1.726, Loss_kernel 0.002, Train_accy 92.89
2025-06-27 03:56:12,776 [icarl.py] => Task 5, Epoch 110/200 => Loss 1.963, Loss_clf 0.253, Loss_kd 1.709, Loss_kernel 0.002, Train_accy 93.12
2025-06-27 03:56:34,192 [icarl.py] => Task 5, Epoch 111/200 => Loss 1.912, Loss_clf 0.204, Loss_kd 1.706, Loss_kernel 0.002, Train_accy 94.30, Test_accy {'Art': 30.77, 'Clipart': 57.8, 'Real World': 45.5, 'Product': 40.32}
2025-06-27 03:56:46,321 [icarl.py] => Task 5, Epoch 112/200 => Loss 1.887, Loss_clf 0.195, Loss_kd 1.690, Loss_kernel 0.001, Train_accy 94.55
2025-06-27 03:56:58,598 [icarl.py] => Task 5, Epoch 113/200 => Loss 1.943, Loss_clf 0.228, Loss_kd 1.713, Loss_kernel 0.001, Train_accy 93.53
2025-06-27 03:57:09,878 [icarl.py] => Task 5, Epoch 114/200 => Loss 1.899, Loss_clf 0.195, Loss_kd 1.703, Loss_kernel 0.002, Train_accy 94.34
2025-06-27 03:57:20,785 [icarl.py] => Task 5, Epoch 115/200 => Loss 1.894, Loss_clf 0.189, Loss_kd 1.703, Loss_kernel 0.001, Train_accy 94.97
2025-06-27 03:57:41,907 [icarl.py] => Task 5, Epoch 116/200 => Loss 1.914, Loss_clf 0.197, Loss_kd 1.716, Loss_kernel 0.001, Train_accy 95.09, Test_accy {'Art': 31.73, 'Clipart': 55.37, 'Real World': 40.52, 'Product': 43.47}
2025-06-27 03:57:53,005 [icarl.py] => Task 5, Epoch 117/200 => Loss 1.884, Loss_clf 0.191, Loss_kd 1.692, Loss_kernel 0.001, Train_accy 95.23
2025-06-27 03:58:03,397 [icarl.py] => Task 5, Epoch 118/200 => Loss 1.863, Loss_clf 0.175, Loss_kd 1.687, Loss_kernel 0.001, Train_accy 95.32
2025-06-27 03:58:15,507 [icarl.py] => Task 5, Epoch 119/200 => Loss 1.874, Loss_clf 0.188, Loss_kd 1.684, Loss_kernel 0.001, Train_accy 94.91
2025-06-27 03:58:27,606 [icarl.py] => Task 5, Epoch 120/200 => Loss 1.912, Loss_clf 0.199, Loss_kd 1.712, Loss_kernel 0.001, Train_accy 94.61
2025-06-27 03:58:48,537 [icarl.py] => Task 5, Epoch 121/200 => Loss 1.880, Loss_clf 0.201, Loss_kd 1.677, Loss_kernel 0.001, Train_accy 94.29, Test_accy {'Art': 29.81, 'Clipart': 55.85, 'Real World': 43.84, 'Product': 43.24}
2025-06-27 03:58:59,390 [icarl.py] => Task 5, Epoch 122/200 => Loss 1.891, Loss_clf 0.193, Loss_kd 1.697, Loss_kernel 0.001, Train_accy 94.63
2025-06-27 03:59:10,639 [icarl.py] => Task 5, Epoch 123/200 => Loss 1.817, Loss_clf 0.162, Loss_kd 1.654, Loss_kernel 0.001, Train_accy 95.64
2025-06-27 03:59:22,775 [icarl.py] => Task 5, Epoch 124/200 => Loss 1.839, Loss_clf 0.155, Loss_kd 1.682, Loss_kernel 0.001, Train_accy 95.86
2025-06-27 03:59:34,662 [icarl.py] => Task 5, Epoch 125/200 => Loss 1.862, Loss_clf 0.181, Loss_kd 1.679, Loss_kernel 0.001, Train_accy 94.85
2025-06-27 03:59:54,939 [icarl.py] => Task 5, Epoch 126/200 => Loss 1.825, Loss_clf 0.159, Loss_kd 1.664, Loss_kernel 0.001, Train_accy 96.07, Test_accy {'Art': 29.33, 'Clipart': 55.61, 'Real World': 43.84, 'Product': 40.99}
2025-06-27 04:00:06,558 [icarl.py] => Task 5, Epoch 127/200 => Loss 1.849, Loss_clf 0.165, Loss_kd 1.684, Loss_kernel 0.001, Train_accy 95.75
2025-06-27 04:00:18,177 [icarl.py] => Task 5, Epoch 128/200 => Loss 1.838, Loss_clf 0.161, Loss_kd 1.676, Loss_kernel 0.001, Train_accy 96.25
2025-06-27 04:00:29,810 [icarl.py] => Task 5, Epoch 129/200 => Loss 1.830, Loss_clf 0.167, Loss_kd 1.662, Loss_kernel 0.001, Train_accy 95.50
2025-06-27 04:00:41,834 [icarl.py] => Task 5, Epoch 130/200 => Loss 1.842, Loss_clf 0.158, Loss_kd 1.682, Loss_kernel 0.001, Train_accy 95.95
2025-06-27 04:01:03,805 [icarl.py] => Task 5, Epoch 131/200 => Loss 1.847, Loss_clf 0.166, Loss_kd 1.680, Loss_kernel 0.001, Train_accy 95.40, Test_accy {'Art': 29.81, 'Clipart': 52.93, 'Real World': 45.02, 'Product': 44.14}
2025-06-27 04:01:14,885 [icarl.py] => Task 5, Epoch 132/200 => Loss 1.782, Loss_clf 0.140, Loss_kd 1.640, Loss_kernel 0.001, Train_accy 96.28
2025-06-27 04:01:26,530 [icarl.py] => Task 5, Epoch 133/200 => Loss 1.832, Loss_clf 0.162, Loss_kd 1.668, Loss_kernel 0.001, Train_accy 95.44
2025-06-27 04:01:38,582 [icarl.py] => Task 5, Epoch 134/200 => Loss 1.800, Loss_clf 0.149, Loss_kd 1.650, Loss_kernel 0.001, Train_accy 96.10
2025-06-27 04:01:51,064 [icarl.py] => Task 5, Epoch 135/200 => Loss 1.832, Loss_clf 0.157, Loss_kd 1.674, Loss_kernel 0.001, Train_accy 95.96
2025-06-27 04:02:13,374 [icarl.py] => Task 5, Epoch 136/200 => Loss 1.845, Loss_clf 0.167, Loss_kd 1.676, Loss_kernel 0.001, Train_accy 95.31, Test_accy {'Art': 30.29, 'Clipart': 55.37, 'Real World': 44.31, 'Product': 43.02}
2025-06-27 04:02:25,245 [icarl.py] => Task 5, Epoch 137/200 => Loss 1.814, Loss_clf 0.157, Loss_kd 1.656, Loss_kernel 0.001, Train_accy 96.19
2025-06-27 04:02:36,512 [icarl.py] => Task 5, Epoch 138/200 => Loss 1.796, Loss_clf 0.140, Loss_kd 1.655, Loss_kernel 0.001, Train_accy 96.14
2025-06-27 04:02:47,888 [icarl.py] => Task 5, Epoch 139/200 => Loss 1.771, Loss_clf 0.135, Loss_kd 1.634, Loss_kernel 0.001, Train_accy 96.59
2025-06-27 04:02:59,950 [icarl.py] => Task 5, Epoch 140/200 => Loss 1.799, Loss_clf 0.162, Loss_kd 1.636, Loss_kernel 0.001, Train_accy 95.89
2025-06-27 04:03:21,002 [icarl.py] => Task 5, Epoch 141/200 => Loss 1.789, Loss_clf 0.135, Loss_kd 1.652, Loss_kernel 0.001, Train_accy 96.43, Test_accy {'Art': 27.4, 'Clipart': 56.34, 'Real World': 45.5, 'Product': 40.54}
2025-06-27 04:03:31,673 [icarl.py] => Task 5, Epoch 142/200 => Loss 1.785, Loss_clf 0.129, Loss_kd 1.655, Loss_kernel 0.001, Train_accy 96.43
2025-06-27 04:03:43,320 [icarl.py] => Task 5, Epoch 143/200 => Loss 1.801, Loss_clf 0.150, Loss_kd 1.649, Loss_kernel 0.001, Train_accy 96.35
2025-06-27 04:03:54,978 [icarl.py] => Task 5, Epoch 144/200 => Loss 1.826, Loss_clf 0.150, Loss_kd 1.674, Loss_kernel 0.001, Train_accy 95.90
2025-06-27 04:04:05,657 [icarl.py] => Task 5, Epoch 145/200 => Loss 1.805, Loss_clf 0.133, Loss_kd 1.670, Loss_kernel 0.001, Train_accy 96.93
2025-06-27 04:04:26,840 [icarl.py] => Task 5, Epoch 146/200 => Loss 1.784, Loss_clf 0.137, Loss_kd 1.646, Loss_kernel 0.001, Train_accy 96.48, Test_accy {'Art': 30.77, 'Clipart': 55.85, 'Real World': 42.89, 'Product': 44.82}
2025-06-27 04:04:40,251 [icarl.py] => Task 5, Epoch 147/200 => Loss 1.829, Loss_clf 0.169, Loss_kd 1.658, Loss_kernel 0.001, Train_accy 95.47
2025-06-27 04:04:50,807 [icarl.py] => Task 5, Epoch 148/200 => Loss 1.770, Loss_clf 0.128, Loss_kd 1.640, Loss_kernel 0.001, Train_accy 96.97
2025-06-27 04:05:02,435 [icarl.py] => Task 5, Epoch 149/200 => Loss 1.776, Loss_clf 0.131, Loss_kd 1.644, Loss_kernel 0.001, Train_accy 96.45
2025-06-27 04:05:13,498 [icarl.py] => Task 5, Epoch 150/200 => Loss 1.790, Loss_clf 0.134, Loss_kd 1.654, Loss_kernel 0.001, Train_accy 96.34
2025-06-27 04:05:35,951 [icarl.py] => Task 5, Epoch 151/200 => Loss 1.781, Loss_clf 0.121, Loss_kd 1.659, Loss_kernel 0.001, Train_accy 96.89, Test_accy {'Art': 29.33, 'Clipart': 53.9, 'Real World': 45.26, 'Product': 43.02}
2025-06-27 04:05:47,158 [icarl.py] => Task 5, Epoch 152/200 => Loss 1.779, Loss_clf 0.127, Loss_kd 1.651, Loss_kernel 0.001, Train_accy 97.14
2025-06-27 04:05:57,877 [icarl.py] => Task 5, Epoch 153/200 => Loss 1.728, Loss_clf 0.105, Loss_kd 1.622, Loss_kernel 0.001, Train_accy 97.18
2025-06-27 04:06:08,991 [icarl.py] => Task 5, Epoch 154/200 => Loss 1.765, Loss_clf 0.123, Loss_kd 1.640, Loss_kernel 0.001, Train_accy 97.09
2025-06-27 04:06:20,089 [icarl.py] => Task 5, Epoch 155/200 => Loss 1.773, Loss_clf 0.124, Loss_kd 1.649, Loss_kernel 0.001, Train_accy 96.84
2025-06-27 04:06:41,884 [icarl.py] => Task 5, Epoch 156/200 => Loss 1.797, Loss_clf 0.133, Loss_kd 1.663, Loss_kernel 0.001, Train_accy 96.34, Test_accy {'Art': 28.85, 'Clipart': 54.63, 'Real World': 45.02, 'Product': 44.14}
2025-06-27 04:06:53,812 [icarl.py] => Task 5, Epoch 157/200 => Loss 1.755, Loss_clf 0.120, Loss_kd 1.634, Loss_kernel 0.001, Train_accy 96.90
2025-06-27 04:07:06,303 [icarl.py] => Task 5, Epoch 158/200 => Loss 1.769, Loss_clf 0.111, Loss_kd 1.657, Loss_kernel 0.001, Train_accy 97.35
2025-06-27 04:07:17,133 [icarl.py] => Task 5, Epoch 159/200 => Loss 1.744, Loss_clf 0.111, Loss_kd 1.632, Loss_kernel 0.001, Train_accy 96.88
2025-06-27 04:07:28,492 [icarl.py] => Task 5, Epoch 160/200 => Loss 1.764, Loss_clf 0.119, Loss_kd 1.643, Loss_kernel 0.001, Train_accy 96.79
2025-06-27 04:07:49,387 [icarl.py] => Task 5, Epoch 161/200 => Loss 1.748, Loss_clf 0.108, Loss_kd 1.638, Loss_kernel 0.001, Train_accy 97.18, Test_accy {'Art': 29.81, 'Clipart': 54.15, 'Real World': 43.6, 'Product': 43.92}
2025-06-27 04:08:01,608 [icarl.py] => Task 5, Epoch 162/200 => Loss 1.731, Loss_clf 0.105, Loss_kd 1.625, Loss_kernel 0.001, Train_accy 97.44
2025-06-27 04:08:14,690 [icarl.py] => Task 5, Epoch 163/200 => Loss 1.774, Loss_clf 0.124, Loss_kd 1.649, Loss_kernel 0.001, Train_accy 96.54
2025-06-27 04:08:25,108 [icarl.py] => Task 5, Epoch 164/200 => Loss 1.731, Loss_clf 0.107, Loss_kd 1.623, Loss_kernel 0.001, Train_accy 97.23
2025-06-27 04:08:36,157 [icarl.py] => Task 5, Epoch 165/200 => Loss 1.729, Loss_clf 0.107, Loss_kd 1.622, Loss_kernel 0.001, Train_accy 97.27
2025-06-27 04:08:59,352 [icarl.py] => Task 5, Epoch 166/200 => Loss 1.752, Loss_clf 0.108, Loss_kd 1.643, Loss_kernel 0.001, Train_accy 97.14, Test_accy {'Art': 29.81, 'Clipart': 53.66, 'Real World': 44.31, 'Product': 42.57}
2025-06-27 04:09:11,020 [icarl.py] => Task 5, Epoch 167/200 => Loss 1.734, Loss_clf 0.110, Loss_kd 1.623, Loss_kernel 0.001, Train_accy 97.63
2025-06-27 04:09:23,230 [icarl.py] => Task 5, Epoch 168/200 => Loss 1.741, Loss_clf 0.105, Loss_kd 1.635, Loss_kernel 0.001, Train_accy 97.39
2025-06-27 04:09:35,543 [icarl.py] => Task 5, Epoch 169/200 => Loss 1.741, Loss_clf 0.105, Loss_kd 1.635, Loss_kernel 0.001, Train_accy 97.55
2025-06-27 04:09:46,895 [icarl.py] => Task 5, Epoch 170/200 => Loss 1.727, Loss_clf 0.100, Loss_kd 1.626, Loss_kernel 0.001, Train_accy 97.22
2025-06-27 04:10:08,286 [icarl.py] => Task 5, Epoch 171/200 => Loss 1.721, Loss_clf 0.097, Loss_kd 1.622, Loss_kernel 0.001, Train_accy 97.88, Test_accy {'Art': 31.73, 'Clipart': 54.63, 'Real World': 43.84, 'Product': 44.14}
2025-06-27 04:10:19,044 [icarl.py] => Task 5, Epoch 172/200 => Loss 1.735, Loss_clf 0.099, Loss_kd 1.634, Loss_kernel 0.001, Train_accy 97.73
2025-06-27 04:10:31,008 [icarl.py] => Task 5, Epoch 173/200 => Loss 1.701, Loss_clf 0.091, Loss_kd 1.609, Loss_kernel 0.001, Train_accy 97.89
2025-06-27 04:10:41,783 [icarl.py] => Task 5, Epoch 174/200 => Loss 1.730, Loss_clf 0.093, Loss_kd 1.636, Loss_kernel 0.001, Train_accy 98.09
2025-06-27 04:10:52,521 [icarl.py] => Task 5, Epoch 175/200 => Loss 1.728, Loss_clf 0.098, Loss_kd 1.629, Loss_kernel 0.001, Train_accy 97.93
2025-06-27 04:11:13,315 [icarl.py] => Task 5, Epoch 176/200 => Loss 1.725, Loss_clf 0.101, Loss_kd 1.623, Loss_kernel 0.001, Train_accy 97.59, Test_accy {'Art': 28.85, 'Clipart': 55.37, 'Real World': 43.6, 'Product': 44.14}
2025-06-27 04:11:23,603 [icarl.py] => Task 5, Epoch 177/200 => Loss 1.706, Loss_clf 0.093, Loss_kd 1.612, Loss_kernel 0.001, Train_accy 97.73
2025-06-27 04:11:33,739 [icarl.py] => Task 5, Epoch 178/200 => Loss 1.704, Loss_clf 0.087, Loss_kd 1.616, Loss_kernel 0.001, Train_accy 97.98
2025-06-27 04:11:43,609 [icarl.py] => Task 5, Epoch 179/200 => Loss 1.720, Loss_clf 0.095, Loss_kd 1.623, Loss_kernel 0.001, Train_accy 97.27
2025-06-27 04:11:54,028 [icarl.py] => Task 5, Epoch 180/200 => Loss 1.730, Loss_clf 0.096, Loss_kd 1.633, Loss_kernel 0.001, Train_accy 97.89
2025-06-27 04:12:14,356 [icarl.py] => Task 5, Epoch 181/200 => Loss 1.714, Loss_clf 0.099, Loss_kd 1.614, Loss_kernel 0.001, Train_accy 97.38, Test_accy {'Art': 30.77, 'Clipart': 53.9, 'Real World': 44.31, 'Product': 44.82}
2025-06-27 04:12:25,090 [icarl.py] => Task 5, Epoch 182/200 => Loss 1.721, Loss_clf 0.087, Loss_kd 1.632, Loss_kernel 0.001, Train_accy 98.39
2025-06-27 04:12:35,832 [icarl.py] => Task 5, Epoch 183/200 => Loss 1.730, Loss_clf 0.095, Loss_kd 1.634, Loss_kernel 0.001, Train_accy 97.58
2025-06-27 04:12:45,323 [icarl.py] => Task 5, Epoch 184/200 => Loss 1.677, Loss_clf 0.082, Loss_kd 1.594, Loss_kernel 0.001, Train_accy 98.33
2025-06-27 04:12:56,101 [icarl.py] => Task 5, Epoch 185/200 => Loss 1.710, Loss_clf 0.088, Loss_kd 1.621, Loss_kernel 0.001, Train_accy 97.98
2025-06-27 04:13:16,170 [icarl.py] => Task 5, Epoch 186/200 => Loss 1.704, Loss_clf 0.086, Loss_kd 1.617, Loss_kernel 0.001, Train_accy 98.03, Test_accy {'Art': 29.81, 'Clipart': 55.37, 'Real World': 45.26, 'Product': 43.92}
2025-06-27 04:13:27,509 [icarl.py] => Task 5, Epoch 187/200 => Loss 1.726, Loss_clf 0.095, Loss_kd 1.631, Loss_kernel 0.001, Train_accy 97.79
2025-06-27 04:13:38,038 [icarl.py] => Task 5, Epoch 188/200 => Loss 1.726, Loss_clf 0.093, Loss_kd 1.632, Loss_kernel 0.001, Train_accy 97.74
2025-06-27 04:13:48,426 [icarl.py] => Task 5, Epoch 189/200 => Loss 1.690, Loss_clf 0.083, Loss_kd 1.606, Loss_kernel 0.001, Train_accy 98.18
2025-06-27 04:14:00,067 [icarl.py] => Task 5, Epoch 190/200 => Loss 1.714, Loss_clf 0.088, Loss_kd 1.625, Loss_kernel 0.001, Train_accy 98.09
2025-06-27 04:14:20,861 [icarl.py] => Task 5, Epoch 191/200 => Loss 1.732, Loss_clf 0.106, Loss_kd 1.625, Loss_kernel 0.001, Train_accy 97.32, Test_accy {'Art': 29.33, 'Clipart': 55.85, 'Real World': 42.42, 'Product': 43.24}
2025-06-27 04:14:31,194 [icarl.py] => Task 5, Epoch 192/200 => Loss 1.706, Loss_clf 0.084, Loss_kd 1.621, Loss_kernel 0.001, Train_accy 97.93
2025-06-27 04:14:40,778 [icarl.py] => Task 5, Epoch 193/200 => Loss 1.694, Loss_clf 0.077, Loss_kd 1.616, Loss_kernel 0.001, Train_accy 98.28
2025-06-27 04:14:50,887 [icarl.py] => Task 5, Epoch 194/200 => Loss 1.700, Loss_clf 0.076, Loss_kd 1.623, Loss_kernel 0.001, Train_accy 98.43
2025-06-27 04:15:00,870 [icarl.py] => Task 5, Epoch 195/200 => Loss 1.694, Loss_clf 0.085, Loss_kd 1.608, Loss_kernel 0.001, Train_accy 98.23
2025-06-27 04:15:21,646 [icarl.py] => Task 5, Epoch 196/200 => Loss 1.703, Loss_clf 0.092, Loss_kd 1.610, Loss_kernel 0.001, Train_accy 97.84, Test_accy {'Art': 28.85, 'Clipart': 55.61, 'Real World': 44.79, 'Product': 43.69}
2025-06-27 04:15:31,946 [icarl.py] => Task 5, Epoch 197/200 => Loss 1.708, Loss_clf 0.083, Loss_kd 1.624, Loss_kernel 0.001, Train_accy 98.19
2025-06-27 04:15:41,871 [icarl.py] => Task 5, Epoch 198/200 => Loss 1.714, Loss_clf 0.091, Loss_kd 1.622, Loss_kernel 0.001, Train_accy 97.77
2025-06-27 04:15:51,426 [icarl.py] => Task 5, Epoch 199/200 => Loss 1.711, Loss_clf 0.093, Loss_kd 1.618, Loss_kernel 0.001, Train_accy 97.82
2025-06-27 04:16:01,752 [icarl.py] => Task 5, Epoch 200/200 => Loss 1.711, Loss_clf 0.087, Loss_kd 1.622, Loss_kernel 0.001, Train_accy 97.98
2025-06-27 04:16:01,754 [base.py] => Reducing exemplars...(43 per classes)
2025-06-27 04:16:23,722 [base.py] => Constructing exemplars...(43 per classes)
2025-06-27 04:16:54,621 [icarl.py] => Exemplar size: 1290
2025-06-27 04:16:55,671 [trainer.py] => CNN [Art]: {'total': 28.85, '00-04': 47.37, '05-09': 35.29, '10-14': 18.92, '15-19': 33.33, '20-24': 15.79, '25-29': 23.53, 'old': 29.89, 'new': 23.53}
2025-06-27 04:16:55,672 [trainer.py] => NME [Art]: {'total': 33.17, '00-04': 42.11, '05-09': 38.24, '10-14': 29.73, '15-19': 40.74, '20-24': 18.42, '25-29': 32.35, 'old': 33.33, 'new': 32.35}
2025-06-27 04:16:55,672 [trainer.py] => CNN [Art] top1 curve: [63.16, 52.78, 50.46, 42.65, 35.63, 28.85]
2025-06-27 04:16:55,672 [trainer.py] => CNN [Art] top5 curve: [97.37, 83.33, 73.39, 72.79, 61.49, 55.77]
2025-06-27 04:16:55,672 [trainer.py] => NME [Art] top1 curve: [71.05, 61.11, 51.38, 44.85, 41.95, 33.17]
2025-06-27 04:16:55,672 [trainer.py] => NME [Art] top5 curve: [100.0, 86.11, 77.06, 72.06, 70.11, 60.1]
2025-06-27 04:16:55,672 [trainer.py] => Average Accuracy [Art] (CNN): 45.58833333333333
2025-06-27 04:16:55,673 [trainer.py] => Average Accuracy [Art] (NME): 50.585
2025-06-27 04:16:55,673 [trainer.py] => CNN [Clipart]: {'total': 55.85, '00-04': 64.1, '05-09': 61.29, '10-14': 51.52, '15-19': 62.26, '20-24': 44.94, '25-29': 54.84, 'old': 56.03, 'new': 54.84}
2025-06-27 04:16:55,673 [trainer.py] => NME [Clipart]: {'total': 56.1, '00-04': 57.69, '05-09': 54.84, '10-14': 60.61, '15-19': 62.26, '20-24': 48.31, '25-29': 56.45, 'old': 56.03, 'new': 56.45}
2025-06-27 04:16:55,673 [trainer.py] => CNN [Clipart] top1 curve: [70.51, 64.29, 68.93, 67.18, 60.63, 55.85]
2025-06-27 04:16:55,673 [trainer.py] => CNN [Clipart] top5 curve: [100.0, 91.43, 87.86, 84.56, 81.9, 78.05]
2025-06-27 04:16:55,673 [trainer.py] => NME [Clipart] top1 curve: [69.23, 67.14, 72.33, 68.34, 62.07, 56.1]
2025-06-27 04:16:55,673 [trainer.py] => NME [Clipart] top5 curve: [100.0, 92.14, 88.83, 84.94, 84.77, 79.51]
2025-06-27 04:16:55,674 [trainer.py] => Average Accuracy [Clipart] (CNN): 64.56500000000001
2025-06-27 04:16:55,674 [trainer.py] => Average Accuracy [Clipart] (NME): 65.86833333333334
2025-06-27 04:16:55,674 [trainer.py] => CNN [Product]: {'total': 42.57, '00-04': 61.18, '05-09': 38.75, '10-14': 58.06, '15-19': 25.97, '20-24': 39.34, '25-29': 32.91, 'old': 44.66, 'new': 32.91}
2025-06-27 04:16:55,674 [trainer.py] => NME [Product]: {'total': 45.72, '00-04': 41.18, '05-09': 41.25, '10-14': 64.52, '15-19': 36.36, '20-24': 52.46, '25-29': 44.3, 'old': 46.03, 'new': 44.3}
2025-06-27 04:16:55,674 [trainer.py] => CNN [Product] top1 curve: [70.59, 53.33, 53.3, 47.37, 45.75, 42.57]
2025-06-27 04:16:55,674 [trainer.py] => CNN [Product] top5 curve: [98.82, 87.27, 83.26, 79.28, 76.99, 73.87]
2025-06-27 04:16:55,674 [trainer.py] => NME [Product] top1 curve: [69.41, 56.97, 55.07, 46.05, 45.75, 45.72]
2025-06-27 04:16:55,674 [trainer.py] => NME [Product] top5 curve: [100.0, 94.55, 88.55, 84.21, 80.27, 76.35]
2025-06-27 04:16:55,675 [trainer.py] => Average Accuracy [Product] (CNN): 52.151666666666664
2025-06-27 04:16:55,675 [trainer.py] => Average Accuracy [Product] (NME): 53.16166666666666
2025-06-27 04:16:55,675 [trainer.py] => CNN [Real World]: {'total': 42.89, '00-04': 54.79, '05-09': 54.41, '10-14': 33.33, '15-19': 40.3, '20-24': 21.54, '25-29': 50.65, 'old': 41.16, 'new': 50.65}
2025-06-27 04:16:55,675 [trainer.py] => NME [Real World]: {'total': 45.5, '00-04': 39.73, '05-09': 50.0, '10-14': 44.44, '15-19': 47.76, '20-24': 33.85, '25-29': 55.84, 'old': 43.19, 'new': 55.84}
2025-06-27 04:16:55,675 [trainer.py] => CNN [Real World] top1 curve: [69.86, 63.83, 55.4, 48.93, 44.64, 42.89]
2025-06-27 04:16:55,675 [trainer.py] => CNN [Real World] top5 curve: [98.63, 92.2, 81.69, 77.5, 74.2, 71.8]
2025-06-27 04:16:55,675 [trainer.py] => NME [Real World] top1 curve: [71.23, 60.28, 56.81, 52.86, 48.7, 45.5]
2025-06-27 04:16:55,675 [trainer.py] => NME [Real World] top5 curve: [100.0, 94.33, 87.32, 82.86, 80.29, 77.73]
2025-06-27 04:16:55,675 [trainer.py] => Average Accuracy [Real World] (CNN): 54.25833333333333
2025-06-27 04:16:55,675 [trainer.py] => Average Accuracy [Real World] (NME): 55.89666666666667
2025-06-27 04:16:55,676 [trainer.py] => NME Harmonic Mean : 45.3182
2025-06-27 04:16:55,676 [trainer.py] => NME Macro Mean : 45.1225
2025-06-27 04:16:55,676 [trainer.py] => CNN Harmonic Mean : 42.5500
2025-06-27 04:16:55,676 [trainer.py] => CNN Macro Mean : 42.5400
2025-06-27 04:16:55,677 [trainer.py] => All params: 21305192
2025-06-27 04:16:55,678 [trainer.py] => Trainable params: 21305192
2025-06-27 04:16:55,680 [icarl.py] => Learning on 30-35
2025-06-27 04:17:23,199 [icarl.py] => Task 6, Epoch 1/200 => Loss 5.101, Loss_clf 2.539, Loss_kd 2.559, Loss_kernel 0.003, Train_accy 35.55, Test_accy {'Art': 4.18, 'Clipart': 14.56, 'Real World': 10.26, 'Product': 10.76}
2025-06-27 04:17:37,242 [icarl.py] => Task 6, Epoch 2/200 => Loss 5.936, Loss_clf 2.927, Loss_kd 3.003, Loss_kernel 0.005, Train_accy 22.73
2025-06-27 04:17:53,733 [icarl.py] => Task 6, Epoch 3/200 => Loss 5.194, Loss_clf 2.401, Loss_kd 2.788, Loss_kernel 0.004, Train_accy 33.08
2025-06-27 04:18:09,191 [icarl.py] => Task 6, Epoch 4/200 => Loss 4.819, Loss_clf 2.149, Loss_kd 2.666, Loss_kernel 0.004, Train_accy 37.14
2025-06-27 04:18:22,989 [icarl.py] => Task 6, Epoch 5/200 => Loss 4.548, Loss_clf 1.969, Loss_kd 2.576, Loss_kernel 0.003, Train_accy 42.76
2025-06-27 04:18:50,648 [icarl.py] => Task 6, Epoch 6/200 => Loss 4.444, Loss_clf 1.909, Loss_kd 2.532, Loss_kernel 0.003, Train_accy 45.19, Test_accy {'Art': 23.19, 'Clipart': 37.13, 'Real World': 34.0, 'Product': 28.96}
2025-06-27 04:19:06,558 [icarl.py] => Task 6, Epoch 7/200 => Loss 4.281, Loss_clf 1.781, Loss_kd 2.497, Loss_kernel 0.003, Train_accy 48.43
2025-06-27 04:19:22,403 [icarl.py] => Task 6, Epoch 8/200 => Loss 4.147, Loss_clf 1.688, Loss_kd 2.455, Loss_kernel 0.003, Train_accy 50.66
2025-06-27 04:19:37,903 [icarl.py] => Task 6, Epoch 9/200 => Loss 4.008, Loss_clf 1.594, Loss_kd 2.411, Loss_kernel 0.003, Train_accy 52.68
2025-06-27 04:19:51,711 [icarl.py] => Task 6, Epoch 10/200 => Loss 3.944, Loss_clf 1.538, Loss_kd 2.403, Loss_kernel 0.003, Train_accy 55.71
2025-06-27 04:20:18,248 [icarl.py] => Task 6, Epoch 11/200 => Loss 3.740, Loss_clf 1.392, Loss_kd 2.345, Loss_kernel 0.003, Train_accy 58.30, Test_accy {'Art': 28.14, 'Clipart': 42.62, 'Real World': 36.22, 'Product': 37.18}
2025-06-27 04:20:34,061 [icarl.py] => Task 6, Epoch 12/200 => Loss 3.700, Loss_clf 1.371, Loss_kd 2.326, Loss_kernel 0.003, Train_accy 59.44
2025-06-27 04:20:49,148 [icarl.py] => Task 6, Epoch 13/200 => Loss 3.689, Loss_clf 1.363, Loss_kd 2.323, Loss_kernel 0.003, Train_accy 59.83
2025-06-27 04:21:04,015 [icarl.py] => Task 6, Epoch 14/200 => Loss 3.590, Loss_clf 1.295, Loss_kd 2.292, Loss_kernel 0.003, Train_accy 62.47
2025-06-27 04:21:18,863 [icarl.py] => Task 6, Epoch 15/200 => Loss 3.425, Loss_clf 1.175, Loss_kd 2.246, Loss_kernel 0.003, Train_accy 65.90
2025-06-27 04:21:45,858 [icarl.py] => Task 6, Epoch 16/200 => Loss 3.367, Loss_clf 1.136, Loss_kd 2.228, Loss_kernel 0.003, Train_accy 66.51, Test_accy {'Art': 26.62, 'Clipart': 46.41, 'Real World': 37.63, 'Product': 38.55}
2025-06-27 04:22:01,931 [icarl.py] => Task 6, Epoch 17/200 => Loss 3.329, Loss_clf 1.105, Loss_kd 2.222, Loss_kernel 0.003, Train_accy 67.36
2025-06-27 04:22:17,236 [icarl.py] => Task 6, Epoch 18/200 => Loss 3.127, Loss_clf 0.975, Loss_kd 2.149, Loss_kernel 0.003, Train_accy 70.82
2025-06-27 04:22:33,094 [icarl.py] => Task 6, Epoch 19/200 => Loss 3.175, Loss_clf 0.974, Loss_kd 2.199, Loss_kernel 0.003, Train_accy 70.58
2025-06-27 04:22:47,951 [icarl.py] => Task 6, Epoch 20/200 => Loss 3.227, Loss_clf 1.014, Loss_kd 2.210, Loss_kernel 0.003, Train_accy 69.62
2025-06-27 04:23:13,663 [icarl.py] => Task 6, Epoch 21/200 => Loss 3.204, Loss_clf 0.985, Loss_kd 2.216, Loss_kernel 0.003, Train_accy 70.34, Test_accy {'Art': 26.62, 'Clipart': 44.73, 'Real World': 37.22, 'Product': 29.94}
2025-06-27 04:23:29,392 [icarl.py] => Task 6, Epoch 22/200 => Loss 3.035, Loss_clf 0.883, Loss_kd 2.149, Loss_kernel 0.003, Train_accy 75.04
2025-06-27 04:23:43,560 [icarl.py] => Task 6, Epoch 23/200 => Loss 3.059, Loss_clf 0.905, Loss_kd 2.152, Loss_kernel 0.003, Train_accy 73.43
2025-06-27 04:23:58,602 [icarl.py] => Task 6, Epoch 24/200 => Loss 3.061, Loss_clf 0.889, Loss_kd 2.169, Loss_kernel 0.003, Train_accy 73.77
2025-06-27 04:24:14,854 [icarl.py] => Task 6, Epoch 25/200 => Loss 2.954, Loss_clf 0.813, Loss_kd 2.138, Loss_kernel 0.003, Train_accy 76.26
2025-06-27 04:24:40,627 [icarl.py] => Task 6, Epoch 26/200 => Loss 2.917, Loss_clf 0.795, Loss_kd 2.119, Loss_kernel 0.003, Train_accy 76.94, Test_accy {'Art': 26.62, 'Clipart': 43.46, 'Real World': 35.41, 'Product': 34.64}
2025-06-27 04:24:54,812 [icarl.py] => Task 6, Epoch 27/200 => Loss 2.868, Loss_clf 0.756, Loss_kd 2.109, Loss_kernel 0.003, Train_accy 78.16
2025-06-27 04:25:09,751 [icarl.py] => Task 6, Epoch 28/200 => Loss 2.908, Loss_clf 0.785, Loss_kd 2.121, Loss_kernel 0.002, Train_accy 77.26
2025-06-27 04:25:24,676 [icarl.py] => Task 6, Epoch 29/200 => Loss 2.868, Loss_clf 0.761, Loss_kd 2.105, Loss_kernel 0.002, Train_accy 77.61
2025-06-27 04:25:39,115 [icarl.py] => Task 6, Epoch 30/200 => Loss 2.881, Loss_clf 0.769, Loss_kd 2.109, Loss_kernel 0.003, Train_accy 77.55
2025-06-27 04:26:05,322 [icarl.py] => Task 6, Epoch 31/200 => Loss 2.786, Loss_clf 0.711, Loss_kd 2.072, Loss_kernel 0.003, Train_accy 78.92, Test_accy {'Art': 30.42, 'Clipart': 47.47, 'Real World': 39.84, 'Product': 37.18}
2025-06-27 04:26:20,542 [icarl.py] => Task 6, Epoch 32/200 => Loss 2.739, Loss_clf 0.668, Loss_kd 2.068, Loss_kernel 0.003, Train_accy 80.18
2025-06-27 04:26:34,401 [icarl.py] => Task 6, Epoch 33/200 => Loss 2.757, Loss_clf 0.673, Loss_kd 2.082, Loss_kernel 0.002, Train_accy 79.77
2025-06-27 04:26:50,004 [icarl.py] => Task 6, Epoch 34/200 => Loss 2.826, Loss_clf 0.734, Loss_kd 2.090, Loss_kernel 0.002, Train_accy 79.23
2025-06-27 04:27:05,824 [icarl.py] => Task 6, Epoch 35/200 => Loss 2.738, Loss_clf 0.665, Loss_kd 2.071, Loss_kernel 0.003, Train_accy 80.54
2025-06-27 04:27:32,654 [icarl.py] => Task 6, Epoch 36/200 => Loss 2.731, Loss_clf 0.655, Loss_kd 2.073, Loss_kernel 0.002, Train_accy 80.80, Test_accy {'Art': 27.0, 'Clipart': 44.51, 'Real World': 39.44, 'Product': 38.55}
2025-06-27 04:27:47,201 [icarl.py] => Task 6, Epoch 37/200 => Loss 2.624, Loss_clf 0.576, Loss_kd 2.046, Loss_kernel 0.002, Train_accy 83.48
2025-06-27 04:28:00,864 [icarl.py] => Task 6, Epoch 38/200 => Loss 2.626, Loss_clf 0.591, Loss_kd 2.033, Loss_kernel 0.002, Train_accy 82.87
2025-06-27 04:28:14,825 [icarl.py] => Task 6, Epoch 39/200 => Loss 2.644, Loss_clf 0.592, Loss_kd 2.050, Loss_kernel 0.002, Train_accy 81.40
2025-06-27 04:28:29,942 [icarl.py] => Task 6, Epoch 40/200 => Loss 2.710, Loss_clf 0.640, Loss_kd 2.068, Loss_kernel 0.002, Train_accy 81.25
2025-06-27 04:28:54,393 [icarl.py] => Task 6, Epoch 41/200 => Loss 2.664, Loss_clf 0.613, Loss_kd 2.049, Loss_kernel 0.002, Train_accy 81.77, Test_accy {'Art': 27.76, 'Clipart': 48.73, 'Real World': 37.42, 'Product': 36.01}
2025-06-27 04:29:08,562 [icarl.py] => Task 6, Epoch 42/200 => Loss 2.678, Loss_clf 0.610, Loss_kd 2.065, Loss_kernel 0.003, Train_accy 81.66
2025-06-27 04:29:22,659 [icarl.py] => Task 6, Epoch 43/200 => Loss 2.617, Loss_clf 0.574, Loss_kd 2.041, Loss_kernel 0.002, Train_accy 82.77
2025-06-27 04:29:37,551 [icarl.py] => Task 6, Epoch 44/200 => Loss 2.607, Loss_clf 0.560, Loss_kd 2.045, Loss_kernel 0.002, Train_accy 83.51
2025-06-27 04:29:50,478 [icarl.py] => Task 6, Epoch 45/200 => Loss 2.570, Loss_clf 0.541, Loss_kd 2.027, Loss_kernel 0.002, Train_accy 84.38
2025-06-27 04:30:17,053 [icarl.py] => Task 6, Epoch 46/200 => Loss 2.582, Loss_clf 0.543, Loss_kd 2.037, Loss_kernel 0.002, Train_accy 82.90, Test_accy {'Art': 29.28, 'Clipart': 44.94, 'Real World': 40.04, 'Product': 40.12}
2025-06-27 04:30:30,877 [icarl.py] => Task 6, Epoch 47/200 => Loss 2.649, Loss_clf 0.598, Loss_kd 2.049, Loss_kernel 0.002, Train_accy 82.15
2025-06-27 04:30:44,998 [icarl.py] => Task 6, Epoch 48/200 => Loss 2.631, Loss_clf 0.570, Loss_kd 2.059, Loss_kernel 0.002, Train_accy 83.40
2025-06-27 04:31:01,256 [icarl.py] => Task 6, Epoch 49/200 => Loss 2.567, Loss_clf 0.556, Loss_kd 2.009, Loss_kernel 0.002, Train_accy 83.65
2025-06-27 04:31:17,073 [icarl.py] => Task 6, Epoch 50/200 => Loss 2.639, Loss_clf 0.593, Loss_kd 2.043, Loss_kernel 0.002, Train_accy 82.44
2025-06-27 04:31:42,955 [icarl.py] => Task 6, Epoch 51/200 => Loss 2.562, Loss_clf 0.541, Loss_kd 2.019, Loss_kernel 0.002, Train_accy 83.53, Test_accy {'Art': 28.9, 'Clipart': 50.0, 'Real World': 41.65, 'Product': 40.51}
2025-06-27 04:31:58,840 [icarl.py] => Task 6, Epoch 52/200 => Loss 2.545, Loss_clf 0.524, Loss_kd 2.019, Loss_kernel 0.002, Train_accy 84.97
2025-06-27 04:32:13,958 [icarl.py] => Task 6, Epoch 53/200 => Loss 2.627, Loss_clf 0.582, Loss_kd 2.042, Loss_kernel 0.003, Train_accy 83.92
2025-06-27 04:32:27,871 [icarl.py] => Task 6, Epoch 54/200 => Loss 2.636, Loss_clf 0.586, Loss_kd 2.048, Loss_kernel 0.003, Train_accy 83.26
2025-06-27 04:32:42,527 [icarl.py] => Task 6, Epoch 55/200 => Loss 2.557, Loss_clf 0.519, Loss_kd 2.035, Loss_kernel 0.002, Train_accy 84.62
2025-06-27 04:33:07,118 [icarl.py] => Task 6, Epoch 56/200 => Loss 2.517, Loss_clf 0.494, Loss_kd 2.020, Loss_kernel 0.002, Train_accy 86.00, Test_accy {'Art': 26.24, 'Clipart': 45.99, 'Real World': 36.62, 'Product': 35.03}
2025-06-27 04:33:21,396 [icarl.py] => Task 6, Epoch 57/200 => Loss 2.540, Loss_clf 0.525, Loss_kd 2.013, Loss_kernel 0.002, Train_accy 84.58
2025-06-27 04:33:34,251 [icarl.py] => Task 6, Epoch 58/200 => Loss 2.510, Loss_clf 0.499, Loss_kd 2.009, Loss_kernel 0.002, Train_accy 85.40
2025-06-27 04:33:49,341 [icarl.py] => Task 6, Epoch 59/200 => Loss 2.500, Loss_clf 0.495, Loss_kd 2.003, Loss_kernel 0.002, Train_accy 85.86
2025-06-27 04:34:03,891 [icarl.py] => Task 6, Epoch 60/200 => Loss 2.496, Loss_clf 0.491, Loss_kd 2.003, Loss_kernel 0.003, Train_accy 85.47
2025-06-27 04:34:28,966 [icarl.py] => Task 6, Epoch 61/200 => Loss 2.488, Loss_clf 0.481, Loss_kd 2.005, Loss_kernel 0.002, Train_accy 86.12, Test_accy {'Art': 27.0, 'Clipart': 49.16, 'Real World': 39.64, 'Product': 39.92}
2025-06-27 04:34:43,430 [icarl.py] => Task 6, Epoch 62/200 => Loss 2.449, Loss_clf 0.458, Loss_kd 1.989, Loss_kernel 0.002, Train_accy 87.29
2025-06-27 04:34:57,005 [icarl.py] => Task 6, Epoch 63/200 => Loss 2.396, Loss_clf 0.427, Loss_kd 1.966, Loss_kernel 0.002, Train_accy 88.36
2025-06-27 04:35:10,804 [icarl.py] => Task 6, Epoch 64/200 => Loss 2.488, Loss_clf 0.483, Loss_kd 2.003, Loss_kernel 0.002, Train_accy 86.70
2025-06-27 04:35:25,521 [icarl.py] => Task 6, Epoch 65/200 => Loss 2.484, Loss_clf 0.482, Loss_kd 1.999, Loss_kernel 0.002, Train_accy 86.58
2025-06-27 04:35:50,808 [icarl.py] => Task 6, Epoch 66/200 => Loss 2.406, Loss_clf 0.416, Loss_kd 1.988, Loss_kernel 0.002, Train_accy 87.49, Test_accy {'Art': 28.9, 'Clipart': 50.21, 'Real World': 39.24, 'Product': 36.59}
2025-06-27 04:36:05,217 [icarl.py] => Task 6, Epoch 67/200 => Loss 2.424, Loss_clf 0.445, Loss_kd 1.977, Loss_kernel 0.002, Train_accy 87.33
2025-06-27 04:36:19,099 [icarl.py] => Task 6, Epoch 68/200 => Loss 2.410, Loss_clf 0.421, Loss_kd 1.986, Loss_kernel 0.002, Train_accy 88.29
2025-06-27 04:36:34,429 [icarl.py] => Task 6, Epoch 69/200 => Loss 2.456, Loss_clf 0.458, Loss_kd 1.996, Loss_kernel 0.002, Train_accy 86.65
2025-06-27 04:36:47,576 [icarl.py] => Task 6, Epoch 70/200 => Loss 2.410, Loss_clf 0.430, Loss_kd 1.978, Loss_kernel 0.002, Train_accy 87.46
2025-06-27 04:37:11,707 [icarl.py] => Task 6, Epoch 71/200 => Loss 2.331, Loss_clf 0.381, Loss_kd 1.948, Loss_kernel 0.002, Train_accy 89.48, Test_accy {'Art': 29.66, 'Clipart': 48.73, 'Real World': 44.87, 'Product': 39.14}
2025-06-27 04:37:26,181 [icarl.py] => Task 6, Epoch 72/200 => Loss 2.379, Loss_clf 0.411, Loss_kd 1.966, Loss_kernel 0.002, Train_accy 88.20
2025-06-27 04:37:39,833 [icarl.py] => Task 6, Epoch 73/200 => Loss 2.358, Loss_clf 0.383, Loss_kd 1.974, Loss_kernel 0.002, Train_accy 89.67
2025-06-27 04:37:53,634 [icarl.py] => Task 6, Epoch 74/200 => Loss 2.374, Loss_clf 0.389, Loss_kd 1.983, Loss_kernel 0.002, Train_accy 89.04
2025-06-27 04:38:07,977 [icarl.py] => Task 6, Epoch 75/200 => Loss 2.450, Loss_clf 0.462, Loss_kd 1.987, Loss_kernel 0.002, Train_accy 86.45
2025-06-27 04:38:32,891 [icarl.py] => Task 6, Epoch 76/200 => Loss 2.428, Loss_clf 0.439, Loss_kd 1.986, Loss_kernel 0.002, Train_accy 87.37, Test_accy {'Art': 31.18, 'Clipart': 47.68, 'Real World': 46.68, 'Product': 40.51}
2025-06-27 04:38:47,335 [icarl.py] => Task 6, Epoch 77/200 => Loss 2.372, Loss_clf 0.391, Loss_kd 1.979, Loss_kernel 0.002, Train_accy 89.36
2025-06-27 04:39:01,296 [icarl.py] => Task 6, Epoch 78/200 => Loss 2.324, Loss_clf 0.371, Loss_kd 1.951, Loss_kernel 0.002, Train_accy 89.44
2025-06-27 04:39:15,684 [icarl.py] => Task 6, Epoch 79/200 => Loss 2.356, Loss_clf 0.405, Loss_kd 1.949, Loss_kernel 0.002, Train_accy 88.49
2025-06-27 04:39:29,193 [icarl.py] => Task 6, Epoch 80/200 => Loss 2.312, Loss_clf 0.363, Loss_kd 1.947, Loss_kernel 0.002, Train_accy 89.92
2025-06-27 04:39:53,217 [icarl.py] => Task 6, Epoch 81/200 => Loss 2.302, Loss_clf 0.360, Loss_kd 1.940, Loss_kernel 0.002, Train_accy 89.93, Test_accy {'Art': 28.9, 'Clipart': 50.42, 'Real World': 42.25, 'Product': 37.18}
2025-06-27 04:40:06,774 [icarl.py] => Task 6, Epoch 82/200 => Loss 2.383, Loss_clf 0.399, Loss_kd 1.982, Loss_kernel 0.002, Train_accy 88.70
2025-06-27 04:40:21,762 [icarl.py] => Task 6, Epoch 83/200 => Loss 2.275, Loss_clf 0.330, Loss_kd 1.943, Loss_kernel 0.002, Train_accy 90.87
2025-06-27 04:40:34,650 [icarl.py] => Task 6, Epoch 84/200 => Loss 2.299, Loss_clf 0.358, Loss_kd 1.939, Loss_kernel 0.002, Train_accy 90.16
2025-06-27 04:40:48,278 [icarl.py] => Task 6, Epoch 85/200 => Loss 2.305, Loss_clf 0.358, Loss_kd 1.945, Loss_kernel 0.002, Train_accy 89.84
2025-06-27 04:41:12,990 [icarl.py] => Task 6, Epoch 86/200 => Loss 2.299, Loss_clf 0.342, Loss_kd 1.955, Loss_kernel 0.002, Train_accy 90.34, Test_accy {'Art': 27.38, 'Clipart': 51.9, 'Real World': 41.25, 'Product': 37.18}
2025-06-27 04:41:27,323 [icarl.py] => Task 6, Epoch 87/200 => Loss 2.327, Loss_clf 0.363, Loss_kd 1.962, Loss_kernel 0.002, Train_accy 89.78
2025-06-27 04:41:39,954 [icarl.py] => Task 6, Epoch 88/200 => Loss 2.319, Loss_clf 0.361, Loss_kd 1.956, Loss_kernel 0.002, Train_accy 89.93
2025-06-27 04:41:51,580 [icarl.py] => Task 6, Epoch 89/200 => Loss 2.176, Loss_clf 0.274, Loss_kd 1.900, Loss_kernel 0.002, Train_accy 91.81
2025-06-27 04:42:05,318 [icarl.py] => Task 6, Epoch 90/200 => Loss 2.259, Loss_clf 0.328, Loss_kd 1.929, Loss_kernel 0.002, Train_accy 91.04
2025-06-27 04:42:30,652 [icarl.py] => Task 6, Epoch 91/200 => Loss 2.248, Loss_clf 0.319, Loss_kd 1.928, Loss_kernel 0.002, Train_accy 91.03, Test_accy {'Art': 29.66, 'Clipart': 51.9, 'Real World': 41.65, 'Product': 39.53}
2025-06-27 04:42:44,222 [icarl.py] => Task 6, Epoch 92/200 => Loss 2.233, Loss_clf 0.310, Loss_kd 1.921, Loss_kernel 0.002, Train_accy 91.47
2025-06-27 04:42:58,121 [icarl.py] => Task 6, Epoch 93/200 => Loss 2.254, Loss_clf 0.321, Loss_kd 1.931, Loss_kernel 0.002, Train_accy 90.94
2025-06-27 04:43:10,872 [icarl.py] => Task 6, Epoch 94/200 => Loss 2.225, Loss_clf 0.302, Loss_kd 1.921, Loss_kernel 0.002, Train_accy 91.45
2025-06-27 04:43:24,969 [icarl.py] => Task 6, Epoch 95/200 => Loss 2.192, Loss_clf 0.286, Loss_kd 1.904, Loss_kernel 0.002, Train_accy 91.95
2025-06-27 04:43:49,543 [icarl.py] => Task 6, Epoch 96/200 => Loss 2.274, Loss_clf 0.339, Loss_kd 1.933, Loss_kernel 0.002, Train_accy 89.63, Test_accy {'Art': 30.04, 'Clipart': 52.74, 'Real World': 46.08, 'Product': 41.29}
2025-06-27 04:44:03,106 [icarl.py] => Task 6, Epoch 97/200 => Loss 2.262, Loss_clf 0.338, Loss_kd 1.922, Loss_kernel 0.002, Train_accy 90.35
2025-06-27 04:44:16,012 [icarl.py] => Task 6, Epoch 98/200 => Loss 2.197, Loss_clf 0.271, Loss_kd 1.923, Loss_kernel 0.002, Train_accy 92.05
2025-06-27 04:44:28,195 [icarl.py] => Task 6, Epoch 99/200 => Loss 2.166, Loss_clf 0.260, Loss_kd 1.905, Loss_kernel 0.002, Train_accy 92.59
2025-06-27 04:44:40,795 [icarl.py] => Task 6, Epoch 100/200 => Loss 2.171, Loss_clf 0.277, Loss_kd 1.892, Loss_kernel 0.001, Train_accy 92.30
2025-06-27 04:45:04,061 [icarl.py] => Task 6, Epoch 101/200 => Loss 2.126, Loss_clf 0.251, Loss_kd 1.874, Loss_kernel 0.001, Train_accy 93.43, Test_accy {'Art': 28.14, 'Clipart': 50.84, 'Real World': 43.06, 'Product': 41.49}
2025-06-27 04:45:17,042 [icarl.py] => Task 6, Epoch 102/200 => Loss 2.156, Loss_clf 0.255, Loss_kd 1.900, Loss_kernel 0.002, Train_accy 93.08
2025-06-27 04:45:29,320 [icarl.py] => Task 6, Epoch 103/200 => Loss 2.130, Loss_clf 0.260, Loss_kd 1.868, Loss_kernel 0.002, Train_accy 92.91
2025-06-27 04:45:41,899 [icarl.py] => Task 6, Epoch 104/200 => Loss 2.154, Loss_clf 0.260, Loss_kd 1.892, Loss_kernel 0.002, Train_accy 92.44
2025-06-27 04:45:55,893 [icarl.py] => Task 6, Epoch 105/200 => Loss 2.152, Loss_clf 0.269, Loss_kd 1.881, Loss_kernel 0.001, Train_accy 92.19
2025-06-27 04:46:19,972 [icarl.py] => Task 6, Epoch 106/200 => Loss 2.194, Loss_clf 0.277, Loss_kd 1.915, Loss_kernel 0.001, Train_accy 91.99, Test_accy {'Art': 30.04, 'Clipart': 53.38, 'Real World': 42.45, 'Product': 39.33}
2025-06-27 04:46:33,933 [icarl.py] => Task 6, Epoch 107/200 => Loss 2.129, Loss_clf 0.242, Loss_kd 1.886, Loss_kernel 0.001, Train_accy 93.66
2025-06-27 04:46:46,684 [icarl.py] => Task 6, Epoch 108/200 => Loss 2.126, Loss_clf 0.236, Loss_kd 1.888, Loss_kernel 0.001, Train_accy 93.99
2025-06-27 04:46:59,931 [icarl.py] => Task 6, Epoch 109/200 => Loss 2.102, Loss_clf 0.228, Loss_kd 1.872, Loss_kernel 0.001, Train_accy 93.66
2025-06-27 04:47:11,842 [icarl.py] => Task 6, Epoch 110/200 => Loss 2.101, Loss_clf 0.227, Loss_kd 1.872, Loss_kernel 0.001, Train_accy 93.31
2025-06-27 04:47:35,962 [icarl.py] => Task 6, Epoch 111/200 => Loss 2.144, Loss_clf 0.257, Loss_kd 1.886, Loss_kernel 0.001, Train_accy 93.11, Test_accy {'Art': 31.94, 'Clipart': 51.05, 'Real World': 42.66, 'Product': 39.53}
2025-06-27 04:47:49,265 [icarl.py] => Task 6, Epoch 112/200 => Loss 2.125, Loss_clf 0.232, Loss_kd 1.891, Loss_kernel 0.001, Train_accy 93.58
2025-06-27 04:48:02,845 [icarl.py] => Task 6, Epoch 113/200 => Loss 2.122, Loss_clf 0.246, Loss_kd 1.875, Loss_kernel 0.001, Train_accy 92.48
2025-06-27 04:48:16,631 [icarl.py] => Task 6, Epoch 114/200 => Loss 2.090, Loss_clf 0.235, Loss_kd 1.855, Loss_kernel 0.001, Train_accy 93.32
2025-06-27 04:48:29,938 [icarl.py] => Task 6, Epoch 115/200 => Loss 2.104, Loss_clf 0.224, Loss_kd 1.879, Loss_kernel 0.001, Train_accy 93.53
2025-06-27 04:48:54,328 [icarl.py] => Task 6, Epoch 116/200 => Loss 2.089, Loss_clf 0.209, Loss_kd 1.879, Loss_kernel 0.001, Train_accy 93.91, Test_accy {'Art': 28.52, 'Clipart': 51.05, 'Real World': 45.27, 'Product': 42.66}
2025-06-27 04:49:07,101 [icarl.py] => Task 6, Epoch 117/200 => Loss 2.094, Loss_clf 0.212, Loss_kd 1.881, Loss_kernel 0.001, Train_accy 94.26
2025-06-27 04:49:20,206 [icarl.py] => Task 6, Epoch 118/200 => Loss 2.098, Loss_clf 0.230, Loss_kd 1.867, Loss_kernel 0.001, Train_accy 93.51
2025-06-27 04:49:33,097 [icarl.py] => Task 6, Epoch 119/200 => Loss 2.081, Loss_clf 0.208, Loss_kd 1.872, Loss_kernel 0.001, Train_accy 94.34
2025-06-27 04:49:45,733 [icarl.py] => Task 6, Epoch 120/200 => Loss 2.074, Loss_clf 0.208, Loss_kd 1.864, Loss_kernel 0.001, Train_accy 94.38
2025-06-27 04:50:09,320 [icarl.py] => Task 6, Epoch 121/200 => Loss 2.051, Loss_clf 0.193, Loss_kd 1.857, Loss_kernel 0.001, Train_accy 94.60, Test_accy {'Art': 28.52, 'Clipart': 52.74, 'Real World': 46.68, 'Product': 40.31}
2025-06-27 04:50:22,645 [icarl.py] => Task 6, Epoch 122/200 => Loss 2.031, Loss_clf 0.192, Loss_kd 1.838, Loss_kernel 0.001, Train_accy 94.63
2025-06-27 04:50:34,457 [icarl.py] => Task 6, Epoch 123/200 => Loss 2.028, Loss_clf 0.182, Loss_kd 1.845, Loss_kernel 0.001, Train_accy 95.27
2025-06-27 04:50:46,701 [icarl.py] => Task 6, Epoch 124/200 => Loss 2.012, Loss_clf 0.168, Loss_kd 1.842, Loss_kernel 0.001, Train_accy 95.42
2025-06-27 04:51:01,617 [icarl.py] => Task 6, Epoch 125/200 => Loss 2.055, Loss_clf 0.198, Loss_kd 1.855, Loss_kernel 0.001, Train_accy 94.33
2025-06-27 04:51:25,368 [icarl.py] => Task 6, Epoch 126/200 => Loss 2.052, Loss_clf 0.209, Loss_kd 1.842, Loss_kernel 0.001, Train_accy 94.36, Test_accy {'Art': 30.8, 'Clipart': 52.32, 'Real World': 45.07, 'Product': 36.99}
2025-06-27 04:51:39,342 [icarl.py] => Task 6, Epoch 127/200 => Loss 2.064, Loss_clf 0.198, Loss_kd 1.865, Loss_kernel 0.001, Train_accy 94.93
2025-06-27 04:51:51,503 [icarl.py] => Task 6, Epoch 128/200 => Loss 2.037, Loss_clf 0.183, Loss_kd 1.852, Loss_kernel 0.001, Train_accy 94.98
2025-06-27 04:52:04,407 [icarl.py] => Task 6, Epoch 129/200 => Loss 2.073, Loss_clf 0.215, Loss_kd 1.857, Loss_kernel 0.001, Train_accy 93.85
2025-06-27 04:52:17,549 [icarl.py] => Task 6, Epoch 130/200 => Loss 1.985, Loss_clf 0.156, Loss_kd 1.828, Loss_kernel 0.001, Train_accy 96.20
2025-06-27 04:52:40,675 [icarl.py] => Task 6, Epoch 131/200 => Loss 2.017, Loss_clf 0.172, Loss_kd 1.844, Loss_kernel 0.001, Train_accy 95.65, Test_accy {'Art': 28.9, 'Clipart': 52.74, 'Real World': 45.67, 'Product': 41.68}
2025-06-27 04:52:53,950 [icarl.py] => Task 6, Epoch 132/200 => Loss 2.029, Loss_clf 0.193, Loss_kd 1.835, Loss_kernel 0.001, Train_accy 94.59
2025-06-27 04:53:06,515 [icarl.py] => Task 6, Epoch 133/200 => Loss 2.034, Loss_clf 0.177, Loss_kd 1.855, Loss_kernel 0.001, Train_accy 95.28
2025-06-27 04:53:18,825 [icarl.py] => Task 6, Epoch 134/200 => Loss 2.018, Loss_clf 0.173, Loss_kd 1.844, Loss_kernel 0.001, Train_accy 95.38
2025-06-27 04:53:30,577 [icarl.py] => Task 6, Epoch 135/200 => Loss 2.002, Loss_clf 0.171, Loss_kd 1.829, Loss_kernel 0.001, Train_accy 95.45
2025-06-27 04:53:53,744 [icarl.py] => Task 6, Epoch 136/200 => Loss 1.973, Loss_clf 0.164, Loss_kd 1.808, Loss_kernel 0.001, Train_accy 95.74, Test_accy {'Art': 28.14, 'Clipart': 51.69, 'Real World': 43.86, 'Product': 43.64}
2025-06-27 04:54:05,830 [icarl.py] => Task 6, Epoch 137/200 => Loss 1.982, Loss_clf 0.152, Loss_kd 1.829, Loss_kernel 0.001, Train_accy 96.52
2025-06-27 04:54:18,750 [icarl.py] => Task 6, Epoch 138/200 => Loss 2.011, Loss_clf 0.154, Loss_kd 1.855, Loss_kernel 0.001, Train_accy 96.05
2025-06-27 04:54:30,624 [icarl.py] => Task 6, Epoch 139/200 => Loss 1.993, Loss_clf 0.166, Loss_kd 1.825, Loss_kernel 0.001, Train_accy 95.28
2025-06-27 04:54:43,182 [icarl.py] => Task 6, Epoch 140/200 => Loss 1.988, Loss_clf 0.161, Loss_kd 1.826, Loss_kernel 0.001, Train_accy 95.48
2025-06-27 04:55:05,861 [icarl.py] => Task 6, Epoch 141/200 => Loss 1.979, Loss_clf 0.148, Loss_kd 1.830, Loss_kernel 0.001, Train_accy 96.44, Test_accy {'Art': 31.94, 'Clipart': 51.48, 'Real World': 44.06, 'Product': 41.29}
2025-06-27 04:55:17,167 [icarl.py] => Task 6, Epoch 142/200 => Loss 1.962, Loss_clf 0.143, Loss_kd 1.818, Loss_kernel 0.001, Train_accy 96.07
2025-06-27 04:55:29,647 [icarl.py] => Task 6, Epoch 143/200 => Loss 1.958, Loss_clf 0.135, Loss_kd 1.821, Loss_kernel 0.001, Train_accy 96.52
2025-06-27 04:55:43,229 [icarl.py] => Task 6, Epoch 144/200 => Loss 1.990, Loss_clf 0.150, Loss_kd 1.838, Loss_kernel 0.001, Train_accy 95.87
2025-06-27 04:55:56,961 [icarl.py] => Task 6, Epoch 145/200 => Loss 1.978, Loss_clf 0.145, Loss_kd 1.831, Loss_kernel 0.001, Train_accy 96.01
2025-06-27 04:56:19,867 [icarl.py] => Task 6, Epoch 146/200 => Loss 1.941, Loss_clf 0.135, Loss_kd 1.806, Loss_kernel 0.001, Train_accy 96.52, Test_accy {'Art': 31.18, 'Clipart': 52.95, 'Real World': 45.47, 'Product': 42.47}
2025-06-27 04:56:31,798 [icarl.py] => Task 6, Epoch 147/200 => Loss 1.961, Loss_clf 0.163, Loss_kd 1.797, Loss_kernel 0.001, Train_accy 95.39
2025-06-27 04:56:43,956 [icarl.py] => Task 6, Epoch 148/200 => Loss 1.942, Loss_clf 0.133, Loss_kd 1.808, Loss_kernel 0.001, Train_accy 96.42
2025-06-27 04:56:56,227 [icarl.py] => Task 6, Epoch 149/200 => Loss 1.961, Loss_clf 0.144, Loss_kd 1.816, Loss_kernel 0.001, Train_accy 96.29
2025-06-27 04:57:09,449 [icarl.py] => Task 6, Epoch 150/200 => Loss 1.958, Loss_clf 0.126, Loss_kd 1.831, Loss_kernel 0.001, Train_accy 96.57
2025-06-27 04:57:32,853 [icarl.py] => Task 6, Epoch 151/200 => Loss 1.953, Loss_clf 0.138, Loss_kd 1.815, Loss_kernel 0.001, Train_accy 96.29, Test_accy {'Art': 30.04, 'Clipart': 53.16, 'Real World': 44.27, 'Product': 42.27}
2025-06-27 04:57:44,253 [icarl.py] => Task 6, Epoch 152/200 => Loss 1.922, Loss_clf 0.119, Loss_kd 1.803, Loss_kernel 0.001, Train_accy 97.23
2025-06-27 04:57:56,214 [icarl.py] => Task 6, Epoch 153/200 => Loss 1.934, Loss_clf 0.125, Loss_kd 1.807, Loss_kernel 0.001, Train_accy 96.77
2025-06-27 04:58:07,127 [icarl.py] => Task 6, Epoch 154/200 => Loss 1.900, Loss_clf 0.101, Loss_kd 1.798, Loss_kernel 0.001, Train_accy 97.42
2025-06-27 04:58:20,041 [icarl.py] => Task 6, Epoch 155/200 => Loss 1.955, Loss_clf 0.149, Loss_kd 1.805, Loss_kernel 0.001, Train_accy 96.18
2025-06-27 04:58:43,807 [icarl.py] => Task 6, Epoch 156/200 => Loss 1.953, Loss_clf 0.133, Loss_kd 1.819, Loss_kernel 0.001, Train_accy 96.34, Test_accy {'Art': 30.42, 'Clipart': 51.27, 'Real World': 45.27, 'Product': 42.66}
2025-06-27 04:58:55,190 [icarl.py] => Task 6, Epoch 157/200 => Loss 1.924, Loss_clf 0.121, Loss_kd 1.802, Loss_kernel 0.001, Train_accy 96.66
2025-06-27 04:59:06,951 [icarl.py] => Task 6, Epoch 158/200 => Loss 1.932, Loss_clf 0.123, Loss_kd 1.808, Loss_kernel 0.001, Train_accy 97.15
2025-06-27 04:59:18,260 [icarl.py] => Task 6, Epoch 159/200 => Loss 1.915, Loss_clf 0.102, Loss_kd 1.812, Loss_kernel 0.001, Train_accy 97.43
2025-06-27 04:59:31,725 [icarl.py] => Task 6, Epoch 160/200 => Loss 1.924, Loss_clf 0.135, Loss_kd 1.788, Loss_kernel 0.001, Train_accy 96.49
2025-06-27 04:59:55,159 [icarl.py] => Task 6, Epoch 161/200 => Loss 1.907, Loss_clf 0.115, Loss_kd 1.791, Loss_kernel 0.001, Train_accy 96.96, Test_accy {'Art': 30.42, 'Clipart': 52.74, 'Real World': 43.66, 'Product': 43.84}
2025-06-27 05:00:06,633 [icarl.py] => Task 6, Epoch 162/200 => Loss 1.928, Loss_clf 0.119, Loss_kd 1.808, Loss_kernel 0.001, Train_accy 96.67
2025-06-27 05:00:18,724 [icarl.py] => Task 6, Epoch 163/200 => Loss 1.930, Loss_clf 0.124, Loss_kd 1.805, Loss_kernel 0.001, Train_accy 96.96
2025-06-27 05:00:31,583 [icarl.py] => Task 6, Epoch 164/200 => Loss 1.950, Loss_clf 0.126, Loss_kd 1.823, Loss_kernel 0.001, Train_accy 96.73
2025-06-27 05:00:43,411 [icarl.py] => Task 6, Epoch 165/200 => Loss 1.927, Loss_clf 0.119, Loss_kd 1.807, Loss_kernel 0.001, Train_accy 97.19
2025-06-27 05:01:07,278 [icarl.py] => Task 6, Epoch 166/200 => Loss 1.934, Loss_clf 0.122, Loss_kd 1.810, Loss_kernel 0.001, Train_accy 97.05, Test_accy {'Art': 28.52, 'Clipart': 52.74, 'Real World': 44.06, 'Product': 41.68}
2025-06-27 05:01:18,929 [icarl.py] => Task 6, Epoch 167/200 => Loss 1.904, Loss_clf 0.106, Loss_kd 1.797, Loss_kernel 0.001, Train_accy 97.34
2025-06-27 05:01:31,381 [icarl.py] => Task 6, Epoch 168/200 => Loss 1.923, Loss_clf 0.111, Loss_kd 1.811, Loss_kernel 0.001, Train_accy 97.44
2025-06-27 05:01:42,224 [icarl.py] => Task 6, Epoch 169/200 => Loss 1.928, Loss_clf 0.113, Loss_kd 1.814, Loss_kernel 0.001, Train_accy 97.57
2025-06-27 05:01:53,221 [icarl.py] => Task 6, Epoch 170/200 => Loss 1.907, Loss_clf 0.105, Loss_kd 1.800, Loss_kernel 0.001, Train_accy 97.43
2025-06-27 05:02:15,312 [icarl.py] => Task 6, Epoch 171/200 => Loss 1.890, Loss_clf 0.099, Loss_kd 1.790, Loss_kernel 0.001, Train_accy 97.42, Test_accy {'Art': 28.14, 'Clipart': 52.32, 'Real World': 43.26, 'Product': 41.68}
2025-06-27 05:02:26,514 [icarl.py] => Task 6, Epoch 172/200 => Loss 1.895, Loss_clf 0.105, Loss_kd 1.789, Loss_kernel 0.001, Train_accy 97.27
2025-06-27 05:02:38,915 [icarl.py] => Task 6, Epoch 173/200 => Loss 1.920, Loss_clf 0.117, Loss_kd 1.802, Loss_kernel 0.001, Train_accy 96.91
2025-06-27 05:02:50,265 [icarl.py] => Task 6, Epoch 174/200 => Loss 1.944, Loss_clf 0.126, Loss_kd 1.816, Loss_kernel 0.001, Train_accy 96.95
2025-06-27 05:03:01,477 [icarl.py] => Task 6, Epoch 175/200 => Loss 1.882, Loss_clf 0.093, Loss_kd 1.788, Loss_kernel 0.001, Train_accy 98.15
2025-06-27 05:03:24,502 [icarl.py] => Task 6, Epoch 176/200 => Loss 1.928, Loss_clf 0.118, Loss_kd 1.809, Loss_kernel 0.001, Train_accy 96.90, Test_accy {'Art': 27.76, 'Clipart': 51.9, 'Real World': 44.87, 'Product': 40.9}
2025-06-27 05:03:35,872 [icarl.py] => Task 6, Epoch 177/200 => Loss 1.869, Loss_clf 0.094, Loss_kd 1.775, Loss_kernel 0.001, Train_accy 97.72
2025-06-27 05:03:47,356 [icarl.py] => Task 6, Epoch 178/200 => Loss 1.906, Loss_clf 0.101, Loss_kd 1.803, Loss_kernel 0.001, Train_accy 97.47
2025-06-27 05:03:57,934 [icarl.py] => Task 6, Epoch 179/200 => Loss 1.868, Loss_clf 0.090, Loss_kd 1.777, Loss_kernel 0.001, Train_accy 97.90
2025-06-27 05:04:09,339 [icarl.py] => Task 6, Epoch 180/200 => Loss 1.893, Loss_clf 0.108, Loss_kd 1.784, Loss_kernel 0.001, Train_accy 96.99
2025-06-27 05:04:32,155 [icarl.py] => Task 6, Epoch 181/200 => Loss 1.889, Loss_clf 0.099, Loss_kd 1.789, Loss_kernel 0.001, Train_accy 97.81, Test_accy {'Art': 28.52, 'Clipart': 52.11, 'Real World': 45.47, 'Product': 42.66}
2025-06-27 05:04:43,239 [icarl.py] => Task 6, Epoch 182/200 => Loss 1.892, Loss_clf 0.094, Loss_kd 1.797, Loss_kernel 0.001, Train_accy 98.00
2025-06-27 05:04:54,714 [icarl.py] => Task 6, Epoch 183/200 => Loss 1.899, Loss_clf 0.106, Loss_kd 1.792, Loss_kernel 0.001, Train_accy 97.19
2025-06-27 05:05:05,475 [icarl.py] => Task 6, Epoch 184/200 => Loss 1.867, Loss_clf 0.084, Loss_kd 1.782, Loss_kernel 0.001, Train_accy 98.34
2025-06-27 05:05:16,686 [icarl.py] => Task 6, Epoch 185/200 => Loss 1.908, Loss_clf 0.114, Loss_kd 1.793, Loss_kernel 0.001, Train_accy 97.04
2025-06-27 05:05:39,644 [icarl.py] => Task 6, Epoch 186/200 => Loss 1.896, Loss_clf 0.100, Loss_kd 1.795, Loss_kernel 0.001, Train_accy 97.82, Test_accy {'Art': 27.38, 'Clipart': 51.9, 'Real World': 44.27, 'Product': 40.51}
2025-06-27 05:05:50,737 [icarl.py] => Task 6, Epoch 187/200 => Loss 1.871, Loss_clf 0.097, Loss_kd 1.773, Loss_kernel 0.001, Train_accy 97.72
2025-06-27 05:06:03,370 [icarl.py] => Task 6, Epoch 188/200 => Loss 1.889, Loss_clf 0.094, Loss_kd 1.793, Loss_kernel 0.001, Train_accy 97.92
2025-06-27 05:06:14,336 [icarl.py] => Task 6, Epoch 189/200 => Loss 1.901, Loss_clf 0.104, Loss_kd 1.796, Loss_kernel 0.001, Train_accy 97.52
2025-06-27 05:06:25,229 [icarl.py] => Task 6, Epoch 190/200 => Loss 1.876, Loss_clf 0.093, Loss_kd 1.781, Loss_kernel 0.001, Train_accy 97.76
2025-06-27 05:06:47,254 [icarl.py] => Task 6, Epoch 191/200 => Loss 1.889, Loss_clf 0.091, Loss_kd 1.797, Loss_kernel 0.001, Train_accy 98.20, Test_accy {'Art': 28.52, 'Clipart': 52.95, 'Real World': 46.08, 'Product': 41.1}
2025-06-27 05:06:58,061 [icarl.py] => Task 6, Epoch 192/200 => Loss 1.891, Loss_clf 0.081, Loss_kd 1.808, Loss_kernel 0.001, Train_accy 97.86
2025-06-27 05:07:09,158 [icarl.py] => Task 6, Epoch 193/200 => Loss 1.864, Loss_clf 0.078, Loss_kd 1.784, Loss_kernel 0.001, Train_accy 98.40
2025-06-27 05:07:20,861 [icarl.py] => Task 6, Epoch 194/200 => Loss 1.902, Loss_clf 0.099, Loss_kd 1.802, Loss_kernel 0.001, Train_accy 97.37
2025-06-27 05:07:31,733 [icarl.py] => Task 6, Epoch 195/200 => Loss 1.891, Loss_clf 0.093, Loss_kd 1.796, Loss_kernel 0.001, Train_accy 97.81
2025-06-27 05:07:54,698 [icarl.py] => Task 6, Epoch 196/200 => Loss 1.876, Loss_clf 0.099, Loss_kd 1.776, Loss_kernel 0.001, Train_accy 97.57, Test_accy {'Art': 28.9, 'Clipart': 51.27, 'Real World': 45.67, 'Product': 41.29}
2025-06-27 05:08:05,425 [icarl.py] => Task 6, Epoch 197/200 => Loss 1.897, Loss_clf 0.096, Loss_kd 1.800, Loss_kernel 0.001, Train_accy 97.76
2025-06-27 05:08:16,513 [icarl.py] => Task 6, Epoch 198/200 => Loss 1.903, Loss_clf 0.107, Loss_kd 1.795, Loss_kernel 0.001, Train_accy 97.09
2025-06-27 05:08:27,965 [icarl.py] => Task 6, Epoch 199/200 => Loss 1.893, Loss_clf 0.099, Loss_kd 1.793, Loss_kernel 0.001, Train_accy 97.67
2025-06-27 05:08:40,191 [icarl.py] => Task 6, Epoch 200/200 => Loss 1.888, Loss_clf 0.094, Loss_kd 1.792, Loss_kernel 0.001, Train_accy 97.39
2025-06-27 05:08:40,192 [base.py] => Reducing exemplars...(37 per classes)
2025-06-27 05:09:03,806 [base.py] => Constructing exemplars...(37 per classes)
2025-06-27 05:09:39,810 [icarl.py] => Exemplar size: 1295
2025-06-27 05:09:40,892 [trainer.py] => CNN [Art]: {'total': 27.76, '00-04': 52.63, '05-09': 35.29, '10-14': 21.62, '15-19': 22.22, '20-24': 13.16, '25-29': 8.82, '30-34': 34.55, 'old': 25.96, 'new': 34.55}
2025-06-27 05:09:40,892 [trainer.py] => NME [Art]: {'total': 33.08, '00-04': 44.74, '05-09': 32.35, '10-14': 32.43, '15-19': 29.63, '20-24': 18.42, '25-29': 26.47, '30-34': 41.82, 'old': 30.77, 'new': 41.82}
2025-06-27 05:09:40,893 [trainer.py] => CNN [Art] top1 curve: [63.16, 52.78, 50.46, 42.65, 35.63, 28.85, 27.76]
2025-06-27 05:09:40,893 [trainer.py] => CNN [Art] top5 curve: [97.37, 83.33, 73.39, 72.79, 61.49, 55.77, 53.99]
2025-06-27 05:09:40,893 [trainer.py] => NME [Art] top1 curve: [71.05, 61.11, 51.38, 44.85, 41.95, 33.17, 33.08]
2025-06-27 05:09:40,893 [trainer.py] => NME [Art] top5 curve: [100.0, 86.11, 77.06, 72.06, 70.11, 60.1, 58.56]
2025-06-27 05:09:40,893 [trainer.py] => Average Accuracy [Art] (CNN): 43.041428571428575
2025-06-27 05:09:40,893 [trainer.py] => Average Accuracy [Art] (NME): 48.08428571428572
2025-06-27 05:09:40,893 [trainer.py] => CNN [Clipart]: {'total': 52.11, '00-04': 62.82, '05-09': 59.68, '10-14': 50.0, '15-19': 56.6, '20-24': 42.7, '25-29': 33.87, '30-34': 60.94, 'old': 50.73, 'new': 60.94}
2025-06-27 05:09:40,894 [trainer.py] => NME [Clipart]: {'total': 55.27, '00-04': 56.41, '05-09': 56.45, '10-14': 59.09, '15-19': 60.38, '20-24': 51.69, '25-29': 40.32, '30-34': 64.06, 'old': 53.9, 'new': 64.06}
2025-06-27 05:09:40,894 [trainer.py] => CNN [Clipart] top1 curve: [70.51, 64.29, 68.93, 67.18, 60.63, 55.85, 52.11]
2025-06-27 05:09:40,894 [trainer.py] => CNN [Clipart] top5 curve: [100.0, 91.43, 87.86, 84.56, 81.9, 78.05, 73.84]
2025-06-27 05:09:40,894 [trainer.py] => NME [Clipart] top1 curve: [69.23, 67.14, 72.33, 68.34, 62.07, 56.1, 55.27]
2025-06-27 05:09:40,894 [trainer.py] => NME [Clipart] top5 curve: [100.0, 92.14, 88.83, 84.94, 84.77, 79.51, 77.22]
2025-06-27 05:09:40,894 [trainer.py] => Average Accuracy [Clipart] (CNN): 62.785714285714285
2025-06-27 05:09:40,894 [trainer.py] => Average Accuracy [Clipart] (NME): 64.35428571428572
2025-06-27 05:09:40,894 [trainer.py] => CNN [Product]: {'total': 40.9, '00-04': 67.06, '05-09': 38.75, '10-14': 53.23, '15-19': 27.27, '20-24': 34.43, '25-29': 26.58, '30-34': 37.31, 'old': 41.44, 'new': 37.31}
2025-06-27 05:09:40,895 [trainer.py] => NME [Product]: {'total': 41.88, '00-04': 44.71, '05-09': 41.25, '10-14': 56.45, '15-19': 31.17, '20-24': 37.7, '25-29': 43.04, '30-34': 40.3, 'old': 42.12, 'new': 40.3}
2025-06-27 05:09:40,895 [trainer.py] => CNN [Product] top1 curve: [70.59, 53.33, 53.3, 47.37, 45.75, 42.57, 40.9]
2025-06-27 05:09:40,895 [trainer.py] => CNN [Product] top5 curve: [98.82, 87.27, 83.26, 79.28, 76.99, 73.87, 73.58]
2025-06-27 05:09:40,895 [trainer.py] => NME [Product] top1 curve: [69.41, 56.97, 55.07, 46.05, 45.75, 45.72, 41.88]
2025-06-27 05:09:40,895 [trainer.py] => NME [Product] top5 curve: [100.0, 94.55, 88.55, 84.21, 80.27, 76.35, 74.95]
2025-06-27 05:09:40,895 [trainer.py] => Average Accuracy [Product] (CNN): 50.544285714285714
2025-06-27 05:09:40,895 [trainer.py] => Average Accuracy [Product] (NME): 51.550000000000004
2025-06-27 05:09:40,896 [trainer.py] => CNN [Real World]: {'total': 44.87, '00-04': 63.01, '05-09': 50.0, '10-14': 36.11, '15-19': 40.3, '20-24': 20.0, '25-29': 45.45, '30-34': 56.0, 'old': 42.89, 'new': 56.0}
2025-06-27 05:09:40,896 [trainer.py] => NME [Real World]: {'total': 48.29, '00-04': 41.1, '05-09': 48.53, '10-14': 44.44, '15-19': 49.25, '20-24': 27.69, '25-29': 61.04, '30-34': 62.67, 'old': 45.73, 'new': 62.67}
2025-06-27 05:09:40,896 [trainer.py] => CNN [Real World] top1 curve: [69.86, 63.83, 55.4, 48.93, 44.64, 42.89, 44.87]
2025-06-27 05:09:40,896 [trainer.py] => CNN [Real World] top5 curve: [98.63, 92.2, 81.69, 77.5, 74.2, 71.8, 72.03]
2025-06-27 05:09:40,896 [trainer.py] => NME [Real World] top1 curve: [71.23, 60.28, 56.81, 52.86, 48.7, 45.5, 48.29]
2025-06-27 05:09:40,896 [trainer.py] => NME [Real World] top5 curve: [100.0, 94.33, 87.32, 82.86, 80.29, 77.73, 75.05]
2025-06-27 05:09:40,896 [trainer.py] => Average Accuracy [Real World] (CNN): 52.917142857142856
2025-06-27 05:09:40,896 [trainer.py] => Average Accuracy [Real World] (NME): 54.81
2025-06-27 05:09:40,896 [trainer.py] => NME Harmonic Mean : 43.6364
2025-06-27 05:09:40,897 [trainer.py] => NME Macro Mean : 44.6300
2025-06-27 05:09:40,897 [trainer.py] => CNN Harmonic Mean : 41.2372
2025-06-27 05:09:40,897 [trainer.py] => CNN Macro Mean : 41.4100
2025-06-27 05:09:40,898 [trainer.py] => All params: 21307757
2025-06-27 05:09:40,898 [trainer.py] => Trainable params: 21307757
2025-06-27 05:09:40,900 [icarl.py] => Learning on 35-40
2025-06-27 05:10:10,153 [icarl.py] => Task 7, Epoch 1/200 => Loss 4.981, Loss_clf 2.453, Loss_kd 2.526, Loss_kernel 0.002, Train_accy 40.50, Test_accy {'Art': 4.61, 'Clipart': 11.21, 'Real World': 9.71, 'Product': 8.67}
2025-06-27 05:10:24,637 [icarl.py] => Task 7, Epoch 2/200 => Loss 6.142, Loss_clf 3.021, Loss_kd 3.116, Loss_kernel 0.006, Train_accy 21.47
2025-06-27 05:10:39,589 [icarl.py] => Task 7, Epoch 3/200 => Loss 5.384, Loss_clf 2.494, Loss_kd 2.885, Loss_kernel 0.004, Train_accy 32.61
2025-06-27 05:10:54,339 [icarl.py] => Task 7, Epoch 4/200 => Loss 4.870, Loss_clf 2.170, Loss_kd 2.696, Loss_kernel 0.004, Train_accy 39.40
2025-06-27 05:11:09,494 [icarl.py] => Task 7, Epoch 5/200 => Loss 4.672, Loss_clf 2.035, Loss_kd 2.633, Loss_kernel 0.004, Train_accy 42.17
2025-06-27 05:11:38,128 [icarl.py] => Task 7, Epoch 6/200 => Loss 4.558, Loss_clf 1.953, Loss_kd 2.601, Loss_kernel 0.004, Train_accy 44.77, Test_accy {'Art': 22.04, 'Clipart': 38.69, 'Real World': 32.55, 'Product': 30.5}
2025-06-27 05:11:53,602 [icarl.py] => Task 7, Epoch 7/200 => Loss 4.100, Loss_clf 1.645, Loss_kd 2.452, Loss_kernel 0.003, Train_accy 51.56
2025-06-27 05:12:09,923 [icarl.py] => Task 7, Epoch 8/200 => Loss 4.039, Loss_clf 1.621, Loss_kd 2.415, Loss_kernel 0.003, Train_accy 53.14
2025-06-27 05:12:24,080 [icarl.py] => Task 7, Epoch 9/200 => Loss 3.896, Loss_clf 1.523, Loss_kd 2.370, Loss_kernel 0.003, Train_accy 55.57
2025-06-27 05:12:35,891 [icarl.py] => Task 7, Epoch 10/200 => Loss 3.807, Loss_clf 1.461, Loss_kd 2.343, Loss_kernel 0.003, Train_accy 56.39
2025-06-27 05:13:02,057 [icarl.py] => Task 7, Epoch 11/200 => Loss 3.775, Loss_clf 1.427, Loss_kd 2.345, Loss_kernel 0.003, Train_accy 58.22, Test_accy {'Art': 21.38, 'Clipart': 40.56, 'Real World': 34.71, 'Product': 33.45}
2025-06-27 05:13:16,823 [icarl.py] => Task 7, Epoch 12/200 => Loss 3.667, Loss_clf 1.349, Loss_kd 2.315, Loss_kernel 0.003, Train_accy 60.57
2025-06-27 05:13:30,446 [icarl.py] => Task 7, Epoch 13/200 => Loss 3.517, Loss_clf 1.237, Loss_kd 2.276, Loss_kernel 0.003, Train_accy 64.29
2025-06-27 05:13:43,972 [icarl.py] => Task 7, Epoch 14/200 => Loss 3.424, Loss_clf 1.178, Loss_kd 2.242, Loss_kernel 0.003, Train_accy 65.34
2025-06-27 05:13:58,229 [icarl.py] => Task 7, Epoch 15/200 => Loss 3.313, Loss_clf 1.110, Loss_kd 2.200, Loss_kernel 0.003, Train_accy 67.76
2025-06-27 05:14:26,263 [icarl.py] => Task 7, Epoch 16/200 => Loss 3.373, Loss_clf 1.127, Loss_kd 2.243, Loss_kernel 0.003, Train_accy 67.42, Test_accy {'Art': 26.64, 'Clipart': 40.19, 'Real World': 37.41, 'Product': 33.45}
2025-06-27 05:14:40,973 [icarl.py] => Task 7, Epoch 17/200 => Loss 3.198, Loss_clf 1.018, Loss_kd 2.177, Loss_kernel 0.003, Train_accy 69.79
2025-06-27 05:14:55,961 [icarl.py] => Task 7, Epoch 18/200 => Loss 3.224, Loss_clf 1.028, Loss_kd 2.193, Loss_kernel 0.003, Train_accy 69.74
2025-06-27 05:15:09,625 [icarl.py] => Task 7, Epoch 19/200 => Loss 3.221, Loss_clf 1.025, Loss_kd 2.193, Loss_kernel 0.003, Train_accy 69.51
2025-06-27 05:15:22,989 [icarl.py] => Task 7, Epoch 20/200 => Loss 3.021, Loss_clf 0.899, Loss_kd 2.119, Loss_kernel 0.003, Train_accy 73.56
2025-06-27 05:15:48,289 [icarl.py] => Task 7, Epoch 21/200 => Loss 3.041, Loss_clf 0.912, Loss_kd 2.126, Loss_kernel 0.003, Train_accy 73.58, Test_accy {'Art': 24.34, 'Clipart': 42.24, 'Real World': 39.57, 'Product': 33.8}
2025-06-27 05:16:02,221 [icarl.py] => Task 7, Epoch 22/200 => Loss 2.921, Loss_clf 0.824, Loss_kd 2.094, Loss_kernel 0.003, Train_accy 75.91
2025-06-27 05:16:14,841 [icarl.py] => Task 7, Epoch 23/200 => Loss 2.816, Loss_clf 0.771, Loss_kd 2.042, Loss_kernel 0.003, Train_accy 79.15
2025-06-27 05:16:28,169 [icarl.py] => Task 7, Epoch 24/200 => Loss 2.914, Loss_clf 0.823, Loss_kd 2.088, Loss_kernel 0.003, Train_accy 76.36
2025-06-27 05:16:42,777 [icarl.py] => Task 7, Epoch 25/200 => Loss 2.867, Loss_clf 0.785, Loss_kd 2.080, Loss_kernel 0.003, Train_accy 76.40
2025-06-27 05:17:08,356 [icarl.py] => Task 7, Epoch 26/200 => Loss 2.826, Loss_clf 0.745, Loss_kd 2.079, Loss_kernel 0.003, Train_accy 78.48, Test_accy {'Art': 23.68, 'Clipart': 41.87, 'Real World': 33.99, 'Product': 31.37}
2025-06-27 05:17:22,754 [icarl.py] => Task 7, Epoch 27/200 => Loss 2.879, Loss_clf 0.779, Loss_kd 2.097, Loss_kernel 0.003, Train_accy 77.53
2025-06-27 05:17:34,574 [icarl.py] => Task 7, Epoch 28/200 => Loss 2.785, Loss_clf 0.720, Loss_kd 2.063, Loss_kernel 0.003, Train_accy 79.69
2025-06-27 05:17:47,165 [icarl.py] => Task 7, Epoch 29/200 => Loss 2.734, Loss_clf 0.685, Loss_kd 2.046, Loss_kernel 0.003, Train_accy 80.05
2025-06-27 05:17:59,144 [icarl.py] => Task 7, Epoch 30/200 => Loss 2.642, Loss_clf 0.626, Loss_kd 2.014, Loss_kernel 0.002, Train_accy 82.38
2025-06-27 05:18:27,172 [icarl.py] => Task 7, Epoch 31/200 => Loss 2.695, Loss_clf 0.655, Loss_kd 2.037, Loss_kernel 0.003, Train_accy 80.23, Test_accy {'Art': 26.97, 'Clipart': 45.23, 'Real World': 34.89, 'Product': 31.2}
2025-06-27 05:18:40,919 [icarl.py] => Task 7, Epoch 32/200 => Loss 2.669, Loss_clf 0.622, Loss_kd 2.044, Loss_kernel 0.002, Train_accy 82.15
2025-06-27 05:18:53,611 [icarl.py] => Task 7, Epoch 33/200 => Loss 2.654, Loss_clf 0.629, Loss_kd 2.022, Loss_kernel 0.003, Train_accy 81.87
2025-06-27 05:19:06,173 [icarl.py] => Task 7, Epoch 34/200 => Loss 2.583, Loss_clf 0.593, Loss_kd 1.988, Loss_kernel 0.003, Train_accy 82.95
2025-06-27 05:19:19,567 [icarl.py] => Task 7, Epoch 35/200 => Loss 2.568, Loss_clf 0.569, Loss_kd 1.997, Loss_kernel 0.003, Train_accy 83.38
2025-06-27 05:19:44,950 [icarl.py] => Task 7, Epoch 36/200 => Loss 2.608, Loss_clf 0.606, Loss_kd 2.000, Loss_kernel 0.003, Train_accy 82.07, Test_accy {'Art': 25.0, 'Clipart': 45.42, 'Real World': 39.93, 'Product': 35.01}
2025-06-27 05:19:58,089 [icarl.py] => Task 7, Epoch 37/200 => Loss 2.571, Loss_clf 0.578, Loss_kd 1.991, Loss_kernel 0.002, Train_accy 83.34
2025-06-27 05:20:10,457 [icarl.py] => Task 7, Epoch 38/200 => Loss 2.564, Loss_clf 0.554, Loss_kd 2.007, Loss_kernel 0.003, Train_accy 83.56
2025-06-27 05:20:25,251 [icarl.py] => Task 7, Epoch 39/200 => Loss 2.629, Loss_clf 0.622, Loss_kd 2.005, Loss_kernel 0.003, Train_accy 81.87
2025-06-27 05:20:39,304 [icarl.py] => Task 7, Epoch 40/200 => Loss 2.566, Loss_clf 0.561, Loss_kd 2.002, Loss_kernel 0.002, Train_accy 84.57
2025-06-27 05:21:05,200 [icarl.py] => Task 7, Epoch 41/200 => Loss 2.540, Loss_clf 0.553, Loss_kd 1.985, Loss_kernel 0.002, Train_accy 84.14, Test_accy {'Art': 23.03, 'Clipart': 44.11, 'Real World': 38.85, 'Product': 36.92}
2025-06-27 05:21:17,580 [icarl.py] => Task 7, Epoch 42/200 => Loss 2.601, Loss_clf 0.604, Loss_kd 1.995, Loss_kernel 0.002, Train_accy 82.96
2025-06-27 05:21:30,222 [icarl.py] => Task 7, Epoch 43/200 => Loss 2.527, Loss_clf 0.552, Loss_kd 1.973, Loss_kernel 0.002, Train_accy 84.63
2025-06-27 05:21:42,081 [icarl.py] => Task 7, Epoch 44/200 => Loss 2.464, Loss_clf 0.496, Loss_kd 1.966, Loss_kernel 0.002, Train_accy 86.37
2025-06-27 05:21:56,406 [icarl.py] => Task 7, Epoch 45/200 => Loss 2.443, Loss_clf 0.491, Loss_kd 1.950, Loss_kernel 0.002, Train_accy 85.41
2025-06-27 05:22:23,320 [icarl.py] => Task 7, Epoch 46/200 => Loss 2.551, Loss_clf 0.555, Loss_kd 1.994, Loss_kernel 0.002, Train_accy 84.06, Test_accy {'Art': 25.99, 'Clipart': 42.99, 'Real World': 37.95, 'Product': 33.97}
2025-06-27 05:22:36,988 [icarl.py] => Task 7, Epoch 47/200 => Loss 2.592, Loss_clf 0.582, Loss_kd 2.008, Loss_kernel 0.002, Train_accy 83.53
2025-06-27 05:22:51,151 [icarl.py] => Task 7, Epoch 48/200 => Loss 2.501, Loss_clf 0.516, Loss_kd 1.983, Loss_kernel 0.002, Train_accy 84.82
2025-06-27 05:23:04,120 [icarl.py] => Task 7, Epoch 49/200 => Loss 2.485, Loss_clf 0.500, Loss_kd 1.984, Loss_kernel 0.002, Train_accy 85.84
2025-06-27 05:23:17,427 [icarl.py] => Task 7, Epoch 50/200 => Loss 2.508, Loss_clf 0.509, Loss_kd 1.996, Loss_kernel 0.002, Train_accy 86.05
2025-06-27 05:23:41,365 [icarl.py] => Task 7, Epoch 51/200 => Loss 2.479, Loss_clf 0.511, Loss_kd 1.966, Loss_kernel 0.002, Train_accy 84.27, Test_accy {'Art': 22.37, 'Clipart': 44.3, 'Real World': 34.71, 'Product': 29.81}
2025-06-27 05:23:54,082 [icarl.py] => Task 7, Epoch 52/200 => Loss 2.462, Loss_clf 0.514, Loss_kd 1.946, Loss_kernel 0.002, Train_accy 84.58
2025-06-27 05:24:06,572 [icarl.py] => Task 7, Epoch 53/200 => Loss 2.417, Loss_clf 0.469, Loss_kd 1.946, Loss_kernel 0.002, Train_accy 86.11
2025-06-27 05:24:20,491 [icarl.py] => Task 7, Epoch 54/200 => Loss 2.423, Loss_clf 0.473, Loss_kd 1.948, Loss_kernel 0.002, Train_accy 87.05
2025-06-27 05:24:33,193 [icarl.py] => Task 7, Epoch 55/200 => Loss 2.390, Loss_clf 0.445, Loss_kd 1.943, Loss_kernel 0.002, Train_accy 87.04
2025-06-27 05:24:58,473 [icarl.py] => Task 7, Epoch 56/200 => Loss 2.415, Loss_clf 0.461, Loss_kd 1.952, Loss_kernel 0.002, Train_accy 87.18, Test_accy {'Art': 26.32, 'Clipart': 44.67, 'Real World': 37.23, 'Product': 34.14}
2025-06-27 05:25:11,491 [icarl.py] => Task 7, Epoch 57/200 => Loss 2.460, Loss_clf 0.517, Loss_kd 1.941, Loss_kernel 0.002, Train_accy 85.88
2025-06-27 05:25:23,416 [icarl.py] => Task 7, Epoch 58/200 => Loss 2.408, Loss_clf 0.469, Loss_kd 1.937, Loss_kernel 0.002, Train_accy 86.80
2025-06-27 05:25:36,131 [icarl.py] => Task 7, Epoch 59/200 => Loss 2.400, Loss_clf 0.452, Loss_kd 1.946, Loss_kernel 0.002, Train_accy 87.08
2025-06-27 05:25:48,206 [icarl.py] => Task 7, Epoch 60/200 => Loss 2.419, Loss_clf 0.468, Loss_kd 1.950, Loss_kernel 0.002, Train_accy 87.63
2025-06-27 05:26:13,872 [icarl.py] => Task 7, Epoch 61/200 => Loss 2.323, Loss_clf 0.407, Loss_kd 1.914, Loss_kernel 0.002, Train_accy 88.66, Test_accy {'Art': 25.33, 'Clipart': 41.68, 'Real World': 34.71, 'Product': 29.81}
2025-06-27 05:26:27,087 [icarl.py] => Task 7, Epoch 62/200 => Loss 2.370, Loss_clf 0.435, Loss_kd 1.934, Loss_kernel 0.002, Train_accy 87.51
2025-06-27 05:26:39,071 [icarl.py] => Task 7, Epoch 63/200 => Loss 2.324, Loss_clf 0.403, Loss_kd 1.919, Loss_kernel 0.002, Train_accy 88.35
2025-06-27 05:26:51,041 [icarl.py] => Task 7, Epoch 64/200 => Loss 2.268, Loss_clf 0.364, Loss_kd 1.901, Loss_kernel 0.002, Train_accy 88.89
2025-06-27 05:27:03,601 [icarl.py] => Task 7, Epoch 65/200 => Loss 2.299, Loss_clf 0.388, Loss_kd 1.909, Loss_kernel 0.002, Train_accy 89.05
2025-06-27 05:27:30,361 [icarl.py] => Task 7, Epoch 66/200 => Loss 2.323, Loss_clf 0.403, Loss_kd 1.918, Loss_kernel 0.002, Train_accy 87.70, Test_accy {'Art': 24.01, 'Clipart': 42.06, 'Real World': 36.87, 'Product': 34.32}
2025-06-27 05:27:42,130 [icarl.py] => Task 7, Epoch 67/200 => Loss 2.400, Loss_clf 0.450, Loss_kd 1.948, Loss_kernel 0.002, Train_accy 86.99
2025-06-27 05:27:54,157 [icarl.py] => Task 7, Epoch 68/200 => Loss 2.355, Loss_clf 0.411, Loss_kd 1.942, Loss_kernel 0.002, Train_accy 88.35
2025-06-27 05:28:06,777 [icarl.py] => Task 7, Epoch 69/200 => Loss 2.338, Loss_clf 0.409, Loss_kd 1.928, Loss_kernel 0.002, Train_accy 88.06
2025-06-27 05:28:18,990 [icarl.py] => Task 7, Epoch 70/200 => Loss 2.316, Loss_clf 0.391, Loss_kd 1.922, Loss_kernel 0.002, Train_accy 88.36
2025-06-27 05:28:44,083 [icarl.py] => Task 7, Epoch 71/200 => Loss 2.284, Loss_clf 0.386, Loss_kd 1.896, Loss_kernel 0.002, Train_accy 88.78, Test_accy {'Art': 25.99, 'Clipart': 43.36, 'Real World': 39.03, 'Product': 34.66}
2025-06-27 05:28:55,409 [icarl.py] => Task 7, Epoch 72/200 => Loss 2.243, Loss_clf 0.349, Loss_kd 1.892, Loss_kernel 0.002, Train_accy 90.23
2025-06-27 05:29:07,801 [icarl.py] => Task 7, Epoch 73/200 => Loss 2.258, Loss_clf 0.356, Loss_kd 1.900, Loss_kernel 0.002, Train_accy 89.40
2025-06-27 05:29:21,974 [icarl.py] => Task 7, Epoch 74/200 => Loss 2.262, Loss_clf 0.351, Loss_kd 1.909, Loss_kernel 0.002, Train_accy 89.81
2025-06-27 05:29:35,472 [icarl.py] => Task 7, Epoch 75/200 => Loss 2.216, Loss_clf 0.325, Loss_kd 1.889, Loss_kernel 0.002, Train_accy 90.87
2025-06-27 05:30:00,635 [icarl.py] => Task 7, Epoch 76/200 => Loss 2.264, Loss_clf 0.367, Loss_kd 1.895, Loss_kernel 0.002, Train_accy 89.75, Test_accy {'Art': 24.34, 'Clipart': 42.24, 'Real World': 33.27, 'Product': 23.57}
2025-06-27 05:30:13,148 [icarl.py] => Task 7, Epoch 77/200 => Loss 2.273, Loss_clf 0.358, Loss_kd 1.913, Loss_kernel 0.002, Train_accy 89.94
2025-06-27 05:30:25,298 [icarl.py] => Task 7, Epoch 78/200 => Loss 2.264, Loss_clf 0.371, Loss_kd 1.892, Loss_kernel 0.002, Train_accy 89.64
2025-06-27 05:30:38,057 [icarl.py] => Task 7, Epoch 79/200 => Loss 2.291, Loss_clf 0.392, Loss_kd 1.897, Loss_kernel 0.002, Train_accy 89.01
2025-06-27 05:30:49,291 [icarl.py] => Task 7, Epoch 80/200 => Loss 2.213, Loss_clf 0.327, Loss_kd 1.885, Loss_kernel 0.002, Train_accy 90.74
2025-06-27 05:31:15,764 [icarl.py] => Task 7, Epoch 81/200 => Loss 2.185, Loss_clf 0.316, Loss_kd 1.867, Loss_kernel 0.002, Train_accy 91.13, Test_accy {'Art': 27.3, 'Clipart': 45.23, 'Real World': 36.51, 'Product': 31.54}
2025-06-27 05:31:29,167 [icarl.py] => Task 7, Epoch 82/200 => Loss 2.245, Loss_clf 0.337, Loss_kd 1.906, Loss_kernel 0.002, Train_accy 91.11
2025-06-27 05:31:41,711 [icarl.py] => Task 7, Epoch 83/200 => Loss 2.173, Loss_clf 0.317, Loss_kd 1.855, Loss_kernel 0.002, Train_accy 91.38
2025-06-27 05:31:54,130 [icarl.py] => Task 7, Epoch 84/200 => Loss 2.176, Loss_clf 0.306, Loss_kd 1.868, Loss_kernel 0.002, Train_accy 91.51
2025-06-27 05:32:06,887 [icarl.py] => Task 7, Epoch 85/200 => Loss 2.225, Loss_clf 0.319, Loss_kd 1.904, Loss_kernel 0.002, Train_accy 90.96
2025-06-27 05:32:32,726 [icarl.py] => Task 7, Epoch 86/200 => Loss 2.183, Loss_clf 0.308, Loss_kd 1.874, Loss_kernel 0.002, Train_accy 92.16, Test_accy {'Art': 24.01, 'Clipart': 44.86, 'Real World': 38.31, 'Product': 33.62}
2025-06-27 05:32:43,875 [icarl.py] => Task 7, Epoch 87/200 => Loss 2.181, Loss_clf 0.316, Loss_kd 1.863, Loss_kernel 0.002, Train_accy 91.24
2025-06-27 05:32:55,977 [icarl.py] => Task 7, Epoch 88/200 => Loss 2.129, Loss_clf 0.286, Loss_kd 1.841, Loss_kernel 0.002, Train_accy 91.65
2025-06-27 05:33:08,278 [icarl.py] => Task 7, Epoch 89/200 => Loss 2.161, Loss_clf 0.296, Loss_kd 1.864, Loss_kernel 0.002, Train_accy 91.52
2025-06-27 05:33:20,518 [icarl.py] => Task 7, Epoch 90/200 => Loss 2.152, Loss_clf 0.290, Loss_kd 1.861, Loss_kernel 0.001, Train_accy 91.92
2025-06-27 05:33:45,989 [icarl.py] => Task 7, Epoch 91/200 => Loss 2.159, Loss_clf 0.281, Loss_kd 1.877, Loss_kernel 0.002, Train_accy 92.34, Test_accy {'Art': 24.34, 'Clipart': 43.55, 'Real World': 37.41, 'Product': 32.41}
2025-06-27 05:33:58,492 [icarl.py] => Task 7, Epoch 92/200 => Loss 2.159, Loss_clf 0.287, Loss_kd 1.870, Loss_kernel 0.001, Train_accy 92.28
2025-06-27 05:34:10,148 [icarl.py] => Task 7, Epoch 93/200 => Loss 2.103, Loss_clf 0.251, Loss_kd 1.851, Loss_kernel 0.002, Train_accy 93.20
2025-06-27 05:34:22,862 [icarl.py] => Task 7, Epoch 94/200 => Loss 2.132, Loss_clf 0.269, Loss_kd 1.861, Loss_kernel 0.001, Train_accy 92.14
2025-06-27 05:34:33,901 [icarl.py] => Task 7, Epoch 95/200 => Loss 2.120, Loss_clf 0.269, Loss_kd 1.850, Loss_kernel 0.001, Train_accy 92.22
2025-06-27 05:34:58,565 [icarl.py] => Task 7, Epoch 96/200 => Loss 2.136, Loss_clf 0.276, Loss_kd 1.859, Loss_kernel 0.002, Train_accy 92.86, Test_accy {'Art': 26.97, 'Clipart': 44.11, 'Real World': 37.77, 'Product': 33.97}
2025-06-27 05:35:10,925 [icarl.py] => Task 7, Epoch 97/200 => Loss 2.124, Loss_clf 0.271, Loss_kd 1.851, Loss_kernel 0.001, Train_accy 92.65
2025-06-27 05:35:21,264 [icarl.py] => Task 7, Epoch 98/200 => Loss 2.077, Loss_clf 0.246, Loss_kd 1.829, Loss_kernel 0.001, Train_accy 93.90
2025-06-27 05:35:31,864 [icarl.py] => Task 7, Epoch 99/200 => Loss 2.084, Loss_clf 0.239, Loss_kd 1.843, Loss_kernel 0.001, Train_accy 93.62
2025-06-27 05:35:44,502 [icarl.py] => Task 7, Epoch 100/200 => Loss 2.109, Loss_clf 0.262, Loss_kd 1.846, Loss_kernel 0.001, Train_accy 92.82
2025-06-27 05:36:09,135 [icarl.py] => Task 7, Epoch 101/200 => Loss 2.077, Loss_clf 0.235, Loss_kd 1.841, Loss_kernel 0.001, Train_accy 94.11, Test_accy {'Art': 25.33, 'Clipart': 44.11, 'Real World': 37.05, 'Product': 34.49}
2025-06-27 05:36:20,593 [icarl.py] => Task 7, Epoch 102/200 => Loss 2.130, Loss_clf 0.275, Loss_kd 1.853, Loss_kernel 0.001, Train_accy 92.52
2025-06-27 05:36:33,259 [icarl.py] => Task 7, Epoch 103/200 => Loss 2.084, Loss_clf 0.233, Loss_kd 1.849, Loss_kernel 0.001, Train_accy 93.53
2025-06-27 05:36:45,945 [icarl.py] => Task 7, Epoch 104/200 => Loss 2.111, Loss_clf 0.256, Loss_kd 1.854, Loss_kernel 0.001, Train_accy 92.56
2025-06-27 05:36:57,476 [icarl.py] => Task 7, Epoch 105/200 => Loss 2.064, Loss_clf 0.235, Loss_kd 1.828, Loss_kernel 0.001, Train_accy 93.75
2025-06-27 05:37:24,096 [icarl.py] => Task 7, Epoch 106/200 => Loss 2.053, Loss_clf 0.221, Loss_kd 1.831, Loss_kernel 0.001, Train_accy 94.19, Test_accy {'Art': 25.99, 'Clipart': 45.42, 'Real World': 40.11, 'Product': 38.3}
2025-06-27 05:37:37,053 [icarl.py] => Task 7, Epoch 107/200 => Loss 2.016, Loss_clf 0.209, Loss_kd 1.806, Loss_kernel 0.001, Train_accy 94.58
2025-06-27 05:37:48,513 [icarl.py] => Task 7, Epoch 108/200 => Loss 1.986, Loss_clf 0.182, Loss_kd 1.802, Loss_kernel 0.001, Train_accy 95.70
2025-06-27 05:38:00,639 [icarl.py] => Task 7, Epoch 109/200 => Loss 2.016, Loss_clf 0.202, Loss_kd 1.813, Loss_kernel 0.001, Train_accy 94.53
2025-06-27 05:38:12,235 [icarl.py] => Task 7, Epoch 110/200 => Loss 2.020, Loss_clf 0.209, Loss_kd 1.810, Loss_kernel 0.001, Train_accy 94.07
2025-06-27 05:38:37,461 [icarl.py] => Task 7, Epoch 111/200 => Loss 2.023, Loss_clf 0.210, Loss_kd 1.812, Loss_kernel 0.001, Train_accy 94.21, Test_accy {'Art': 26.32, 'Clipart': 47.29, 'Real World': 41.37, 'Product': 35.18}
2025-06-27 05:38:49,784 [icarl.py] => Task 7, Epoch 112/200 => Loss 2.051, Loss_clf 0.221, Loss_kd 1.829, Loss_kernel 0.001, Train_accy 93.17
2025-06-27 05:39:00,407 [icarl.py] => Task 7, Epoch 113/200 => Loss 1.972, Loss_clf 0.179, Loss_kd 1.791, Loss_kernel 0.001, Train_accy 95.37
2025-06-27 05:39:11,424 [icarl.py] => Task 7, Epoch 114/200 => Loss 1.989, Loss_clf 0.185, Loss_kd 1.803, Loss_kernel 0.001, Train_accy 94.96
2025-06-27 05:39:22,456 [icarl.py] => Task 7, Epoch 115/200 => Loss 2.019, Loss_clf 0.207, Loss_kd 1.811, Loss_kernel 0.001, Train_accy 94.29
2025-06-27 05:39:47,167 [icarl.py] => Task 7, Epoch 116/200 => Loss 1.978, Loss_clf 0.191, Loss_kd 1.786, Loss_kernel 0.001, Train_accy 95.08, Test_accy {'Art': 26.32, 'Clipart': 47.29, 'Real World': 41.37, 'Product': 35.18}
2025-06-27 05:39:58,719 [icarl.py] => Task 7, Epoch 117/200 => Loss 1.967, Loss_clf 0.190, Loss_kd 1.776, Loss_kernel 0.001, Train_accy 95.08
2025-06-27 05:40:10,417 [icarl.py] => Task 7, Epoch 118/200 => Loss 2.000, Loss_clf 0.193, Loss_kd 1.806, Loss_kernel 0.001, Train_accy 94.79
2025-06-27 05:40:21,014 [icarl.py] => Task 7, Epoch 119/200 => Loss 1.940, Loss_clf 0.168, Loss_kd 1.770, Loss_kernel 0.001, Train_accy 95.17
2025-06-27 05:40:32,568 [icarl.py] => Task 7, Epoch 120/200 => Loss 1.995, Loss_clf 0.192, Loss_kd 1.802, Loss_kernel 0.001, Train_accy 94.83
2025-06-27 05:40:56,454 [icarl.py] => Task 7, Epoch 121/200 => Loss 1.962, Loss_clf 0.164, Loss_kd 1.797, Loss_kernel 0.001, Train_accy 95.57, Test_accy {'Art': 27.96, 'Clipart': 45.05, 'Real World': 40.11, 'Product': 39.17}
2025-06-27 05:41:07,029 [icarl.py] => Task 7, Epoch 122/200 => Loss 1.921, Loss_clf 0.151, Loss_kd 1.770, Loss_kernel 0.001, Train_accy 96.25
2025-06-27 05:41:18,847 [icarl.py] => Task 7, Epoch 123/200 => Loss 1.984, Loss_clf 0.193, Loss_kd 1.790, Loss_kernel 0.001, Train_accy 94.95
2025-06-27 05:41:29,603 [icarl.py] => Task 7, Epoch 124/200 => Loss 1.930, Loss_clf 0.150, Loss_kd 1.779, Loss_kernel 0.001, Train_accy 96.29
2025-06-27 05:41:40,320 [icarl.py] => Task 7, Epoch 125/200 => Loss 1.931, Loss_clf 0.150, Loss_kd 1.780, Loss_kernel 0.001, Train_accy 96.03
2025-06-27 05:42:04,250 [icarl.py] => Task 7, Epoch 126/200 => Loss 1.945, Loss_clf 0.155, Loss_kd 1.789, Loss_kernel 0.001, Train_accy 96.20, Test_accy {'Art': 26.32, 'Clipart': 44.3, 'Real World': 42.09, 'Product': 36.74}
2025-06-27 05:42:15,523 [icarl.py] => Task 7, Epoch 127/200 => Loss 1.959, Loss_clf 0.169, Loss_kd 1.790, Loss_kernel 0.001, Train_accy 95.36
2025-06-27 05:42:27,030 [icarl.py] => Task 7, Epoch 128/200 => Loss 1.933, Loss_clf 0.156, Loss_kd 1.776, Loss_kernel 0.001, Train_accy 96.19
2025-06-27 05:42:38,093 [icarl.py] => Task 7, Epoch 129/200 => Loss 1.965, Loss_clf 0.179, Loss_kd 1.785, Loss_kernel 0.001, Train_accy 94.91
2025-06-27 05:42:49,573 [icarl.py] => Task 7, Epoch 130/200 => Loss 1.962, Loss_clf 0.168, Loss_kd 1.793, Loss_kernel 0.001, Train_accy 95.84
2025-06-27 05:43:12,877 [icarl.py] => Task 7, Epoch 131/200 => Loss 1.951, Loss_clf 0.157, Loss_kd 1.793, Loss_kernel 0.001, Train_accy 95.73, Test_accy {'Art': 30.26, 'Clipart': 45.61, 'Real World': 40.29, 'Product': 37.78}
2025-06-27 05:43:23,553 [icarl.py] => Task 7, Epoch 132/200 => Loss 1.907, Loss_clf 0.136, Loss_kd 1.770, Loss_kernel 0.001, Train_accy 96.04
2025-06-27 05:43:35,157 [icarl.py] => Task 7, Epoch 133/200 => Loss 1.944, Loss_clf 0.165, Loss_kd 1.778, Loss_kernel 0.001, Train_accy 95.54
2025-06-27 05:43:46,617 [icarl.py] => Task 7, Epoch 134/200 => Loss 1.955, Loss_clf 0.170, Loss_kd 1.784, Loss_kernel 0.001, Train_accy 95.43
2025-06-27 05:43:57,206 [icarl.py] => Task 7, Epoch 135/200 => Loss 1.900, Loss_clf 0.138, Loss_kd 1.761, Loss_kernel 0.001, Train_accy 96.69
2025-06-27 05:44:20,977 [icarl.py] => Task 7, Epoch 136/200 => Loss 1.903, Loss_clf 0.141, Loss_kd 1.761, Loss_kernel 0.001, Train_accy 96.29, Test_accy {'Art': 27.63, 'Clipart': 44.86, 'Real World': 42.27, 'Product': 37.44}
2025-06-27 05:44:32,291 [icarl.py] => Task 7, Epoch 137/200 => Loss 1.855, Loss_clf 0.127, Loss_kd 1.727, Loss_kernel 0.001, Train_accy 96.97
2025-06-27 05:44:43,155 [icarl.py] => Task 7, Epoch 138/200 => Loss 1.900, Loss_clf 0.136, Loss_kd 1.763, Loss_kernel 0.001, Train_accy 96.45
2025-06-27 05:44:54,020 [icarl.py] => Task 7, Epoch 139/200 => Loss 1.884, Loss_clf 0.127, Loss_kd 1.756, Loss_kernel 0.001, Train_accy 96.56
2025-06-27 05:45:05,085 [icarl.py] => Task 7, Epoch 140/200 => Loss 1.878, Loss_clf 0.119, Loss_kd 1.758, Loss_kernel 0.001, Train_accy 96.87
2025-06-27 05:45:28,213 [icarl.py] => Task 7, Epoch 141/200 => Loss 1.863, Loss_clf 0.113, Loss_kd 1.749, Loss_kernel 0.001, Train_accy 97.06, Test_accy {'Art': 27.96, 'Clipart': 46.17, 'Real World': 42.09, 'Product': 39.69}
2025-06-27 05:45:39,859 [icarl.py] => Task 7, Epoch 142/200 => Loss 1.936, Loss_clf 0.150, Loss_kd 1.786, Loss_kernel 0.001, Train_accy 95.90
2025-06-27 05:45:50,797 [icarl.py] => Task 7, Epoch 143/200 => Loss 1.860, Loss_clf 0.114, Loss_kd 1.746, Loss_kernel 0.001, Train_accy 97.47
2025-06-27 05:46:01,316 [icarl.py] => Task 7, Epoch 144/200 => Loss 1.876, Loss_clf 0.129, Loss_kd 1.745, Loss_kernel 0.001, Train_accy 96.55
2025-06-27 05:46:12,921 [icarl.py] => Task 7, Epoch 145/200 => Loss 1.903, Loss_clf 0.147, Loss_kd 1.755, Loss_kernel 0.001, Train_accy 96.37
2025-06-27 05:46:36,864 [icarl.py] => Task 7, Epoch 146/200 => Loss 1.889, Loss_clf 0.122, Loss_kd 1.767, Loss_kernel 0.001, Train_accy 96.98, Test_accy {'Art': 27.63, 'Clipart': 47.29, 'Real World': 41.01, 'Product': 36.92}
2025-06-27 05:46:47,726 [icarl.py] => Task 7, Epoch 147/200 => Loss 1.883, Loss_clf 0.131, Loss_kd 1.752, Loss_kernel 0.001, Train_accy 96.20
2025-06-27 05:46:59,208 [icarl.py] => Task 7, Epoch 148/200 => Loss 1.899, Loss_clf 0.136, Loss_kd 1.762, Loss_kernel 0.001, Train_accy 97.13
2025-06-27 05:47:10,454 [icarl.py] => Task 7, Epoch 149/200 => Loss 1.854, Loss_clf 0.112, Loss_kd 1.740, Loss_kernel 0.001, Train_accy 97.23
2025-06-27 05:47:21,240 [icarl.py] => Task 7, Epoch 150/200 => Loss 1.885, Loss_clf 0.131, Loss_kd 1.753, Loss_kernel 0.001, Train_accy 96.91
2025-06-27 05:47:46,151 [icarl.py] => Task 7, Epoch 151/200 => Loss 1.862, Loss_clf 0.118, Loss_kd 1.743, Loss_kernel 0.001, Train_accy 97.07, Test_accy {'Art': 26.32, 'Clipart': 46.36, 'Real World': 42.99, 'Product': 36.4}
2025-06-27 05:47:58,587 [icarl.py] => Task 7, Epoch 152/200 => Loss 1.887, Loss_clf 0.133, Loss_kd 1.753, Loss_kernel 0.001, Train_accy 96.52
2025-06-27 05:48:09,371 [icarl.py] => Task 7, Epoch 153/200 => Loss 1.854, Loss_clf 0.106, Loss_kd 1.746, Loss_kernel 0.001, Train_accy 97.63
2025-06-27 05:48:20,160 [icarl.py] => Task 7, Epoch 154/200 => Loss 1.869, Loss_clf 0.118, Loss_kd 1.750, Loss_kernel 0.001, Train_accy 96.90
2025-06-27 05:48:30,878 [icarl.py] => Task 7, Epoch 155/200 => Loss 1.899, Loss_clf 0.124, Loss_kd 1.775, Loss_kernel 0.001, Train_accy 97.06
2025-06-27 05:48:53,562 [icarl.py] => Task 7, Epoch 156/200 => Loss 1.823, Loss_clf 0.090, Loss_kd 1.732, Loss_kernel 0.001, Train_accy 97.93, Test_accy {'Art': 26.97, 'Clipart': 47.1, 'Real World': 41.91, 'Product': 36.05}
2025-06-27 05:49:04,138 [icarl.py] => Task 7, Epoch 157/200 => Loss 1.850, Loss_clf 0.098, Loss_kd 1.751, Loss_kernel 0.001, Train_accy 97.73
2025-06-27 05:49:14,655 [icarl.py] => Task 7, Epoch 158/200 => Loss 1.871, Loss_clf 0.113, Loss_kd 1.757, Loss_kernel 0.001, Train_accy 96.96
2025-06-27 05:49:24,688 [icarl.py] => Task 7, Epoch 159/200 => Loss 1.841, Loss_clf 0.102, Loss_kd 1.737, Loss_kernel 0.001, Train_accy 97.72
2025-06-27 05:49:35,094 [icarl.py] => Task 7, Epoch 160/200 => Loss 1.851, Loss_clf 0.108, Loss_kd 1.742, Loss_kernel 0.001, Train_accy 97.27
2025-06-27 05:49:58,053 [icarl.py] => Task 7, Epoch 161/200 => Loss 1.850, Loss_clf 0.109, Loss_kd 1.740, Loss_kernel 0.001, Train_accy 97.47, Test_accy {'Art': 24.67, 'Clipart': 45.79, 'Real World': 41.91, 'Product': 37.95}
2025-06-27 05:50:09,700 [icarl.py] => Task 7, Epoch 162/200 => Loss 1.893, Loss_clf 0.133, Loss_kd 1.759, Loss_kernel 0.001, Train_accy 96.62
2025-06-27 05:50:20,130 [icarl.py] => Task 7, Epoch 163/200 => Loss 1.849, Loss_clf 0.096, Loss_kd 1.752, Loss_kernel 0.001, Train_accy 97.83
2025-06-27 05:50:30,618 [icarl.py] => Task 7, Epoch 164/200 => Loss 1.830, Loss_clf 0.095, Loss_kd 1.734, Loss_kernel 0.001, Train_accy 97.83
2025-06-27 05:50:41,319 [icarl.py] => Task 7, Epoch 165/200 => Loss 1.844, Loss_clf 0.098, Loss_kd 1.745, Loss_kernel 0.001, Train_accy 97.94
2025-06-27 05:51:04,290 [icarl.py] => Task 7, Epoch 166/200 => Loss 1.839, Loss_clf 0.106, Loss_kd 1.732, Loss_kernel 0.001, Train_accy 97.37, Test_accy {'Art': 27.3, 'Clipart': 45.98, 'Real World': 42.63, 'Product': 37.78}
2025-06-27 05:51:14,799 [icarl.py] => Task 7, Epoch 167/200 => Loss 1.855, Loss_clf 0.116, Loss_kd 1.738, Loss_kernel 0.001, Train_accy 96.85
2025-06-27 05:51:25,817 [icarl.py] => Task 7, Epoch 168/200 => Loss 1.835, Loss_clf 0.102, Loss_kd 1.732, Loss_kernel 0.001, Train_accy 97.47
2025-06-27 05:51:37,387 [icarl.py] => Task 7, Epoch 169/200 => Loss 1.841, Loss_clf 0.113, Loss_kd 1.727, Loss_kernel 0.001, Train_accy 97.08
2025-06-27 05:51:47,769 [icarl.py] => Task 7, Epoch 170/200 => Loss 1.872, Loss_clf 0.111, Loss_kd 1.760, Loss_kernel 0.001, Train_accy 97.06
2025-06-27 05:52:11,943 [icarl.py] => Task 7, Epoch 171/200 => Loss 1.823, Loss_clf 0.096, Loss_kd 1.726, Loss_kernel 0.001, Train_accy 97.74, Test_accy {'Art': 25.0, 'Clipart': 47.29, 'Real World': 42.45, 'Product': 37.26}
2025-06-27 05:52:22,256 [icarl.py] => Task 7, Epoch 172/200 => Loss 1.817, Loss_clf 0.091, Loss_kd 1.726, Loss_kernel 0.001, Train_accy 98.14
2025-06-27 05:52:32,476 [icarl.py] => Task 7, Epoch 173/200 => Loss 1.784, Loss_clf 0.082, Loss_kd 1.702, Loss_kernel 0.001, Train_accy 98.51
2025-06-27 05:52:42,834 [icarl.py] => Task 7, Epoch 174/200 => Loss 1.838, Loss_clf 0.108, Loss_kd 1.729, Loss_kernel 0.001, Train_accy 97.63
2025-06-27 05:52:54,592 [icarl.py] => Task 7, Epoch 175/200 => Loss 1.843, Loss_clf 0.109, Loss_kd 1.734, Loss_kernel 0.001, Train_accy 97.48
2025-06-27 05:53:18,141 [icarl.py] => Task 7, Epoch 176/200 => Loss 1.852, Loss_clf 0.104, Loss_kd 1.747, Loss_kernel 0.001, Train_accy 97.63, Test_accy {'Art': 25.66, 'Clipart': 45.05, 'Real World': 41.19, 'Product': 37.09}
2025-06-27 05:53:28,941 [icarl.py] => Task 7, Epoch 177/200 => Loss 1.842, Loss_clf 0.099, Loss_kd 1.742, Loss_kernel 0.001, Train_accy 97.68
2025-06-27 05:53:39,874 [icarl.py] => Task 7, Epoch 178/200 => Loss 1.821, Loss_clf 0.089, Loss_kd 1.731, Loss_kernel 0.001, Train_accy 98.04
2025-06-27 05:53:50,262 [icarl.py] => Task 7, Epoch 179/200 => Loss 1.818, Loss_clf 0.094, Loss_kd 1.723, Loss_kernel 0.001, Train_accy 97.78
2025-06-27 05:54:00,739 [icarl.py] => Task 7, Epoch 180/200 => Loss 1.848, Loss_clf 0.096, Loss_kd 1.751, Loss_kernel 0.001, Train_accy 97.73
2025-06-27 05:54:25,038 [icarl.py] => Task 7, Epoch 181/200 => Loss 1.802, Loss_clf 0.080, Loss_kd 1.721, Loss_kernel 0.001, Train_accy 98.03, Test_accy {'Art': 25.66, 'Clipart': 46.36, 'Real World': 42.45, 'Product': 37.61}
2025-06-27 05:54:35,867 [icarl.py] => Task 7, Epoch 182/200 => Loss 1.839, Loss_clf 0.105, Loss_kd 1.733, Loss_kernel 0.001, Train_accy 97.78
2025-06-27 05:54:46,578 [icarl.py] => Task 7, Epoch 183/200 => Loss 1.824, Loss_clf 0.092, Loss_kd 1.731, Loss_kernel 0.001, Train_accy 98.08
2025-06-27 05:54:58,659 [icarl.py] => Task 7, Epoch 184/200 => Loss 1.845, Loss_clf 0.103, Loss_kd 1.741, Loss_kernel 0.001, Train_accy 97.07
2025-06-27 05:55:08,448 [icarl.py] => Task 7, Epoch 185/200 => Loss 1.812, Loss_clf 0.091, Loss_kd 1.721, Loss_kernel 0.001, Train_accy 98.02
2025-06-27 05:55:31,741 [icarl.py] => Task 7, Epoch 186/200 => Loss 1.854, Loss_clf 0.099, Loss_kd 1.754, Loss_kernel 0.001, Train_accy 97.57, Test_accy {'Art': 26.97, 'Clipart': 46.17, 'Real World': 42.63, 'Product': 36.92}
2025-06-27 05:55:41,999 [icarl.py] => Task 7, Epoch 187/200 => Loss 1.792, Loss_clf 0.080, Loss_kd 1.711, Loss_kernel 0.001, Train_accy 98.29
2025-06-27 05:55:53,183 [icarl.py] => Task 7, Epoch 188/200 => Loss 1.854, Loss_clf 0.108, Loss_kd 1.746, Loss_kernel 0.001, Train_accy 97.23
2025-06-27 05:56:03,891 [icarl.py] => Task 7, Epoch 189/200 => Loss 1.849, Loss_clf 0.115, Loss_kd 1.734, Loss_kernel 0.001, Train_accy 97.26
2025-06-27 05:56:14,638 [icarl.py] => Task 7, Epoch 190/200 => Loss 1.838, Loss_clf 0.094, Loss_kd 1.743, Loss_kernel 0.001, Train_accy 97.78
2025-06-27 05:56:38,053 [icarl.py] => Task 7, Epoch 191/200 => Loss 1.777, Loss_clf 0.075, Loss_kd 1.702, Loss_kernel 0.001, Train_accy 98.34, Test_accy {'Art': 25.99, 'Clipart': 46.54, 'Real World': 42.09, 'Product': 38.47}
2025-06-27 05:56:48,469 [icarl.py] => Task 7, Epoch 192/200 => Loss 1.839, Loss_clf 0.096, Loss_kd 1.742, Loss_kernel 0.001, Train_accy 97.98
2025-06-27 05:56:58,820 [icarl.py] => Task 7, Epoch 193/200 => Loss 1.844, Loss_clf 0.092, Loss_kd 1.751, Loss_kernel 0.001, Train_accy 97.73
2025-06-27 05:57:08,863 [icarl.py] => Task 7, Epoch 194/200 => Loss 1.815, Loss_clf 0.079, Loss_kd 1.735, Loss_kernel 0.001, Train_accy 98.29
2025-06-27 05:57:18,952 [icarl.py] => Task 7, Epoch 195/200 => Loss 1.783, Loss_clf 0.072, Loss_kd 1.710, Loss_kernel 0.001, Train_accy 98.55
2025-06-27 05:57:42,007 [icarl.py] => Task 7, Epoch 196/200 => Loss 1.781, Loss_clf 0.074, Loss_kd 1.707, Loss_kernel 0.001, Train_accy 98.34, Test_accy {'Art': 25.66, 'Clipart': 46.36, 'Real World': 42.27, 'Product': 37.78}
2025-06-27 05:57:52,304 [icarl.py] => Task 7, Epoch 197/200 => Loss 1.838, Loss_clf 0.086, Loss_kd 1.751, Loss_kernel 0.001, Train_accy 98.24
2025-06-27 05:58:02,543 [icarl.py] => Task 7, Epoch 198/200 => Loss 1.805, Loss_clf 0.078, Loss_kd 1.727, Loss_kernel 0.001, Train_accy 98.14
2025-06-27 05:58:12,960 [icarl.py] => Task 7, Epoch 199/200 => Loss 1.849, Loss_clf 0.095, Loss_kd 1.754, Loss_kernel 0.001, Train_accy 98.29
2025-06-27 05:58:23,123 [icarl.py] => Task 7, Epoch 200/200 => Loss 1.813, Loss_clf 0.083, Loss_kd 1.729, Loss_kernel 0.001, Train_accy 98.41
2025-06-27 05:58:23,125 [base.py] => Reducing exemplars...(32 per classes)
2025-06-27 05:58:50,948 [base.py] => Constructing exemplars...(32 per classes)
2025-06-27 05:59:27,619 [icarl.py] => Exemplar size: 1280
2025-06-27 05:59:28,701 [trainer.py] => CNN [Art]: {'total': 26.97, '00-04': 50.0, '05-09': 38.24, '10-14': 24.32, '15-19': 22.22, '20-24': 13.16, '25-29': 8.82, '30-34': 25.45, '35-39': 31.71, 'old': 26.24, 'new': 31.71}
2025-06-27 05:59:28,701 [trainer.py] => NME [Art]: {'total': 29.28, '00-04': 34.21, '05-09': 41.18, '10-14': 21.62, '15-19': 33.33, '20-24': 15.79, '25-29': 17.65, '30-34': 34.55, '35-39': 34.15, 'old': 28.52, 'new': 34.15}
2025-06-27 05:59:28,701 [trainer.py] => CNN [Art] top1 curve: [63.16, 52.78, 50.46, 42.65, 35.63, 28.85, 27.76, 26.97]
2025-06-27 05:59:28,702 [trainer.py] => CNN [Art] top5 curve: [97.37, 83.33, 73.39, 72.79, 61.49, 55.77, 53.99, 52.63]
2025-06-27 05:59:28,702 [trainer.py] => NME [Art] top1 curve: [71.05, 61.11, 51.38, 44.85, 41.95, 33.17, 33.08, 29.28]
2025-06-27 05:59:28,702 [trainer.py] => NME [Art] top5 curve: [100.0, 86.11, 77.06, 72.06, 70.11, 60.1, 58.56, 57.57]
2025-06-27 05:59:28,702 [trainer.py] => Average Accuracy [Art] (CNN): 41.0325
2025-06-27 05:59:28,702 [trainer.py] => Average Accuracy [Art] (NME): 45.73375
2025-06-27 05:59:28,702 [trainer.py] => CNN [Clipart]: {'total': 46.17, '00-04': 57.69, '05-09': 48.39, '10-14': 53.03, '15-19': 67.92, '20-24': 33.71, '25-29': 29.03, '30-34': 42.19, '35-39': 42.62, 'old': 46.62, 'new': 42.62}
2025-06-27 05:59:28,702 [trainer.py] => NME [Clipart]: {'total': 47.48, '00-04': 47.44, '05-09': 43.55, '10-14': 56.06, '15-19': 64.15, '20-24': 42.7, '25-29': 29.03, '30-34': 48.44, '35-39': 52.46, 'old': 46.84, 'new': 52.46}
2025-06-27 05:59:28,702 [trainer.py] => CNN [Clipart] top1 curve: [70.51, 64.29, 68.93, 67.18, 60.63, 55.85, 52.11, 46.17]
2025-06-27 05:59:28,703 [trainer.py] => CNN [Clipart] top5 curve: [100.0, 91.43, 87.86, 84.56, 81.9, 78.05, 73.84, 68.79]
2025-06-27 05:59:28,703 [trainer.py] => NME [Clipart] top1 curve: [69.23, 67.14, 72.33, 68.34, 62.07, 56.1, 55.27, 47.48]
2025-06-27 05:59:28,703 [trainer.py] => NME [Clipart] top5 curve: [100.0, 92.14, 88.83, 84.94, 84.77, 79.51, 77.22, 73.64]
2025-06-27 05:59:28,703 [trainer.py] => Average Accuracy [Clipart] (CNN): 60.70875
2025-06-27 05:59:28,703 [trainer.py] => Average Accuracy [Clipart] (NME): 62.245000000000005
2025-06-27 05:59:28,703 [trainer.py] => CNN [Product]: {'total': 37.61, '00-04': 61.18, '05-09': 41.25, '10-14': 50.0, '15-19': 37.66, '20-24': 32.79, '25-29': 29.11, '30-34': 17.91, '35-39': 25.76, 'old': 39.14, 'new': 25.76}
2025-06-27 05:59:28,703 [trainer.py] => NME [Product]: {'total': 37.26, '00-04': 32.94, '05-09': 41.25, '10-14': 48.39, '15-19': 37.66, '20-24': 34.43, '25-29': 36.71, '30-34': 35.82, '35-39': 31.82, 'old': 37.96, 'new': 31.82}
2025-06-27 05:59:28,703 [trainer.py] => CNN [Product] top1 curve: [70.59, 53.33, 53.3, 47.37, 45.75, 42.57, 40.9, 37.61]
2025-06-27 05:59:28,703 [trainer.py] => CNN [Product] top5 curve: [98.82, 87.27, 83.26, 79.28, 76.99, 73.87, 73.58, 66.9]
2025-06-27 05:59:28,704 [trainer.py] => NME [Product] top1 curve: [69.41, 56.97, 55.07, 46.05, 45.75, 45.72, 41.88, 37.26]
2025-06-27 05:59:28,704 [trainer.py] => NME [Product] top5 curve: [100.0, 94.55, 88.55, 84.21, 80.27, 76.35, 74.95, 70.71]
2025-06-27 05:59:28,704 [trainer.py] => Average Accuracy [Product] (CNN): 48.9275
2025-06-27 05:59:28,704 [trainer.py] => Average Accuracy [Product] (NME): 49.76375
2025-06-27 05:59:28,704 [trainer.py] => CNN [Real World]: {'total': 42.81, '00-04': 60.27, '05-09': 55.88, '10-14': 31.94, '15-19': 40.3, '20-24': 21.54, '25-29': 38.96, '30-34': 46.67, '35-39': 45.76, 'old': 42.45, 'new': 45.76}
2025-06-27 05:59:28,704 [trainer.py] => NME [Real World]: {'total': 44.24, '00-04': 38.36, '05-09': 51.47, '10-14': 31.94, '15-19': 46.27, '20-24': 24.62, '25-29': 55.84, '30-34': 52.0, '35-39': 52.54, 'old': 43.26, 'new': 52.54}
2025-06-27 05:59:28,704 [trainer.py] => CNN [Real World] top1 curve: [69.86, 63.83, 55.4, 48.93, 44.64, 42.89, 44.87, 42.81]
2025-06-27 05:59:28,704 [trainer.py] => CNN [Real World] top5 curve: [98.63, 92.2, 81.69, 77.5, 74.2, 71.8, 72.03, 67.27]
2025-06-27 05:59:28,704 [trainer.py] => NME [Real World] top1 curve: [71.23, 60.28, 56.81, 52.86, 48.7, 45.5, 48.29, 44.24]
2025-06-27 05:59:28,705 [trainer.py] => NME [Real World] top5 curve: [100.0, 94.33, 87.32, 82.86, 80.29, 77.73, 75.05, 71.22]
2025-06-27 05:59:28,705 [trainer.py] => Average Accuracy [Real World] (CNN): 51.65375
2025-06-27 05:59:28,705 [trainer.py] => Average Accuracy [Real World] (NME): 53.48875
2025-06-27 05:59:28,705 [trainer.py] => NME Harmonic Mean : 38.7358
2025-06-27 05:59:28,705 [trainer.py] => NME Macro Mean : 39.5650
2025-06-27 05:59:28,705 [trainer.py] => CNN Harmonic Mean : 38.1229
2025-06-27 05:59:28,705 [trainer.py] => CNN Macro Mean : 38.3900
2025-06-27 05:59:28,706 [trainer.py] => All params: 21310322
2025-06-27 05:59:28,707 [trainer.py] => Trainable params: 21310322
2025-06-27 05:59:28,709 [icarl.py] => Learning on 40-45
2025-06-27 05:59:56,751 [icarl.py] => Task 8, Epoch 1/200 => Loss 5.265, Loss_clf 2.598, Loss_kd 2.664, Loss_kernel 0.003, Train_accy 38.10, Test_accy {'Art': 3.51, 'Clipart': 4.83, 'Real World': 5.48, 'Product': 4.48}
2025-06-27 06:00:11,399 [icarl.py] => Task 8, Epoch 2/200 => Loss 7.167, Loss_clf 3.614, Loss_kd 3.542, Loss_kernel 0.011, Train_accy 13.24
2025-06-27 06:00:25,647 [icarl.py] => Task 8, Epoch 3/200 => Loss 6.881, Loss_clf 3.405, Loss_kd 3.467, Loss_kernel 0.009, Train_accy 14.79
2025-06-27 06:00:40,721 [icarl.py] => Task 8, Epoch 4/200 => Loss 6.427, Loss_clf 3.090, Loss_kd 3.329, Loss_kernel 0.008, Train_accy 19.42
2025-06-27 06:00:55,630 [icarl.py] => Task 8, Epoch 5/200 => Loss 6.249, Loss_clf 2.978, Loss_kd 3.265, Loss_kernel 0.007, Train_accy 22.90
2025-06-27 06:01:23,325 [icarl.py] => Task 8, Epoch 6/200 => Loss 5.960, Loss_clf 2.781, Loss_kd 3.174, Loss_kernel 0.006, Train_accy 25.09, Test_accy {'Art': 12.57, 'Clipart': 24.29, 'Real World': 23.55, 'Product': 16.23}
2025-06-27 06:01:37,892 [icarl.py] => Task 8, Epoch 7/200 => Loss 5.605, Loss_clf 2.570, Loss_kd 3.031, Loss_kernel 0.005, Train_accy 30.19
2025-06-27 06:01:53,732 [icarl.py] => Task 8, Epoch 8/200 => Loss 5.421, Loss_clf 2.439, Loss_kd 2.977, Loss_kernel 0.005, Train_accy 31.42
2025-06-27 06:02:08,177 [icarl.py] => Task 8, Epoch 9/200 => Loss 5.180, Loss_clf 2.290, Loss_kd 2.885, Loss_kernel 0.005, Train_accy 34.72
2025-06-27 06:02:23,523 [icarl.py] => Task 8, Epoch 10/200 => Loss 4.953, Loss_clf 2.144, Loss_kd 2.805, Loss_kernel 0.004, Train_accy 38.29
2025-06-27 06:02:51,805 [icarl.py] => Task 8, Epoch 11/200 => Loss 5.199, Loss_clf 2.309, Loss_kd 2.886, Loss_kernel 0.005, Train_accy 36.23, Test_accy {'Art': 17.84, 'Clipart': 30.95, 'Real World': 28.87, 'Product': 26.58}
2025-06-27 06:03:05,616 [icarl.py] => Task 8, Epoch 12/200 => Loss 4.746, Loss_clf 2.002, Loss_kd 2.739, Loss_kernel 0.004, Train_accy 41.86
2025-06-27 06:03:21,448 [icarl.py] => Task 8, Epoch 13/200 => Loss 4.562, Loss_clf 1.889, Loss_kd 2.669, Loss_kernel 0.004, Train_accy 45.55
2025-06-27 06:03:36,178 [icarl.py] => Task 8, Epoch 14/200 => Loss 4.398, Loss_clf 1.772, Loss_kd 2.623, Loss_kernel 0.004, Train_accy 47.29
2025-06-27 06:03:51,454 [icarl.py] => Task 8, Epoch 15/200 => Loss 4.185, Loss_clf 1.637, Loss_kd 2.545, Loss_kernel 0.004, Train_accy 51.45
2025-06-27 06:04:20,310 [icarl.py] => Task 8, Epoch 16/200 => Loss 4.031, Loss_clf 1.530, Loss_kd 2.498, Loss_kernel 0.004, Train_accy 54.97, Test_accy {'Art': 13.16, 'Clipart': 29.62, 'Real World': 26.77, 'Product': 22.57}
2025-06-27 06:04:34,544 [icarl.py] => Task 8, Epoch 17/200 => Loss 3.910, Loss_clf 1.445, Loss_kd 2.462, Loss_kernel 0.003, Train_accy 57.39
2025-06-27 06:04:47,627 [icarl.py] => Task 8, Epoch 18/200 => Loss 3.936, Loss_clf 1.483, Loss_kd 2.449, Loss_kernel 0.003, Train_accy 56.14
2025-06-27 06:05:01,945 [icarl.py] => Task 8, Epoch 19/200 => Loss 3.718, Loss_clf 1.318, Loss_kd 2.397, Loss_kernel 0.003, Train_accy 61.51
2025-06-27 06:05:14,970 [icarl.py] => Task 8, Epoch 20/200 => Loss 3.665, Loss_clf 1.307, Loss_kd 2.354, Loss_kernel 0.003, Train_accy 62.00
2025-06-27 06:05:43,894 [icarl.py] => Task 8, Epoch 21/200 => Loss 3.666, Loss_clf 1.269, Loss_kd 2.395, Loss_kernel 0.003, Train_accy 60.92, Test_accy {'Art': 13.45, 'Clipart': 32.78, 'Real World': 25.48, 'Product': 21.33}
2025-06-27 06:05:59,219 [icarl.py] => Task 8, Epoch 22/200 => Loss 3.462, Loss_clf 1.149, Loss_kd 2.310, Loss_kernel 0.003, Train_accy 65.86
2025-06-27 06:06:13,137 [icarl.py] => Task 8, Epoch 23/200 => Loss 3.428, Loss_clf 1.131, Loss_kd 2.294, Loss_kernel 0.003, Train_accy 66.43
2025-06-27 06:06:27,271 [icarl.py] => Task 8, Epoch 24/200 => Loss 3.409, Loss_clf 1.104, Loss_kd 2.301, Loss_kernel 0.003, Train_accy 66.90
2025-06-27 06:06:41,510 [icarl.py] => Task 8, Epoch 25/200 => Loss 3.412, Loss_clf 1.082, Loss_kd 2.327, Loss_kernel 0.003, Train_accy 67.96
2025-06-27 06:07:09,379 [icarl.py] => Task 8, Epoch 26/200 => Loss 3.686, Loss_clf 1.299, Loss_kd 2.384, Loss_kernel 0.004, Train_accy 60.74, Test_accy {'Art': 13.45, 'Clipart': 31.61, 'Real World': 28.55, 'Product': 26.12}
2025-06-27 06:07:25,025 [icarl.py] => Task 8, Epoch 27/200 => Loss 3.509, Loss_clf 1.165, Loss_kd 2.340, Loss_kernel 0.003, Train_accy 65.82
2025-06-27 06:07:38,570 [icarl.py] => Task 8, Epoch 28/200 => Loss 3.235, Loss_clf 0.996, Loss_kd 2.236, Loss_kernel 0.003, Train_accy 70.77
2025-06-27 06:07:52,705 [icarl.py] => Task 8, Epoch 29/200 => Loss 3.136, Loss_clf 0.910, Loss_kd 2.223, Loss_kernel 0.003, Train_accy 72.41
2025-06-27 06:08:07,242 [icarl.py] => Task 8, Epoch 30/200 => Loss 2.992, Loss_clf 0.814, Loss_kd 2.175, Loss_kernel 0.003, Train_accy 75.41
2025-06-27 06:08:35,821 [icarl.py] => Task 8, Epoch 31/200 => Loss 2.915, Loss_clf 0.778, Loss_kd 2.134, Loss_kernel 0.003, Train_accy 77.45, Test_accy {'Art': 19.59, 'Clipart': 38.1, 'Real World': 28.71, 'Product': 22.87}
2025-06-27 06:08:50,089 [icarl.py] => Task 8, Epoch 32/200 => Loss 2.948, Loss_clf 0.788, Loss_kd 2.157, Loss_kernel 0.003, Train_accy 76.55
2025-06-27 06:09:04,091 [icarl.py] => Task 8, Epoch 33/200 => Loss 2.955, Loss_clf 0.804, Loss_kd 2.149, Loss_kernel 0.003, Train_accy 76.44
2025-06-27 06:09:17,598 [icarl.py] => Task 8, Epoch 34/200 => Loss 2.991, Loss_clf 0.797, Loss_kd 2.191, Loss_kernel 0.003, Train_accy 76.64
2025-06-27 06:09:31,961 [icarl.py] => Task 8, Epoch 35/200 => Loss 2.930, Loss_clf 0.782, Loss_kd 2.145, Loss_kernel 0.003, Train_accy 77.04
2025-06-27 06:10:01,893 [icarl.py] => Task 8, Epoch 36/200 => Loss 2.822, Loss_clf 0.707, Loss_kd 2.112, Loss_kernel 0.003, Train_accy 77.99, Test_accy {'Art': 19.3, 'Clipart': 36.44, 'Real World': 30.48, 'Product': 25.5}
2025-06-27 06:10:17,009 [icarl.py] => Task 8, Epoch 37/200 => Loss 2.757, Loss_clf 0.669, Loss_kd 2.085, Loss_kernel 0.003, Train_accy 79.35
2025-06-27 06:10:31,448 [icarl.py] => Task 8, Epoch 38/200 => Loss 2.796, Loss_clf 0.675, Loss_kd 2.118, Loss_kernel 0.003, Train_accy 80.65
2025-06-27 06:10:46,255 [icarl.py] => Task 8, Epoch 39/200 => Loss 2.844, Loss_clf 0.714, Loss_kd 2.127, Loss_kernel 0.003, Train_accy 79.57
2025-06-27 06:11:00,621 [icarl.py] => Task 8, Epoch 40/200 => Loss 2.811, Loss_clf 0.682, Loss_kd 2.126, Loss_kernel 0.003, Train_accy 80.00
2025-06-27 06:11:30,923 [icarl.py] => Task 8, Epoch 41/200 => Loss 2.809, Loss_clf 0.683, Loss_kd 2.122, Loss_kernel 0.003, Train_accy 80.04, Test_accy {'Art': 15.79, 'Clipart': 32.28, 'Real World': 29.19, 'Product': 24.73}
2025-06-27 06:11:43,751 [icarl.py] => Task 8, Epoch 42/200 => Loss 2.747, Loss_clf 0.659, Loss_kd 2.085, Loss_kernel 0.003, Train_accy 80.64
2025-06-27 06:11:56,894 [icarl.py] => Task 8, Epoch 43/200 => Loss 2.754, Loss_clf 0.651, Loss_kd 2.100, Loss_kernel 0.003, Train_accy 81.39
2025-06-27 06:12:09,907 [icarl.py] => Task 8, Epoch 44/200 => Loss 2.834, Loss_clf 0.714, Loss_kd 2.117, Loss_kernel 0.003, Train_accy 79.30
2025-06-27 06:12:22,717 [icarl.py] => Task 8, Epoch 45/200 => Loss 2.698, Loss_clf 0.627, Loss_kd 2.068, Loss_kernel 0.003, Train_accy 81.17
2025-06-27 06:12:50,720 [icarl.py] => Task 8, Epoch 46/200 => Loss 2.679, Loss_clf 0.589, Loss_kd 2.087, Loss_kernel 0.003, Train_accy 83.24, Test_accy {'Art': 20.18, 'Clipart': 36.44, 'Real World': 31.61, 'Product': 25.66}
2025-06-27 06:13:04,206 [icarl.py] => Task 8, Epoch 47/200 => Loss 2.590, Loss_clf 0.527, Loss_kd 2.061, Loss_kernel 0.003, Train_accy 84.86
2025-06-27 06:13:18,371 [icarl.py] => Task 8, Epoch 48/200 => Loss 2.624, Loss_clf 0.574, Loss_kd 2.047, Loss_kernel 0.002, Train_accy 83.33
2025-06-27 06:13:31,721 [icarl.py] => Task 8, Epoch 49/200 => Loss 2.639, Loss_clf 0.565, Loss_kd 2.072, Loss_kernel 0.002, Train_accy 83.22
2025-06-27 06:13:46,537 [icarl.py] => Task 8, Epoch 50/200 => Loss 2.604, Loss_clf 0.553, Loss_kd 2.048, Loss_kernel 0.002, Train_accy 83.82
2025-06-27 06:14:14,587 [icarl.py] => Task 8, Epoch 51/200 => Loss 2.628, Loss_clf 0.559, Loss_kd 2.067, Loss_kernel 0.003, Train_accy 84.17, Test_accy {'Art': 17.84, 'Clipart': 34.11, 'Real World': 25.0, 'Product': 21.17}
2025-06-27 06:14:27,997 [icarl.py] => Task 8, Epoch 52/200 => Loss 2.480, Loss_clf 0.472, Loss_kd 2.006, Loss_kernel 0.002, Train_accy 85.99
2025-06-27 06:14:42,488 [icarl.py] => Task 8, Epoch 53/200 => Loss 2.532, Loss_clf 0.498, Loss_kd 2.031, Loss_kernel 0.002, Train_accy 86.51
2025-06-27 06:14:55,412 [icarl.py] => Task 8, Epoch 54/200 => Loss 2.523, Loss_clf 0.493, Loss_kd 2.028, Loss_kernel 0.002, Train_accy 86.01
2025-06-27 06:15:10,075 [icarl.py] => Task 8, Epoch 55/200 => Loss 2.573, Loss_clf 0.541, Loss_kd 2.030, Loss_kernel 0.002, Train_accy 83.87
2025-06-27 06:15:38,355 [icarl.py] => Task 8, Epoch 56/200 => Loss 2.463, Loss_clf 0.470, Loss_kd 1.990, Loss_kernel 0.002, Train_accy 86.70, Test_accy {'Art': 16.08, 'Clipart': 33.94, 'Real World': 27.26, 'Product': 23.96}
2025-06-27 06:15:52,123 [icarl.py] => Task 8, Epoch 57/200 => Loss 2.496, Loss_clf 0.489, Loss_kd 2.004, Loss_kernel 0.002, Train_accy 86.20
2025-06-27 06:16:05,724 [icarl.py] => Task 8, Epoch 58/200 => Loss 2.493, Loss_clf 0.478, Loss_kd 2.013, Loss_kernel 0.002, Train_accy 86.28
2025-06-27 06:16:19,982 [icarl.py] => Task 8, Epoch 59/200 => Loss 2.425, Loss_clf 0.435, Loss_kd 1.988, Loss_kernel 0.002, Train_accy 87.01
2025-06-27 06:16:33,543 [icarl.py] => Task 8, Epoch 60/200 => Loss 2.396, Loss_clf 0.436, Loss_kd 1.958, Loss_kernel 0.002, Train_accy 87.83
2025-06-27 06:17:01,396 [icarl.py] => Task 8, Epoch 61/200 => Loss 2.406, Loss_clf 0.438, Loss_kd 1.966, Loss_kernel 0.002, Train_accy 86.18, Test_accy {'Art': 17.84, 'Clipart': 37.27, 'Real World': 31.45, 'Product': 28.75}
2025-06-27 06:17:14,946 [icarl.py] => Task 8, Epoch 62/200 => Loss 2.455, Loss_clf 0.477, Loss_kd 1.976, Loss_kernel 0.002, Train_accy 85.69
2025-06-27 06:17:28,203 [icarl.py] => Task 8, Epoch 63/200 => Loss 2.405, Loss_clf 0.439, Loss_kd 1.964, Loss_kernel 0.002, Train_accy 87.34
2025-06-27 06:17:42,453 [icarl.py] => Task 8, Epoch 64/200 => Loss 2.447, Loss_clf 0.452, Loss_kd 1.993, Loss_kernel 0.002, Train_accy 87.20
2025-06-27 06:17:54,886 [icarl.py] => Task 8, Epoch 65/200 => Loss 2.479, Loss_clf 0.470, Loss_kd 2.007, Loss_kernel 0.002, Train_accy 86.52
2025-06-27 06:18:24,126 [icarl.py] => Task 8, Epoch 66/200 => Loss 2.411, Loss_clf 0.445, Loss_kd 1.964, Loss_kernel 0.002, Train_accy 87.28, Test_accy {'Art': 19.3, 'Clipart': 36.44, 'Real World': 30.65, 'Product': 27.05}
2025-06-27 06:18:36,218 [icarl.py] => Task 8, Epoch 67/200 => Loss 2.354, Loss_clf 0.384, Loss_kd 1.968, Loss_kernel 0.002, Train_accy 88.32
2025-06-27 06:18:49,126 [icarl.py] => Task 8, Epoch 68/200 => Loss 2.361, Loss_clf 0.403, Loss_kd 1.956, Loss_kernel 0.002, Train_accy 88.83
2025-06-27 06:19:02,623 [icarl.py] => Task 8, Epoch 69/200 => Loss 2.337, Loss_clf 0.367, Loss_kd 1.968, Loss_kernel 0.002, Train_accy 88.69
2025-06-27 06:19:16,138 [icarl.py] => Task 8, Epoch 70/200 => Loss 2.404, Loss_clf 0.417, Loss_kd 1.985, Loss_kernel 0.002, Train_accy 88.03
2025-06-27 06:19:44,468 [icarl.py] => Task 8, Epoch 71/200 => Loss 2.395, Loss_clf 0.400, Loss_kd 1.993, Loss_kernel 0.002, Train_accy 88.36, Test_accy {'Art': 19.59, 'Clipart': 36.27, 'Real World': 28.87, 'Product': 25.19}
2025-06-27 06:19:57,879 [icarl.py] => Task 8, Epoch 72/200 => Loss 2.391, Loss_clf 0.415, Loss_kd 1.974, Loss_kernel 0.002, Train_accy 87.87
2025-06-27 06:20:11,533 [icarl.py] => Task 8, Epoch 73/200 => Loss 2.382, Loss_clf 0.404, Loss_kd 1.977, Loss_kernel 0.002, Train_accy 88.57
2025-06-27 06:20:24,407 [icarl.py] => Task 8, Epoch 74/200 => Loss 2.315, Loss_clf 0.365, Loss_kd 1.949, Loss_kernel 0.002, Train_accy 89.18
2025-06-27 06:20:37,866 [icarl.py] => Task 8, Epoch 75/200 => Loss 2.385, Loss_clf 0.404, Loss_kd 1.980, Loss_kernel 0.002, Train_accy 87.83
2025-06-27 06:21:04,007 [icarl.py] => Task 8, Epoch 76/200 => Loss 2.306, Loss_clf 0.357, Loss_kd 1.947, Loss_kernel 0.002, Train_accy 89.73, Test_accy {'Art': 16.96, 'Clipart': 38.6, 'Real World': 33.06, 'Product': 27.82}
2025-06-27 06:21:15,538 [icarl.py] => Task 8, Epoch 77/200 => Loss 2.252, Loss_clf 0.327, Loss_kd 1.923, Loss_kernel 0.002, Train_accy 90.33
2025-06-27 06:21:28,342 [icarl.py] => Task 8, Epoch 78/200 => Loss 2.337, Loss_clf 0.378, Loss_kd 1.958, Loss_kernel 0.002, Train_accy 88.72
2025-06-27 06:21:41,196 [icarl.py] => Task 8, Epoch 79/200 => Loss 2.427, Loss_clf 0.435, Loss_kd 1.990, Loss_kernel 0.002, Train_accy 86.56
2025-06-27 06:21:54,564 [icarl.py] => Task 8, Epoch 80/200 => Loss 2.343, Loss_clf 0.372, Loss_kd 1.970, Loss_kernel 0.002, Train_accy 89.21
2025-06-27 06:22:21,372 [icarl.py] => Task 8, Epoch 81/200 => Loss 2.335, Loss_clf 0.355, Loss_kd 1.978, Loss_kernel 0.002, Train_accy 89.55, Test_accy {'Art': 18.13, 'Clipart': 40.27, 'Real World': 31.29, 'Product': 27.36}
2025-06-27 06:22:33,756 [icarl.py] => Task 8, Epoch 82/200 => Loss 2.275, Loss_clf 0.330, Loss_kd 1.943, Loss_kernel 0.002, Train_accy 91.35
2025-06-27 06:22:46,370 [icarl.py] => Task 8, Epoch 83/200 => Loss 2.238, Loss_clf 0.309, Loss_kd 1.927, Loss_kernel 0.002, Train_accy 91.22
2025-06-27 06:22:58,576 [icarl.py] => Task 8, Epoch 84/200 => Loss 2.215, Loss_clf 0.298, Loss_kd 1.916, Loss_kernel 0.001, Train_accy 92.17
2025-06-27 06:23:11,314 [icarl.py] => Task 8, Epoch 85/200 => Loss 2.243, Loss_clf 0.313, Loss_kd 1.929, Loss_kernel 0.002, Train_accy 91.33
2025-06-27 06:23:37,425 [icarl.py] => Task 8, Epoch 86/200 => Loss 2.274, Loss_clf 0.343, Loss_kd 1.930, Loss_kernel 0.002, Train_accy 89.97, Test_accy {'Art': 16.37, 'Clipart': 38.44, 'Real World': 31.13, 'Product': 27.98}
2025-06-27 06:23:50,194 [icarl.py] => Task 8, Epoch 87/200 => Loss 2.217, Loss_clf 0.308, Loss_kd 1.908, Loss_kernel 0.001, Train_accy 91.11
2025-06-27 06:24:03,143 [icarl.py] => Task 8, Epoch 88/200 => Loss 2.242, Loss_clf 0.295, Loss_kd 1.945, Loss_kernel 0.001, Train_accy 91.83
2025-06-27 06:24:17,296 [icarl.py] => Task 8, Epoch 89/200 => Loss 2.212, Loss_clf 0.311, Loss_kd 1.899, Loss_kernel 0.002, Train_accy 90.99
2025-06-27 06:24:29,804 [icarl.py] => Task 8, Epoch 90/200 => Loss 2.288, Loss_clf 0.348, Loss_kd 1.939, Loss_kernel 0.001, Train_accy 90.35
2025-06-27 06:24:56,896 [icarl.py] => Task 8, Epoch 91/200 => Loss 2.233, Loss_clf 0.301, Loss_kd 1.930, Loss_kernel 0.001, Train_accy 91.82, Test_accy {'Art': 20.18, 'Clipart': 39.6, 'Real World': 34.68, 'Product': 29.06}
2025-06-27 06:25:10,805 [icarl.py] => Task 8, Epoch 92/200 => Loss 2.230, Loss_clf 0.292, Loss_kd 1.937, Loss_kernel 0.001, Train_accy 92.02
2025-06-27 06:25:24,479 [icarl.py] => Task 8, Epoch 93/200 => Loss 2.195, Loss_clf 0.286, Loss_kd 1.908, Loss_kernel 0.001, Train_accy 91.30
2025-06-27 06:25:39,068 [icarl.py] => Task 8, Epoch 94/200 => Loss 2.234, Loss_clf 0.324, Loss_kd 1.909, Loss_kernel 0.001, Train_accy 91.03
2025-06-27 06:25:52,200 [icarl.py] => Task 8, Epoch 95/200 => Loss 2.244, Loss_clf 0.315, Loss_kd 1.928, Loss_kernel 0.001, Train_accy 91.33
2025-06-27 06:26:19,515 [icarl.py] => Task 8, Epoch 96/200 => Loss 2.142, Loss_clf 0.229, Loss_kd 1.911, Loss_kernel 0.001, Train_accy 93.90, Test_accy {'Art': 21.05, 'Clipart': 37.1, 'Real World': 32.1, 'Product': 29.98}
2025-06-27 06:26:32,195 [icarl.py] => Task 8, Epoch 97/200 => Loss 2.181, Loss_clf 0.280, Loss_kd 1.899, Loss_kernel 0.001, Train_accy 91.55
2025-06-27 06:26:45,531 [icarl.py] => Task 8, Epoch 98/200 => Loss 2.173, Loss_clf 0.278, Loss_kd 1.894, Loss_kernel 0.001, Train_accy 92.11
2025-06-27 06:26:57,771 [icarl.py] => Task 8, Epoch 99/200 => Loss 2.117, Loss_clf 0.231, Loss_kd 1.885, Loss_kernel 0.001, Train_accy 93.86
2025-06-27 06:27:11,115 [icarl.py] => Task 8, Epoch 100/200 => Loss 2.121, Loss_clf 0.250, Loss_kd 1.870, Loss_kernel 0.001, Train_accy 93.06
2025-06-27 06:27:40,164 [icarl.py] => Task 8, Epoch 101/200 => Loss 2.149, Loss_clf 0.250, Loss_kd 1.898, Loss_kernel 0.001, Train_accy 92.62, Test_accy {'Art': 20.76, 'Clipart': 41.93, 'Real World': 32.74, 'Product': 30.76}
2025-06-27 06:27:53,471 [icarl.py] => Task 8, Epoch 102/200 => Loss 2.133, Loss_clf 0.250, Loss_kd 1.882, Loss_kernel 0.001, Train_accy 94.14
2025-06-27 06:28:06,120 [icarl.py] => Task 8, Epoch 103/200 => Loss 2.074, Loss_clf 0.225, Loss_kd 1.848, Loss_kernel 0.001, Train_accy 94.07
2025-06-27 06:28:20,157 [icarl.py] => Task 8, Epoch 104/200 => Loss 2.131, Loss_clf 0.250, Loss_kd 1.880, Loss_kernel 0.001, Train_accy 92.92
2025-06-27 06:28:34,054 [icarl.py] => Task 8, Epoch 105/200 => Loss 2.116, Loss_clf 0.246, Loss_kd 1.869, Loss_kernel 0.001, Train_accy 92.85
2025-06-27 06:29:01,637 [icarl.py] => Task 8, Epoch 106/200 => Loss 2.082, Loss_clf 0.229, Loss_kd 1.851, Loss_kernel 0.001, Train_accy 92.87, Test_accy {'Art': 20.18, 'Clipart': 38.77, 'Real World': 34.35, 'Product': 27.51}
2025-06-27 06:29:14,374 [icarl.py] => Task 8, Epoch 107/200 => Loss 2.146, Loss_clf 0.259, Loss_kd 1.887, Loss_kernel 0.001, Train_accy 92.72
2025-06-27 06:29:27,976 [icarl.py] => Task 8, Epoch 108/200 => Loss 2.138, Loss_clf 0.259, Loss_kd 1.878, Loss_kernel 0.001, Train_accy 93.33
2025-06-27 06:29:40,253 [icarl.py] => Task 8, Epoch 109/200 => Loss 2.124, Loss_clf 0.239, Loss_kd 1.885, Loss_kernel 0.001, Train_accy 93.70
2025-06-27 06:29:53,209 [icarl.py] => Task 8, Epoch 110/200 => Loss 2.090, Loss_clf 0.204, Loss_kd 1.884, Loss_kernel 0.001, Train_accy 93.75
2025-06-27 06:30:20,193 [icarl.py] => Task 8, Epoch 111/200 => Loss 2.075, Loss_clf 0.221, Loss_kd 1.853, Loss_kernel 0.001, Train_accy 93.64, Test_accy {'Art': 18.13, 'Clipart': 37.1, 'Real World': 29.68, 'Product': 26.89}
2025-06-27 06:30:33,845 [icarl.py] => Task 8, Epoch 112/200 => Loss 2.104, Loss_clf 0.223, Loss_kd 1.879, Loss_kernel 0.001, Train_accy 93.86
2025-06-27 06:30:46,139 [icarl.py] => Task 8, Epoch 113/200 => Loss 2.072, Loss_clf 0.211, Loss_kd 1.860, Loss_kernel 0.001, Train_accy 93.74
2025-06-27 06:30:59,767 [icarl.py] => Task 8, Epoch 114/200 => Loss 2.063, Loss_clf 0.201, Loss_kd 1.861, Loss_kernel 0.001, Train_accy 94.46
2025-06-27 06:31:12,426 [icarl.py] => Task 8, Epoch 115/200 => Loss 2.073, Loss_clf 0.199, Loss_kd 1.873, Loss_kernel 0.001, Train_accy 94.77
2025-06-27 06:31:38,246 [icarl.py] => Task 8, Epoch 116/200 => Loss 2.036, Loss_clf 0.187, Loss_kd 1.848, Loss_kernel 0.001, Train_accy 95.07, Test_accy {'Art': 19.59, 'Clipart': 39.1, 'Real World': 32.9, 'Product': 31.07}
2025-06-27 06:31:51,925 [icarl.py] => Task 8, Epoch 117/200 => Loss 2.055, Loss_clf 0.202, Loss_kd 1.852, Loss_kernel 0.001, Train_accy 94.62
2025-06-27 06:32:04,494 [icarl.py] => Task 8, Epoch 118/200 => Loss 2.053, Loss_clf 0.215, Loss_kd 1.837, Loss_kernel 0.001, Train_accy 94.01
2025-06-27 06:32:16,794 [icarl.py] => Task 8, Epoch 119/200 => Loss 2.044, Loss_clf 0.182, Loss_kd 1.861, Loss_kernel 0.001, Train_accy 95.00
2025-06-27 06:32:30,015 [icarl.py] => Task 8, Epoch 120/200 => Loss 2.046, Loss_clf 0.201, Loss_kd 1.845, Loss_kernel 0.001, Train_accy 94.25
2025-06-27 06:32:55,842 [icarl.py] => Task 8, Epoch 121/200 => Loss 2.041, Loss_clf 0.185, Loss_kd 1.855, Loss_kernel 0.001, Train_accy 94.95, Test_accy {'Art': 19.88, 'Clipart': 38.6, 'Real World': 33.39, 'Product': 31.07}
2025-06-27 06:33:09,020 [icarl.py] => Task 8, Epoch 122/200 => Loss 2.034, Loss_clf 0.180, Loss_kd 1.852, Loss_kernel 0.001, Train_accy 95.48
2025-06-27 06:33:21,509 [icarl.py] => Task 8, Epoch 123/200 => Loss 2.019, Loss_clf 0.189, Loss_kd 1.830, Loss_kernel 0.001, Train_accy 94.75
2025-06-27 06:33:34,303 [icarl.py] => Task 8, Epoch 124/200 => Loss 2.010, Loss_clf 0.180, Loss_kd 1.828, Loss_kernel 0.001, Train_accy 94.45
2025-06-27 06:33:47,045 [icarl.py] => Task 8, Epoch 125/200 => Loss 1.982, Loss_clf 0.152, Loss_kd 1.828, Loss_kernel 0.001, Train_accy 96.01
2025-06-27 06:34:13,017 [icarl.py] => Task 8, Epoch 126/200 => Loss 2.010, Loss_clf 0.171, Loss_kd 1.838, Loss_kernel 0.001, Train_accy 95.09, Test_accy {'Art': 20.47, 'Clipart': 40.1, 'Real World': 32.1, 'Product': 30.14}
2025-06-27 06:34:25,962 [icarl.py] => Task 8, Epoch 127/200 => Loss 2.019, Loss_clf 0.180, Loss_kd 1.839, Loss_kernel 0.001, Train_accy 95.06
2025-06-27 06:34:37,688 [icarl.py] => Task 8, Epoch 128/200 => Loss 1.997, Loss_clf 0.153, Loss_kd 1.843, Loss_kernel 0.001, Train_accy 95.59
2025-06-27 06:34:49,699 [icarl.py] => Task 8, Epoch 129/200 => Loss 1.986, Loss_clf 0.164, Loss_kd 1.822, Loss_kernel 0.001, Train_accy 95.41
2025-06-27 06:35:01,615 [icarl.py] => Task 8, Epoch 130/200 => Loss 2.016, Loss_clf 0.192, Loss_kd 1.823, Loss_kernel 0.001, Train_accy 94.84
2025-06-27 06:35:27,414 [icarl.py] => Task 8, Epoch 131/200 => Loss 1.947, Loss_clf 0.160, Loss_kd 1.786, Loss_kernel 0.001, Train_accy 95.55, Test_accy {'Art': 19.01, 'Clipart': 39.43, 'Real World': 33.71, 'Product': 29.98}
2025-06-27 06:35:39,302 [icarl.py] => Task 8, Epoch 132/200 => Loss 1.991, Loss_clf 0.163, Loss_kd 1.827, Loss_kernel 0.001, Train_accy 95.34
2025-06-27 06:35:51,019 [icarl.py] => Task 8, Epoch 133/200 => Loss 2.022, Loss_clf 0.171, Loss_kd 1.850, Loss_kernel 0.001, Train_accy 95.65
2025-06-27 06:36:02,998 [icarl.py] => Task 8, Epoch 134/200 => Loss 2.003, Loss_clf 0.171, Loss_kd 1.831, Loss_kernel 0.001, Train_accy 95.18
2025-06-27 06:36:14,711 [icarl.py] => Task 8, Epoch 135/200 => Loss 1.943, Loss_clf 0.151, Loss_kd 1.791, Loss_kernel 0.001, Train_accy 95.92
2025-06-27 06:36:40,635 [icarl.py] => Task 8, Epoch 136/200 => Loss 1.967, Loss_clf 0.152, Loss_kd 1.814, Loss_kernel 0.001, Train_accy 95.91, Test_accy {'Art': 20.18, 'Clipart': 39.27, 'Real World': 32.42, 'Product': 30.6}
2025-06-27 06:36:53,060 [icarl.py] => Task 8, Epoch 137/200 => Loss 1.966, Loss_clf 0.149, Loss_kd 1.816, Loss_kernel 0.001, Train_accy 96.12
2025-06-27 06:37:04,728 [icarl.py] => Task 8, Epoch 138/200 => Loss 1.918, Loss_clf 0.133, Loss_kd 1.785, Loss_kernel 0.001, Train_accy 96.46
2025-06-27 06:37:15,851 [icarl.py] => Task 8, Epoch 139/200 => Loss 1.931, Loss_clf 0.126, Loss_kd 1.805, Loss_kernel 0.001, Train_accy 96.71
2025-06-27 06:37:28,572 [icarl.py] => Task 8, Epoch 140/200 => Loss 1.948, Loss_clf 0.141, Loss_kd 1.806, Loss_kernel 0.001, Train_accy 96.53
2025-06-27 06:37:54,199 [icarl.py] => Task 8, Epoch 141/200 => Loss 1.956, Loss_clf 0.127, Loss_kd 1.828, Loss_kernel 0.001, Train_accy 96.66, Test_accy {'Art': 20.76, 'Clipart': 40.27, 'Real World': 33.06, 'Product': 29.98}
2025-06-27 06:38:05,722 [icarl.py] => Task 8, Epoch 142/200 => Loss 1.967, Loss_clf 0.151, Loss_kd 1.814, Loss_kernel 0.001, Train_accy 96.21
2025-06-27 06:38:17,286 [icarl.py] => Task 8, Epoch 143/200 => Loss 1.928, Loss_clf 0.135, Loss_kd 1.792, Loss_kernel 0.001, Train_accy 96.61
2025-06-27 06:38:30,371 [icarl.py] => Task 8, Epoch 144/200 => Loss 1.949, Loss_clf 0.146, Loss_kd 1.802, Loss_kernel 0.001, Train_accy 96.24
2025-06-27 06:38:42,862 [icarl.py] => Task 8, Epoch 145/200 => Loss 1.946, Loss_clf 0.138, Loss_kd 1.807, Loss_kernel 0.001, Train_accy 96.58
2025-06-27 06:39:08,376 [icarl.py] => Task 8, Epoch 146/200 => Loss 1.911, Loss_clf 0.129, Loss_kd 1.781, Loss_kernel 0.001, Train_accy 96.52, Test_accy {'Art': 18.42, 'Clipart': 40.1, 'Real World': 31.61, 'Product': 32.15}
2025-06-27 06:39:19,911 [icarl.py] => Task 8, Epoch 147/200 => Loss 1.929, Loss_clf 0.122, Loss_kd 1.806, Loss_kernel 0.001, Train_accy 96.92
2025-06-27 06:39:31,199 [icarl.py] => Task 8, Epoch 148/200 => Loss 1.917, Loss_clf 0.111, Loss_kd 1.805, Loss_kernel 0.001, Train_accy 97.27
2025-06-27 06:39:42,900 [icarl.py] => Task 8, Epoch 149/200 => Loss 1.939, Loss_clf 0.124, Loss_kd 1.815, Loss_kernel 0.001, Train_accy 97.17
2025-06-27 06:39:55,087 [icarl.py] => Task 8, Epoch 150/200 => Loss 1.893, Loss_clf 0.109, Loss_kd 1.783, Loss_kernel 0.001, Train_accy 97.33
2025-06-27 06:40:21,557 [icarl.py] => Task 8, Epoch 151/200 => Loss 1.947, Loss_clf 0.147, Loss_kd 1.799, Loss_kernel 0.001, Train_accy 96.10, Test_accy {'Art': 21.05, 'Clipart': 40.93, 'Real World': 33.55, 'Product': 32.46}
2025-06-27 06:40:33,475 [icarl.py] => Task 8, Epoch 152/200 => Loss 1.893, Loss_clf 0.118, Loss_kd 1.774, Loss_kernel 0.001, Train_accy 97.28
2025-06-27 06:40:45,312 [icarl.py] => Task 8, Epoch 153/200 => Loss 1.918, Loss_clf 0.122, Loss_kd 1.796, Loss_kernel 0.001, Train_accy 96.87
2025-06-27 06:40:57,411 [icarl.py] => Task 8, Epoch 154/200 => Loss 1.923, Loss_clf 0.118, Loss_kd 1.804, Loss_kernel 0.001, Train_accy 96.91
2025-06-27 06:41:08,704 [icarl.py] => Task 8, Epoch 155/200 => Loss 1.887, Loss_clf 0.117, Loss_kd 1.770, Loss_kernel 0.001, Train_accy 96.97
2025-06-27 06:41:34,585 [icarl.py] => Task 8, Epoch 156/200 => Loss 1.916, Loss_clf 0.116, Loss_kd 1.798, Loss_kernel 0.001, Train_accy 97.27, Test_accy {'Art': 22.22, 'Clipart': 40.77, 'Real World': 32.74, 'Product': 30.76}
2025-06-27 06:41:45,907 [icarl.py] => Task 8, Epoch 157/200 => Loss 1.903, Loss_clf 0.112, Loss_kd 1.789, Loss_kernel 0.001, Train_accy 97.28
2025-06-27 06:41:58,426 [icarl.py] => Task 8, Epoch 158/200 => Loss 1.893, Loss_clf 0.116, Loss_kd 1.775, Loss_kernel 0.001, Train_accy 97.49
2025-06-27 06:42:09,777 [icarl.py] => Task 8, Epoch 159/200 => Loss 1.910, Loss_clf 0.123, Loss_kd 1.786, Loss_kernel 0.001, Train_accy 96.81
2025-06-27 06:42:22,325 [icarl.py] => Task 8, Epoch 160/200 => Loss 1.878, Loss_clf 0.101, Loss_kd 1.775, Loss_kernel 0.001, Train_accy 97.74
2025-06-27 06:42:49,834 [icarl.py] => Task 8, Epoch 161/200 => Loss 1.868, Loss_clf 0.101, Loss_kd 1.766, Loss_kernel 0.001, Train_accy 97.28, Test_accy {'Art': 21.05, 'Clipart': 41.76, 'Real World': 34.03, 'Product': 31.99}
2025-06-27 06:43:02,399 [icarl.py] => Task 8, Epoch 162/200 => Loss 1.893, Loss_clf 0.111, Loss_kd 1.781, Loss_kernel 0.001, Train_accy 97.18
2025-06-27 06:43:14,758 [icarl.py] => Task 8, Epoch 163/200 => Loss 1.877, Loss_clf 0.110, Loss_kd 1.766, Loss_kernel 0.001, Train_accy 97.17
2025-06-27 06:43:26,439 [icarl.py] => Task 8, Epoch 164/200 => Loss 1.907, Loss_clf 0.123, Loss_kd 1.784, Loss_kernel 0.001, Train_accy 96.62
2025-06-27 06:43:38,800 [icarl.py] => Task 8, Epoch 165/200 => Loss 1.868, Loss_clf 0.089, Loss_kd 1.779, Loss_kernel 0.001, Train_accy 98.30
2025-06-27 06:44:04,788 [icarl.py] => Task 8, Epoch 166/200 => Loss 1.852, Loss_clf 0.097, Loss_kd 1.754, Loss_kernel 0.001, Train_accy 97.52, Test_accy {'Art': 20.18, 'Clipart': 40.43, 'Real World': 32.42, 'Product': 32.46}
2025-06-27 06:44:16,911 [icarl.py] => Task 8, Epoch 167/200 => Loss 1.867, Loss_clf 0.105, Loss_kd 1.760, Loss_kernel 0.001, Train_accy 97.27
2025-06-27 06:44:29,214 [icarl.py] => Task 8, Epoch 168/200 => Loss 1.910, Loss_clf 0.113, Loss_kd 1.796, Loss_kernel 0.001, Train_accy 97.34
2025-06-27 06:44:40,616 [icarl.py] => Task 8, Epoch 169/200 => Loss 1.860, Loss_clf 0.094, Loss_kd 1.765, Loss_kernel 0.001, Train_accy 97.79
2025-06-27 06:44:52,651 [icarl.py] => Task 8, Epoch 170/200 => Loss 1.886, Loss_clf 0.106, Loss_kd 1.779, Loss_kernel 0.001, Train_accy 97.14
2025-06-27 06:45:19,946 [icarl.py] => Task 8, Epoch 171/200 => Loss 1.880, Loss_clf 0.111, Loss_kd 1.768, Loss_kernel 0.001, Train_accy 96.82, Test_accy {'Art': 21.05, 'Clipart': 39.77, 'Real World': 33.06, 'Product': 33.85}
2025-06-27 06:45:32,502 [icarl.py] => Task 8, Epoch 172/200 => Loss 1.882, Loss_clf 0.105, Loss_kd 1.777, Loss_kernel 0.001, Train_accy 97.45
2025-06-27 06:45:44,851 [icarl.py] => Task 8, Epoch 173/200 => Loss 1.862, Loss_clf 0.104, Loss_kd 1.757, Loss_kernel 0.001, Train_accy 97.58
2025-06-27 06:45:57,938 [icarl.py] => Task 8, Epoch 174/200 => Loss 1.878, Loss_clf 0.104, Loss_kd 1.773, Loss_kernel 0.001, Train_accy 97.29
2025-06-27 06:46:09,658 [icarl.py] => Task 8, Epoch 175/200 => Loss 1.887, Loss_clf 0.098, Loss_kd 1.788, Loss_kernel 0.001, Train_accy 97.33
2025-06-27 06:46:36,241 [icarl.py] => Task 8, Epoch 176/200 => Loss 1.870, Loss_clf 0.113, Loss_kd 1.757, Loss_kernel 0.001, Train_accy 97.23, Test_accy {'Art': 20.18, 'Clipart': 38.94, 'Real World': 33.06, 'Product': 30.91}
2025-06-27 06:46:48,234 [icarl.py] => Task 8, Epoch 177/200 => Loss 1.879, Loss_clf 0.100, Loss_kd 1.778, Loss_kernel 0.001, Train_accy 97.39
2025-06-27 06:46:59,915 [icarl.py] => Task 8, Epoch 178/200 => Loss 1.875, Loss_clf 0.090, Loss_kd 1.784, Loss_kernel 0.001, Train_accy 97.43
2025-06-27 06:47:11,214 [icarl.py] => Task 8, Epoch 179/200 => Loss 1.871, Loss_clf 0.089, Loss_kd 1.782, Loss_kernel 0.001, Train_accy 97.94
2025-06-27 06:47:22,940 [icarl.py] => Task 8, Epoch 180/200 => Loss 1.874, Loss_clf 0.091, Loss_kd 1.782, Loss_kernel 0.001, Train_accy 97.94
2025-06-27 06:47:48,617 [icarl.py] => Task 8, Epoch 181/200 => Loss 1.877, Loss_clf 0.090, Loss_kd 1.786, Loss_kernel 0.001, Train_accy 97.73, Test_accy {'Art': 20.18, 'Clipart': 39.27, 'Real World': 34.19, 'Product': 31.38}
2025-06-27 06:47:59,710 [icarl.py] => Task 8, Epoch 182/200 => Loss 1.863, Loss_clf 0.102, Loss_kd 1.760, Loss_kernel 0.001, Train_accy 97.53
2025-06-27 06:48:11,149 [icarl.py] => Task 8, Epoch 183/200 => Loss 1.856, Loss_clf 0.104, Loss_kd 1.751, Loss_kernel 0.001, Train_accy 97.48
2025-06-27 06:48:23,377 [icarl.py] => Task 8, Epoch 184/200 => Loss 1.866, Loss_clf 0.088, Loss_kd 1.778, Loss_kernel 0.001, Train_accy 98.15
2025-06-27 06:48:34,625 [icarl.py] => Task 8, Epoch 185/200 => Loss 1.841, Loss_clf 0.080, Loss_kd 1.760, Loss_kernel 0.001, Train_accy 98.15
2025-06-27 06:49:00,193 [icarl.py] => Task 8, Epoch 186/200 => Loss 1.849, Loss_clf 0.084, Loss_kd 1.765, Loss_kernel 0.001, Train_accy 97.63, Test_accy {'Art': 21.05, 'Clipart': 39.43, 'Real World': 33.23, 'Product': 31.22}
2025-06-27 06:49:11,821 [icarl.py] => Task 8, Epoch 187/200 => Loss 1.890, Loss_clf 0.096, Loss_kd 1.793, Loss_kernel 0.001, Train_accy 97.74
2025-06-27 06:49:24,216 [icarl.py] => Task 8, Epoch 188/200 => Loss 1.824, Loss_clf 0.072, Loss_kd 1.751, Loss_kernel 0.001, Train_accy 98.45
2025-06-27 06:49:35,362 [icarl.py] => Task 8, Epoch 189/200 => Loss 1.854, Loss_clf 0.085, Loss_kd 1.768, Loss_kernel 0.001, Train_accy 97.73
2025-06-27 06:49:47,058 [icarl.py] => Task 8, Epoch 190/200 => Loss 1.840, Loss_clf 0.089, Loss_kd 1.751, Loss_kernel 0.001, Train_accy 97.69
2025-06-27 06:50:12,753 [icarl.py] => Task 8, Epoch 191/200 => Loss 1.850, Loss_clf 0.092, Loss_kd 1.758, Loss_kernel 0.001, Train_accy 97.94, Test_accy {'Art': 20.18, 'Clipart': 38.44, 'Real World': 33.23, 'Product': 31.38}
2025-06-27 06:50:24,407 [icarl.py] => Task 8, Epoch 192/200 => Loss 1.862, Loss_clf 0.102, Loss_kd 1.760, Loss_kernel 0.001, Train_accy 97.38
2025-06-27 06:50:35,921 [icarl.py] => Task 8, Epoch 193/200 => Loss 1.837, Loss_clf 0.091, Loss_kd 1.745, Loss_kernel 0.001, Train_accy 97.52
2025-06-27 06:50:47,193 [icarl.py] => Task 8, Epoch 194/200 => Loss 1.860, Loss_clf 0.086, Loss_kd 1.773, Loss_kernel 0.001, Train_accy 98.09
2025-06-27 06:50:59,146 [icarl.py] => Task 8, Epoch 195/200 => Loss 1.863, Loss_clf 0.081, Loss_kd 1.780, Loss_kernel 0.001, Train_accy 98.09
2025-06-27 06:51:25,488 [icarl.py] => Task 8, Epoch 196/200 => Loss 1.881, Loss_clf 0.086, Loss_kd 1.795, Loss_kernel 0.001, Train_accy 98.09, Test_accy {'Art': 19.3, 'Clipart': 38.27, 'Real World': 32.74, 'Product': 30.29}
2025-06-27 06:51:38,403 [icarl.py] => Task 8, Epoch 197/200 => Loss 1.850, Loss_clf 0.088, Loss_kd 1.761, Loss_kernel 0.001, Train_accy 97.68
2025-06-27 06:51:50,303 [icarl.py] => Task 8, Epoch 198/200 => Loss 1.856, Loss_clf 0.083, Loss_kd 1.772, Loss_kernel 0.001, Train_accy 97.84
2025-06-27 06:52:03,083 [icarl.py] => Task 8, Epoch 199/200 => Loss 1.918, Loss_clf 0.119, Loss_kd 1.798, Loss_kernel 0.001, Train_accy 96.92
2025-06-27 06:52:15,376 [icarl.py] => Task 8, Epoch 200/200 => Loss 1.860, Loss_clf 0.094, Loss_kd 1.765, Loss_kernel 0.001, Train_accy 97.64
2025-06-27 06:52:15,379 [base.py] => Reducing exemplars...(28 per classes)
2025-06-27 06:52:43,907 [base.py] => Constructing exemplars...(28 per classes)
2025-06-27 06:53:24,456 [icarl.py] => Exemplar size: 1260
2025-06-27 06:53:25,525 [trainer.py] => CNN [Art]: {'total': 20.18, '00-04': 42.11, '05-09': 23.53, '10-14': 27.03, '15-19': 18.52, '20-24': 18.42, '25-29': 5.88, '30-34': 16.36, '35-39': 7.32, '40-44': 23.68, 'old': 19.74, 'new': 23.68}
2025-06-27 06:53:25,525 [trainer.py] => NME [Art]: {'total': 20.47, '00-04': 28.95, '05-09': 23.53, '10-14': 24.32, '15-19': 14.81, '20-24': 15.79, '25-29': 11.76, '30-34': 27.27, '35-39': 12.2, '40-44': 21.05, 'old': 20.39, 'new': 21.05}
2025-06-27 06:53:25,525 [trainer.py] => CNN [Art] top1 curve: [63.16, 52.78, 50.46, 42.65, 35.63, 28.85, 27.76, 26.97, 20.18]
2025-06-27 06:53:25,526 [trainer.py] => CNN [Art] top5 curve: [97.37, 83.33, 73.39, 72.79, 61.49, 55.77, 53.99, 52.63, 43.27]
2025-06-27 06:53:25,526 [trainer.py] => NME [Art] top1 curve: [71.05, 61.11, 51.38, 44.85, 41.95, 33.17, 33.08, 29.28, 20.47]
2025-06-27 06:53:25,526 [trainer.py] => NME [Art] top5 curve: [100.0, 86.11, 77.06, 72.06, 70.11, 60.1, 58.56, 57.57, 47.08]
2025-06-27 06:53:25,526 [trainer.py] => Average Accuracy [Art] (CNN): 38.715555555555554
2025-06-27 06:53:25,526 [trainer.py] => Average Accuracy [Art] (NME): 42.92666666666667
2025-06-27 06:53:25,526 [trainer.py] => CNN [Clipart]: {'total': 40.6, '00-04': 48.72, '05-09': 46.77, '10-14': 39.39, '15-19': 52.83, '20-24': 32.58, '25-29': 20.97, '30-34': 35.94, '35-39': 24.59, '40-44': 65.15, 'old': 37.57, 'new': 65.15}
2025-06-27 06:53:25,527 [trainer.py] => NME [Clipart]: {'total': 43.59, '00-04': 47.44, '05-09': 43.55, '10-14': 40.91, '15-19': 56.6, '20-24': 38.2, '25-29': 25.81, '30-34': 45.31, '35-39': 31.15, '40-44': 65.15, 'old': 40.93, 'new': 65.15}
2025-06-27 06:53:25,527 [trainer.py] => CNN [Clipart] top1 curve: [70.51, 64.29, 68.93, 67.18, 60.63, 55.85, 52.11, 46.17, 40.6]
2025-06-27 06:53:25,527 [trainer.py] => CNN [Clipart] top5 curve: [100.0, 91.43, 87.86, 84.56, 81.9, 78.05, 73.84, 68.79, 64.06]
2025-06-27 06:53:25,527 [trainer.py] => NME [Clipart] top1 curve: [69.23, 67.14, 72.33, 68.34, 62.07, 56.1, 55.27, 47.48, 43.59]
2025-06-27 06:53:25,527 [trainer.py] => NME [Clipart] top5 curve: [100.0, 92.14, 88.83, 84.94, 84.77, 79.51, 77.22, 73.64, 66.06]
2025-06-27 06:53:25,527 [trainer.py] => Average Accuracy [Clipart] (CNN): 58.474444444444444
2025-06-27 06:53:25,527 [trainer.py] => Average Accuracy [Clipart] (NME): 60.17222222222222
2025-06-27 06:53:25,528 [trainer.py] => CNN [Product]: {'total': 31.84, '00-04': 43.53, '05-09': 41.25, '10-14': 45.16, '15-19': 25.97, '20-24': 26.23, '25-29': 22.78, '30-34': 13.43, '35-39': 10.61, '40-44': 54.29, 'old': 29.12, 'new': 54.29}
2025-06-27 06:53:25,528 [trainer.py] => NME [Product]: {'total': 33.85, '00-04': 31.76, '05-09': 41.25, '10-14': 48.39, '15-19': 28.57, '20-24': 36.07, '25-29': 31.65, '30-34': 26.87, '35-39': 15.15, '40-44': 45.71, 'old': 32.41, 'new': 45.71}
2025-06-27 06:53:25,528 [trainer.py] => CNN [Product] top1 curve: [70.59, 53.33, 53.3, 47.37, 45.75, 42.57, 40.9, 37.61, 31.84]
2025-06-27 06:53:25,528 [trainer.py] => CNN [Product] top5 curve: [98.82, 87.27, 83.26, 79.28, 76.99, 73.87, 73.58, 66.9, 60.28]
2025-06-27 06:53:25,528 [trainer.py] => NME [Product] top1 curve: [69.41, 56.97, 55.07, 46.05, 45.75, 45.72, 41.88, 37.26, 33.85]
2025-06-27 06:53:25,528 [trainer.py] => NME [Product] top5 curve: [100.0, 94.55, 88.55, 84.21, 80.27, 76.35, 74.95, 70.71, 61.98]
2025-06-27 06:53:25,528 [trainer.py] => Average Accuracy [Product] (CNN): 47.028888888888886
2025-06-27 06:53:25,529 [trainer.py] => Average Accuracy [Product] (NME): 47.995555555555555
2025-06-27 06:53:25,529 [trainer.py] => CNN [Real World]: {'total': 34.84, '00-04': 39.73, '05-09': 41.18, '10-14': 36.11, '15-19': 35.82, '20-24': 20.0, '25-29': 33.77, '30-34': 37.33, '35-39': 23.73, '40-44': 43.75, 'old': 33.81, 'new': 43.75}
2025-06-27 06:53:25,529 [trainer.py] => NME [Real World]: {'total': 37.58, '00-04': 31.51, '05-09': 47.06, '10-14': 37.5, '15-19': 35.82, '20-24': 18.46, '25-29': 42.86, '30-34': 52.0, '35-39': 30.51, '40-44': 39.06, 'old': 37.41, 'new': 39.06}
2025-06-27 06:53:25,529 [trainer.py] => CNN [Real World] top1 curve: [69.86, 63.83, 55.4, 48.93, 44.64, 42.89, 44.87, 42.81, 34.84]
2025-06-27 06:53:25,529 [trainer.py] => CNN [Real World] top5 curve: [98.63, 92.2, 81.69, 77.5, 74.2, 71.8, 72.03, 67.27, 59.19]
2025-06-27 06:53:25,529 [trainer.py] => NME [Real World] top1 curve: [71.23, 60.28, 56.81, 52.86, 48.7, 45.5, 48.29, 44.24, 37.58]
2025-06-27 06:53:25,529 [trainer.py] => NME [Real World] top5 curve: [100.0, 94.33, 87.32, 82.86, 80.29, 77.73, 75.05, 71.22, 63.06]
2025-06-27 06:53:25,529 [trainer.py] => Average Accuracy [Real World] (CNN): 49.785555555555554
2025-06-27 06:53:25,530 [trainer.py] => Average Accuracy [Real World] (NME): 51.721111111111114
2025-06-27 06:53:25,530 [trainer.py] => NME Harmonic Mean : 33.8650
2025-06-27 06:53:25,530 [trainer.py] => NME Macro Mean : 33.8725
2025-06-27 06:53:25,530 [trainer.py] => CNN Harmonic Mean : 31.8567
2025-06-27 06:53:25,530 [trainer.py] => CNN Macro Mean : 31.8650
2025-06-27 06:53:25,531 [trainer.py] => All params: 21312887
2025-06-27 06:53:25,532 [trainer.py] => Trainable params: 21312887
2025-06-27 06:53:25,534 [icarl.py] => Learning on 45-50
2025-06-27 06:53:57,284 [icarl.py] => Task 9, Epoch 1/200 => Loss 5.536, Loss_clf 2.611, Loss_kd 2.921, Loss_kernel 0.003, Train_accy 35.85, Test_accy {'Art': 7.14, 'Clipart': 11.58, 'Real World': 9.83, 'Product': 8.91}
2025-06-27 06:54:11,615 [icarl.py] => Task 9, Epoch 2/200 => Loss 6.352, Loss_clf 2.984, Loss_kd 3.363, Loss_kernel 0.005, Train_accy 24.18
2025-06-27 06:54:25,996 [icarl.py] => Task 9, Epoch 3/200 => Loss 5.536, Loss_clf 2.405, Loss_kd 3.128, Loss_kernel 0.004, Train_accy 35.54
2025-06-27 06:54:41,878 [icarl.py] => Task 9, Epoch 4/200 => Loss 5.093, Loss_clf 2.124, Loss_kd 2.966, Loss_kernel 0.003, Train_accy 41.35
2025-06-27 06:54:55,814 [icarl.py] => Task 9, Epoch 5/200 => Loss 4.966, Loss_clf 2.036, Loss_kd 2.927, Loss_kernel 0.003, Train_accy 44.55
2025-06-27 06:55:26,726 [icarl.py] => Task 9, Epoch 6/200 => Loss 4.730, Loss_clf 1.866, Loss_kd 2.861, Loss_kernel 0.004, Train_accy 46.29, Test_accy {'Art': 15.82, 'Clipart': 29.32, 'Real World': 23.7, 'Product': 22.7}
2025-06-27 06:55:42,240 [icarl.py] => Task 9, Epoch 7/200 => Loss 4.436, Loss_clf 1.673, Loss_kd 2.760, Loss_kernel 0.003, Train_accy 51.92
2025-06-27 06:55:57,263 [icarl.py] => Task 9, Epoch 8/200 => Loss 4.412, Loss_clf 1.639, Loss_kd 2.769, Loss_kernel 0.003, Train_accy 50.92
2025-06-27 06:56:11,895 [icarl.py] => Task 9, Epoch 9/200 => Loss 4.292, Loss_clf 1.544, Loss_kd 2.746, Loss_kernel 0.003, Train_accy 55.84
2025-06-27 06:56:28,939 [icarl.py] => Task 9, Epoch 10/200 => Loss 4.128, Loss_clf 1.435, Loss_kd 2.690, Loss_kernel 0.003, Train_accy 59.35
2025-06-27 06:57:00,979 [icarl.py] => Task 9, Epoch 11/200 => Loss 4.003, Loss_clf 1.352, Loss_kd 2.647, Loss_kernel 0.003, Train_accy 61.23, Test_accy {'Art': 17.09, 'Clipart': 33.08, 'Real World': 26.45, 'Product': 22.01}
2025-06-27 06:57:17,137 [icarl.py] => Task 9, Epoch 12/200 => Loss 3.962, Loss_clf 1.295, Loss_kd 2.663, Loss_kernel 0.003, Train_accy 62.58
2025-06-27 06:57:32,244 [icarl.py] => Task 9, Epoch 13/200 => Loss 3.799, Loss_clf 1.186, Loss_kd 2.611, Loss_kernel 0.003, Train_accy 65.36
2025-06-27 06:57:47,814 [icarl.py] => Task 9, Epoch 14/200 => Loss 3.822, Loss_clf 1.205, Loss_kd 2.614, Loss_kernel 0.003, Train_accy 66.26
2025-06-27 06:58:02,882 [icarl.py] => Task 9, Epoch 15/200 => Loss 3.617, Loss_clf 1.073, Loss_kd 2.542, Loss_kernel 0.003, Train_accy 67.90
2025-06-27 06:58:33,308 [icarl.py] => Task 9, Epoch 16/200 => Loss 3.504, Loss_clf 0.988, Loss_kd 2.513, Loss_kernel 0.003, Train_accy 72.70, Test_accy {'Art': 17.6, 'Clipart': 36.69, 'Real World': 27.46, 'Product': 23.4}
2025-06-27 06:58:47,887 [icarl.py] => Task 9, Epoch 17/200 => Loss 3.562, Loss_clf 1.015, Loss_kd 2.544, Loss_kernel 0.003, Train_accy 71.20
2025-06-27 06:59:03,471 [icarl.py] => Task 9, Epoch 18/200 => Loss 3.471, Loss_clf 0.957, Loss_kd 2.512, Loss_kernel 0.003, Train_accy 73.07
2025-06-27 06:59:18,793 [icarl.py] => Task 9, Epoch 19/200 => Loss 3.570, Loss_clf 1.013, Loss_kd 2.554, Loss_kernel 0.003, Train_accy 70.48
2025-06-27 06:59:34,141 [icarl.py] => Task 9, Epoch 20/200 => Loss 3.433, Loss_clf 0.895, Loss_kd 2.536, Loss_kernel 0.003, Train_accy 73.69
2025-06-27 07:00:04,786 [icarl.py] => Task 9, Epoch 21/200 => Loss 3.414, Loss_clf 0.895, Loss_kd 2.517, Loss_kernel 0.003, Train_accy 74.88, Test_accy {'Art': 19.13, 'Clipart': 35.34, 'Real World': 27.75, 'Product': 21.87}
2025-06-27 07:00:20,792 [icarl.py] => Task 9, Epoch 22/200 => Loss 3.386, Loss_clf 0.881, Loss_kd 2.502, Loss_kernel 0.003, Train_accy 75.96
2025-06-27 07:00:34,169 [icarl.py] => Task 9, Epoch 23/200 => Loss 3.330, Loss_clf 0.852, Loss_kd 2.475, Loss_kernel 0.003, Train_accy 76.03
2025-06-27 07:00:49,011 [icarl.py] => Task 9, Epoch 24/200 => Loss 3.274, Loss_clf 0.782, Loss_kd 2.490, Loss_kernel 0.003, Train_accy 77.40
2025-06-27 07:01:03,166 [icarl.py] => Task 9, Epoch 25/200 => Loss 3.244, Loss_clf 0.780, Loss_kd 2.462, Loss_kernel 0.003, Train_accy 77.42
2025-06-27 07:01:33,188 [icarl.py] => Task 9, Epoch 26/200 => Loss 3.162, Loss_clf 0.731, Loss_kd 2.429, Loss_kernel 0.002, Train_accy 78.02, Test_accy {'Art': 20.66, 'Clipart': 35.64, 'Real World': 30.64, 'Product': 26.88}
2025-06-27 07:01:49,102 [icarl.py] => Task 9, Epoch 27/200 => Loss 3.165, Loss_clf 0.709, Loss_kd 2.454, Loss_kernel 0.003, Train_accy 78.77
2025-06-27 07:02:01,180 [icarl.py] => Task 9, Epoch 28/200 => Loss 3.069, Loss_clf 0.651, Loss_kd 2.415, Loss_kernel 0.002, Train_accy 82.18
2025-06-27 07:02:15,696 [icarl.py] => Task 9, Epoch 29/200 => Loss 3.224, Loss_clf 0.766, Loss_kd 2.456, Loss_kernel 0.003, Train_accy 77.93
2025-06-27 07:02:30,791 [icarl.py] => Task 9, Epoch 30/200 => Loss 3.158, Loss_clf 0.707, Loss_kd 2.449, Loss_kernel 0.002, Train_accy 79.33
2025-06-27 07:03:00,694 [icarl.py] => Task 9, Epoch 31/200 => Loss 3.154, Loss_clf 0.715, Loss_kd 2.437, Loss_kernel 0.002, Train_accy 80.13, Test_accy {'Art': 18.11, 'Clipart': 37.44, 'Real World': 30.2, 'Product': 24.23}
2025-06-27 07:03:15,380 [icarl.py] => Task 9, Epoch 32/200 => Loss 3.190, Loss_clf 0.737, Loss_kd 2.450, Loss_kernel 0.002, Train_accy 78.12
2025-06-27 07:03:29,581 [icarl.py] => Task 9, Epoch 33/200 => Loss 3.062, Loss_clf 0.663, Loss_kd 2.397, Loss_kernel 0.002, Train_accy 81.18
2025-06-27 07:03:44,629 [icarl.py] => Task 9, Epoch 34/200 => Loss 3.097, Loss_clf 0.661, Loss_kd 2.434, Loss_kernel 0.002, Train_accy 82.68
2025-06-27 07:03:59,338 [icarl.py] => Task 9, Epoch 35/200 => Loss 3.013, Loss_clf 0.606, Loss_kd 2.406, Loss_kernel 0.002, Train_accy 82.73
2025-06-27 07:04:28,596 [icarl.py] => Task 9, Epoch 36/200 => Loss 3.037, Loss_clf 0.622, Loss_kd 2.413, Loss_kernel 0.002, Train_accy 82.13, Test_accy {'Art': 20.41, 'Clipart': 35.19, 'Real World': 27.89, 'Product': 25.35}
2025-06-27 07:04:42,905 [icarl.py] => Task 9, Epoch 37/200 => Loss 3.018, Loss_clf 0.612, Loss_kd 2.404, Loss_kernel 0.002, Train_accy 82.78
2025-06-27 07:04:58,755 [icarl.py] => Task 9, Epoch 38/200 => Loss 3.014, Loss_clf 0.609, Loss_kd 2.403, Loss_kernel 0.002, Train_accy 83.62
2025-06-27 07:05:13,616 [icarl.py] => Task 9, Epoch 39/200 => Loss 2.967, Loss_clf 0.586, Loss_kd 2.379, Loss_kernel 0.002, Train_accy 83.98
2025-06-27 07:05:28,378 [icarl.py] => Task 9, Epoch 40/200 => Loss 3.050, Loss_clf 0.642, Loss_kd 2.406, Loss_kernel 0.002, Train_accy 81.70
2025-06-27 07:05:58,244 [icarl.py] => Task 9, Epoch 41/200 => Loss 3.006, Loss_clf 0.601, Loss_kd 2.402, Loss_kernel 0.002, Train_accy 82.72, Test_accy {'Art': 18.37, 'Clipart': 38.35, 'Real World': 29.19, 'Product': 27.3}
2025-06-27 07:06:12,678 [icarl.py] => Task 9, Epoch 42/200 => Loss 2.965, Loss_clf 0.573, Loss_kd 2.390, Loss_kernel 0.002, Train_accy 83.45
2025-06-27 07:06:27,719 [icarl.py] => Task 9, Epoch 43/200 => Loss 2.968, Loss_clf 0.579, Loss_kd 2.387, Loss_kernel 0.002, Train_accy 83.96
2025-06-27 07:06:42,946 [icarl.py] => Task 9, Epoch 44/200 => Loss 2.972, Loss_clf 0.578, Loss_kd 2.391, Loss_kernel 0.002, Train_accy 84.02
2025-06-27 07:06:56,891 [icarl.py] => Task 9, Epoch 45/200 => Loss 2.864, Loss_clf 0.520, Loss_kd 2.343, Loss_kernel 0.002, Train_accy 86.11
2025-06-27 07:07:25,809 [icarl.py] => Task 9, Epoch 46/200 => Loss 2.925, Loss_clf 0.538, Loss_kd 2.385, Loss_kernel 0.002, Train_accy 85.65, Test_accy {'Art': 21.43, 'Clipart': 35.64, 'Real World': 32.8, 'Product': 26.88}
2025-06-27 07:07:40,824 [icarl.py] => Task 9, Epoch 47/200 => Loss 2.961, Loss_clf 0.562, Loss_kd 2.396, Loss_kernel 0.002, Train_accy 85.00
2025-06-27 07:07:55,059 [icarl.py] => Task 9, Epoch 48/200 => Loss 2.876, Loss_clf 0.522, Loss_kd 2.352, Loss_kernel 0.002, Train_accy 85.90
2025-06-27 07:08:09,038 [icarl.py] => Task 9, Epoch 49/200 => Loss 2.921, Loss_clf 0.528, Loss_kd 2.391, Loss_kernel 0.002, Train_accy 85.37
2025-06-27 07:08:23,727 [icarl.py] => Task 9, Epoch 50/200 => Loss 2.951, Loss_clf 0.554, Loss_kd 2.395, Loss_kernel 0.002, Train_accy 84.78
2025-06-27 07:08:54,923 [icarl.py] => Task 9, Epoch 51/200 => Loss 2.840, Loss_clf 0.512, Loss_kd 2.326, Loss_kernel 0.002, Train_accy 85.71, Test_accy {'Art': 18.62, 'Clipart': 36.54, 'Real World': 31.79, 'Product': 28.27}
2025-06-27 07:09:08,633 [icarl.py] => Task 9, Epoch 52/200 => Loss 2.875, Loss_clf 0.514, Loss_kd 2.360, Loss_kernel 0.002, Train_accy 86.15
2025-06-27 07:09:22,582 [icarl.py] => Task 9, Epoch 53/200 => Loss 2.824, Loss_clf 0.476, Loss_kd 2.346, Loss_kernel 0.002, Train_accy 86.76
2025-06-27 07:09:36,299 [icarl.py] => Task 9, Epoch 54/200 => Loss 2.790, Loss_clf 0.472, Loss_kd 2.317, Loss_kernel 0.002, Train_accy 87.43
2025-06-27 07:09:50,005 [icarl.py] => Task 9, Epoch 55/200 => Loss 2.834, Loss_clf 0.475, Loss_kd 2.356, Loss_kernel 0.002, Train_accy 87.30
2025-06-27 07:10:21,568 [icarl.py] => Task 9, Epoch 56/200 => Loss 2.827, Loss_clf 0.488, Loss_kd 2.337, Loss_kernel 0.002, Train_accy 86.42, Test_accy {'Art': 18.37, 'Clipart': 35.94, 'Real World': 30.2, 'Product': 27.3}
2025-06-27 07:10:35,861 [icarl.py] => Task 9, Epoch 57/200 => Loss 2.832, Loss_clf 0.471, Loss_kd 2.359, Loss_kernel 0.002, Train_accy 87.41
2025-06-27 07:10:49,828 [icarl.py] => Task 9, Epoch 58/200 => Loss 2.787, Loss_clf 0.459, Loss_kd 2.325, Loss_kernel 0.002, Train_accy 87.50
2025-06-27 07:11:04,439 [icarl.py] => Task 9, Epoch 59/200 => Loss 2.760, Loss_clf 0.430, Loss_kd 2.328, Loss_kernel 0.002, Train_accy 87.68
2025-06-27 07:11:19,707 [icarl.py] => Task 9, Epoch 60/200 => Loss 2.764, Loss_clf 0.442, Loss_kd 2.319, Loss_kernel 0.002, Train_accy 87.47
2025-06-27 07:11:50,967 [icarl.py] => Task 9, Epoch 61/200 => Loss 2.816, Loss_clf 0.465, Loss_kd 2.349, Loss_kernel 0.002, Train_accy 87.06, Test_accy {'Art': 20.41, 'Clipart': 38.5, 'Real World': 31.65, 'Product': 32.73}
2025-06-27 07:12:04,413 [icarl.py] => Task 9, Epoch 62/200 => Loss 2.805, Loss_clf 0.475, Loss_kd 2.328, Loss_kernel 0.002, Train_accy 86.67
2025-06-27 07:12:18,955 [icarl.py] => Task 9, Epoch 63/200 => Loss 2.801, Loss_clf 0.458, Loss_kd 2.341, Loss_kernel 0.002, Train_accy 87.27
2025-06-27 07:12:32,833 [icarl.py] => Task 9, Epoch 64/200 => Loss 2.761, Loss_clf 0.433, Loss_kd 2.326, Loss_kernel 0.002, Train_accy 88.23
2025-06-27 07:12:47,305 [icarl.py] => Task 9, Epoch 65/200 => Loss 2.787, Loss_clf 0.450, Loss_kd 2.335, Loss_kernel 0.002, Train_accy 88.04
2025-06-27 07:13:17,778 [icarl.py] => Task 9, Epoch 66/200 => Loss 2.786, Loss_clf 0.427, Loss_kd 2.358, Loss_kernel 0.002, Train_accy 88.50, Test_accy {'Art': 21.17, 'Clipart': 39.25, 'Real World': 33.53, 'Product': 31.2}
2025-06-27 07:13:30,820 [icarl.py] => Task 9, Epoch 67/200 => Loss 2.777, Loss_clf 0.444, Loss_kd 2.331, Loss_kernel 0.002, Train_accy 87.91
2025-06-27 07:13:45,145 [icarl.py] => Task 9, Epoch 68/200 => Loss 2.802, Loss_clf 0.470, Loss_kd 2.330, Loss_kernel 0.002, Train_accy 86.91
2025-06-27 07:13:59,657 [icarl.py] => Task 9, Epoch 69/200 => Loss 2.754, Loss_clf 0.418, Loss_kd 2.334, Loss_kernel 0.002, Train_accy 88.04
2025-06-27 07:14:13,726 [icarl.py] => Task 9, Epoch 70/200 => Loss 2.708, Loss_clf 0.406, Loss_kd 2.300, Loss_kernel 0.002, Train_accy 88.82
2025-06-27 07:14:41,429 [icarl.py] => Task 9, Epoch 71/200 => Loss 2.708, Loss_clf 0.406, Loss_kd 2.301, Loss_kernel 0.002, Train_accy 89.07, Test_accy {'Art': 20.66, 'Clipart': 39.4, 'Real World': 30.78, 'Product': 28.83}
2025-06-27 07:14:54,531 [icarl.py] => Task 9, Epoch 72/200 => Loss 2.668, Loss_clf 0.395, Loss_kd 2.271, Loss_kernel 0.002, Train_accy 89.56
2025-06-27 07:15:06,883 [icarl.py] => Task 9, Epoch 73/200 => Loss 2.742, Loss_clf 0.424, Loss_kd 2.316, Loss_kernel 0.002, Train_accy 88.39
2025-06-27 07:15:21,111 [icarl.py] => Task 9, Epoch 74/200 => Loss 2.776, Loss_clf 0.447, Loss_kd 2.328, Loss_kernel 0.002, Train_accy 88.42
2025-06-27 07:15:34,809 [icarl.py] => Task 9, Epoch 75/200 => Loss 2.678, Loss_clf 0.385, Loss_kd 2.291, Loss_kernel 0.002, Train_accy 89.74
2025-06-27 07:16:05,065 [icarl.py] => Task 9, Epoch 76/200 => Loss 2.724, Loss_clf 0.422, Loss_kd 2.300, Loss_kernel 0.002, Train_accy 88.46, Test_accy {'Art': 19.39, 'Clipart': 38.2, 'Real World': 33.53, 'Product': 30.64}
2025-06-27 07:16:20,019 [icarl.py] => Task 9, Epoch 77/200 => Loss 2.717, Loss_clf 0.404, Loss_kd 2.311, Loss_kernel 0.002, Train_accy 89.86
2025-06-27 07:16:35,869 [icarl.py] => Task 9, Epoch 78/200 => Loss 2.766, Loss_clf 0.439, Loss_kd 2.325, Loss_kernel 0.002, Train_accy 87.17
2025-06-27 07:16:49,762 [icarl.py] => Task 9, Epoch 79/200 => Loss 2.745, Loss_clf 0.422, Loss_kd 2.321, Loss_kernel 0.002, Train_accy 89.35
2025-06-27 07:17:04,079 [icarl.py] => Task 9, Epoch 80/200 => Loss 2.690, Loss_clf 0.390, Loss_kd 2.298, Loss_kernel 0.002, Train_accy 89.04
2025-06-27 07:17:32,934 [icarl.py] => Task 9, Epoch 81/200 => Loss 2.648, Loss_clf 0.376, Loss_kd 2.270, Loss_kernel 0.002, Train_accy 88.94, Test_accy {'Art': 21.43, 'Clipart': 38.65, 'Real World': 31.21, 'Product': 29.67}
2025-06-27 07:17:46,285 [icarl.py] => Task 9, Epoch 82/200 => Loss 2.657, Loss_clf 0.373, Loss_kd 2.282, Loss_kernel 0.002, Train_accy 89.81
2025-06-27 07:17:59,194 [icarl.py] => Task 9, Epoch 83/200 => Loss 2.562, Loss_clf 0.317, Loss_kd 2.244, Loss_kernel 0.002, Train_accy 91.48
2025-06-27 07:18:12,422 [icarl.py] => Task 9, Epoch 84/200 => Loss 2.607, Loss_clf 0.332, Loss_kd 2.273, Loss_kernel 0.001, Train_accy 91.22
2025-06-27 07:18:25,792 [icarl.py] => Task 9, Epoch 85/200 => Loss 2.560, Loss_clf 0.319, Loss_kd 2.240, Loss_kernel 0.002, Train_accy 91.19
2025-06-27 07:18:54,148 [icarl.py] => Task 9, Epoch 86/200 => Loss 2.633, Loss_clf 0.358, Loss_kd 2.273, Loss_kernel 0.001, Train_accy 89.80, Test_accy {'Art': 21.43, 'Clipart': 40.6, 'Real World': 32.66, 'Product': 29.81}
2025-06-27 07:19:06,201 [icarl.py] => Task 9, Epoch 87/200 => Loss 2.626, Loss_clf 0.343, Loss_kd 2.281, Loss_kernel 0.001, Train_accy 91.08
2025-06-27 07:19:19,428 [icarl.py] => Task 9, Epoch 88/200 => Loss 2.594, Loss_clf 0.321, Loss_kd 2.272, Loss_kernel 0.002, Train_accy 91.40
2025-06-27 07:19:33,255 [icarl.py] => Task 9, Epoch 89/200 => Loss 2.641, Loss_clf 0.355, Loss_kd 2.285, Loss_kernel 0.001, Train_accy 90.21
2025-06-27 07:19:47,362 [icarl.py] => Task 9, Epoch 90/200 => Loss 2.597, Loss_clf 0.332, Loss_kd 2.264, Loss_kernel 0.002, Train_accy 91.33
2025-06-27 07:20:16,496 [icarl.py] => Task 9, Epoch 91/200 => Loss 2.538, Loss_clf 0.306, Loss_kd 2.230, Loss_kernel 0.001, Train_accy 92.04, Test_accy {'Art': 20.15, 'Clipart': 37.14, 'Real World': 32.95, 'Product': 25.21}
2025-06-27 07:20:29,269 [icarl.py] => Task 9, Epoch 92/200 => Loss 2.576, Loss_clf 0.320, Loss_kd 2.255, Loss_kernel 0.001, Train_accy 91.38
2025-06-27 07:20:42,693 [icarl.py] => Task 9, Epoch 93/200 => Loss 2.549, Loss_clf 0.290, Loss_kd 2.258, Loss_kernel 0.001, Train_accy 92.48
2025-06-27 07:20:55,115 [icarl.py] => Task 9, Epoch 94/200 => Loss 2.579, Loss_clf 0.319, Loss_kd 2.258, Loss_kernel 0.001, Train_accy 91.36
2025-06-27 07:21:07,412 [icarl.py] => Task 9, Epoch 95/200 => Loss 2.559, Loss_clf 0.307, Loss_kd 2.251, Loss_kernel 0.001, Train_accy 92.01
2025-06-27 07:21:37,588 [icarl.py] => Task 9, Epoch 96/200 => Loss 2.641, Loss_clf 0.366, Loss_kd 2.274, Loss_kernel 0.001, Train_accy 90.05, Test_accy {'Art': 20.15, 'Clipart': 37.14, 'Real World': 33.38, 'Product': 30.78}
2025-06-27 07:21:49,979 [icarl.py] => Task 9, Epoch 97/200 => Loss 2.578, Loss_clf 0.299, Loss_kd 2.278, Loss_kernel 0.001, Train_accy 91.93
2025-06-27 07:22:01,883 [icarl.py] => Task 9, Epoch 98/200 => Loss 2.518, Loss_clf 0.278, Loss_kd 2.239, Loss_kernel 0.001, Train_accy 92.33
2025-06-27 07:22:14,163 [icarl.py] => Task 9, Epoch 99/200 => Loss 2.552, Loss_clf 0.285, Loss_kd 2.266, Loss_kernel 0.001, Train_accy 92.93
2025-06-27 07:22:26,281 [icarl.py] => Task 9, Epoch 100/200 => Loss 2.553, Loss_clf 0.287, Loss_kd 2.265, Loss_kernel 0.001, Train_accy 92.12
2025-06-27 07:22:54,971 [icarl.py] => Task 9, Epoch 101/200 => Loss 2.502, Loss_clf 0.275, Loss_kd 2.226, Loss_kernel 0.001, Train_accy 93.12, Test_accy {'Art': 20.92, 'Clipart': 39.1, 'Real World': 34.54, 'Product': 33.01}
2025-06-27 07:23:08,300 [icarl.py] => Task 9, Epoch 102/200 => Loss 2.498, Loss_clf 0.276, Loss_kd 2.220, Loss_kernel 0.001, Train_accy 93.10
2025-06-27 07:23:20,603 [icarl.py] => Task 9, Epoch 103/200 => Loss 2.502, Loss_clf 0.272, Loss_kd 2.228, Loss_kernel 0.001, Train_accy 93.14
2025-06-27 07:23:33,783 [icarl.py] => Task 9, Epoch 104/200 => Loss 2.539, Loss_clf 0.303, Loss_kd 2.235, Loss_kernel 0.001, Train_accy 92.47
2025-06-27 07:23:46,559 [icarl.py] => Task 9, Epoch 105/200 => Loss 2.490, Loss_clf 0.270, Loss_kd 2.219, Loss_kernel 0.001, Train_accy 92.71
2025-06-27 07:24:13,763 [icarl.py] => Task 9, Epoch 106/200 => Loss 2.506, Loss_clf 0.264, Loss_kd 2.241, Loss_kernel 0.001, Train_accy 92.92, Test_accy {'Art': 18.11, 'Clipart': 37.59, 'Real World': 32.95, 'Product': 27.02}
2025-06-27 07:24:27,187 [icarl.py] => Task 9, Epoch 107/200 => Loss 2.485, Loss_clf 0.249, Loss_kd 2.235, Loss_kernel 0.001, Train_accy 92.90
2025-06-27 07:24:40,365 [icarl.py] => Task 9, Epoch 108/200 => Loss 2.476, Loss_clf 0.267, Loss_kd 2.208, Loss_kernel 0.001, Train_accy 92.92
2025-06-27 07:24:52,779 [icarl.py] => Task 9, Epoch 109/200 => Loss 2.479, Loss_clf 0.242, Loss_kd 2.235, Loss_kernel 0.001, Train_accy 93.82
2025-06-27 07:25:06,112 [icarl.py] => Task 9, Epoch 110/200 => Loss 2.486, Loss_clf 0.250, Loss_kd 2.235, Loss_kernel 0.001, Train_accy 93.59
2025-06-27 07:25:34,081 [icarl.py] => Task 9, Epoch 111/200 => Loss 2.503, Loss_clf 0.260, Loss_kd 2.242, Loss_kernel 0.001, Train_accy 93.07, Test_accy {'Art': 23.21, 'Clipart': 39.25, 'Real World': 32.51, 'Product': 30.5}
2025-06-27 07:25:46,411 [icarl.py] => Task 9, Epoch 112/200 => Loss 2.466, Loss_clf 0.244, Loss_kd 2.221, Loss_kernel 0.001, Train_accy 94.02
2025-06-27 07:26:00,045 [icarl.py] => Task 9, Epoch 113/200 => Loss 2.470, Loss_clf 0.258, Loss_kd 2.211, Loss_kernel 0.001, Train_accy 93.41
2025-06-27 07:26:12,832 [icarl.py] => Task 9, Epoch 114/200 => Loss 2.462, Loss_clf 0.237, Loss_kd 2.224, Loss_kernel 0.001, Train_accy 93.55
2025-06-27 07:26:26,157 [icarl.py] => Task 9, Epoch 115/200 => Loss 2.428, Loss_clf 0.227, Loss_kd 2.200, Loss_kernel 0.001, Train_accy 94.13
2025-06-27 07:26:57,417 [icarl.py] => Task 9, Epoch 116/200 => Loss 2.431, Loss_clf 0.240, Loss_kd 2.189, Loss_kernel 0.001, Train_accy 93.84, Test_accy {'Art': 19.13, 'Clipart': 39.7, 'Real World': 31.79, 'Product': 31.2}
2025-06-27 07:27:10,599 [icarl.py] => Task 9, Epoch 117/200 => Loss 2.457, Loss_clf 0.245, Loss_kd 2.211, Loss_kernel 0.001, Train_accy 93.76
2025-06-27 07:27:22,213 [icarl.py] => Task 9, Epoch 118/200 => Loss 2.408, Loss_clf 0.210, Loss_kd 2.197, Loss_kernel 0.001, Train_accy 95.09
2025-06-27 07:27:34,667 [icarl.py] => Task 9, Epoch 119/200 => Loss 2.417, Loss_clf 0.222, Loss_kd 2.195, Loss_kernel 0.001, Train_accy 94.55
2025-06-27 07:27:48,397 [icarl.py] => Task 9, Epoch 120/200 => Loss 2.457, Loss_clf 0.239, Loss_kd 2.216, Loss_kernel 0.001, Train_accy 93.75
2025-06-27 07:28:16,388 [icarl.py] => Task 9, Epoch 121/200 => Loss 2.435, Loss_clf 0.225, Loss_kd 2.209, Loss_kernel 0.001, Train_accy 94.02, Test_accy {'Art': 23.98, 'Clipart': 37.59, 'Real World': 35.84, 'Product': 31.89}
2025-06-27 07:28:29,136 [icarl.py] => Task 9, Epoch 122/200 => Loss 2.449, Loss_clf 0.227, Loss_kd 2.221, Loss_kernel 0.001, Train_accy 94.19
2025-06-27 07:28:42,491 [icarl.py] => Task 9, Epoch 123/200 => Loss 2.427, Loss_clf 0.223, Loss_kd 2.203, Loss_kernel 0.001, Train_accy 94.10
2025-06-27 07:28:55,153 [icarl.py] => Task 9, Epoch 124/200 => Loss 2.385, Loss_clf 0.198, Loss_kd 2.186, Loss_kernel 0.001, Train_accy 94.93
2025-06-27 07:29:08,264 [icarl.py] => Task 9, Epoch 125/200 => Loss 2.416, Loss_clf 0.201, Loss_kd 2.214, Loss_kernel 0.001, Train_accy 95.01
2025-06-27 07:29:38,124 [icarl.py] => Task 9, Epoch 126/200 => Loss 2.423, Loss_clf 0.228, Loss_kd 2.194, Loss_kernel 0.001, Train_accy 94.05, Test_accy {'Art': 23.98, 'Clipart': 40.15, 'Real World': 35.26, 'Product': 32.31}
2025-06-27 07:29:51,223 [icarl.py] => Task 9, Epoch 127/200 => Loss 2.397, Loss_clf 0.201, Loss_kd 2.195, Loss_kernel 0.001, Train_accy 94.91
2025-06-27 07:30:03,209 [icarl.py] => Task 9, Epoch 128/200 => Loss 2.379, Loss_clf 0.204, Loss_kd 2.175, Loss_kernel 0.001, Train_accy 94.47
2025-06-27 07:30:15,649 [icarl.py] => Task 9, Epoch 129/200 => Loss 2.339, Loss_clf 0.171, Loss_kd 2.167, Loss_kernel 0.001, Train_accy 95.85
2025-06-27 07:30:27,758 [icarl.py] => Task 9, Epoch 130/200 => Loss 2.391, Loss_clf 0.185, Loss_kd 2.205, Loss_kernel 0.001, Train_accy 95.74
2025-06-27 07:30:56,313 [icarl.py] => Task 9, Epoch 131/200 => Loss 2.396, Loss_clf 0.194, Loss_kd 2.201, Loss_kernel 0.001, Train_accy 95.21, Test_accy {'Art': 22.19, 'Clipart': 40.45, 'Real World': 33.24, 'Product': 32.59}
2025-06-27 07:31:09,090 [icarl.py] => Task 9, Epoch 132/200 => Loss 2.326, Loss_clf 0.156, Loss_kd 2.169, Loss_kernel 0.001, Train_accy 96.44
2025-06-27 07:31:20,832 [icarl.py] => Task 9, Epoch 133/200 => Loss 2.379, Loss_clf 0.185, Loss_kd 2.193, Loss_kernel 0.001, Train_accy 95.58
2025-06-27 07:31:33,971 [icarl.py] => Task 9, Epoch 134/200 => Loss 2.388, Loss_clf 0.199, Loss_kd 2.188, Loss_kernel 0.001, Train_accy 95.07
2025-06-27 07:31:45,535 [icarl.py] => Task 9, Epoch 135/200 => Loss 2.317, Loss_clf 0.168, Loss_kd 2.148, Loss_kernel 0.001, Train_accy 95.88
2025-06-27 07:32:13,765 [icarl.py] => Task 9, Epoch 136/200 => Loss 2.366, Loss_clf 0.187, Loss_kd 2.177, Loss_kernel 0.001, Train_accy 95.05, Test_accy {'Art': 21.94, 'Clipart': 39.55, 'Real World': 33.82, 'Product': 31.89}
2025-06-27 07:32:26,844 [icarl.py] => Task 9, Epoch 137/200 => Loss 2.360, Loss_clf 0.190, Loss_kd 2.170, Loss_kernel 0.001, Train_accy 95.11
2025-06-27 07:32:39,702 [icarl.py] => Task 9, Epoch 138/200 => Loss 2.328, Loss_clf 0.176, Loss_kd 2.151, Loss_kernel 0.001, Train_accy 96.08
2025-06-27 07:32:52,544 [icarl.py] => Task 9, Epoch 139/200 => Loss 2.314, Loss_clf 0.155, Loss_kd 2.158, Loss_kernel 0.001, Train_accy 96.39
2025-06-27 07:33:04,868 [icarl.py] => Task 9, Epoch 140/200 => Loss 2.340, Loss_clf 0.178, Loss_kd 2.161, Loss_kernel 0.001, Train_accy 95.63
2025-06-27 07:33:32,623 [icarl.py] => Task 9, Epoch 141/200 => Loss 2.306, Loss_clf 0.150, Loss_kd 2.155, Loss_kernel 0.001, Train_accy 96.48, Test_accy {'Art': 22.19, 'Clipart': 40.15, 'Real World': 33.53, 'Product': 32.03}
2025-06-27 07:33:44,686 [icarl.py] => Task 9, Epoch 142/200 => Loss 2.319, Loss_clf 0.164, Loss_kd 2.154, Loss_kernel 0.001, Train_accy 96.04
2025-06-27 07:33:56,244 [icarl.py] => Task 9, Epoch 143/200 => Loss 2.287, Loss_clf 0.139, Loss_kd 2.146, Loss_kernel 0.001, Train_accy 96.96
2025-06-27 07:34:10,109 [icarl.py] => Task 9, Epoch 144/200 => Loss 2.315, Loss_clf 0.161, Loss_kd 2.154, Loss_kernel 0.001, Train_accy 95.76
2025-06-27 07:34:23,237 [icarl.py] => Task 9, Epoch 145/200 => Loss 2.296, Loss_clf 0.156, Loss_kd 2.139, Loss_kernel 0.001, Train_accy 95.78
2025-06-27 07:34:50,896 [icarl.py] => Task 9, Epoch 146/200 => Loss 2.330, Loss_clf 0.172, Loss_kd 2.157, Loss_kernel 0.001, Train_accy 95.79, Test_accy {'Art': 22.96, 'Clipart': 39.7, 'Real World': 35.84, 'Product': 33.98}
2025-06-27 07:35:03,066 [icarl.py] => Task 9, Epoch 147/200 => Loss 2.295, Loss_clf 0.146, Loss_kd 2.148, Loss_kernel 0.001, Train_accy 96.83
2025-06-27 07:35:14,458 [icarl.py] => Task 9, Epoch 148/200 => Loss 2.287, Loss_clf 0.140, Loss_kd 2.146, Loss_kernel 0.001, Train_accy 96.52
2025-06-27 07:35:26,193 [icarl.py] => Task 9, Epoch 149/200 => Loss 2.250, Loss_clf 0.123, Loss_kd 2.126, Loss_kernel 0.001, Train_accy 97.47
2025-06-27 07:35:37,251 [icarl.py] => Task 9, Epoch 150/200 => Loss 2.303, Loss_clf 0.154, Loss_kd 2.148, Loss_kernel 0.001, Train_accy 96.32
2025-06-27 07:36:04,527 [icarl.py] => Task 9, Epoch 151/200 => Loss 2.287, Loss_clf 0.147, Loss_kd 2.138, Loss_kernel 0.001, Train_accy 96.48, Test_accy {'Art': 21.94, 'Clipart': 41.05, 'Real World': 34.1, 'Product': 33.57}
2025-06-27 07:36:16,712 [icarl.py] => Task 9, Epoch 152/200 => Loss 2.297, Loss_clf 0.150, Loss_kd 2.146, Loss_kernel 0.001, Train_accy 96.33
2025-06-27 07:36:28,044 [icarl.py] => Task 9, Epoch 153/200 => Loss 2.290, Loss_clf 0.128, Loss_kd 2.161, Loss_kernel 0.001, Train_accy 97.17
2025-06-27 07:36:39,673 [icarl.py] => Task 9, Epoch 154/200 => Loss 2.268, Loss_clf 0.120, Loss_kd 2.147, Loss_kernel 0.001, Train_accy 97.25
2025-06-27 07:36:52,520 [icarl.py] => Task 9, Epoch 155/200 => Loss 2.280, Loss_clf 0.139, Loss_kd 2.140, Loss_kernel 0.001, Train_accy 96.63
2025-06-27 07:37:20,201 [icarl.py] => Task 9, Epoch 156/200 => Loss 2.290, Loss_clf 0.139, Loss_kd 2.150, Loss_kernel 0.001, Train_accy 96.58, Test_accy {'Art': 21.17, 'Clipart': 40.75, 'Real World': 33.67, 'Product': 32.03}
2025-06-27 07:37:32,220 [icarl.py] => Task 9, Epoch 157/200 => Loss 2.242, Loss_clf 0.127, Loss_kd 2.115, Loss_kernel 0.001, Train_accy 97.07
2025-06-27 07:37:43,677 [icarl.py] => Task 9, Epoch 158/200 => Loss 2.229, Loss_clf 0.115, Loss_kd 2.113, Loss_kernel 0.001, Train_accy 97.41
2025-06-27 07:37:55,470 [icarl.py] => Task 9, Epoch 159/200 => Loss 2.263, Loss_clf 0.125, Loss_kd 2.137, Loss_kernel 0.001, Train_accy 97.12
2025-06-27 07:38:07,607 [icarl.py] => Task 9, Epoch 160/200 => Loss 2.283, Loss_clf 0.132, Loss_kd 2.150, Loss_kernel 0.001, Train_accy 96.62
2025-06-27 07:38:34,577 [icarl.py] => Task 9, Epoch 161/200 => Loss 2.301, Loss_clf 0.131, Loss_kd 2.169, Loss_kernel 0.001, Train_accy 96.57, Test_accy {'Art': 25.0, 'Clipart': 38.5, 'Real World': 35.12, 'Product': 32.59}
2025-06-27 07:38:45,945 [icarl.py] => Task 9, Epoch 162/200 => Loss 2.269, Loss_clf 0.143, Loss_kd 2.126, Loss_kernel 0.001, Train_accy 96.72
2025-06-27 07:38:57,219 [icarl.py] => Task 9, Epoch 163/200 => Loss 2.273, Loss_clf 0.143, Loss_kd 2.129, Loss_kernel 0.001, Train_accy 96.61
2025-06-27 07:39:09,062 [icarl.py] => Task 9, Epoch 164/200 => Loss 2.265, Loss_clf 0.128, Loss_kd 2.136, Loss_kernel 0.001, Train_accy 97.36
2025-06-27 07:39:20,933 [icarl.py] => Task 9, Epoch 165/200 => Loss 2.305, Loss_clf 0.138, Loss_kd 2.165, Loss_kernel 0.001, Train_accy 96.91
2025-06-27 07:39:47,415 [icarl.py] => Task 9, Epoch 166/200 => Loss 2.285, Loss_clf 0.129, Loss_kd 2.155, Loss_kernel 0.001, Train_accy 97.21, Test_accy {'Art': 22.19, 'Clipart': 39.85, 'Real World': 34.1, 'Product': 31.34}
2025-06-27 07:39:58,829 [icarl.py] => Task 9, Epoch 167/200 => Loss 2.227, Loss_clf 0.087, Loss_kd 2.139, Loss_kernel 0.001, Train_accy 98.55
2025-06-27 07:40:10,309 [icarl.py] => Task 9, Epoch 168/200 => Loss 2.260, Loss_clf 0.122, Loss_kd 2.137, Loss_kernel 0.001, Train_accy 97.01
2025-06-27 07:40:21,653 [icarl.py] => Task 9, Epoch 169/200 => Loss 2.286, Loss_clf 0.130, Loss_kd 2.154, Loss_kernel 0.001, Train_accy 97.01
2025-06-27 07:40:33,052 [icarl.py] => Task 9, Epoch 170/200 => Loss 2.272, Loss_clf 0.135, Loss_kd 2.135, Loss_kernel 0.001, Train_accy 96.97
2025-06-27 07:40:59,989 [icarl.py] => Task 9, Epoch 171/200 => Loss 2.268, Loss_clf 0.129, Loss_kd 2.137, Loss_kernel 0.001, Train_accy 97.26, Test_accy {'Art': 22.45, 'Clipart': 39.25, 'Real World': 34.83, 'Product': 32.03}
2025-06-27 07:41:12,142 [icarl.py] => Task 9, Epoch 172/200 => Loss 2.254, Loss_clf 0.120, Loss_kd 2.133, Loss_kernel 0.001, Train_accy 96.96
2025-06-27 07:41:24,709 [icarl.py] => Task 9, Epoch 173/200 => Loss 2.256, Loss_clf 0.118, Loss_kd 2.137, Loss_kernel 0.001, Train_accy 97.47
2025-06-27 07:41:37,618 [icarl.py] => Task 9, Epoch 174/200 => Loss 2.264, Loss_clf 0.121, Loss_kd 2.142, Loss_kernel 0.001, Train_accy 97.41
2025-06-27 07:41:49,520 [icarl.py] => Task 9, Epoch 175/200 => Loss 2.239, Loss_clf 0.114, Loss_kd 2.124, Loss_kernel 0.001, Train_accy 97.86
2025-06-27 07:42:17,041 [icarl.py] => Task 9, Epoch 176/200 => Loss 2.254, Loss_clf 0.121, Loss_kd 2.132, Loss_kernel 0.001, Train_accy 97.31, Test_accy {'Art': 22.7, 'Clipart': 40.15, 'Real World': 33.24, 'Product': 31.75}
2025-06-27 07:42:29,240 [icarl.py] => Task 9, Epoch 177/200 => Loss 2.247, Loss_clf 0.110, Loss_kd 2.136, Loss_kernel 0.001, Train_accy 97.26
2025-06-27 07:42:40,485 [icarl.py] => Task 9, Epoch 178/200 => Loss 2.228, Loss_clf 0.108, Loss_kd 2.119, Loss_kernel 0.001, Train_accy 97.61
2025-06-27 07:42:51,733 [icarl.py] => Task 9, Epoch 179/200 => Loss 2.224, Loss_clf 0.107, Loss_kd 2.117, Loss_kernel 0.001, Train_accy 98.00
2025-06-27 07:43:03,337 [icarl.py] => Task 9, Epoch 180/200 => Loss 2.277, Loss_clf 0.129, Loss_kd 2.148, Loss_kernel 0.001, Train_accy 96.77
2025-06-27 07:43:30,668 [icarl.py] => Task 9, Epoch 181/200 => Loss 2.259, Loss_clf 0.122, Loss_kd 2.136, Loss_kernel 0.001, Train_accy 97.51, Test_accy {'Art': 23.98, 'Clipart': 39.7, 'Real World': 33.24, 'Product': 31.06}
2025-06-27 07:43:41,711 [icarl.py] => Task 9, Epoch 182/200 => Loss 2.249, Loss_clf 0.119, Loss_kd 2.129, Loss_kernel 0.001, Train_accy 97.51
2025-06-27 07:43:52,570 [icarl.py] => Task 9, Epoch 183/200 => Loss 2.234, Loss_clf 0.113, Loss_kd 2.120, Loss_kernel 0.001, Train_accy 97.20
2025-06-27 07:44:04,252 [icarl.py] => Task 9, Epoch 184/200 => Loss 2.230, Loss_clf 0.114, Loss_kd 2.115, Loss_kernel 0.001, Train_accy 97.31
2025-06-27 07:44:15,998 [icarl.py] => Task 9, Epoch 185/200 => Loss 2.206, Loss_clf 0.105, Loss_kd 2.100, Loss_kernel 0.001, Train_accy 97.64
2025-06-27 07:44:43,293 [icarl.py] => Task 9, Epoch 186/200 => Loss 2.245, Loss_clf 0.111, Loss_kd 2.133, Loss_kernel 0.001, Train_accy 97.71, Test_accy {'Art': 23.72, 'Clipart': 40.15, 'Real World': 33.82, 'Product': 31.34}
2025-06-27 07:44:54,643 [icarl.py] => Task 9, Epoch 187/200 => Loss 2.248, Loss_clf 0.111, Loss_kd 2.136, Loss_kernel 0.001, Train_accy 97.96
2025-06-27 07:45:06,305 [icarl.py] => Task 9, Epoch 188/200 => Loss 2.256, Loss_clf 0.134, Loss_kd 2.122, Loss_kernel 0.001, Train_accy 96.92
2025-06-27 07:45:17,589 [icarl.py] => Task 9, Epoch 189/200 => Loss 2.240, Loss_clf 0.115, Loss_kd 2.124, Loss_kernel 0.001, Train_accy 97.35
2025-06-27 07:45:29,743 [icarl.py] => Task 9, Epoch 190/200 => Loss 2.213, Loss_clf 0.102, Loss_kd 2.110, Loss_kernel 0.001, Train_accy 98.25
2025-06-27 07:45:56,667 [icarl.py] => Task 9, Epoch 191/200 => Loss 2.239, Loss_clf 0.117, Loss_kd 2.121, Loss_kernel 0.001, Train_accy 97.60, Test_accy {'Art': 23.21, 'Clipart': 39.25, 'Real World': 34.1, 'Product': 31.2}
2025-06-27 07:46:07,923 [icarl.py] => Task 9, Epoch 192/200 => Loss 2.207, Loss_clf 0.105, Loss_kd 2.102, Loss_kernel 0.001, Train_accy 97.75
2025-06-27 07:46:18,796 [icarl.py] => Task 9, Epoch 193/200 => Loss 2.238, Loss_clf 0.115, Loss_kd 2.122, Loss_kernel 0.001, Train_accy 97.65
2025-06-27 07:46:30,398 [icarl.py] => Task 9, Epoch 194/200 => Loss 2.189, Loss_clf 0.093, Loss_kd 2.096, Loss_kernel 0.001, Train_accy 98.29
2025-06-27 07:46:41,787 [icarl.py] => Task 9, Epoch 195/200 => Loss 2.240, Loss_clf 0.118, Loss_kd 2.121, Loss_kernel 0.001, Train_accy 97.61
2025-06-27 07:47:09,846 [icarl.py] => Task 9, Epoch 196/200 => Loss 2.251, Loss_clf 0.107, Loss_kd 2.143, Loss_kernel 0.001, Train_accy 97.80, Test_accy {'Art': 22.7, 'Clipart': 40.3, 'Real World': 34.25, 'Product': 31.48}
2025-06-27 07:47:21,118 [icarl.py] => Task 9, Epoch 197/200 => Loss 2.250, Loss_clf 0.114, Loss_kd 2.136, Loss_kernel 0.001, Train_accy 97.45
2025-06-27 07:47:32,396 [icarl.py] => Task 9, Epoch 198/200 => Loss 2.231, Loss_clf 0.107, Loss_kd 2.124, Loss_kernel 0.001, Train_accy 97.55
2025-06-27 07:47:44,053 [icarl.py] => Task 9, Epoch 199/200 => Loss 2.214, Loss_clf 0.099, Loss_kd 2.114, Loss_kernel 0.001, Train_accy 97.80
2025-06-27 07:47:55,649 [icarl.py] => Task 9, Epoch 200/200 => Loss 2.204, Loss_clf 0.092, Loss_kd 2.111, Loss_kernel 0.001, Train_accy 98.59
2025-06-27 07:47:55,651 [base.py] => Reducing exemplars...(26 per classes)
2025-06-27 07:48:28,409 [base.py] => Constructing exemplars...(26 per classes)
2025-06-27 07:49:11,835 [icarl.py] => Exemplar size: 1300
2025-06-27 07:49:12,907 [trainer.py] => CNN [Art]: {'total': 22.7, '00-04': 47.37, '05-09': 23.53, '10-14': 18.92, '15-19': 22.22, '20-24': 21.05, '25-29': 8.82, '30-34': 12.73, '35-39': 9.76, '40-44': 10.53, '45-49': 48.0, 'old': 19.01, 'new': 48.0}
2025-06-27 07:49:12,908 [trainer.py] => NME [Art]: {'total': 23.72, '00-04': 39.47, '05-09': 23.53, '10-14': 8.11, '15-19': 29.63, '20-24': 26.32, '25-29': 8.82, '30-34': 21.82, '35-39': 17.07, '40-44': 13.16, '45-49': 44.0, 'old': 20.76, 'new': 44.0}
2025-06-27 07:49:12,908 [trainer.py] => CNN [Art] top1 curve: [63.16, 52.78, 50.46, 42.65, 35.63, 28.85, 27.76, 26.97, 20.18, 22.7]
2025-06-27 07:49:12,908 [trainer.py] => CNN [Art] top5 curve: [97.37, 83.33, 73.39, 72.79, 61.49, 55.77, 53.99, 52.63, 43.27, 44.13]
2025-06-27 07:49:12,908 [trainer.py] => NME [Art] top1 curve: [71.05, 61.11, 51.38, 44.85, 41.95, 33.17, 33.08, 29.28, 20.47, 23.72]
2025-06-27 07:49:12,908 [trainer.py] => NME [Art] top5 curve: [100.0, 86.11, 77.06, 72.06, 70.11, 60.1, 58.56, 57.57, 47.08, 46.68]
2025-06-27 07:49:12,908 [trainer.py] => Average Accuracy [Art] (CNN): 37.114
2025-06-27 07:49:12,908 [trainer.py] => Average Accuracy [Art] (NME): 41.006
2025-06-27 07:49:12,908 [trainer.py] => CNN [Clipart]: {'total': 40.0, '00-04': 52.56, '05-09': 43.55, '10-14': 36.36, '15-19': 45.28, '20-24': 31.46, '25-29': 20.97, '30-34': 37.5, '35-39': 18.03, '40-44': 53.03, '45-49': 60.94, 'old': 37.77, 'new': 60.94}
2025-06-27 07:49:12,908 [trainer.py] => NME [Clipart]: {'total': 43.01, '00-04': 51.28, '05-09': 41.94, '10-14': 42.42, '15-19': 43.4, '20-24': 34.83, '25-29': 24.19, '30-34': 40.62, '35-39': 34.43, '40-44': 57.58, '45-49': 59.38, 'old': 41.26, 'new': 59.38}
2025-06-27 07:49:12,908 [trainer.py] => CNN [Clipart] top1 curve: [70.51, 64.29, 68.93, 67.18, 60.63, 55.85, 52.11, 46.17, 40.6, 40.0]
2025-06-27 07:49:12,908 [trainer.py] => CNN [Clipart] top5 curve: [100.0, 91.43, 87.86, 84.56, 81.9, 78.05, 73.84, 68.79, 64.06, 65.71]
2025-06-27 07:49:12,908 [trainer.py] => NME [Clipart] top1 curve: [69.23, 67.14, 72.33, 68.34, 62.07, 56.1, 55.27, 47.48, 43.59, 43.01]
2025-06-27 07:49:12,908 [trainer.py] => NME [Clipart] top5 curve: [100.0, 92.14, 88.83, 84.94, 84.77, 79.51, 77.22, 73.64, 66.06, 68.57]
2025-06-27 07:49:12,908 [trainer.py] => Average Accuracy [Clipart] (CNN): 56.626999999999995
2025-06-27 07:49:12,908 [trainer.py] => Average Accuracy [Clipart] (NME): 58.456
2025-06-27 07:49:12,908 [trainer.py] => CNN [Product]: {'total': 31.48, '00-04': 47.06, '05-09': 38.75, '10-14': 37.1, '15-19': 23.38, '20-24': 34.43, '25-29': 22.78, '30-34': 10.45, '35-39': 12.12, '40-44': 35.71, '45-49': 49.3, 'old': 29.52, 'new': 49.3}
2025-06-27 07:49:12,908 [trainer.py] => NME [Product]: {'total': 33.43, '00-04': 37.65, '05-09': 40.0, '10-14': 37.1, '15-19': 24.68, '20-24': 36.07, '25-29': 32.91, '30-34': 23.88, '35-39': 16.67, '40-44': 37.14, '45-49': 46.48, 'old': 31.99, 'new': 46.48}
2025-06-27 07:49:12,909 [trainer.py] => CNN [Product] top1 curve: [70.59, 53.33, 53.3, 47.37, 45.75, 42.57, 40.9, 37.61, 31.84, 31.48]
2025-06-27 07:49:12,909 [trainer.py] => CNN [Product] top5 curve: [98.82, 87.27, 83.26, 79.28, 76.99, 73.87, 73.58, 66.9, 60.28, 62.26]
2025-06-27 07:49:12,909 [trainer.py] => NME [Product] top1 curve: [69.41, 56.97, 55.07, 46.05, 45.75, 45.72, 41.88, 37.26, 33.85, 33.43]
2025-06-27 07:49:12,909 [trainer.py] => NME [Product] top5 curve: [100.0, 94.55, 88.55, 84.21, 80.27, 76.35, 74.95, 70.71, 61.98, 64.76]
2025-06-27 07:49:12,909 [trainer.py] => Average Accuracy [Product] (CNN): 45.474000000000004
2025-06-27 07:49:12,909 [trainer.py] => Average Accuracy [Product] (NME): 46.539
2025-06-27 07:49:12,909 [trainer.py] => CNN [Real World]: {'total': 33.96, '00-04': 31.51, '05-09': 48.53, '10-14': 27.78, '15-19': 28.36, '20-24': 18.46, '25-29': 36.36, '30-34': 30.67, '35-39': 27.12, '40-44': 29.69, '45-49': 58.33, 'old': 31.13, 'new': 58.33}
2025-06-27 07:49:12,909 [trainer.py] => NME [Real World]: {'total': 36.99, '00-04': 30.14, '05-09': 48.53, '10-14': 31.94, '15-19': 32.84, '20-24': 20.0, '25-29': 45.45, '30-34': 44.0, '35-39': 32.2, '40-44': 29.69, '45-49': 51.39, 'old': 35.32, 'new': 51.39}
2025-06-27 07:49:12,909 [trainer.py] => CNN [Real World] top1 curve: [69.86, 63.83, 55.4, 48.93, 44.64, 42.89, 44.87, 42.81, 34.84, 33.96]
2025-06-27 07:49:12,909 [trainer.py] => CNN [Real World] top5 curve: [98.63, 92.2, 81.69, 77.5, 74.2, 71.8, 72.03, 67.27, 59.19, 61.71]
2025-06-27 07:49:12,909 [trainer.py] => NME [Real World] top1 curve: [71.23, 60.28, 56.81, 52.86, 48.7, 45.5, 48.29, 44.24, 37.58, 36.99]
2025-06-27 07:49:12,909 [trainer.py] => NME [Real World] top5 curve: [100.0, 94.33, 87.32, 82.86, 80.29, 77.73, 75.05, 71.22, 63.06, 66.33]
2025-06-27 07:49:12,909 [trainer.py] => Average Accuracy [Real World] (CNN): 48.202999999999996
2025-06-27 07:49:12,909 [trainer.py] => Average Accuracy [Real World] (NME): 50.248000000000005
2025-06-27 07:49:12,909 [trainer.py] => NME Harmonic Mean : 33.9921
2025-06-27 07:49:12,909 [trainer.py] => NME Macro Mean : 34.2875
2025-06-27 07:49:12,909 [trainer.py] => CNN Harmonic Mean : 31.8457
2025-06-27 07:49:12,910 [trainer.py] => CNN Macro Mean : 32.0350
2025-06-27 07:49:12,910 [trainer.py] => All params: 21315452
2025-06-27 07:49:12,910 [trainer.py] => Trainable params: 21315452
2025-06-27 07:49:12,912 [icarl.py] => Learning on 50-55
2025-06-27 07:49:46,505 [icarl.py] => Task 10, Epoch 1/200 => Loss 5.843, Loss_clf 2.740, Loss_kd 3.101, Loss_kernel 0.003, Train_accy 34.77, Test_accy {'Art': 5.22, 'Clipart': 10.92, 'Real World': 9.09, 'Product': 7.54}
2025-06-27 07:50:03,353 [icarl.py] => Task 10, Epoch 2/200 => Loss 6.594, Loss_clf 3.028, Loss_kd 3.559, Loss_kernel 0.006, Train_accy 25.68
2025-06-27 07:50:20,353 [icarl.py] => Task 10, Epoch 3/200 => Loss 5.741, Loss_clf 2.431, Loss_kd 3.306, Loss_kernel 0.004, Train_accy 36.21
2025-06-27 07:50:37,881 [icarl.py] => Task 10, Epoch 4/200 => Loss 5.191, Loss_clf 2.075, Loss_kd 3.112, Loss_kernel 0.003, Train_accy 44.16
2025-06-27 07:50:54,055 [icarl.py] => Task 10, Epoch 5/200 => Loss 4.996, Loss_clf 1.934, Loss_kd 3.059, Loss_kernel 0.003, Train_accy 45.69
2025-06-27 07:51:29,202 [icarl.py] => Task 10, Epoch 6/200 => Loss 4.795, Loss_clf 1.795, Loss_kd 2.998, Loss_kernel 0.003, Train_accy 49.96, Test_accy {'Art': 15.42, 'Clipart': 30.66, 'Real World': 25.32, 'Product': 21.07}
2025-06-27 07:51:46,063 [icarl.py] => Task 10, Epoch 7/200 => Loss 4.609, Loss_clf 1.674, Loss_kd 2.932, Loss_kernel 0.003, Train_accy 54.06
2025-06-27 07:52:03,458 [icarl.py] => Task 10, Epoch 8/200 => Loss 4.560, Loss_clf 1.642, Loss_kd 2.915, Loss_kernel 0.003, Train_accy 52.82
2025-06-27 07:52:21,375 [icarl.py] => Task 10, Epoch 9/200 => Loss 4.385, Loss_clf 1.511, Loss_kd 2.871, Loss_kernel 0.003, Train_accy 56.17
2025-06-27 07:52:37,991 [icarl.py] => Task 10, Epoch 10/200 => Loss 4.263, Loss_clf 1.434, Loss_kd 2.826, Loss_kernel 0.003, Train_accy 58.69
2025-06-27 07:53:12,373 [icarl.py] => Task 10, Epoch 11/200 => Loss 4.121, Loss_clf 1.335, Loss_kd 2.782, Loss_kernel 0.003, Train_accy 62.00, Test_accy {'Art': 18.82, 'Clipart': 32.11, 'Real World': 30.65, 'Product': 25.03}
2025-06-27 07:53:29,707 [icarl.py] => Task 10, Epoch 12/200 => Loss 3.936, Loss_clf 1.190, Loss_kd 2.744, Loss_kernel 0.003, Train_accy 65.73
2025-06-27 07:53:46,437 [icarl.py] => Task 10, Epoch 13/200 => Loss 3.850, Loss_clf 1.141, Loss_kd 2.706, Loss_kernel 0.003, Train_accy 67.53
2025-06-27 07:54:04,603 [icarl.py] => Task 10, Epoch 14/200 => Loss 3.970, Loss_clf 1.225, Loss_kd 2.742, Loss_kernel 0.003, Train_accy 65.44
2025-06-27 07:54:22,433 [icarl.py] => Task 10, Epoch 15/200 => Loss 3.734, Loss_clf 1.049, Loss_kd 2.682, Loss_kernel 0.003, Train_accy 69.57
2025-06-27 07:54:56,353 [icarl.py] => Task 10, Epoch 16/200 => Loss 3.832, Loss_clf 1.116, Loss_kd 2.713, Loss_kernel 0.003, Train_accy 68.98, Test_accy {'Art': 19.73, 'Clipart': 37.11, 'Real World': 33.9, 'Product': 23.63}
2025-06-27 07:55:13,149 [icarl.py] => Task 10, Epoch 17/200 => Loss 3.631, Loss_clf 0.965, Loss_kd 2.663, Loss_kernel 0.003, Train_accy 73.18
2025-06-27 07:55:29,827 [icarl.py] => Task 10, Epoch 18/200 => Loss 3.537, Loss_clf 0.920, Loss_kd 2.614, Loss_kernel 0.003, Train_accy 73.40
2025-06-27 07:55:46,547 [icarl.py] => Task 10, Epoch 19/200 => Loss 3.595, Loss_clf 0.945, Loss_kd 2.648, Loss_kernel 0.003, Train_accy 72.86
2025-06-27 07:56:03,511 [icarl.py] => Task 10, Epoch 20/200 => Loss 3.538, Loss_clf 0.916, Loss_kd 2.619, Loss_kernel 0.003, Train_accy 73.59
2025-06-27 07:56:37,717 [icarl.py] => Task 10, Epoch 21/200 => Loss 3.534, Loss_clf 0.892, Loss_kd 2.640, Loss_kernel 0.003, Train_accy 73.82, Test_accy {'Art': 20.18, 'Clipart': 39.61, 'Real World': 33.9, 'Product': 25.29}
2025-06-27 07:56:54,022 [icarl.py] => Task 10, Epoch 22/200 => Loss 3.453, Loss_clf 0.838, Loss_kd 2.613, Loss_kernel 0.003, Train_accy 76.41
2025-06-27 07:57:11,622 [icarl.py] => Task 10, Epoch 23/200 => Loss 3.415, Loss_clf 0.812, Loss_kd 2.600, Loss_kernel 0.003, Train_accy 76.39
2025-06-27 07:57:28,232 [icarl.py] => Task 10, Epoch 24/200 => Loss 3.340, Loss_clf 0.760, Loss_kd 2.577, Loss_kernel 0.003, Train_accy 78.35
2025-06-27 07:57:44,520 [icarl.py] => Task 10, Epoch 25/200 => Loss 3.324, Loss_clf 0.738, Loss_kd 2.583, Loss_kernel 0.003, Train_accy 79.39
2025-06-27 07:58:18,169 [icarl.py] => Task 10, Epoch 26/200 => Loss 3.285, Loss_clf 0.720, Loss_kd 2.563, Loss_kernel 0.003, Train_accy 79.44, Test_accy {'Art': 20.63, 'Clipart': 35.13, 'Real World': 34.29, 'Product': 24.52}
2025-06-27 07:58:34,598 [icarl.py] => Task 10, Epoch 27/200 => Loss 3.239, Loss_clf 0.691, Loss_kd 2.546, Loss_kernel 0.002, Train_accy 80.29
2025-06-27 07:58:51,939 [icarl.py] => Task 10, Epoch 28/200 => Loss 3.285, Loss_clf 0.723, Loss_kd 2.558, Loss_kernel 0.003, Train_accy 79.02
2025-06-27 07:59:08,778 [icarl.py] => Task 10, Epoch 29/200 => Loss 3.246, Loss_clf 0.684, Loss_kd 2.559, Loss_kernel 0.002, Train_accy 79.94
2025-06-27 07:59:26,135 [icarl.py] => Task 10, Epoch 30/200 => Loss 3.198, Loss_clf 0.658, Loss_kd 2.537, Loss_kernel 0.002, Train_accy 80.99
2025-06-27 07:59:59,730 [icarl.py] => Task 10, Epoch 31/200 => Loss 3.183, Loss_clf 0.651, Loss_kd 2.529, Loss_kernel 0.002, Train_accy 80.95, Test_accy {'Art': 17.01, 'Clipart': 35.92, 'Real World': 29.35, 'Product': 21.84}
2025-06-27 08:00:15,628 [icarl.py] => Task 10, Epoch 32/200 => Loss 3.177, Loss_clf 0.650, Loss_kd 2.524, Loss_kernel 0.002, Train_accy 81.24
2025-06-27 08:00:33,094 [icarl.py] => Task 10, Epoch 33/200 => Loss 3.124, Loss_clf 0.621, Loss_kd 2.501, Loss_kernel 0.002, Train_accy 81.89
2025-06-27 08:00:49,457 [icarl.py] => Task 10, Epoch 34/200 => Loss 3.218, Loss_clf 0.692, Loss_kd 2.523, Loss_kernel 0.002, Train_accy 80.96
2025-06-27 08:01:05,347 [icarl.py] => Task 10, Epoch 35/200 => Loss 3.161, Loss_clf 0.636, Loss_kd 2.523, Loss_kernel 0.002, Train_accy 82.21
2025-06-27 08:01:39,056 [icarl.py] => Task 10, Epoch 36/200 => Loss 3.094, Loss_clf 0.576, Loss_kd 2.515, Loss_kernel 0.002, Train_accy 84.75, Test_accy {'Art': 20.63, 'Clipart': 37.76, 'Real World': 33.51, 'Product': 28.74}
2025-06-27 08:01:55,992 [icarl.py] => Task 10, Epoch 37/200 => Loss 3.061, Loss_clf 0.566, Loss_kd 2.493, Loss_kernel 0.002, Train_accy 84.44
2025-06-27 08:02:12,924 [icarl.py] => Task 10, Epoch 38/200 => Loss 3.101, Loss_clf 0.602, Loss_kd 2.496, Loss_kernel 0.002, Train_accy 82.52
2025-06-27 08:02:28,645 [icarl.py] => Task 10, Epoch 39/200 => Loss 3.105, Loss_clf 0.596, Loss_kd 2.507, Loss_kernel 0.002, Train_accy 82.95
2025-06-27 08:02:45,351 [icarl.py] => Task 10, Epoch 40/200 => Loss 3.031, Loss_clf 0.556, Loss_kd 2.474, Loss_kernel 0.002, Train_accy 83.86
2025-06-27 08:03:20,045 [icarl.py] => Task 10, Epoch 41/200 => Loss 3.112, Loss_clf 0.597, Loss_kd 2.512, Loss_kernel 0.002, Train_accy 82.59, Test_accy {'Art': 14.74, 'Clipart': 37.11, 'Real World': 31.95, 'Product': 26.05}
2025-06-27 08:03:36,736 [icarl.py] => Task 10, Epoch 42/200 => Loss 3.060, Loss_clf 0.566, Loss_kd 2.491, Loss_kernel 0.002, Train_accy 84.36
2025-06-27 08:03:52,475 [icarl.py] => Task 10, Epoch 43/200 => Loss 3.056, Loss_clf 0.572, Loss_kd 2.482, Loss_kernel 0.002, Train_accy 84.11
2025-06-27 08:04:07,501 [icarl.py] => Task 10, Epoch 44/200 => Loss 2.984, Loss_clf 0.500, Loss_kd 2.482, Loss_kernel 0.002, Train_accy 85.61
2025-06-27 08:04:23,421 [icarl.py] => Task 10, Epoch 45/200 => Loss 3.033, Loss_clf 0.558, Loss_kd 2.473, Loss_kernel 0.002, Train_accy 84.38
2025-06-27 08:04:56,510 [icarl.py] => Task 10, Epoch 46/200 => Loss 3.097, Loss_clf 0.597, Loss_kd 2.498, Loss_kernel 0.002, Train_accy 83.67, Test_accy {'Art': 20.63, 'Clipart': 35.79, 'Real World': 32.99, 'Product': 23.12}
2025-06-27 08:05:12,559 [icarl.py] => Task 10, Epoch 47/200 => Loss 3.065, Loss_clf 0.561, Loss_kd 2.502, Loss_kernel 0.002, Train_accy 84.11
2025-06-27 08:05:28,501 [icarl.py] => Task 10, Epoch 48/200 => Loss 3.059, Loss_clf 0.564, Loss_kd 2.493, Loss_kernel 0.002, Train_accy 83.84
2025-06-27 08:05:44,201 [icarl.py] => Task 10, Epoch 49/200 => Loss 2.935, Loss_clf 0.484, Loss_kd 2.449, Loss_kernel 0.002, Train_accy 86.79
2025-06-27 08:06:00,563 [icarl.py] => Task 10, Epoch 50/200 => Loss 3.005, Loss_clf 0.532, Loss_kd 2.470, Loss_kernel 0.002, Train_accy 85.39
2025-06-27 08:06:32,874 [icarl.py] => Task 10, Epoch 51/200 => Loss 2.928, Loss_clf 0.482, Loss_kd 2.444, Loss_kernel 0.002, Train_accy 86.76, Test_accy {'Art': 18.14, 'Clipart': 38.95, 'Real World': 31.82, 'Product': 27.84}
2025-06-27 08:06:49,474 [icarl.py] => Task 10, Epoch 52/200 => Loss 3.030, Loss_clf 0.538, Loss_kd 2.490, Loss_kernel 0.002, Train_accy 84.78
2025-06-27 08:07:06,190 [icarl.py] => Task 10, Epoch 53/200 => Loss 3.035, Loss_clf 0.540, Loss_kd 2.492, Loss_kernel 0.002, Train_accy 84.93
2025-06-27 08:07:22,673 [icarl.py] => Task 10, Epoch 54/200 => Loss 3.029, Loss_clf 0.545, Loss_kd 2.482, Loss_kernel 0.002, Train_accy 84.54
2025-06-27 08:07:39,815 [icarl.py] => Task 10, Epoch 55/200 => Loss 3.044, Loss_clf 0.543, Loss_kd 2.499, Loss_kernel 0.002, Train_accy 84.45
2025-06-27 08:08:11,580 [icarl.py] => Task 10, Epoch 56/200 => Loss 2.986, Loss_clf 0.512, Loss_kd 2.472, Loss_kernel 0.002, Train_accy 85.19, Test_accy {'Art': 18.59, 'Clipart': 37.89, 'Real World': 30.52, 'Product': 26.31}
2025-06-27 08:08:27,615 [icarl.py] => Task 10, Epoch 57/200 => Loss 2.951, Loss_clf 0.483, Loss_kd 2.466, Loss_kernel 0.002, Train_accy 85.74
2025-06-27 08:08:44,216 [icarl.py] => Task 10, Epoch 58/200 => Loss 3.002, Loss_clf 0.537, Loss_kd 2.462, Loss_kernel 0.002, Train_accy 84.84
2025-06-27 08:08:59,312 [icarl.py] => Task 10, Epoch 59/200 => Loss 2.988, Loss_clf 0.506, Loss_kd 2.480, Loss_kernel 0.002, Train_accy 84.98
2025-06-27 08:09:17,400 [icarl.py] => Task 10, Epoch 60/200 => Loss 2.909, Loss_clf 0.454, Loss_kd 2.454, Loss_kernel 0.002, Train_accy 87.06
2025-06-27 08:09:52,722 [icarl.py] => Task 10, Epoch 61/200 => Loss 2.928, Loss_clf 0.478, Loss_kd 2.448, Loss_kernel 0.002, Train_accy 86.89, Test_accy {'Art': 18.37, 'Clipart': 38.16, 'Real World': 34.42, 'Product': 29.12}
2025-06-27 08:10:09,051 [icarl.py] => Task 10, Epoch 62/200 => Loss 2.898, Loss_clf 0.465, Loss_kd 2.431, Loss_kernel 0.002, Train_accy 86.97
2025-06-27 08:10:25,265 [icarl.py] => Task 10, Epoch 63/200 => Loss 2.947, Loss_clf 0.485, Loss_kd 2.460, Loss_kernel 0.002, Train_accy 86.19
2025-06-27 08:10:44,310 [icarl.py] => Task 10, Epoch 64/200 => Loss 2.935, Loss_clf 0.463, Loss_kd 2.470, Loss_kernel 0.002, Train_accy 86.57
2025-06-27 08:11:01,159 [icarl.py] => Task 10, Epoch 65/200 => Loss 2.931, Loss_clf 0.466, Loss_kd 2.463, Loss_kernel 0.002, Train_accy 87.38
2025-06-27 08:11:34,022 [icarl.py] => Task 10, Epoch 66/200 => Loss 2.869, Loss_clf 0.434, Loss_kd 2.432, Loss_kernel 0.002, Train_accy 87.36, Test_accy {'Art': 21.77, 'Clipart': 41.32, 'Real World': 34.68, 'Product': 27.2}
2025-06-27 08:11:50,973 [icarl.py] => Task 10, Epoch 67/200 => Loss 2.882, Loss_clf 0.450, Loss_kd 2.430, Loss_kernel 0.002, Train_accy 88.04
2025-06-27 08:12:06,698 [icarl.py] => Task 10, Epoch 68/200 => Loss 2.886, Loss_clf 0.442, Loss_kd 2.443, Loss_kernel 0.002, Train_accy 87.47
2025-06-27 08:12:23,886 [icarl.py] => Task 10, Epoch 69/200 => Loss 2.833, Loss_clf 0.404, Loss_kd 2.427, Loss_kernel 0.002, Train_accy 88.74
2025-06-27 08:12:40,833 [icarl.py] => Task 10, Epoch 70/200 => Loss 2.837, Loss_clf 0.421, Loss_kd 2.414, Loss_kernel 0.002, Train_accy 88.07
2025-06-27 08:13:14,411 [icarl.py] => Task 10, Epoch 71/200 => Loss 2.791, Loss_clf 0.392, Loss_kd 2.397, Loss_kernel 0.002, Train_accy 88.58, Test_accy {'Art': 17.91, 'Clipart': 40.0, 'Real World': 35.19, 'Product': 27.08}
2025-06-27 08:13:29,404 [icarl.py] => Task 10, Epoch 72/200 => Loss 2.773, Loss_clf 0.363, Loss_kd 2.408, Loss_kernel 0.002, Train_accy 90.42
2025-06-27 08:13:46,107 [icarl.py] => Task 10, Epoch 73/200 => Loss 2.807, Loss_clf 0.393, Loss_kd 2.412, Loss_kernel 0.002, Train_accy 89.16
2025-06-27 08:14:02,239 [icarl.py] => Task 10, Epoch 74/200 => Loss 2.808, Loss_clf 0.391, Loss_kd 2.415, Loss_kernel 0.002, Train_accy 88.75
2025-06-27 08:14:17,381 [icarl.py] => Task 10, Epoch 75/200 => Loss 2.810, Loss_clf 0.415, Loss_kd 2.394, Loss_kernel 0.002, Train_accy 88.38
2025-06-27 08:14:49,799 [icarl.py] => Task 10, Epoch 76/200 => Loss 2.828, Loss_clf 0.412, Loss_kd 2.414, Loss_kernel 0.002, Train_accy 88.35, Test_accy {'Art': 17.01, 'Clipart': 39.74, 'Real World': 33.25, 'Product': 28.86}
2025-06-27 08:15:06,628 [icarl.py] => Task 10, Epoch 77/200 => Loss 2.819, Loss_clf 0.400, Loss_kd 2.417, Loss_kernel 0.002, Train_accy 88.27
2025-06-27 08:15:23,102 [icarl.py] => Task 10, Epoch 78/200 => Loss 2.823, Loss_clf 0.409, Loss_kd 2.412, Loss_kernel 0.002, Train_accy 88.44
2025-06-27 08:15:38,385 [icarl.py] => Task 10, Epoch 79/200 => Loss 2.806, Loss_clf 0.384, Loss_kd 2.420, Loss_kernel 0.002, Train_accy 88.85
2025-06-27 08:15:55,039 [icarl.py] => Task 10, Epoch 80/200 => Loss 2.843, Loss_clf 0.421, Loss_kd 2.421, Loss_kernel 0.002, Train_accy 87.52
2025-06-27 08:16:26,990 [icarl.py] => Task 10, Epoch 81/200 => Loss 2.740, Loss_clf 0.359, Loss_kd 2.379, Loss_kernel 0.002, Train_accy 90.09, Test_accy {'Art': 19.05, 'Clipart': 37.63, 'Real World': 34.29, 'Product': 26.95}
2025-06-27 08:16:43,598 [icarl.py] => Task 10, Epoch 82/200 => Loss 2.814, Loss_clf 0.404, Loss_kd 2.409, Loss_kernel 0.002, Train_accy 88.15
2025-06-27 08:16:58,690 [icarl.py] => Task 10, Epoch 83/200 => Loss 2.765, Loss_clf 0.369, Loss_kd 2.395, Loss_kernel 0.002, Train_accy 89.76
2025-06-27 08:17:15,073 [icarl.py] => Task 10, Epoch 84/200 => Loss 2.728, Loss_clf 0.341, Loss_kd 2.386, Loss_kernel 0.002, Train_accy 90.36
2025-06-27 08:17:30,803 [icarl.py] => Task 10, Epoch 85/200 => Loss 2.740, Loss_clf 0.336, Loss_kd 2.403, Loss_kernel 0.002, Train_accy 90.88
2025-06-27 08:18:01,460 [icarl.py] => Task 10, Epoch 86/200 => Loss 2.703, Loss_clf 0.319, Loss_kd 2.383, Loss_kernel 0.001, Train_accy 91.31, Test_accy {'Art': 16.78, 'Clipart': 38.68, 'Real World': 31.17, 'Product': 22.73}
2025-06-27 08:18:15,308 [icarl.py] => Task 10, Epoch 87/200 => Loss 2.724, Loss_clf 0.332, Loss_kd 2.391, Loss_kernel 0.002, Train_accy 91.10
2025-06-27 08:18:31,288 [icarl.py] => Task 10, Epoch 88/200 => Loss 2.730, Loss_clf 0.334, Loss_kd 2.394, Loss_kernel 0.001, Train_accy 90.93
2025-06-27 08:18:45,911 [icarl.py] => Task 10, Epoch 89/200 => Loss 2.730, Loss_clf 0.338, Loss_kd 2.390, Loss_kernel 0.001, Train_accy 90.34
2025-06-27 08:19:01,638 [icarl.py] => Task 10, Epoch 90/200 => Loss 2.701, Loss_clf 0.300, Loss_kd 2.399, Loss_kernel 0.001, Train_accy 91.92
2025-06-27 08:19:34,934 [icarl.py] => Task 10, Epoch 91/200 => Loss 2.683, Loss_clf 0.315, Loss_kd 2.366, Loss_kernel 0.001, Train_accy 91.49, Test_accy {'Art': 17.69, 'Clipart': 39.08, 'Real World': 33.38, 'Product': 29.25}
2025-06-27 08:19:50,404 [icarl.py] => Task 10, Epoch 92/200 => Loss 2.701, Loss_clf 0.333, Loss_kd 2.366, Loss_kernel 0.001, Train_accy 91.07
2025-06-27 08:20:04,712 [icarl.py] => Task 10, Epoch 93/200 => Loss 2.665, Loss_clf 0.306, Loss_kd 2.357, Loss_kernel 0.002, Train_accy 91.41
2025-06-27 08:20:19,802 [icarl.py] => Task 10, Epoch 94/200 => Loss 2.664, Loss_clf 0.308, Loss_kd 2.355, Loss_kernel 0.001, Train_accy 91.22
2025-06-27 08:20:34,840 [icarl.py] => Task 10, Epoch 95/200 => Loss 2.702, Loss_clf 0.321, Loss_kd 2.379, Loss_kernel 0.001, Train_accy 91.05
2025-06-27 08:21:05,496 [icarl.py] => Task 10, Epoch 96/200 => Loss 2.673, Loss_clf 0.310, Loss_kd 2.361, Loss_kernel 0.001, Train_accy 91.31, Test_accy {'Art': 19.5, 'Clipart': 40.66, 'Real World': 35.45, 'Product': 30.52}
2025-06-27 08:21:20,257 [icarl.py] => Task 10, Epoch 97/200 => Loss 2.661, Loss_clf 0.298, Loss_kd 2.361, Loss_kernel 0.001, Train_accy 92.20
2025-06-27 08:21:35,182 [icarl.py] => Task 10, Epoch 98/200 => Loss 2.659, Loss_clf 0.307, Loss_kd 2.351, Loss_kernel 0.001, Train_accy 92.00
2025-06-27 08:21:50,466 [icarl.py] => Task 10, Epoch 99/200 => Loss 2.645, Loss_clf 0.287, Loss_kd 2.357, Loss_kernel 0.001, Train_accy 92.56
2025-06-27 08:22:05,940 [icarl.py] => Task 10, Epoch 100/200 => Loss 2.643, Loss_clf 0.290, Loss_kd 2.352, Loss_kernel 0.001, Train_accy 91.69
2025-06-27 08:22:38,050 [icarl.py] => Task 10, Epoch 101/200 => Loss 2.621, Loss_clf 0.270, Loss_kd 2.350, Loss_kernel 0.001, Train_accy 92.37, Test_accy {'Art': 18.14, 'Clipart': 39.08, 'Real World': 34.94, 'Product': 29.37}
2025-06-27 08:22:53,913 [icarl.py] => Task 10, Epoch 102/200 => Loss 2.624, Loss_clf 0.281, Loss_kd 2.341, Loss_kernel 0.001, Train_accy 91.70
2025-06-27 08:23:08,390 [icarl.py] => Task 10, Epoch 103/200 => Loss 2.613, Loss_clf 0.272, Loss_kd 2.340, Loss_kernel 0.001, Train_accy 92.83
2025-06-27 08:23:25,801 [icarl.py] => Task 10, Epoch 104/200 => Loss 2.612, Loss_clf 0.277, Loss_kd 2.334, Loss_kernel 0.001, Train_accy 92.42
2025-06-27 08:23:40,109 [icarl.py] => Task 10, Epoch 105/200 => Loss 2.533, Loss_clf 0.222, Loss_kd 2.310, Loss_kernel 0.001, Train_accy 93.61
2025-06-27 08:24:12,393 [icarl.py] => Task 10, Epoch 106/200 => Loss 2.594, Loss_clf 0.265, Loss_kd 2.329, Loss_kernel 0.001, Train_accy 92.71, Test_accy {'Art': 18.82, 'Clipart': 37.37, 'Real World': 35.32, 'Product': 28.35}
2025-06-27 08:24:29,355 [icarl.py] => Task 10, Epoch 107/200 => Loss 2.594, Loss_clf 0.247, Loss_kd 2.346, Loss_kernel 0.001, Train_accy 92.96
2025-06-27 08:24:44,548 [icarl.py] => Task 10, Epoch 108/200 => Loss 2.588, Loss_clf 0.247, Loss_kd 2.340, Loss_kernel 0.001, Train_accy 93.32
2025-06-27 08:25:00,258 [icarl.py] => Task 10, Epoch 109/200 => Loss 2.627, Loss_clf 0.275, Loss_kd 2.350, Loss_kernel 0.001, Train_accy 92.37
2025-06-27 08:25:16,072 [icarl.py] => Task 10, Epoch 110/200 => Loss 2.572, Loss_clf 0.242, Loss_kd 2.329, Loss_kernel 0.001, Train_accy 93.36
2025-06-27 08:25:48,738 [icarl.py] => Task 10, Epoch 111/200 => Loss 2.545, Loss_clf 0.232, Loss_kd 2.311, Loss_kernel 0.001, Train_accy 93.82, Test_accy {'Art': 19.73, 'Clipart': 37.89, 'Real World': 34.42, 'Product': 27.2}
2025-06-27 08:26:04,540 [icarl.py] => Task 10, Epoch 112/200 => Loss 2.586, Loss_clf 0.246, Loss_kd 2.339, Loss_kernel 0.001, Train_accy 93.26
2025-06-27 08:26:19,893 [icarl.py] => Task 10, Epoch 113/200 => Loss 2.534, Loss_clf 0.227, Loss_kd 2.306, Loss_kernel 0.001, Train_accy 94.05
2025-06-27 08:26:34,870 [icarl.py] => Task 10, Epoch 114/200 => Loss 2.546, Loss_clf 0.227, Loss_kd 2.318, Loss_kernel 0.001, Train_accy 93.94
2025-06-27 08:26:50,771 [icarl.py] => Task 10, Epoch 115/200 => Loss 2.536, Loss_clf 0.231, Loss_kd 2.304, Loss_kernel 0.001, Train_accy 93.84
2025-06-27 08:27:23,621 [icarl.py] => Task 10, Epoch 116/200 => Loss 2.527, Loss_clf 0.217, Loss_kd 2.309, Loss_kernel 0.001, Train_accy 93.90, Test_accy {'Art': 20.18, 'Clipart': 40.26, 'Real World': 32.6, 'Product': 29.76}
2025-06-27 08:27:40,435 [icarl.py] => Task 10, Epoch 117/200 => Loss 2.579, Loss_clf 0.248, Loss_kd 2.330, Loss_kernel 0.001, Train_accy 93.12
2025-06-27 08:27:57,243 [icarl.py] => Task 10, Epoch 118/200 => Loss 2.561, Loss_clf 0.239, Loss_kd 2.321, Loss_kernel 0.001, Train_accy 93.42
2025-06-27 08:28:11,640 [icarl.py] => Task 10, Epoch 119/200 => Loss 2.501, Loss_clf 0.195, Loss_kd 2.305, Loss_kernel 0.001, Train_accy 94.64
2025-06-27 08:28:26,739 [icarl.py] => Task 10, Epoch 120/200 => Loss 2.521, Loss_clf 0.230, Loss_kd 2.290, Loss_kernel 0.001, Train_accy 94.07
2025-06-27 08:28:59,573 [icarl.py] => Task 10, Epoch 121/200 => Loss 2.544, Loss_clf 0.235, Loss_kd 2.307, Loss_kernel 0.001, Train_accy 93.79, Test_accy {'Art': 20.86, 'Clipart': 40.66, 'Real World': 34.16, 'Product': 30.01}
2025-06-27 08:29:15,240 [icarl.py] => Task 10, Epoch 122/200 => Loss 2.539, Loss_clf 0.221, Loss_kd 2.317, Loss_kernel 0.001, Train_accy 94.65
2025-06-27 08:29:30,639 [icarl.py] => Task 10, Epoch 123/200 => Loss 2.521, Loss_clf 0.214, Loss_kd 2.306, Loss_kernel 0.001, Train_accy 94.13
2025-06-27 08:29:44,166 [icarl.py] => Task 10, Epoch 124/200 => Loss 2.482, Loss_clf 0.191, Loss_kd 2.290, Loss_kernel 0.001, Train_accy 95.12
2025-06-27 08:29:59,732 [icarl.py] => Task 10, Epoch 125/200 => Loss 2.501, Loss_clf 0.201, Loss_kd 2.299, Loss_kernel 0.001, Train_accy 94.66
2025-06-27 08:30:30,148 [icarl.py] => Task 10, Epoch 126/200 => Loss 2.502, Loss_clf 0.207, Loss_kd 2.293, Loss_kernel 0.001, Train_accy 94.56, Test_accy {'Art': 21.54, 'Clipart': 41.32, 'Real World': 35.97, 'Product': 32.18}
2025-06-27 08:30:46,555 [icarl.py] => Task 10, Epoch 127/200 => Loss 2.563, Loss_clf 0.242, Loss_kd 2.320, Loss_kernel 0.001, Train_accy 93.53
2025-06-27 08:31:01,551 [icarl.py] => Task 10, Epoch 128/200 => Loss 2.460, Loss_clf 0.180, Loss_kd 2.279, Loss_kernel 0.001, Train_accy 94.91
2025-06-27 08:31:16,873 [icarl.py] => Task 10, Epoch 129/200 => Loss 2.486, Loss_clf 0.194, Loss_kd 2.291, Loss_kernel 0.001, Train_accy 94.98
2025-06-27 08:31:32,491 [icarl.py] => Task 10, Epoch 130/200 => Loss 2.458, Loss_clf 0.179, Loss_kd 2.278, Loss_kernel 0.001, Train_accy 95.38
2025-06-27 08:32:04,626 [icarl.py] => Task 10, Epoch 131/200 => Loss 2.444, Loss_clf 0.179, Loss_kd 2.264, Loss_kernel 0.001, Train_accy 95.09, Test_accy {'Art': 19.95, 'Clipart': 42.37, 'Real World': 34.68, 'Product': 30.01}
2025-06-27 08:32:19,166 [icarl.py] => Task 10, Epoch 132/200 => Loss 2.484, Loss_clf 0.176, Loss_kd 2.306, Loss_kernel 0.001, Train_accy 95.38
2025-06-27 08:32:33,915 [icarl.py] => Task 10, Epoch 133/200 => Loss 2.460, Loss_clf 0.171, Loss_kd 2.288, Loss_kernel 0.001, Train_accy 95.55
2025-06-27 08:32:49,458 [icarl.py] => Task 10, Epoch 134/200 => Loss 2.461, Loss_clf 0.184, Loss_kd 2.276, Loss_kernel 0.001, Train_accy 94.88
2025-06-27 08:33:03,757 [icarl.py] => Task 10, Epoch 135/200 => Loss 2.470, Loss_clf 0.179, Loss_kd 2.291, Loss_kernel 0.001, Train_accy 95.45
2025-06-27 08:33:35,453 [icarl.py] => Task 10, Epoch 136/200 => Loss 2.456, Loss_clf 0.176, Loss_kd 2.279, Loss_kernel 0.001, Train_accy 95.62, Test_accy {'Art': 20.41, 'Clipart': 41.71, 'Real World': 34.55, 'Product': 31.93}
2025-06-27 08:33:49,445 [icarl.py] => Task 10, Epoch 137/200 => Loss 2.449, Loss_clf 0.168, Loss_kd 2.281, Loss_kernel 0.001, Train_accy 95.22
2025-06-27 08:34:03,942 [icarl.py] => Task 10, Epoch 138/200 => Loss 2.437, Loss_clf 0.153, Loss_kd 2.284, Loss_kernel 0.001, Train_accy 96.27
2025-06-27 08:34:18,850 [icarl.py] => Task 10, Epoch 139/200 => Loss 2.413, Loss_clf 0.158, Loss_kd 2.254, Loss_kernel 0.001, Train_accy 96.16
2025-06-27 08:34:33,902 [icarl.py] => Task 10, Epoch 140/200 => Loss 2.457, Loss_clf 0.180, Loss_kd 2.276, Loss_kernel 0.001, Train_accy 95.07
2025-06-27 08:35:04,727 [icarl.py] => Task 10, Epoch 141/200 => Loss 2.414, Loss_clf 0.149, Loss_kd 2.264, Loss_kernel 0.001, Train_accy 96.06, Test_accy {'Art': 20.41, 'Clipart': 40.66, 'Real World': 36.75, 'Product': 30.91}
2025-06-27 08:35:19,360 [icarl.py] => Task 10, Epoch 142/200 => Loss 2.398, Loss_clf 0.147, Loss_kd 2.250, Loss_kernel 0.001, Train_accy 95.98
2025-06-27 08:35:32,763 [icarl.py] => Task 10, Epoch 143/200 => Loss 2.432, Loss_clf 0.156, Loss_kd 2.275, Loss_kernel 0.001, Train_accy 95.88
2025-06-27 08:35:46,413 [icarl.py] => Task 10, Epoch 144/200 => Loss 2.404, Loss_clf 0.141, Loss_kd 2.263, Loss_kernel 0.001, Train_accy 96.33
2025-06-27 08:36:01,822 [icarl.py] => Task 10, Epoch 145/200 => Loss 2.412, Loss_clf 0.150, Loss_kd 2.262, Loss_kernel 0.001, Train_accy 96.13
2025-06-27 08:36:32,155 [icarl.py] => Task 10, Epoch 146/200 => Loss 2.405, Loss_clf 0.149, Loss_kd 2.255, Loss_kernel 0.001, Train_accy 96.52, Test_accy {'Art': 21.09, 'Clipart': 41.05, 'Real World': 35.32, 'Product': 30.27}
2025-06-27 08:36:48,187 [icarl.py] => Task 10, Epoch 147/200 => Loss 2.437, Loss_clf 0.159, Loss_kd 2.278, Loss_kernel 0.001, Train_accy 95.96
2025-06-27 08:37:02,473 [icarl.py] => Task 10, Epoch 148/200 => Loss 2.419, Loss_clf 0.154, Loss_kd 2.264, Loss_kernel 0.001, Train_accy 96.03
2025-06-27 08:37:16,277 [icarl.py] => Task 10, Epoch 149/200 => Loss 2.389, Loss_clf 0.133, Loss_kd 2.255, Loss_kernel 0.001, Train_accy 96.30
2025-06-27 08:37:30,434 [icarl.py] => Task 10, Epoch 150/200 => Loss 2.372, Loss_clf 0.137, Loss_kd 2.234, Loss_kernel 0.001, Train_accy 96.61
2025-06-27 08:38:01,506 [icarl.py] => Task 10, Epoch 151/200 => Loss 2.381, Loss_clf 0.147, Loss_kd 2.233, Loss_kernel 0.001, Train_accy 96.25, Test_accy {'Art': 21.77, 'Clipart': 40.53, 'Real World': 35.58, 'Product': 29.63}
2025-06-27 08:38:16,121 [icarl.py] => Task 10, Epoch 152/200 => Loss 2.402, Loss_clf 0.143, Loss_kd 2.259, Loss_kernel 0.001, Train_accy 96.67
2025-06-27 08:38:29,232 [icarl.py] => Task 10, Epoch 153/200 => Loss 2.382, Loss_clf 0.121, Loss_kd 2.260, Loss_kernel 0.001, Train_accy 97.28
2025-06-27 08:38:42,992 [icarl.py] => Task 10, Epoch 154/200 => Loss 2.363, Loss_clf 0.122, Loss_kd 2.240, Loss_kernel 0.001, Train_accy 96.75
2025-06-27 08:38:57,120 [icarl.py] => Task 10, Epoch 155/200 => Loss 2.371, Loss_clf 0.129, Loss_kd 2.241, Loss_kernel 0.001, Train_accy 96.61
2025-06-27 08:39:27,160 [icarl.py] => Task 10, Epoch 156/200 => Loss 2.365, Loss_clf 0.118, Loss_kd 2.247, Loss_kernel 0.001, Train_accy 97.05, Test_accy {'Art': 21.32, 'Clipart': 41.97, 'Real World': 36.1, 'Product': 30.65}
2025-06-27 08:39:41,176 [icarl.py] => Task 10, Epoch 157/200 => Loss 2.359, Loss_clf 0.115, Loss_kd 2.243, Loss_kernel 0.001, Train_accy 96.78
2025-06-27 08:39:55,298 [icarl.py] => Task 10, Epoch 158/200 => Loss 2.339, Loss_clf 0.114, Loss_kd 2.224, Loss_kernel 0.001, Train_accy 97.56
2025-06-27 08:40:08,496 [icarl.py] => Task 10, Epoch 159/200 => Loss 2.354, Loss_clf 0.110, Loss_kd 2.243, Loss_kernel 0.001, Train_accy 97.59
2025-06-27 08:40:21,951 [icarl.py] => Task 10, Epoch 160/200 => Loss 2.395, Loss_clf 0.131, Loss_kd 2.264, Loss_kernel 0.001, Train_accy 96.55
2025-06-27 08:40:55,225 [icarl.py] => Task 10, Epoch 161/200 => Loss 2.387, Loss_clf 0.135, Loss_kd 2.251, Loss_kernel 0.001, Train_accy 96.61, Test_accy {'Art': 20.86, 'Clipart': 40.79, 'Real World': 34.81, 'Product': 31.16}
2025-06-27 08:41:09,503 [icarl.py] => Task 10, Epoch 162/200 => Loss 2.369, Loss_clf 0.124, Loss_kd 2.244, Loss_kernel 0.001, Train_accy 96.93
2025-06-27 08:41:23,202 [icarl.py] => Task 10, Epoch 163/200 => Loss 2.373, Loss_clf 0.125, Loss_kd 2.247, Loss_kernel 0.001, Train_accy 96.87
2025-06-27 08:41:36,563 [icarl.py] => Task 10, Epoch 164/200 => Loss 2.390, Loss_clf 0.129, Loss_kd 2.260, Loss_kernel 0.001, Train_accy 96.55
2025-06-27 08:41:50,474 [icarl.py] => Task 10, Epoch 165/200 => Loss 2.351, Loss_clf 0.112, Loss_kd 2.238, Loss_kernel 0.001, Train_accy 97.25
2025-06-27 08:42:21,311 [icarl.py] => Task 10, Epoch 166/200 => Loss 2.408, Loss_clf 0.139, Loss_kd 2.268, Loss_kernel 0.001, Train_accy 96.49, Test_accy {'Art': 20.86, 'Clipart': 40.92, 'Real World': 35.84, 'Product': 31.42}
2025-06-27 08:42:35,439 [icarl.py] => Task 10, Epoch 167/200 => Loss 2.338, Loss_clf 0.110, Loss_kd 2.227, Loss_kernel 0.001, Train_accy 97.33
2025-06-27 08:42:50,189 [icarl.py] => Task 10, Epoch 168/200 => Loss 2.372, Loss_clf 0.134, Loss_kd 2.237, Loss_kernel 0.001, Train_accy 96.38
2025-06-27 08:43:04,282 [icarl.py] => Task 10, Epoch 169/200 => Loss 2.370, Loss_clf 0.131, Loss_kd 2.238, Loss_kernel 0.001, Train_accy 97.11
2025-06-27 08:43:18,648 [icarl.py] => Task 10, Epoch 170/200 => Loss 2.343, Loss_clf 0.116, Loss_kd 2.227, Loss_kernel 0.001, Train_accy 96.74
2025-06-27 08:43:51,120 [icarl.py] => Task 10, Epoch 171/200 => Loss 2.349, Loss_clf 0.105, Loss_kd 2.243, Loss_kernel 0.001, Train_accy 97.47, Test_accy {'Art': 20.41, 'Clipart': 40.26, 'Real World': 36.49, 'Product': 31.29}
2025-06-27 08:44:04,992 [icarl.py] => Task 10, Epoch 172/200 => Loss 2.342, Loss_clf 0.108, Loss_kd 2.233, Loss_kernel 0.001, Train_accy 97.27
2025-06-27 08:44:19,922 [icarl.py] => Task 10, Epoch 173/200 => Loss 2.396, Loss_clf 0.139, Loss_kd 2.257, Loss_kernel 0.001, Train_accy 96.13
2025-06-27 08:44:34,611 [icarl.py] => Task 10, Epoch 174/200 => Loss 2.356, Loss_clf 0.113, Loss_kd 2.242, Loss_kernel 0.001, Train_accy 97.34
2025-06-27 08:44:48,106 [icarl.py] => Task 10, Epoch 175/200 => Loss 2.312, Loss_clf 0.090, Loss_kd 2.221, Loss_kernel 0.001, Train_accy 97.91
2025-06-27 08:45:19,237 [icarl.py] => Task 10, Epoch 176/200 => Loss 2.338, Loss_clf 0.101, Loss_kd 2.237, Loss_kernel 0.001, Train_accy 97.63, Test_accy {'Art': 20.86, 'Clipart': 40.79, 'Real World': 35.71, 'Product': 31.16}
2025-06-27 08:45:32,610 [icarl.py] => Task 10, Epoch 177/200 => Loss 2.355, Loss_clf 0.109, Loss_kd 2.245, Loss_kernel 0.001, Train_accy 97.51
2025-06-27 08:45:47,075 [icarl.py] => Task 10, Epoch 178/200 => Loss 2.343, Loss_clf 0.095, Loss_kd 2.247, Loss_kernel 0.001, Train_accy 98.00
2025-06-27 08:46:01,068 [icarl.py] => Task 10, Epoch 179/200 => Loss 2.353, Loss_clf 0.106, Loss_kd 2.246, Loss_kernel 0.001, Train_accy 97.64
2025-06-27 08:46:15,372 [icarl.py] => Task 10, Epoch 180/200 => Loss 2.350, Loss_clf 0.102, Loss_kd 2.248, Loss_kernel 0.001, Train_accy 97.55
2025-06-27 08:46:46,658 [icarl.py] => Task 10, Epoch 181/200 => Loss 2.321, Loss_clf 0.111, Loss_kd 2.210, Loss_kernel 0.001, Train_accy 97.23, Test_accy {'Art': 21.09, 'Clipart': 41.05, 'Real World': 36.36, 'Product': 31.67}
2025-06-27 08:46:59,737 [icarl.py] => Task 10, Epoch 182/200 => Loss 2.348, Loss_clf 0.115, Loss_kd 2.232, Loss_kernel 0.001, Train_accy 97.36
2025-06-27 08:47:13,830 [icarl.py] => Task 10, Epoch 183/200 => Loss 2.350, Loss_clf 0.107, Loss_kd 2.243, Loss_kernel 0.001, Train_accy 97.59
2025-06-27 08:47:28,349 [icarl.py] => Task 10, Epoch 184/200 => Loss 2.370, Loss_clf 0.115, Loss_kd 2.253, Loss_kernel 0.001, Train_accy 97.33
2025-06-27 08:47:42,141 [icarl.py] => Task 10, Epoch 185/200 => Loss 2.347, Loss_clf 0.110, Loss_kd 2.237, Loss_kernel 0.001, Train_accy 97.41
2025-06-27 08:48:14,002 [icarl.py] => Task 10, Epoch 186/200 => Loss 2.343, Loss_clf 0.114, Loss_kd 2.228, Loss_kernel 0.001, Train_accy 97.34, Test_accy {'Art': 20.86, 'Clipart': 40.66, 'Real World': 35.19, 'Product': 31.03}
2025-06-27 08:48:27,038 [icarl.py] => Task 10, Epoch 187/200 => Loss 2.330, Loss_clf 0.093, Loss_kd 2.236, Loss_kernel 0.001, Train_accy 97.86
2025-06-27 08:48:40,493 [icarl.py] => Task 10, Epoch 188/200 => Loss 2.327, Loss_clf 0.115, Loss_kd 2.211, Loss_kernel 0.001, Train_accy 96.97
2025-06-27 08:48:53,278 [icarl.py] => Task 10, Epoch 189/200 => Loss 2.337, Loss_clf 0.107, Loss_kd 2.230, Loss_kernel 0.001, Train_accy 97.45
2025-06-27 08:49:06,050 [icarl.py] => Task 10, Epoch 190/200 => Loss 2.361, Loss_clf 0.113, Loss_kd 2.247, Loss_kernel 0.001, Train_accy 97.18
2025-06-27 08:49:36,034 [icarl.py] => Task 10, Epoch 191/200 => Loss 2.350, Loss_clf 0.114, Loss_kd 2.235, Loss_kernel 0.001, Train_accy 97.27, Test_accy {'Art': 20.86, 'Clipart': 40.26, 'Real World': 35.84, 'Product': 31.55}
2025-06-27 08:49:49,049 [icarl.py] => Task 10, Epoch 192/200 => Loss 2.334, Loss_clf 0.102, Loss_kd 2.231, Loss_kernel 0.001, Train_accy 97.73
2025-06-27 08:50:02,107 [icarl.py] => Task 10, Epoch 193/200 => Loss 2.317, Loss_clf 0.098, Loss_kd 2.219, Loss_kernel 0.001, Train_accy 97.95
2025-06-27 08:50:15,390 [icarl.py] => Task 10, Epoch 194/200 => Loss 2.326, Loss_clf 0.108, Loss_kd 2.218, Loss_kernel 0.001, Train_accy 97.54
2025-06-27 08:50:28,321 [icarl.py] => Task 10, Epoch 195/200 => Loss 2.310, Loss_clf 0.094, Loss_kd 2.214, Loss_kernel 0.001, Train_accy 98.04
2025-06-27 08:50:57,827 [icarl.py] => Task 10, Epoch 196/200 => Loss 2.345, Loss_clf 0.112, Loss_kd 2.232, Loss_kernel 0.001, Train_accy 97.54, Test_accy {'Art': 21.09, 'Clipart': 41.45, 'Real World': 35.84, 'Product': 32.18}
2025-06-27 08:51:11,816 [icarl.py] => Task 10, Epoch 197/200 => Loss 2.345, Loss_clf 0.104, Loss_kd 2.240, Loss_kernel 0.001, Train_accy 97.73
2025-06-27 08:51:25,056 [icarl.py] => Task 10, Epoch 198/200 => Loss 2.328, Loss_clf 0.093, Loss_kd 2.234, Loss_kernel 0.001, Train_accy 98.13
2025-06-27 08:51:38,509 [icarl.py] => Task 10, Epoch 199/200 => Loss 2.333, Loss_clf 0.116, Loss_kd 2.216, Loss_kernel 0.001, Train_accy 97.36
2025-06-27 08:51:50,861 [icarl.py] => Task 10, Epoch 200/200 => Loss 2.338, Loss_clf 0.092, Loss_kd 2.246, Loss_kernel 0.001, Train_accy 98.09
2025-06-27 08:51:50,862 [base.py] => Reducing exemplars...(23 per classes)
2025-06-27 08:52:22,759 [base.py] => Constructing exemplars...(23 per classes)
2025-06-27 08:53:09,951 [icarl.py] => Exemplar size: 1265
2025-06-27 08:53:10,968 [trainer.py] => CNN [Art]: {'total': 21.54, '00-04': 47.37, '05-09': 26.47, '10-14': 21.62, '15-19': 25.93, '20-24': 23.68, '25-29': 8.82, '30-34': 12.73, '35-39': 7.32, '40-44': 7.89, '45-49': 20.0, '50-54': 36.73, 'old': 19.64, 'new': 36.73}
2025-06-27 08:53:10,969 [trainer.py] => NME [Art]: {'total': 22.0, '00-04': 36.84, '05-09': 23.53, '10-14': 21.62, '15-19': 22.22, '20-24': 21.05, '25-29': 8.82, '30-34': 12.73, '35-39': 14.63, '40-44': 7.89, '45-49': 32.0, '50-54': 36.73, 'old': 20.15, 'new': 36.73}
2025-06-27 08:53:10,969 [trainer.py] => CNN [Art] top1 curve: [63.16, 52.78, 50.46, 42.65, 35.63, 28.85, 27.76, 26.97, 20.18, 22.7, 21.54]
2025-06-27 08:53:10,969 [trainer.py] => CNN [Art] top5 curve: [97.37, 83.33, 73.39, 72.79, 61.49, 55.77, 53.99, 52.63, 43.27, 44.13, 39.91]
2025-06-27 08:53:10,969 [trainer.py] => NME [Art] top1 curve: [71.05, 61.11, 51.38, 44.85, 41.95, 33.17, 33.08, 29.28, 20.47, 23.72, 22.0]
2025-06-27 08:53:10,969 [trainer.py] => NME [Art] top5 curve: [100.0, 86.11, 77.06, 72.06, 70.11, 60.1, 58.56, 57.57, 47.08, 46.68, 45.8]
2025-06-27 08:53:10,969 [trainer.py] => Average Accuracy [Art] (CNN): 35.698181818181816
2025-06-27 08:53:10,970 [trainer.py] => Average Accuracy [Art] (NME): 39.27818181818182
2025-06-27 08:53:10,970 [trainer.py] => CNN [Clipart]: {'total': 41.58, '00-04': 50.0, '05-09': 48.39, '10-14': 33.33, '15-19': 50.94, '20-24': 24.72, '25-29': 17.74, '30-34': 40.62, '35-39': 14.75, '40-44': 48.48, '45-49': 43.75, '50-54': 73.68, 'old': 36.99, 'new': 73.68}
2025-06-27 08:53:10,970 [trainer.py] => NME [Clipart]: {'total': 42.89, '00-04': 47.44, '05-09': 48.39, '10-14': 36.36, '15-19': 52.83, '20-24': 28.09, '25-29': 17.74, '30-34': 42.19, '35-39': 26.23, '40-44': 51.52, '45-49': 46.88, '50-54': 67.37, 'old': 39.4, 'new': 67.37}
2025-06-27 08:53:10,970 [trainer.py] => CNN [Clipart] top1 curve: [70.51, 64.29, 68.93, 67.18, 60.63, 55.85, 52.11, 46.17, 40.6, 40.0, 41.58]
2025-06-27 08:53:10,970 [trainer.py] => CNN [Clipart] top5 curve: [100.0, 91.43, 87.86, 84.56, 81.9, 78.05, 73.84, 68.79, 64.06, 65.71, 62.89]
2025-06-27 08:53:10,970 [trainer.py] => NME [Clipart] top1 curve: [69.23, 67.14, 72.33, 68.34, 62.07, 56.1, 55.27, 47.48, 43.59, 43.01, 42.89]
2025-06-27 08:53:10,970 [trainer.py] => NME [Clipart] top5 curve: [100.0, 92.14, 88.83, 84.94, 84.77, 79.51, 77.22, 73.64, 66.06, 68.57, 66.84]
2025-06-27 08:53:10,970 [trainer.py] => Average Accuracy [Clipart] (CNN): 55.25909090909091
2025-06-27 08:53:10,971 [trainer.py] => Average Accuracy [Clipart] (NME): 57.040909090909096
2025-06-27 08:53:10,971 [trainer.py] => CNN [Product]: {'total': 32.31, '00-04': 56.47, '05-09': 43.75, '10-14': 40.32, '15-19': 25.97, '20-24': 42.62, '25-29': 21.52, '30-34': 16.42, '35-39': 13.64, '40-44': 28.57, '45-49': 25.35, '50-54': 36.92, 'old': 31.89, 'new': 36.92}
2025-06-27 08:53:10,971 [trainer.py] => NME [Product]: {'total': 31.42, '00-04': 34.12, '05-09': 38.75, '10-14': 40.32, '15-19': 20.78, '20-24': 42.62, '25-29': 24.05, '30-34': 26.87, '35-39': 15.15, '40-44': 34.29, '45-49': 36.62, '50-54': 33.85, 'old': 31.2, 'new': 33.85}
2025-06-27 08:53:10,971 [trainer.py] => CNN [Product] top1 curve: [70.59, 53.33, 53.3, 47.37, 45.75, 42.57, 40.9, 37.61, 31.84, 31.48, 32.31]
2025-06-27 08:53:10,971 [trainer.py] => CNN [Product] top5 curve: [98.82, 87.27, 83.26, 79.28, 76.99, 73.87, 73.58, 66.9, 60.28, 62.26, 59.26]
2025-06-27 08:53:10,971 [trainer.py] => NME [Product] top1 curve: [69.41, 56.97, 55.07, 46.05, 45.75, 45.72, 41.88, 37.26, 33.85, 33.43, 31.42]
2025-06-27 08:53:10,971 [trainer.py] => NME [Product] top5 curve: [100.0, 94.55, 88.55, 84.21, 80.27, 76.35, 74.95, 70.71, 61.98, 64.76, 62.07]
2025-06-27 08:53:10,971 [trainer.py] => Average Accuracy [Product] (CNN): 44.27727272727273
2025-06-27 08:53:10,972 [trainer.py] => Average Accuracy [Product] (NME): 45.164545454545454
2025-06-27 08:53:10,972 [trainer.py] => CNN [Real World]: {'total': 36.36, '00-04': 36.99, '05-09': 54.41, '10-14': 30.56, '15-19': 31.34, '20-24': 16.92, '25-29': 35.06, '30-34': 36.0, '35-39': 18.64, '40-44': 23.44, '45-49': 38.89, '50-54': 69.23, 'old': 32.66, 'new': 69.23}
2025-06-27 08:53:10,972 [trainer.py] => NME [Real World]: {'total': 39.48, '00-04': 34.25, '05-09': 57.35, '10-14': 27.78, '15-19': 37.31, '20-24': 20.0, '25-29': 42.86, '30-34': 48.0, '35-39': 23.73, '40-44': 23.44, '45-49': 43.06, '50-54': 67.95, 'old': 36.27, 'new': 67.95}
2025-06-27 08:53:10,972 [trainer.py] => CNN [Real World] top1 curve: [69.86, 63.83, 55.4, 48.93, 44.64, 42.89, 44.87, 42.81, 34.84, 33.96, 36.36]
2025-06-27 08:53:10,972 [trainer.py] => CNN [Real World] top5 curve: [98.63, 92.2, 81.69, 77.5, 74.2, 71.8, 72.03, 67.27, 59.19, 61.71, 61.43]
2025-06-27 08:53:10,972 [trainer.py] => NME [Real World] top1 curve: [71.23, 60.28, 56.81, 52.86, 48.7, 45.5, 48.29, 44.24, 37.58, 36.99, 39.48]
2025-06-27 08:53:10,972 [trainer.py] => NME [Real World] top5 curve: [100.0, 94.33, 87.32, 82.86, 80.29, 77.73, 75.05, 71.22, 63.06, 66.33, 65.45]
2025-06-27 08:53:10,972 [trainer.py] => Average Accuracy [Real World] (CNN): 47.126363636363635
2025-06-27 08:53:10,973 [trainer.py] => Average Accuracy [Real World] (NME): 49.26909090909091
2025-06-27 08:53:10,973 [trainer.py] => NME Harmonic Mean : 33.0192
2025-06-27 08:53:10,973 [trainer.py] => NME Macro Mean : 33.9475
2025-06-27 08:53:10,973 [trainer.py] => CNN Harmonic Mean : 32.7295
2025-06-27 08:53:10,973 [trainer.py] => CNN Macro Mean : 32.9475
2025-06-27 08:53:10,974 [trainer.py] => All params: 21318017
2025-06-27 08:53:10,975 [trainer.py] => Trainable params: 21318017
2025-06-27 08:53:10,977 [icarl.py] => Learning on 55-60
2025-06-27 08:53:44,508 [icarl.py] => Task 11, Epoch 1/200 => Loss 5.615, Loss_clf 2.658, Loss_kd 2.954, Loss_kernel 0.003, Train_accy 35.79, Test_accy {'Art': 4.36, 'Clipart': 6.19, 'Real World': 6.01, 'Product': 4.99}
2025-06-27 08:53:59,835 [icarl.py] => Task 11, Epoch 2/200 => Loss 7.190, Loss_clf 3.481, Loss_kd 3.703, Loss_kernel 0.006, Train_accy 18.04
2025-06-27 08:54:15,589 [icarl.py] => Task 11, Epoch 3/200 => Loss 6.344, Loss_clf 2.886, Loss_kd 3.453, Loss_kernel 0.005, Train_accy 25.57
2025-06-27 08:54:29,457 [icarl.py] => Task 11, Epoch 4/200 => Loss 5.871, Loss_clf 2.578, Loss_kd 3.289, Loss_kernel 0.004, Train_accy 32.38
2025-06-27 08:54:44,597 [icarl.py] => Task 11, Epoch 5/200 => Loss 5.416, Loss_clf 2.271, Loss_kd 3.142, Loss_kernel 0.003, Train_accy 37.43
2025-06-27 08:55:18,484 [icarl.py] => Task 11, Epoch 6/200 => Loss 5.169, Loss_clf 2.127, Loss_kd 3.038, Loss_kernel 0.003, Train_accy 41.98, Test_accy {'Art': 13.69, 'Clipart': 25.61, 'Real World': 22.52, 'Product': 17.0}
2025-06-27 08:55:32,572 [icarl.py] => Task 11, Epoch 7/200 => Loss 5.072, Loss_clf 2.062, Loss_kd 3.007, Loss_kernel 0.003, Train_accy 42.08
2025-06-27 08:55:47,050 [icarl.py] => Task 11, Epoch 8/200 => Loss 4.892, Loss_clf 1.945, Loss_kd 2.943, Loss_kernel 0.003, Train_accy 45.08
2025-06-27 08:56:01,654 [icarl.py] => Task 11, Epoch 9/200 => Loss 4.614, Loss_clf 1.755, Loss_kd 2.856, Loss_kernel 0.003, Train_accy 50.87
2025-06-27 08:56:16,857 [icarl.py] => Task 11, Epoch 10/200 => Loss 4.410, Loss_clf 1.614, Loss_kd 2.793, Loss_kernel 0.003, Train_accy 53.24
2025-06-27 08:56:50,181 [icarl.py] => Task 11, Epoch 11/200 => Loss 4.264, Loss_clf 1.505, Loss_kd 2.755, Loss_kernel 0.004, Train_accy 57.29, Test_accy {'Art': 11.41, 'Clipart': 28.64, 'Real World': 22.29, 'Product': 15.93}
2025-06-27 08:57:05,384 [icarl.py] => Task 11, Epoch 12/200 => Loss 4.190, Loss_clf 1.464, Loss_kd 2.723, Loss_kernel 0.003, Train_accy 56.97
2025-06-27 08:57:18,750 [icarl.py] => Task 11, Epoch 13/200 => Loss 4.127, Loss_clf 1.413, Loss_kd 2.710, Loss_kernel 0.003, Train_accy 60.02
2025-06-27 08:57:33,923 [icarl.py] => Task 11, Epoch 14/200 => Loss 4.072, Loss_clf 1.373, Loss_kd 2.695, Loss_kernel 0.003, Train_accy 60.12
2025-06-27 08:57:48,779 [icarl.py] => Task 11, Epoch 15/200 => Loss 3.922, Loss_clf 1.271, Loss_kd 2.647, Loss_kernel 0.003, Train_accy 63.78
2025-06-27 08:58:22,268 [icarl.py] => Task 11, Epoch 16/200 => Loss 3.874, Loss_clf 1.233, Loss_kd 2.638, Loss_kernel 0.003, Train_accy 65.61, Test_accy {'Art': 16.6, 'Clipart': 31.31, 'Real World': 29.48, 'Product': 24.73}
2025-06-27 08:58:37,048 [icarl.py] => Task 11, Epoch 17/200 => Loss 3.610, Loss_clf 1.048, Loss_kd 2.559, Loss_kernel 0.003, Train_accy 69.96
2025-06-27 08:58:51,382 [icarl.py] => Task 11, Epoch 18/200 => Loss 3.543, Loss_clf 0.999, Loss_kd 2.542, Loss_kernel 0.003, Train_accy 70.26
2025-06-27 08:59:07,129 [icarl.py] => Task 11, Epoch 19/200 => Loss 3.483, Loss_clf 0.954, Loss_kd 2.526, Loss_kernel 0.003, Train_accy 72.11
2025-06-27 08:59:21,485 [icarl.py] => Task 11, Epoch 20/200 => Loss 3.405, Loss_clf 0.896, Loss_kd 2.507, Loss_kernel 0.003, Train_accy 74.27
2025-06-27 08:59:53,670 [icarl.py] => Task 11, Epoch 21/200 => Loss 3.497, Loss_clf 0.972, Loss_kd 2.522, Loss_kernel 0.003, Train_accy 72.28, Test_accy {'Art': 14.94, 'Clipart': 31.8, 'Real World': 27.71, 'Product': 20.81}
2025-06-27 09:00:07,705 [icarl.py] => Task 11, Epoch 22/200 => Loss 3.343, Loss_clf 0.842, Loss_kd 2.498, Loss_kernel 0.003, Train_accy 75.56
2025-06-27 09:00:22,137 [icarl.py] => Task 11, Epoch 23/200 => Loss 3.319, Loss_clf 0.842, Loss_kd 2.475, Loss_kernel 0.003, Train_accy 77.16
2025-06-27 09:00:36,638 [icarl.py] => Task 11, Epoch 24/200 => Loss 3.287, Loss_clf 0.836, Loss_kd 2.448, Loss_kernel 0.003, Train_accy 76.22
2025-06-27 09:00:50,353 [icarl.py] => Task 11, Epoch 25/200 => Loss 3.342, Loss_clf 0.867, Loss_kd 2.472, Loss_kernel 0.003, Train_accy 75.74
2025-06-27 09:01:23,050 [icarl.py] => Task 11, Epoch 26/200 => Loss 3.231, Loss_clf 0.778, Loss_kd 2.450, Loss_kernel 0.003, Train_accy 78.16, Test_accy {'Art': 15.15, 'Clipart': 33.86, 'Real World': 29.25, 'Product': 25.09}
2025-06-27 09:01:38,309 [icarl.py] => Task 11, Epoch 27/200 => Loss 3.208, Loss_clf 0.767, Loss_kd 2.439, Loss_kernel 0.003, Train_accy 78.29
2025-06-27 09:01:52,280 [icarl.py] => Task 11, Epoch 28/200 => Loss 3.271, Loss_clf 0.808, Loss_kd 2.460, Loss_kernel 0.003, Train_accy 78.39
2025-06-27 09:02:05,774 [icarl.py] => Task 11, Epoch 29/200 => Loss 3.167, Loss_clf 0.721, Loss_kd 2.443, Loss_kernel 0.003, Train_accy 79.85
2025-06-27 09:02:20,250 [icarl.py] => Task 11, Epoch 30/200 => Loss 3.206, Loss_clf 0.761, Loss_kd 2.443, Loss_kernel 0.003, Train_accy 78.85
2025-06-27 09:02:54,004 [icarl.py] => Task 11, Epoch 31/200 => Loss 3.196, Loss_clf 0.774, Loss_kd 2.419, Loss_kernel 0.003, Train_accy 77.79, Test_accy {'Art': 16.6, 'Clipart': 34.47, 'Real World': 27.71, 'Product': 24.02}
2025-06-27 09:03:09,093 [icarl.py] => Task 11, Epoch 32/200 => Loss 3.247, Loss_clf 0.769, Loss_kd 2.475, Loss_kernel 0.003, Train_accy 78.45
2025-06-27 09:03:24,311 [icarl.py] => Task 11, Epoch 33/200 => Loss 3.161, Loss_clf 0.724, Loss_kd 2.434, Loss_kernel 0.003, Train_accy 79.84
2025-06-27 09:03:38,692 [icarl.py] => Task 11, Epoch 34/200 => Loss 3.094, Loss_clf 0.657, Loss_kd 2.434, Loss_kernel 0.003, Train_accy 81.25
2025-06-27 09:03:53,071 [icarl.py] => Task 11, Epoch 35/200 => Loss 3.108, Loss_clf 0.689, Loss_kd 2.416, Loss_kernel 0.003, Train_accy 81.43
2025-06-27 09:04:27,849 [icarl.py] => Task 11, Epoch 36/200 => Loss 3.065, Loss_clf 0.652, Loss_kd 2.411, Loss_kernel 0.003, Train_accy 81.15, Test_accy {'Art': 18.26, 'Clipart': 34.34, 'Real World': 27.48, 'Product': 22.71}
2025-06-27 09:04:42,531 [icarl.py] => Task 11, Epoch 37/200 => Loss 3.098, Loss_clf 0.683, Loss_kd 2.412, Loss_kernel 0.003, Train_accy 80.05
2025-06-27 09:04:56,699 [icarl.py] => Task 11, Epoch 38/200 => Loss 2.992, Loss_clf 0.604, Loss_kd 2.386, Loss_kernel 0.002, Train_accy 82.89
2025-06-27 09:05:11,360 [icarl.py] => Task 11, Epoch 39/200 => Loss 3.008, Loss_clf 0.634, Loss_kd 2.371, Loss_kernel 0.003, Train_accy 82.04
2025-06-27 09:05:25,587 [icarl.py] => Task 11, Epoch 40/200 => Loss 3.035, Loss_clf 0.637, Loss_kd 2.396, Loss_kernel 0.003, Train_accy 81.97
2025-06-27 09:05:58,940 [icarl.py] => Task 11, Epoch 41/200 => Loss 2.954, Loss_clf 0.588, Loss_kd 2.363, Loss_kernel 0.003, Train_accy 82.30, Test_accy {'Art': 17.01, 'Clipart': 31.31, 'Real World': 28.07, 'Product': 24.61}
2025-06-27 09:06:12,263 [icarl.py] => Task 11, Epoch 42/200 => Loss 2.907, Loss_clf 0.557, Loss_kd 2.347, Loss_kernel 0.003, Train_accy 84.21
2025-06-27 09:06:26,010 [icarl.py] => Task 11, Epoch 43/200 => Loss 2.967, Loss_clf 0.604, Loss_kd 2.361, Loss_kernel 0.002, Train_accy 82.42
2025-06-27 09:06:39,043 [icarl.py] => Task 11, Epoch 44/200 => Loss 2.935, Loss_clf 0.587, Loss_kd 2.345, Loss_kernel 0.003, Train_accy 83.93
2025-06-27 09:06:53,138 [icarl.py] => Task 11, Epoch 45/200 => Loss 2.962, Loss_clf 0.591, Loss_kd 2.368, Loss_kernel 0.003, Train_accy 83.28
2025-06-27 09:07:26,362 [icarl.py] => Task 11, Epoch 46/200 => Loss 2.901, Loss_clf 0.543, Loss_kd 2.356, Loss_kernel 0.002, Train_accy 85.78, Test_accy {'Art': 18.88, 'Clipart': 34.59, 'Real World': 30.07, 'Product': 26.4}
2025-06-27 09:07:41,689 [icarl.py] => Task 11, Epoch 47/200 => Loss 2.890, Loss_clf 0.533, Loss_kd 2.355, Loss_kernel 0.002, Train_accy 84.87
2025-06-27 09:07:56,719 [icarl.py] => Task 11, Epoch 48/200 => Loss 2.961, Loss_clf 0.599, Loss_kd 2.359, Loss_kernel 0.002, Train_accy 82.66
2025-06-27 09:08:10,490 [icarl.py] => Task 11, Epoch 49/200 => Loss 2.902, Loss_clf 0.540, Loss_kd 2.359, Loss_kernel 0.002, Train_accy 84.18
2025-06-27 09:08:24,004 [icarl.py] => Task 11, Epoch 50/200 => Loss 2.875, Loss_clf 0.507, Loss_kd 2.366, Loss_kernel 0.002, Train_accy 85.50
2025-06-27 09:08:56,226 [icarl.py] => Task 11, Epoch 51/200 => Loss 2.856, Loss_clf 0.527, Loss_kd 2.326, Loss_kernel 0.002, Train_accy 85.94, Test_accy {'Art': 17.01, 'Clipart': 34.71, 'Real World': 28.42, 'Product': 27.35}
2025-06-27 09:09:10,092 [icarl.py] => Task 11, Epoch 52/200 => Loss 2.870, Loss_clf 0.519, Loss_kd 2.348, Loss_kernel 0.002, Train_accy 85.12
2025-06-27 09:09:23,945 [icarl.py] => Task 11, Epoch 53/200 => Loss 2.832, Loss_clf 0.507, Loss_kd 2.322, Loss_kernel 0.002, Train_accy 85.60
2025-06-27 09:09:37,366 [icarl.py] => Task 11, Epoch 54/200 => Loss 2.864, Loss_clf 0.531, Loss_kd 2.331, Loss_kernel 0.002, Train_accy 85.14
2025-06-27 09:09:50,420 [icarl.py] => Task 11, Epoch 55/200 => Loss 2.810, Loss_clf 0.475, Loss_kd 2.332, Loss_kernel 0.002, Train_accy 86.28
2025-06-27 09:10:22,925 [icarl.py] => Task 11, Epoch 56/200 => Loss 2.825, Loss_clf 0.510, Loss_kd 2.313, Loss_kernel 0.002, Train_accy 85.78, Test_accy {'Art': 18.88, 'Clipart': 34.71, 'Real World': 29.6, 'Product': 25.8}
2025-06-27 09:10:37,485 [icarl.py] => Task 11, Epoch 57/200 => Loss 2.869, Loss_clf 0.518, Loss_kd 2.349, Loss_kernel 0.002, Train_accy 84.94
2025-06-27 09:10:52,120 [icarl.py] => Task 11, Epoch 58/200 => Loss 2.882, Loss_clf 0.528, Loss_kd 2.352, Loss_kernel 0.002, Train_accy 85.39
2025-06-27 09:11:07,031 [icarl.py] => Task 11, Epoch 59/200 => Loss 2.841, Loss_clf 0.499, Loss_kd 2.340, Loss_kernel 0.002, Train_accy 86.21
2025-06-27 09:11:20,776 [icarl.py] => Task 11, Epoch 60/200 => Loss 2.794, Loss_clf 0.469, Loss_kd 2.323, Loss_kernel 0.002, Train_accy 86.60
2025-06-27 09:11:54,688 [icarl.py] => Task 11, Epoch 61/200 => Loss 2.756, Loss_clf 0.443, Loss_kd 2.311, Loss_kernel 0.002, Train_accy 87.62, Test_accy {'Art': 15.98, 'Clipart': 33.01, 'Real World': 27.83, 'Product': 23.31}
2025-06-27 09:12:08,513 [icarl.py] => Task 11, Epoch 62/200 => Loss 2.751, Loss_clf 0.441, Loss_kd 2.308, Loss_kernel 0.002, Train_accy 87.87
2025-06-27 09:12:21,547 [icarl.py] => Task 11, Epoch 63/200 => Loss 2.666, Loss_clf 0.402, Loss_kd 2.262, Loss_kernel 0.002, Train_accy 88.62
2025-06-27 09:12:35,695 [icarl.py] => Task 11, Epoch 64/200 => Loss 2.717, Loss_clf 0.419, Loss_kd 2.297, Loss_kernel 0.002, Train_accy 88.08
2025-06-27 09:12:49,663 [icarl.py] => Task 11, Epoch 65/200 => Loss 2.752, Loss_clf 0.457, Loss_kd 2.294, Loss_kernel 0.002, Train_accy 87.76
2025-06-27 09:13:22,241 [icarl.py] => Task 11, Epoch 66/200 => Loss 2.755, Loss_clf 0.451, Loss_kd 2.302, Loss_kernel 0.002, Train_accy 87.30, Test_accy {'Art': 19.09, 'Clipart': 35.8, 'Real World': 27.95, 'Product': 24.61}
2025-06-27 09:13:36,153 [icarl.py] => Task 11, Epoch 67/200 => Loss 2.837, Loss_clf 0.506, Loss_kd 2.329, Loss_kernel 0.002, Train_accy 86.33
2025-06-27 09:13:50,041 [icarl.py] => Task 11, Epoch 68/200 => Loss 2.772, Loss_clf 0.452, Loss_kd 2.319, Loss_kernel 0.002, Train_accy 87.43
2025-06-27 09:14:04,008 [icarl.py] => Task 11, Epoch 69/200 => Loss 2.715, Loss_clf 0.422, Loss_kd 2.291, Loss_kernel 0.002, Train_accy 88.49
2025-06-27 09:14:16,930 [icarl.py] => Task 11, Epoch 70/200 => Loss 2.699, Loss_clf 0.416, Loss_kd 2.281, Loss_kernel 0.002, Train_accy 88.79
2025-06-27 09:14:49,289 [icarl.py] => Task 11, Epoch 71/200 => Loss 2.649, Loss_clf 0.369, Loss_kd 2.279, Loss_kernel 0.002, Train_accy 89.40, Test_accy {'Art': 17.22, 'Clipart': 34.47, 'Real World': 30.54, 'Product': 24.38}
2025-06-27 09:15:03,043 [icarl.py] => Task 11, Epoch 72/200 => Loss 2.658, Loss_clf 0.385, Loss_kd 2.271, Loss_kernel 0.002, Train_accy 88.71
2025-06-27 09:15:17,223 [icarl.py] => Task 11, Epoch 73/200 => Loss 2.715, Loss_clf 0.421, Loss_kd 2.292, Loss_kernel 0.002, Train_accy 88.55
2025-06-27 09:15:31,421 [icarl.py] => Task 11, Epoch 74/200 => Loss 2.680, Loss_clf 0.391, Loss_kd 2.287, Loss_kernel 0.002, Train_accy 89.06
2025-06-27 09:15:45,902 [icarl.py] => Task 11, Epoch 75/200 => Loss 2.674, Loss_clf 0.383, Loss_kd 2.289, Loss_kernel 0.002, Train_accy 89.28
2025-06-27 09:16:19,309 [icarl.py] => Task 11, Epoch 76/200 => Loss 2.684, Loss_clf 0.389, Loss_kd 2.293, Loss_kernel 0.002, Train_accy 89.57, Test_accy {'Art': 15.35, 'Clipart': 32.4, 'Real World': 27.36, 'Product': 22.12}
2025-06-27 09:16:34,270 [icarl.py] => Task 11, Epoch 77/200 => Loss 2.686, Loss_clf 0.400, Loss_kd 2.285, Loss_kernel 0.002, Train_accy 88.70
2025-06-27 09:16:48,541 [icarl.py] => Task 11, Epoch 78/200 => Loss 2.694, Loss_clf 0.393, Loss_kd 2.299, Loss_kernel 0.002, Train_accy 89.05
2025-06-27 09:17:04,520 [icarl.py] => Task 11, Epoch 79/200 => Loss 2.622, Loss_clf 0.368, Loss_kd 2.252, Loss_kernel 0.002, Train_accy 89.48
2025-06-27 09:17:18,831 [icarl.py] => Task 11, Epoch 80/200 => Loss 2.645, Loss_clf 0.375, Loss_kd 2.268, Loss_kernel 0.002, Train_accy 89.41
2025-06-27 09:17:51,307 [icarl.py] => Task 11, Epoch 81/200 => Loss 2.616, Loss_clf 0.353, Loss_kd 2.262, Loss_kernel 0.002, Train_accy 90.00, Test_accy {'Art': 18.26, 'Clipart': 36.04, 'Real World': 29.13, 'Product': 26.75}
2025-06-27 09:18:05,978 [icarl.py] => Task 11, Epoch 82/200 => Loss 2.573, Loss_clf 0.329, Loss_kd 2.242, Loss_kernel 0.002, Train_accy 90.72
2025-06-27 09:18:20,802 [icarl.py] => Task 11, Epoch 83/200 => Loss 2.593, Loss_clf 0.343, Loss_kd 2.248, Loss_kernel 0.002, Train_accy 90.16
2025-06-27 09:18:34,158 [icarl.py] => Task 11, Epoch 84/200 => Loss 2.545, Loss_clf 0.323, Loss_kd 2.221, Loss_kernel 0.001, Train_accy 90.98
2025-06-27 09:18:48,225 [icarl.py] => Task 11, Epoch 85/200 => Loss 2.656, Loss_clf 0.395, Loss_kd 2.260, Loss_kernel 0.002, Train_accy 89.48
2025-06-27 09:19:21,056 [icarl.py] => Task 11, Epoch 86/200 => Loss 2.588, Loss_clf 0.350, Loss_kd 2.236, Loss_kernel 0.002, Train_accy 90.56, Test_accy {'Art': 19.71, 'Clipart': 37.86, 'Real World': 30.9, 'Product': 25.21}
2025-06-27 09:19:35,506 [icarl.py] => Task 11, Epoch 87/200 => Loss 2.597, Loss_clf 0.353, Loss_kd 2.242, Loss_kernel 0.002, Train_accy 90.41
2025-06-27 09:19:49,034 [icarl.py] => Task 11, Epoch 88/200 => Loss 2.529, Loss_clf 0.300, Loss_kd 2.227, Loss_kernel 0.001, Train_accy 91.63
2025-06-27 09:20:04,205 [icarl.py] => Task 11, Epoch 89/200 => Loss 2.618, Loss_clf 0.353, Loss_kd 2.264, Loss_kernel 0.002, Train_accy 90.26
2025-06-27 09:20:18,733 [icarl.py] => Task 11, Epoch 90/200 => Loss 2.584, Loss_clf 0.327, Loss_kd 2.256, Loss_kernel 0.001, Train_accy 91.30
2025-06-27 09:20:52,756 [icarl.py] => Task 11, Epoch 91/200 => Loss 2.564, Loss_clf 0.319, Loss_kd 2.244, Loss_kernel 0.002, Train_accy 90.85, Test_accy {'Art': 20.33, 'Clipart': 33.25, 'Real World': 29.83, 'Product': 26.63}
2025-06-27 09:21:07,006 [icarl.py] => Task 11, Epoch 92/200 => Loss 2.515, Loss_clf 0.304, Loss_kd 2.209, Loss_kernel 0.001, Train_accy 91.43
2025-06-27 09:21:21,395 [icarl.py] => Task 11, Epoch 93/200 => Loss 2.491, Loss_clf 0.275, Loss_kd 2.215, Loss_kernel 0.001, Train_accy 92.32
2025-06-27 09:21:36,042 [icarl.py] => Task 11, Epoch 94/200 => Loss 2.494, Loss_clf 0.265, Loss_kd 2.227, Loss_kernel 0.001, Train_accy 92.66
2025-06-27 09:21:49,812 [icarl.py] => Task 11, Epoch 95/200 => Loss 2.501, Loss_clf 0.302, Loss_kd 2.198, Loss_kernel 0.001, Train_accy 91.49
2025-06-27 09:22:21,762 [icarl.py] => Task 11, Epoch 96/200 => Loss 2.492, Loss_clf 0.283, Loss_kd 2.207, Loss_kernel 0.001, Train_accy 92.11, Test_accy {'Art': 17.22, 'Clipart': 35.32, 'Real World': 31.25, 'Product': 21.4}
2025-06-27 09:22:35,081 [icarl.py] => Task 11, Epoch 97/200 => Loss 2.500, Loss_clf 0.284, Loss_kd 2.214, Loss_kernel 0.001, Train_accy 92.44
2025-06-27 09:22:48,394 [icarl.py] => Task 11, Epoch 98/200 => Loss 2.478, Loss_clf 0.255, Loss_kd 2.222, Loss_kernel 0.001, Train_accy 93.22
2025-06-27 09:23:00,888 [icarl.py] => Task 11, Epoch 99/200 => Loss 2.515, Loss_clf 0.293, Loss_kd 2.221, Loss_kernel 0.001, Train_accy 92.09
2025-06-27 09:23:14,859 [icarl.py] => Task 11, Epoch 100/200 => Loss 2.504, Loss_clf 0.298, Loss_kd 2.205, Loss_kernel 0.001, Train_accy 91.13
2025-06-27 09:23:47,527 [icarl.py] => Task 11, Epoch 101/200 => Loss 2.510, Loss_clf 0.271, Loss_kd 2.237, Loss_kernel 0.001, Train_accy 92.12, Test_accy {'Art': 15.98, 'Clipart': 35.68, 'Real World': 30.42, 'Product': 24.49}
2025-06-27 09:24:00,288 [icarl.py] => Task 11, Epoch 102/200 => Loss 2.544, Loss_clf 0.292, Loss_kd 2.251, Loss_kernel 0.001, Train_accy 92.30
2025-06-27 09:24:13,952 [icarl.py] => Task 11, Epoch 103/200 => Loss 2.510, Loss_clf 0.296, Loss_kd 2.212, Loss_kernel 0.001, Train_accy 92.31
2025-06-27 09:24:27,337 [icarl.py] => Task 11, Epoch 104/200 => Loss 2.446, Loss_clf 0.243, Loss_kd 2.202, Loss_kernel 0.001, Train_accy 93.85
2025-06-27 09:24:40,177 [icarl.py] => Task 11, Epoch 105/200 => Loss 2.444, Loss_clf 0.246, Loss_kd 2.196, Loss_kernel 0.001, Train_accy 93.74
2025-06-27 09:25:12,898 [icarl.py] => Task 11, Epoch 106/200 => Loss 2.493, Loss_clf 0.289, Loss_kd 2.203, Loss_kernel 0.001, Train_accy 92.79, Test_accy {'Art': 18.46, 'Clipart': 33.37, 'Real World': 29.83, 'Product': 25.33}
2025-06-27 09:25:26,629 [icarl.py] => Task 11, Epoch 107/200 => Loss 2.472, Loss_clf 0.255, Loss_kd 2.216, Loss_kernel 0.001, Train_accy 92.48
2025-06-27 09:25:39,265 [icarl.py] => Task 11, Epoch 108/200 => Loss 2.368, Loss_clf 0.211, Loss_kd 2.156, Loss_kernel 0.001, Train_accy 94.32
2025-06-27 09:25:53,477 [icarl.py] => Task 11, Epoch 109/200 => Loss 2.367, Loss_clf 0.214, Loss_kd 2.152, Loss_kernel 0.001, Train_accy 94.54
2025-06-27 09:26:06,241 [icarl.py] => Task 11, Epoch 110/200 => Loss 2.407, Loss_clf 0.228, Loss_kd 2.178, Loss_kernel 0.001, Train_accy 94.04
2025-06-27 09:26:39,591 [icarl.py] => Task 11, Epoch 111/200 => Loss 2.432, Loss_clf 0.226, Loss_kd 2.205, Loss_kernel 0.001, Train_accy 94.01, Test_accy {'Art': 19.09, 'Clipart': 35.56, 'Real World': 31.72, 'Product': 26.16}
2025-06-27 09:26:51,991 [icarl.py] => Task 11, Epoch 112/200 => Loss 2.399, Loss_clf 0.210, Loss_kd 2.187, Loss_kernel 0.001, Train_accy 94.42
2025-06-27 09:27:04,425 [icarl.py] => Task 11, Epoch 113/200 => Loss 2.333, Loss_clf 0.184, Loss_kd 2.148, Loss_kernel 0.001, Train_accy 95.54
2025-06-27 09:27:17,697 [icarl.py] => Task 11, Epoch 114/200 => Loss 2.393, Loss_clf 0.217, Loss_kd 2.174, Loss_kernel 0.001, Train_accy 94.09
2025-06-27 09:27:31,611 [icarl.py] => Task 11, Epoch 115/200 => Loss 2.425, Loss_clf 0.224, Loss_kd 2.200, Loss_kernel 0.001, Train_accy 93.38
2025-06-27 09:28:04,674 [icarl.py] => Task 11, Epoch 116/200 => Loss 2.378, Loss_clf 0.197, Loss_kd 2.179, Loss_kernel 0.001, Train_accy 94.80, Test_accy {'Art': 19.92, 'Clipart': 36.29, 'Real World': 31.84, 'Product': 26.63}
2025-06-27 09:28:17,305 [icarl.py] => Task 11, Epoch 117/200 => Loss 2.367, Loss_clf 0.221, Loss_kd 2.145, Loss_kernel 0.001, Train_accy 94.12
2025-06-27 09:28:30,955 [icarl.py] => Task 11, Epoch 118/200 => Loss 2.385, Loss_clf 0.217, Loss_kd 2.167, Loss_kernel 0.001, Train_accy 94.64
2025-06-27 09:28:44,445 [icarl.py] => Task 11, Epoch 119/200 => Loss 2.396, Loss_clf 0.227, Loss_kd 2.168, Loss_kernel 0.001, Train_accy 94.38
2025-06-27 09:28:58,443 [icarl.py] => Task 11, Epoch 120/200 => Loss 2.380, Loss_clf 0.212, Loss_kd 2.167, Loss_kernel 0.001, Train_accy 94.67
2025-06-27 09:29:30,947 [icarl.py] => Task 11, Epoch 121/200 => Loss 2.364, Loss_clf 0.188, Loss_kd 2.174, Loss_kernel 0.001, Train_accy 95.33, Test_accy {'Art': 19.71, 'Clipart': 35.68, 'Real World': 31.6, 'Product': 28.06}
2025-06-27 09:29:42,975 [icarl.py] => Task 11, Epoch 122/200 => Loss 2.374, Loss_clf 0.193, Loss_kd 2.180, Loss_kernel 0.001, Train_accy 94.80
2025-06-27 09:29:55,722 [icarl.py] => Task 11, Epoch 123/200 => Loss 2.367, Loss_clf 0.189, Loss_kd 2.177, Loss_kernel 0.001, Train_accy 94.78
2025-06-27 09:30:08,458 [icarl.py] => Task 11, Epoch 124/200 => Loss 2.310, Loss_clf 0.171, Loss_kd 2.138, Loss_kernel 0.001, Train_accy 95.59
2025-06-27 09:30:21,081 [icarl.py] => Task 11, Epoch 125/200 => Loss 2.285, Loss_clf 0.149, Loss_kd 2.135, Loss_kernel 0.001, Train_accy 96.05
2025-06-27 09:30:53,059 [icarl.py] => Task 11, Epoch 126/200 => Loss 2.333, Loss_clf 0.192, Loss_kd 2.140, Loss_kernel 0.001, Train_accy 95.16, Test_accy {'Art': 19.92, 'Clipart': 36.29, 'Real World': 32.67, 'Product': 28.06}
2025-06-27 09:31:06,452 [icarl.py] => Task 11, Epoch 127/200 => Loss 2.371, Loss_clf 0.189, Loss_kd 2.181, Loss_kernel 0.001, Train_accy 95.07
2025-06-27 09:31:18,912 [icarl.py] => Task 11, Epoch 128/200 => Loss 2.306, Loss_clf 0.170, Loss_kd 2.135, Loss_kernel 0.001, Train_accy 95.40
2025-06-27 09:31:32,407 [icarl.py] => Task 11, Epoch 129/200 => Loss 2.369, Loss_clf 0.208, Loss_kd 2.160, Loss_kernel 0.001, Train_accy 94.25
2025-06-27 09:31:44,912 [icarl.py] => Task 11, Epoch 130/200 => Loss 2.296, Loss_clf 0.148, Loss_kd 2.146, Loss_kernel 0.001, Train_accy 96.63
2025-06-27 09:32:16,285 [icarl.py] => Task 11, Epoch 131/200 => Loss 2.291, Loss_clf 0.150, Loss_kd 2.140, Loss_kernel 0.001, Train_accy 96.43, Test_accy {'Art': 19.29, 'Clipart': 36.41, 'Real World': 33.73, 'Product': 29.01}
2025-06-27 09:32:29,039 [icarl.py] => Task 11, Epoch 132/200 => Loss 2.318, Loss_clf 0.154, Loss_kd 2.163, Loss_kernel 0.001, Train_accy 96.14
2025-06-27 09:32:41,287 [icarl.py] => Task 11, Epoch 133/200 => Loss 2.290, Loss_clf 0.160, Loss_kd 2.130, Loss_kernel 0.001, Train_accy 95.84
2025-06-27 09:32:53,689 [icarl.py] => Task 11, Epoch 134/200 => Loss 2.278, Loss_clf 0.157, Loss_kd 2.120, Loss_kernel 0.001, Train_accy 96.14
2025-06-27 09:33:05,633 [icarl.py] => Task 11, Epoch 135/200 => Loss 2.281, Loss_clf 0.153, Loss_kd 2.128, Loss_kernel 0.001, Train_accy 95.97
2025-06-27 09:33:36,977 [icarl.py] => Task 11, Epoch 136/200 => Loss 2.327, Loss_clf 0.187, Loss_kd 2.140, Loss_kernel 0.001, Train_accy 94.77, Test_accy {'Art': 19.29, 'Clipart': 36.29, 'Real World': 31.49, 'Product': 26.87}
2025-06-27 09:33:49,042 [icarl.py] => Task 11, Epoch 137/200 => Loss 2.282, Loss_clf 0.139, Loss_kd 2.142, Loss_kernel 0.001, Train_accy 96.61
2025-06-27 09:34:01,084 [icarl.py] => Task 11, Epoch 138/200 => Loss 2.273, Loss_clf 0.137, Loss_kd 2.135, Loss_kernel 0.001, Train_accy 97.17
2025-06-27 09:34:15,267 [icarl.py] => Task 11, Epoch 139/200 => Loss 2.307, Loss_clf 0.162, Loss_kd 2.145, Loss_kernel 0.001, Train_accy 95.77
2025-06-27 09:34:28,208 [icarl.py] => Task 11, Epoch 140/200 => Loss 2.312, Loss_clf 0.165, Loss_kd 2.146, Loss_kernel 0.001, Train_accy 95.46
2025-06-27 09:34:59,473 [icarl.py] => Task 11, Epoch 141/200 => Loss 2.264, Loss_clf 0.142, Loss_kd 2.121, Loss_kernel 0.001, Train_accy 96.58, Test_accy {'Art': 19.09, 'Clipart': 36.29, 'Real World': 32.55, 'Product': 28.18}
2025-06-27 09:35:14,450 [icarl.py] => Task 11, Epoch 142/200 => Loss 2.290, Loss_clf 0.167, Loss_kd 2.123, Loss_kernel 0.001, Train_accy 95.54
2025-06-27 09:35:28,647 [icarl.py] => Task 11, Epoch 143/200 => Loss 2.311, Loss_clf 0.153, Loss_kd 2.157, Loss_kernel 0.001, Train_accy 96.13
2025-06-27 09:35:40,809 [icarl.py] => Task 11, Epoch 144/200 => Loss 2.265, Loss_clf 0.125, Loss_kd 2.139, Loss_kernel 0.001, Train_accy 97.12
2025-06-27 09:35:53,371 [icarl.py] => Task 11, Epoch 145/200 => Loss 2.265, Loss_clf 0.142, Loss_kd 2.123, Loss_kernel 0.001, Train_accy 96.04
2025-06-27 09:36:25,426 [icarl.py] => Task 11, Epoch 146/200 => Loss 2.291, Loss_clf 0.153, Loss_kd 2.137, Loss_kernel 0.001, Train_accy 96.30, Test_accy {'Art': 19.92, 'Clipart': 36.77, 'Real World': 32.08, 'Product': 29.96}
2025-06-27 09:36:38,022 [icarl.py] => Task 11, Epoch 147/200 => Loss 2.286, Loss_clf 0.150, Loss_kd 2.136, Loss_kernel 0.001, Train_accy 96.59
2025-06-27 09:36:50,997 [icarl.py] => Task 11, Epoch 148/200 => Loss 2.277, Loss_clf 0.142, Loss_kd 2.134, Loss_kernel 0.001, Train_accy 96.11
2025-06-27 09:37:03,111 [icarl.py] => Task 11, Epoch 149/200 => Loss 2.253, Loss_clf 0.130, Loss_kd 2.123, Loss_kernel 0.001, Train_accy 96.74
2025-06-27 09:37:15,933 [icarl.py] => Task 11, Epoch 150/200 => Loss 2.275, Loss_clf 0.149, Loss_kd 2.125, Loss_kernel 0.001, Train_accy 96.00
2025-06-27 09:37:47,034 [icarl.py] => Task 11, Epoch 151/200 => Loss 2.260, Loss_clf 0.146, Loss_kd 2.113, Loss_kernel 0.001, Train_accy 96.34, Test_accy {'Art': 19.92, 'Clipart': 36.65, 'Real World': 33.14, 'Product': 30.08}
2025-06-27 09:37:58,350 [icarl.py] => Task 11, Epoch 152/200 => Loss 2.246, Loss_clf 0.119, Loss_kd 2.126, Loss_kernel 0.001, Train_accy 97.27
2025-06-27 09:38:10,574 [icarl.py] => Task 11, Epoch 153/200 => Loss 2.211, Loss_clf 0.106, Loss_kd 2.104, Loss_kernel 0.001, Train_accy 97.67
2025-06-27 09:38:23,835 [icarl.py] => Task 11, Epoch 154/200 => Loss 2.250, Loss_clf 0.130, Loss_kd 2.119, Loss_kernel 0.001, Train_accy 96.36
2025-06-27 09:38:36,589 [icarl.py] => Task 11, Epoch 155/200 => Loss 2.258, Loss_clf 0.130, Loss_kd 2.127, Loss_kernel 0.001, Train_accy 96.68
2025-06-27 09:39:08,978 [icarl.py] => Task 11, Epoch 156/200 => Loss 2.218, Loss_clf 0.131, Loss_kd 2.087, Loss_kernel 0.001, Train_accy 96.11, Test_accy {'Art': 19.92, 'Clipart': 35.44, 'Real World': 33.37, 'Product': 27.11}
2025-06-27 09:39:21,036 [icarl.py] => Task 11, Epoch 157/200 => Loss 2.250, Loss_clf 0.134, Loss_kd 2.116, Loss_kernel 0.001, Train_accy 96.78
2025-06-27 09:39:31,849 [icarl.py] => Task 11, Epoch 158/200 => Loss 2.197, Loss_clf 0.104, Loss_kd 2.093, Loss_kernel 0.001, Train_accy 97.46
2025-06-27 09:39:43,670 [icarl.py] => Task 11, Epoch 159/200 => Loss 2.229, Loss_clf 0.115, Loss_kd 2.113, Loss_kernel 0.001, Train_accy 97.08
2025-06-27 09:39:55,688 [icarl.py] => Task 11, Epoch 160/200 => Loss 2.241, Loss_clf 0.127, Loss_kd 2.113, Loss_kernel 0.001, Train_accy 96.89
2025-06-27 09:40:26,126 [icarl.py] => Task 11, Epoch 161/200 => Loss 2.218, Loss_clf 0.115, Loss_kd 2.102, Loss_kernel 0.001, Train_accy 97.36, Test_accy {'Art': 20.75, 'Clipart': 36.89, 'Real World': 33.37, 'Product': 28.3}
2025-06-27 09:40:38,187 [icarl.py] => Task 11, Epoch 162/200 => Loss 2.226, Loss_clf 0.122, Loss_kd 2.103, Loss_kernel 0.001, Train_accy 96.72
2025-06-27 09:40:49,683 [icarl.py] => Task 11, Epoch 163/200 => Loss 2.189, Loss_clf 0.107, Loss_kd 2.081, Loss_kernel 0.001, Train_accy 97.56
2025-06-27 09:41:02,203 [icarl.py] => Task 11, Epoch 164/200 => Loss 2.209, Loss_clf 0.107, Loss_kd 2.101, Loss_kernel 0.001, Train_accy 97.56
2025-06-27 09:41:14,132 [icarl.py] => Task 11, Epoch 165/200 => Loss 2.210, Loss_clf 0.109, Loss_kd 2.100, Loss_kernel 0.001, Train_accy 97.46
2025-06-27 09:41:46,372 [icarl.py] => Task 11, Epoch 166/200 => Loss 2.187, Loss_clf 0.098, Loss_kd 2.089, Loss_kernel 0.001, Train_accy 97.66, Test_accy {'Art': 20.75, 'Clipart': 35.19, 'Real World': 32.9, 'Product': 28.66}
2025-06-27 09:41:59,701 [icarl.py] => Task 11, Epoch 167/200 => Loss 2.249, Loss_clf 0.115, Loss_kd 2.133, Loss_kernel 0.001, Train_accy 97.03
2025-06-27 09:42:11,019 [icarl.py] => Task 11, Epoch 168/200 => Loss 2.216, Loss_clf 0.096, Loss_kd 2.120, Loss_kernel 0.001, Train_accy 97.71
2025-06-27 09:42:23,223 [icarl.py] => Task 11, Epoch 169/200 => Loss 2.206, Loss_clf 0.095, Loss_kd 2.110, Loss_kernel 0.001, Train_accy 97.86
2025-06-27 09:42:35,891 [icarl.py] => Task 11, Epoch 170/200 => Loss 2.202, Loss_clf 0.115, Loss_kd 2.086, Loss_kernel 0.001, Train_accy 97.28
2025-06-27 09:43:07,455 [icarl.py] => Task 11, Epoch 171/200 => Loss 2.185, Loss_clf 0.102, Loss_kd 2.083, Loss_kernel 0.001, Train_accy 97.76, Test_accy {'Art': 19.92, 'Clipart': 36.53, 'Real World': 32.55, 'Product': 28.42}
2025-06-27 09:43:19,218 [icarl.py] => Task 11, Epoch 172/200 => Loss 2.205, Loss_clf 0.105, Loss_kd 2.099, Loss_kernel 0.001, Train_accy 97.71
2025-06-27 09:43:31,498 [icarl.py] => Task 11, Epoch 173/200 => Loss 2.223, Loss_clf 0.118, Loss_kd 2.104, Loss_kernel 0.001, Train_accy 97.22
2025-06-27 09:43:43,694 [icarl.py] => Task 11, Epoch 174/200 => Loss 2.199, Loss_clf 0.107, Loss_kd 2.091, Loss_kernel 0.001, Train_accy 97.37
2025-06-27 09:43:55,629 [icarl.py] => Task 11, Epoch 175/200 => Loss 2.197, Loss_clf 0.103, Loss_kd 2.094, Loss_kernel 0.001, Train_accy 97.56
2025-06-27 09:44:27,705 [icarl.py] => Task 11, Epoch 176/200 => Loss 2.209, Loss_clf 0.109, Loss_kd 2.099, Loss_kernel 0.001, Train_accy 97.42, Test_accy {'Art': 19.5, 'Clipart': 35.8, 'Real World': 33.49, 'Product': 28.18}
2025-06-27 09:44:40,702 [icarl.py] => Task 11, Epoch 177/200 => Loss 2.193, Loss_clf 0.100, Loss_kd 2.092, Loss_kernel 0.001, Train_accy 97.91
2025-06-27 09:44:53,612 [icarl.py] => Task 11, Epoch 178/200 => Loss 2.193, Loss_clf 0.097, Loss_kd 2.096, Loss_kernel 0.001, Train_accy 97.87
2025-06-27 09:45:05,847 [icarl.py] => Task 11, Epoch 179/200 => Loss 2.198, Loss_clf 0.093, Loss_kd 2.104, Loss_kernel 0.001, Train_accy 98.00
2025-06-27 09:45:18,175 [icarl.py] => Task 11, Epoch 180/200 => Loss 2.211, Loss_clf 0.109, Loss_kd 2.101, Loss_kernel 0.001, Train_accy 97.12
2025-06-27 09:45:49,438 [icarl.py] => Task 11, Epoch 181/200 => Loss 2.188, Loss_clf 0.109, Loss_kd 2.079, Loss_kernel 0.001, Train_accy 97.46, Test_accy {'Art': 20.54, 'Clipart': 36.04, 'Real World': 33.49, 'Product': 29.01}
2025-06-27 09:46:01,238 [icarl.py] => Task 11, Epoch 182/200 => Loss 2.193, Loss_clf 0.090, Loss_kd 2.102, Loss_kernel 0.001, Train_accy 97.76
2025-06-27 09:46:13,100 [icarl.py] => Task 11, Epoch 183/200 => Loss 2.211, Loss_clf 0.105, Loss_kd 2.105, Loss_kernel 0.001, Train_accy 97.66
2025-06-27 09:46:25,089 [icarl.py] => Task 11, Epoch 184/200 => Loss 2.205, Loss_clf 0.103, Loss_kd 2.101, Loss_kernel 0.001, Train_accy 97.31
2025-06-27 09:46:36,262 [icarl.py] => Task 11, Epoch 185/200 => Loss 2.206, Loss_clf 0.098, Loss_kd 2.107, Loss_kernel 0.001, Train_accy 97.95
2025-06-27 09:47:07,067 [icarl.py] => Task 11, Epoch 186/200 => Loss 2.186, Loss_clf 0.088, Loss_kd 2.097, Loss_kernel 0.001, Train_accy 98.00, Test_accy {'Art': 20.54, 'Clipart': 36.41, 'Real World': 32.9, 'Product': 29.49}
2025-06-27 09:47:18,623 [icarl.py] => Task 11, Epoch 187/200 => Loss 2.159, Loss_clf 0.068, Loss_kd 2.090, Loss_kernel 0.001, Train_accy 98.65
2025-06-27 09:47:30,890 [icarl.py] => Task 11, Epoch 188/200 => Loss 2.167, Loss_clf 0.100, Loss_kd 2.066, Loss_kernel 0.001, Train_accy 97.66
2025-06-27 09:47:42,612 [icarl.py] => Task 11, Epoch 189/200 => Loss 2.189, Loss_clf 0.097, Loss_kd 2.091, Loss_kernel 0.001, Train_accy 97.76
2025-06-27 09:47:54,905 [icarl.py] => Task 11, Epoch 190/200 => Loss 2.201, Loss_clf 0.103, Loss_kd 2.097, Loss_kernel 0.001, Train_accy 97.17
2025-06-27 09:48:25,566 [icarl.py] => Task 11, Epoch 191/200 => Loss 2.166, Loss_clf 0.091, Loss_kd 2.074, Loss_kernel 0.001, Train_accy 98.01, Test_accy {'Art': 20.75, 'Clipart': 36.17, 'Real World': 33.37, 'Product': 29.49}
2025-06-27 09:48:38,319 [icarl.py] => Task 11, Epoch 192/200 => Loss 2.204, Loss_clf 0.096, Loss_kd 2.107, Loss_kernel 0.001, Train_accy 97.61
2025-06-27 09:48:50,538 [icarl.py] => Task 11, Epoch 193/200 => Loss 2.194, Loss_clf 0.097, Loss_kd 2.096, Loss_kernel 0.001, Train_accy 97.96
2025-06-27 09:49:02,120 [icarl.py] => Task 11, Epoch 194/200 => Loss 2.180, Loss_clf 0.091, Loss_kd 2.089, Loss_kernel 0.001, Train_accy 97.80
2025-06-27 09:49:13,544 [icarl.py] => Task 11, Epoch 195/200 => Loss 2.174, Loss_clf 0.085, Loss_kd 2.089, Loss_kernel 0.001, Train_accy 97.90
2025-06-27 09:49:43,787 [icarl.py] => Task 11, Epoch 196/200 => Loss 2.162, Loss_clf 0.081, Loss_kd 2.081, Loss_kernel 0.001, Train_accy 98.15, Test_accy {'Art': 19.92, 'Clipart': 36.04, 'Real World': 33.25, 'Product': 29.96}
2025-06-27 09:49:55,042 [icarl.py] => Task 11, Epoch 197/200 => Loss 2.197, Loss_clf 0.091, Loss_kd 2.106, Loss_kernel 0.001, Train_accy 97.65
2025-06-27 09:50:06,859 [icarl.py] => Task 11, Epoch 198/200 => Loss 2.219, Loss_clf 0.103, Loss_kd 2.116, Loss_kernel 0.001, Train_accy 97.55
2025-06-27 09:50:18,675 [icarl.py] => Task 11, Epoch 199/200 => Loss 2.181, Loss_clf 0.086, Loss_kd 2.094, Loss_kernel 0.001, Train_accy 97.95
2025-06-27 09:50:30,452 [icarl.py] => Task 11, Epoch 200/200 => Loss 2.197, Loss_clf 0.093, Loss_kd 2.103, Loss_kernel 0.001, Train_accy 98.00
2025-06-27 09:50:30,454 [base.py] => Reducing exemplars...(21 per classes)
2025-06-27 09:51:04,393 [base.py] => Constructing exemplars...(21 per classes)
2025-06-27 09:51:55,193 [icarl.py] => Exemplar size: 1260
2025-06-27 09:51:56,287 [trainer.py] => CNN [Art]: {'total': 21.16, '00-04': 44.74, '05-09': 23.53, '10-14': 18.92, '15-19': 29.63, '20-24': 5.26, '25-29': 14.71, '30-34': 12.73, '35-39': 9.76, '40-44': 2.63, '45-49': 16.0, '50-54': 32.65, '55-59': 46.34, 'old': 18.82, 'new': 46.34}
2025-06-27 09:51:56,288 [trainer.py] => NME [Art]: {'total': 19.71, '00-04': 34.21, '05-09': 17.65, '10-14': 16.22, '15-19': 25.93, '20-24': 7.89, '25-29': 14.71, '30-34': 10.91, '35-39': 12.2, '40-44': 0.0, '45-49': 16.0, '50-54': 32.65, '55-59': 48.78, 'old': 17.01, 'new': 48.78}
2025-06-27 09:51:56,288 [trainer.py] => CNN [Art] top1 curve: [63.16, 52.78, 50.46, 42.65, 35.63, 28.85, 27.76, 26.97, 20.18, 22.7, 21.54, 21.16]
2025-06-27 09:51:56,288 [trainer.py] => CNN [Art] top5 curve: [97.37, 83.33, 73.39, 72.79, 61.49, 55.77, 53.99, 52.63, 43.27, 44.13, 39.91, 41.08]
2025-06-27 09:51:56,289 [trainer.py] => NME [Art] top1 curve: [71.05, 61.11, 51.38, 44.85, 41.95, 33.17, 33.08, 29.28, 20.47, 23.72, 22.0, 19.71]
2025-06-27 09:51:56,289 [trainer.py] => NME [Art] top5 curve: [100.0, 86.11, 77.06, 72.06, 70.11, 60.1, 58.56, 57.57, 47.08, 46.68, 45.8, 39.21]
2025-06-27 09:51:56,289 [trainer.py] => Average Accuracy [Art] (CNN): 34.486666666666665
2025-06-27 09:51:56,289 [trainer.py] => Average Accuracy [Art] (NME): 37.6475
2025-06-27 09:51:56,289 [trainer.py] => CNN [Clipart]: {'total': 36.29, '00-04': 50.0, '05-09': 43.55, '10-14': 37.88, '15-19': 41.51, '20-24': 23.6, '25-29': 11.29, '30-34': 31.25, '35-39': 14.75, '40-44': 34.85, '45-49': 34.38, '50-54': 50.53, '55-59': 56.25, 'old': 34.61, 'new': 56.25}
2025-06-27 09:51:56,289 [trainer.py] => NME [Clipart]: {'total': 37.99, '00-04': 48.72, '05-09': 45.16, '10-14': 37.88, '15-19': 45.28, '20-24': 21.35, '25-29': 12.9, '30-34': 32.81, '35-39': 24.59, '40-44': 34.85, '45-49': 39.06, '50-54': 57.89, '55-59': 50.0, 'old': 36.97, 'new': 50.0}
2025-06-27 09:51:56,289 [trainer.py] => CNN [Clipart] top1 curve: [70.51, 64.29, 68.93, 67.18, 60.63, 55.85, 52.11, 46.17, 40.6, 40.0, 41.58, 36.29]
2025-06-27 09:51:56,290 [trainer.py] => CNN [Clipart] top5 curve: [100.0, 91.43, 87.86, 84.56, 81.9, 78.05, 73.84, 68.79, 64.06, 65.71, 62.89, 60.44]
2025-06-27 09:51:56,290 [trainer.py] => NME [Clipart] top1 curve: [69.23, 67.14, 72.33, 68.34, 62.07, 56.1, 55.27, 47.48, 43.59, 43.01, 42.89, 37.99]
2025-06-27 09:51:56,290 [trainer.py] => NME [Clipart] top5 curve: [100.0, 92.14, 88.83, 84.94, 84.77, 79.51, 77.22, 73.64, 66.06, 68.57, 66.84, 62.38]
2025-06-27 09:51:56,290 [trainer.py] => Average Accuracy [Clipart] (CNN): 53.678333333333335
2025-06-27 09:51:56,290 [trainer.py] => Average Accuracy [Clipart] (NME): 55.45333333333334
2025-06-27 09:51:56,290 [trainer.py] => CNN [Product]: {'total': 27.94, '00-04': 38.82, '05-09': 33.75, '10-14': 43.55, '15-19': 18.18, '20-24': 24.59, '25-29': 26.58, '30-34': 14.93, '35-39': 12.12, '40-44': 25.71, '45-49': 25.35, '50-54': 27.69, '55-59': 44.83, 'old': 26.69, 'new': 44.83}
2025-06-27 09:51:56,290 [trainer.py] => NME [Product]: {'total': 31.03, '00-04': 29.41, '05-09': 35.0, '10-14': 45.16, '15-19': 23.38, '20-24': 29.51, '25-29': 31.65, '30-34': 19.4, '35-39': 15.15, '40-44': 35.71, '45-49': 36.62, '50-54': 30.77, '55-59': 43.1, 'old': 30.14, 'new': 43.1}
2025-06-27 09:51:56,290 [trainer.py] => CNN [Product] top1 curve: [70.59, 53.33, 53.3, 47.37, 45.75, 42.57, 40.9, 37.61, 31.84, 31.48, 32.31, 27.94]
2025-06-27 09:51:56,291 [trainer.py] => CNN [Product] top5 curve: [98.82, 87.27, 83.26, 79.28, 76.99, 73.87, 73.58, 66.9, 60.28, 62.26, 59.26, 55.41]
2025-06-27 09:51:56,291 [trainer.py] => NME [Product] top1 curve: [69.41, 56.97, 55.07, 46.05, 45.75, 45.72, 41.88, 37.26, 33.85, 33.43, 31.42, 31.03]
2025-06-27 09:51:56,291 [trainer.py] => NME [Product] top5 curve: [100.0, 94.55, 88.55, 84.21, 80.27, 76.35, 74.95, 70.71, 61.98, 64.76, 62.07, 57.31]
2025-06-27 09:51:56,291 [trainer.py] => Average Accuracy [Product] (CNN): 42.91583333333333
2025-06-27 09:51:56,291 [trainer.py] => Average Accuracy [Product] (NME): 43.98666666666667
2025-06-27 09:51:56,291 [trainer.py] => CNN [Real World]: {'total': 33.37, '00-04': 30.14, '05-09': 48.53, '10-14': 29.17, '15-19': 25.37, '20-24': 12.31, '25-29': 33.77, '30-34': 34.67, '35-39': 18.64, '40-44': 23.44, '45-49': 36.11, '50-54': 53.85, '55-59': 46.15, 'old': 32.08, 'new': 46.15}
2025-06-27 09:51:56,291 [trainer.py] => NME [Real World]: {'total': 35.85, '00-04': 30.14, '05-09': 45.59, '10-14': 29.17, '15-19': 29.85, '20-24': 13.85, '25-29': 42.86, '30-34': 44.0, '35-39': 22.03, '40-44': 23.44, '45-49': 37.5, '50-54': 56.41, '55-59': 46.15, 'old': 34.81, 'new': 46.15}
2025-06-27 09:51:56,292 [trainer.py] => CNN [Real World] top1 curve: [69.86, 63.83, 55.4, 48.93, 44.64, 42.89, 44.87, 42.81, 34.84, 33.96, 36.36, 33.37]
2025-06-27 09:51:56,292 [trainer.py] => CNN [Real World] top5 curve: [98.63, 92.2, 81.69, 77.5, 74.2, 71.8, 72.03, 67.27, 59.19, 61.71, 61.43, 60.73]
2025-06-27 09:51:56,292 [trainer.py] => NME [Real World] top1 curve: [71.23, 60.28, 56.81, 52.86, 48.7, 45.5, 48.29, 44.24, 37.58, 36.99, 39.48, 35.85]
2025-06-27 09:51:56,292 [trainer.py] => NME [Real World] top5 curve: [100.0, 94.33, 87.32, 82.86, 80.29, 77.73, 75.05, 71.22, 63.06, 66.33, 65.45, 61.67]
2025-06-27 09:51:56,292 [trainer.py] => Average Accuracy [Real World] (CNN): 45.98
2025-06-27 09:51:56,292 [trainer.py] => Average Accuracy [Real World] (NME): 48.15083333333334
2025-06-27 09:51:56,293 [trainer.py] => NME Harmonic Mean : 31.1065
2025-06-27 09:51:56,293 [trainer.py] => NME Macro Mean : 31.1450
2025-06-27 09:51:56,293 [trainer.py] => CNN Harmonic Mean : 29.0599
2025-06-27 09:51:56,293 [trainer.py] => CNN Macro Mean : 29.6900
2025-06-27 09:51:56,294 [trainer.py] => All params: 21320582
2025-06-27 09:51:56,295 [trainer.py] => Trainable params: 21320582
2025-06-27 09:51:56,297 [icarl.py] => Learning on 60-65
2025-06-27 09:52:30,340 [icarl.py] => Task 12, Epoch 1/200 => Loss 5.317, Loss_clf 2.470, Loss_kd 2.845, Loss_kernel 0.002, Train_accy 41.84, Test_accy {'Art': 3.35, 'Clipart': 7.17, 'Real World': 6.46, 'Product': 5.79}
2025-06-27 09:52:45,391 [icarl.py] => Task 12, Epoch 2/200 => Loss 7.702, Loss_clf 3.808, Loss_kd 3.887, Loss_kernel 0.007, Train_accy 14.02
2025-06-27 09:52:59,815 [icarl.py] => Task 12, Epoch 3/200 => Loss 6.778, Loss_clf 3.182, Loss_kd 3.590, Loss_kernel 0.006, Train_accy 22.55
2025-06-27 09:53:13,298 [icarl.py] => Task 12, Epoch 4/200 => Loss 6.093, Loss_clf 2.714, Loss_kd 3.375, Loss_kernel 0.005, Train_accy 30.60
2025-06-27 09:53:28,225 [icarl.py] => Task 12, Epoch 5/200 => Loss 5.619, Loss_clf 2.427, Loss_kd 3.189, Loss_kernel 0.004, Train_accy 35.26
2025-06-27 09:53:59,486 [icarl.py] => Task 12, Epoch 6/200 => Loss 5.415, Loss_clf 2.304, Loss_kd 3.107, Loss_kernel 0.004, Train_accy 37.65, Test_accy {'Art': 12.82, 'Clipart': 21.16, 'Real World': 19.82, 'Product': 16.17}
2025-06-27 09:54:12,108 [icarl.py] => Task 12, Epoch 7/200 => Loss 4.930, Loss_clf 1.994, Loss_kd 2.933, Loss_kernel 0.003, Train_accy 44.60
2025-06-27 09:54:25,913 [icarl.py] => Task 12, Epoch 8/200 => Loss 4.819, Loss_clf 1.926, Loss_kd 2.889, Loss_kernel 0.003, Train_accy 46.60
2025-06-27 09:54:37,640 [icarl.py] => Task 12, Epoch 9/200 => Loss 4.691, Loss_clf 1.837, Loss_kd 2.851, Loss_kernel 0.003, Train_accy 49.62
2025-06-27 09:54:51,114 [icarl.py] => Task 12, Epoch 10/200 => Loss 4.449, Loss_clf 1.687, Loss_kd 2.759, Loss_kernel 0.003, Train_accy 54.58
2025-06-27 09:55:22,350 [icarl.py] => Task 12, Epoch 11/200 => Loss 4.170, Loss_clf 1.496, Loss_kd 2.671, Loss_kernel 0.003, Train_accy 56.95, Test_accy {'Art': 12.23, 'Clipart': 21.05, 'Real World': 18.04, 'Product': 15.3}
2025-06-27 09:55:34,091 [icarl.py] => Task 12, Epoch 12/200 => Loss 4.148, Loss_clf 1.491, Loss_kd 2.654, Loss_kernel 0.003, Train_accy 56.84
2025-06-27 09:55:47,207 [icarl.py] => Task 12, Epoch 13/200 => Loss 4.041, Loss_clf 1.419, Loss_kd 2.619, Loss_kernel 0.003, Train_accy 61.11
2025-06-27 09:56:00,066 [icarl.py] => Task 12, Epoch 14/200 => Loss 3.867, Loss_clf 1.309, Loss_kd 2.555, Loss_kernel 0.003, Train_accy 63.19
2025-06-27 09:56:12,285 [icarl.py] => Task 12, Epoch 15/200 => Loss 3.713, Loss_clf 1.183, Loss_kd 2.527, Loss_kernel 0.003, Train_accy 66.77
2025-06-27 09:56:45,044 [icarl.py] => Task 12, Epoch 16/200 => Loss 3.525, Loss_clf 1.063, Loss_kd 2.460, Loss_kernel 0.003, Train_accy 69.15, Test_accy {'Art': 15.38, 'Clipart': 30.01, 'Real World': 26.95, 'Product': 22.62}
2025-06-27 09:56:58,717 [icarl.py] => Task 12, Epoch 17/200 => Loss 3.490, Loss_clf 1.058, Loss_kd 2.429, Loss_kernel 0.003, Train_accy 69.97
2025-06-27 09:57:12,004 [icarl.py] => Task 12, Epoch 18/200 => Loss 3.422, Loss_clf 0.990, Loss_kd 2.429, Loss_kernel 0.003, Train_accy 72.06
2025-06-27 09:57:25,027 [icarl.py] => Task 12, Epoch 19/200 => Loss 3.307, Loss_clf 0.934, Loss_kd 2.370, Loss_kernel 0.003, Train_accy 73.38
2025-06-27 09:57:39,154 [icarl.py] => Task 12, Epoch 20/200 => Loss 3.376, Loss_clf 0.993, Loss_kd 2.380, Loss_kernel 0.003, Train_accy 71.73
2025-06-27 09:58:11,680 [icarl.py] => Task 12, Epoch 21/200 => Loss 3.200, Loss_clf 0.849, Loss_kd 2.349, Loss_kernel 0.003, Train_accy 76.33, Test_accy {'Art': 16.17, 'Clipart': 30.46, 'Real World': 27.06, 'Product': 19.02}
2025-06-27 09:58:24,890 [icarl.py] => Task 12, Epoch 22/200 => Loss 3.037, Loss_clf 0.726, Loss_kd 2.308, Loss_kernel 0.003, Train_accy 79.39
2025-06-27 09:58:36,389 [icarl.py] => Task 12, Epoch 23/200 => Loss 3.018, Loss_clf 0.748, Loss_kd 2.268, Loss_kernel 0.003, Train_accy 79.23
2025-06-27 09:58:50,609 [icarl.py] => Task 12, Epoch 24/200 => Loss 3.112, Loss_clf 0.791, Loss_kd 2.318, Loss_kernel 0.003, Train_accy 78.21
2025-06-27 09:59:04,314 [icarl.py] => Task 12, Epoch 25/200 => Loss 3.044, Loss_clf 0.747, Loss_kd 2.294, Loss_kernel 0.003, Train_accy 78.82
2025-06-27 09:59:35,663 [icarl.py] => Task 12, Epoch 26/200 => Loss 3.001, Loss_clf 0.736, Loss_kd 2.262, Loss_kernel 0.002, Train_accy 79.41, Test_accy {'Art': 15.78, 'Clipart': 30.12, 'Real World': 27.73, 'Product': 22.73}
2025-06-27 09:59:48,375 [icarl.py] => Task 12, Epoch 27/200 => Loss 2.936, Loss_clf 0.669, Loss_kd 2.265, Loss_kernel 0.002, Train_accy 80.75
2025-06-27 10:00:02,670 [icarl.py] => Task 12, Epoch 28/200 => Loss 2.887, Loss_clf 0.632, Loss_kd 2.253, Loss_kernel 0.002, Train_accy 81.82
2025-06-27 10:00:16,205 [icarl.py] => Task 12, Epoch 29/200 => Loss 2.788, Loss_clf 0.565, Loss_kd 2.221, Loss_kernel 0.002, Train_accy 83.11
2025-06-27 10:00:29,421 [icarl.py] => Task 12, Epoch 30/200 => Loss 2.824, Loss_clf 0.618, Loss_kd 2.204, Loss_kernel 0.002, Train_accy 81.74
2025-06-27 10:01:01,849 [icarl.py] => Task 12, Epoch 31/200 => Loss 2.783, Loss_clf 0.585, Loss_kd 2.196, Loss_kernel 0.002, Train_accy 83.32, Test_accy {'Art': 14.99, 'Clipart': 33.82, 'Real World': 26.5, 'Product': 23.93}
2025-06-27 10:01:14,817 [icarl.py] => Task 12, Epoch 32/200 => Loss 2.743, Loss_clf 0.551, Loss_kd 2.189, Loss_kernel 0.002, Train_accy 84.57
2025-06-27 10:01:27,112 [icarl.py] => Task 12, Epoch 33/200 => Loss 2.858, Loss_clf 0.628, Loss_kd 2.228, Loss_kernel 0.002, Train_accy 82.44
2025-06-27 10:01:41,161 [icarl.py] => Task 12, Epoch 34/200 => Loss 2.865, Loss_clf 0.623, Loss_kd 2.239, Loss_kernel 0.002, Train_accy 82.44
2025-06-27 10:01:53,755 [icarl.py] => Task 12, Epoch 35/200 => Loss 2.794, Loss_clf 0.583, Loss_kd 2.209, Loss_kernel 0.002, Train_accy 83.79
2025-06-27 10:02:24,882 [icarl.py] => Task 12, Epoch 36/200 => Loss 2.711, Loss_clf 0.541, Loss_kd 2.167, Loss_kernel 0.002, Train_accy 84.45, Test_accy {'Art': 16.17, 'Clipart': 32.36, 'Real World': 27.06, 'Product': 24.04}
2025-06-27 10:02:37,239 [icarl.py] => Task 12, Epoch 37/200 => Loss 2.837, Loss_clf 0.598, Loss_kd 2.237, Loss_kernel 0.002, Train_accy 83.01
2025-06-27 10:02:50,521 [icarl.py] => Task 12, Epoch 38/200 => Loss 2.774, Loss_clf 0.571, Loss_kd 2.201, Loss_kernel 0.002, Train_accy 84.46
2025-06-27 10:03:03,718 [icarl.py] => Task 12, Epoch 39/200 => Loss 2.748, Loss_clf 0.559, Loss_kd 2.187, Loss_kernel 0.002, Train_accy 84.42
2025-06-27 10:03:16,571 [icarl.py] => Task 12, Epoch 40/200 => Loss 2.683, Loss_clf 0.518, Loss_kd 2.162, Loss_kernel 0.002, Train_accy 85.11
2025-06-27 10:03:48,261 [icarl.py] => Task 12, Epoch 41/200 => Loss 2.684, Loss_clf 0.511, Loss_kd 2.171, Loss_kernel 0.002, Train_accy 84.99, Test_accy {'Art': 15.19, 'Clipart': 31.13, 'Real World': 25.72, 'Product': 21.75}
2025-06-27 10:04:00,962 [icarl.py] => Task 12, Epoch 42/200 => Loss 2.734, Loss_clf 0.548, Loss_kd 2.184, Loss_kernel 0.002, Train_accy 84.12
2025-06-27 10:04:13,491 [icarl.py] => Task 12, Epoch 43/200 => Loss 2.700, Loss_clf 0.516, Loss_kd 2.182, Loss_kernel 0.002, Train_accy 85.81
2025-06-27 10:04:27,242 [icarl.py] => Task 12, Epoch 44/200 => Loss 2.754, Loss_clf 0.558, Loss_kd 2.194, Loss_kernel 0.002, Train_accy 84.32
2025-06-27 10:04:39,872 [icarl.py] => Task 12, Epoch 45/200 => Loss 2.690, Loss_clf 0.497, Loss_kd 2.191, Loss_kernel 0.002, Train_accy 86.05
2025-06-27 10:05:11,789 [icarl.py] => Task 12, Epoch 46/200 => Loss 2.661, Loss_clf 0.491, Loss_kd 2.168, Loss_kernel 0.002, Train_accy 86.45, Test_accy {'Art': 16.96, 'Clipart': 33.26, 'Real World': 28.29, 'Product': 25.9}
2025-06-27 10:05:24,210 [icarl.py] => Task 12, Epoch 47/200 => Loss 2.627, Loss_clf 0.468, Loss_kd 2.157, Loss_kernel 0.002, Train_accy 87.15
2025-06-27 10:05:38,307 [icarl.py] => Task 12, Epoch 48/200 => Loss 2.592, Loss_clf 0.459, Loss_kd 2.131, Loss_kernel 0.002, Train_accy 86.78
2025-06-27 10:05:50,615 [icarl.py] => Task 12, Epoch 49/200 => Loss 2.641, Loss_clf 0.473, Loss_kd 2.167, Loss_kernel 0.002, Train_accy 87.41
2025-06-27 10:06:03,066 [icarl.py] => Task 12, Epoch 50/200 => Loss 2.613, Loss_clf 0.474, Loss_kd 2.137, Loss_kernel 0.002, Train_accy 87.03
2025-06-27 10:06:33,758 [icarl.py] => Task 12, Epoch 51/200 => Loss 2.616, Loss_clf 0.464, Loss_kd 2.150, Loss_kernel 0.002, Train_accy 87.59, Test_accy {'Art': 17.36, 'Clipart': 32.7, 'Real World': 29.18, 'Product': 26.56}
2025-06-27 10:06:46,393 [icarl.py] => Task 12, Epoch 52/200 => Loss 2.599, Loss_clf 0.463, Loss_kd 2.134, Loss_kernel 0.002, Train_accy 86.87
2025-06-27 10:06:58,251 [icarl.py] => Task 12, Epoch 53/200 => Loss 2.566, Loss_clf 0.426, Loss_kd 2.137, Loss_kernel 0.002, Train_accy 87.80
2025-06-27 10:07:10,228 [icarl.py] => Task 12, Epoch 54/200 => Loss 2.539, Loss_clf 0.421, Loss_kd 2.117, Loss_kernel 0.002, Train_accy 87.78
2025-06-27 10:07:21,866 [icarl.py] => Task 12, Epoch 55/200 => Loss 2.533, Loss_clf 0.398, Loss_kd 2.133, Loss_kernel 0.002, Train_accy 88.91
2025-06-27 10:07:52,624 [icarl.py] => Task 12, Epoch 56/200 => Loss 2.500, Loss_clf 0.409, Loss_kd 2.089, Loss_kernel 0.002, Train_accy 88.91, Test_accy {'Art': 15.78, 'Clipart': 30.8, 'Real World': 26.39, 'Product': 25.03}
2025-06-27 10:08:05,415 [icarl.py] => Task 12, Epoch 57/200 => Loss 2.575, Loss_clf 0.419, Loss_kd 2.154, Loss_kernel 0.002, Train_accy 87.94
2025-06-27 10:08:17,651 [icarl.py] => Task 12, Epoch 58/200 => Loss 2.477, Loss_clf 0.376, Loss_kd 2.099, Loss_kernel 0.002, Train_accy 89.27
2025-06-27 10:08:29,085 [icarl.py] => Task 12, Epoch 59/200 => Loss 2.531, Loss_clf 0.412, Loss_kd 2.118, Loss_kernel 0.002, Train_accy 88.37
2025-06-27 10:08:41,651 [icarl.py] => Task 12, Epoch 60/200 => Loss 2.536, Loss_clf 0.413, Loss_kd 2.121, Loss_kernel 0.002, Train_accy 89.03
2025-06-27 10:09:12,706 [icarl.py] => Task 12, Epoch 61/200 => Loss 2.444, Loss_clf 0.348, Loss_kd 2.094, Loss_kernel 0.002, Train_accy 90.07, Test_accy {'Art': 15.78, 'Clipart': 30.35, 'Real World': 27.73, 'Product': 21.97}
2025-06-27 10:09:25,758 [icarl.py] => Task 12, Epoch 62/200 => Loss 2.538, Loss_clf 0.413, Loss_kd 2.124, Loss_kernel 0.002, Train_accy 88.64
2025-06-27 10:09:37,689 [icarl.py] => Task 12, Epoch 63/200 => Loss 2.444, Loss_clf 0.356, Loss_kd 2.086, Loss_kernel 0.002, Train_accy 90.61
2025-06-27 10:09:50,836 [icarl.py] => Task 12, Epoch 64/200 => Loss 2.441, Loss_clf 0.351, Loss_kd 2.088, Loss_kernel 0.002, Train_accy 90.27
2025-06-27 10:10:04,728 [icarl.py] => Task 12, Epoch 65/200 => Loss 2.476, Loss_clf 0.381, Loss_kd 2.094, Loss_kernel 0.002, Train_accy 89.57
2025-06-27 10:10:38,937 [icarl.py] => Task 12, Epoch 66/200 => Loss 2.486, Loss_clf 0.377, Loss_kd 2.108, Loss_kernel 0.002, Train_accy 89.27, Test_accy {'Art': 17.95, 'Clipart': 33.82, 'Real World': 30.18, 'Product': 25.46}
2025-06-27 10:10:51,640 [icarl.py] => Task 12, Epoch 67/200 => Loss 2.426, Loss_clf 0.330, Loss_kd 2.094, Loss_kernel 0.002, Train_accy 91.49
2025-06-27 10:11:02,699 [icarl.py] => Task 12, Epoch 68/200 => Loss 2.409, Loss_clf 0.335, Loss_kd 2.072, Loss_kernel 0.002, Train_accy 90.70
2025-06-27 10:11:16,982 [icarl.py] => Task 12, Epoch 69/200 => Loss 2.435, Loss_clf 0.348, Loss_kd 2.085, Loss_kernel 0.002, Train_accy 90.53
2025-06-27 10:11:28,740 [icarl.py] => Task 12, Epoch 70/200 => Loss 2.412, Loss_clf 0.329, Loss_kd 2.081, Loss_kernel 0.002, Train_accy 91.18
2025-06-27 10:12:00,477 [icarl.py] => Task 12, Epoch 71/200 => Loss 2.425, Loss_clf 0.337, Loss_kd 2.086, Loss_kernel 0.002, Train_accy 90.29, Test_accy {'Art': 17.75, 'Clipart': 32.7, 'Real World': 28.17, 'Product': 24.15}
2025-06-27 10:12:11,717 [icarl.py] => Task 12, Epoch 72/200 => Loss 2.330, Loss_clf 0.302, Loss_kd 2.026, Loss_kernel 0.002, Train_accy 92.55
2025-06-27 10:12:23,493 [icarl.py] => Task 12, Epoch 73/200 => Loss 2.331, Loss_clf 0.298, Loss_kd 2.031, Loss_kernel 0.002, Train_accy 91.36
2025-06-27 10:12:37,126 [icarl.py] => Task 12, Epoch 74/200 => Loss 2.400, Loss_clf 0.331, Loss_kd 2.068, Loss_kernel 0.002, Train_accy 90.56
2025-06-27 10:12:48,353 [icarl.py] => Task 12, Epoch 75/200 => Loss 2.380, Loss_clf 0.313, Loss_kd 2.065, Loss_kernel 0.001, Train_accy 91.71
2025-06-27 10:13:18,872 [icarl.py] => Task 12, Epoch 76/200 => Loss 2.316, Loss_clf 0.279, Loss_kd 2.035, Loss_kernel 0.001, Train_accy 92.25, Test_accy {'Art': 17.16, 'Clipart': 33.82, 'Real World': 28.51, 'Product': 25.9}
2025-06-27 10:13:30,344 [icarl.py] => Task 12, Epoch 77/200 => Loss 2.412, Loss_clf 0.357, Loss_kd 2.054, Loss_kernel 0.002, Train_accy 91.03
2025-06-27 10:13:42,905 [icarl.py] => Task 12, Epoch 78/200 => Loss 2.431, Loss_clf 0.361, Loss_kd 2.069, Loss_kernel 0.002, Train_accy 90.66
2025-06-27 10:13:55,330 [icarl.py] => Task 12, Epoch 79/200 => Loss 2.391, Loss_clf 0.328, Loss_kd 2.061, Loss_kernel 0.001, Train_accy 90.81
2025-06-27 10:14:07,588 [icarl.py] => Task 12, Epoch 80/200 => Loss 2.358, Loss_clf 0.299, Loss_kd 2.058, Loss_kernel 0.001, Train_accy 91.98
2025-06-27 10:14:39,402 [icarl.py] => Task 12, Epoch 81/200 => Loss 2.280, Loss_clf 0.263, Loss_kd 2.015, Loss_kernel 0.001, Train_accy 92.94, Test_accy {'Art': 18.93, 'Clipart': 32.47, 'Real World': 30.85, 'Product': 26.89}
2025-06-27 10:14:51,905 [icarl.py] => Task 12, Epoch 82/200 => Loss 2.345, Loss_clf 0.292, Loss_kd 2.052, Loss_kernel 0.001, Train_accy 92.23
2025-06-27 10:15:05,230 [icarl.py] => Task 12, Epoch 83/200 => Loss 2.394, Loss_clf 0.314, Loss_kd 2.078, Loss_kernel 0.001, Train_accy 91.34
2025-06-27 10:15:17,273 [icarl.py] => Task 12, Epoch 84/200 => Loss 2.335, Loss_clf 0.288, Loss_kd 2.045, Loss_kernel 0.001, Train_accy 91.84
2025-06-27 10:15:29,784 [icarl.py] => Task 12, Epoch 85/200 => Loss 2.319, Loss_clf 0.284, Loss_kd 2.034, Loss_kernel 0.001, Train_accy 92.40
2025-06-27 10:15:59,721 [icarl.py] => Task 12, Epoch 86/200 => Loss 2.379, Loss_clf 0.300, Loss_kd 2.077, Loss_kernel 0.001, Train_accy 92.13, Test_accy {'Art': 16.77, 'Clipart': 33.15, 'Real World': 29.4, 'Product': 26.56}
2025-06-27 10:16:11,034 [icarl.py] => Task 12, Epoch 87/200 => Loss 2.352, Loss_clf 0.307, Loss_kd 2.044, Loss_kernel 0.001, Train_accy 91.78
2025-06-27 10:16:23,583 [icarl.py] => Task 12, Epoch 88/200 => Loss 2.311, Loss_clf 0.281, Loss_kd 2.029, Loss_kernel 0.001, Train_accy 92.56
2025-06-27 10:16:34,365 [icarl.py] => Task 12, Epoch 89/200 => Loss 2.297, Loss_clf 0.263, Loss_kd 2.033, Loss_kernel 0.001, Train_accy 92.88
2025-06-27 10:16:45,157 [icarl.py] => Task 12, Epoch 90/200 => Loss 2.238, Loss_clf 0.231, Loss_kd 2.006, Loss_kernel 0.001, Train_accy 94.28
2025-06-27 10:17:15,871 [icarl.py] => Task 12, Epoch 91/200 => Loss 2.287, Loss_clf 0.254, Loss_kd 2.032, Loss_kernel 0.001, Train_accy 92.81, Test_accy {'Art': 18.15, 'Clipart': 31.02, 'Real World': 27.84, 'Product': 24.59}
2025-06-27 10:17:26,734 [icarl.py] => Task 12, Epoch 92/200 => Loss 2.239, Loss_clf 0.246, Loss_kd 1.991, Loss_kernel 0.001, Train_accy 93.75
2025-06-27 10:17:37,990 [icarl.py] => Task 12, Epoch 93/200 => Loss 2.266, Loss_clf 0.256, Loss_kd 2.009, Loss_kernel 0.001, Train_accy 92.92
2025-06-27 10:17:48,509 [icarl.py] => Task 12, Epoch 94/200 => Loss 2.249, Loss_clf 0.258, Loss_kd 1.990, Loss_kernel 0.001, Train_accy 93.37
2025-06-27 10:18:00,190 [icarl.py] => Task 12, Epoch 95/200 => Loss 2.185, Loss_clf 0.213, Loss_kd 1.970, Loss_kernel 0.001, Train_accy 94.56
2025-06-27 10:18:30,254 [icarl.py] => Task 12, Epoch 96/200 => Loss 2.299, Loss_clf 0.276, Loss_kd 2.022, Loss_kernel 0.001, Train_accy 92.74, Test_accy {'Art': 16.96, 'Clipart': 34.15, 'Real World': 30.4, 'Product': 27.32}
2025-06-27 10:18:42,023 [icarl.py] => Task 12, Epoch 97/200 => Loss 2.234, Loss_clf 0.228, Loss_kd 2.005, Loss_kernel 0.001, Train_accy 93.59
2025-06-27 10:18:54,071 [icarl.py] => Task 12, Epoch 98/200 => Loss 2.233, Loss_clf 0.231, Loss_kd 2.001, Loss_kernel 0.001, Train_accy 93.29
2025-06-27 10:19:04,699 [icarl.py] => Task 12, Epoch 99/200 => Loss 2.182, Loss_clf 0.200, Loss_kd 1.981, Loss_kernel 0.001, Train_accy 94.50
2025-06-27 10:19:15,139 [icarl.py] => Task 12, Epoch 100/200 => Loss 2.189, Loss_clf 0.207, Loss_kd 1.981, Loss_kernel 0.001, Train_accy 94.61
2025-06-27 10:19:45,038 [icarl.py] => Task 12, Epoch 101/200 => Loss 2.208, Loss_clf 0.220, Loss_kd 1.987, Loss_kernel 0.001, Train_accy 93.67, Test_accy {'Art': 16.77, 'Clipart': 32.14, 'Real World': 28.51, 'Product': 25.68}
2025-06-27 10:19:56,157 [icarl.py] => Task 12, Epoch 102/200 => Loss 2.183, Loss_clf 0.180, Loss_kd 2.001, Loss_kernel 0.001, Train_accy 95.10
2025-06-27 10:20:08,269 [icarl.py] => Task 12, Epoch 103/200 => Loss 2.256, Loss_clf 0.238, Loss_kd 2.017, Loss_kernel 0.001, Train_accy 93.47
2025-06-27 10:20:19,233 [icarl.py] => Task 12, Epoch 104/200 => Loss 2.181, Loss_clf 0.201, Loss_kd 1.979, Loss_kernel 0.001, Train_accy 94.77
2025-06-27 10:20:30,986 [icarl.py] => Task 12, Epoch 105/200 => Loss 2.190, Loss_clf 0.209, Loss_kd 1.980, Loss_kernel 0.001, Train_accy 94.41
2025-06-27 10:21:00,983 [icarl.py] => Task 12, Epoch 106/200 => Loss 2.161, Loss_clf 0.182, Loss_kd 1.978, Loss_kernel 0.001, Train_accy 95.18, Test_accy {'Art': 17.75, 'Clipart': 32.59, 'Real World': 30.73, 'Product': 26.89}
2025-06-27 10:21:11,622 [icarl.py] => Task 12, Epoch 107/200 => Loss 2.180, Loss_clf 0.204, Loss_kd 1.975, Loss_kernel 0.001, Train_accy 95.04
2025-06-27 10:21:22,479 [icarl.py] => Task 12, Epoch 108/200 => Loss 2.183, Loss_clf 0.208, Loss_kd 1.974, Loss_kernel 0.001, Train_accy 94.52
2025-06-27 10:21:34,345 [icarl.py] => Task 12, Epoch 109/200 => Loss 2.214, Loss_clf 0.213, Loss_kd 1.999, Loss_kernel 0.001, Train_accy 94.76
2025-06-27 10:21:45,628 [icarl.py] => Task 12, Epoch 110/200 => Loss 2.174, Loss_clf 0.187, Loss_kd 1.986, Loss_kernel 0.001, Train_accy 95.39
2025-06-27 10:22:15,942 [icarl.py] => Task 12, Epoch 111/200 => Loss 2.208, Loss_clf 0.214, Loss_kd 1.994, Loss_kernel 0.001, Train_accy 94.42, Test_accy {'Art': 18.93, 'Clipart': 35.05, 'Real World': 31.74, 'Product': 27.87}
2025-06-27 10:22:26,646 [icarl.py] => Task 12, Epoch 112/200 => Loss 2.106, Loss_clf 0.166, Loss_kd 1.939, Loss_kernel 0.001, Train_accy 95.71
2025-06-27 10:22:38,420 [icarl.py] => Task 12, Epoch 113/200 => Loss 2.142, Loss_clf 0.185, Loss_kd 1.956, Loss_kernel 0.001, Train_accy 95.56
2025-06-27 10:22:49,693 [icarl.py] => Task 12, Epoch 114/200 => Loss 2.143, Loss_clf 0.184, Loss_kd 1.958, Loss_kernel 0.001, Train_accy 95.70
2025-06-27 10:23:01,451 [icarl.py] => Task 12, Epoch 115/200 => Loss 2.117, Loss_clf 0.178, Loss_kd 1.938, Loss_kernel 0.001, Train_accy 95.30
2025-06-27 10:23:31,794 [icarl.py] => Task 12, Epoch 116/200 => Loss 2.185, Loss_clf 0.208, Loss_kd 1.977, Loss_kernel 0.001, Train_accy 94.25, Test_accy {'Art': 18.34, 'Clipart': 33.82, 'Real World': 30.96, 'Product': 25.79}
2025-06-27 10:23:43,351 [icarl.py] => Task 12, Epoch 117/200 => Loss 2.132, Loss_clf 0.170, Loss_kd 1.961, Loss_kernel 0.001, Train_accy 95.55
2025-06-27 10:23:55,844 [icarl.py] => Task 12, Epoch 118/200 => Loss 2.121, Loss_clf 0.166, Loss_kd 1.955, Loss_kernel 0.001, Train_accy 95.61
2025-06-27 10:24:07,266 [icarl.py] => Task 12, Epoch 119/200 => Loss 2.126, Loss_clf 0.171, Loss_kd 1.954, Loss_kernel 0.001, Train_accy 95.33
2025-06-27 10:24:18,983 [icarl.py] => Task 12, Epoch 120/200 => Loss 2.136, Loss_clf 0.188, Loss_kd 1.947, Loss_kernel 0.001, Train_accy 94.86
2025-06-27 10:24:48,781 [icarl.py] => Task 12, Epoch 121/200 => Loss 2.109, Loss_clf 0.180, Loss_kd 1.928, Loss_kernel 0.001, Train_accy 95.15, Test_accy {'Art': 18.15, 'Clipart': 34.38, 'Real World': 32.18, 'Product': 28.09}
2025-06-27 10:24:59,569 [icarl.py] => Task 12, Epoch 122/200 => Loss 2.087, Loss_clf 0.151, Loss_kd 1.935, Loss_kernel 0.001, Train_accy 96.56
2025-06-27 10:25:09,896 [icarl.py] => Task 12, Epoch 123/200 => Loss 2.112, Loss_clf 0.149, Loss_kd 1.962, Loss_kernel 0.001, Train_accy 95.80
2025-06-27 10:25:20,717 [icarl.py] => Task 12, Epoch 124/200 => Loss 2.057, Loss_clf 0.137, Loss_kd 1.920, Loss_kernel 0.001, Train_accy 96.88
2025-06-27 10:25:31,884 [icarl.py] => Task 12, Epoch 125/200 => Loss 2.087, Loss_clf 0.158, Loss_kd 1.928, Loss_kernel 0.001, Train_accy 96.39
2025-06-27 10:26:02,118 [icarl.py] => Task 12, Epoch 126/200 => Loss 2.106, Loss_clf 0.166, Loss_kd 1.939, Loss_kernel 0.001, Train_accy 95.53, Test_accy {'Art': 19.33, 'Clipart': 34.49, 'Real World': 30.18, 'Product': 27.32}
2025-06-27 10:26:13,447 [icarl.py] => Task 12, Epoch 127/200 => Loss 2.109, Loss_clf 0.159, Loss_kd 1.949, Loss_kernel 0.001, Train_accy 95.93
2025-06-27 10:26:25,156 [icarl.py] => Task 12, Epoch 128/200 => Loss 2.086, Loss_clf 0.158, Loss_kd 1.926, Loss_kernel 0.001, Train_accy 95.98
2025-06-27 10:26:36,421 [icarl.py] => Task 12, Epoch 129/200 => Loss 2.136, Loss_clf 0.170, Loss_kd 1.965, Loss_kernel 0.001, Train_accy 95.71
2025-06-27 10:26:48,181 [icarl.py] => Task 12, Epoch 130/200 => Loss 2.097, Loss_clf 0.160, Loss_kd 1.936, Loss_kernel 0.001, Train_accy 96.15
2025-06-27 10:27:18,231 [icarl.py] => Task 12, Epoch 131/200 => Loss 2.088, Loss_clf 0.137, Loss_kd 1.950, Loss_kernel 0.001, Train_accy 96.04, Test_accy {'Art': 18.93, 'Clipart': 33.93, 'Real World': 30.73, 'Product': 25.9}
2025-06-27 10:27:29,299 [icarl.py] => Task 12, Epoch 132/200 => Loss 2.108, Loss_clf 0.154, Loss_kd 1.953, Loss_kernel 0.001, Train_accy 96.09
2025-06-27 10:27:39,377 [icarl.py] => Task 12, Epoch 133/200 => Loss 2.076, Loss_clf 0.134, Loss_kd 1.942, Loss_kernel 0.001, Train_accy 97.00
2025-06-27 10:27:50,446 [icarl.py] => Task 12, Epoch 134/200 => Loss 2.038, Loss_clf 0.118, Loss_kd 1.919, Loss_kernel 0.001, Train_accy 96.95
2025-06-27 10:28:00,789 [icarl.py] => Task 12, Epoch 135/200 => Loss 2.051, Loss_clf 0.124, Loss_kd 1.927, Loss_kernel 0.001, Train_accy 96.83
2025-06-27 10:28:30,787 [icarl.py] => Task 12, Epoch 136/200 => Loss 2.046, Loss_clf 0.139, Loss_kd 1.907, Loss_kernel 0.001, Train_accy 96.35, Test_accy {'Art': 18.93, 'Clipart': 35.61, 'Real World': 31.74, 'Product': 27.98}
2025-06-27 10:28:41,925 [icarl.py] => Task 12, Epoch 137/200 => Loss 2.030, Loss_clf 0.118, Loss_kd 1.910, Loss_kernel 0.001, Train_accy 97.55
2025-06-27 10:28:52,892 [icarl.py] => Task 12, Epoch 138/200 => Loss 2.058, Loss_clf 0.141, Loss_kd 1.917, Loss_kernel 0.001, Train_accy 96.46
2025-06-27 10:29:03,313 [icarl.py] => Task 12, Epoch 139/200 => Loss 2.036, Loss_clf 0.130, Loss_kd 1.905, Loss_kernel 0.001, Train_accy 97.01
2025-06-27 10:29:13,927 [icarl.py] => Task 12, Epoch 140/200 => Loss 2.055, Loss_clf 0.134, Loss_kd 1.920, Loss_kernel 0.001, Train_accy 96.72
2025-06-27 10:29:43,276 [icarl.py] => Task 12, Epoch 141/200 => Loss 2.014, Loss_clf 0.112, Loss_kd 1.901, Loss_kernel 0.001, Train_accy 97.05, Test_accy {'Art': 19.33, 'Clipart': 34.49, 'Real World': 32.63, 'Product': 28.2}
2025-06-27 10:29:55,443 [icarl.py] => Task 12, Epoch 142/200 => Loss 2.045, Loss_clf 0.116, Loss_kd 1.928, Loss_kernel 0.001, Train_accy 97.17
2025-06-27 10:30:07,595 [icarl.py] => Task 12, Epoch 143/200 => Loss 2.110, Loss_clf 0.158, Loss_kd 1.952, Loss_kernel 0.001, Train_accy 95.57
2025-06-27 10:30:18,108 [icarl.py] => Task 12, Epoch 144/200 => Loss 2.044, Loss_clf 0.131, Loss_kd 1.912, Loss_kernel 0.001, Train_accy 96.56
2025-06-27 10:30:28,602 [icarl.py] => Task 12, Epoch 145/200 => Loss 2.067, Loss_clf 0.136, Loss_kd 1.930, Loss_kernel 0.001, Train_accy 96.99
2025-06-27 10:30:57,123 [icarl.py] => Task 12, Epoch 146/200 => Loss 1.999, Loss_clf 0.103, Loss_kd 1.895, Loss_kernel 0.001, Train_accy 97.26, Test_accy {'Art': 18.34, 'Clipart': 35.83, 'Real World': 32.63, 'Product': 28.2}
2025-06-27 10:31:07,350 [icarl.py] => Task 12, Epoch 147/200 => Loss 1.990, Loss_clf 0.106, Loss_kd 1.884, Loss_kernel 0.001, Train_accy 97.54
2025-06-27 10:31:17,759 [icarl.py] => Task 12, Epoch 148/200 => Loss 2.020, Loss_clf 0.112, Loss_kd 1.908, Loss_kernel 0.001, Train_accy 97.43
2025-06-27 10:31:27,958 [icarl.py] => Task 12, Epoch 149/200 => Loss 2.039, Loss_clf 0.131, Loss_kd 1.908, Loss_kernel 0.001, Train_accy 96.94
2025-06-27 10:31:38,585 [icarl.py] => Task 12, Epoch 150/200 => Loss 1.975, Loss_clf 0.103, Loss_kd 1.872, Loss_kernel 0.001, Train_accy 97.43
2025-06-27 10:32:06,908 [icarl.py] => Task 12, Epoch 151/200 => Loss 2.013, Loss_clf 0.097, Loss_kd 1.915, Loss_kernel 0.001, Train_accy 97.70, Test_accy {'Art': 18.54, 'Clipart': 35.5, 'Real World': 33.52, 'Product': 26.23}
2025-06-27 10:32:16,886 [icarl.py] => Task 12, Epoch 152/200 => Loss 1.983, Loss_clf 0.105, Loss_kd 1.877, Loss_kernel 0.001, Train_accy 97.32
2025-06-27 10:32:27,666 [icarl.py] => Task 12, Epoch 153/200 => Loss 1.991, Loss_clf 0.110, Loss_kd 1.881, Loss_kernel 0.001, Train_accy 97.60
2025-06-27 10:32:39,119 [icarl.py] => Task 12, Epoch 154/200 => Loss 2.027, Loss_clf 0.115, Loss_kd 1.912, Loss_kernel 0.001, Train_accy 97.23
2025-06-27 10:32:50,522 [icarl.py] => Task 12, Epoch 155/200 => Loss 2.029, Loss_clf 0.125, Loss_kd 1.903, Loss_kernel 0.001, Train_accy 97.07
2025-06-27 10:33:20,101 [icarl.py] => Task 12, Epoch 156/200 => Loss 2.014, Loss_clf 0.114, Loss_kd 1.900, Loss_kernel 0.001, Train_accy 96.95, Test_accy {'Art': 17.95, 'Clipart': 36.06, 'Real World': 32.29, 'Product': 27.54}
2025-06-27 10:33:30,358 [icarl.py] => Task 12, Epoch 157/200 => Loss 1.992, Loss_clf 0.096, Loss_kd 1.895, Loss_kernel 0.001, Train_accy 97.76
2025-06-27 10:33:40,635 [icarl.py] => Task 12, Epoch 158/200 => Loss 1.973, Loss_clf 0.090, Loss_kd 1.882, Loss_kernel 0.001, Train_accy 97.98
2025-06-27 10:33:52,183 [icarl.py] => Task 12, Epoch 159/200 => Loss 2.008, Loss_clf 0.104, Loss_kd 1.903, Loss_kernel 0.001, Train_accy 97.55
2025-06-27 10:34:02,720 [icarl.py] => Task 12, Epoch 160/200 => Loss 2.006, Loss_clf 0.101, Loss_kd 1.904, Loss_kernel 0.001, Train_accy 98.03
2025-06-27 10:34:32,572 [icarl.py] => Task 12, Epoch 161/200 => Loss 1.979, Loss_clf 0.095, Loss_kd 1.884, Loss_kernel 0.001, Train_accy 97.49, Test_accy {'Art': 18.34, 'Clipart': 34.38, 'Real World': 32.74, 'Product': 27.43}
2025-06-27 10:34:43,157 [icarl.py] => Task 12, Epoch 162/200 => Loss 1.995, Loss_clf 0.089, Loss_kd 1.905, Loss_kernel 0.001, Train_accy 98.04
2025-06-27 10:34:53,630 [icarl.py] => Task 12, Epoch 163/200 => Loss 1.994, Loss_clf 0.098, Loss_kd 1.896, Loss_kernel 0.001, Train_accy 97.93
2025-06-27 10:35:04,423 [icarl.py] => Task 12, Epoch 164/200 => Loss 2.024, Loss_clf 0.102, Loss_kd 1.922, Loss_kernel 0.001, Train_accy 97.60
2025-06-27 10:35:14,143 [icarl.py] => Task 12, Epoch 165/200 => Loss 1.957, Loss_clf 0.083, Loss_kd 1.873, Loss_kernel 0.001, Train_accy 98.13
2025-06-27 10:35:42,795 [icarl.py] => Task 12, Epoch 166/200 => Loss 1.971, Loss_clf 0.087, Loss_kd 1.884, Loss_kernel 0.001, Train_accy 98.07, Test_accy {'Art': 17.75, 'Clipart': 34.27, 'Real World': 32.63, 'Product': 27.43}
2025-06-27 10:35:52,519 [icarl.py] => Task 12, Epoch 167/200 => Loss 1.994, Loss_clf 0.099, Loss_kd 1.894, Loss_kernel 0.001, Train_accy 97.92
2025-06-27 10:36:02,961 [icarl.py] => Task 12, Epoch 168/200 => Loss 1.965, Loss_clf 0.078, Loss_kd 1.886, Loss_kernel 0.001, Train_accy 98.63
2025-06-27 10:36:14,378 [icarl.py] => Task 12, Epoch 169/200 => Loss 2.033, Loss_clf 0.122, Loss_kd 1.910, Loss_kernel 0.001, Train_accy 97.00
2025-06-27 10:36:24,984 [icarl.py] => Task 12, Epoch 170/200 => Loss 1.933, Loss_clf 0.081, Loss_kd 1.851, Loss_kernel 0.001, Train_accy 98.19
2025-06-27 10:36:54,403 [icarl.py] => Task 12, Epoch 171/200 => Loss 1.939, Loss_clf 0.090, Loss_kd 1.848, Loss_kernel 0.001, Train_accy 97.97, Test_accy {'Art': 18.54, 'Clipart': 34.38, 'Real World': 32.29, 'Product': 27.21}
2025-06-27 10:37:04,606 [icarl.py] => Task 12, Epoch 172/200 => Loss 1.971, Loss_clf 0.079, Loss_kd 1.892, Loss_kernel 0.001, Train_accy 98.25
2025-06-27 10:37:15,507 [icarl.py] => Task 12, Epoch 173/200 => Loss 1.961, Loss_clf 0.083, Loss_kd 1.877, Loss_kernel 0.001, Train_accy 98.14
2025-06-27 10:37:25,981 [icarl.py] => Task 12, Epoch 174/200 => Loss 1.986, Loss_clf 0.091, Loss_kd 1.894, Loss_kernel 0.001, Train_accy 98.09
2025-06-27 10:37:35,784 [icarl.py] => Task 12, Epoch 175/200 => Loss 1.985, Loss_clf 0.082, Loss_kd 1.903, Loss_kernel 0.001, Train_accy 98.14
2025-06-27 10:38:05,185 [icarl.py] => Task 12, Epoch 176/200 => Loss 2.019, Loss_clf 0.112, Loss_kd 1.907, Loss_kernel 0.001, Train_accy 97.21, Test_accy {'Art': 18.74, 'Clipart': 34.83, 'Real World': 32.52, 'Product': 27.76}
2025-06-27 10:38:15,253 [icarl.py] => Task 12, Epoch 177/200 => Loss 1.977, Loss_clf 0.088, Loss_kd 1.888, Loss_kernel 0.001, Train_accy 98.47
2025-06-27 10:38:26,433 [icarl.py] => Task 12, Epoch 178/200 => Loss 1.989, Loss_clf 0.093, Loss_kd 1.895, Loss_kernel 0.001, Train_accy 97.98
2025-06-27 10:38:36,703 [icarl.py] => Task 12, Epoch 179/200 => Loss 1.989, Loss_clf 0.092, Loss_kd 1.896, Loss_kernel 0.001, Train_accy 98.02
2025-06-27 10:38:47,110 [icarl.py] => Task 12, Epoch 180/200 => Loss 1.999, Loss_clf 0.091, Loss_kd 1.907, Loss_kernel 0.001, Train_accy 98.19
2025-06-27 10:39:16,483 [icarl.py] => Task 12, Epoch 181/200 => Loss 1.954, Loss_clf 0.081, Loss_kd 1.873, Loss_kernel 0.001, Train_accy 98.14, Test_accy {'Art': 19.92, 'Clipart': 34.38, 'Real World': 33.07, 'Product': 26.67}
2025-06-27 10:39:27,026 [icarl.py] => Task 12, Epoch 182/200 => Loss 1.979, Loss_clf 0.091, Loss_kd 1.888, Loss_kernel 0.001, Train_accy 98.09
2025-06-27 10:39:38,254 [icarl.py] => Task 12, Epoch 183/200 => Loss 2.008, Loss_clf 0.108, Loss_kd 1.899, Loss_kernel 0.001, Train_accy 97.60
2025-06-27 10:39:48,349 [icarl.py] => Task 12, Epoch 184/200 => Loss 1.979, Loss_clf 0.086, Loss_kd 1.892, Loss_kernel 0.001, Train_accy 98.47
2025-06-27 10:39:58,458 [icarl.py] => Task 12, Epoch 185/200 => Loss 1.948, Loss_clf 0.075, Loss_kd 1.873, Loss_kernel 0.001, Train_accy 98.03
2025-06-27 10:40:28,319 [icarl.py] => Task 12, Epoch 186/200 => Loss 2.006, Loss_clf 0.089, Loss_kd 1.917, Loss_kernel 0.001, Train_accy 98.25, Test_accy {'Art': 18.74, 'Clipart': 34.38, 'Real World': 32.29, 'Product': 28.09}
2025-06-27 10:40:38,497 [icarl.py] => Task 12, Epoch 187/200 => Loss 1.956, Loss_clf 0.091, Loss_kd 1.865, Loss_kernel 0.001, Train_accy 97.54
2025-06-27 10:40:49,008 [icarl.py] => Task 12, Epoch 188/200 => Loss 2.028, Loss_clf 0.098, Loss_kd 1.930, Loss_kernel 0.001, Train_accy 97.98
2025-06-27 10:40:58,980 [icarl.py] => Task 12, Epoch 189/200 => Loss 1.969, Loss_clf 0.094, Loss_kd 1.875, Loss_kernel 0.001, Train_accy 97.59
2025-06-27 10:41:09,553 [icarl.py] => Task 12, Epoch 190/200 => Loss 1.991, Loss_clf 0.102, Loss_kd 1.888, Loss_kernel 0.001, Train_accy 97.70
2025-06-27 10:41:38,733 [icarl.py] => Task 12, Epoch 191/200 => Loss 1.978, Loss_clf 0.083, Loss_kd 1.894, Loss_kernel 0.001, Train_accy 98.25, Test_accy {'Art': 19.53, 'Clipart': 35.27, 'Real World': 32.63, 'Product': 27.1}
2025-06-27 10:41:48,503 [icarl.py] => Task 12, Epoch 192/200 => Loss 1.942, Loss_clf 0.076, Loss_kd 1.866, Loss_kernel 0.001, Train_accy 98.46
2025-06-27 10:41:58,365 [icarl.py] => Task 12, Epoch 193/200 => Loss 1.967, Loss_clf 0.086, Loss_kd 1.880, Loss_kernel 0.001, Train_accy 98.19
2025-06-27 10:42:08,604 [icarl.py] => Task 12, Epoch 194/200 => Loss 1.973, Loss_clf 0.085, Loss_kd 1.887, Loss_kernel 0.001, Train_accy 98.14
2025-06-27 10:42:18,515 [icarl.py] => Task 12, Epoch 195/200 => Loss 1.956, Loss_clf 0.080, Loss_kd 1.875, Loss_kernel 0.001, Train_accy 98.19
2025-06-27 10:42:47,330 [icarl.py] => Task 12, Epoch 196/200 => Loss 1.972, Loss_clf 0.093, Loss_kd 1.879, Loss_kernel 0.001, Train_accy 98.20, Test_accy {'Art': 17.95, 'Clipart': 34.94, 'Real World': 33.74, 'Product': 26.99}
2025-06-27 10:42:57,277 [icarl.py] => Task 12, Epoch 197/200 => Loss 1.959, Loss_clf 0.072, Loss_kd 1.887, Loss_kernel 0.001, Train_accy 98.51
2025-06-27 10:43:07,569 [icarl.py] => Task 12, Epoch 198/200 => Loss 1.976, Loss_clf 0.094, Loss_kd 1.881, Loss_kernel 0.001, Train_accy 97.64
2025-06-27 10:43:17,599 [icarl.py] => Task 12, Epoch 199/200 => Loss 1.964, Loss_clf 0.076, Loss_kd 1.888, Loss_kernel 0.001, Train_accy 98.25
2025-06-27 10:43:28,993 [icarl.py] => Task 12, Epoch 200/200 => Loss 1.971, Loss_clf 0.086, Loss_kd 1.885, Loss_kernel 0.001, Train_accy 98.09
2025-06-27 10:43:28,995 [base.py] => Reducing exemplars...(20 per classes)
2025-06-27 10:44:07,036 [base.py] => Constructing exemplars...(20 per classes)
2025-06-27 10:44:55,816 [icarl.py] => Exemplar size: 1300
2025-06-27 10:44:56,871 [trainer.py] => CNN [Art]: {'total': 19.72, '00-04': 39.47, '05-09': 8.82, '10-14': 21.62, '15-19': 18.52, '20-24': 21.05, '25-29': 14.71, '30-34': 10.91, '35-39': 4.88, '40-44': 0.0, '45-49': 22.0, '50-54': 32.65, '55-59': 17.07, '60-64': 56.0, 'old': 17.84, 'new': 56.0}
2025-06-27 10:44:56,871 [trainer.py] => NME [Art]: {'total': 20.12, '00-04': 36.84, '05-09': 14.71, '10-14': 16.22, '15-19': 18.52, '20-24': 10.53, '25-29': 11.76, '30-34': 12.73, '35-39': 12.2, '40-44': 2.63, '45-49': 24.0, '50-54': 36.73, '55-59': 21.95, '60-64': 48.0, 'old': 18.67, 'new': 48.0}
2025-06-27 10:44:56,872 [trainer.py] => CNN [Art] top1 curve: [63.16, 52.78, 50.46, 42.65, 35.63, 28.85, 27.76, 26.97, 20.18, 22.7, 21.54, 21.16, 19.72]
2025-06-27 10:44:56,872 [trainer.py] => CNN [Art] top5 curve: [97.37, 83.33, 73.39, 72.79, 61.49, 55.77, 53.99, 52.63, 43.27, 44.13, 39.91, 41.08, 38.86]
2025-06-27 10:44:56,872 [trainer.py] => NME [Art] top1 curve: [71.05, 61.11, 51.38, 44.85, 41.95, 33.17, 33.08, 29.28, 20.47, 23.72, 22.0, 19.71, 20.12]
2025-06-27 10:44:56,872 [trainer.py] => NME [Art] top5 curve: [100.0, 86.11, 77.06, 72.06, 70.11, 60.1, 58.56, 57.57, 47.08, 46.68, 45.8, 39.21, 42.01]
2025-06-27 10:44:56,872 [trainer.py] => Average Accuracy [Art] (CNN): 33.35076923076923
2025-06-27 10:44:56,872 [trainer.py] => Average Accuracy [Art] (NME): 36.29923076923077
2025-06-27 10:44:56,873 [trainer.py] => CNN [Clipart]: {'total': 35.39, '00-04': 48.72, '05-09': 40.32, '10-14': 37.88, '15-19': 45.28, '20-24': 23.6, '25-29': 17.74, '30-34': 34.38, '35-39': 19.67, '40-44': 30.3, '45-49': 28.12, '50-54': 42.11, '55-59': 25.0, '60-64': 63.77, 'old': 33.01, 'new': 63.77}
2025-06-27 10:44:56,873 [trainer.py] => NME [Clipart]: {'total': 34.71, '00-04': 46.15, '05-09': 35.48, '10-14': 36.36, '15-19': 45.28, '20-24': 25.84, '25-29': 11.29, '30-34': 32.81, '35-39': 24.59, '40-44': 33.33, '45-49': 34.38, '50-54': 43.16, '55-59': 21.88, '60-64': 56.52, 'old': 32.89, 'new': 56.52}
2025-06-27 10:44:56,873 [trainer.py] => CNN [Clipart] top1 curve: [70.51, 64.29, 68.93, 67.18, 60.63, 55.85, 52.11, 46.17, 40.6, 40.0, 41.58, 36.29, 35.39]
2025-06-27 10:44:56,873 [trainer.py] => CNN [Clipart] top5 curve: [100.0, 91.43, 87.86, 84.56, 81.9, 78.05, 73.84, 68.79, 64.06, 65.71, 62.89, 60.44, 60.81]
2025-06-27 10:44:56,873 [trainer.py] => NME [Clipart] top1 curve: [69.23, 67.14, 72.33, 68.34, 62.07, 56.1, 55.27, 47.48, 43.59, 43.01, 42.89, 37.99, 34.71]
2025-06-27 10:44:56,873 [trainer.py] => NME [Clipart] top5 curve: [100.0, 92.14, 88.83, 84.94, 84.77, 79.51, 77.22, 73.64, 66.06, 68.57, 66.84, 62.38, 61.25]
2025-06-27 10:44:56,873 [trainer.py] => Average Accuracy [Clipart] (CNN): 52.27153846153846
2025-06-27 10:44:56,873 [trainer.py] => Average Accuracy [Clipart] (NME): 53.857692307692304
2025-06-27 10:44:56,874 [trainer.py] => CNN [Product]: {'total': 27.43, '00-04': 38.82, '05-09': 32.5, '10-14': 45.16, '15-19': 31.17, '20-24': 21.31, '25-29': 26.58, '30-34': 16.42, '35-39': 10.61, '40-44': 18.57, '45-49': 19.72, '50-54': 27.69, '55-59': 20.69, '60-64': 41.89, 'old': 26.16, 'new': 41.89}
2025-06-27 10:44:56,874 [trainer.py] => NME [Product]: {'total': 27.54, '00-04': 32.94, '05-09': 33.75, '10-14': 41.94, '15-19': 27.27, '20-24': 18.03, '25-29': 29.11, '30-34': 16.42, '35-39': 12.12, '40-44': 24.29, '45-49': 25.35, '50-54': 27.69, '55-59': 27.59, '60-64': 37.84, 'old': 26.63, 'new': 37.84}
2025-06-27 10:44:56,874 [trainer.py] => CNN [Product] top1 curve: [70.59, 53.33, 53.3, 47.37, 45.75, 42.57, 40.9, 37.61, 31.84, 31.48, 32.31, 27.94, 27.43]
2025-06-27 10:44:56,874 [trainer.py] => CNN [Product] top5 curve: [98.82, 87.27, 83.26, 79.28, 76.99, 73.87, 73.58, 66.9, 60.28, 62.26, 59.26, 55.41, 53.77]
2025-06-27 10:44:56,874 [trainer.py] => NME [Product] top1 curve: [69.41, 56.97, 55.07, 46.05, 45.75, 45.72, 41.88, 37.26, 33.85, 33.43, 31.42, 31.03, 27.54]
2025-06-27 10:44:56,874 [trainer.py] => NME [Product] top5 curve: [100.0, 94.55, 88.55, 84.21, 80.27, 76.35, 74.95, 70.71, 61.98, 64.76, 62.07, 57.31, 53.44]
2025-06-27 10:44:56,874 [trainer.py] => Average Accuracy [Product] (CNN): 41.72461538461538
2025-06-27 10:44:56,874 [trainer.py] => Average Accuracy [Product] (NME): 42.72153846153846
2025-06-27 10:44:56,874 [trainer.py] => CNN [Real World]: {'total': 33.41, '00-04': 27.4, '05-09': 44.12, '10-14': 29.17, '15-19': 31.34, '20-24': 12.31, '25-29': 35.06, '30-34': 37.33, '35-39': 22.03, '40-44': 25.0, '45-49': 30.56, '50-54': 55.13, '55-59': 34.62, '60-64': 48.0, 'old': 32.55, 'new': 48.0}
2025-06-27 10:44:56,875 [trainer.py] => NME [Real World]: {'total': 35.75, '00-04': 24.66, '05-09': 41.18, '10-14': 26.39, '15-19': 31.34, '20-24': 9.23, '25-29': 41.56, '30-34': 46.67, '35-39': 25.42, '40-44': 25.0, '45-49': 36.11, '50-54': 58.97, '55-59': 43.59, '60-64': 50.0, 'old': 34.91, 'new': 50.0}
2025-06-27 10:44:56,875 [trainer.py] => CNN [Real World] top1 curve: [69.86, 63.83, 55.4, 48.93, 44.64, 42.89, 44.87, 42.81, 34.84, 33.96, 36.36, 33.37, 33.41]
2025-06-27 10:44:56,875 [trainer.py] => CNN [Real World] top5 curve: [98.63, 92.2, 81.69, 77.5, 74.2, 71.8, 72.03, 67.27, 59.19, 61.71, 61.43, 60.73, 59.24]
2025-06-27 10:44:56,875 [trainer.py] => NME [Real World] top1 curve: [71.23, 60.28, 56.81, 52.86, 48.7, 45.5, 48.29, 44.24, 37.58, 36.99, 39.48, 35.85, 35.75]
2025-06-27 10:44:56,875 [trainer.py] => NME [Real World] top5 curve: [100.0, 94.33, 87.32, 82.86, 80.29, 77.73, 75.05, 71.22, 63.06, 66.33, 65.45, 61.67, 62.14]
2025-06-27 10:44:56,875 [trainer.py] => Average Accuracy [Real World] (CNN): 45.01307692307692
2025-06-27 10:44:56,875 [trainer.py] => Average Accuracy [Real World] (NME): 47.196923076923085
2025-06-27 10:44:56,875 [trainer.py] => NME Harmonic Mean : 28.8057
2025-06-27 10:44:56,875 [trainer.py] => NME Macro Mean : 29.5300
2025-06-27 10:44:56,876 [trainer.py] => CNN Harmonic Mean : 28.4305
2025-06-27 10:44:56,876 [trainer.py] => CNN Macro Mean : 28.9875
2025-06-27 10:44:56,879 [trainer.py] => Forgetting (CNN) [Art]: 20.535
2025-06-27 10:44:56,881 [trainer.py] => Forgetting (CNN) [Clipart]: 28.7925
2025-06-27 10:44:56,882 [trainer.py] => Forgetting (CNN) [Product]: 19.225833333333334
2025-06-27 10:44:56,883 [trainer.py] => Forgetting (CNN) [Real World]: 18.864166666666666
2025-06-27 10:44:56,883 [trainer.py] => Forgetting (NME) [Art]: 24.471666666666664
2025-06-27 10:44:56,884 [trainer.py] => Forgetting (NME) [Clipart]: 30.044166666666666
2025-06-27 10:44:56,884 [trainer.py] => Forgetting (NME) [Product]: 20.363333333333333
2025-06-27 10:44:56,884 [trainer.py] => Forgetting (NME) [Real World]: 20.474166666666665
'5_product_art_top1':[63.16, 52.78, 50.46, 42.65, 35.63, 28.85, 27.76, 26.97, 20.18, 22.7, 21.54, 21.16, 19.72],
'5_product_art_top5':[97.37, 83.33, 73.39, 72.79, 61.49, 55.77, 53.99, 52.63, 43.27, 44.13, 39.91, 41.08, 38.86],
'5_product_clipart_top1':[70.51, 64.29, 68.93, 67.18, 60.63, 55.85, 52.11, 46.17, 40.6, 40.0, 41.58, 36.29, 35.39],
'5_product_clipart_top5':[100.0, 91.43, 87.86, 84.56, 81.9, 78.05, 73.84, 68.79, 64.06, 65.71, 62.89, 60.44, 60.81],
'5_product_product_top1':[70.59, 53.33, 53.3, 47.37, 45.75, 42.57, 40.9, 37.61, 31.84, 31.48, 32.31, 27.94, 27.43],
'5_product_product_top5':[98.82, 87.27, 83.26, 79.28, 76.99, 73.87, 73.58, 66.9, 60.28, 62.26, 59.26, 55.41, 53.77],
'5_product_real world_top1':[69.86, 63.83, 55.4, 48.93, 44.64, 42.89, 44.87, 42.81, 34.84, 33.96, 36.36, 33.37, 33.41],
'5_product_real world_top5':[98.63, 92.2, 81.69, 77.5, 74.2, 71.8, 72.03, 67.27, 59.19, 61.71, 61.43, 60.73, 59.24],
