2025-06-28 23:46:26,867 [trainer.py] => config: ./exps/icarl.json
2025-06-28 23:46:26,867 [trainer.py] => prefix: reproduce
2025-06-28 23:46:26,867 [trainer.py] => dataset: officehome
2025-06-28 23:46:26,867 [trainer.py] => device: [device(type='cuda', index=1)]
2025-06-28 23:46:26,867 [trainer.py] => topk: 5
2025-06-28 23:46:26,867 [trainer.py] => inter_refinement: True
2025-06-28 23:46:26,867 [trainer.py] => intra_refinement: True
2025-06-28 23:46:26,867 [trainer.py] => inter_ref_high: True
2025-06-28 23:46:26,867 [trainer.py] => intra_ref_high: False
2025-06-28 23:46:26,867 [trainer.py] => lamda_ref: 0.15
2025-06-28 23:46:26,867 [trainer.py] => kernel: True
2025-06-28 23:46:26,867 [trainer.py] => k_cosine: False
2025-06-28 23:46:26,868 [trainer.py] => k_tstd: True
2025-06-28 23:46:26,868 [trainer.py] => lamda_kernel: 0.005
2025-06-28 23:46:26,868 [trainer.py] => EPSILON: 1e-08
2025-06-28 23:46:26,868 [trainer.py] => batch_size: 64
2025-06-28 23:46:26,868 [trainer.py] => init_epoch: 200
2025-06-28 23:46:26,868 [trainer.py] => epochs: 200
2025-06-28 23:46:26,868 [trainer.py] => memory_size: 1300
2025-06-28 23:46:26,868 [trainer.py] => memory_per_class: 20
2025-06-28 23:46:26,868 [trainer.py] => learning_rate: 0.1
2025-06-28 23:46:26,868 [trainer.py] => init_weight_decay: 0.0005
2025-06-28 23:46:26,868 [trainer.py] => weight_decay: 0.0002
2025-06-28 23:46:26,868 [trainer.py] => T: 2
2025-06-28 23:46:26,868 [trainer.py] => num_workers: 2
2025-06-28 23:46:26,868 [trainer.py] => fixed_memory: False
2025-06-28 23:46:26,868 [trainer.py] => shuffle: True
2025-06-28 23:46:26,868 [trainer.py] => init_cls: 5
2025-06-28 23:46:26,868 [trainer.py] => increment: 5
2025-06-28 23:46:26,868 [trainer.py] => model_name: icarl
2025-06-28 23:46:26,868 [trainer.py] => convnet_type: resnet34
2025-06-28 23:46:26,868 [trainer.py] => seed: 1993
2025-06-28 23:46:26,868 [trainer.py] => source_domain: ['Art', 'Clipart', 'Product']
2025-06-28 23:46:26,868 [trainer.py] => target_domain: Real World
2025-06-28 23:46:26,868 [trainer.py] => resume: False
2025-06-28 23:46:26,913 [data_manager.py] => [22, 56, 44, 45, 13, 8, 23, 54, 35, 52, 34, 61, 16, 6, 55, 20, 14, 38, 17, 63, 42, 10, 59, 43, 24, 2, 62, 21, 1, 15, 0, 37, 53, 27, 18, 46, 12, 25, 40, 30, 19, 47, 26, 36, 7, 28, 11, 5, 32, 41, 50, 4, 51, 58, 9, 60, 39, 31, 48, 3, 29, 64, 49, 57, 33]
2025-06-28 23:46:29,948 [trainer.py] => Training from scratch
2025-06-28 23:46:29,948 [trainer.py] => All params: 21284672
2025-06-28 23:46:29,949 [trainer.py] => Trainable params: 21284672
2025-06-28 23:46:29,949 [icarl.py] => Learning on 0-5
2025-06-28 23:46:42,168 [icarl.py] => Task 0, Epoch 1/200 => Loss 5.446, Loss_clf 5.446, Train_accy 19.87, Test_accy {'Art': 47.37, 'Clipart': 26.92, 'Real World': 21.92, 'Product': 22.35}
2025-06-28 23:46:49,467 [icarl.py] => Task 0, Epoch 2/200 => Loss 4.666, Loss_clf 4.666, Train_accy 22.51
2025-06-28 23:46:55,917 [icarl.py] => Task 0, Epoch 3/200 => Loss 3.467, Loss_clf 3.467, Train_accy 24.73
2025-06-28 23:47:02,629 [icarl.py] => Task 0, Epoch 4/200 => Loss 2.496, Loss_clf 2.496, Train_accy 17.71
2025-06-28 23:47:09,292 [icarl.py] => Task 0, Epoch 5/200 => Loss 2.414, Loss_clf 2.414, Train_accy 25.08
2025-06-28 23:47:16,463 [icarl.py] => Task 0, Epoch 6/200 => Loss 2.345, Loss_clf 2.345, Train_accy 24.18
2025-06-28 23:47:23,181 [icarl.py] => Task 0, Epoch 7/200 => Loss 2.185, Loss_clf 2.185, Train_accy 26.59
2025-06-28 23:47:29,730 [icarl.py] => Task 0, Epoch 8/200 => Loss 1.983, Loss_clf 1.983, Train_accy 21.90
2025-06-28 23:47:36,221 [icarl.py] => Task 0, Epoch 9/200 => Loss 1.868, Loss_clf 1.868, Train_accy 21.82
2025-06-28 23:47:43,074 [icarl.py] => Task 0, Epoch 10/200 => Loss 1.915, Loss_clf 1.915, Train_accy 25.46
2025-06-28 23:47:49,784 [icarl.py] => Task 0, Epoch 11/200 => Loss 1.856, Loss_clf 1.856, Train_accy 26.50
2025-06-28 23:47:56,239 [icarl.py] => Task 0, Epoch 12/200 => Loss 1.833, Loss_clf 1.833, Train_accy 28.59
2025-06-28 23:48:03,083 [icarl.py] => Task 0, Epoch 13/200 => Loss 1.834, Loss_clf 1.834, Train_accy 28.01
2025-06-28 23:48:09,815 [icarl.py] => Task 0, Epoch 14/200 => Loss 1.715, Loss_clf 1.715, Train_accy 28.90
2025-06-28 23:48:16,540 [icarl.py] => Task 0, Epoch 15/200 => Loss 1.759, Loss_clf 1.759, Train_accy 31.08
2025-06-28 23:48:23,003 [icarl.py] => Task 0, Epoch 16/200 => Loss 1.647, Loss_clf 1.647, Train_accy 33.22
2025-06-28 23:48:29,795 [icarl.py] => Task 0, Epoch 17/200 => Loss 1.668, Loss_clf 1.668, Train_accy 35.71
2025-06-28 23:48:36,185 [icarl.py] => Task 0, Epoch 18/200 => Loss 1.672, Loss_clf 1.672, Train_accy 34.17
2025-06-28 23:48:42,828 [icarl.py] => Task 0, Epoch 19/200 => Loss 1.610, Loss_clf 1.610, Train_accy 36.60
2025-06-28 23:48:49,200 [icarl.py] => Task 0, Epoch 20/200 => Loss 1.644, Loss_clf 1.644, Train_accy 36.65
2025-06-28 23:48:59,343 [icarl.py] => Task 0, Epoch 21/200 => Loss 1.563, Loss_clf 1.563, Train_accy 39.01, Test_accy {'Art': 42.11, 'Clipart': 32.05, 'Real World': 36.99, 'Product': 55.29}
2025-06-28 23:49:06,352 [icarl.py] => Task 0, Epoch 22/200 => Loss 1.533, Loss_clf 1.533, Train_accy 37.98
2025-06-28 23:49:13,036 [icarl.py] => Task 0, Epoch 23/200 => Loss 1.549, Loss_clf 1.549, Train_accy 37.61
2025-06-28 23:49:19,492 [icarl.py] => Task 0, Epoch 24/200 => Loss 1.510, Loss_clf 1.510, Train_accy 42.70
2025-06-28 23:49:25,891 [icarl.py] => Task 0, Epoch 25/200 => Loss 1.410, Loss_clf 1.410, Train_accy 43.87
2025-06-28 23:49:32,689 [icarl.py] => Task 0, Epoch 26/200 => Loss 1.447, Loss_clf 1.447, Train_accy 44.04
2025-06-28 23:49:39,065 [icarl.py] => Task 0, Epoch 27/200 => Loss 1.392, Loss_clf 1.392, Train_accy 43.09
2025-06-28 23:49:45,860 [icarl.py] => Task 0, Epoch 28/200 => Loss 1.354, Loss_clf 1.354, Train_accy 45.34
2025-06-28 23:49:53,015 [icarl.py] => Task 0, Epoch 29/200 => Loss 1.311, Loss_clf 1.311, Train_accy 49.66
2025-06-28 23:49:59,883 [icarl.py] => Task 0, Epoch 30/200 => Loss 1.436, Loss_clf 1.436, Train_accy 44.02
2025-06-28 23:50:06,860 [icarl.py] => Task 0, Epoch 31/200 => Loss 1.381, Loss_clf 1.381, Train_accy 44.33
2025-06-28 23:50:13,490 [icarl.py] => Task 0, Epoch 32/200 => Loss 1.401, Loss_clf 1.401, Train_accy 44.80
2025-06-28 23:50:20,136 [icarl.py] => Task 0, Epoch 33/200 => Loss 1.349, Loss_clf 1.349, Train_accy 45.19
2025-06-28 23:50:26,741 [icarl.py] => Task 0, Epoch 34/200 => Loss 1.300, Loss_clf 1.300, Train_accy 47.01
2025-06-28 23:50:33,693 [icarl.py] => Task 0, Epoch 35/200 => Loss 1.321, Loss_clf 1.321, Train_accy 49.56
2025-06-28 23:50:40,291 [icarl.py] => Task 0, Epoch 36/200 => Loss 1.301, Loss_clf 1.301, Train_accy 47.53
2025-06-28 23:50:46,921 [icarl.py] => Task 0, Epoch 37/200 => Loss 1.255, Loss_clf 1.255, Train_accy 49.03
2025-06-28 23:50:53,518 [icarl.py] => Task 0, Epoch 38/200 => Loss 1.366, Loss_clf 1.366, Train_accy 45.58
2025-06-28 23:51:00,441 [icarl.py] => Task 0, Epoch 39/200 => Loss 1.366, Loss_clf 1.366, Train_accy 45.87
2025-06-28 23:51:07,396 [icarl.py] => Task 0, Epoch 40/200 => Loss 1.392, Loss_clf 1.392, Train_accy 47.08
2025-06-28 23:51:17,739 [icarl.py] => Task 0, Epoch 41/200 => Loss 1.277, Loss_clf 1.277, Train_accy 48.78, Test_accy {'Art': 52.63, 'Clipart': 52.56, 'Real World': 54.79, 'Product': 52.94}
2025-06-28 23:51:24,255 [icarl.py] => Task 0, Epoch 42/200 => Loss 1.226, Loss_clf 1.226, Train_accy 52.86
2025-06-28 23:51:30,874 [icarl.py] => Task 0, Epoch 43/200 => Loss 1.211, Loss_clf 1.211, Train_accy 51.68
2025-06-28 23:51:37,438 [icarl.py] => Task 0, Epoch 44/200 => Loss 1.218, Loss_clf 1.218, Train_accy 51.67
2025-06-28 23:51:44,089 [icarl.py] => Task 0, Epoch 45/200 => Loss 1.282, Loss_clf 1.282, Train_accy 49.13
2025-06-28 23:51:51,104 [icarl.py] => Task 0, Epoch 46/200 => Loss 1.256, Loss_clf 1.256, Train_accy 52.26
2025-06-28 23:51:57,729 [icarl.py] => Task 0, Epoch 47/200 => Loss 1.187, Loss_clf 1.187, Train_accy 54.00
2025-06-28 23:52:04,413 [icarl.py] => Task 0, Epoch 48/200 => Loss 1.170, Loss_clf 1.170, Train_accy 52.97
2025-06-28 23:52:11,030 [icarl.py] => Task 0, Epoch 49/200 => Loss 1.123, Loss_clf 1.123, Train_accy 56.73
2025-06-28 23:52:17,599 [icarl.py] => Task 0, Epoch 50/200 => Loss 1.071, Loss_clf 1.071, Train_accy 57.05
2025-06-28 23:52:24,503 [icarl.py] => Task 0, Epoch 51/200 => Loss 1.090, Loss_clf 1.090, Train_accy 61.41
2025-06-28 23:52:31,109 [icarl.py] => Task 0, Epoch 52/200 => Loss 1.384, Loss_clf 1.384, Train_accy 48.61
2025-06-28 23:52:37,750 [icarl.py] => Task 0, Epoch 53/200 => Loss 1.297, Loss_clf 1.297, Train_accy 51.17
2025-06-28 23:52:44,375 [icarl.py] => Task 0, Epoch 54/200 => Loss 1.248, Loss_clf 1.248, Train_accy 51.29
2025-06-28 23:52:50,983 [icarl.py] => Task 0, Epoch 55/200 => Loss 1.224, Loss_clf 1.224, Train_accy 53.11
2025-06-28 23:52:57,979 [icarl.py] => Task 0, Epoch 56/200 => Loss 1.239, Loss_clf 1.239, Train_accy 51.89
2025-06-28 23:53:04,479 [icarl.py] => Task 0, Epoch 57/200 => Loss 1.176, Loss_clf 1.176, Train_accy 55.03
2025-06-28 23:53:11,097 [icarl.py] => Task 0, Epoch 58/200 => Loss 1.168, Loss_clf 1.168, Train_accy 55.21
2025-06-28 23:53:17,684 [icarl.py] => Task 0, Epoch 59/200 => Loss 1.090, Loss_clf 1.090, Train_accy 59.41
2025-06-28 23:53:24,281 [icarl.py] => Task 0, Epoch 60/200 => Loss 1.041, Loss_clf 1.041, Train_accy 59.22
2025-06-28 23:53:35,037 [icarl.py] => Task 0, Epoch 61/200 => Loss 1.014, Loss_clf 1.014, Train_accy 60.84, Test_accy {'Art': 47.37, 'Clipart': 58.97, 'Real World': 53.42, 'Product': 63.53}
2025-06-28 23:53:41,579 [icarl.py] => Task 0, Epoch 62/200 => Loss 1.036, Loss_clf 1.036, Train_accy 60.59
2025-06-28 23:53:48,543 [icarl.py] => Task 0, Epoch 63/200 => Loss 1.102, Loss_clf 1.102, Train_accy 58.37
2025-06-28 23:53:55,071 [icarl.py] => Task 0, Epoch 64/200 => Loss 1.067, Loss_clf 1.067, Train_accy 60.02
2025-06-28 23:54:01,974 [icarl.py] => Task 0, Epoch 65/200 => Loss 1.118, Loss_clf 1.118, Train_accy 57.84
2025-06-28 23:54:08,417 [icarl.py] => Task 0, Epoch 66/200 => Loss 1.007, Loss_clf 1.007, Train_accy 60.56
2025-06-28 23:54:15,009 [icarl.py] => Task 0, Epoch 67/200 => Loss 1.035, Loss_clf 1.035, Train_accy 61.25
2025-06-28 23:54:21,956 [icarl.py] => Task 0, Epoch 68/200 => Loss 1.111, Loss_clf 1.111, Train_accy 60.16
2025-06-28 23:54:28,541 [icarl.py] => Task 0, Epoch 69/200 => Loss 1.050, Loss_clf 1.050, Train_accy 59.06
2025-06-28 23:54:35,086 [icarl.py] => Task 0, Epoch 70/200 => Loss 0.971, Loss_clf 0.971, Train_accy 62.00
2025-06-28 23:54:42,044 [icarl.py] => Task 0, Epoch 71/200 => Loss 1.113, Loss_clf 1.113, Train_accy 58.11
2025-06-28 23:54:48,643 [icarl.py] => Task 0, Epoch 72/200 => Loss 1.034, Loss_clf 1.034, Train_accy 61.33
2025-06-28 23:54:55,564 [icarl.py] => Task 0, Epoch 73/200 => Loss 0.997, Loss_clf 0.997, Train_accy 62.78
2025-06-28 23:55:02,353 [icarl.py] => Task 0, Epoch 74/200 => Loss 1.008, Loss_clf 1.008, Train_accy 63.18
2025-06-28 23:55:08,744 [icarl.py] => Task 0, Epoch 75/200 => Loss 0.919, Loss_clf 0.919, Train_accy 66.74
2025-06-28 23:55:15,356 [icarl.py] => Task 0, Epoch 76/200 => Loss 0.943, Loss_clf 0.943, Train_accy 65.24
2025-06-28 23:55:22,022 [icarl.py] => Task 0, Epoch 77/200 => Loss 0.942, Loss_clf 0.942, Train_accy 66.10
2025-06-28 23:55:28,875 [icarl.py] => Task 0, Epoch 78/200 => Loss 0.891, Loss_clf 0.891, Train_accy 65.92
2025-06-28 23:55:35,320 [icarl.py] => Task 0, Epoch 79/200 => Loss 0.897, Loss_clf 0.897, Train_accy 67.11
2025-06-28 23:55:41,828 [icarl.py] => Task 0, Epoch 80/200 => Loss 0.881, Loss_clf 0.881, Train_accy 66.86
2025-06-28 23:55:52,494 [icarl.py] => Task 0, Epoch 81/200 => Loss 0.860, Loss_clf 0.860, Train_accy 69.07, Test_accy {'Art': 55.26, 'Clipart': 69.23, 'Real World': 60.27, 'Product': 76.47}
2025-06-28 23:55:59,275 [icarl.py] => Task 0, Epoch 82/200 => Loss 0.914, Loss_clf 0.914, Train_accy 65.77
2025-06-28 23:56:06,068 [icarl.py] => Task 0, Epoch 83/200 => Loss 0.902, Loss_clf 0.902, Train_accy 67.75
2025-06-28 23:56:12,621 [icarl.py] => Task 0, Epoch 84/200 => Loss 0.854, Loss_clf 0.854, Train_accy 69.00
2025-06-28 23:56:19,115 [icarl.py] => Task 0, Epoch 85/200 => Loss 0.930, Loss_clf 0.930, Train_accy 67.77
2025-06-28 23:56:25,897 [icarl.py] => Task 0, Epoch 86/200 => Loss 0.828, Loss_clf 0.828, Train_accy 68.21
2025-06-28 23:56:32,456 [icarl.py] => Task 0, Epoch 87/200 => Loss 0.986, Loss_clf 0.986, Train_accy 62.89
2025-06-28 23:56:39,036 [icarl.py] => Task 0, Epoch 88/200 => Loss 1.001, Loss_clf 1.001, Train_accy 63.38
2025-06-28 23:56:45,888 [icarl.py] => Task 0, Epoch 89/200 => Loss 0.950, Loss_clf 0.950, Train_accy 62.79
2025-06-28 23:56:52,836 [icarl.py] => Task 0, Epoch 90/200 => Loss 0.895, Loss_clf 0.895, Train_accy 65.29
2025-06-28 23:56:59,579 [icarl.py] => Task 0, Epoch 91/200 => Loss 0.877, Loss_clf 0.877, Train_accy 66.44
2025-06-28 23:57:06,021 [icarl.py] => Task 0, Epoch 92/200 => Loss 0.827, Loss_clf 0.827, Train_accy 68.43
2025-06-28 23:57:12,533 [icarl.py] => Task 0, Epoch 93/200 => Loss 0.774, Loss_clf 0.774, Train_accy 69.32
2025-06-28 23:57:19,061 [icarl.py] => Task 0, Epoch 94/200 => Loss 0.775, Loss_clf 0.775, Train_accy 72.20
2025-06-28 23:57:25,832 [icarl.py] => Task 0, Epoch 95/200 => Loss 0.807, Loss_clf 0.807, Train_accy 70.45
2025-06-28 23:57:32,292 [icarl.py] => Task 0, Epoch 96/200 => Loss 0.712, Loss_clf 0.712, Train_accy 73.05
2025-06-28 23:57:39,180 [icarl.py] => Task 0, Epoch 97/200 => Loss 0.720, Loss_clf 0.720, Train_accy 73.93
2025-06-28 23:57:45,626 [icarl.py] => Task 0, Epoch 98/200 => Loss 0.662, Loss_clf 0.662, Train_accy 74.69
2025-06-28 23:57:52,472 [icarl.py] => Task 0, Epoch 99/200 => Loss 0.708, Loss_clf 0.708, Train_accy 73.91
2025-06-28 23:57:58,969 [icarl.py] => Task 0, Epoch 100/200 => Loss 0.760, Loss_clf 0.760, Train_accy 73.77
2025-06-28 23:58:09,199 [icarl.py] => Task 0, Epoch 101/200 => Loss 0.708, Loss_clf 0.708, Train_accy 74.42, Test_accy {'Art': 50.0, 'Clipart': 71.79, 'Real World': 57.53, 'Product': 80.0}
2025-06-28 23:58:16,180 [icarl.py] => Task 0, Epoch 102/200 => Loss 0.726, Loss_clf 0.726, Train_accy 73.33
2025-06-28 23:58:22,626 [icarl.py] => Task 0, Epoch 103/200 => Loss 0.765, Loss_clf 0.765, Train_accy 71.38
2025-06-28 23:58:29,217 [icarl.py] => Task 0, Epoch 104/200 => Loss 0.712, Loss_clf 0.712, Train_accy 74.80
2025-06-28 23:58:35,858 [icarl.py] => Task 0, Epoch 105/200 => Loss 0.822, Loss_clf 0.822, Train_accy 70.80
2025-06-28 23:58:42,842 [icarl.py] => Task 0, Epoch 106/200 => Loss 0.737, Loss_clf 0.737, Train_accy 74.72
2025-06-28 23:58:49,396 [icarl.py] => Task 0, Epoch 107/200 => Loss 0.730, Loss_clf 0.730, Train_accy 71.44
2025-06-28 23:58:56,422 [icarl.py] => Task 0, Epoch 108/200 => Loss 0.705, Loss_clf 0.705, Train_accy 74.80
2025-06-28 23:59:02,959 [icarl.py] => Task 0, Epoch 109/200 => Loss 0.647, Loss_clf 0.647, Train_accy 76.24
2025-06-28 23:59:09,511 [icarl.py] => Task 0, Epoch 110/200 => Loss 0.668, Loss_clf 0.668, Train_accy 74.97
2025-06-28 23:59:16,085 [icarl.py] => Task 0, Epoch 111/200 => Loss 0.692, Loss_clf 0.692, Train_accy 75.03
2025-06-28 23:59:22,995 [icarl.py] => Task 0, Epoch 112/200 => Loss 0.668, Loss_clf 0.668, Train_accy 75.40
2025-06-28 23:59:29,530 [icarl.py] => Task 0, Epoch 113/200 => Loss 0.684, Loss_clf 0.684, Train_accy 73.35
2025-06-28 23:59:36,079 [icarl.py] => Task 0, Epoch 114/200 => Loss 0.625, Loss_clf 0.625, Train_accy 76.75
2025-06-28 23:59:42,674 [icarl.py] => Task 0, Epoch 115/200 => Loss 0.659, Loss_clf 0.659, Train_accy 77.51
2025-06-28 23:59:49,606 [icarl.py] => Task 0, Epoch 116/200 => Loss 0.594, Loss_clf 0.594, Train_accy 78.98
2025-06-28 23:59:55,972 [icarl.py] => Task 0, Epoch 117/200 => Loss 0.602, Loss_clf 0.602, Train_accy 77.93
2025-06-29 00:00:02,479 [icarl.py] => Task 0, Epoch 118/200 => Loss 0.586, Loss_clf 0.586, Train_accy 78.50
2025-06-29 00:00:08,979 [icarl.py] => Task 0, Epoch 119/200 => Loss 0.579, Loss_clf 0.579, Train_accy 76.07
2025-06-29 00:00:15,568 [icarl.py] => Task 0, Epoch 120/200 => Loss 0.622, Loss_clf 0.622, Train_accy 78.79
2025-06-29 00:00:26,149 [icarl.py] => Task 0, Epoch 121/200 => Loss 0.583, Loss_clf 0.583, Train_accy 79.70, Test_accy {'Art': 55.26, 'Clipart': 73.08, 'Real World': 60.27, 'Product': 75.29}
2025-06-29 00:00:32,519 [icarl.py] => Task 0, Epoch 122/200 => Loss 0.571, Loss_clf 0.571, Train_accy 78.42
2025-06-29 00:00:38,959 [icarl.py] => Task 0, Epoch 123/200 => Loss 0.542, Loss_clf 0.542, Train_accy 82.25
2025-06-29 00:00:45,521 [icarl.py] => Task 0, Epoch 124/200 => Loss 0.538, Loss_clf 0.538, Train_accy 79.02
2025-06-29 00:00:51,632 [icarl.py] => Task 0, Epoch 125/200 => Loss 0.518, Loss_clf 0.518, Train_accy 81.95
2025-06-29 00:00:58,128 [icarl.py] => Task 0, Epoch 126/200 => Loss 0.566, Loss_clf 0.566, Train_accy 80.12
2025-06-29 00:01:04,539 [icarl.py] => Task 0, Epoch 127/200 => Loss 0.558, Loss_clf 0.558, Train_accy 79.47
2025-06-29 00:01:10,986 [icarl.py] => Task 0, Epoch 128/200 => Loss 0.517, Loss_clf 0.517, Train_accy 81.03
2025-06-29 00:01:17,381 [icarl.py] => Task 0, Epoch 129/200 => Loss 0.542, Loss_clf 0.542, Train_accy 79.65
2025-06-29 00:01:24,182 [icarl.py] => Task 0, Epoch 130/200 => Loss 0.530, Loss_clf 0.530, Train_accy 81.24
2025-06-29 00:01:30,621 [icarl.py] => Task 0, Epoch 131/200 => Loss 0.462, Loss_clf 0.462, Train_accy 81.99
2025-06-29 00:01:36,952 [icarl.py] => Task 0, Epoch 132/200 => Loss 0.514, Loss_clf 0.514, Train_accy 82.24
2025-06-29 00:01:43,973 [icarl.py] => Task 0, Epoch 133/200 => Loss 0.552, Loss_clf 0.552, Train_accy 79.26
2025-06-29 00:01:51,060 [icarl.py] => Task 0, Epoch 134/200 => Loss 0.543, Loss_clf 0.543, Train_accy 80.30
2025-06-29 00:01:57,939 [icarl.py] => Task 0, Epoch 135/200 => Loss 0.446, Loss_clf 0.446, Train_accy 83.45
2025-06-29 00:02:04,366 [icarl.py] => Task 0, Epoch 136/200 => Loss 0.433, Loss_clf 0.433, Train_accy 84.30
2025-06-29 00:02:10,911 [icarl.py] => Task 0, Epoch 137/200 => Loss 0.452, Loss_clf 0.452, Train_accy 83.90
2025-06-29 00:02:18,090 [icarl.py] => Task 0, Epoch 138/200 => Loss 0.424, Loss_clf 0.424, Train_accy 84.30
2025-06-29 00:02:24,686 [icarl.py] => Task 0, Epoch 139/200 => Loss 0.440, Loss_clf 0.440, Train_accy 85.02
2025-06-29 00:02:31,294 [icarl.py] => Task 0, Epoch 140/200 => Loss 0.509, Loss_clf 0.509, Train_accy 81.28
2025-06-29 00:02:41,703 [icarl.py] => Task 0, Epoch 141/200 => Loss 0.481, Loss_clf 0.481, Train_accy 82.89, Test_accy {'Art': 52.63, 'Clipart': 74.36, 'Real World': 61.64, 'Product': 85.88}
2025-06-29 00:02:48,259 [icarl.py] => Task 0, Epoch 142/200 => Loss 0.460, Loss_clf 0.460, Train_accy 83.71
2025-06-29 00:02:54,745 [icarl.py] => Task 0, Epoch 143/200 => Loss 0.443, Loss_clf 0.443, Train_accy 83.41
2025-06-29 00:03:01,286 [icarl.py] => Task 0, Epoch 144/200 => Loss 0.424, Loss_clf 0.424, Train_accy 85.19
2025-06-29 00:03:07,800 [icarl.py] => Task 0, Epoch 145/200 => Loss 0.410, Loss_clf 0.410, Train_accy 85.65
2025-06-29 00:03:14,415 [icarl.py] => Task 0, Epoch 146/200 => Loss 0.391, Loss_clf 0.391, Train_accy 86.03
2025-06-29 00:03:20,888 [icarl.py] => Task 0, Epoch 147/200 => Loss 0.420, Loss_clf 0.420, Train_accy 84.30
2025-06-29 00:03:27,420 [icarl.py] => Task 0, Epoch 148/200 => Loss 0.392, Loss_clf 0.392, Train_accy 85.23
2025-06-29 00:03:33,973 [icarl.py] => Task 0, Epoch 149/200 => Loss 0.389, Loss_clf 0.389, Train_accy 86.23
2025-06-29 00:03:40,432 [icarl.py] => Task 0, Epoch 150/200 => Loss 0.396, Loss_clf 0.396, Train_accy 86.16
2025-06-29 00:03:46,981 [icarl.py] => Task 0, Epoch 151/200 => Loss 0.382, Loss_clf 0.382, Train_accy 86.53
2025-06-29 00:03:54,287 [icarl.py] => Task 0, Epoch 152/200 => Loss 0.371, Loss_clf 0.371, Train_accy 84.79
2025-06-29 00:04:00,776 [icarl.py] => Task 0, Epoch 153/200 => Loss 0.352, Loss_clf 0.352, Train_accy 87.46
2025-06-29 00:04:07,259 [icarl.py] => Task 0, Epoch 154/200 => Loss 0.382, Loss_clf 0.382, Train_accy 86.47
2025-06-29 00:04:13,785 [icarl.py] => Task 0, Epoch 155/200 => Loss 0.364, Loss_clf 0.364, Train_accy 86.78
2025-06-29 00:04:20,297 [icarl.py] => Task 0, Epoch 156/200 => Loss 0.403, Loss_clf 0.403, Train_accy 86.63
2025-06-29 00:04:27,223 [icarl.py] => Task 0, Epoch 157/200 => Loss 0.402, Loss_clf 0.402, Train_accy 84.43
2025-06-29 00:04:33,671 [icarl.py] => Task 0, Epoch 158/200 => Loss 0.360, Loss_clf 0.360, Train_accy 86.93
2025-06-29 00:04:40,139 [icarl.py] => Task 0, Epoch 159/200 => Loss 0.374, Loss_clf 0.374, Train_accy 86.14
2025-06-29 00:04:47,020 [icarl.py] => Task 0, Epoch 160/200 => Loss 0.336, Loss_clf 0.336, Train_accy 87.35
2025-06-29 00:04:57,345 [icarl.py] => Task 0, Epoch 161/200 => Loss 0.329, Loss_clf 0.329, Train_accy 88.16, Test_accy {'Art': 60.53, 'Clipart': 69.23, 'Real World': 61.64, 'Product': 91.76}
2025-06-29 00:05:03,862 [icarl.py] => Task 0, Epoch 162/200 => Loss 0.311, Loss_clf 0.311, Train_accy 88.67
2025-06-29 00:05:10,848 [icarl.py] => Task 0, Epoch 163/200 => Loss 0.371, Loss_clf 0.371, Train_accy 88.00
2025-06-29 00:05:17,317 [icarl.py] => Task 0, Epoch 164/200 => Loss 0.283, Loss_clf 0.283, Train_accy 89.84
2025-06-29 00:05:23,768 [icarl.py] => Task 0, Epoch 165/200 => Loss 0.291, Loss_clf 0.291, Train_accy 89.77
2025-06-29 00:05:30,201 [icarl.py] => Task 0, Epoch 166/200 => Loss 0.287, Loss_clf 0.287, Train_accy 89.89
2025-06-29 00:05:36,352 [icarl.py] => Task 0, Epoch 167/200 => Loss 0.333, Loss_clf 0.333, Train_accy 87.38
2025-06-29 00:05:42,870 [icarl.py] => Task 0, Epoch 168/200 => Loss 0.327, Loss_clf 0.327, Train_accy 87.78
2025-06-29 00:05:49,375 [icarl.py] => Task 0, Epoch 169/200 => Loss 0.312, Loss_clf 0.312, Train_accy 87.15
2025-06-29 00:05:55,900 [icarl.py] => Task 0, Epoch 170/200 => Loss 0.323, Loss_clf 0.323, Train_accy 88.59
2025-06-29 00:06:02,409 [icarl.py] => Task 0, Epoch 171/200 => Loss 0.294, Loss_clf 0.294, Train_accy 89.81
2025-06-29 00:06:09,191 [icarl.py] => Task 0, Epoch 172/200 => Loss 0.329, Loss_clf 0.329, Train_accy 88.32
2025-06-29 00:06:15,781 [icarl.py] => Task 0, Epoch 173/200 => Loss 0.279, Loss_clf 0.279, Train_accy 89.35
2025-06-29 00:06:22,325 [icarl.py] => Task 0, Epoch 174/200 => Loss 0.241, Loss_clf 0.241, Train_accy 91.36
2025-06-29 00:06:28,925 [icarl.py] => Task 0, Epoch 175/200 => Loss 0.267, Loss_clf 0.267, Train_accy 90.08
2025-06-29 00:06:35,905 [icarl.py] => Task 0, Epoch 176/200 => Loss 0.319, Loss_clf 0.319, Train_accy 88.80
2025-06-29 00:06:42,433 [icarl.py] => Task 0, Epoch 177/200 => Loss 0.252, Loss_clf 0.252, Train_accy 90.70
2025-06-29 00:06:48,675 [icarl.py] => Task 0, Epoch 178/200 => Loss 0.241, Loss_clf 0.241, Train_accy 91.34
2025-06-29 00:06:54,949 [icarl.py] => Task 0, Epoch 179/200 => Loss 0.244, Loss_clf 0.244, Train_accy 90.30
2025-06-29 00:07:01,611 [icarl.py] => Task 0, Epoch 180/200 => Loss 0.251, Loss_clf 0.251, Train_accy 90.43
2025-06-29 00:07:11,584 [icarl.py] => Task 0, Epoch 181/200 => Loss 0.286, Loss_clf 0.286, Train_accy 89.75, Test_accy {'Art': 63.16, 'Clipart': 73.08, 'Real World': 69.86, 'Product': 90.59}
2025-06-29 00:07:18,259 [icarl.py] => Task 0, Epoch 182/200 => Loss 0.298, Loss_clf 0.298, Train_accy 89.23
2025-06-29 00:07:25,188 [icarl.py] => Task 0, Epoch 183/200 => Loss 0.269, Loss_clf 0.269, Train_accy 91.40
2025-06-29 00:07:31,766 [icarl.py] => Task 0, Epoch 184/200 => Loss 0.260, Loss_clf 0.260, Train_accy 90.87
2025-06-29 00:07:38,373 [icarl.py] => Task 0, Epoch 185/200 => Loss 0.261, Loss_clf 0.261, Train_accy 90.14
2025-06-29 00:07:44,873 [icarl.py] => Task 0, Epoch 186/200 => Loss 0.285, Loss_clf 0.285, Train_accy 89.24
2025-06-29 00:07:51,791 [icarl.py] => Task 0, Epoch 187/200 => Loss 0.290, Loss_clf 0.290, Train_accy 90.31
2025-06-29 00:07:58,260 [icarl.py] => Task 0, Epoch 188/200 => Loss 0.282, Loss_clf 0.282, Train_accy 90.83
2025-06-29 00:08:04,853 [icarl.py] => Task 0, Epoch 189/200 => Loss 0.302, Loss_clf 0.302, Train_accy 89.60
2025-06-29 00:08:11,776 [icarl.py] => Task 0, Epoch 190/200 => Loss 0.269, Loss_clf 0.269, Train_accy 89.89
2025-06-29 00:08:18,371 [icarl.py] => Task 0, Epoch 191/200 => Loss 0.236, Loss_clf 0.236, Train_accy 92.34
2025-06-29 00:08:24,995 [icarl.py] => Task 0, Epoch 192/200 => Loss 0.241, Loss_clf 0.241, Train_accy 91.36
2025-06-29 00:08:31,676 [icarl.py] => Task 0, Epoch 193/200 => Loss 0.236, Loss_clf 0.236, Train_accy 91.29
2025-06-29 00:08:38,236 [icarl.py] => Task 0, Epoch 194/200 => Loss 0.289, Loss_clf 0.289, Train_accy 89.86
2025-06-29 00:08:44,743 [icarl.py] => Task 0, Epoch 195/200 => Loss 0.232, Loss_clf 0.232, Train_accy 92.30
2025-06-29 00:08:50,862 [icarl.py] => Task 0, Epoch 196/200 => Loss 0.226, Loss_clf 0.226, Train_accy 93.59
2025-06-29 00:08:57,051 [icarl.py] => Task 0, Epoch 197/200 => Loss 0.253, Loss_clf 0.253, Train_accy 92.62
2025-06-29 00:09:03,818 [icarl.py] => Task 0, Epoch 198/200 => Loss 0.233, Loss_clf 0.233, Train_accy 92.24
2025-06-29 00:09:10,106 [icarl.py] => Task 0, Epoch 199/200 => Loss 0.199, Loss_clf 0.199, Train_accy 93.50
2025-06-29 00:09:16,337 [icarl.py] => Task 0, Epoch 200/200 => Loss 0.254, Loss_clf 0.254, Train_accy 91.65
2025-06-29 00:09:16,339 [base.py] => Reducing exemplars...(260 per classes)
2025-06-29 00:09:16,339 [base.py] => Constructing exemplars...(260 per classes)
2025-06-29 00:09:34,345 [icarl.py] => Exemplar size: 1300
2025-06-29 00:09:34,695 [trainer.py] => CNN [Art]: {'total': 60.53, '00-04': 60.53, 'old': 0, 'new': 60.53}
2025-06-29 00:09:34,696 [trainer.py] => NME [Art]: {'total': 65.79, '00-04': 65.79, 'old': 0, 'new': 65.79}
2025-06-29 00:09:34,696 [trainer.py] => CNN [Art] top1 curve: [60.53]
2025-06-29 00:09:34,696 [trainer.py] => CNN [Art] top5 curve: [92.11]
2025-06-29 00:09:34,696 [trainer.py] => NME [Art] top1 curve: [65.79]
2025-06-29 00:09:34,696 [trainer.py] => NME [Art] top5 curve: [100.0]
2025-06-29 00:09:34,696 [trainer.py] => Average Accuracy [Art] (CNN): 60.53
2025-06-29 00:09:34,696 [trainer.py] => Average Accuracy [Art] (NME): 65.79
2025-06-29 00:09:34,696 [trainer.py] => CNN [Clipart]: {'total': 70.51, '00-04': 70.51, 'old': 0, 'new': 70.51}
2025-06-29 00:09:34,696 [trainer.py] => NME [Clipart]: {'total': 74.36, '00-04': 74.36, 'old': 0, 'new': 74.36}
2025-06-29 00:09:34,696 [trainer.py] => CNN [Clipart] top1 curve: [70.51]
2025-06-29 00:09:34,696 [trainer.py] => CNN [Clipart] top5 curve: [97.44]
2025-06-29 00:09:34,696 [trainer.py] => NME [Clipart] top1 curve: [74.36]
2025-06-29 00:09:34,696 [trainer.py] => NME [Clipart] top5 curve: [100.0]
2025-06-29 00:09:34,696 [trainer.py] => Average Accuracy [Clipart] (CNN): 70.51
2025-06-29 00:09:34,696 [trainer.py] => Average Accuracy [Clipart] (NME): 74.36
2025-06-29 00:09:34,696 [trainer.py] => CNN [Product]: {'total': 92.94, '00-04': 92.94, 'old': 0, 'new': 92.94}
2025-06-29 00:09:34,696 [trainer.py] => NME [Product]: {'total': 94.12, '00-04': 94.12, 'old': 0, 'new': 94.12}
2025-06-29 00:09:34,696 [trainer.py] => CNN [Product] top1 curve: [92.94]
2025-06-29 00:09:34,696 [trainer.py] => CNN [Product] top5 curve: [100.0]
2025-06-29 00:09:34,696 [trainer.py] => NME [Product] top1 curve: [94.12]
2025-06-29 00:09:34,696 [trainer.py] => NME [Product] top5 curve: [100.0]
2025-06-29 00:09:34,696 [trainer.py] => Average Accuracy [Product] (CNN): 92.94
2025-06-29 00:09:34,696 [trainer.py] => Average Accuracy [Product] (NME): 94.12
2025-06-29 00:09:34,696 [trainer.py] => CNN [Real World]: {'total': 69.86, '00-04': 69.86, 'old': 0, 'new': 69.86}
2025-06-29 00:09:34,697 [trainer.py] => NME [Real World]: {'total': 73.97, '00-04': 73.97, 'old': 0, 'new': 73.97}
2025-06-29 00:09:34,697 [trainer.py] => CNN [Real World] top1 curve: [69.86]
2025-06-29 00:09:34,697 [trainer.py] => CNN [Real World] top5 curve: [95.89]
2025-06-29 00:09:34,697 [trainer.py] => NME [Real World] top1 curve: [73.97]
2025-06-29 00:09:34,697 [trainer.py] => NME [Real World] top5 curve: [100.0]
2025-06-29 00:09:34,697 [trainer.py] => Average Accuracy [Real World] (CNN): 69.86
2025-06-29 00:09:34,697 [trainer.py] => Average Accuracy [Real World] (NME): 73.97
2025-06-29 00:09:34,697 [trainer.py] => NME Harmonic Mean : 75.9742
2025-06-29 00:09:34,697 [trainer.py] => NME Macro Mean : 77.0600
2025-06-29 00:09:34,697 [trainer.py] => CNN Harmonic Mean : 72.1803
2025-06-29 00:09:34,697 [trainer.py] => CNN Macro Mean : 73.4600
2025-06-29 00:09:34,697 [trainer.py] => All params: 21292367
2025-06-29 00:09:34,698 [trainer.py] => Trainable params: 21292367
2025-06-29 00:09:34,699 [icarl.py] => Learning on 5-10
2025-06-29 00:09:54,524 [icarl.py] => Task 1, Epoch 1/200 => Loss 3.393, Loss_clf 2.143, Loss_kd 1.241, Loss_kernel 0.009, Train_accy 41.97, Test_accy {'Art': 25.0, 'Clipart': 39.29, 'Real World': 34.75, 'Product': 40.61}
2025-06-29 00:10:10,144 [icarl.py] => Task 1, Epoch 2/200 => Loss 2.948, Loss_clf 1.762, Loss_kd 1.177, Loss_kernel 0.009, Train_accy 44.52
2025-06-29 00:10:25,153 [icarl.py] => Task 1, Epoch 3/200 => Loss 2.854, Loss_clf 1.689, Loss_kd 1.156, Loss_kernel 0.009, Train_accy 45.67
2025-06-29 00:10:39,844 [icarl.py] => Task 1, Epoch 4/200 => Loss 2.738, Loss_clf 1.613, Loss_kd 1.117, Loss_kernel 0.008, Train_accy 48.00
2025-06-29 00:10:54,723 [icarl.py] => Task 1, Epoch 5/200 => Loss 2.673, Loss_clf 1.558, Loss_kd 1.108, Loss_kernel 0.007, Train_accy 48.62
2025-06-29 00:11:13,544 [icarl.py] => Task 1, Epoch 6/200 => Loss 2.561, Loss_clf 1.482, Loss_kd 1.072, Loss_kernel 0.007, Train_accy 52.30, Test_accy {'Art': 37.5, 'Clipart': 46.43, 'Real World': 41.13, 'Product': 46.67}
2025-06-29 00:11:28,783 [icarl.py] => Task 1, Epoch 7/200 => Loss 2.510, Loss_clf 1.451, Loss_kd 1.052, Loss_kernel 0.006, Train_accy 53.12
2025-06-29 00:11:41,592 [icarl.py] => Task 1, Epoch 8/200 => Loss 2.463, Loss_clf 1.392, Loss_kd 1.064, Loss_kernel 0.007, Train_accy 55.17
2025-06-29 00:11:55,060 [icarl.py] => Task 1, Epoch 9/200 => Loss 2.370, Loss_clf 1.317, Loss_kd 1.047, Loss_kernel 0.006, Train_accy 57.46
2025-06-29 00:12:09,573 [icarl.py] => Task 1, Epoch 10/200 => Loss 2.372, Loss_clf 1.328, Loss_kd 1.037, Loss_kernel 0.006, Train_accy 57.24
2025-06-29 00:12:28,591 [icarl.py] => Task 1, Epoch 11/200 => Loss 2.307, Loss_clf 1.279, Loss_kd 1.022, Loss_kernel 0.006, Train_accy 56.41, Test_accy {'Art': 33.33, 'Clipart': 52.86, 'Real World': 47.52, 'Product': 61.82}
2025-06-29 00:12:43,877 [icarl.py] => Task 1, Epoch 12/200 => Loss 2.230, Loss_clf 1.202, Loss_kd 1.022, Loss_kernel 0.006, Train_accy 60.47
2025-06-29 00:12:58,540 [icarl.py] => Task 1, Epoch 13/200 => Loss 2.236, Loss_clf 1.214, Loss_kd 1.015, Loss_kernel 0.006, Train_accy 61.59
2025-06-29 00:13:13,070 [icarl.py] => Task 1, Epoch 14/200 => Loss 2.209, Loss_clf 1.190, Loss_kd 1.013, Loss_kernel 0.006, Train_accy 61.65
2025-06-29 00:13:26,512 [icarl.py] => Task 1, Epoch 15/200 => Loss 2.268, Loss_clf 1.245, Loss_kd 1.016, Loss_kernel 0.007, Train_accy 59.89
2025-06-29 00:13:46,676 [icarl.py] => Task 1, Epoch 16/200 => Loss 2.118, Loss_clf 1.106, Loss_kd 1.005, Loss_kernel 0.007, Train_accy 62.70, Test_accy {'Art': 40.28, 'Clipart': 50.0, 'Real World': 45.39, 'Product': 60.61}
2025-06-29 00:14:00,981 [icarl.py] => Task 1, Epoch 17/200 => Loss 2.106, Loss_clf 1.099, Loss_kd 0.999, Loss_kernel 0.007, Train_accy 62.91
2025-06-29 00:14:14,880 [icarl.py] => Task 1, Epoch 18/200 => Loss 2.079, Loss_clf 1.073, Loss_kd 0.998, Loss_kernel 0.007, Train_accy 64.77
2025-06-29 00:14:29,687 [icarl.py] => Task 1, Epoch 19/200 => Loss 2.064, Loss_clf 1.059, Loss_kd 0.999, Loss_kernel 0.007, Train_accy 65.14
2025-06-29 00:14:43,803 [icarl.py] => Task 1, Epoch 20/200 => Loss 2.039, Loss_clf 1.037, Loss_kd 0.995, Loss_kernel 0.007, Train_accy 65.73
2025-06-29 00:15:02,904 [icarl.py] => Task 1, Epoch 21/200 => Loss 2.012, Loss_clf 1.010, Loss_kd 0.995, Loss_kernel 0.007, Train_accy 66.54, Test_accy {'Art': 33.33, 'Clipart': 53.57, 'Real World': 46.81, 'Product': 63.03}
2025-06-29 00:15:17,982 [icarl.py] => Task 1, Epoch 22/200 => Loss 1.971, Loss_clf 0.987, Loss_kd 0.977, Loss_kernel 0.007, Train_accy 66.36
2025-06-29 00:15:31,661 [icarl.py] => Task 1, Epoch 23/200 => Loss 1.959, Loss_clf 0.973, Loss_kd 0.979, Loss_kernel 0.007, Train_accy 68.21
2025-06-29 00:15:45,990 [icarl.py] => Task 1, Epoch 24/200 => Loss 1.978, Loss_clf 0.992, Loss_kd 0.978, Loss_kernel 0.007, Train_accy 66.80
2025-06-29 00:16:00,449 [icarl.py] => Task 1, Epoch 25/200 => Loss 1.955, Loss_clf 0.975, Loss_kd 0.973, Loss_kernel 0.007, Train_accy 68.22
2025-06-29 00:16:19,616 [icarl.py] => Task 1, Epoch 26/200 => Loss 1.920, Loss_clf 0.938, Loss_kd 0.975, Loss_kernel 0.007, Train_accy 68.68, Test_accy {'Art': 37.5, 'Clipart': 52.14, 'Real World': 42.55, 'Product': 54.55}
2025-06-29 00:16:33,603 [icarl.py] => Task 1, Epoch 27/200 => Loss 1.859, Loss_clf 0.882, Loss_kd 0.970, Loss_kernel 0.007, Train_accy 71.39
2025-06-29 00:16:47,620 [icarl.py] => Task 1, Epoch 28/200 => Loss 1.883, Loss_clf 0.894, Loss_kd 0.981, Loss_kernel 0.007, Train_accy 69.80
2025-06-29 00:17:02,421 [icarl.py] => Task 1, Epoch 29/200 => Loss 1.914, Loss_clf 0.918, Loss_kd 0.989, Loss_kernel 0.007, Train_accy 70.04
2025-06-29 00:17:16,115 [icarl.py] => Task 1, Epoch 30/200 => Loss 1.809, Loss_clf 0.838, Loss_kd 0.964, Loss_kernel 0.007, Train_accy 72.59
2025-06-29 00:17:33,415 [icarl.py] => Task 1, Epoch 31/200 => Loss 1.855, Loss_clf 0.871, Loss_kd 0.976, Loss_kernel 0.008, Train_accy 71.33, Test_accy {'Art': 40.28, 'Clipart': 54.29, 'Real World': 51.06, 'Product': 64.24}
2025-06-29 00:17:48,318 [icarl.py] => Task 1, Epoch 32/200 => Loss 1.884, Loss_clf 0.899, Loss_kd 0.977, Loss_kernel 0.008, Train_accy 71.17
2025-06-29 00:18:02,614 [icarl.py] => Task 1, Epoch 33/200 => Loss 1.795, Loss_clf 0.818, Loss_kd 0.970, Loss_kernel 0.007, Train_accy 72.74
2025-06-29 00:18:16,533 [icarl.py] => Task 1, Epoch 34/200 => Loss 1.769, Loss_clf 0.805, Loss_kd 0.957, Loss_kernel 0.007, Train_accy 72.98
2025-06-29 00:18:31,667 [icarl.py] => Task 1, Epoch 35/200 => Loss 1.796, Loss_clf 0.817, Loss_kd 0.971, Loss_kernel 0.008, Train_accy 73.21
2025-06-29 00:18:49,653 [icarl.py] => Task 1, Epoch 36/200 => Loss 1.751, Loss_clf 0.779, Loss_kd 0.964, Loss_kernel 0.008, Train_accy 73.61, Test_accy {'Art': 30.56, 'Clipart': 56.43, 'Real World': 52.48, 'Product': 58.79}
2025-06-29 00:19:04,548 [icarl.py] => Task 1, Epoch 37/200 => Loss 1.702, Loss_clf 0.750, Loss_kd 0.944, Loss_kernel 0.008, Train_accy 74.32
2025-06-29 00:19:17,169 [icarl.py] => Task 1, Epoch 38/200 => Loss 1.768, Loss_clf 0.798, Loss_kd 0.962, Loss_kernel 0.008, Train_accy 73.75
2025-06-29 00:19:32,527 [icarl.py] => Task 1, Epoch 39/200 => Loss 1.677, Loss_clf 0.714, Loss_kd 0.955, Loss_kernel 0.008, Train_accy 76.71
2025-06-29 00:19:46,897 [icarl.py] => Task 1, Epoch 40/200 => Loss 1.670, Loss_clf 0.717, Loss_kd 0.945, Loss_kernel 0.008, Train_accy 76.67
2025-06-29 00:20:05,660 [icarl.py] => Task 1, Epoch 41/200 => Loss 1.706, Loss_clf 0.740, Loss_kd 0.957, Loss_kernel 0.008, Train_accy 75.74, Test_accy {'Art': 37.5, 'Clipart': 58.57, 'Real World': 57.45, 'Product': 73.33}
2025-06-29 00:20:20,281 [icarl.py] => Task 1, Epoch 42/200 => Loss 1.642, Loss_clf 0.692, Loss_kd 0.942, Loss_kernel 0.008, Train_accy 76.15
2025-06-29 00:20:34,851 [icarl.py] => Task 1, Epoch 43/200 => Loss 1.616, Loss_clf 0.660, Loss_kd 0.948, Loss_kernel 0.008, Train_accy 78.20
2025-06-29 00:20:49,555 [icarl.py] => Task 1, Epoch 44/200 => Loss 1.609, Loss_clf 0.657, Loss_kd 0.944, Loss_kernel 0.008, Train_accy 78.26
2025-06-29 00:21:03,755 [icarl.py] => Task 1, Epoch 45/200 => Loss 1.618, Loss_clf 0.679, Loss_kd 0.931, Loss_kernel 0.008, Train_accy 77.64
2025-06-29 00:21:21,907 [icarl.py] => Task 1, Epoch 46/200 => Loss 1.586, Loss_clf 0.633, Loss_kd 0.945, Loss_kernel 0.008, Train_accy 79.46, Test_accy {'Art': 40.28, 'Clipart': 57.86, 'Real World': 56.74, 'Product': 71.52}
2025-06-29 00:21:36,948 [icarl.py] => Task 1, Epoch 47/200 => Loss 1.636, Loss_clf 0.677, Loss_kd 0.951, Loss_kernel 0.008, Train_accy 77.29
2025-06-29 00:21:50,736 [icarl.py] => Task 1, Epoch 48/200 => Loss 1.601, Loss_clf 0.641, Loss_kd 0.952, Loss_kernel 0.008, Train_accy 78.61
2025-06-29 00:22:05,984 [icarl.py] => Task 1, Epoch 49/200 => Loss 1.595, Loss_clf 0.647, Loss_kd 0.939, Loss_kernel 0.009, Train_accy 78.37
2025-06-29 00:22:18,593 [icarl.py] => Task 1, Epoch 50/200 => Loss 1.572, Loss_clf 0.623, Loss_kd 0.940, Loss_kernel 0.008, Train_accy 78.68
2025-06-29 00:22:37,597 [icarl.py] => Task 1, Epoch 51/200 => Loss 1.648, Loss_clf 0.675, Loss_kd 0.965, Loss_kernel 0.009, Train_accy 76.89, Test_accy {'Art': 44.44, 'Clipart': 57.86, 'Real World': 46.1, 'Product': 67.88}
2025-06-29 00:22:51,152 [icarl.py] => Task 1, Epoch 52/200 => Loss 1.562, Loss_clf 0.616, Loss_kd 0.936, Loss_kernel 0.009, Train_accy 80.59
2025-06-29 00:23:06,196 [icarl.py] => Task 1, Epoch 53/200 => Loss 1.568, Loss_clf 0.618, Loss_kd 0.942, Loss_kernel 0.008, Train_accy 80.33
2025-06-29 00:23:19,502 [icarl.py] => Task 1, Epoch 54/200 => Loss 1.523, Loss_clf 0.576, Loss_kd 0.938, Loss_kernel 0.009, Train_accy 81.26
2025-06-29 00:23:33,691 [icarl.py] => Task 1, Epoch 55/200 => Loss 1.525, Loss_clf 0.574, Loss_kd 0.942, Loss_kernel 0.009, Train_accy 81.45
2025-06-29 00:23:51,136 [icarl.py] => Task 1, Epoch 56/200 => Loss 1.523, Loss_clf 0.580, Loss_kd 0.935, Loss_kernel 0.009, Train_accy 81.26, Test_accy {'Art': 36.11, 'Clipart': 59.29, 'Real World': 50.35, 'Product': 71.52}
2025-06-29 00:24:06,243 [icarl.py] => Task 1, Epoch 57/200 => Loss 1.597, Loss_clf 0.638, Loss_kd 0.951, Loss_kernel 0.009, Train_accy 79.29
2025-06-29 00:24:21,395 [icarl.py] => Task 1, Epoch 58/200 => Loss 1.510, Loss_clf 0.567, Loss_kd 0.934, Loss_kernel 0.009, Train_accy 80.80
2025-06-29 00:24:35,277 [icarl.py] => Task 1, Epoch 59/200 => Loss 1.526, Loss_clf 0.577, Loss_kd 0.940, Loss_kernel 0.008, Train_accy 81.62
2025-06-29 00:24:48,483 [icarl.py] => Task 1, Epoch 60/200 => Loss 1.513, Loss_clf 0.564, Loss_kd 0.940, Loss_kernel 0.009, Train_accy 80.72
2025-06-29 00:25:06,576 [icarl.py] => Task 1, Epoch 61/200 => Loss 1.502, Loss_clf 0.563, Loss_kd 0.931, Loss_kernel 0.009, Train_accy 82.40, Test_accy {'Art': 47.22, 'Clipart': 61.43, 'Real World': 48.23, 'Product': 65.45}
2025-06-29 00:25:21,415 [icarl.py] => Task 1, Epoch 62/200 => Loss 1.521, Loss_clf 0.570, Loss_kd 0.943, Loss_kernel 0.009, Train_accy 80.86
2025-06-29 00:25:35,068 [icarl.py] => Task 1, Epoch 63/200 => Loss 1.482, Loss_clf 0.537, Loss_kd 0.936, Loss_kernel 0.009, Train_accy 83.65
2025-06-29 00:25:49,219 [icarl.py] => Task 1, Epoch 64/200 => Loss 1.444, Loss_clf 0.516, Loss_kd 0.920, Loss_kernel 0.009, Train_accy 84.04
2025-06-29 00:26:03,217 [icarl.py] => Task 1, Epoch 65/200 => Loss 1.470, Loss_clf 0.527, Loss_kd 0.934, Loss_kernel 0.009, Train_accy 83.61
2025-06-29 00:26:21,994 [icarl.py] => Task 1, Epoch 66/200 => Loss 1.453, Loss_clf 0.516, Loss_kd 0.928, Loss_kernel 0.009, Train_accy 83.53, Test_accy {'Art': 48.61, 'Clipart': 66.43, 'Real World': 51.77, 'Product': 78.18}
2025-06-29 00:26:36,085 [icarl.py] => Task 1, Epoch 67/200 => Loss 1.460, Loss_clf 0.516, Loss_kd 0.935, Loss_kernel 0.009, Train_accy 83.63
2025-06-29 00:26:49,600 [icarl.py] => Task 1, Epoch 68/200 => Loss 1.419, Loss_clf 0.485, Loss_kd 0.925, Loss_kernel 0.009, Train_accy 84.45
2025-06-29 00:27:02,652 [icarl.py] => Task 1, Epoch 69/200 => Loss 1.445, Loss_clf 0.511, Loss_kd 0.925, Loss_kernel 0.009, Train_accy 83.76
2025-06-29 00:27:16,117 [icarl.py] => Task 1, Epoch 70/200 => Loss 1.464, Loss_clf 0.530, Loss_kd 0.925, Loss_kernel 0.009, Train_accy 83.42
2025-06-29 00:27:34,675 [icarl.py] => Task 1, Epoch 71/200 => Loss 1.421, Loss_clf 0.483, Loss_kd 0.929, Loss_kernel 0.009, Train_accy 85.17, Test_accy {'Art': 45.83, 'Clipart': 62.86, 'Real World': 55.32, 'Product': 76.36}
2025-06-29 00:27:48,904 [icarl.py] => Task 1, Epoch 72/200 => Loss 1.402, Loss_clf 0.472, Loss_kd 0.921, Loss_kernel 0.009, Train_accy 84.38
2025-06-29 00:28:02,829 [icarl.py] => Task 1, Epoch 73/200 => Loss 1.432, Loss_clf 0.494, Loss_kd 0.929, Loss_kernel 0.009, Train_accy 83.24
2025-06-29 00:28:17,382 [icarl.py] => Task 1, Epoch 74/200 => Loss 1.428, Loss_clf 0.490, Loss_kd 0.929, Loss_kernel 0.009, Train_accy 84.25
2025-06-29 00:28:30,515 [icarl.py] => Task 1, Epoch 75/200 => Loss 1.418, Loss_clf 0.490, Loss_kd 0.919, Loss_kernel 0.009, Train_accy 85.09
2025-06-29 00:28:48,612 [icarl.py] => Task 1, Epoch 76/200 => Loss 1.357, Loss_clf 0.423, Loss_kd 0.925, Loss_kernel 0.009, Train_accy 86.77, Test_accy {'Art': 48.61, 'Clipart': 59.29, 'Real World': 60.28, 'Product': 78.18}
2025-06-29 00:29:03,143 [icarl.py] => Task 1, Epoch 77/200 => Loss 1.393, Loss_clf 0.451, Loss_kd 0.933, Loss_kernel 0.009, Train_accy 85.62
2025-06-29 00:29:17,347 [icarl.py] => Task 1, Epoch 78/200 => Loss 1.357, Loss_clf 0.425, Loss_kd 0.922, Loss_kernel 0.009, Train_accy 87.29
2025-06-29 00:29:31,426 [icarl.py] => Task 1, Epoch 79/200 => Loss 1.398, Loss_clf 0.458, Loss_kd 0.930, Loss_kernel 0.009, Train_accy 85.03
2025-06-29 00:29:45,159 [icarl.py] => Task 1, Epoch 80/200 => Loss 1.405, Loss_clf 0.468, Loss_kd 0.927, Loss_kernel 0.010, Train_accy 85.25
2025-06-29 00:30:03,578 [icarl.py] => Task 1, Epoch 81/200 => Loss 1.377, Loss_clf 0.441, Loss_kd 0.927, Loss_kernel 0.009, Train_accy 85.62, Test_accy {'Art': 48.61, 'Clipart': 65.0, 'Real World': 53.9, 'Product': 76.97}
2025-06-29 00:30:17,299 [icarl.py] => Task 1, Epoch 82/200 => Loss 1.328, Loss_clf 0.395, Loss_kd 0.924, Loss_kernel 0.009, Train_accy 88.07
2025-06-29 00:30:31,222 [icarl.py] => Task 1, Epoch 83/200 => Loss 1.312, Loss_clf 0.395, Loss_kd 0.908, Loss_kernel 0.009, Train_accy 87.64
2025-06-29 00:30:45,505 [icarl.py] => Task 1, Epoch 84/200 => Loss 1.317, Loss_clf 0.393, Loss_kd 0.915, Loss_kernel 0.009, Train_accy 87.89
2025-06-29 00:30:59,929 [icarl.py] => Task 1, Epoch 85/200 => Loss 1.307, Loss_clf 0.382, Loss_kd 0.916, Loss_kernel 0.009, Train_accy 87.65
2025-06-29 00:31:18,006 [icarl.py] => Task 1, Epoch 86/200 => Loss 1.303, Loss_clf 0.395, Loss_kd 0.899, Loss_kernel 0.009, Train_accy 87.49, Test_accy {'Art': 50.0, 'Clipart': 67.14, 'Real World': 51.06, 'Product': 83.03}
2025-06-29 00:31:31,397 [icarl.py] => Task 1, Epoch 87/200 => Loss 1.335, Loss_clf 0.405, Loss_kd 0.920, Loss_kernel 0.009, Train_accy 86.99
2025-06-29 00:31:44,590 [icarl.py] => Task 1, Epoch 88/200 => Loss 1.352, Loss_clf 0.413, Loss_kd 0.930, Loss_kernel 0.009, Train_accy 87.23
2025-06-29 00:31:57,354 [icarl.py] => Task 1, Epoch 89/200 => Loss 1.289, Loss_clf 0.369, Loss_kd 0.911, Loss_kernel 0.009, Train_accy 89.03
2025-06-29 00:32:09,114 [icarl.py] => Task 1, Epoch 90/200 => Loss 1.314, Loss_clf 0.389, Loss_kd 0.915, Loss_kernel 0.010, Train_accy 87.41
2025-06-29 00:32:28,333 [icarl.py] => Task 1, Epoch 91/200 => Loss 1.290, Loss_clf 0.356, Loss_kd 0.925, Loss_kernel 0.009, Train_accy 89.51, Test_accy {'Art': 47.22, 'Clipart': 67.86, 'Real World': 51.77, 'Product': 80.61}
2025-06-29 00:32:40,536 [icarl.py] => Task 1, Epoch 92/200 => Loss 1.264, Loss_clf 0.346, Loss_kd 0.908, Loss_kernel 0.009, Train_accy 89.67
2025-06-29 00:32:55,097 [icarl.py] => Task 1, Epoch 93/200 => Loss 1.285, Loss_clf 0.356, Loss_kd 0.920, Loss_kernel 0.009, Train_accy 89.17
2025-06-29 00:33:08,707 [icarl.py] => Task 1, Epoch 94/200 => Loss 1.262, Loss_clf 0.339, Loss_kd 0.914, Loss_kernel 0.009, Train_accy 89.49
2025-06-29 00:33:20,885 [icarl.py] => Task 1, Epoch 95/200 => Loss 1.267, Loss_clf 0.342, Loss_kd 0.916, Loss_kernel 0.010, Train_accy 90.20
2025-06-29 00:33:39,406 [icarl.py] => Task 1, Epoch 96/200 => Loss 1.276, Loss_clf 0.361, Loss_kd 0.905, Loss_kernel 0.009, Train_accy 88.85, Test_accy {'Art': 45.83, 'Clipart': 61.43, 'Real World': 51.06, 'Product': 75.15}
2025-06-29 00:33:53,022 [icarl.py] => Task 1, Epoch 97/200 => Loss 1.247, Loss_clf 0.333, Loss_kd 0.905, Loss_kernel 0.009, Train_accy 90.20
2025-06-29 00:34:04,785 [icarl.py] => Task 1, Epoch 98/200 => Loss 1.260, Loss_clf 0.346, Loss_kd 0.904, Loss_kernel 0.010, Train_accy 90.07
2025-06-29 00:34:19,147 [icarl.py] => Task 1, Epoch 99/200 => Loss 1.258, Loss_clf 0.351, Loss_kd 0.897, Loss_kernel 0.009, Train_accy 88.97
2025-06-29 00:34:32,301 [icarl.py] => Task 1, Epoch 100/200 => Loss 1.255, Loss_clf 0.332, Loss_kd 0.914, Loss_kernel 0.009, Train_accy 90.58
2025-06-29 00:34:49,922 [icarl.py] => Task 1, Epoch 101/200 => Loss 1.254, Loss_clf 0.335, Loss_kd 0.910, Loss_kernel 0.010, Train_accy 89.48, Test_accy {'Art': 41.67, 'Clipart': 70.0, 'Real World': 53.19, 'Product': 79.39}
2025-06-29 00:35:02,836 [icarl.py] => Task 1, Epoch 102/200 => Loss 1.235, Loss_clf 0.312, Loss_kd 0.913, Loss_kernel 0.010, Train_accy 90.44
2025-06-29 00:35:17,116 [icarl.py] => Task 1, Epoch 103/200 => Loss 1.221, Loss_clf 0.301, Loss_kd 0.911, Loss_kernel 0.010, Train_accy 90.90
2025-06-29 00:35:32,397 [icarl.py] => Task 1, Epoch 104/200 => Loss 1.226, Loss_clf 0.309, Loss_kd 0.907, Loss_kernel 0.009, Train_accy 90.08
2025-06-29 00:35:45,615 [icarl.py] => Task 1, Epoch 105/200 => Loss 1.223, Loss_clf 0.313, Loss_kd 0.901, Loss_kernel 0.010, Train_accy 90.32
2025-06-29 00:36:03,571 [icarl.py] => Task 1, Epoch 106/200 => Loss 1.213, Loss_clf 0.307, Loss_kd 0.897, Loss_kernel 0.009, Train_accy 91.03, Test_accy {'Art': 48.61, 'Clipart': 67.14, 'Real World': 57.45, 'Product': 82.42}
2025-06-29 00:36:17,301 [icarl.py] => Task 1, Epoch 107/200 => Loss 1.219, Loss_clf 0.303, Loss_kd 0.906, Loss_kernel 0.010, Train_accy 90.67
2025-06-29 00:36:32,316 [icarl.py] => Task 1, Epoch 108/200 => Loss 1.238, Loss_clf 0.318, Loss_kd 0.910, Loss_kernel 0.010, Train_accy 90.57
2025-06-29 00:36:46,203 [icarl.py] => Task 1, Epoch 109/200 => Loss 1.204, Loss_clf 0.286, Loss_kd 0.909, Loss_kernel 0.009, Train_accy 91.59
2025-06-29 00:36:58,930 [icarl.py] => Task 1, Epoch 110/200 => Loss 1.181, Loss_clf 0.284, Loss_kd 0.887, Loss_kernel 0.010, Train_accy 91.90
2025-06-29 00:37:17,145 [icarl.py] => Task 1, Epoch 111/200 => Loss 1.215, Loss_clf 0.311, Loss_kd 0.895, Loss_kernel 0.009, Train_accy 90.53, Test_accy {'Art': 43.06, 'Clipart': 68.57, 'Real World': 52.48, 'Product': 81.82}
2025-06-29 00:37:29,861 [icarl.py] => Task 1, Epoch 112/200 => Loss 1.157, Loss_clf 0.250, Loss_kd 0.898, Loss_kernel 0.009, Train_accy 92.60
2025-06-29 00:37:43,035 [icarl.py] => Task 1, Epoch 113/200 => Loss 1.221, Loss_clf 0.301, Loss_kd 0.911, Loss_kernel 0.009, Train_accy 90.91
2025-06-29 00:37:55,253 [icarl.py] => Task 1, Epoch 114/200 => Loss 1.185, Loss_clf 0.281, Loss_kd 0.895, Loss_kernel 0.009, Train_accy 91.96
2025-06-29 00:38:09,275 [icarl.py] => Task 1, Epoch 115/200 => Loss 1.166, Loss_clf 0.259, Loss_kd 0.898, Loss_kernel 0.009, Train_accy 93.12
2025-06-29 00:38:26,838 [icarl.py] => Task 1, Epoch 116/200 => Loss 1.165, Loss_clf 0.256, Loss_kd 0.900, Loss_kernel 0.009, Train_accy 92.51, Test_accy {'Art': 44.44, 'Clipart': 65.71, 'Real World': 52.48, 'Product': 78.18}
2025-06-29 00:38:39,650 [icarl.py] => Task 1, Epoch 117/200 => Loss 1.182, Loss_clf 0.272, Loss_kd 0.900, Loss_kernel 0.010, Train_accy 91.19
2025-06-29 00:38:52,877 [icarl.py] => Task 1, Epoch 118/200 => Loss 1.175, Loss_clf 0.287, Loss_kd 0.878, Loss_kernel 0.010, Train_accy 91.54
2025-06-29 00:39:05,079 [icarl.py] => Task 1, Epoch 119/200 => Loss 1.146, Loss_clf 0.257, Loss_kd 0.879, Loss_kernel 0.010, Train_accy 92.76
2025-06-29 00:39:17,506 [icarl.py] => Task 1, Epoch 120/200 => Loss 1.129, Loss_clf 0.230, Loss_kd 0.889, Loss_kernel 0.009, Train_accy 93.23
2025-06-29 00:39:36,286 [icarl.py] => Task 1, Epoch 121/200 => Loss 1.161, Loss_clf 0.262, Loss_kd 0.890, Loss_kernel 0.010, Train_accy 91.72, Test_accy {'Art': 47.22, 'Clipart': 64.29, 'Real World': 51.06, 'Product': 71.52}
2025-06-29 00:39:49,277 [icarl.py] => Task 1, Epoch 122/200 => Loss 1.173, Loss_clf 0.268, Loss_kd 0.895, Loss_kernel 0.010, Train_accy 92.29
2025-06-29 00:40:02,053 [icarl.py] => Task 1, Epoch 123/200 => Loss 1.125, Loss_clf 0.242, Loss_kd 0.873, Loss_kernel 0.009, Train_accy 92.54
2025-06-29 00:40:14,660 [icarl.py] => Task 1, Epoch 124/200 => Loss 1.105, Loss_clf 0.222, Loss_kd 0.874, Loss_kernel 0.009, Train_accy 93.03
2025-06-29 00:40:28,036 [icarl.py] => Task 1, Epoch 125/200 => Loss 1.148, Loss_clf 0.253, Loss_kd 0.885, Loss_kernel 0.010, Train_accy 92.16
2025-06-29 00:40:45,950 [icarl.py] => Task 1, Epoch 126/200 => Loss 1.097, Loss_clf 0.208, Loss_kd 0.879, Loss_kernel 0.009, Train_accy 93.84, Test_accy {'Art': 50.0, 'Clipart': 68.57, 'Real World': 58.16, 'Product': 80.0}
2025-06-29 00:40:58,532 [icarl.py] => Task 1, Epoch 127/200 => Loss 1.125, Loss_clf 0.221, Loss_kd 0.894, Loss_kernel 0.009, Train_accy 93.81
2025-06-29 00:41:13,130 [icarl.py] => Task 1, Epoch 128/200 => Loss 1.151, Loss_clf 0.250, Loss_kd 0.891, Loss_kernel 0.010, Train_accy 92.41
2025-06-29 00:41:25,636 [icarl.py] => Task 1, Epoch 129/200 => Loss 1.116, Loss_clf 0.221, Loss_kd 0.885, Loss_kernel 0.010, Train_accy 93.45
2025-06-29 00:41:40,706 [icarl.py] => Task 1, Epoch 130/200 => Loss 1.128, Loss_clf 0.231, Loss_kd 0.887, Loss_kernel 0.009, Train_accy 92.66
2025-06-29 00:41:57,245 [icarl.py] => Task 1, Epoch 131/200 => Loss 1.075, Loss_clf 0.193, Loss_kd 0.873, Loss_kernel 0.010, Train_accy 94.47, Test_accy {'Art': 48.61, 'Clipart': 69.29, 'Real World': 55.32, 'Product': 82.42}
2025-06-29 00:42:11,273 [icarl.py] => Task 1, Epoch 132/200 => Loss 1.104, Loss_clf 0.215, Loss_kd 0.879, Loss_kernel 0.009, Train_accy 93.75
2025-06-29 00:42:24,068 [icarl.py] => Task 1, Epoch 133/200 => Loss 1.084, Loss_clf 0.197, Loss_kd 0.878, Loss_kernel 0.009, Train_accy 94.39
2025-06-29 00:42:36,210 [icarl.py] => Task 1, Epoch 134/200 => Loss 1.077, Loss_clf 0.196, Loss_kd 0.871, Loss_kernel 0.010, Train_accy 94.52
2025-06-29 00:42:48,639 [icarl.py] => Task 1, Epoch 135/200 => Loss 1.075, Loss_clf 0.197, Loss_kd 0.868, Loss_kernel 0.009, Train_accy 94.34
2025-06-29 00:43:05,714 [icarl.py] => Task 1, Epoch 136/200 => Loss 1.084, Loss_clf 0.201, Loss_kd 0.874, Loss_kernel 0.009, Train_accy 93.74, Test_accy {'Art': 50.0, 'Clipart': 67.86, 'Real World': 58.16, 'Product': 86.06}
2025-06-29 00:43:19,248 [icarl.py] => Task 1, Epoch 137/200 => Loss 1.080, Loss_clf 0.188, Loss_kd 0.883, Loss_kernel 0.010, Train_accy 94.88
2025-06-29 00:43:31,632 [icarl.py] => Task 1, Epoch 138/200 => Loss 1.066, Loss_clf 0.188, Loss_kd 0.869, Loss_kernel 0.009, Train_accy 94.72
2025-06-29 00:43:43,421 [icarl.py] => Task 1, Epoch 139/200 => Loss 1.075, Loss_clf 0.193, Loss_kd 0.873, Loss_kernel 0.009, Train_accy 94.36
2025-06-29 00:43:56,642 [icarl.py] => Task 1, Epoch 140/200 => Loss 1.062, Loss_clf 0.191, Loss_kd 0.862, Loss_kernel 0.009, Train_accy 94.83
2025-06-29 00:44:12,435 [icarl.py] => Task 1, Epoch 141/200 => Loss 1.029, Loss_clf 0.155, Loss_kd 0.865, Loss_kernel 0.009, Train_accy 95.88, Test_accy {'Art': 55.56, 'Clipart': 68.57, 'Real World': 59.57, 'Product': 83.03}
2025-06-29 00:44:24,945 [icarl.py] => Task 1, Epoch 142/200 => Loss 1.053, Loss_clf 0.181, Loss_kd 0.862, Loss_kernel 0.009, Train_accy 95.12
2025-06-29 00:44:37,681 [icarl.py] => Task 1, Epoch 143/200 => Loss 1.039, Loss_clf 0.162, Loss_kd 0.868, Loss_kernel 0.009, Train_accy 95.25
2025-06-29 00:44:50,470 [icarl.py] => Task 1, Epoch 144/200 => Loss 1.045, Loss_clf 0.172, Loss_kd 0.864, Loss_kernel 0.009, Train_accy 95.76
2025-06-29 00:45:02,417 [icarl.py] => Task 1, Epoch 145/200 => Loss 1.048, Loss_clf 0.172, Loss_kd 0.866, Loss_kernel 0.009, Train_accy 95.19
2025-06-29 00:45:18,126 [icarl.py] => Task 1, Epoch 146/200 => Loss 1.016, Loss_clf 0.142, Loss_kd 0.865, Loss_kernel 0.009, Train_accy 96.63, Test_accy {'Art': 51.39, 'Clipart': 70.71, 'Real World': 57.45, 'Product': 84.85}
2025-06-29 00:45:30,225 [icarl.py] => Task 1, Epoch 147/200 => Loss 1.028, Loss_clf 0.164, Loss_kd 0.855, Loss_kernel 0.009, Train_accy 94.95
2025-06-29 00:45:42,187 [icarl.py] => Task 1, Epoch 148/200 => Loss 1.029, Loss_clf 0.151, Loss_kd 0.869, Loss_kernel 0.009, Train_accy 95.81
2025-06-29 00:45:53,718 [icarl.py] => Task 1, Epoch 149/200 => Loss 1.038, Loss_clf 0.163, Loss_kd 0.865, Loss_kernel 0.009, Train_accy 95.21
2025-06-29 00:46:05,802 [icarl.py] => Task 1, Epoch 150/200 => Loss 1.050, Loss_clf 0.171, Loss_kd 0.870, Loss_kernel 0.009, Train_accy 95.45
2025-06-29 00:46:22,203 [icarl.py] => Task 1, Epoch 151/200 => Loss 1.029, Loss_clf 0.166, Loss_kd 0.854, Loss_kernel 0.009, Train_accy 95.64, Test_accy {'Art': 52.78, 'Clipart': 67.86, 'Real World': 59.57, 'Product': 80.0}
2025-06-29 00:46:34,031 [icarl.py] => Task 1, Epoch 152/200 => Loss 1.028, Loss_clf 0.154, Loss_kd 0.864, Loss_kernel 0.009, Train_accy 95.74
2025-06-29 00:46:44,887 [icarl.py] => Task 1, Epoch 153/200 => Loss 1.005, Loss_clf 0.141, Loss_kd 0.854, Loss_kernel 0.009, Train_accy 96.27
2025-06-29 00:46:57,691 [icarl.py] => Task 1, Epoch 154/200 => Loss 1.038, Loss_clf 0.165, Loss_kd 0.864, Loss_kernel 0.009, Train_accy 95.36
2025-06-29 00:47:10,563 [icarl.py] => Task 1, Epoch 155/200 => Loss 1.028, Loss_clf 0.159, Loss_kd 0.861, Loss_kernel 0.009, Train_accy 95.22
2025-06-29 00:47:28,376 [icarl.py] => Task 1, Epoch 156/200 => Loss 1.020, Loss_clf 0.150, Loss_kd 0.861, Loss_kernel 0.009, Train_accy 95.76, Test_accy {'Art': 47.22, 'Clipart': 70.0, 'Real World': 55.32, 'Product': 83.03}
2025-06-29 00:47:39,941 [icarl.py] => Task 1, Epoch 157/200 => Loss 1.012, Loss_clf 0.139, Loss_kd 0.864, Loss_kernel 0.009, Train_accy 95.79
2025-06-29 00:47:53,034 [icarl.py] => Task 1, Epoch 158/200 => Loss 1.006, Loss_clf 0.128, Loss_kd 0.869, Loss_kernel 0.009, Train_accy 96.71
2025-06-29 00:48:05,160 [icarl.py] => Task 1, Epoch 159/200 => Loss 1.008, Loss_clf 0.133, Loss_kd 0.867, Loss_kernel 0.009, Train_accy 95.94
2025-06-29 00:48:14,915 [icarl.py] => Task 1, Epoch 160/200 => Loss 0.993, Loss_clf 0.137, Loss_kd 0.846, Loss_kernel 0.009, Train_accy 96.06
2025-06-29 00:48:30,155 [icarl.py] => Task 1, Epoch 161/200 => Loss 0.987, Loss_clf 0.134, Loss_kd 0.844, Loss_kernel 0.009, Train_accy 96.31, Test_accy {'Art': 51.39, 'Clipart': 69.29, 'Real World': 59.57, 'Product': 84.24}
2025-06-29 00:48:41,456 [icarl.py] => Task 1, Epoch 162/200 => Loss 1.014, Loss_clf 0.145, Loss_kd 0.860, Loss_kernel 0.009, Train_accy 96.28
2025-06-29 00:48:50,712 [icarl.py] => Task 1, Epoch 163/200 => Loss 0.965, Loss_clf 0.115, Loss_kd 0.841, Loss_kernel 0.009, Train_accy 97.20
2025-06-29 00:49:03,914 [icarl.py] => Task 1, Epoch 164/200 => Loss 0.997, Loss_clf 0.135, Loss_kd 0.853, Loss_kernel 0.009, Train_accy 96.45
2025-06-29 00:49:16,011 [icarl.py] => Task 1, Epoch 165/200 => Loss 0.990, Loss_clf 0.132, Loss_kd 0.849, Loss_kernel 0.009, Train_accy 96.20
2025-06-29 00:49:32,809 [icarl.py] => Task 1, Epoch 166/200 => Loss 1.002, Loss_clf 0.136, Loss_kd 0.857, Loss_kernel 0.009, Train_accy 96.64, Test_accy {'Art': 55.56, 'Clipart': 67.86, 'Real World': 57.45, 'Product': 84.85}
2025-06-29 00:49:44,786 [icarl.py] => Task 1, Epoch 167/200 => Loss 0.992, Loss_clf 0.125, Loss_kd 0.858, Loss_kernel 0.009, Train_accy 96.73
2025-06-29 00:49:57,125 [icarl.py] => Task 1, Epoch 168/200 => Loss 0.999, Loss_clf 0.131, Loss_kd 0.860, Loss_kernel 0.009, Train_accy 97.08
2025-06-29 00:50:07,907 [icarl.py] => Task 1, Epoch 169/200 => Loss 0.992, Loss_clf 0.139, Loss_kd 0.844, Loss_kernel 0.009, Train_accy 96.37
2025-06-29 00:50:19,368 [icarl.py] => Task 1, Epoch 170/200 => Loss 0.996, Loss_clf 0.133, Loss_kd 0.855, Loss_kernel 0.009, Train_accy 96.53
2025-06-29 00:50:35,840 [icarl.py] => Task 1, Epoch 171/200 => Loss 0.978, Loss_clf 0.120, Loss_kd 0.849, Loss_kernel 0.009, Train_accy 96.58, Test_accy {'Art': 55.56, 'Clipart': 70.71, 'Real World': 60.28, 'Product': 84.85}
2025-06-29 00:50:47,648 [icarl.py] => Task 1, Epoch 172/200 => Loss 0.984, Loss_clf 0.117, Loss_kd 0.858, Loss_kernel 0.009, Train_accy 97.48
2025-06-29 00:51:00,029 [icarl.py] => Task 1, Epoch 173/200 => Loss 0.992, Loss_clf 0.123, Loss_kd 0.860, Loss_kernel 0.009, Train_accy 96.68
2025-06-29 00:51:12,918 [icarl.py] => Task 1, Epoch 174/200 => Loss 0.973, Loss_clf 0.113, Loss_kd 0.851, Loss_kernel 0.009, Train_accy 97.73
2025-06-29 00:51:26,676 [icarl.py] => Task 1, Epoch 175/200 => Loss 0.983, Loss_clf 0.118, Loss_kd 0.856, Loss_kernel 0.009, Train_accy 97.00
2025-06-29 00:51:44,572 [icarl.py] => Task 1, Epoch 176/200 => Loss 0.992, Loss_clf 0.132, Loss_kd 0.852, Loss_kernel 0.009, Train_accy 96.29, Test_accy {'Art': 51.39, 'Clipart': 70.0, 'Real World': 57.45, 'Product': 85.45}
2025-06-29 00:51:55,188 [icarl.py] => Task 1, Epoch 177/200 => Loss 0.969, Loss_clf 0.113, Loss_kd 0.847, Loss_kernel 0.009, Train_accy 96.87
2025-06-29 00:52:07,581 [icarl.py] => Task 1, Epoch 178/200 => Loss 0.975, Loss_clf 0.114, Loss_kd 0.853, Loss_kernel 0.009, Train_accy 97.68
2025-06-29 00:52:19,479 [icarl.py] => Task 1, Epoch 179/200 => Loss 0.986, Loss_clf 0.124, Loss_kd 0.853, Loss_kernel 0.009, Train_accy 96.83
2025-06-29 00:52:30,325 [icarl.py] => Task 1, Epoch 180/200 => Loss 0.986, Loss_clf 0.125, Loss_kd 0.852, Loss_kernel 0.009, Train_accy 96.27
2025-06-29 00:52:47,473 [icarl.py] => Task 1, Epoch 181/200 => Loss 0.984, Loss_clf 0.118, Loss_kd 0.857, Loss_kernel 0.009, Train_accy 96.93, Test_accy {'Art': 52.78, 'Clipart': 67.86, 'Real World': 56.74, 'Product': 85.45}
2025-06-29 00:52:57,971 [icarl.py] => Task 1, Epoch 182/200 => Loss 0.976, Loss_clf 0.114, Loss_kd 0.853, Loss_kernel 0.009, Train_accy 97.27
2025-06-29 00:53:09,809 [icarl.py] => Task 1, Epoch 183/200 => Loss 0.963, Loss_clf 0.109, Loss_kd 0.845, Loss_kernel 0.009, Train_accy 97.37
2025-06-29 00:53:19,983 [icarl.py] => Task 1, Epoch 184/200 => Loss 0.973, Loss_clf 0.114, Loss_kd 0.851, Loss_kernel 0.009, Train_accy 97.21
2025-06-29 00:53:31,041 [icarl.py] => Task 1, Epoch 185/200 => Loss 0.977, Loss_clf 0.110, Loss_kd 0.858, Loss_kernel 0.009, Train_accy 97.17
2025-06-29 00:53:48,364 [icarl.py] => Task 1, Epoch 186/200 => Loss 0.958, Loss_clf 0.107, Loss_kd 0.843, Loss_kernel 0.009, Train_accy 97.17, Test_accy {'Art': 52.78, 'Clipart': 69.29, 'Real World': 59.57, 'Product': 87.88}
2025-06-29 00:53:58,283 [icarl.py] => Task 1, Epoch 187/200 => Loss 0.965, Loss_clf 0.108, Loss_kd 0.848, Loss_kernel 0.009, Train_accy 97.60
2025-06-29 00:54:10,034 [icarl.py] => Task 1, Epoch 188/200 => Loss 0.967, Loss_clf 0.107, Loss_kd 0.851, Loss_kernel 0.009, Train_accy 97.17
2025-06-29 00:54:22,005 [icarl.py] => Task 1, Epoch 189/200 => Loss 0.988, Loss_clf 0.132, Loss_kd 0.848, Loss_kernel 0.009, Train_accy 96.53
2025-06-29 00:54:33,364 [icarl.py] => Task 1, Epoch 190/200 => Loss 0.956, Loss_clf 0.102, Loss_kd 0.845, Loss_kernel 0.009, Train_accy 97.56
2025-06-29 00:54:50,953 [icarl.py] => Task 1, Epoch 191/200 => Loss 0.981, Loss_clf 0.114, Loss_kd 0.858, Loss_kernel 0.009, Train_accy 97.38, Test_accy {'Art': 50.0, 'Clipart': 71.43, 'Real World': 60.99, 'Product': 87.27}
2025-06-29 00:55:01,603 [icarl.py] => Task 1, Epoch 192/200 => Loss 0.960, Loss_clf 0.108, Loss_kd 0.843, Loss_kernel 0.009, Train_accy 97.11
2025-06-29 00:55:11,774 [icarl.py] => Task 1, Epoch 193/200 => Loss 0.961, Loss_clf 0.110, Loss_kd 0.843, Loss_kernel 0.009, Train_accy 97.26
2025-06-29 00:55:23,044 [icarl.py] => Task 1, Epoch 194/200 => Loss 0.975, Loss_clf 0.117, Loss_kd 0.849, Loss_kernel 0.009, Train_accy 97.36
2025-06-29 00:55:33,035 [icarl.py] => Task 1, Epoch 195/200 => Loss 0.952, Loss_clf 0.101, Loss_kd 0.843, Loss_kernel 0.009, Train_accy 97.11
2025-06-29 00:55:48,181 [icarl.py] => Task 1, Epoch 196/200 => Loss 0.976, Loss_clf 0.109, Loss_kd 0.858, Loss_kernel 0.009, Train_accy 97.46, Test_accy {'Art': 47.22, 'Clipart': 70.71, 'Real World': 58.87, 'Product': 87.27}
2025-06-29 00:55:57,672 [icarl.py] => Task 1, Epoch 197/200 => Loss 0.947, Loss_clf 0.102, Loss_kd 0.837, Loss_kernel 0.009, Train_accy 97.85
2025-06-29 00:56:08,681 [icarl.py] => Task 1, Epoch 198/200 => Loss 0.948, Loss_clf 0.094, Loss_kd 0.845, Loss_kernel 0.009, Train_accy 98.31
2025-06-29 00:56:19,358 [icarl.py] => Task 1, Epoch 199/200 => Loss 0.972, Loss_clf 0.107, Loss_kd 0.855, Loss_kernel 0.009, Train_accy 97.31
2025-06-29 00:56:30,427 [icarl.py] => Task 1, Epoch 200/200 => Loss 0.946, Loss_clf 0.098, Loss_kd 0.839, Loss_kernel 0.009, Train_accy 97.62
2025-06-29 00:56:30,428 [base.py] => Reducing exemplars...(130 per classes)
2025-06-29 00:56:34,599 [base.py] => Constructing exemplars...(130 per classes)
2025-06-29 00:56:52,960 [icarl.py] => Exemplar size: 1300
2025-06-29 00:56:54,051 [trainer.py] => CNN [Art]: {'total': 51.39, '00-04': 73.68, '05-09': 26.47, 'old': 73.68, 'new': 26.47}
2025-06-29 00:56:54,052 [trainer.py] => NME [Art]: {'total': 56.94, '00-04': 65.79, '05-09': 47.06, 'old': 65.79, 'new': 47.06}
2025-06-29 00:56:54,052 [trainer.py] => CNN [Art] top1 curve: [60.53, 51.39]
2025-06-29 00:56:54,052 [trainer.py] => CNN [Art] top5 curve: [92.11, 87.5]
2025-06-29 00:56:54,052 [trainer.py] => NME [Art] top1 curve: [65.79, 56.94]
2025-06-29 00:56:54,052 [trainer.py] => NME [Art] top5 curve: [100.0, 88.89]
2025-06-29 00:56:54,052 [trainer.py] => Average Accuracy [Art] (CNN): 55.96
2025-06-29 00:56:54,052 [trainer.py] => Average Accuracy [Art] (NME): 61.365
2025-06-29 00:56:54,053 [trainer.py] => CNN [Clipart]: {'total': 69.29, '00-04': 79.49, '05-09': 56.45, 'old': 79.49, 'new': 56.45}
2025-06-29 00:56:54,053 [trainer.py] => NME [Clipart]: {'total': 70.71, '00-04': 74.36, '05-09': 66.13, 'old': 74.36, 'new': 66.13}
2025-06-29 00:56:54,053 [trainer.py] => CNN [Clipart] top1 curve: [70.51, 69.29]
2025-06-29 00:56:54,053 [trainer.py] => CNN [Clipart] top5 curve: [97.44, 91.43]
2025-06-29 00:56:54,053 [trainer.py] => NME [Clipart] top1 curve: [74.36, 70.71]
2025-06-29 00:56:54,053 [trainer.py] => NME [Clipart] top5 curve: [100.0, 92.86]
2025-06-29 00:56:54,053 [trainer.py] => Average Accuracy [Clipart] (CNN): 69.9
2025-06-29 00:56:54,053 [trainer.py] => Average Accuracy [Clipart] (NME): 72.535
2025-06-29 00:56:54,054 [trainer.py] => CNN [Product]: {'total': 85.45, '00-04': 95.29, '05-09': 75.0, 'old': 95.29, 'new': 75.0}
2025-06-29 00:56:54,054 [trainer.py] => NME [Product]: {'total': 88.48, '00-04': 95.29, '05-09': 81.25, 'old': 95.29, 'new': 81.25}
2025-06-29 00:56:54,054 [trainer.py] => CNN [Product] top1 curve: [92.94, 85.45]
2025-06-29 00:56:54,054 [trainer.py] => CNN [Product] top5 curve: [100.0, 98.79]
2025-06-29 00:56:54,054 [trainer.py] => NME [Product] top1 curve: [94.12, 88.48]
2025-06-29 00:56:54,054 [trainer.py] => NME [Product] top5 curve: [100.0, 99.39]
2025-06-29 00:56:54,054 [trainer.py] => Average Accuracy [Product] (CNN): 89.195
2025-06-29 00:56:54,054 [trainer.py] => Average Accuracy [Product] (NME): 91.30000000000001
2025-06-29 00:56:54,054 [trainer.py] => CNN [Real World]: {'total': 58.16, '00-04': 68.49, '05-09': 47.06, 'old': 68.49, 'new': 47.06}
2025-06-29 00:56:54,054 [trainer.py] => NME [Real World]: {'total': 63.12, '00-04': 64.38, '05-09': 61.76, 'old': 64.38, 'new': 61.76}
2025-06-29 00:56:54,055 [trainer.py] => CNN [Real World] top1 curve: [69.86, 58.16]
2025-06-29 00:56:54,055 [trainer.py] => CNN [Real World] top5 curve: [95.89, 89.36]
2025-06-29 00:56:54,055 [trainer.py] => NME [Real World] top1 curve: [73.97, 63.12]
2025-06-29 00:56:54,055 [trainer.py] => NME [Real World] top5 curve: [100.0, 94.33]
2025-06-29 00:56:54,055 [trainer.py] => Average Accuracy [Real World] (CNN): 64.00999999999999
2025-06-29 00:56:54,055 [trainer.py] => Average Accuracy [Real World] (NME): 68.545
2025-06-29 00:56:54,055 [trainer.py] => NME Harmonic Mean : 67.2871
2025-06-29 00:56:54,055 [trainer.py] => NME Macro Mean : 69.8125
2025-06-29 00:56:54,055 [trainer.py] => CNN Harmonic Mean : 62.9964
2025-06-29 00:56:54,056 [trainer.py] => CNN Macro Mean : 66.0725
2025-06-29 00:56:54,056 [trainer.py] => All params: 21294932
2025-06-29 00:56:54,057 [trainer.py] => Trainable params: 21294932
2025-06-29 00:56:54,058 [icarl.py] => Learning on 10-15
2025-06-29 00:57:14,351 [icarl.py] => Task 2, Epoch 1/200 => Loss 4.038, Loss_clf 2.341, Loss_kd 1.693, Loss_kernel 0.005, Train_accy 36.99, Test_accy {'Art': 19.27, 'Clipart': 22.82, 'Real World': 17.84, 'Product': 28.19}
2025-06-29 00:57:27,905 [icarl.py] => Task 2, Epoch 2/200 => Loss 3.817, Loss_clf 2.060, Loss_kd 1.751, Loss_kernel 0.006, Train_accy 35.96
2025-06-29 00:57:41,945 [icarl.py] => Task 2, Epoch 3/200 => Loss 3.486, Loss_clf 1.835, Loss_kd 1.646, Loss_kernel 0.005, Train_accy 42.05
2025-06-29 00:57:56,435 [icarl.py] => Task 2, Epoch 4/200 => Loss 3.313, Loss_clf 1.723, Loss_kd 1.585, Loss_kernel 0.005, Train_accy 45.31
2025-06-29 00:58:09,390 [icarl.py] => Task 2, Epoch 5/200 => Loss 3.146, Loss_clf 1.607, Loss_kd 1.535, Loss_kernel 0.004, Train_accy 51.15
2025-06-29 00:58:29,695 [icarl.py] => Task 2, Epoch 6/200 => Loss 3.100, Loss_clf 1.573, Loss_kd 1.522, Loss_kernel 0.004, Train_accy 50.35, Test_accy {'Art': 22.02, 'Clipart': 40.78, 'Real World': 35.21, 'Product': 44.49}
2025-06-29 00:58:43,473 [icarl.py] => Task 2, Epoch 7/200 => Loss 3.119, Loss_clf 1.577, Loss_kd 1.538, Loss_kernel 0.004, Train_accy 51.92
2025-06-29 00:58:57,286 [icarl.py] => Task 2, Epoch 8/200 => Loss 2.899, Loss_clf 1.436, Loss_kd 1.459, Loss_kernel 0.004, Train_accy 54.44
2025-06-29 00:59:11,112 [icarl.py] => Task 2, Epoch 9/200 => Loss 2.810, Loss_clf 1.376, Loss_kd 1.430, Loss_kernel 0.004, Train_accy 56.28
2025-06-29 00:59:25,219 [icarl.py] => Task 2, Epoch 10/200 => Loss 2.798, Loss_clf 1.352, Loss_kd 1.441, Loss_kernel 0.004, Train_accy 57.26
2025-06-29 00:59:45,903 [icarl.py] => Task 2, Epoch 11/200 => Loss 2.683, Loss_clf 1.266, Loss_kd 1.413, Loss_kernel 0.004, Train_accy 58.91, Test_accy {'Art': 32.11, 'Clipart': 44.66, 'Real World': 39.44, 'Product': 58.59}
2025-06-29 01:00:00,329 [icarl.py] => Task 2, Epoch 12/200 => Loss 2.667, Loss_clf 1.261, Loss_kd 1.403, Loss_kernel 0.004, Train_accy 60.44
2025-06-29 01:00:14,611 [icarl.py] => Task 2, Epoch 13/200 => Loss 2.646, Loss_clf 1.236, Loss_kd 1.406, Loss_kernel 0.004, Train_accy 62.48
2025-06-29 01:00:28,507 [icarl.py] => Task 2, Epoch 14/200 => Loss 2.524, Loss_clf 1.150, Loss_kd 1.370, Loss_kernel 0.004, Train_accy 63.61
2025-06-29 01:00:42,019 [icarl.py] => Task 2, Epoch 15/200 => Loss 2.534, Loss_clf 1.153, Loss_kd 1.376, Loss_kernel 0.004, Train_accy 63.58
2025-06-29 01:01:02,637 [icarl.py] => Task 2, Epoch 16/200 => Loss 2.493, Loss_clf 1.112, Loss_kd 1.376, Loss_kernel 0.004, Train_accy 65.55, Test_accy {'Art': 36.7, 'Clipart': 60.19, 'Real World': 42.72, 'Product': 70.04}
2025-06-29 01:01:16,488 [icarl.py] => Task 2, Epoch 17/200 => Loss 2.461, Loss_clf 1.090, Loss_kd 1.367, Loss_kernel 0.004, Train_accy 66.88
2025-06-29 01:01:30,670 [icarl.py] => Task 2, Epoch 18/200 => Loss 2.493, Loss_clf 1.113, Loss_kd 1.376, Loss_kernel 0.004, Train_accy 64.99
2025-06-29 01:01:45,244 [icarl.py] => Task 2, Epoch 19/200 => Loss 2.515, Loss_clf 1.120, Loss_kd 1.391, Loss_kernel 0.004, Train_accy 65.92
2025-06-29 01:01:59,809 [icarl.py] => Task 2, Epoch 20/200 => Loss 2.422, Loss_clf 1.055, Loss_kd 1.363, Loss_kernel 0.004, Train_accy 66.55
2025-06-29 01:02:21,167 [icarl.py] => Task 2, Epoch 21/200 => Loss 2.376, Loss_clf 1.009, Loss_kd 1.363, Loss_kernel 0.004, Train_accy 68.09, Test_accy {'Art': 35.78, 'Clipart': 53.4, 'Real World': 47.42, 'Product': 62.56}
2025-06-29 01:02:35,002 [icarl.py] => Task 2, Epoch 22/200 => Loss 2.275, Loss_clf 0.945, Loss_kd 1.326, Loss_kernel 0.004, Train_accy 70.66
2025-06-29 01:02:49,657 [icarl.py] => Task 2, Epoch 23/200 => Loss 2.301, Loss_clf 0.969, Loss_kd 1.328, Loss_kernel 0.004, Train_accy 69.41
2025-06-29 01:03:03,244 [icarl.py] => Task 2, Epoch 24/200 => Loss 2.274, Loss_clf 0.953, Loss_kd 1.317, Loss_kernel 0.004, Train_accy 69.47
2025-06-29 01:03:16,873 [icarl.py] => Task 2, Epoch 25/200 => Loss 2.180, Loss_clf 0.876, Loss_kd 1.300, Loss_kernel 0.004, Train_accy 72.51
2025-06-29 01:03:38,295 [icarl.py] => Task 2, Epoch 26/200 => Loss 2.218, Loss_clf 0.905, Loss_kd 1.309, Loss_kernel 0.004, Train_accy 71.75, Test_accy {'Art': 38.53, 'Clipart': 53.88, 'Real World': 42.72, 'Product': 66.08}
2025-06-29 01:03:51,743 [icarl.py] => Task 2, Epoch 27/200 => Loss 2.163, Loss_clf 0.872, Loss_kd 1.287, Loss_kernel 0.004, Train_accy 73.70
2025-06-29 01:04:04,697 [icarl.py] => Task 2, Epoch 28/200 => Loss 2.122, Loss_clf 0.830, Loss_kd 1.288, Loss_kernel 0.004, Train_accy 72.46
2025-06-29 01:04:19,630 [icarl.py] => Task 2, Epoch 29/200 => Loss 2.141, Loss_clf 0.843, Loss_kd 1.294, Loss_kernel 0.004, Train_accy 73.29
2025-06-29 01:04:33,338 [icarl.py] => Task 2, Epoch 30/200 => Loss 2.182, Loss_clf 0.856, Loss_kd 1.322, Loss_kernel 0.004, Train_accy 72.79
2025-06-29 01:04:55,535 [icarl.py] => Task 2, Epoch 31/200 => Loss 2.150, Loss_clf 0.848, Loss_kd 1.298, Loss_kernel 0.004, Train_accy 72.64, Test_accy {'Art': 37.61, 'Clipart': 49.03, 'Real World': 41.78, 'Product': 69.16}
2025-06-29 01:05:10,336 [icarl.py] => Task 2, Epoch 32/200 => Loss 2.077, Loss_clf 0.784, Loss_kd 1.289, Loss_kernel 0.004, Train_accy 74.93
2025-06-29 01:05:24,600 [icarl.py] => Task 2, Epoch 33/200 => Loss 1.960, Loss_clf 0.699, Loss_kd 1.258, Loss_kernel 0.003, Train_accy 77.93
2025-06-29 01:05:36,729 [icarl.py] => Task 2, Epoch 34/200 => Loss 2.046, Loss_clf 0.757, Loss_kd 1.285, Loss_kernel 0.004, Train_accy 75.77
2025-06-29 01:05:50,867 [icarl.py] => Task 2, Epoch 35/200 => Loss 2.051, Loss_clf 0.774, Loss_kd 1.273, Loss_kernel 0.003, Train_accy 75.06
2025-06-29 01:06:11,141 [icarl.py] => Task 2, Epoch 36/200 => Loss 2.086, Loss_clf 0.780, Loss_kd 1.303, Loss_kernel 0.004, Train_accy 75.45, Test_accy {'Art': 36.7, 'Clipart': 61.17, 'Real World': 46.95, 'Product': 67.84}
2025-06-29 01:06:27,162 [icarl.py] => Task 2, Epoch 37/200 => Loss 1.971, Loss_clf 0.693, Loss_kd 1.274, Loss_kernel 0.004, Train_accy 77.48
2025-06-29 01:06:41,096 [icarl.py] => Task 2, Epoch 38/200 => Loss 2.011, Loss_clf 0.734, Loss_kd 1.273, Loss_kernel 0.004, Train_accy 77.55
2025-06-29 01:06:55,455 [icarl.py] => Task 2, Epoch 39/200 => Loss 2.015, Loss_clf 0.733, Loss_kd 1.278, Loss_kernel 0.004, Train_accy 76.31
2025-06-29 01:07:06,992 [icarl.py] => Task 2, Epoch 40/200 => Loss 1.978, Loss_clf 0.716, Loss_kd 1.259, Loss_kernel 0.003, Train_accy 77.75
2025-06-29 01:07:27,210 [icarl.py] => Task 2, Epoch 41/200 => Loss 1.867, Loss_clf 0.620, Loss_kd 1.243, Loss_kernel 0.004, Train_accy 80.56, Test_accy {'Art': 42.2, 'Clipart': 64.08, 'Real World': 44.6, 'Product': 79.3}
2025-06-29 01:07:40,922 [icarl.py] => Task 2, Epoch 42/200 => Loss 1.945, Loss_clf 0.687, Loss_kd 1.254, Loss_kernel 0.004, Train_accy 78.72
2025-06-29 01:07:54,446 [icarl.py] => Task 2, Epoch 43/200 => Loss 1.884, Loss_clf 0.637, Loss_kd 1.243, Loss_kernel 0.004, Train_accy 80.33
2025-06-29 01:08:07,649 [icarl.py] => Task 2, Epoch 44/200 => Loss 1.841, Loss_clf 0.589, Loss_kd 1.248, Loss_kernel 0.004, Train_accy 80.84
2025-06-29 01:08:22,250 [icarl.py] => Task 2, Epoch 45/200 => Loss 1.860, Loss_clf 0.608, Loss_kd 1.249, Loss_kernel 0.004, Train_accy 81.62
2025-06-29 01:08:41,296 [icarl.py] => Task 2, Epoch 46/200 => Loss 1.939, Loss_clf 0.669, Loss_kd 1.267, Loss_kernel 0.003, Train_accy 78.57, Test_accy {'Art': 42.2, 'Clipart': 63.11, 'Real World': 43.19, 'Product': 70.93}
2025-06-29 01:08:55,519 [icarl.py] => Task 2, Epoch 47/200 => Loss 1.888, Loss_clf 0.632, Loss_kd 1.253, Loss_kernel 0.004, Train_accy 81.41
2025-06-29 01:09:08,683 [icarl.py] => Task 2, Epoch 48/200 => Loss 1.846, Loss_clf 0.604, Loss_kd 1.239, Loss_kernel 0.003, Train_accy 80.65
2025-06-29 01:09:22,264 [icarl.py] => Task 2, Epoch 49/200 => Loss 1.836, Loss_clf 0.591, Loss_kd 1.242, Loss_kernel 0.003, Train_accy 81.67
2025-06-29 01:09:35,800 [icarl.py] => Task 2, Epoch 50/200 => Loss 1.799, Loss_clf 0.562, Loss_kd 1.234, Loss_kernel 0.003, Train_accy 82.11
2025-06-29 01:09:54,670 [icarl.py] => Task 2, Epoch 51/200 => Loss 1.789, Loss_clf 0.538, Loss_kd 1.248, Loss_kernel 0.003, Train_accy 83.23, Test_accy {'Art': 40.37, 'Clipart': 57.28, 'Real World': 51.17, 'Product': 74.01}
2025-06-29 01:10:06,073 [icarl.py] => Task 2, Epoch 52/200 => Loss 1.735, Loss_clf 0.522, Loss_kd 1.210, Loss_kernel 0.003, Train_accy 83.43
2025-06-29 01:10:19,813 [icarl.py] => Task 2, Epoch 53/200 => Loss 1.804, Loss_clf 0.564, Loss_kd 1.237, Loss_kernel 0.004, Train_accy 82.46
2025-06-29 01:10:33,599 [icarl.py] => Task 2, Epoch 54/200 => Loss 1.835, Loss_clf 0.572, Loss_kd 1.260, Loss_kernel 0.003, Train_accy 81.71
2025-06-29 01:10:46,585 [icarl.py] => Task 2, Epoch 55/200 => Loss 1.803, Loss_clf 0.567, Loss_kd 1.233, Loss_kernel 0.003, Train_accy 81.99
2025-06-29 01:11:06,206 [icarl.py] => Task 2, Epoch 56/200 => Loss 1.770, Loss_clf 0.538, Loss_kd 1.229, Loss_kernel 0.003, Train_accy 83.06, Test_accy {'Art': 38.53, 'Clipart': 60.19, 'Real World': 43.19, 'Product': 74.45}
2025-06-29 01:11:18,301 [icarl.py] => Task 2, Epoch 57/200 => Loss 1.770, Loss_clf 0.531, Loss_kd 1.236, Loss_kernel 0.003, Train_accy 83.62
2025-06-29 01:11:30,864 [icarl.py] => Task 2, Epoch 58/200 => Loss 1.780, Loss_clf 0.546, Loss_kd 1.230, Loss_kernel 0.003, Train_accy 83.49
2025-06-29 01:11:44,519 [icarl.py] => Task 2, Epoch 59/200 => Loss 1.700, Loss_clf 0.484, Loss_kd 1.213, Loss_kernel 0.003, Train_accy 84.92
2025-06-29 01:11:57,128 [icarl.py] => Task 2, Epoch 60/200 => Loss 1.707, Loss_clf 0.488, Loss_kd 1.215, Loss_kernel 0.003, Train_accy 84.32
2025-06-29 01:12:16,551 [icarl.py] => Task 2, Epoch 61/200 => Loss 1.722, Loss_clf 0.487, Loss_kd 1.231, Loss_kernel 0.003, Train_accy 84.75, Test_accy {'Art': 37.61, 'Clipart': 62.14, 'Real World': 45.54, 'Product': 74.45}
2025-06-29 01:12:30,165 [icarl.py] => Task 2, Epoch 62/200 => Loss 1.636, Loss_clf 0.436, Loss_kd 1.196, Loss_kernel 0.003, Train_accy 86.64
2025-06-29 01:12:43,735 [icarl.py] => Task 2, Epoch 63/200 => Loss 1.707, Loss_clf 0.488, Loss_kd 1.215, Loss_kernel 0.003, Train_accy 85.35
2025-06-29 01:12:57,545 [icarl.py] => Task 2, Epoch 64/200 => Loss 1.861, Loss_clf 0.596, Loss_kd 1.261, Loss_kernel 0.004, Train_accy 81.17
2025-06-29 01:13:10,681 [icarl.py] => Task 2, Epoch 65/200 => Loss 1.703, Loss_clf 0.473, Loss_kd 1.226, Loss_kernel 0.003, Train_accy 84.12
2025-06-29 01:13:30,036 [icarl.py] => Task 2, Epoch 66/200 => Loss 1.665, Loss_clf 0.457, Loss_kd 1.204, Loss_kernel 0.003, Train_accy 85.66, Test_accy {'Art': 44.04, 'Clipart': 66.99, 'Real World': 53.05, 'Product': 82.38}
2025-06-29 01:13:42,191 [icarl.py] => Task 2, Epoch 67/200 => Loss 1.706, Loss_clf 0.490, Loss_kd 1.212, Loss_kernel 0.003, Train_accy 85.11
2025-06-29 01:13:54,340 [icarl.py] => Task 2, Epoch 68/200 => Loss 1.687, Loss_clf 0.479, Loss_kd 1.204, Loss_kernel 0.003, Train_accy 84.52
2025-06-29 01:14:07,551 [icarl.py] => Task 2, Epoch 69/200 => Loss 1.682, Loss_clf 0.453, Loss_kd 1.226, Loss_kernel 0.003, Train_accy 85.54
2025-06-29 01:14:19,779 [icarl.py] => Task 2, Epoch 70/200 => Loss 1.580, Loss_clf 0.394, Loss_kd 1.183, Loss_kernel 0.003, Train_accy 87.57
2025-06-29 01:14:39,375 [icarl.py] => Task 2, Epoch 71/200 => Loss 1.611, Loss_clf 0.400, Loss_kd 1.208, Loss_kernel 0.003, Train_accy 87.46, Test_accy {'Art': 41.28, 'Clipart': 60.19, 'Real World': 48.83, 'Product': 70.04}
2025-06-29 01:14:52,273 [icarl.py] => Task 2, Epoch 72/200 => Loss 1.650, Loss_clf 0.444, Loss_kd 1.202, Loss_kernel 0.003, Train_accy 85.75
2025-06-29 01:15:07,039 [icarl.py] => Task 2, Epoch 73/200 => Loss 1.589, Loss_clf 0.397, Loss_kd 1.189, Loss_kernel 0.003, Train_accy 87.61
2025-06-29 01:15:20,186 [icarl.py] => Task 2, Epoch 74/200 => Loss 1.725, Loss_clf 0.489, Loss_kd 1.233, Loss_kernel 0.003, Train_accy 85.28
2025-06-29 01:15:34,147 [icarl.py] => Task 2, Epoch 75/200 => Loss 1.628, Loss_clf 0.424, Loss_kd 1.200, Loss_kernel 0.003, Train_accy 86.82
2025-06-29 01:15:55,087 [icarl.py] => Task 2, Epoch 76/200 => Loss 1.644, Loss_clf 0.432, Loss_kd 1.209, Loss_kernel 0.003, Train_accy 86.93, Test_accy {'Art': 44.04, 'Clipart': 56.31, 'Real World': 49.3, 'Product': 72.69}
2025-06-29 01:16:07,094 [icarl.py] => Task 2, Epoch 77/200 => Loss 1.593, Loss_clf 0.398, Loss_kd 1.192, Loss_kernel 0.003, Train_accy 88.22
2025-06-29 01:16:20,916 [icarl.py] => Task 2, Epoch 78/200 => Loss 1.639, Loss_clf 0.437, Loss_kd 1.198, Loss_kernel 0.003, Train_accy 86.79
2025-06-29 01:16:34,094 [icarl.py] => Task 2, Epoch 79/200 => Loss 1.620, Loss_clf 0.415, Loss_kd 1.202, Loss_kernel 0.003, Train_accy 87.48
2025-06-29 01:16:47,573 [icarl.py] => Task 2, Epoch 80/200 => Loss 1.584, Loss_clf 0.386, Loss_kd 1.195, Loss_kernel 0.003, Train_accy 88.80
2025-06-29 01:17:08,727 [icarl.py] => Task 2, Epoch 81/200 => Loss 1.568, Loss_clf 0.387, Loss_kd 1.178, Loss_kernel 0.003, Train_accy 88.13, Test_accy {'Art': 44.95, 'Clipart': 64.56, 'Real World': 45.07, 'Product': 77.97}
2025-06-29 01:17:22,000 [icarl.py] => Task 2, Epoch 82/200 => Loss 1.563, Loss_clf 0.377, Loss_kd 1.183, Loss_kernel 0.003, Train_accy 88.04
2025-06-29 01:17:34,311 [icarl.py] => Task 2, Epoch 83/200 => Loss 1.633, Loss_clf 0.418, Loss_kd 1.212, Loss_kernel 0.003, Train_accy 85.98
2025-06-29 01:17:47,743 [icarl.py] => Task 2, Epoch 84/200 => Loss 1.572, Loss_clf 0.388, Loss_kd 1.181, Loss_kernel 0.003, Train_accy 87.80
2025-06-29 01:18:00,372 [icarl.py] => Task 2, Epoch 85/200 => Loss 1.528, Loss_clf 0.352, Loss_kd 1.173, Loss_kernel 0.003, Train_accy 89.46
2025-06-29 01:18:20,891 [icarl.py] => Task 2, Epoch 86/200 => Loss 1.499, Loss_clf 0.324, Loss_kd 1.172, Loss_kernel 0.003, Train_accy 90.75, Test_accy {'Art': 47.71, 'Clipart': 63.11, 'Real World': 46.48, 'Product': 81.5}
2025-06-29 01:18:34,491 [icarl.py] => Task 2, Epoch 87/200 => Loss 1.554, Loss_clf 0.372, Loss_kd 1.179, Loss_kernel 0.003, Train_accy 88.53
2025-06-29 01:18:48,259 [icarl.py] => Task 2, Epoch 88/200 => Loss 1.558, Loss_clf 0.366, Loss_kd 1.188, Loss_kernel 0.003, Train_accy 89.26
2025-06-29 01:18:59,051 [icarl.py] => Task 2, Epoch 89/200 => Loss 1.469, Loss_clf 0.305, Loss_kd 1.161, Loss_kernel 0.003, Train_accy 90.49
2025-06-29 01:19:12,367 [icarl.py] => Task 2, Epoch 90/200 => Loss 1.518, Loss_clf 0.341, Loss_kd 1.174, Loss_kernel 0.003, Train_accy 89.80
2025-06-29 01:19:30,958 [icarl.py] => Task 2, Epoch 91/200 => Loss 1.544, Loss_clf 0.343, Loss_kd 1.197, Loss_kernel 0.003, Train_accy 89.77, Test_accy {'Art': 40.37, 'Clipart': 59.22, 'Real World': 43.19, 'Product': 70.04}
2025-06-29 01:19:42,129 [icarl.py] => Task 2, Epoch 92/200 => Loss 1.541, Loss_clf 0.352, Loss_kd 1.186, Loss_kernel 0.003, Train_accy 89.49
2025-06-29 01:19:53,961 [icarl.py] => Task 2, Epoch 93/200 => Loss 1.483, Loss_clf 0.311, Loss_kd 1.169, Loss_kernel 0.003, Train_accy 90.56
2025-06-29 01:20:07,536 [icarl.py] => Task 2, Epoch 94/200 => Loss 1.492, Loss_clf 0.310, Loss_kd 1.178, Loss_kernel 0.003, Train_accy 90.39
2025-06-29 01:20:20,424 [icarl.py] => Task 2, Epoch 95/200 => Loss 1.503, Loss_clf 0.341, Loss_kd 1.159, Loss_kernel 0.003, Train_accy 89.49
2025-06-29 01:20:38,876 [icarl.py] => Task 2, Epoch 96/200 => Loss 1.500, Loss_clf 0.333, Loss_kd 1.164, Loss_kernel 0.003, Train_accy 89.81, Test_accy {'Art': 38.53, 'Clipart': 66.5, 'Real World': 48.36, 'Product': 78.85}
2025-06-29 01:20:51,759 [icarl.py] => Task 2, Epoch 97/200 => Loss 1.464, Loss_clf 0.302, Loss_kd 1.159, Loss_kernel 0.003, Train_accy 91.23
2025-06-29 01:21:04,627 [icarl.py] => Task 2, Epoch 98/200 => Loss 1.456, Loss_clf 0.292, Loss_kd 1.161, Loss_kernel 0.003, Train_accy 90.75
2025-06-29 01:21:18,145 [icarl.py] => Task 2, Epoch 99/200 => Loss 1.473, Loss_clf 0.301, Loss_kd 1.169, Loss_kernel 0.003, Train_accy 91.36
2025-06-29 01:21:30,318 [icarl.py] => Task 2, Epoch 100/200 => Loss 1.436, Loss_clf 0.273, Loss_kd 1.159, Loss_kernel 0.003, Train_accy 91.71
2025-06-29 01:21:49,458 [icarl.py] => Task 2, Epoch 101/200 => Loss 1.441, Loss_clf 0.280, Loss_kd 1.158, Loss_kernel 0.003, Train_accy 91.36, Test_accy {'Art': 44.04, 'Clipart': 67.96, 'Real World': 48.36, 'Product': 83.26}
2025-06-29 01:22:01,621 [icarl.py] => Task 2, Epoch 102/200 => Loss 1.425, Loss_clf 0.267, Loss_kd 1.155, Loss_kernel 0.003, Train_accy 91.38
2025-06-29 01:22:13,698 [icarl.py] => Task 2, Epoch 103/200 => Loss 1.466, Loss_clf 0.293, Loss_kd 1.170, Loss_kernel 0.003, Train_accy 91.44
2025-06-29 01:22:26,707 [icarl.py] => Task 2, Epoch 104/200 => Loss 1.458, Loss_clf 0.292, Loss_kd 1.163, Loss_kernel 0.003, Train_accy 91.01
2025-06-29 01:22:39,638 [icarl.py] => Task 2, Epoch 105/200 => Loss 1.452, Loss_clf 0.283, Loss_kd 1.166, Loss_kernel 0.003, Train_accy 91.19
2025-06-29 01:22:57,593 [icarl.py] => Task 2, Epoch 106/200 => Loss 1.410, Loss_clf 0.264, Loss_kd 1.143, Loss_kernel 0.003, Train_accy 91.63, Test_accy {'Art': 41.28, 'Clipart': 63.59, 'Real World': 44.13, 'Product': 75.77}
2025-06-29 01:23:10,491 [icarl.py] => Task 2, Epoch 107/200 => Loss 1.432, Loss_clf 0.285, Loss_kd 1.144, Loss_kernel 0.003, Train_accy 91.30
2025-06-29 01:23:23,587 [icarl.py] => Task 2, Epoch 108/200 => Loss 1.407, Loss_clf 0.259, Loss_kd 1.145, Loss_kernel 0.003, Train_accy 92.16
2025-06-29 01:23:35,263 [icarl.py] => Task 2, Epoch 109/200 => Loss 1.429, Loss_clf 0.273, Loss_kd 1.153, Loss_kernel 0.003, Train_accy 91.28
2025-06-29 01:23:48,385 [icarl.py] => Task 2, Epoch 110/200 => Loss 1.391, Loss_clf 0.251, Loss_kd 1.138, Loss_kernel 0.003, Train_accy 92.50
2025-06-29 01:24:07,560 [icarl.py] => Task 2, Epoch 111/200 => Loss 1.427, Loss_clf 0.275, Loss_kd 1.148, Loss_kernel 0.003, Train_accy 91.39, Test_accy {'Art': 42.2, 'Clipart': 62.14, 'Real World': 50.7, 'Product': 85.02}
2025-06-29 01:24:17,786 [icarl.py] => Task 2, Epoch 112/200 => Loss 1.396, Loss_clf 0.250, Loss_kd 1.143, Loss_kernel 0.003, Train_accy 92.21
2025-06-29 01:24:29,911 [icarl.py] => Task 2, Epoch 113/200 => Loss 1.363, Loss_clf 0.215, Loss_kd 1.145, Loss_kernel 0.003, Train_accy 93.57
2025-06-29 01:24:41,204 [icarl.py] => Task 2, Epoch 114/200 => Loss 1.351, Loss_clf 0.213, Loss_kd 1.135, Loss_kernel 0.003, Train_accy 93.61
2025-06-29 01:24:52,359 [icarl.py] => Task 2, Epoch 115/200 => Loss 1.352, Loss_clf 0.214, Loss_kd 1.135, Loss_kernel 0.003, Train_accy 94.01
2025-06-29 01:25:10,949 [icarl.py] => Task 2, Epoch 116/200 => Loss 1.413, Loss_clf 0.262, Loss_kd 1.148, Loss_kernel 0.003, Train_accy 92.24, Test_accy {'Art': 46.79, 'Clipart': 62.14, 'Real World': 46.95, 'Product': 79.3}
2025-06-29 01:25:22,599 [icarl.py] => Task 2, Epoch 117/200 => Loss 1.420, Loss_clf 0.271, Loss_kd 1.146, Loss_kernel 0.003, Train_accy 91.89
2025-06-29 01:25:32,487 [icarl.py] => Task 2, Epoch 118/200 => Loss 1.355, Loss_clf 0.220, Loss_kd 1.133, Loss_kernel 0.003, Train_accy 93.57
2025-06-29 01:25:43,856 [icarl.py] => Task 2, Epoch 119/200 => Loss 1.402, Loss_clf 0.257, Loss_kd 1.142, Loss_kernel 0.003, Train_accy 92.15
2025-06-29 01:25:57,352 [icarl.py] => Task 2, Epoch 120/200 => Loss 1.372, Loss_clf 0.224, Loss_kd 1.145, Loss_kernel 0.003, Train_accy 93.40
2025-06-29 01:26:16,437 [icarl.py] => Task 2, Epoch 121/200 => Loss 1.291, Loss_clf 0.182, Loss_kd 1.106, Loss_kernel 0.003, Train_accy 94.70, Test_accy {'Art': 44.95, 'Clipart': 65.05, 'Real World': 47.89, 'Product': 79.3}
2025-06-29 01:26:27,826 [icarl.py] => Task 2, Epoch 122/200 => Loss 1.310, Loss_clf 0.193, Loss_kd 1.115, Loss_kernel 0.003, Train_accy 95.20
2025-06-29 01:26:40,535 [icarl.py] => Task 2, Epoch 123/200 => Loss 1.327, Loss_clf 0.189, Loss_kd 1.135, Loss_kernel 0.003, Train_accy 94.61
2025-06-29 01:26:50,097 [icarl.py] => Task 2, Epoch 124/200 => Loss 1.305, Loss_clf 0.187, Loss_kd 1.115, Loss_kernel 0.003, Train_accy 94.64
2025-06-29 01:27:03,560 [icarl.py] => Task 2, Epoch 125/200 => Loss 1.385, Loss_clf 0.239, Loss_kd 1.144, Loss_kernel 0.003, Train_accy 92.26
2025-06-29 01:27:20,094 [icarl.py] => Task 2, Epoch 126/200 => Loss 1.300, Loss_clf 0.179, Loss_kd 1.119, Loss_kernel 0.003, Train_accy 94.44, Test_accy {'Art': 43.12, 'Clipart': 64.56, 'Real World': 53.52, 'Product': 86.34}
2025-06-29 01:27:31,233 [icarl.py] => Task 2, Epoch 127/200 => Loss 1.344, Loss_clf 0.217, Loss_kd 1.124, Loss_kernel 0.003, Train_accy 93.31
2025-06-29 01:27:43,879 [icarl.py] => Task 2, Epoch 128/200 => Loss 1.304, Loss_clf 0.180, Loss_kd 1.121, Loss_kernel 0.003, Train_accy 94.56
2025-06-29 01:27:54,931 [icarl.py] => Task 2, Epoch 129/200 => Loss 1.308, Loss_clf 0.187, Loss_kd 1.118, Loss_kernel 0.003, Train_accy 94.41
2025-06-29 01:28:07,033 [icarl.py] => Task 2, Epoch 130/200 => Loss 1.326, Loss_clf 0.200, Loss_kd 1.123, Loss_kernel 0.003, Train_accy 93.87
2025-06-29 01:28:26,281 [icarl.py] => Task 2, Epoch 131/200 => Loss 1.317, Loss_clf 0.198, Loss_kd 1.116, Loss_kernel 0.003, Train_accy 94.39, Test_accy {'Art': 41.28, 'Clipart': 66.5, 'Real World': 51.64, 'Product': 84.58}
2025-06-29 01:28:39,202 [icarl.py] => Task 2, Epoch 132/200 => Loss 1.296, Loss_clf 0.180, Loss_kd 1.113, Loss_kernel 0.003, Train_accy 94.55
2025-06-29 01:28:49,964 [icarl.py] => Task 2, Epoch 133/200 => Loss 1.305, Loss_clf 0.180, Loss_kd 1.123, Loss_kernel 0.003, Train_accy 94.82
2025-06-29 01:29:02,366 [icarl.py] => Task 2, Epoch 134/200 => Loss 1.281, Loss_clf 0.166, Loss_kd 1.112, Loss_kernel 0.003, Train_accy 95.29
2025-06-29 01:29:12,313 [icarl.py] => Task 2, Epoch 135/200 => Loss 1.242, Loss_clf 0.144, Loss_kd 1.095, Loss_kernel 0.003, Train_accy 95.46
2025-06-29 01:29:28,971 [icarl.py] => Task 2, Epoch 136/200 => Loss 1.249, Loss_clf 0.143, Loss_kd 1.104, Loss_kernel 0.003, Train_accy 96.18, Test_accy {'Art': 48.62, 'Clipart': 66.02, 'Real World': 49.3, 'Product': 81.5}
2025-06-29 01:29:40,080 [icarl.py] => Task 2, Epoch 137/200 => Loss 1.289, Loss_clf 0.172, Loss_kd 1.114, Loss_kernel 0.003, Train_accy 94.51
2025-06-29 01:29:50,919 [icarl.py] => Task 2, Epoch 138/200 => Loss 1.260, Loss_clf 0.161, Loss_kd 1.096, Loss_kernel 0.003, Train_accy 95.37
2025-06-29 01:30:01,783 [icarl.py] => Task 2, Epoch 139/200 => Loss 1.283, Loss_clf 0.170, Loss_kd 1.110, Loss_kernel 0.003, Train_accy 94.87
2025-06-29 01:30:13,536 [icarl.py] => Task 2, Epoch 140/200 => Loss 1.298, Loss_clf 0.175, Loss_kd 1.120, Loss_kernel 0.003, Train_accy 94.94
2025-06-29 01:30:30,450 [icarl.py] => Task 2, Epoch 141/200 => Loss 1.251, Loss_clf 0.160, Loss_kd 1.088, Loss_kernel 0.003, Train_accy 95.42, Test_accy {'Art': 42.2, 'Clipart': 68.45, 'Real World': 49.3, 'Product': 82.82}
2025-06-29 01:30:41,159 [icarl.py] => Task 2, Epoch 142/200 => Loss 1.263, Loss_clf 0.152, Loss_kd 1.108, Loss_kernel 0.003, Train_accy 95.62
2025-06-29 01:30:51,872 [icarl.py] => Task 2, Epoch 143/200 => Loss 1.268, Loss_clf 0.149, Loss_kd 1.116, Loss_kernel 0.003, Train_accy 95.93
2025-06-29 01:31:02,956 [icarl.py] => Task 2, Epoch 144/200 => Loss 1.248, Loss_clf 0.135, Loss_kd 1.110, Loss_kernel 0.003, Train_accy 96.54
2025-06-29 01:31:13,369 [icarl.py] => Task 2, Epoch 145/200 => Loss 1.235, Loss_clf 0.145, Loss_kd 1.087, Loss_kernel 0.003, Train_accy 95.93
2025-06-29 01:31:28,512 [icarl.py] => Task 2, Epoch 146/200 => Loss 1.185, Loss_clf 0.105, Loss_kd 1.077, Loss_kernel 0.003, Train_accy 97.49, Test_accy {'Art': 44.04, 'Clipart': 66.02, 'Real World': 47.42, 'Product': 83.7}
2025-06-29 01:31:38,562 [icarl.py] => Task 2, Epoch 147/200 => Loss 1.225, Loss_clf 0.127, Loss_kd 1.095, Loss_kernel 0.003, Train_accy 96.79
2025-06-29 01:31:50,287 [icarl.py] => Task 2, Epoch 148/200 => Loss 1.222, Loss_clf 0.126, Loss_kd 1.093, Loss_kernel 0.003, Train_accy 96.30
2025-06-29 01:32:00,318 [icarl.py] => Task 2, Epoch 149/200 => Loss 1.210, Loss_clf 0.123, Loss_kd 1.084, Loss_kernel 0.003, Train_accy 96.84
2025-06-29 01:32:10,765 [icarl.py] => Task 2, Epoch 150/200 => Loss 1.238, Loss_clf 0.145, Loss_kd 1.090, Loss_kernel 0.003, Train_accy 96.00
2025-06-29 01:32:26,921 [icarl.py] => Task 2, Epoch 151/200 => Loss 1.218, Loss_clf 0.126, Loss_kd 1.089, Loss_kernel 0.003, Train_accy 96.68, Test_accy {'Art': 44.04, 'Clipart': 66.99, 'Real World': 48.36, 'Product': 82.82}
2025-06-29 01:32:37,041 [icarl.py] => Task 2, Epoch 152/200 => Loss 1.216, Loss_clf 0.127, Loss_kd 1.087, Loss_kernel 0.003, Train_accy 96.48
2025-06-29 01:32:47,495 [icarl.py] => Task 2, Epoch 153/200 => Loss 1.251, Loss_clf 0.146, Loss_kd 1.103, Loss_kernel 0.003, Train_accy 95.57
2025-06-29 01:32:57,262 [icarl.py] => Task 2, Epoch 154/200 => Loss 1.198, Loss_clf 0.125, Loss_kd 1.070, Loss_kernel 0.002, Train_accy 96.89
2025-06-29 01:33:07,965 [icarl.py] => Task 2, Epoch 155/200 => Loss 1.209, Loss_clf 0.125, Loss_kd 1.082, Loss_kernel 0.002, Train_accy 96.29
2025-06-29 01:33:26,140 [icarl.py] => Task 2, Epoch 156/200 => Loss 1.253, Loss_clf 0.150, Loss_kd 1.101, Loss_kernel 0.002, Train_accy 95.49, Test_accy {'Art': 46.79, 'Clipart': 64.56, 'Real World': 48.36, 'Product': 85.46}
2025-06-29 01:33:38,342 [icarl.py] => Task 2, Epoch 157/200 => Loss 1.251, Loss_clf 0.135, Loss_kd 1.114, Loss_kernel 0.002, Train_accy 96.30
2025-06-29 01:33:48,710 [icarl.py] => Task 2, Epoch 158/200 => Loss 1.238, Loss_clf 0.131, Loss_kd 1.104, Loss_kernel 0.003, Train_accy 96.03
2025-06-29 01:33:59,778 [icarl.py] => Task 2, Epoch 159/200 => Loss 1.221, Loss_clf 0.123, Loss_kd 1.096, Loss_kernel 0.002, Train_accy 96.75
2025-06-29 01:34:10,163 [icarl.py] => Task 2, Epoch 160/200 => Loss 1.182, Loss_clf 0.111, Loss_kd 1.069, Loss_kernel 0.002, Train_accy 96.89
2025-06-29 01:34:28,864 [icarl.py] => Task 2, Epoch 161/200 => Loss 1.197, Loss_clf 0.113, Loss_kd 1.082, Loss_kernel 0.002, Train_accy 96.87, Test_accy {'Art': 47.71, 'Clipart': 67.48, 'Real World': 50.7, 'Product': 84.58}
2025-06-29 01:34:40,693 [icarl.py] => Task 2, Epoch 162/200 => Loss 1.200, Loss_clf 0.110, Loss_kd 1.088, Loss_kernel 0.002, Train_accy 97.31
2025-06-29 01:34:51,037 [icarl.py] => Task 2, Epoch 163/200 => Loss 1.210, Loss_clf 0.128, Loss_kd 1.079, Loss_kernel 0.002, Train_accy 96.64
2025-06-29 01:34:59,655 [icarl.py] => Task 2, Epoch 164/200 => Loss 1.218, Loss_clf 0.124, Loss_kd 1.091, Loss_kernel 0.002, Train_accy 96.72
2025-06-29 01:35:08,964 [icarl.py] => Task 2, Epoch 165/200 => Loss 1.202, Loss_clf 0.109, Loss_kd 1.090, Loss_kernel 0.002, Train_accy 97.29
2025-06-29 01:35:25,204 [icarl.py] => Task 2, Epoch 166/200 => Loss 1.201, Loss_clf 0.127, Loss_kd 1.071, Loss_kernel 0.002, Train_accy 96.37, Test_accy {'Art': 46.79, 'Clipart': 69.42, 'Real World': 48.83, 'Product': 83.26}
2025-06-29 01:35:34,893 [icarl.py] => Task 2, Epoch 167/200 => Loss 1.165, Loss_clf 0.097, Loss_kd 1.066, Loss_kernel 0.002, Train_accy 97.75
2025-06-29 01:35:45,250 [icarl.py] => Task 2, Epoch 168/200 => Loss 1.178, Loss_clf 0.102, Loss_kd 1.073, Loss_kernel 0.002, Train_accy 97.45
2025-06-29 01:35:55,165 [icarl.py] => Task 2, Epoch 169/200 => Loss 1.188, Loss_clf 0.109, Loss_kd 1.077, Loss_kernel 0.002, Train_accy 96.78
2025-06-29 01:36:05,730 [icarl.py] => Task 2, Epoch 170/200 => Loss 1.201, Loss_clf 0.124, Loss_kd 1.074, Loss_kernel 0.002, Train_accy 96.48
2025-06-29 01:36:22,142 [icarl.py] => Task 2, Epoch 171/200 => Loss 1.181, Loss_clf 0.101, Loss_kd 1.078, Loss_kernel 0.003, Train_accy 97.39, Test_accy {'Art': 45.87, 'Clipart': 66.5, 'Real World': 46.95, 'Product': 85.02}
2025-06-29 01:36:31,465 [icarl.py] => Task 2, Epoch 172/200 => Loss 1.186, Loss_clf 0.115, Loss_kd 1.069, Loss_kernel 0.002, Train_accy 96.83
2025-06-29 01:36:40,800 [icarl.py] => Task 2, Epoch 173/200 => Loss 1.179, Loss_clf 0.092, Loss_kd 1.084, Loss_kernel 0.002, Train_accy 97.90
2025-06-29 01:36:51,779 [icarl.py] => Task 2, Epoch 174/200 => Loss 1.171, Loss_clf 0.096, Loss_kd 1.073, Loss_kernel 0.002, Train_accy 97.41
2025-06-29 01:37:02,394 [icarl.py] => Task 2, Epoch 175/200 => Loss 1.182, Loss_clf 0.108, Loss_kd 1.072, Loss_kernel 0.003, Train_accy 97.15
2025-06-29 01:37:17,219 [icarl.py] => Task 2, Epoch 176/200 => Loss 1.171, Loss_clf 0.106, Loss_kd 1.062, Loss_kernel 0.002, Train_accy 97.38, Test_accy {'Art': 50.46, 'Clipart': 68.45, 'Real World': 48.83, 'Product': 84.14}
2025-06-29 01:37:27,184 [icarl.py] => Task 2, Epoch 177/200 => Loss 1.177, Loss_clf 0.100, Loss_kd 1.075, Loss_kernel 0.002, Train_accy 97.45
2025-06-29 01:37:36,583 [icarl.py] => Task 2, Epoch 178/200 => Loss 1.198, Loss_clf 0.104, Loss_kd 1.092, Loss_kernel 0.002, Train_accy 97.39
2025-06-29 01:37:44,836 [icarl.py] => Task 2, Epoch 179/200 => Loss 1.151, Loss_clf 0.094, Loss_kd 1.055, Loss_kernel 0.002, Train_accy 97.84
2025-06-29 01:37:53,733 [icarl.py] => Task 2, Epoch 180/200 => Loss 1.181, Loss_clf 0.091, Loss_kd 1.087, Loss_kernel 0.002, Train_accy 97.80
2025-06-29 01:38:08,336 [icarl.py] => Task 2, Epoch 181/200 => Loss 1.185, Loss_clf 0.101, Loss_kd 1.081, Loss_kernel 0.002, Train_accy 97.33, Test_accy {'Art': 47.71, 'Clipart': 66.02, 'Real World': 46.95, 'Product': 84.58}
2025-06-29 01:38:17,168 [icarl.py] => Task 2, Epoch 182/200 => Loss 1.174, Loss_clf 0.105, Loss_kd 1.067, Loss_kernel 0.002, Train_accy 97.03
2025-06-29 01:38:26,476 [icarl.py] => Task 2, Epoch 183/200 => Loss 1.174, Loss_clf 0.096, Loss_kd 1.075, Loss_kernel 0.002, Train_accy 97.75
2025-06-29 01:38:37,140 [icarl.py] => Task 2, Epoch 184/200 => Loss 1.181, Loss_clf 0.106, Loss_kd 1.072, Loss_kernel 0.002, Train_accy 97.25
2025-06-29 01:38:46,433 [icarl.py] => Task 2, Epoch 185/200 => Loss 1.181, Loss_clf 0.098, Loss_kd 1.081, Loss_kernel 0.002, Train_accy 97.44
2025-06-29 01:39:01,233 [icarl.py] => Task 2, Epoch 186/200 => Loss 1.172, Loss_clf 0.097, Loss_kd 1.073, Loss_kernel 0.002, Train_accy 97.33, Test_accy {'Art': 45.87, 'Clipart': 66.99, 'Real World': 46.95, 'Product': 83.7}
2025-06-29 01:39:10,704 [icarl.py] => Task 2, Epoch 187/200 => Loss 1.177, Loss_clf 0.097, Loss_kd 1.077, Loss_kernel 0.002, Train_accy 97.81
2025-06-29 01:39:18,499 [icarl.py] => Task 2, Epoch 188/200 => Loss 1.174, Loss_clf 0.093, Loss_kd 1.079, Loss_kernel 0.002, Train_accy 97.69
2025-06-29 01:39:27,513 [icarl.py] => Task 2, Epoch 189/200 => Loss 1.194, Loss_clf 0.103, Loss_kd 1.089, Loss_kernel 0.002, Train_accy 97.24
2025-06-29 01:39:36,446 [icarl.py] => Task 2, Epoch 190/200 => Loss 1.179, Loss_clf 0.096, Loss_kd 1.081, Loss_kernel 0.002, Train_accy 97.34
2025-06-29 01:39:51,405 [icarl.py] => Task 2, Epoch 191/200 => Loss 1.192, Loss_clf 0.106, Loss_kd 1.084, Loss_kernel 0.002, Train_accy 97.64, Test_accy {'Art': 47.71, 'Clipart': 66.99, 'Real World': 47.42, 'Product': 84.14}
2025-06-29 01:40:00,016 [icarl.py] => Task 2, Epoch 192/200 => Loss 1.186, Loss_clf 0.102, Loss_kd 1.082, Loss_kernel 0.002, Train_accy 97.34
2025-06-29 01:40:09,176 [icarl.py] => Task 2, Epoch 193/200 => Loss 1.167, Loss_clf 0.094, Loss_kd 1.070, Loss_kernel 0.002, Train_accy 97.59
2025-06-29 01:40:17,095 [icarl.py] => Task 2, Epoch 194/200 => Loss 1.167, Loss_clf 0.089, Loss_kd 1.075, Loss_kernel 0.002, Train_accy 97.79
2025-06-29 01:40:24,881 [icarl.py] => Task 2, Epoch 195/200 => Loss 1.146, Loss_clf 0.079, Loss_kd 1.064, Loss_kernel 0.002, Train_accy 98.00
2025-06-29 01:40:40,576 [icarl.py] => Task 2, Epoch 196/200 => Loss 1.142, Loss_clf 0.076, Loss_kd 1.064, Loss_kernel 0.002, Train_accy 98.21, Test_accy {'Art': 46.79, 'Clipart': 67.96, 'Real World': 48.36, 'Product': 84.14}
2025-06-29 01:40:49,496 [icarl.py] => Task 2, Epoch 197/200 => Loss 1.168, Loss_clf 0.094, Loss_kd 1.072, Loss_kernel 0.002, Train_accy 97.75
2025-06-29 01:40:59,060 [icarl.py] => Task 2, Epoch 198/200 => Loss 1.180, Loss_clf 0.114, Loss_kd 1.064, Loss_kernel 0.002, Train_accy 97.09
2025-06-29 01:41:07,669 [icarl.py] => Task 2, Epoch 199/200 => Loss 1.146, Loss_clf 0.082, Loss_kd 1.062, Loss_kernel 0.002, Train_accy 98.15
2025-06-29 01:41:15,499 [icarl.py] => Task 2, Epoch 200/200 => Loss 1.172, Loss_clf 0.089, Loss_kd 1.081, Loss_kernel 0.002, Train_accy 97.48
2025-06-29 01:41:15,501 [base.py] => Reducing exemplars...(86 per classes)
2025-06-29 01:41:23,397 [base.py] => Constructing exemplars...(86 per classes)
2025-06-29 01:41:45,887 [icarl.py] => Exemplar size: 1290
2025-06-29 01:41:47,035 [trainer.py] => CNN [Art]: {'total': 49.54, '00-04': 78.95, '05-09': 47.06, '10-14': 21.62, 'old': 63.89, 'new': 21.62}
2025-06-29 01:41:47,036 [trainer.py] => NME [Art]: {'total': 49.54, '00-04': 60.53, '05-09': 58.82, '10-14': 29.73, 'old': 59.72, 'new': 29.73}
2025-06-29 01:41:47,036 [trainer.py] => CNN [Art] top1 curve: [60.53, 51.39, 49.54]
2025-06-29 01:41:47,036 [trainer.py] => CNN [Art] top5 curve: [92.11, 87.5, 70.64]
2025-06-29 01:41:47,036 [trainer.py] => NME [Art] top1 curve: [65.79, 56.94, 49.54]
2025-06-29 01:41:47,036 [trainer.py] => NME [Art] top5 curve: [100.0, 88.89, 79.82]
2025-06-29 01:41:47,036 [trainer.py] => Average Accuracy [Art] (CNN): 53.82
2025-06-29 01:41:47,036 [trainer.py] => Average Accuracy [Art] (NME): 57.42333333333334
2025-06-29 01:41:47,036 [trainer.py] => CNN [Clipart]: {'total': 65.05, '00-04': 73.08, '05-09': 59.68, '10-14': 60.61, 'old': 67.14, 'new': 60.61}
2025-06-29 01:41:47,036 [trainer.py] => NME [Clipart]: {'total': 70.39, '00-04': 66.67, '05-09': 74.19, '10-14': 71.21, 'old': 70.0, 'new': 71.21}
2025-06-29 01:41:47,036 [trainer.py] => CNN [Clipart] top1 curve: [70.51, 69.29, 65.05]
2025-06-29 01:41:47,036 [trainer.py] => CNN [Clipart] top5 curve: [97.44, 91.43, 90.29]
2025-06-29 01:41:47,036 [trainer.py] => NME [Clipart] top1 curve: [74.36, 70.71, 70.39]
2025-06-29 01:41:47,037 [trainer.py] => NME [Clipart] top5 curve: [100.0, 92.86, 89.32]
2025-06-29 01:41:47,037 [trainer.py] => Average Accuracy [Clipart] (CNN): 68.28333333333335
2025-06-29 01:41:47,037 [trainer.py] => Average Accuracy [Clipart] (NME): 71.82
2025-06-29 01:41:47,037 [trainer.py] => CNN [Product]: {'total': 84.14, '00-04': 95.29, '05-09': 81.25, '10-14': 72.58, 'old': 88.48, 'new': 72.58}
2025-06-29 01:41:47,037 [trainer.py] => NME [Product]: {'total': 89.43, '00-04': 96.47, '05-09': 87.5, '10-14': 82.26, 'old': 92.12, 'new': 82.26}
2025-06-29 01:41:47,037 [trainer.py] => CNN [Product] top1 curve: [92.94, 85.45, 84.14]
2025-06-29 01:41:47,037 [trainer.py] => CNN [Product] top5 curve: [100.0, 98.79, 96.48]
2025-06-29 01:41:47,037 [trainer.py] => NME [Product] top1 curve: [94.12, 88.48, 89.43]
2025-06-29 01:41:47,037 [trainer.py] => NME [Product] top5 curve: [100.0, 99.39, 99.12]
2025-06-29 01:41:47,037 [trainer.py] => Average Accuracy [Product] (CNN): 87.50999999999999
2025-06-29 01:41:47,037 [trainer.py] => Average Accuracy [Product] (NME): 90.67666666666668
2025-06-29 01:41:47,037 [trainer.py] => CNN [Real World]: {'total': 48.83, '00-04': 67.12, '05-09': 55.88, '10-14': 23.61, 'old': 61.7, 'new': 23.61}
2025-06-29 01:41:47,037 [trainer.py] => NME [Real World]: {'total': 48.83, '00-04': 52.05, '05-09': 61.76, '10-14': 33.33, 'old': 56.74, 'new': 33.33}
2025-06-29 01:41:47,037 [trainer.py] => CNN [Real World] top1 curve: [69.86, 58.16, 48.83]
2025-06-29 01:41:47,037 [trainer.py] => CNN [Real World] top5 curve: [95.89, 89.36, 77.0]
2025-06-29 01:41:47,037 [trainer.py] => NME [Real World] top1 curve: [73.97, 63.12, 48.83]
2025-06-29 01:41:47,037 [trainer.py] => NME [Real World] top5 curve: [100.0, 94.33, 85.92]
2025-06-29 01:41:47,038 [trainer.py] => Average Accuracy [Real World] (CNN): 58.949999999999996
2025-06-29 01:41:47,038 [trainer.py] => Average Accuracy [Real World] (NME): 61.97333333333333
2025-06-29 01:41:47,038 [trainer.py] => NME Harmonic Mean : 57.4571
2025-06-29 01:41:47,038 [trainer.py] => NME Macro Mean : 64.5475
2025-06-29 01:41:47,038 [trainer.py] => CNN Harmonic Mean : 56.2191
2025-06-29 01:41:47,038 [trainer.py] => CNN Macro Mean : 61.8900
2025-06-29 01:41:47,038 [trainer.py] => All params: 21297497
2025-06-29 01:41:47,039 [trainer.py] => Trainable params: 21297497
2025-06-29 01:41:47,040 [icarl.py] => Learning on 15-20
2025-06-29 01:42:07,123 [icarl.py] => Task 3, Epoch 1/200 => Loss 4.113, Loss_clf 2.246, Loss_kd 1.863, Loss_kernel 0.003, Train_accy 42.36, Test_accy {'Art': 12.5, 'Clipart': 15.83, 'Real World': 16.07, 'Product': 17.43}
2025-06-29 01:42:20,866 [icarl.py] => Task 3, Epoch 2/200 => Loss 4.514, Loss_clf 2.326, Loss_kd 2.181, Loss_kernel 0.006, Train_accy 32.15
2025-06-29 01:42:34,239 [icarl.py] => Task 3, Epoch 3/200 => Loss 3.980, Loss_clf 1.969, Loss_kd 2.007, Loss_kernel 0.005, Train_accy 41.82
2025-06-29 01:42:46,790 [icarl.py] => Task 3, Epoch 4/200 => Loss 3.687, Loss_clf 1.777, Loss_kd 1.905, Loss_kernel 0.004, Train_accy 45.29
2025-06-29 01:43:00,123 [icarl.py] => Task 3, Epoch 5/200 => Loss 3.562, Loss_clf 1.697, Loss_kd 1.861, Loss_kernel 0.004, Train_accy 48.25
2025-06-29 01:43:21,878 [icarl.py] => Task 3, Epoch 6/200 => Loss 3.376, Loss_clf 1.572, Loss_kd 1.800, Loss_kernel 0.004, Train_accy 52.80, Test_accy {'Art': 33.09, 'Clipart': 40.15, 'Real World': 32.14, 'Product': 52.3}
2025-06-29 01:43:35,009 [icarl.py] => Task 3, Epoch 7/200 => Loss 3.195, Loss_clf 1.430, Loss_kd 1.761, Loss_kernel 0.004, Train_accy 54.90
2025-06-29 01:43:48,440 [icarl.py] => Task 3, Epoch 8/200 => Loss 3.210, Loss_clf 1.454, Loss_kd 1.753, Loss_kernel 0.003, Train_accy 55.13
2025-06-29 01:44:01,176 [icarl.py] => Task 3, Epoch 9/200 => Loss 3.157, Loss_clf 1.399, Loss_kd 1.754, Loss_kernel 0.004, Train_accy 57.12
2025-06-29 01:44:15,023 [icarl.py] => Task 3, Epoch 10/200 => Loss 3.087, Loss_clf 1.367, Loss_kd 1.717, Loss_kernel 0.004, Train_accy 57.30
2025-06-29 01:44:36,844 [icarl.py] => Task 3, Epoch 11/200 => Loss 3.012, Loss_clf 1.303, Loss_kd 1.705, Loss_kernel 0.004, Train_accy 59.92, Test_accy {'Art': 25.74, 'Clipart': 52.12, 'Real World': 38.93, 'Product': 64.14}
2025-06-29 01:44:50,457 [icarl.py] => Task 3, Epoch 12/200 => Loss 2.915, Loss_clf 1.233, Loss_kd 1.679, Loss_kernel 0.003, Train_accy 61.94
2025-06-29 01:45:03,144 [icarl.py] => Task 3, Epoch 13/200 => Loss 2.830, Loss_clf 1.176, Loss_kd 1.650, Loss_kernel 0.003, Train_accy 64.35
2025-06-29 01:45:16,964 [icarl.py] => Task 3, Epoch 14/200 => Loss 2.770, Loss_clf 1.132, Loss_kd 1.635, Loss_kernel 0.003, Train_accy 65.73
2025-06-29 01:45:31,335 [icarl.py] => Task 3, Epoch 15/200 => Loss 2.847, Loss_clf 1.177, Loss_kd 1.667, Loss_kernel 0.003, Train_accy 62.98
2025-06-29 01:45:51,917 [icarl.py] => Task 3, Epoch 16/200 => Loss 2.669, Loss_clf 1.049, Loss_kd 1.617, Loss_kernel 0.003, Train_accy 67.35, Test_accy {'Art': 38.24, 'Clipart': 49.42, 'Real World': 39.29, 'Product': 61.84}
2025-06-29 01:46:07,627 [icarl.py] => Task 3, Epoch 17/200 => Loss 2.661, Loss_clf 1.044, Loss_kd 1.613, Loss_kernel 0.003, Train_accy 67.27
2025-06-29 01:46:20,828 [icarl.py] => Task 3, Epoch 18/200 => Loss 2.559, Loss_clf 0.965, Loss_kd 1.591, Loss_kernel 0.003, Train_accy 69.07
2025-06-29 01:46:34,232 [icarl.py] => Task 3, Epoch 19/200 => Loss 2.566, Loss_clf 0.961, Loss_kd 1.601, Loss_kernel 0.003, Train_accy 70.61
2025-06-29 01:46:47,882 [icarl.py] => Task 3, Epoch 20/200 => Loss 2.535, Loss_clf 0.954, Loss_kd 1.577, Loss_kernel 0.003, Train_accy 71.01
2025-06-29 01:47:09,230 [icarl.py] => Task 3, Epoch 21/200 => Loss 2.537, Loss_clf 0.958, Loss_kd 1.576, Loss_kernel 0.003, Train_accy 70.90, Test_accy {'Art': 30.15, 'Clipart': 53.28, 'Real World': 35.36, 'Product': 69.08}
2025-06-29 01:47:23,477 [icarl.py] => Task 3, Epoch 22/200 => Loss 2.449, Loss_clf 0.872, Loss_kd 1.574, Loss_kernel 0.003, Train_accy 71.90
2025-06-29 01:47:35,698 [icarl.py] => Task 3, Epoch 23/200 => Loss 2.381, Loss_clf 0.838, Loss_kd 1.540, Loss_kernel 0.003, Train_accy 74.00
2025-06-29 01:47:51,160 [icarl.py] => Task 3, Epoch 24/200 => Loss 2.397, Loss_clf 0.830, Loss_kd 1.564, Loss_kernel 0.003, Train_accy 74.33
2025-06-29 01:48:04,792 [icarl.py] => Task 3, Epoch 25/200 => Loss 2.373, Loss_clf 0.826, Loss_kd 1.544, Loss_kernel 0.003, Train_accy 74.11
2025-06-29 01:48:25,877 [icarl.py] => Task 3, Epoch 26/200 => Loss 2.428, Loss_clf 0.862, Loss_kd 1.563, Loss_kernel 0.003, Train_accy 74.49, Test_accy {'Art': 28.68, 'Clipart': 57.14, 'Real World': 36.43, 'Product': 65.13}
2025-06-29 01:48:39,598 [icarl.py] => Task 3, Epoch 27/200 => Loss 2.353, Loss_clf 0.805, Loss_kd 1.545, Loss_kernel 0.003, Train_accy 74.15
2025-06-29 01:48:55,527 [icarl.py] => Task 3, Epoch 28/200 => Loss 2.278, Loss_clf 0.744, Loss_kd 1.531, Loss_kernel 0.003, Train_accy 77.47
2025-06-29 01:49:10,106 [icarl.py] => Task 3, Epoch 29/200 => Loss 2.311, Loss_clf 0.770, Loss_kd 1.538, Loss_kernel 0.003, Train_accy 76.24
2025-06-29 01:49:24,645 [icarl.py] => Task 3, Epoch 30/200 => Loss 2.289, Loss_clf 0.768, Loss_kd 1.518, Loss_kernel 0.003, Train_accy 76.55
2025-06-29 01:49:46,997 [icarl.py] => Task 3, Epoch 31/200 => Loss 2.249, Loss_clf 0.726, Loss_kd 1.520, Loss_kernel 0.003, Train_accy 77.16, Test_accy {'Art': 36.03, 'Clipart': 59.07, 'Real World': 40.0, 'Product': 71.05}
2025-06-29 01:50:02,034 [icarl.py] => Task 3, Epoch 32/200 => Loss 2.275, Loss_clf 0.741, Loss_kd 1.530, Loss_kernel 0.003, Train_accy 75.80
2025-06-29 01:50:14,954 [icarl.py] => Task 3, Epoch 33/200 => Loss 2.222, Loss_clf 0.716, Loss_kd 1.503, Loss_kernel 0.003, Train_accy 77.87
2025-06-29 01:50:28,656 [icarl.py] => Task 3, Epoch 34/200 => Loss 2.125, Loss_clf 0.640, Loss_kd 1.482, Loss_kernel 0.003, Train_accy 80.47
2025-06-29 01:50:40,912 [icarl.py] => Task 3, Epoch 35/200 => Loss 2.187, Loss_clf 0.675, Loss_kd 1.509, Loss_kernel 0.003, Train_accy 79.31
2025-06-29 01:51:02,671 [icarl.py] => Task 3, Epoch 36/200 => Loss 2.244, Loss_clf 0.716, Loss_kd 1.524, Loss_kernel 0.003, Train_accy 78.39, Test_accy {'Art': 36.03, 'Clipart': 62.16, 'Real World': 37.5, 'Product': 72.37}
2025-06-29 01:51:15,613 [icarl.py] => Task 3, Epoch 37/200 => Loss 2.187, Loss_clf 0.673, Loss_kd 1.511, Loss_kernel 0.003, Train_accy 80.36
2025-06-29 01:51:30,313 [icarl.py] => Task 3, Epoch 38/200 => Loss 2.210, Loss_clf 0.688, Loss_kd 1.518, Loss_kernel 0.003, Train_accy 79.06
2025-06-29 01:51:42,883 [icarl.py] => Task 3, Epoch 39/200 => Loss 2.163, Loss_clf 0.655, Loss_kd 1.505, Loss_kernel 0.003, Train_accy 80.40
2025-06-29 01:51:56,631 [icarl.py] => Task 3, Epoch 40/200 => Loss 2.088, Loss_clf 0.602, Loss_kd 1.484, Loss_kernel 0.003, Train_accy 81.10
2025-06-29 01:52:17,019 [icarl.py] => Task 3, Epoch 41/200 => Loss 2.108, Loss_clf 0.618, Loss_kd 1.487, Loss_kernel 0.003, Train_accy 80.52, Test_accy {'Art': 33.82, 'Clipart': 58.3, 'Real World': 36.43, 'Product': 68.75}
2025-06-29 01:52:30,180 [icarl.py] => Task 3, Epoch 42/200 => Loss 2.121, Loss_clf 0.620, Loss_kd 1.497, Loss_kernel 0.003, Train_accy 80.94
2025-06-29 01:52:43,471 [icarl.py] => Task 3, Epoch 43/200 => Loss 2.052, Loss_clf 0.592, Loss_kd 1.458, Loss_kernel 0.003, Train_accy 81.16
2025-06-29 01:52:57,341 [icarl.py] => Task 3, Epoch 44/200 => Loss 2.084, Loss_clf 0.606, Loss_kd 1.475, Loss_kernel 0.003, Train_accy 81.74
2025-06-29 01:53:11,109 [icarl.py] => Task 3, Epoch 45/200 => Loss 2.146, Loss_clf 0.646, Loss_kd 1.496, Loss_kernel 0.003, Train_accy 80.17
2025-06-29 01:53:34,399 [icarl.py] => Task 3, Epoch 46/200 => Loss 2.021, Loss_clf 0.554, Loss_kd 1.464, Loss_kernel 0.003, Train_accy 83.20, Test_accy {'Art': 40.44, 'Clipart': 59.46, 'Real World': 40.36, 'Product': 70.07}
2025-06-29 01:53:45,845 [icarl.py] => Task 3, Epoch 47/200 => Loss 1.985, Loss_clf 0.528, Loss_kd 1.454, Loss_kernel 0.003, Train_accy 83.60
2025-06-29 01:53:58,660 [icarl.py] => Task 3, Epoch 48/200 => Loss 1.985, Loss_clf 0.522, Loss_kd 1.460, Loss_kernel 0.003, Train_accy 84.45
2025-06-29 01:54:12,953 [icarl.py] => Task 3, Epoch 49/200 => Loss 1.937, Loss_clf 0.493, Loss_kd 1.442, Loss_kernel 0.003, Train_accy 84.77
2025-06-29 01:54:26,850 [icarl.py] => Task 3, Epoch 50/200 => Loss 1.982, Loss_clf 0.527, Loss_kd 1.452, Loss_kernel 0.003, Train_accy 83.82
2025-06-29 01:54:47,571 [icarl.py] => Task 3, Epoch 51/200 => Loss 1.977, Loss_clf 0.517, Loss_kd 1.457, Loss_kernel 0.003, Train_accy 84.80, Test_accy {'Art': 39.71, 'Clipart': 57.53, 'Real World': 43.21, 'Product': 76.64}
2025-06-29 01:55:01,778 [icarl.py] => Task 3, Epoch 52/200 => Loss 1.958, Loss_clf 0.496, Loss_kd 1.460, Loss_kernel 0.003, Train_accy 84.88
2025-06-29 01:55:14,604 [icarl.py] => Task 3, Epoch 53/200 => Loss 1.957, Loss_clf 0.495, Loss_kd 1.459, Loss_kernel 0.003, Train_accy 84.62
2025-06-29 01:55:26,661 [icarl.py] => Task 3, Epoch 54/200 => Loss 1.884, Loss_clf 0.455, Loss_kd 1.426, Loss_kernel 0.003, Train_accy 85.38
2025-06-29 01:55:39,971 [icarl.py] => Task 3, Epoch 55/200 => Loss 1.876, Loss_clf 0.439, Loss_kd 1.435, Loss_kernel 0.003, Train_accy 86.57
2025-06-29 01:55:59,994 [icarl.py] => Task 3, Epoch 56/200 => Loss 1.915, Loss_clf 0.464, Loss_kd 1.448, Loss_kernel 0.003, Train_accy 85.67, Test_accy {'Art': 36.76, 'Clipart': 62.93, 'Real World': 38.93, 'Product': 74.01}
2025-06-29 01:56:12,552 [icarl.py] => Task 3, Epoch 57/200 => Loss 1.845, Loss_clf 0.408, Loss_kd 1.434, Loss_kernel 0.003, Train_accy 88.00
2025-06-29 01:56:25,571 [icarl.py] => Task 3, Epoch 58/200 => Loss 1.921, Loss_clf 0.477, Loss_kd 1.442, Loss_kernel 0.003, Train_accy 85.44
2025-06-29 01:56:38,358 [icarl.py] => Task 3, Epoch 59/200 => Loss 1.897, Loss_clf 0.463, Loss_kd 1.431, Loss_kernel 0.003, Train_accy 86.32
2025-06-29 01:56:51,491 [icarl.py] => Task 3, Epoch 60/200 => Loss 1.929, Loss_clf 0.490, Loss_kd 1.436, Loss_kernel 0.003, Train_accy 85.19
2025-06-29 01:57:10,632 [icarl.py] => Task 3, Epoch 61/200 => Loss 1.896, Loss_clf 0.458, Loss_kd 1.435, Loss_kernel 0.003, Train_accy 86.33, Test_accy {'Art': 40.44, 'Clipart': 60.23, 'Real World': 39.64, 'Product': 74.01}
2025-06-29 01:57:23,343 [icarl.py] => Task 3, Epoch 62/200 => Loss 1.872, Loss_clf 0.437, Loss_kd 1.432, Loss_kernel 0.003, Train_accy 86.60
2025-06-29 01:57:35,894 [icarl.py] => Task 3, Epoch 63/200 => Loss 1.874, Loss_clf 0.450, Loss_kd 1.422, Loss_kernel 0.003, Train_accy 86.77
2025-06-29 01:57:49,820 [icarl.py] => Task 3, Epoch 64/200 => Loss 1.866, Loss_clf 0.430, Loss_kd 1.434, Loss_kernel 0.003, Train_accy 86.83
2025-06-29 01:58:02,915 [icarl.py] => Task 3, Epoch 65/200 => Loss 1.839, Loss_clf 0.415, Loss_kd 1.422, Loss_kernel 0.003, Train_accy 87.54
2025-06-29 01:58:24,258 [icarl.py] => Task 3, Epoch 66/200 => Loss 1.842, Loss_clf 0.425, Loss_kd 1.414, Loss_kernel 0.003, Train_accy 86.85, Test_accy {'Art': 38.24, 'Clipart': 62.16, 'Real World': 39.64, 'Product': 72.04}
2025-06-29 01:58:37,401 [icarl.py] => Task 3, Epoch 67/200 => Loss 1.796, Loss_clf 0.394, Loss_kd 1.399, Loss_kernel 0.003, Train_accy 87.99
2025-06-29 01:58:50,789 [icarl.py] => Task 3, Epoch 68/200 => Loss 1.835, Loss_clf 0.404, Loss_kd 1.428, Loss_kernel 0.003, Train_accy 87.99
2025-06-29 01:59:03,424 [icarl.py] => Task 3, Epoch 69/200 => Loss 1.824, Loss_clf 0.411, Loss_kd 1.410, Loss_kernel 0.003, Train_accy 87.21
2025-06-29 01:59:14,587 [icarl.py] => Task 3, Epoch 70/200 => Loss 1.843, Loss_clf 0.428, Loss_kd 1.412, Loss_kernel 0.003, Train_accy 87.60
2025-06-29 01:59:33,996 [icarl.py] => Task 3, Epoch 71/200 => Loss 1.845, Loss_clf 0.432, Loss_kd 1.411, Loss_kernel 0.003, Train_accy 87.29, Test_accy {'Art': 39.71, 'Clipart': 59.85, 'Real World': 36.43, 'Product': 69.74}
2025-06-29 01:59:45,902 [icarl.py] => Task 3, Epoch 72/200 => Loss 1.791, Loss_clf 0.393, Loss_kd 1.396, Loss_kernel 0.003, Train_accy 87.90
2025-06-29 01:59:57,705 [icarl.py] => Task 3, Epoch 73/200 => Loss 1.833, Loss_clf 0.413, Loss_kd 1.418, Loss_kernel 0.002, Train_accy 87.73
2025-06-29 02:00:10,790 [icarl.py] => Task 3, Epoch 74/200 => Loss 1.801, Loss_clf 0.391, Loss_kd 1.408, Loss_kernel 0.002, Train_accy 88.58
2025-06-29 02:00:23,900 [icarl.py] => Task 3, Epoch 75/200 => Loss 1.806, Loss_clf 0.399, Loss_kd 1.405, Loss_kernel 0.003, Train_accy 87.65
2025-06-29 02:00:45,496 [icarl.py] => Task 3, Epoch 76/200 => Loss 1.769, Loss_clf 0.378, Loss_kd 1.389, Loss_kernel 0.002, Train_accy 88.51, Test_accy {'Art': 44.85, 'Clipart': 62.55, 'Real World': 38.93, 'Product': 75.0}
2025-06-29 02:00:59,828 [icarl.py] => Task 3, Epoch 77/200 => Loss 1.759, Loss_clf 0.361, Loss_kd 1.396, Loss_kernel 0.003, Train_accy 88.51
2025-06-29 02:01:12,580 [icarl.py] => Task 3, Epoch 78/200 => Loss 1.683, Loss_clf 0.312, Loss_kd 1.368, Loss_kernel 0.002, Train_accy 90.56
2025-06-29 02:01:25,660 [icarl.py] => Task 3, Epoch 79/200 => Loss 1.724, Loss_clf 0.340, Loss_kd 1.382, Loss_kernel 0.002, Train_accy 89.15
2025-06-29 02:01:39,158 [icarl.py] => Task 3, Epoch 80/200 => Loss 1.744, Loss_clf 0.351, Loss_kd 1.391, Loss_kernel 0.002, Train_accy 89.17
2025-06-29 02:01:58,456 [icarl.py] => Task 3, Epoch 81/200 => Loss 1.764, Loss_clf 0.372, Loss_kd 1.390, Loss_kernel 0.002, Train_accy 88.66, Test_accy {'Art': 44.12, 'Clipart': 66.41, 'Real World': 42.5, 'Product': 76.97}
2025-06-29 02:02:11,368 [icarl.py] => Task 3, Epoch 82/200 => Loss 1.741, Loss_clf 0.353, Loss_kd 1.385, Loss_kernel 0.002, Train_accy 89.92
2025-06-29 02:02:23,469 [icarl.py] => Task 3, Epoch 83/200 => Loss 1.737, Loss_clf 0.342, Loss_kd 1.392, Loss_kernel 0.002, Train_accy 89.95
2025-06-29 02:02:35,537 [icarl.py] => Task 3, Epoch 84/200 => Loss 1.702, Loss_clf 0.325, Loss_kd 1.375, Loss_kernel 0.002, Train_accy 90.34
2025-06-29 02:02:46,783 [icarl.py] => Task 3, Epoch 85/200 => Loss 1.745, Loss_clf 0.366, Loss_kd 1.377, Loss_kernel 0.002, Train_accy 88.66
2025-06-29 02:03:08,153 [icarl.py] => Task 3, Epoch 86/200 => Loss 1.743, Loss_clf 0.349, Loss_kd 1.392, Loss_kernel 0.002, Train_accy 89.89, Test_accy {'Art': 38.97, 'Clipart': 61.39, 'Real World': 40.71, 'Product': 75.33}
2025-06-29 02:03:22,713 [icarl.py] => Task 3, Epoch 87/200 => Loss 1.734, Loss_clf 0.345, Loss_kd 1.386, Loss_kernel 0.002, Train_accy 90.25
2025-06-29 02:03:35,492 [icarl.py] => Task 3, Epoch 88/200 => Loss 1.722, Loss_clf 0.349, Loss_kd 1.370, Loss_kernel 0.002, Train_accy 89.27
2025-06-29 02:03:47,522 [icarl.py] => Task 3, Epoch 89/200 => Loss 1.647, Loss_clf 0.295, Loss_kd 1.350, Loss_kernel 0.002, Train_accy 91.30
2025-06-29 02:03:59,221 [icarl.py] => Task 3, Epoch 90/200 => Loss 1.596, Loss_clf 0.254, Loss_kd 1.340, Loss_kernel 0.002, Train_accy 92.23
2025-06-29 02:04:18,710 [icarl.py] => Task 3, Epoch 91/200 => Loss 1.635, Loss_clf 0.276, Loss_kd 1.357, Loss_kernel 0.002, Train_accy 91.12, Test_accy {'Art': 33.09, 'Clipart': 62.16, 'Real World': 40.0, 'Product': 74.67}
2025-06-29 02:04:31,312 [icarl.py] => Task 3, Epoch 92/200 => Loss 1.660, Loss_clf 0.309, Loss_kd 1.349, Loss_kernel 0.002, Train_accy 90.67
2025-06-29 02:04:42,855 [icarl.py] => Task 3, Epoch 93/200 => Loss 1.610, Loss_clf 0.264, Loss_kd 1.344, Loss_kernel 0.002, Train_accy 92.49
2025-06-29 02:04:54,701 [icarl.py] => Task 3, Epoch 94/200 => Loss 1.594, Loss_clf 0.256, Loss_kd 1.336, Loss_kernel 0.002, Train_accy 92.15
2025-06-29 02:05:06,386 [icarl.py] => Task 3, Epoch 95/200 => Loss 1.617, Loss_clf 0.271, Loss_kd 1.345, Loss_kernel 0.002, Train_accy 91.88
2025-06-29 02:05:25,808 [icarl.py] => Task 3, Epoch 96/200 => Loss 1.583, Loss_clf 0.247, Loss_kd 1.334, Loss_kernel 0.002, Train_accy 92.82, Test_accy {'Art': 42.65, 'Clipart': 62.93, 'Real World': 40.71, 'Product': 74.67}
2025-06-29 02:05:38,335 [icarl.py] => Task 3, Epoch 97/200 => Loss 1.630, Loss_clf 0.267, Loss_kd 1.361, Loss_kernel 0.002, Train_accy 92.22
2025-06-29 02:05:51,774 [icarl.py] => Task 3, Epoch 98/200 => Loss 1.640, Loss_clf 0.284, Loss_kd 1.355, Loss_kernel 0.002, Train_accy 91.44
2025-06-29 02:06:02,111 [icarl.py] => Task 3, Epoch 99/200 => Loss 1.592, Loss_clf 0.247, Loss_kd 1.343, Loss_kernel 0.002, Train_accy 92.40
2025-06-29 02:06:13,420 [icarl.py] => Task 3, Epoch 100/200 => Loss 1.622, Loss_clf 0.276, Loss_kd 1.344, Loss_kernel 0.002, Train_accy 91.74
2025-06-29 02:06:33,163 [icarl.py] => Task 3, Epoch 101/200 => Loss 1.626, Loss_clf 0.271, Loss_kd 1.353, Loss_kernel 0.002, Train_accy 91.80, Test_accy {'Art': 36.03, 'Clipart': 61.39, 'Real World': 39.64, 'Product': 76.32}
2025-06-29 02:06:44,864 [icarl.py] => Task 3, Epoch 102/200 => Loss 1.576, Loss_clf 0.237, Loss_kd 1.336, Loss_kernel 0.002, Train_accy 92.93
2025-06-29 02:06:55,758 [icarl.py] => Task 3, Epoch 103/200 => Loss 1.564, Loss_clf 0.234, Loss_kd 1.328, Loss_kernel 0.002, Train_accy 93.54
2025-06-29 02:07:08,345 [icarl.py] => Task 3, Epoch 104/200 => Loss 1.625, Loss_clf 0.262, Loss_kd 1.361, Loss_kernel 0.002, Train_accy 92.08
2025-06-29 02:07:19,898 [icarl.py] => Task 3, Epoch 105/200 => Loss 1.596, Loss_clf 0.254, Loss_kd 1.340, Loss_kernel 0.002, Train_accy 92.28
2025-06-29 02:07:40,455 [icarl.py] => Task 3, Epoch 106/200 => Loss 1.559, Loss_clf 0.217, Loss_kd 1.339, Loss_kernel 0.002, Train_accy 93.93, Test_accy {'Art': 42.65, 'Clipart': 63.32, 'Real World': 42.14, 'Product': 79.61}
2025-06-29 02:07:51,338 [icarl.py] => Task 3, Epoch 107/200 => Loss 1.561, Loss_clf 0.226, Loss_kd 1.333, Loss_kernel 0.002, Train_accy 93.61
2025-06-29 02:08:02,892 [icarl.py] => Task 3, Epoch 108/200 => Loss 1.562, Loss_clf 0.229, Loss_kd 1.331, Loss_kernel 0.002, Train_accy 93.32
2025-06-29 02:08:15,055 [icarl.py] => Task 3, Epoch 109/200 => Loss 1.568, Loss_clf 0.228, Loss_kd 1.338, Loss_kernel 0.002, Train_accy 93.78
2025-06-29 02:08:25,657 [icarl.py] => Task 3, Epoch 110/200 => Loss 1.541, Loss_clf 0.218, Loss_kd 1.320, Loss_kernel 0.002, Train_accy 93.29
2025-06-29 02:08:44,860 [icarl.py] => Task 3, Epoch 111/200 => Loss 1.573, Loss_clf 0.241, Loss_kd 1.330, Loss_kernel 0.002, Train_accy 92.80, Test_accy {'Art': 34.56, 'Clipart': 64.86, 'Real World': 39.29, 'Product': 76.97}
2025-06-29 02:08:56,896 [icarl.py] => Task 3, Epoch 112/200 => Loss 1.544, Loss_clf 0.217, Loss_kd 1.325, Loss_kernel 0.002, Train_accy 93.89
2025-06-29 02:09:07,518 [icarl.py] => Task 3, Epoch 113/200 => Loss 1.540, Loss_clf 0.216, Loss_kd 1.322, Loss_kernel 0.002, Train_accy 93.50
2025-06-29 02:09:17,900 [icarl.py] => Task 3, Epoch 114/200 => Loss 1.515, Loss_clf 0.197, Loss_kd 1.316, Loss_kernel 0.002, Train_accy 94.58
2025-06-29 02:09:28,667 [icarl.py] => Task 3, Epoch 115/200 => Loss 1.535, Loss_clf 0.214, Loss_kd 1.320, Loss_kernel 0.002, Train_accy 93.71
2025-06-29 02:09:47,721 [icarl.py] => Task 3, Epoch 116/200 => Loss 1.490, Loss_clf 0.181, Loss_kd 1.308, Loss_kernel 0.002, Train_accy 94.20, Test_accy {'Art': 44.12, 'Clipart': 59.46, 'Real World': 41.43, 'Product': 74.01}
2025-06-29 02:09:57,888 [icarl.py] => Task 3, Epoch 117/200 => Loss 1.537, Loss_clf 0.224, Loss_kd 1.310, Loss_kernel 0.002, Train_accy 93.70
2025-06-29 02:10:09,459 [icarl.py] => Task 3, Epoch 118/200 => Loss 1.528, Loss_clf 0.197, Loss_kd 1.329, Loss_kernel 0.002, Train_accy 94.18
2025-06-29 02:10:21,377 [icarl.py] => Task 3, Epoch 119/200 => Loss 1.540, Loss_clf 0.230, Loss_kd 1.308, Loss_kernel 0.002, Train_accy 92.82
2025-06-29 02:10:32,955 [icarl.py] => Task 3, Epoch 120/200 => Loss 1.504, Loss_clf 0.195, Loss_kd 1.307, Loss_kernel 0.002, Train_accy 94.04
2025-06-29 02:10:52,404 [icarl.py] => Task 3, Epoch 121/200 => Loss 1.497, Loss_clf 0.196, Loss_kd 1.300, Loss_kernel 0.002, Train_accy 94.57, Test_accy {'Art': 45.59, 'Clipart': 65.25, 'Real World': 43.93, 'Product': 78.29}
2025-06-29 02:11:04,009 [icarl.py] => Task 3, Epoch 122/200 => Loss 1.485, Loss_clf 0.177, Loss_kd 1.306, Loss_kernel 0.002, Train_accy 95.17
2025-06-29 02:11:14,183 [icarl.py] => Task 3, Epoch 123/200 => Loss 1.488, Loss_clf 0.181, Loss_kd 1.304, Loss_kernel 0.002, Train_accy 95.30
2025-06-29 02:11:26,743 [icarl.py] => Task 3, Epoch 124/200 => Loss 1.499, Loss_clf 0.200, Loss_kd 1.297, Loss_kernel 0.002, Train_accy 94.15
2025-06-29 02:11:37,628 [icarl.py] => Task 3, Epoch 125/200 => Loss 1.508, Loss_clf 0.187, Loss_kd 1.319, Loss_kernel 0.002, Train_accy 94.60
2025-06-29 02:11:56,348 [icarl.py] => Task 3, Epoch 126/200 => Loss 1.472, Loss_clf 0.182, Loss_kd 1.288, Loss_kernel 0.002, Train_accy 94.59, Test_accy {'Art': 41.18, 'Clipart': 64.48, 'Real World': 39.29, 'Product': 78.62}
2025-06-29 02:12:07,142 [icarl.py] => Task 3, Epoch 127/200 => Loss 1.443, Loss_clf 0.157, Loss_kd 1.284, Loss_kernel 0.002, Train_accy 95.69
2025-06-29 02:12:17,655 [icarl.py] => Task 3, Epoch 128/200 => Loss 1.472, Loss_clf 0.173, Loss_kd 1.298, Loss_kernel 0.002, Train_accy 94.85
2025-06-29 02:12:27,873 [icarl.py] => Task 3, Epoch 129/200 => Loss 1.477, Loss_clf 0.176, Loss_kd 1.300, Loss_kernel 0.002, Train_accy 95.37
2025-06-29 02:12:37,953 [icarl.py] => Task 3, Epoch 130/200 => Loss 1.461, Loss_clf 0.173, Loss_kd 1.286, Loss_kernel 0.002, Train_accy 95.16
2025-06-29 02:12:55,357 [icarl.py] => Task 3, Epoch 131/200 => Loss 1.455, Loss_clf 0.153, Loss_kd 1.300, Loss_kernel 0.002, Train_accy 95.88, Test_accy {'Art': 40.44, 'Clipart': 63.32, 'Real World': 42.86, 'Product': 78.29}
2025-06-29 02:13:06,279 [icarl.py] => Task 3, Epoch 132/200 => Loss 1.442, Loss_clf 0.148, Loss_kd 1.292, Loss_kernel 0.002, Train_accy 95.79
2025-06-29 02:13:16,069 [icarl.py] => Task 3, Epoch 133/200 => Loss 1.414, Loss_clf 0.141, Loss_kd 1.271, Loss_kernel 0.002, Train_accy 96.25
2025-06-29 02:13:26,642 [icarl.py] => Task 3, Epoch 134/200 => Loss 1.440, Loss_clf 0.145, Loss_kd 1.293, Loss_kernel 0.002, Train_accy 95.84
2025-06-29 02:13:36,445 [icarl.py] => Task 3, Epoch 135/200 => Loss 1.437, Loss_clf 0.157, Loss_kd 1.278, Loss_kernel 0.002, Train_accy 95.62
2025-06-29 02:13:55,009 [icarl.py] => Task 3, Epoch 136/200 => Loss 1.425, Loss_clf 0.143, Loss_kd 1.280, Loss_kernel 0.002, Train_accy 95.73, Test_accy {'Art': 41.91, 'Clipart': 64.09, 'Real World': 44.64, 'Product': 76.64}
2025-06-29 02:14:05,911 [icarl.py] => Task 3, Epoch 137/200 => Loss 1.422, Loss_clf 0.139, Loss_kd 1.282, Loss_kernel 0.002, Train_accy 96.05
2025-06-29 02:14:15,592 [icarl.py] => Task 3, Epoch 138/200 => Loss 1.429, Loss_clf 0.139, Loss_kd 1.288, Loss_kernel 0.002, Train_accy 96.50
2025-06-29 02:14:25,207 [icarl.py] => Task 3, Epoch 139/200 => Loss 1.413, Loss_clf 0.126, Loss_kd 1.285, Loss_kernel 0.002, Train_accy 96.96
2025-06-29 02:14:34,468 [icarl.py] => Task 3, Epoch 140/200 => Loss 1.434, Loss_clf 0.139, Loss_kd 1.293, Loss_kernel 0.002, Train_accy 96.28
2025-06-29 02:14:51,443 [icarl.py] => Task 3, Epoch 141/200 => Loss 1.403, Loss_clf 0.116, Loss_kd 1.286, Loss_kernel 0.002, Train_accy 97.12, Test_accy {'Art': 43.38, 'Clipart': 63.71, 'Real World': 42.5, 'Product': 78.62}
2025-06-29 02:15:02,131 [icarl.py] => Task 3, Epoch 142/200 => Loss 1.431, Loss_clf 0.146, Loss_kd 1.283, Loss_kernel 0.002, Train_accy 96.58
2025-06-29 02:15:13,081 [icarl.py] => Task 3, Epoch 143/200 => Loss 1.428, Loss_clf 0.143, Loss_kd 1.283, Loss_kernel 0.002, Train_accy 96.00
2025-06-29 02:15:23,947 [icarl.py] => Task 3, Epoch 144/200 => Loss 1.401, Loss_clf 0.127, Loss_kd 1.272, Loss_kernel 0.002, Train_accy 96.57
2025-06-29 02:15:34,026 [icarl.py] => Task 3, Epoch 145/200 => Loss 1.360, Loss_clf 0.108, Loss_kd 1.250, Loss_kernel 0.002, Train_accy 97.02
2025-06-29 02:15:53,267 [icarl.py] => Task 3, Epoch 146/200 => Loss 1.411, Loss_clf 0.144, Loss_kd 1.265, Loss_kernel 0.002, Train_accy 96.17, Test_accy {'Art': 41.91, 'Clipart': 64.48, 'Real World': 40.71, 'Product': 78.62}
2025-06-29 02:16:02,112 [icarl.py] => Task 3, Epoch 147/200 => Loss 1.381, Loss_clf 0.116, Loss_kd 1.264, Loss_kernel 0.002, Train_accy 97.17
2025-06-29 02:16:14,235 [icarl.py] => Task 3, Epoch 148/200 => Loss 1.426, Loss_clf 0.138, Loss_kd 1.286, Loss_kernel 0.002, Train_accy 96.00
2025-06-29 02:16:28,606 [icarl.py] => Task 3, Epoch 149/200 => Loss 1.446, Loss_clf 0.158, Loss_kd 1.287, Loss_kernel 0.002, Train_accy 95.48
2025-06-29 02:16:39,237 [icarl.py] => Task 3, Epoch 150/200 => Loss 1.383, Loss_clf 0.127, Loss_kd 1.254, Loss_kernel 0.002, Train_accy 96.46
2025-06-29 02:16:56,898 [icarl.py] => Task 3, Epoch 151/200 => Loss 1.388, Loss_clf 0.130, Loss_kd 1.256, Loss_kernel 0.002, Train_accy 96.40, Test_accy {'Art': 42.65, 'Clipart': 63.71, 'Real World': 41.07, 'Product': 76.64}
2025-06-29 02:17:05,677 [icarl.py] => Task 3, Epoch 152/200 => Loss 1.373, Loss_clf 0.112, Loss_kd 1.259, Loss_kernel 0.002, Train_accy 96.80
2025-06-29 02:17:14,885 [icarl.py] => Task 3, Epoch 153/200 => Loss 1.371, Loss_clf 0.105, Loss_kd 1.264, Loss_kernel 0.002, Train_accy 97.49
2025-06-29 02:17:25,068 [icarl.py] => Task 3, Epoch 154/200 => Loss 1.403, Loss_clf 0.129, Loss_kd 1.271, Loss_kernel 0.002, Train_accy 96.20
2025-06-29 02:17:34,222 [icarl.py] => Task 3, Epoch 155/200 => Loss 1.375, Loss_clf 0.112, Loss_kd 1.261, Loss_kernel 0.002, Train_accy 97.13
2025-06-29 02:17:51,768 [icarl.py] => Task 3, Epoch 156/200 => Loss 1.387, Loss_clf 0.122, Loss_kd 1.263, Loss_kernel 0.002, Train_accy 97.18, Test_accy {'Art': 44.12, 'Clipart': 64.86, 'Real World': 42.14, 'Product': 75.99}
2025-06-29 02:18:02,581 [icarl.py] => Task 3, Epoch 157/200 => Loss 1.398, Loss_clf 0.122, Loss_kd 1.274, Loss_kernel 0.002, Train_accy 96.73
2025-06-29 02:18:13,170 [icarl.py] => Task 3, Epoch 158/200 => Loss 1.397, Loss_clf 0.126, Loss_kd 1.269, Loss_kernel 0.002, Train_accy 96.63
2025-06-29 02:18:22,939 [icarl.py] => Task 3, Epoch 159/200 => Loss 1.361, Loss_clf 0.110, Loss_kd 1.249, Loss_kernel 0.002, Train_accy 97.34
2025-06-29 02:18:32,007 [icarl.py] => Task 3, Epoch 160/200 => Loss 1.353, Loss_clf 0.090, Loss_kd 1.261, Loss_kernel 0.002, Train_accy 97.85
2025-06-29 02:18:47,893 [icarl.py] => Task 3, Epoch 161/200 => Loss 1.354, Loss_clf 0.101, Loss_kd 1.252, Loss_kernel 0.002, Train_accy 97.27, Test_accy {'Art': 43.38, 'Clipart': 63.71, 'Real World': 42.86, 'Product': 78.62}
2025-06-29 02:18:57,392 [icarl.py] => Task 3, Epoch 162/200 => Loss 1.358, Loss_clf 0.109, Loss_kd 1.248, Loss_kernel 0.002, Train_accy 96.96
2025-06-29 02:19:08,174 [icarl.py] => Task 3, Epoch 163/200 => Loss 1.365, Loss_clf 0.110, Loss_kd 1.254, Loss_kernel 0.002, Train_accy 96.98
2025-06-29 02:19:18,358 [icarl.py] => Task 3, Epoch 164/200 => Loss 1.348, Loss_clf 0.100, Loss_kd 1.247, Loss_kernel 0.002, Train_accy 97.44
2025-06-29 02:19:28,827 [icarl.py] => Task 3, Epoch 165/200 => Loss 1.374, Loss_clf 0.114, Loss_kd 1.258, Loss_kernel 0.002, Train_accy 96.82
2025-06-29 02:19:45,088 [icarl.py] => Task 3, Epoch 166/200 => Loss 1.367, Loss_clf 0.105, Loss_kd 1.260, Loss_kernel 0.002, Train_accy 97.54, Test_accy {'Art': 41.18, 'Clipart': 63.32, 'Real World': 41.79, 'Product': 77.3}
2025-06-29 02:19:54,182 [icarl.py] => Task 3, Epoch 167/200 => Loss 1.356, Loss_clf 0.099, Loss_kd 1.255, Loss_kernel 0.002, Train_accy 97.91
2025-06-29 02:20:04,426 [icarl.py] => Task 3, Epoch 168/200 => Loss 1.387, Loss_clf 0.115, Loss_kd 1.270, Loss_kernel 0.002, Train_accy 96.92
2025-06-29 02:20:14,498 [icarl.py] => Task 3, Epoch 169/200 => Loss 1.371, Loss_clf 0.101, Loss_kd 1.268, Loss_kernel 0.002, Train_accy 97.13
2025-06-29 02:20:23,869 [icarl.py] => Task 3, Epoch 170/200 => Loss 1.342, Loss_clf 0.095, Loss_kd 1.246, Loss_kernel 0.002, Train_accy 97.65
2025-06-29 02:20:41,188 [icarl.py] => Task 3, Epoch 171/200 => Loss 1.366, Loss_clf 0.109, Loss_kd 1.255, Loss_kernel 0.002, Train_accy 97.39, Test_accy {'Art': 41.18, 'Clipart': 64.09, 'Real World': 43.21, 'Product': 76.97}
2025-06-29 02:20:50,329 [icarl.py] => Task 3, Epoch 172/200 => Loss 1.333, Loss_clf 0.090, Loss_kd 1.241, Loss_kernel 0.002, Train_accy 97.90
2025-06-29 02:21:01,566 [icarl.py] => Task 3, Epoch 173/200 => Loss 1.360, Loss_clf 0.102, Loss_kd 1.256, Loss_kernel 0.002, Train_accy 97.04
2025-06-29 02:21:11,765 [icarl.py] => Task 3, Epoch 174/200 => Loss 1.337, Loss_clf 0.092, Loss_kd 1.244, Loss_kernel 0.002, Train_accy 97.65
2025-06-29 02:21:20,056 [icarl.py] => Task 3, Epoch 175/200 => Loss 1.356, Loss_clf 0.092, Loss_kd 1.262, Loss_kernel 0.002, Train_accy 97.74
2025-06-29 02:21:36,505 [icarl.py] => Task 3, Epoch 176/200 => Loss 1.333, Loss_clf 0.094, Loss_kd 1.237, Loss_kernel 0.002, Train_accy 97.64, Test_accy {'Art': 40.44, 'Clipart': 64.09, 'Real World': 41.07, 'Product': 78.29}
2025-06-29 02:21:46,318 [icarl.py] => Task 3, Epoch 177/200 => Loss 1.335, Loss_clf 0.089, Loss_kd 1.244, Loss_kernel 0.002, Train_accy 98.12
2025-06-29 02:21:55,364 [icarl.py] => Task 3, Epoch 178/200 => Loss 1.332, Loss_clf 0.089, Loss_kd 1.241, Loss_kernel 0.002, Train_accy 97.96
2025-06-29 02:22:05,098 [icarl.py] => Task 3, Epoch 179/200 => Loss 1.343, Loss_clf 0.093, Loss_kd 1.249, Loss_kernel 0.002, Train_accy 97.80
2025-06-29 02:22:13,828 [icarl.py] => Task 3, Epoch 180/200 => Loss 1.324, Loss_clf 0.081, Loss_kd 1.242, Loss_kernel 0.002, Train_accy 98.26
2025-06-29 02:22:30,112 [icarl.py] => Task 3, Epoch 181/200 => Loss 1.352, Loss_clf 0.084, Loss_kd 1.266, Loss_kernel 0.002, Train_accy 98.01, Test_accy {'Art': 40.44, 'Clipart': 64.86, 'Real World': 43.21, 'Product': 76.32}
2025-06-29 02:22:38,852 [icarl.py] => Task 3, Epoch 182/200 => Loss 1.315, Loss_clf 0.082, Loss_kd 1.231, Loss_kernel 0.002, Train_accy 97.96
2025-06-29 02:22:49,491 [icarl.py] => Task 3, Epoch 183/200 => Loss 1.364, Loss_clf 0.101, Loss_kd 1.262, Loss_kernel 0.002, Train_accy 97.24
2025-06-29 02:22:58,994 [icarl.py] => Task 3, Epoch 184/200 => Loss 1.366, Loss_clf 0.092, Loss_kd 1.273, Loss_kernel 0.002, Train_accy 97.75
2025-06-29 02:23:09,104 [icarl.py] => Task 3, Epoch 185/200 => Loss 1.348, Loss_clf 0.095, Loss_kd 1.252, Loss_kernel 0.002, Train_accy 97.54
2025-06-29 02:23:25,134 [icarl.py] => Task 3, Epoch 186/200 => Loss 1.343, Loss_clf 0.096, Loss_kd 1.246, Loss_kernel 0.002, Train_accy 97.69, Test_accy {'Art': 41.91, 'Clipart': 66.41, 'Real World': 43.21, 'Product': 77.3}
2025-06-29 02:23:34,688 [icarl.py] => Task 3, Epoch 187/200 => Loss 1.341, Loss_clf 0.097, Loss_kd 1.242, Loss_kernel 0.002, Train_accy 97.80
2025-06-29 02:23:44,849 [icarl.py] => Task 3, Epoch 188/200 => Loss 1.346, Loss_clf 0.094, Loss_kd 1.251, Loss_kernel 0.002, Train_accy 97.86
2025-06-29 02:23:54,415 [icarl.py] => Task 3, Epoch 189/200 => Loss 1.349, Loss_clf 0.096, Loss_kd 1.251, Loss_kernel 0.002, Train_accy 97.80
2025-06-29 02:24:03,886 [icarl.py] => Task 3, Epoch 190/200 => Loss 1.354, Loss_clf 0.087, Loss_kd 1.265, Loss_kernel 0.002, Train_accy 97.86
2025-06-29 02:24:20,377 [icarl.py] => Task 3, Epoch 191/200 => Loss 1.339, Loss_clf 0.077, Loss_kd 1.261, Loss_kernel 0.002, Train_accy 98.27, Test_accy {'Art': 39.71, 'Clipart': 63.71, 'Real World': 42.5, 'Product': 76.32}
2025-06-29 02:24:28,702 [icarl.py] => Task 3, Epoch 192/200 => Loss 1.347, Loss_clf 0.094, Loss_kd 1.251, Loss_kernel 0.002, Train_accy 98.06
2025-06-29 02:24:37,823 [icarl.py] => Task 3, Epoch 193/200 => Loss 1.331, Loss_clf 0.088, Loss_kd 1.242, Loss_kernel 0.002, Train_accy 97.75
2025-06-29 02:24:46,117 [icarl.py] => Task 3, Epoch 194/200 => Loss 1.328, Loss_clf 0.092, Loss_kd 1.235, Loss_kernel 0.002, Train_accy 97.85
2025-06-29 02:24:55,093 [icarl.py] => Task 3, Epoch 195/200 => Loss 1.344, Loss_clf 0.092, Loss_kd 1.251, Loss_kernel 0.002, Train_accy 97.96
2025-06-29 02:25:11,156 [icarl.py] => Task 3, Epoch 196/200 => Loss 1.335, Loss_clf 0.087, Loss_kd 1.246, Loss_kernel 0.002, Train_accy 97.85, Test_accy {'Art': 43.38, 'Clipart': 62.93, 'Real World': 43.21, 'Product': 75.99}
2025-06-29 02:25:20,199 [icarl.py] => Task 3, Epoch 197/200 => Loss 1.335, Loss_clf 0.090, Loss_kd 1.244, Loss_kernel 0.002, Train_accy 97.96
2025-06-29 02:25:29,280 [icarl.py] => Task 3, Epoch 198/200 => Loss 1.347, Loss_clf 0.095, Loss_kd 1.250, Loss_kernel 0.002, Train_accy 97.96
2025-06-29 02:25:37,243 [icarl.py] => Task 3, Epoch 199/200 => Loss 1.328, Loss_clf 0.081, Loss_kd 1.246, Loss_kernel 0.002, Train_accy 98.00
2025-06-29 02:25:45,007 [icarl.py] => Task 3, Epoch 200/200 => Loss 1.338, Loss_clf 0.085, Loss_kd 1.251, Loss_kernel 0.002, Train_accy 97.95
2025-06-29 02:25:45,008 [base.py] => Reducing exemplars...(65 per classes)
2025-06-29 02:25:56,670 [base.py] => Constructing exemplars...(65 per classes)
2025-06-29 02:26:20,810 [icarl.py] => Exemplar size: 1300
2025-06-29 02:26:21,925 [trainer.py] => CNN [Art]: {'total': 41.18, '00-04': 73.68, '05-09': 38.24, '10-14': 24.32, '15-19': 22.22, 'old': 45.87, 'new': 22.22}
2025-06-29 02:26:21,926 [trainer.py] => NME [Art]: {'total': 46.32, '00-04': 60.53, '05-09': 47.06, '10-14': 37.84, '15-19': 37.04, 'old': 48.62, 'new': 37.04}
2025-06-29 02:26:21,926 [trainer.py] => CNN [Art] top1 curve: [60.53, 51.39, 49.54, 41.18]
2025-06-29 02:26:21,927 [trainer.py] => CNN [Art] top5 curve: [92.11, 87.5, 70.64, 66.91]
2025-06-29 02:26:21,927 [trainer.py] => NME [Art] top1 curve: [65.79, 56.94, 49.54, 46.32]
2025-06-29 02:26:21,927 [trainer.py] => NME [Art] top5 curve: [100.0, 88.89, 79.82, 75.0]
2025-06-29 02:26:21,927 [trainer.py] => Average Accuracy [Art] (CNN): 50.66
2025-06-29 02:26:21,927 [trainer.py] => Average Accuracy [Art] (NME): 54.6475
2025-06-29 02:26:21,927 [trainer.py] => CNN [Clipart]: {'total': 63.71, '00-04': 73.08, '05-09': 56.45, '10-14': 57.58, '15-19': 66.04, 'old': 63.11, 'new': 66.04}
2025-06-29 02:26:21,927 [trainer.py] => NME [Clipart]: {'total': 66.41, '00-04': 66.67, '05-09': 66.13, '10-14': 66.67, '15-19': 66.04, 'old': 66.5, 'new': 66.04}
2025-06-29 02:26:21,928 [trainer.py] => CNN [Clipart] top1 curve: [70.51, 69.29, 65.05, 63.71]
2025-06-29 02:26:21,928 [trainer.py] => CNN [Clipart] top5 curve: [97.44, 91.43, 90.29, 83.4]
2025-06-29 02:26:21,928 [trainer.py] => NME [Clipart] top1 curve: [74.36, 70.71, 70.39, 66.41]
2025-06-29 02:26:21,928 [trainer.py] => NME [Clipart] top5 curve: [100.0, 92.86, 89.32, 86.1]
2025-06-29 02:26:21,928 [trainer.py] => Average Accuracy [Clipart] (CNN): 67.14
2025-06-29 02:26:21,928 [trainer.py] => Average Accuracy [Clipart] (NME): 70.4675
2025-06-29 02:26:21,928 [trainer.py] => CNN [Product]: {'total': 76.32, '00-04': 90.59, '05-09': 73.75, '10-14': 72.58, '15-19': 66.23, 'old': 79.74, 'new': 66.23}
2025-06-29 02:26:21,929 [trainer.py] => NME [Product]: {'total': 80.92, '00-04': 87.06, '05-09': 80.0, '10-14': 79.03, '15-19': 76.62, 'old': 82.38, 'new': 76.62}
2025-06-29 02:26:21,929 [trainer.py] => CNN [Product] top1 curve: [92.94, 85.45, 84.14, 76.32]
2025-06-29 02:26:21,929 [trainer.py] => CNN [Product] top5 curve: [100.0, 98.79, 96.48, 96.38]
2025-06-29 02:26:21,929 [trainer.py] => NME [Product] top1 curve: [94.12, 88.48, 89.43, 80.92]
2025-06-29 02:26:21,929 [trainer.py] => NME [Product] top5 curve: [100.0, 99.39, 99.12, 97.7]
2025-06-29 02:26:21,929 [trainer.py] => Average Accuracy [Product] (CNN): 84.7125
2025-06-29 02:26:21,929 [trainer.py] => Average Accuracy [Product] (NME): 88.23750000000001
2025-06-29 02:26:21,929 [trainer.py] => CNN [Real World]: {'total': 42.5, '00-04': 64.38, '05-09': 52.94, '10-14': 31.94, '15-19': 19.4, 'old': 49.77, 'new': 19.4}
2025-06-29 02:26:21,929 [trainer.py] => NME [Real World]: {'total': 44.64, '00-04': 47.95, '05-09': 52.94, '10-14': 44.44, '15-19': 32.84, 'old': 48.36, 'new': 32.84}
2025-06-29 02:26:21,930 [trainer.py] => CNN [Real World] top1 curve: [69.86, 58.16, 48.83, 42.5]
2025-06-29 02:26:21,930 [trainer.py] => CNN [Real World] top5 curve: [95.89, 89.36, 77.0, 69.29]
2025-06-29 02:26:21,930 [trainer.py] => NME [Real World] top1 curve: [73.97, 63.12, 48.83, 44.64]
2025-06-29 02:26:21,930 [trainer.py] => NME [Real World] top5 curve: [100.0, 94.33, 85.92, 76.79]
2025-06-29 02:26:21,930 [trainer.py] => Average Accuracy [Real World] (CNN): 54.8375
2025-06-29 02:26:21,930 [trainer.py] => Average Accuracy [Real World] (NME): 57.64
2025-06-29 02:26:21,930 [trainer.py] => NME Harmonic Mean : 52.7798
2025-06-29 02:26:21,930 [trainer.py] => NME Macro Mean : 59.5725
2025-06-29 02:26:21,930 [trainer.py] => CNN Harmonic Mean : 49.8942
2025-06-29 02:26:21,930 [trainer.py] => CNN Macro Mean : 55.9275
2025-06-29 02:26:21,930 [trainer.py] => All params: 21300062
2025-06-29 02:26:21,931 [trainer.py] => Trainable params: 21300062
2025-06-29 02:26:21,932 [icarl.py] => Learning on 20-25
2025-06-29 02:26:46,606 [icarl.py] => Task 4, Epoch 1/200 => Loss 4.599, Loss_clf 2.445, Loss_kd 2.150, Loss_kernel 0.004, Train_accy 39.41, Test_accy {'Art': 14.37, 'Clipart': 17.53, 'Real World': 14.49, 'Product': 19.73}
2025-06-29 02:27:01,465 [icarl.py] => Task 4, Epoch 2/200 => Loss 4.806, Loss_clf 2.405, Loss_kd 2.396, Loss_kernel 0.005, Train_accy 30.74
2025-06-29 02:27:17,258 [icarl.py] => Task 4, Epoch 3/200 => Loss 4.334, Loss_clf 2.102, Loss_kd 2.227, Loss_kernel 0.005, Train_accy 39.61
2025-06-29 02:27:33,683 [icarl.py] => Task 4, Epoch 4/200 => Loss 4.063, Loss_clf 1.906, Loss_kd 2.153, Loss_kernel 0.004, Train_accy 42.76
2025-06-29 02:27:50,234 [icarl.py] => Task 4, Epoch 5/200 => Loss 3.734, Loss_clf 1.696, Loss_kd 2.034, Loss_kernel 0.004, Train_accy 48.59
2025-06-29 02:28:15,203 [icarl.py] => Task 4, Epoch 6/200 => Loss 3.745, Loss_clf 1.713, Loss_kd 2.029, Loss_kernel 0.004, Train_accy 49.27, Test_accy {'Art': 21.84, 'Clipart': 39.08, 'Real World': 23.77, 'Product': 44.93}
2025-06-29 02:28:31,098 [icarl.py] => Task 4, Epoch 7/200 => Loss 3.557, Loss_clf 1.581, Loss_kd 1.972, Loss_kernel 0.003, Train_accy 51.37
2025-06-29 02:28:45,282 [icarl.py] => Task 4, Epoch 8/200 => Loss 3.415, Loss_clf 1.478, Loss_kd 1.934, Loss_kernel 0.004, Train_accy 54.40
2025-06-29 02:29:01,292 [icarl.py] => Task 4, Epoch 9/200 => Loss 3.382, Loss_clf 1.449, Loss_kd 1.929, Loss_kernel 0.004, Train_accy 54.87
2025-06-29 02:29:16,130 [icarl.py] => Task 4, Epoch 10/200 => Loss 3.304, Loss_clf 1.381, Loss_kd 1.919, Loss_kernel 0.004, Train_accy 58.03
2025-06-29 02:29:41,797 [icarl.py] => Task 4, Epoch 11/200 => Loss 3.196, Loss_clf 1.307, Loss_kd 1.886, Loss_kernel 0.003, Train_accy 58.98, Test_accy {'Art': 24.71, 'Clipart': 43.68, 'Real World': 30.14, 'Product': 53.97}
2025-06-29 02:29:58,883 [icarl.py] => Task 4, Epoch 12/200 => Loss 3.186, Loss_clf 1.311, Loss_kd 1.871, Loss_kernel 0.003, Train_accy 60.02
2025-06-29 02:30:14,884 [icarl.py] => Task 4, Epoch 13/200 => Loss 3.029, Loss_clf 1.198, Loss_kd 1.828, Loss_kernel 0.003, Train_accy 63.21
2025-06-29 02:30:30,006 [icarl.py] => Task 4, Epoch 14/200 => Loss 2.914, Loss_clf 1.109, Loss_kd 1.802, Loss_kernel 0.003, Train_accy 64.10
2025-06-29 02:30:46,976 [icarl.py] => Task 4, Epoch 15/200 => Loss 2.950, Loss_clf 1.148, Loss_kd 1.799, Loss_kernel 0.003, Train_accy 65.48
2025-06-29 02:31:12,241 [icarl.py] => Task 4, Epoch 16/200 => Loss 2.868, Loss_clf 1.075, Loss_kd 1.790, Loss_kernel 0.003, Train_accy 66.42, Test_accy {'Art': 28.16, 'Clipart': 52.87, 'Real World': 30.43, 'Product': 64.93}
2025-06-29 02:31:28,014 [icarl.py] => Task 4, Epoch 17/200 => Loss 2.758, Loss_clf 1.018, Loss_kd 1.736, Loss_kernel 0.003, Train_accy 67.50
2025-06-29 02:31:43,000 [icarl.py] => Task 4, Epoch 18/200 => Loss 2.774, Loss_clf 1.007, Loss_kd 1.763, Loss_kernel 0.003, Train_accy 68.82
2025-06-29 02:31:58,532 [icarl.py] => Task 4, Epoch 19/200 => Loss 2.896, Loss_clf 1.072, Loss_kd 1.821, Loss_kernel 0.004, Train_accy 67.38
2025-06-29 02:32:12,696 [icarl.py] => Task 4, Epoch 20/200 => Loss 2.752, Loss_clf 0.999, Loss_kd 1.750, Loss_kernel 0.003, Train_accy 68.84
2025-06-29 02:32:37,339 [icarl.py] => Task 4, Epoch 21/200 => Loss 2.706, Loss_clf 0.943, Loss_kd 1.760, Loss_kernel 0.003, Train_accy 71.13, Test_accy {'Art': 28.16, 'Clipart': 48.85, 'Real World': 30.14, 'Product': 61.37}
2025-06-29 02:32:52,885 [icarl.py] => Task 4, Epoch 22/200 => Loss 2.620, Loss_clf 0.886, Loss_kd 1.732, Loss_kernel 0.003, Train_accy 72.97
2025-06-29 02:33:08,786 [icarl.py] => Task 4, Epoch 23/200 => Loss 2.719, Loss_clf 0.955, Loss_kd 1.761, Loss_kernel 0.003, Train_accy 71.08
2025-06-29 02:33:24,138 [icarl.py] => Task 4, Epoch 24/200 => Loss 2.638, Loss_clf 0.882, Loss_kd 1.753, Loss_kernel 0.003, Train_accy 73.39
2025-06-29 02:33:39,211 [icarl.py] => Task 4, Epoch 25/200 => Loss 2.579, Loss_clf 0.857, Loss_kd 1.719, Loss_kernel 0.003, Train_accy 75.19
2025-06-29 02:34:03,954 [icarl.py] => Task 4, Epoch 26/200 => Loss 2.491, Loss_clf 0.780, Loss_kd 1.707, Loss_kernel 0.003, Train_accy 75.95, Test_accy {'Art': 26.44, 'Clipart': 52.87, 'Real World': 27.83, 'Product': 60.0}
2025-06-29 02:34:19,852 [icarl.py] => Task 4, Epoch 27/200 => Loss 2.469, Loss_clf 0.776, Loss_kd 1.690, Loss_kernel 0.003, Train_accy 76.01
2025-06-29 02:34:36,190 [icarl.py] => Task 4, Epoch 28/200 => Loss 2.418, Loss_clf 0.752, Loss_kd 1.662, Loss_kernel 0.003, Train_accy 76.97
2025-06-29 02:34:51,709 [icarl.py] => Task 4, Epoch 29/200 => Loss 2.449, Loss_clf 0.767, Loss_kd 1.679, Loss_kernel 0.003, Train_accy 76.59
2025-06-29 02:35:06,784 [icarl.py] => Task 4, Epoch 30/200 => Loss 2.364, Loss_clf 0.697, Loss_kd 1.664, Loss_kernel 0.003, Train_accy 78.71
2025-06-29 02:35:31,240 [icarl.py] => Task 4, Epoch 31/200 => Loss 2.378, Loss_clf 0.708, Loss_kd 1.667, Loss_kernel 0.003, Train_accy 78.53, Test_accy {'Art': 29.31, 'Clipart': 47.99, 'Real World': 30.43, 'Product': 60.82}
2025-06-29 02:35:47,073 [icarl.py] => Task 4, Epoch 32/200 => Loss 2.353, Loss_clf 0.694, Loss_kd 1.656, Loss_kernel 0.003, Train_accy 79.28
2025-06-29 02:36:02,611 [icarl.py] => Task 4, Epoch 33/200 => Loss 2.431, Loss_clf 0.731, Loss_kd 1.697, Loss_kernel 0.003, Train_accy 77.04
2025-06-29 02:36:18,516 [icarl.py] => Task 4, Epoch 34/200 => Loss 2.379, Loss_clf 0.708, Loss_kd 1.668, Loss_kernel 0.003, Train_accy 77.95
2025-06-29 02:36:33,348 [icarl.py] => Task 4, Epoch 35/200 => Loss 2.310, Loss_clf 0.660, Loss_kd 1.647, Loss_kernel 0.003, Train_accy 79.93
2025-06-29 02:36:57,009 [icarl.py] => Task 4, Epoch 36/200 => Loss 2.310, Loss_clf 0.656, Loss_kd 1.651, Loss_kernel 0.003, Train_accy 80.81, Test_accy {'Art': 31.61, 'Clipart': 54.6, 'Real World': 30.43, 'Product': 66.58}
2025-06-29 02:37:11,501 [icarl.py] => Task 4, Epoch 37/200 => Loss 2.261, Loss_clf 0.619, Loss_kd 1.639, Loss_kernel 0.003, Train_accy 81.36
2025-06-29 02:37:25,449 [icarl.py] => Task 4, Epoch 38/200 => Loss 2.276, Loss_clf 0.620, Loss_kd 1.654, Loss_kernel 0.003, Train_accy 81.32
2025-06-29 02:37:40,448 [icarl.py] => Task 4, Epoch 39/200 => Loss 2.273, Loss_clf 0.628, Loss_kd 1.643, Loss_kernel 0.003, Train_accy 80.00
2025-06-29 02:37:57,125 [icarl.py] => Task 4, Epoch 40/200 => Loss 2.280, Loss_clf 0.645, Loss_kd 1.632, Loss_kernel 0.003, Train_accy 79.94
2025-06-29 02:38:22,773 [icarl.py] => Task 4, Epoch 41/200 => Loss 2.267, Loss_clf 0.624, Loss_kd 1.640, Loss_kernel 0.003, Train_accy 80.47, Test_accy {'Art': 35.06, 'Clipart': 52.87, 'Real World': 29.57, 'Product': 65.21}
2025-06-29 02:38:39,579 [icarl.py] => Task 4, Epoch 42/200 => Loss 2.229, Loss_clf 0.589, Loss_kd 1.637, Loss_kernel 0.003, Train_accy 81.93
2025-06-29 02:38:54,260 [icarl.py] => Task 4, Epoch 43/200 => Loss 2.153, Loss_clf 0.544, Loss_kd 1.606, Loss_kernel 0.003, Train_accy 83.70
2025-06-29 02:39:10,757 [icarl.py] => Task 4, Epoch 44/200 => Loss 2.295, Loss_clf 0.640, Loss_kd 1.652, Loss_kernel 0.003, Train_accy 81.16
2025-06-29 02:39:26,521 [icarl.py] => Task 4, Epoch 45/200 => Loss 2.175, Loss_clf 0.548, Loss_kd 1.625, Loss_kernel 0.003, Train_accy 83.16
2025-06-29 02:39:51,312 [icarl.py] => Task 4, Epoch 46/200 => Loss 2.240, Loss_clf 0.616, Loss_kd 1.622, Loss_kernel 0.003, Train_accy 81.88, Test_accy {'Art': 31.61, 'Clipart': 49.14, 'Real World': 28.12, 'Product': 64.38}
2025-06-29 02:40:06,061 [icarl.py] => Task 4, Epoch 47/200 => Loss 2.219, Loss_clf 0.589, Loss_kd 1.627, Loss_kernel 0.003, Train_accy 82.16
2025-06-29 02:40:22,141 [icarl.py] => Task 4, Epoch 48/200 => Loss 2.189, Loss_clf 0.555, Loss_kd 1.631, Loss_kernel 0.003, Train_accy 83.18
2025-06-29 02:40:36,627 [icarl.py] => Task 4, Epoch 49/200 => Loss 2.185, Loss_clf 0.567, Loss_kd 1.615, Loss_kernel 0.003, Train_accy 82.48
2025-06-29 02:40:52,527 [icarl.py] => Task 4, Epoch 50/200 => Loss 2.097, Loss_clf 0.497, Loss_kd 1.597, Loss_kernel 0.003, Train_accy 84.81
2025-06-29 02:41:16,091 [icarl.py] => Task 4, Epoch 51/200 => Loss 2.146, Loss_clf 0.529, Loss_kd 1.614, Loss_kernel 0.003, Train_accy 84.48, Test_accy {'Art': 32.18, 'Clipart': 51.15, 'Real World': 31.01, 'Product': 67.4}
2025-06-29 02:41:30,582 [icarl.py] => Task 4, Epoch 52/200 => Loss 2.150, Loss_clf 0.544, Loss_kd 1.603, Loss_kernel 0.003, Train_accy 83.38
2025-06-29 02:41:45,429 [icarl.py] => Task 4, Epoch 53/200 => Loss 2.113, Loss_clf 0.513, Loss_kd 1.597, Loss_kernel 0.003, Train_accy 84.32
2025-06-29 02:42:01,013 [icarl.py] => Task 4, Epoch 54/200 => Loss 2.069, Loss_clf 0.474, Loss_kd 1.592, Loss_kernel 0.003, Train_accy 85.46
2025-06-29 02:42:17,021 [icarl.py] => Task 4, Epoch 55/200 => Loss 2.091, Loss_clf 0.501, Loss_kd 1.587, Loss_kernel 0.003, Train_accy 84.36
2025-06-29 02:42:41,157 [icarl.py] => Task 4, Epoch 56/200 => Loss 2.004, Loss_clf 0.439, Loss_kd 1.563, Loss_kernel 0.003, Train_accy 86.86, Test_accy {'Art': 29.89, 'Clipart': 52.3, 'Real World': 28.7, 'Product': 67.4}
2025-06-29 02:42:55,557 [icarl.py] => Task 4, Epoch 57/200 => Loss 2.063, Loss_clf 0.477, Loss_kd 1.583, Loss_kernel 0.003, Train_accy 86.20
2025-06-29 02:43:10,462 [icarl.py] => Task 4, Epoch 58/200 => Loss 2.087, Loss_clf 0.486, Loss_kd 1.599, Loss_kernel 0.003, Train_accy 85.27
2025-06-29 02:43:24,101 [icarl.py] => Task 4, Epoch 59/200 => Loss 2.088, Loss_clf 0.481, Loss_kd 1.605, Loss_kernel 0.003, Train_accy 85.23
2025-06-29 02:43:39,182 [icarl.py] => Task 4, Epoch 60/200 => Loss 2.101, Loss_clf 0.488, Loss_kd 1.610, Loss_kernel 0.003, Train_accy 85.44
2025-06-29 02:44:03,257 [icarl.py] => Task 4, Epoch 61/200 => Loss 2.027, Loss_clf 0.452, Loss_kd 1.573, Loss_kernel 0.003, Train_accy 86.23, Test_accy {'Art': 29.31, 'Clipart': 56.03, 'Real World': 32.17, 'Product': 69.86}
2025-06-29 02:44:18,704 [icarl.py] => Task 4, Epoch 62/200 => Loss 2.103, Loss_clf 0.507, Loss_kd 1.593, Loss_kernel 0.003, Train_accy 84.10
2025-06-29 02:44:33,787 [icarl.py] => Task 4, Epoch 63/200 => Loss 2.081, Loss_clf 0.494, Loss_kd 1.585, Loss_kernel 0.003, Train_accy 84.52
2025-06-29 02:44:49,038 [icarl.py] => Task 4, Epoch 64/200 => Loss 2.056, Loss_clf 0.467, Loss_kd 1.586, Loss_kernel 0.003, Train_accy 86.59
2025-06-29 02:45:04,179 [icarl.py] => Task 4, Epoch 65/200 => Loss 2.062, Loss_clf 0.466, Loss_kd 1.593, Loss_kernel 0.003, Train_accy 85.91
2025-06-29 02:45:28,979 [icarl.py] => Task 4, Epoch 66/200 => Loss 2.050, Loss_clf 0.464, Loss_kd 1.583, Loss_kernel 0.002, Train_accy 86.27, Test_accy {'Art': 33.91, 'Clipart': 50.86, 'Real World': 33.33, 'Product': 64.38}
2025-06-29 02:45:44,681 [icarl.py] => Task 4, Epoch 67/200 => Loss 2.070, Loss_clf 0.472, Loss_kd 1.595, Loss_kernel 0.003, Train_accy 85.85
2025-06-29 02:45:58,519 [icarl.py] => Task 4, Epoch 68/200 => Loss 1.936, Loss_clf 0.388, Loss_kd 1.546, Loss_kernel 0.002, Train_accy 88.75
2025-06-29 02:46:13,397 [icarl.py] => Task 4, Epoch 69/200 => Loss 2.054, Loss_clf 0.472, Loss_kd 1.580, Loss_kernel 0.002, Train_accy 85.72
2025-06-29 02:46:27,417 [icarl.py] => Task 4, Epoch 70/200 => Loss 2.018, Loss_clf 0.442, Loss_kd 1.573, Loss_kernel 0.002, Train_accy 86.59
2025-06-29 02:46:51,554 [icarl.py] => Task 4, Epoch 71/200 => Loss 1.996, Loss_clf 0.420, Loss_kd 1.573, Loss_kernel 0.002, Train_accy 87.78, Test_accy {'Art': 35.06, 'Clipart': 52.59, 'Real World': 33.04, 'Product': 68.22}
2025-06-29 02:47:04,860 [icarl.py] => Task 4, Epoch 72/200 => Loss 1.930, Loss_clf 0.387, Loss_kd 1.541, Loss_kernel 0.002, Train_accy 88.14
2025-06-29 02:47:21,007 [icarl.py] => Task 4, Epoch 73/200 => Loss 1.951, Loss_clf 0.388, Loss_kd 1.560, Loss_kernel 0.002, Train_accy 87.90
2025-06-29 02:47:36,067 [icarl.py] => Task 4, Epoch 74/200 => Loss 1.958, Loss_clf 0.415, Loss_kd 1.541, Loss_kernel 0.002, Train_accy 86.60
2025-06-29 02:47:50,154 [icarl.py] => Task 4, Epoch 75/200 => Loss 1.889, Loss_clf 0.348, Loss_kd 1.539, Loss_kernel 0.002, Train_accy 89.45
2025-06-29 02:48:12,439 [icarl.py] => Task 4, Epoch 76/200 => Loss 1.862, Loss_clf 0.321, Loss_kd 1.539, Loss_kernel 0.002, Train_accy 90.31, Test_accy {'Art': 32.18, 'Clipart': 47.99, 'Real World': 33.91, 'Product': 66.03}
2025-06-29 02:48:27,710 [icarl.py] => Task 4, Epoch 77/200 => Loss 1.923, Loss_clf 0.375, Loss_kd 1.546, Loss_kernel 0.002, Train_accy 89.31
2025-06-29 02:48:44,413 [icarl.py] => Task 4, Epoch 78/200 => Loss 1.875, Loss_clf 0.343, Loss_kd 1.530, Loss_kernel 0.002, Train_accy 89.93
2025-06-29 02:49:00,018 [icarl.py] => Task 4, Epoch 79/200 => Loss 1.917, Loss_clf 0.376, Loss_kd 1.538, Loss_kernel 0.002, Train_accy 87.89
2025-06-29 02:49:15,841 [icarl.py] => Task 4, Epoch 80/200 => Loss 1.980, Loss_clf 0.428, Loss_kd 1.550, Loss_kernel 0.002, Train_accy 87.29
2025-06-29 02:49:38,986 [icarl.py] => Task 4, Epoch 81/200 => Loss 1.916, Loss_clf 0.373, Loss_kd 1.540, Loss_kernel 0.002, Train_accy 88.83, Test_accy {'Art': 33.33, 'Clipart': 53.74, 'Real World': 32.17, 'Product': 68.22}
2025-06-29 02:49:55,467 [icarl.py] => Task 4, Epoch 82/200 => Loss 1.863, Loss_clf 0.339, Loss_kd 1.522, Loss_kernel 0.002, Train_accy 89.50
2025-06-29 02:50:10,711 [icarl.py] => Task 4, Epoch 83/200 => Loss 1.867, Loss_clf 0.340, Loss_kd 1.525, Loss_kernel 0.002, Train_accy 89.87
2025-06-29 02:50:25,723 [icarl.py] => Task 4, Epoch 84/200 => Loss 1.847, Loss_clf 0.319, Loss_kd 1.527, Loss_kernel 0.002, Train_accy 90.56
2025-06-29 02:50:39,544 [icarl.py] => Task 4, Epoch 85/200 => Loss 1.856, Loss_clf 0.320, Loss_kd 1.534, Loss_kernel 0.002, Train_accy 90.98
2025-06-29 02:51:02,339 [icarl.py] => Task 4, Epoch 86/200 => Loss 1.871, Loss_clf 0.343, Loss_kd 1.526, Loss_kernel 0.002, Train_accy 90.09, Test_accy {'Art': 35.06, 'Clipart': 52.3, 'Real World': 31.59, 'Product': 72.6}
2025-06-29 02:51:14,351 [icarl.py] => Task 4, Epoch 87/200 => Loss 1.816, Loss_clf 0.300, Loss_kd 1.513, Loss_kernel 0.002, Train_accy 90.35
2025-06-29 02:51:29,161 [icarl.py] => Task 4, Epoch 88/200 => Loss 1.862, Loss_clf 0.332, Loss_kd 1.529, Loss_kernel 0.002, Train_accy 90.60
2025-06-29 02:51:44,676 [icarl.py] => Task 4, Epoch 89/200 => Loss 1.892, Loss_clf 0.346, Loss_kd 1.544, Loss_kernel 0.002, Train_accy 88.62
2025-06-29 02:52:00,869 [icarl.py] => Task 4, Epoch 90/200 => Loss 1.809, Loss_clf 0.293, Loss_kd 1.514, Loss_kernel 0.002, Train_accy 91.94
2025-06-29 02:52:23,421 [icarl.py] => Task 4, Epoch 91/200 => Loss 1.823, Loss_clf 0.305, Loss_kd 1.516, Loss_kernel 0.002, Train_accy 90.73, Test_accy {'Art': 32.18, 'Clipart': 54.89, 'Real World': 31.88, 'Product': 70.41}
2025-06-29 02:52:38,798 [icarl.py] => Task 4, Epoch 92/200 => Loss 1.824, Loss_clf 0.306, Loss_kd 1.517, Loss_kernel 0.002, Train_accy 90.61
2025-06-29 02:52:52,256 [icarl.py] => Task 4, Epoch 93/200 => Loss 1.817, Loss_clf 0.303, Loss_kd 1.512, Loss_kernel 0.002, Train_accy 91.69
2025-06-29 02:53:05,804 [icarl.py] => Task 4, Epoch 94/200 => Loss 1.853, Loss_clf 0.328, Loss_kd 1.523, Loss_kernel 0.002, Train_accy 90.60
2025-06-29 02:53:18,493 [icarl.py] => Task 4, Epoch 95/200 => Loss 1.843, Loss_clf 0.327, Loss_kd 1.515, Loss_kernel 0.002, Train_accy 90.04
2025-06-29 02:53:41,740 [icarl.py] => Task 4, Epoch 96/200 => Loss 1.831, Loss_clf 0.307, Loss_kd 1.522, Loss_kernel 0.002, Train_accy 90.50, Test_accy {'Art': 35.63, 'Clipart': 57.76, 'Real World': 31.88, 'Product': 73.97}
2025-06-29 02:53:55,199 [icarl.py] => Task 4, Epoch 97/200 => Loss 1.839, Loss_clf 0.328, Loss_kd 1.509, Loss_kernel 0.002, Train_accy 90.33
2025-06-29 02:54:09,150 [icarl.py] => Task 4, Epoch 98/200 => Loss 1.754, Loss_clf 0.262, Loss_kd 1.489, Loss_kernel 0.002, Train_accy 92.04
2025-06-29 02:54:22,278 [icarl.py] => Task 4, Epoch 99/200 => Loss 1.757, Loss_clf 0.266, Loss_kd 1.488, Loss_kernel 0.002, Train_accy 92.27
2025-06-29 02:54:37,062 [icarl.py] => Task 4, Epoch 100/200 => Loss 1.783, Loss_clf 0.289, Loss_kd 1.492, Loss_kernel 0.002, Train_accy 92.10
2025-06-29 02:55:01,244 [icarl.py] => Task 4, Epoch 101/200 => Loss 1.820, Loss_clf 0.299, Loss_kd 1.519, Loss_kernel 0.002, Train_accy 91.31, Test_accy {'Art': 32.76, 'Clipart': 54.89, 'Real World': 36.23, 'Product': 73.7}
2025-06-29 02:55:16,379 [icarl.py] => Task 4, Epoch 102/200 => Loss 1.805, Loss_clf 0.286, Loss_kd 1.517, Loss_kernel 0.002, Train_accy 91.21
2025-06-29 02:55:30,081 [icarl.py] => Task 4, Epoch 103/200 => Loss 1.788, Loss_clf 0.273, Loss_kd 1.513, Loss_kernel 0.002, Train_accy 92.43
2025-06-29 02:55:43,758 [icarl.py] => Task 4, Epoch 104/200 => Loss 1.757, Loss_clf 0.272, Loss_kd 1.483, Loss_kernel 0.002, Train_accy 91.97
2025-06-29 02:55:58,230 [icarl.py] => Task 4, Epoch 105/200 => Loss 1.791, Loss_clf 0.286, Loss_kd 1.503, Loss_kernel 0.002, Train_accy 91.91
2025-06-29 02:56:22,568 [icarl.py] => Task 4, Epoch 106/200 => Loss 1.745, Loss_clf 0.257, Loss_kd 1.486, Loss_kernel 0.002, Train_accy 92.83, Test_accy {'Art': 35.63, 'Clipart': 56.03, 'Real World': 35.07, 'Product': 79.18}
2025-06-29 02:56:37,152 [icarl.py] => Task 4, Epoch 107/200 => Loss 1.748, Loss_clf 0.269, Loss_kd 1.477, Loss_kernel 0.002, Train_accy 91.79
2025-06-29 02:56:50,953 [icarl.py] => Task 4, Epoch 108/200 => Loss 1.763, Loss_clf 0.272, Loss_kd 1.489, Loss_kernel 0.002, Train_accy 92.19
2025-06-29 02:57:04,794 [icarl.py] => Task 4, Epoch 109/200 => Loss 1.759, Loss_clf 0.257, Loss_kd 1.501, Loss_kernel 0.002, Train_accy 92.50
2025-06-29 02:57:20,007 [icarl.py] => Task 4, Epoch 110/200 => Loss 1.758, Loss_clf 0.256, Loss_kd 1.500, Loss_kernel 0.002, Train_accy 91.85
2025-06-29 02:57:42,211 [icarl.py] => Task 4, Epoch 111/200 => Loss 1.713, Loss_clf 0.237, Loss_kd 1.475, Loss_kernel 0.002, Train_accy 93.12, Test_accy {'Art': 33.91, 'Clipart': 57.47, 'Real World': 31.01, 'Product': 73.97}
2025-06-29 02:57:56,110 [icarl.py] => Task 4, Epoch 112/200 => Loss 1.672, Loss_clf 0.212, Loss_kd 1.458, Loss_kernel 0.002, Train_accy 94.34
2025-06-29 02:58:09,163 [icarl.py] => Task 4, Epoch 113/200 => Loss 1.689, Loss_clf 0.219, Loss_kd 1.468, Loss_kernel 0.002, Train_accy 93.43
2025-06-29 02:58:23,981 [icarl.py] => Task 4, Epoch 114/200 => Loss 1.671, Loss_clf 0.221, Loss_kd 1.448, Loss_kernel 0.002, Train_accy 93.29
2025-06-29 02:58:38,995 [icarl.py] => Task 4, Epoch 115/200 => Loss 1.720, Loss_clf 0.236, Loss_kd 1.483, Loss_kernel 0.002, Train_accy 92.93
2025-06-29 02:59:00,618 [icarl.py] => Task 4, Epoch 116/200 => Loss 1.674, Loss_clf 0.215, Loss_kd 1.457, Loss_kernel 0.002, Train_accy 93.46, Test_accy {'Art': 36.21, 'Clipart': 54.6, 'Real World': 31.59, 'Product': 75.34}
2025-06-29 02:59:12,288 [icarl.py] => Task 4, Epoch 117/200 => Loss 1.694, Loss_clf 0.209, Loss_kd 1.484, Loss_kernel 0.002, Train_accy 94.15
2025-06-29 02:59:24,976 [icarl.py] => Task 4, Epoch 118/200 => Loss 1.688, Loss_clf 0.231, Loss_kd 1.455, Loss_kernel 0.002, Train_accy 93.37
2025-06-29 02:59:37,723 [icarl.py] => Task 4, Epoch 119/200 => Loss 1.688, Loss_clf 0.220, Loss_kd 1.466, Loss_kernel 0.002, Train_accy 93.66
2025-06-29 02:59:50,839 [icarl.py] => Task 4, Epoch 120/200 => Loss 1.665, Loss_clf 0.217, Loss_kd 1.446, Loss_kernel 0.002, Train_accy 93.70
2025-06-29 03:00:13,686 [icarl.py] => Task 4, Epoch 121/200 => Loss 1.637, Loss_clf 0.188, Loss_kd 1.447, Loss_kernel 0.002, Train_accy 94.70, Test_accy {'Art': 37.93, 'Clipart': 56.61, 'Real World': 35.07, 'Product': 74.52}
2025-06-29 03:00:25,802 [icarl.py] => Task 4, Epoch 122/200 => Loss 1.653, Loss_clf 0.210, Loss_kd 1.441, Loss_kernel 0.002, Train_accy 93.87
2025-06-29 03:00:38,882 [icarl.py] => Task 4, Epoch 123/200 => Loss 1.651, Loss_clf 0.196, Loss_kd 1.453, Loss_kernel 0.002, Train_accy 94.75
2025-06-29 03:00:52,312 [icarl.py] => Task 4, Epoch 124/200 => Loss 1.624, Loss_clf 0.186, Loss_kd 1.436, Loss_kernel 0.002, Train_accy 94.65
2025-06-29 03:01:05,769 [icarl.py] => Task 4, Epoch 125/200 => Loss 1.666, Loss_clf 0.215, Loss_kd 1.449, Loss_kernel 0.002, Train_accy 94.09
2025-06-29 03:01:27,914 [icarl.py] => Task 4, Epoch 126/200 => Loss 1.646, Loss_clf 0.199, Loss_kd 1.446, Loss_kernel 0.002, Train_accy 93.76, Test_accy {'Art': 37.36, 'Clipart': 57.18, 'Real World': 33.04, 'Product': 73.42}
2025-06-29 03:01:40,873 [icarl.py] => Task 4, Epoch 127/200 => Loss 1.680, Loss_clf 0.218, Loss_kd 1.461, Loss_kernel 0.002, Train_accy 93.37
2025-06-29 03:01:54,351 [icarl.py] => Task 4, Epoch 128/200 => Loss 1.631, Loss_clf 0.184, Loss_kd 1.445, Loss_kernel 0.002, Train_accy 95.20
2025-06-29 03:02:06,748 [icarl.py] => Task 4, Epoch 129/200 => Loss 1.609, Loss_clf 0.169, Loss_kd 1.439, Loss_kernel 0.002, Train_accy 95.57
2025-06-29 03:02:19,251 [icarl.py] => Task 4, Epoch 130/200 => Loss 1.600, Loss_clf 0.169, Loss_kd 1.429, Loss_kernel 0.002, Train_accy 95.23
2025-06-29 03:02:41,601 [icarl.py] => Task 4, Epoch 131/200 => Loss 1.621, Loss_clf 0.182, Loss_kd 1.437, Loss_kernel 0.002, Train_accy 95.19, Test_accy {'Art': 37.36, 'Clipart': 54.02, 'Real World': 33.62, 'Product': 72.05}
2025-06-29 03:02:55,481 [icarl.py] => Task 4, Epoch 132/200 => Loss 1.627, Loss_clf 0.179, Loss_kd 1.446, Loss_kernel 0.002, Train_accy 94.19
2025-06-29 03:03:09,679 [icarl.py] => Task 4, Epoch 133/200 => Loss 1.619, Loss_clf 0.178, Loss_kd 1.439, Loss_kernel 0.002, Train_accy 95.05
2025-06-29 03:03:23,666 [icarl.py] => Task 4, Epoch 134/200 => Loss 1.631, Loss_clf 0.191, Loss_kd 1.438, Loss_kernel 0.002, Train_accy 94.43
2025-06-29 03:03:36,365 [icarl.py] => Task 4, Epoch 135/200 => Loss 1.619, Loss_clf 0.183, Loss_kd 1.434, Loss_kernel 0.002, Train_accy 94.98
2025-06-29 03:03:58,965 [icarl.py] => Task 4, Epoch 136/200 => Loss 1.599, Loss_clf 0.169, Loss_kd 1.429, Loss_kernel 0.002, Train_accy 95.62, Test_accy {'Art': 32.18, 'Clipart': 58.62, 'Real World': 35.36, 'Product': 73.97}
2025-06-29 03:04:11,707 [icarl.py] => Task 4, Epoch 137/200 => Loss 1.567, Loss_clf 0.149, Loss_kd 1.417, Loss_kernel 0.002, Train_accy 95.91
2025-06-29 03:04:21,369 [icarl.py] => Task 4, Epoch 138/200 => Loss 1.548, Loss_clf 0.134, Loss_kd 1.413, Loss_kernel 0.002, Train_accy 96.40
2025-06-29 03:04:33,267 [icarl.py] => Task 4, Epoch 139/200 => Loss 1.563, Loss_clf 0.145, Loss_kd 1.417, Loss_kernel 0.002, Train_accy 95.85
2025-06-29 03:04:46,363 [icarl.py] => Task 4, Epoch 140/200 => Loss 1.588, Loss_clf 0.161, Loss_kd 1.425, Loss_kernel 0.002, Train_accy 95.24
2025-06-29 03:05:08,180 [icarl.py] => Task 4, Epoch 141/200 => Loss 1.565, Loss_clf 0.145, Loss_kd 1.419, Loss_kernel 0.002, Train_accy 96.09, Test_accy {'Art': 35.63, 'Clipart': 56.03, 'Real World': 34.78, 'Product': 74.25}
2025-06-29 03:05:21,521 [icarl.py] => Task 4, Epoch 142/200 => Loss 1.605, Loss_clf 0.168, Loss_kd 1.435, Loss_kernel 0.002, Train_accy 95.15
2025-06-29 03:05:35,052 [icarl.py] => Task 4, Epoch 143/200 => Loss 1.568, Loss_clf 0.149, Loss_kd 1.417, Loss_kernel 0.002, Train_accy 95.81
2025-06-29 03:05:48,888 [icarl.py] => Task 4, Epoch 144/200 => Loss 1.560, Loss_clf 0.139, Loss_kd 1.420, Loss_kernel 0.002, Train_accy 96.20
2025-06-29 03:06:01,927 [icarl.py] => Task 4, Epoch 145/200 => Loss 1.587, Loss_clf 0.159, Loss_kd 1.427, Loss_kernel 0.002, Train_accy 95.38
2025-06-29 03:06:24,270 [icarl.py] => Task 4, Epoch 146/200 => Loss 1.576, Loss_clf 0.151, Loss_kd 1.423, Loss_kernel 0.002, Train_accy 95.48, Test_accy {'Art': 35.63, 'Clipart': 55.17, 'Real World': 34.2, 'Product': 75.34}
2025-06-29 03:06:37,755 [icarl.py] => Task 4, Epoch 147/200 => Loss 1.528, Loss_clf 0.136, Loss_kd 1.391, Loss_kernel 0.002, Train_accy 95.96
2025-06-29 03:06:52,338 [icarl.py] => Task 4, Epoch 148/200 => Loss 1.542, Loss_clf 0.138, Loss_kd 1.403, Loss_kernel 0.002, Train_accy 96.02
2025-06-29 03:07:04,236 [icarl.py] => Task 4, Epoch 149/200 => Loss 1.601, Loss_clf 0.169, Loss_kd 1.430, Loss_kernel 0.001, Train_accy 95.26
2025-06-29 03:07:17,745 [icarl.py] => Task 4, Epoch 150/200 => Loss 1.559, Loss_clf 0.134, Loss_kd 1.423, Loss_kernel 0.002, Train_accy 96.44
2025-06-29 03:07:38,181 [icarl.py] => Task 4, Epoch 151/200 => Loss 1.523, Loss_clf 0.122, Loss_kd 1.400, Loss_kernel 0.002, Train_accy 96.61, Test_accy {'Art': 37.36, 'Clipart': 56.32, 'Real World': 32.46, 'Product': 75.07}
2025-06-29 03:07:50,822 [icarl.py] => Task 4, Epoch 152/200 => Loss 1.534, Loss_clf 0.120, Loss_kd 1.412, Loss_kernel 0.001, Train_accy 96.76
2025-06-29 03:08:03,838 [icarl.py] => Task 4, Epoch 153/200 => Loss 1.547, Loss_clf 0.128, Loss_kd 1.418, Loss_kernel 0.001, Train_accy 96.43
2025-06-29 03:08:16,494 [icarl.py] => Task 4, Epoch 154/200 => Loss 1.538, Loss_clf 0.137, Loss_kd 1.400, Loss_kernel 0.001, Train_accy 95.86
2025-06-29 03:08:30,206 [icarl.py] => Task 4, Epoch 155/200 => Loss 1.550, Loss_clf 0.134, Loss_kd 1.414, Loss_kernel 0.001, Train_accy 96.06
2025-06-29 03:08:52,372 [icarl.py] => Task 4, Epoch 156/200 => Loss 1.557, Loss_clf 0.132, Loss_kd 1.423, Loss_kernel 0.001, Train_accy 96.52, Test_accy {'Art': 36.78, 'Clipart': 56.9, 'Real World': 32.75, 'Product': 76.71}
2025-06-29 03:09:06,166 [icarl.py] => Task 4, Epoch 157/200 => Loss 1.564, Loss_clf 0.131, Loss_kd 1.431, Loss_kernel 0.001, Train_accy 96.20
2025-06-29 03:09:17,745 [icarl.py] => Task 4, Epoch 158/200 => Loss 1.546, Loss_clf 0.136, Loss_kd 1.408, Loss_kernel 0.001, Train_accy 96.86
2025-06-29 03:09:30,684 [icarl.py] => Task 4, Epoch 159/200 => Loss 1.546, Loss_clf 0.121, Loss_kd 1.423, Loss_kernel 0.002, Train_accy 96.34
2025-06-29 03:09:42,369 [icarl.py] => Task 4, Epoch 160/200 => Loss 1.535, Loss_clf 0.132, Loss_kd 1.402, Loss_kernel 0.001, Train_accy 96.71
2025-06-29 03:10:03,379 [icarl.py] => Task 4, Epoch 161/200 => Loss 1.504, Loss_clf 0.109, Loss_kd 1.394, Loss_kernel 0.001, Train_accy 96.76, Test_accy {'Art': 40.23, 'Clipart': 57.18, 'Real World': 35.36, 'Product': 76.16}
2025-06-29 03:10:15,971 [icarl.py] => Task 4, Epoch 162/200 => Loss 1.549, Loss_clf 0.137, Loss_kd 1.411, Loss_kernel 0.001, Train_accy 96.25
2025-06-29 03:10:29,494 [icarl.py] => Task 4, Epoch 163/200 => Loss 1.570, Loss_clf 0.142, Loss_kd 1.427, Loss_kernel 0.001, Train_accy 96.20
2025-06-29 03:10:40,676 [icarl.py] => Task 4, Epoch 164/200 => Loss 1.508, Loss_clf 0.110, Loss_kd 1.397, Loss_kernel 0.001, Train_accy 97.33
2025-06-29 03:10:53,937 [icarl.py] => Task 4, Epoch 165/200 => Loss 1.527, Loss_clf 0.118, Loss_kd 1.407, Loss_kernel 0.001, Train_accy 96.68
2025-06-29 03:11:14,816 [icarl.py] => Task 4, Epoch 166/200 => Loss 1.516, Loss_clf 0.108, Loss_kd 1.407, Loss_kernel 0.001, Train_accy 97.24, Test_accy {'Art': 41.95, 'Clipart': 57.18, 'Real World': 35.07, 'Product': 76.16}
2025-06-29 03:11:25,723 [icarl.py] => Task 4, Epoch 167/200 => Loss 1.522, Loss_clf 0.112, Loss_kd 1.409, Loss_kernel 0.001, Train_accy 97.14
2025-06-29 03:11:38,854 [icarl.py] => Task 4, Epoch 168/200 => Loss 1.543, Loss_clf 0.134, Loss_kd 1.408, Loss_kernel 0.001, Train_accy 96.24
2025-06-29 03:11:49,061 [icarl.py] => Task 4, Epoch 169/200 => Loss 1.522, Loss_clf 0.115, Loss_kd 1.405, Loss_kernel 0.001, Train_accy 97.14
2025-06-29 03:12:01,525 [icarl.py] => Task 4, Epoch 170/200 => Loss 1.526, Loss_clf 0.119, Loss_kd 1.405, Loss_kernel 0.001, Train_accy 96.91
2025-06-29 03:12:22,596 [icarl.py] => Task 4, Epoch 171/200 => Loss 1.517, Loss_clf 0.113, Loss_kd 1.403, Loss_kernel 0.001, Train_accy 97.00, Test_accy {'Art': 39.66, 'Clipart': 57.18, 'Real World': 35.36, 'Product': 76.16}
2025-06-29 03:12:34,831 [icarl.py] => Task 4, Epoch 172/200 => Loss 1.537, Loss_clf 0.132, Loss_kd 1.404, Loss_kernel 0.001, Train_accy 96.57
2025-06-29 03:12:45,514 [icarl.py] => Task 4, Epoch 173/200 => Loss 1.510, Loss_clf 0.119, Loss_kd 1.390, Loss_kernel 0.001, Train_accy 96.70
2025-06-29 03:12:57,442 [icarl.py] => Task 4, Epoch 174/200 => Loss 1.505, Loss_clf 0.108, Loss_kd 1.396, Loss_kernel 0.001, Train_accy 97.30
2025-06-29 03:13:09,209 [icarl.py] => Task 4, Epoch 175/200 => Loss 1.483, Loss_clf 0.103, Loss_kd 1.378, Loss_kernel 0.001, Train_accy 97.53
2025-06-29 03:13:29,673 [icarl.py] => Task 4, Epoch 176/200 => Loss 1.483, Loss_clf 0.101, Loss_kd 1.381, Loss_kernel 0.001, Train_accy 97.38, Test_accy {'Art': 40.23, 'Clipart': 56.32, 'Real World': 34.49, 'Product': 76.99}
2025-06-29 03:13:41,113 [icarl.py] => Task 4, Epoch 177/200 => Loss 1.493, Loss_clf 0.100, Loss_kd 1.391, Loss_kernel 0.001, Train_accy 97.38
2025-06-29 03:13:53,880 [icarl.py] => Task 4, Epoch 178/200 => Loss 1.514, Loss_clf 0.114, Loss_kd 1.399, Loss_kernel 0.001, Train_accy 96.92
2025-06-29 03:14:03,249 [icarl.py] => Task 4, Epoch 179/200 => Loss 1.490, Loss_clf 0.085, Loss_kd 1.404, Loss_kernel 0.001, Train_accy 97.71
2025-06-29 03:14:14,020 [icarl.py] => Task 4, Epoch 180/200 => Loss 1.529, Loss_clf 0.118, Loss_kd 1.409, Loss_kernel 0.001, Train_accy 96.99
2025-06-29 03:14:33,331 [icarl.py] => Task 4, Epoch 181/200 => Loss 1.510, Loss_clf 0.115, Loss_kd 1.393, Loss_kernel 0.001, Train_accy 97.04, Test_accy {'Art': 37.93, 'Clipart': 57.18, 'Real World': 33.91, 'Product': 76.71}
2025-06-29 03:14:44,810 [icarl.py] => Task 4, Epoch 182/200 => Loss 1.483, Loss_clf 0.099, Loss_kd 1.382, Loss_kernel 0.001, Train_accy 97.53
2025-06-29 03:14:56,642 [icarl.py] => Task 4, Epoch 183/200 => Loss 1.505, Loss_clf 0.111, Loss_kd 1.393, Loss_kernel 0.001, Train_accy 97.09
2025-06-29 03:15:07,945 [icarl.py] => Task 4, Epoch 184/200 => Loss 1.518, Loss_clf 0.107, Loss_kd 1.409, Loss_kernel 0.001, Train_accy 96.99
2025-06-29 03:15:19,778 [icarl.py] => Task 4, Epoch 185/200 => Loss 1.490, Loss_clf 0.107, Loss_kd 1.382, Loss_kernel 0.001, Train_accy 97.34
2025-06-29 03:15:39,140 [icarl.py] => Task 4, Epoch 186/200 => Loss 1.473, Loss_clf 0.095, Loss_kd 1.377, Loss_kernel 0.001, Train_accy 97.62, Test_accy {'Art': 36.78, 'Clipart': 57.18, 'Real World': 33.33, 'Product': 77.26}
2025-06-29 03:15:50,491 [icarl.py] => Task 4, Epoch 187/200 => Loss 1.521, Loss_clf 0.115, Loss_kd 1.405, Loss_kernel 0.001, Train_accy 96.70
2025-06-29 03:15:59,853 [icarl.py] => Task 4, Epoch 188/200 => Loss 1.486, Loss_clf 0.103, Loss_kd 1.382, Loss_kernel 0.001, Train_accy 97.42
2025-06-29 03:16:10,231 [icarl.py] => Task 4, Epoch 189/200 => Loss 1.491, Loss_clf 0.094, Loss_kd 1.396, Loss_kernel 0.001, Train_accy 97.76
2025-06-29 03:16:22,718 [icarl.py] => Task 4, Epoch 190/200 => Loss 1.500, Loss_clf 0.112, Loss_kd 1.387, Loss_kernel 0.001, Train_accy 96.71
2025-06-29 03:16:41,022 [icarl.py] => Task 4, Epoch 191/200 => Loss 1.468, Loss_clf 0.091, Loss_kd 1.375, Loss_kernel 0.001, Train_accy 97.61, Test_accy {'Art': 36.78, 'Clipart': 57.47, 'Real World': 34.78, 'Product': 77.26}
2025-06-29 03:16:53,092 [icarl.py] => Task 4, Epoch 192/200 => Loss 1.517, Loss_clf 0.109, Loss_kd 1.407, Loss_kernel 0.001, Train_accy 97.00
2025-06-29 03:17:02,377 [icarl.py] => Task 4, Epoch 193/200 => Loss 1.459, Loss_clf 0.086, Loss_kd 1.371, Loss_kernel 0.001, Train_accy 98.10
2025-06-29 03:17:11,653 [icarl.py] => Task 4, Epoch 194/200 => Loss 1.482, Loss_clf 0.082, Loss_kd 1.398, Loss_kernel 0.001, Train_accy 97.90
2025-06-29 03:17:22,967 [icarl.py] => Task 4, Epoch 195/200 => Loss 1.480, Loss_clf 0.086, Loss_kd 1.393, Loss_kernel 0.001, Train_accy 98.25
2025-06-29 03:17:43,135 [icarl.py] => Task 4, Epoch 196/200 => Loss 1.488, Loss_clf 0.104, Loss_kd 1.382, Loss_kernel 0.001, Train_accy 97.38, Test_accy {'Art': 36.21, 'Clipart': 57.18, 'Real World': 34.49, 'Product': 77.81}
2025-06-29 03:17:53,508 [icarl.py] => Task 4, Epoch 197/200 => Loss 1.472, Loss_clf 0.098, Loss_kd 1.373, Loss_kernel 0.001, Train_accy 97.09
2025-06-29 03:18:03,781 [icarl.py] => Task 4, Epoch 198/200 => Loss 1.462, Loss_clf 0.092, Loss_kd 1.369, Loss_kernel 0.001, Train_accy 97.96
2025-06-29 03:18:13,083 [icarl.py] => Task 4, Epoch 199/200 => Loss 1.473, Loss_clf 0.087, Loss_kd 1.385, Loss_kernel 0.001, Train_accy 97.86
2025-06-29 03:18:22,099 [icarl.py] => Task 4, Epoch 200/200 => Loss 1.509, Loss_clf 0.115, Loss_kd 1.392, Loss_kernel 0.001, Train_accy 97.27
2025-06-29 03:18:22,101 [base.py] => Reducing exemplars...(52 per classes)
2025-06-29 03:18:35,404 [base.py] => Constructing exemplars...(52 per classes)
2025-06-29 03:19:01,691 [icarl.py] => Exemplar size: 1300
2025-06-29 03:19:02,893 [trainer.py] => CNN [Art]: {'total': 39.08, '00-04': 65.79, '05-09': 38.24, '10-14': 37.84, '15-19': 29.63, '20-24': 21.05, 'old': 44.12, 'new': 21.05}
2025-06-29 03:19:02,894 [trainer.py] => NME [Art]: {'total': 36.78, '00-04': 52.63, '05-09': 41.18, '10-14': 32.43, '15-19': 37.04, '20-24': 21.05, 'old': 41.18, 'new': 21.05}
2025-06-29 03:19:02,894 [trainer.py] => CNN [Art] top1 curve: [60.53, 51.39, 49.54, 41.18, 39.08]
2025-06-29 03:19:02,894 [trainer.py] => CNN [Art] top5 curve: [92.11, 87.5, 70.64, 66.91, 59.77]
2025-06-29 03:19:02,894 [trainer.py] => NME [Art] top1 curve: [65.79, 56.94, 49.54, 46.32, 36.78]
2025-06-29 03:19:02,895 [trainer.py] => NME [Art] top5 curve: [100.0, 88.89, 79.82, 75.0, 66.67]
2025-06-29 03:19:02,895 [trainer.py] => Average Accuracy [Art] (CNN): 48.344
2025-06-29 03:19:02,895 [trainer.py] => Average Accuracy [Art] (NME): 51.074
2025-06-29 03:19:02,895 [trainer.py] => CNN [Clipart]: {'total': 57.18, '00-04': 62.82, '05-09': 56.45, '10-14': 53.03, '15-19': 67.92, '20-24': 49.44, 'old': 59.85, 'new': 49.44}
2025-06-29 03:19:02,895 [trainer.py] => NME [Clipart]: {'total': 59.2, '00-04': 60.26, '05-09': 61.29, '10-14': 60.61, '15-19': 67.92, '20-24': 50.56, 'old': 62.16, 'new': 50.56}
2025-06-29 03:19:02,895 [trainer.py] => CNN [Clipart] top1 curve: [70.51, 69.29, 65.05, 63.71, 57.18]
2025-06-29 03:19:02,895 [trainer.py] => CNN [Clipart] top5 curve: [97.44, 91.43, 90.29, 83.4, 80.46]
2025-06-29 03:19:02,895 [trainer.py] => NME [Clipart] top1 curve: [74.36, 70.71, 70.39, 66.41, 59.2]
2025-06-29 03:19:02,895 [trainer.py] => NME [Clipart] top5 curve: [100.0, 92.86, 89.32, 86.1, 81.32]
2025-06-29 03:19:02,896 [trainer.py] => Average Accuracy [Clipart] (CNN): 65.148
2025-06-29 03:19:02,896 [trainer.py] => Average Accuracy [Clipart] (NME): 68.214
2025-06-29 03:19:02,896 [trainer.py] => CNN [Product]: {'total': 77.26, '00-04': 91.76, '05-09': 80.0, '10-14': 80.65, '15-19': 67.53, '20-24': 62.3, 'old': 80.26, 'new': 62.3}
2025-06-29 03:19:02,896 [trainer.py] => NME [Product]: {'total': 77.53, '00-04': 87.06, '05-09': 81.25, '10-14': 79.03, '15-19': 71.43, '20-24': 65.57, 'old': 79.93, 'new': 65.57}
2025-06-29 03:19:02,896 [trainer.py] => CNN [Product] top1 curve: [92.94, 85.45, 84.14, 76.32, 77.26]
2025-06-29 03:19:02,896 [trainer.py] => CNN [Product] top5 curve: [100.0, 98.79, 96.48, 96.38, 90.14]
2025-06-29 03:19:02,896 [trainer.py] => NME [Product] top1 curve: [94.12, 88.48, 89.43, 80.92, 77.53]
2025-06-29 03:19:02,896 [trainer.py] => NME [Product] top5 curve: [100.0, 99.39, 99.12, 97.7, 93.7]
2025-06-29 03:19:02,896 [trainer.py] => Average Accuracy [Product] (CNN): 83.22200000000001
2025-06-29 03:19:02,897 [trainer.py] => Average Accuracy [Product] (NME): 86.096
2025-06-29 03:19:02,897 [trainer.py] => CNN [Real World]: {'total': 34.2, '00-04': 65.75, '05-09': 47.06, '10-14': 31.94, '15-19': 16.42, '20-24': 6.15, 'old': 40.71, 'new': 6.15}
2025-06-29 03:19:02,897 [trainer.py] => NME [Real World]: {'total': 35.94, '00-04': 45.21, '05-09': 48.53, '10-14': 34.72, '15-19': 31.34, '20-24': 18.46, 'old': 40.0, 'new': 18.46}
2025-06-29 03:19:02,897 [trainer.py] => CNN [Real World] top1 curve: [69.86, 58.16, 48.83, 42.5, 34.2]
2025-06-29 03:19:02,897 [trainer.py] => CNN [Real World] top5 curve: [95.89, 89.36, 77.0, 69.29, 60.0]
2025-06-29 03:19:02,897 [trainer.py] => NME [Real World] top1 curve: [73.97, 63.12, 48.83, 44.64, 35.94]
2025-06-29 03:19:02,897 [trainer.py] => NME [Real World] top5 curve: [100.0, 94.33, 85.92, 76.79, 69.28]
2025-06-29 03:19:02,897 [trainer.py] => Average Accuracy [Real World] (CNN): 50.71
2025-06-29 03:19:02,897 [trainer.py] => Average Accuracy [Real World] (NME): 53.3
2025-06-29 03:19:02,898 [trainer.py] => NME Harmonic Mean : 44.3319
2025-06-29 03:19:02,898 [trainer.py] => NME Macro Mean : 52.3625
2025-06-29 03:19:02,898 [trainer.py] => CNN Harmonic Mean : 42.9841
2025-06-29 03:19:02,898 [trainer.py] => CNN Macro Mean : 51.9300
2025-06-29 03:19:02,899 [trainer.py] => All params: 21302627
2025-06-29 03:19:02,900 [trainer.py] => Trainable params: 21302627
2025-06-29 03:19:02,901 [icarl.py] => Learning on 25-30
2025-06-29 03:19:28,553 [icarl.py] => Task 5, Epoch 1/200 => Loss 5.087, Loss_clf 2.697, Loss_kd 2.385, Loss_kernel 0.004, Train_accy 35.13, Test_accy {'Art': 9.13, 'Clipart': 11.46, 'Real World': 12.32, 'Product': 15.99}
2025-06-29 03:19:42,221 [icarl.py] => Task 5, Epoch 2/200 => Loss 5.662, Loss_clf 2.854, Loss_kd 2.801, Loss_kernel 0.007, Train_accy 22.41
2025-06-29 03:19:57,613 [icarl.py] => Task 5, Epoch 3/200 => Loss 5.075, Loss_clf 2.466, Loss_kd 2.602, Loss_kernel 0.006, Train_accy 30.30
2025-06-29 03:20:12,193 [icarl.py] => Task 5, Epoch 4/200 => Loss 4.579, Loss_clf 2.144, Loss_kd 2.431, Loss_kernel 0.005, Train_accy 37.69
2025-06-29 03:20:27,796 [icarl.py] => Task 5, Epoch 5/200 => Loss 4.272, Loss_clf 1.934, Loss_kd 2.334, Loss_kernel 0.005, Train_accy 44.45
2025-06-29 03:20:52,591 [icarl.py] => Task 5, Epoch 6/200 => Loss 4.159, Loss_clf 1.855, Loss_kd 2.300, Loss_kernel 0.004, Train_accy 45.61, Test_accy {'Art': 20.67, 'Clipart': 38.54, 'Real World': 26.3, 'Product': 45.72}
2025-06-29 03:21:07,906 [icarl.py] => Task 5, Epoch 7/200 => Loss 4.053, Loss_clf 1.789, Loss_kd 2.259, Loss_kernel 0.004, Train_accy 46.45
2025-06-29 03:21:23,262 [icarl.py] => Task 5, Epoch 8/200 => Loss 3.907, Loss_clf 1.678, Loss_kd 2.224, Loss_kernel 0.004, Train_accy 49.52
2025-06-29 03:21:38,443 [icarl.py] => Task 5, Epoch 9/200 => Loss 3.667, Loss_clf 1.517, Loss_kd 2.146, Loss_kernel 0.004, Train_accy 54.56
2025-06-29 03:21:52,576 [icarl.py] => Task 5, Epoch 10/200 => Loss 3.708, Loss_clf 1.544, Loss_kd 2.160, Loss_kernel 0.004, Train_accy 54.66
2025-06-29 03:22:17,138 [icarl.py] => Task 5, Epoch 11/200 => Loss 3.590, Loss_clf 1.472, Loss_kd 2.113, Loss_kernel 0.004, Train_accy 55.90, Test_accy {'Art': 25.0, 'Clipart': 34.15, 'Real World': 25.59, 'Product': 37.84}
2025-06-29 03:22:32,063 [icarl.py] => Task 5, Epoch 12/200 => Loss 3.448, Loss_clf 1.382, Loss_kd 2.063, Loss_kernel 0.004, Train_accy 58.82
2025-06-29 03:22:46,500 [icarl.py] => Task 5, Epoch 13/200 => Loss 3.375, Loss_clf 1.317, Loss_kd 2.055, Loss_kernel 0.004, Train_accy 60.63
2025-06-29 03:23:02,001 [icarl.py] => Task 5, Epoch 14/200 => Loss 3.281, Loss_clf 1.252, Loss_kd 2.025, Loss_kernel 0.003, Train_accy 62.81
2025-06-29 03:23:15,981 [icarl.py] => Task 5, Epoch 15/200 => Loss 3.100, Loss_clf 1.126, Loss_kd 1.971, Loss_kernel 0.003, Train_accy 66.13
2025-06-29 03:23:42,157 [icarl.py] => Task 5, Epoch 16/200 => Loss 3.154, Loss_clf 1.161, Loss_kd 1.989, Loss_kernel 0.004, Train_accy 64.92, Test_accy {'Art': 29.33, 'Clipart': 42.93, 'Real World': 31.28, 'Product': 59.23}
2025-06-29 03:23:57,369 [icarl.py] => Task 5, Epoch 17/200 => Loss 3.074, Loss_clf 1.090, Loss_kd 1.981, Loss_kernel 0.003, Train_accy 66.30
2025-06-29 03:24:12,937 [icarl.py] => Task 5, Epoch 18/200 => Loss 2.974, Loss_clf 1.032, Loss_kd 1.939, Loss_kernel 0.003, Train_accy 68.05
2025-06-29 03:24:27,208 [icarl.py] => Task 5, Epoch 19/200 => Loss 2.964, Loss_clf 1.029, Loss_kd 1.932, Loss_kernel 0.003, Train_accy 69.23
2025-06-29 03:24:42,083 [icarl.py] => Task 5, Epoch 20/200 => Loss 2.966, Loss_clf 1.015, Loss_kd 1.947, Loss_kernel 0.003, Train_accy 69.12
2025-06-29 03:25:06,097 [icarl.py] => Task 5, Epoch 21/200 => Loss 2.871, Loss_clf 0.952, Loss_kd 1.916, Loss_kernel 0.003, Train_accy 70.77, Test_accy {'Art': 31.25, 'Clipart': 47.56, 'Real World': 32.46, 'Product': 56.76}
2025-06-29 03:25:21,019 [icarl.py] => Task 5, Epoch 22/200 => Loss 2.752, Loss_clf 0.872, Loss_kd 1.877, Loss_kernel 0.003, Train_accy 73.43
2025-06-29 03:25:35,985 [icarl.py] => Task 5, Epoch 23/200 => Loss 2.802, Loss_clf 0.898, Loss_kd 1.901, Loss_kernel 0.003, Train_accy 72.91
2025-06-29 03:25:50,068 [icarl.py] => Task 5, Epoch 24/200 => Loss 2.791, Loss_clf 0.895, Loss_kd 1.893, Loss_kernel 0.003, Train_accy 72.93
2025-06-29 03:26:04,913 [icarl.py] => Task 5, Epoch 25/200 => Loss 2.788, Loss_clf 0.894, Loss_kd 1.891, Loss_kernel 0.004, Train_accy 72.70
2025-06-29 03:26:29,386 [icarl.py] => Task 5, Epoch 26/200 => Loss 2.681, Loss_clf 0.828, Loss_kd 1.849, Loss_kernel 0.003, Train_accy 74.61, Test_accy {'Art': 28.85, 'Clipart': 48.29, 'Real World': 33.65, 'Product': 60.59}
2025-06-29 03:26:43,665 [icarl.py] => Task 5, Epoch 27/200 => Loss 2.755, Loss_clf 0.856, Loss_kd 1.896, Loss_kernel 0.003, Train_accy 74.70
2025-06-29 03:26:58,873 [icarl.py] => Task 5, Epoch 28/200 => Loss 2.557, Loss_clf 0.725, Loss_kd 1.829, Loss_kernel 0.003, Train_accy 77.59
2025-06-29 03:27:13,348 [icarl.py] => Task 5, Epoch 29/200 => Loss 2.612, Loss_clf 0.767, Loss_kd 1.842, Loss_kernel 0.003, Train_accy 78.12
2025-06-29 03:27:28,166 [icarl.py] => Task 5, Epoch 30/200 => Loss 2.510, Loss_clf 0.690, Loss_kd 1.817, Loss_kernel 0.003, Train_accy 77.67
2025-06-29 03:27:52,780 [icarl.py] => Task 5, Epoch 31/200 => Loss 2.481, Loss_clf 0.677, Loss_kd 1.802, Loss_kernel 0.003, Train_accy 79.16, Test_accy {'Art': 31.25, 'Clipart': 51.71, 'Real World': 31.28, 'Product': 63.51}
2025-06-29 03:28:06,565 [icarl.py] => Task 5, Epoch 32/200 => Loss 2.475, Loss_clf 0.676, Loss_kd 1.796, Loss_kernel 0.003, Train_accy 79.59
2025-06-29 03:28:20,863 [icarl.py] => Task 5, Epoch 33/200 => Loss 2.462, Loss_clf 0.656, Loss_kd 1.802, Loss_kernel 0.003, Train_accy 80.03
2025-06-29 03:28:35,768 [icarl.py] => Task 5, Epoch 34/200 => Loss 2.432, Loss_clf 0.637, Loss_kd 1.792, Loss_kernel 0.003, Train_accy 81.81
2025-06-29 03:28:50,406 [icarl.py] => Task 5, Epoch 35/200 => Loss 2.463, Loss_clf 0.658, Loss_kd 1.802, Loss_kernel 0.003, Train_accy 79.70
2025-06-29 03:29:13,596 [icarl.py] => Task 5, Epoch 36/200 => Loss 2.415, Loss_clf 0.628, Loss_kd 1.783, Loss_kernel 0.003, Train_accy 81.59, Test_accy {'Art': 27.88, 'Clipart': 43.41, 'Real World': 28.44, 'Product': 63.96}
2025-06-29 03:29:29,589 [icarl.py] => Task 5, Epoch 37/200 => Loss 2.484, Loss_clf 0.671, Loss_kd 1.809, Loss_kernel 0.003, Train_accy 79.67
2025-06-29 03:29:43,846 [icarl.py] => Task 5, Epoch 38/200 => Loss 2.482, Loss_clf 0.662, Loss_kd 1.817, Loss_kernel 0.003, Train_accy 81.26
2025-06-29 03:29:59,173 [icarl.py] => Task 5, Epoch 39/200 => Loss 2.393, Loss_clf 0.615, Loss_kd 1.776, Loss_kernel 0.003, Train_accy 81.73
2025-06-29 03:30:13,756 [icarl.py] => Task 5, Epoch 40/200 => Loss 2.362, Loss_clf 0.573, Loss_kd 1.786, Loss_kernel 0.003, Train_accy 82.45
2025-06-29 03:30:38,965 [icarl.py] => Task 5, Epoch 41/200 => Loss 2.356, Loss_clf 0.568, Loss_kd 1.785, Loss_kernel 0.003, Train_accy 82.52, Test_accy {'Art': 20.67, 'Clipart': 38.29, 'Real World': 27.01, 'Product': 50.0}
2025-06-29 03:30:52,741 [icarl.py] => Task 5, Epoch 42/200 => Loss 2.463, Loss_clf 0.642, Loss_kd 1.819, Loss_kernel 0.003, Train_accy 80.85
2025-06-29 03:31:07,682 [icarl.py] => Task 5, Epoch 43/200 => Loss 2.453, Loss_clf 0.638, Loss_kd 1.812, Loss_kernel 0.003, Train_accy 80.75
2025-06-29 03:31:21,908 [icarl.py] => Task 5, Epoch 44/200 => Loss 2.446, Loss_clf 0.627, Loss_kd 1.816, Loss_kernel 0.003, Train_accy 81.23
2025-06-29 03:31:37,689 [icarl.py] => Task 5, Epoch 45/200 => Loss 2.372, Loss_clf 0.580, Loss_kd 1.789, Loss_kernel 0.003, Train_accy 82.27
2025-06-29 03:32:02,880 [icarl.py] => Task 5, Epoch 46/200 => Loss 2.373, Loss_clf 0.583, Loss_kd 1.787, Loss_kernel 0.003, Train_accy 82.89, Test_accy {'Art': 23.56, 'Clipart': 45.37, 'Real World': 26.78, 'Product': 55.41}
2025-06-29 03:32:17,930 [icarl.py] => Task 5, Epoch 47/200 => Loss 2.332, Loss_clf 0.571, Loss_kd 1.758, Loss_kernel 0.003, Train_accy 82.54
2025-06-29 03:32:34,045 [icarl.py] => Task 5, Epoch 48/200 => Loss 2.235, Loss_clf 0.499, Loss_kd 1.733, Loss_kernel 0.003, Train_accy 84.70
2025-06-29 03:32:48,544 [icarl.py] => Task 5, Epoch 49/200 => Loss 2.292, Loss_clf 0.530, Loss_kd 1.759, Loss_kernel 0.003, Train_accy 83.54
2025-06-29 03:33:03,616 [icarl.py] => Task 5, Epoch 50/200 => Loss 2.243, Loss_clf 0.502, Loss_kd 1.738, Loss_kernel 0.002, Train_accy 85.51
2025-06-29 03:33:27,927 [icarl.py] => Task 5, Epoch 51/200 => Loss 2.272, Loss_clf 0.534, Loss_kd 1.735, Loss_kernel 0.003, Train_accy 84.12, Test_accy {'Art': 27.88, 'Clipart': 43.17, 'Real World': 28.67, 'Product': 58.78}
2025-06-29 03:33:41,740 [icarl.py] => Task 5, Epoch 52/200 => Loss 2.207, Loss_clf 0.472, Loss_kd 1.732, Loss_kernel 0.002, Train_accy 86.19
2025-06-29 03:33:56,718 [icarl.py] => Task 5, Epoch 53/200 => Loss 2.260, Loss_clf 0.506, Loss_kd 1.751, Loss_kernel 0.002, Train_accy 85.15
2025-06-29 03:34:11,118 [icarl.py] => Task 5, Epoch 54/200 => Loss 2.136, Loss_clf 0.428, Loss_kd 1.706, Loss_kernel 0.003, Train_accy 87.01
2025-06-29 03:34:26,593 [icarl.py] => Task 5, Epoch 55/200 => Loss 2.166, Loss_clf 0.451, Loss_kd 1.713, Loss_kernel 0.003, Train_accy 85.59
2025-06-29 03:34:52,056 [icarl.py] => Task 5, Epoch 56/200 => Loss 2.200, Loss_clf 0.470, Loss_kd 1.727, Loss_kernel 0.003, Train_accy 86.16, Test_accy {'Art': 23.08, 'Clipart': 47.32, 'Real World': 33.65, 'Product': 65.99}
2025-06-29 03:35:06,839 [icarl.py] => Task 5, Epoch 57/200 => Loss 2.255, Loss_clf 0.517, Loss_kd 1.736, Loss_kernel 0.003, Train_accy 84.94
2025-06-29 03:35:21,386 [icarl.py] => Task 5, Epoch 58/200 => Loss 2.271, Loss_clf 0.521, Loss_kd 1.748, Loss_kernel 0.002, Train_accy 84.49
2025-06-29 03:35:35,191 [icarl.py] => Task 5, Epoch 59/200 => Loss 2.204, Loss_clf 0.472, Loss_kd 1.729, Loss_kernel 0.002, Train_accy 85.60
2025-06-29 03:35:49,462 [icarl.py] => Task 5, Epoch 60/200 => Loss 2.187, Loss_clf 0.463, Loss_kd 1.722, Loss_kernel 0.002, Train_accy 86.66
2025-06-29 03:36:14,301 [icarl.py] => Task 5, Epoch 61/200 => Loss 2.218, Loss_clf 0.491, Loss_kd 1.724, Loss_kernel 0.002, Train_accy 85.26, Test_accy {'Art': 25.48, 'Clipart': 51.71, 'Real World': 32.46, 'Product': 66.89}
2025-06-29 03:36:28,350 [icarl.py] => Task 5, Epoch 62/200 => Loss 2.178, Loss_clf 0.460, Loss_kd 1.716, Loss_kernel 0.002, Train_accy 85.87
2025-06-29 03:36:42,254 [icarl.py] => Task 5, Epoch 63/200 => Loss 2.155, Loss_clf 0.439, Loss_kd 1.713, Loss_kernel 0.002, Train_accy 87.34
2025-06-29 03:36:56,455 [icarl.py] => Task 5, Epoch 64/200 => Loss 2.159, Loss_clf 0.446, Loss_kd 1.712, Loss_kernel 0.002, Train_accy 86.74
2025-06-29 03:37:10,336 [icarl.py] => Task 5, Epoch 65/200 => Loss 2.096, Loss_clf 0.410, Loss_kd 1.684, Loss_kernel 0.002, Train_accy 88.36
2025-06-29 03:37:34,098 [icarl.py] => Task 5, Epoch 66/200 => Loss 2.093, Loss_clf 0.404, Loss_kd 1.687, Loss_kernel 0.002, Train_accy 88.34, Test_accy {'Art': 27.4, 'Clipart': 50.98, 'Real World': 32.7, 'Product': 68.92}
2025-06-29 03:37:48,286 [icarl.py] => Task 5, Epoch 67/200 => Loss 2.154, Loss_clf 0.432, Loss_kd 1.720, Loss_kernel 0.002, Train_accy 88.11
2025-06-29 03:38:03,478 [icarl.py] => Task 5, Epoch 68/200 => Loss 2.076, Loss_clf 0.380, Loss_kd 1.694, Loss_kernel 0.002, Train_accy 88.94
2025-06-29 03:38:17,096 [icarl.py] => Task 5, Epoch 69/200 => Loss 2.065, Loss_clf 0.377, Loss_kd 1.686, Loss_kernel 0.002, Train_accy 89.34
2025-06-29 03:38:31,807 [icarl.py] => Task 5, Epoch 70/200 => Loss 2.069, Loss_clf 0.381, Loss_kd 1.685, Loss_kernel 0.002, Train_accy 88.73
2025-06-29 03:38:56,691 [icarl.py] => Task 5, Epoch 71/200 => Loss 2.025, Loss_clf 0.348, Loss_kd 1.676, Loss_kernel 0.002, Train_accy 89.51, Test_accy {'Art': 25.48, 'Clipart': 53.17, 'Real World': 29.86, 'Product': 68.02}
2025-06-29 03:39:12,271 [icarl.py] => Task 5, Epoch 72/200 => Loss 2.024, Loss_clf 0.350, Loss_kd 1.672, Loss_kernel 0.002, Train_accy 89.93
2025-06-29 03:39:26,064 [icarl.py] => Task 5, Epoch 73/200 => Loss 2.072, Loss_clf 0.382, Loss_kd 1.687, Loss_kernel 0.002, Train_accy 88.68
2025-06-29 03:39:40,170 [icarl.py] => Task 5, Epoch 74/200 => Loss 2.126, Loss_clf 0.418, Loss_kd 1.706, Loss_kernel 0.002, Train_accy 87.98
2025-06-29 03:39:55,134 [icarl.py] => Task 5, Epoch 75/200 => Loss 2.110, Loss_clf 0.396, Loss_kd 1.711, Loss_kernel 0.002, Train_accy 87.95
2025-06-29 03:40:19,086 [icarl.py] => Task 5, Epoch 76/200 => Loss 1.999, Loss_clf 0.350, Loss_kd 1.647, Loss_kernel 0.002, Train_accy 90.21, Test_accy {'Art': 24.04, 'Clipart': 46.34, 'Real World': 33.18, 'Product': 69.59}
2025-06-29 03:40:35,189 [icarl.py] => Task 5, Epoch 77/200 => Loss 2.030, Loss_clf 0.359, Loss_kd 1.669, Loss_kernel 0.002, Train_accy 89.37
2025-06-29 03:40:49,274 [icarl.py] => Task 5, Epoch 78/200 => Loss 2.027, Loss_clf 0.347, Loss_kd 1.677, Loss_kernel 0.002, Train_accy 89.60
2025-06-29 03:41:04,454 [icarl.py] => Task 5, Epoch 79/200 => Loss 2.018, Loss_clf 0.363, Loss_kd 1.653, Loss_kernel 0.002, Train_accy 89.74
2025-06-29 03:41:18,101 [icarl.py] => Task 5, Epoch 80/200 => Loss 2.013, Loss_clf 0.333, Loss_kd 1.678, Loss_kernel 0.002, Train_accy 90.44
2025-06-29 03:41:42,109 [icarl.py] => Task 5, Epoch 81/200 => Loss 1.972, Loss_clf 0.320, Loss_kd 1.650, Loss_kernel 0.002, Train_accy 90.28, Test_accy {'Art': 29.33, 'Clipart': 51.46, 'Real World': 30.09, 'Product': 67.12}
2025-06-29 03:41:56,389 [icarl.py] => Task 5, Epoch 82/200 => Loss 1.985, Loss_clf 0.331, Loss_kd 1.652, Loss_kernel 0.002, Train_accy 90.28
2025-06-29 03:42:11,212 [icarl.py] => Task 5, Epoch 83/200 => Loss 1.971, Loss_clf 0.318, Loss_kd 1.650, Loss_kernel 0.002, Train_accy 90.67
2025-06-29 03:42:24,025 [icarl.py] => Task 5, Epoch 84/200 => Loss 1.983, Loss_clf 0.326, Loss_kd 1.654, Loss_kernel 0.002, Train_accy 90.17
2025-06-29 03:42:38,390 [icarl.py] => Task 5, Epoch 85/200 => Loss 2.008, Loss_clf 0.334, Loss_kd 1.672, Loss_kernel 0.002, Train_accy 90.56
2025-06-29 03:43:02,098 [icarl.py] => Task 5, Epoch 86/200 => Loss 1.965, Loss_clf 0.320, Loss_kd 1.643, Loss_kernel 0.002, Train_accy 90.52, Test_accy {'Art': 27.4, 'Clipart': 47.56, 'Real World': 32.7, 'Product': 69.14}
2025-06-29 03:43:16,567 [icarl.py] => Task 5, Epoch 87/200 => Loss 1.923, Loss_clf 0.284, Loss_kd 1.638, Loss_kernel 0.002, Train_accy 91.67
2025-06-29 03:43:31,476 [icarl.py] => Task 5, Epoch 88/200 => Loss 1.976, Loss_clf 0.323, Loss_kd 1.652, Loss_kernel 0.002, Train_accy 90.78
2025-06-29 03:43:45,742 [icarl.py] => Task 5, Epoch 89/200 => Loss 1.952, Loss_clf 0.307, Loss_kd 1.643, Loss_kernel 0.002, Train_accy 91.40
2025-06-29 03:43:58,157 [icarl.py] => Task 5, Epoch 90/200 => Loss 1.993, Loss_clf 0.316, Loss_kd 1.675, Loss_kernel 0.002, Train_accy 90.59
2025-06-29 03:44:22,870 [icarl.py] => Task 5, Epoch 91/200 => Loss 2.001, Loss_clf 0.330, Loss_kd 1.669, Loss_kernel 0.002, Train_accy 90.15, Test_accy {'Art': 29.81, 'Clipart': 52.68, 'Real World': 31.52, 'Product': 70.05}
2025-06-29 03:44:36,478 [icarl.py] => Task 5, Epoch 92/200 => Loss 1.934, Loss_clf 0.303, Loss_kd 1.629, Loss_kernel 0.002, Train_accy 90.53
2025-06-29 03:44:50,542 [icarl.py] => Task 5, Epoch 93/200 => Loss 1.917, Loss_clf 0.265, Loss_kd 1.650, Loss_kernel 0.002, Train_accy 92.32
2025-06-29 03:45:03,848 [icarl.py] => Task 5, Epoch 94/200 => Loss 1.889, Loss_clf 0.259, Loss_kd 1.629, Loss_kernel 0.002, Train_accy 92.67
2025-06-29 03:45:17,936 [icarl.py] => Task 5, Epoch 95/200 => Loss 1.895, Loss_clf 0.255, Loss_kd 1.638, Loss_kernel 0.002, Train_accy 92.85
2025-06-29 03:45:43,216 [icarl.py] => Task 5, Epoch 96/200 => Loss 1.879, Loss_clf 0.263, Loss_kd 1.614, Loss_kernel 0.002, Train_accy 91.93, Test_accy {'Art': 30.77, 'Clipart': 52.68, 'Real World': 36.02, 'Product': 74.77}
2025-06-29 03:45:56,203 [icarl.py] => Task 5, Epoch 97/200 => Loss 1.889, Loss_clf 0.259, Loss_kd 1.628, Loss_kernel 0.002, Train_accy 92.84
2025-06-29 03:46:09,205 [icarl.py] => Task 5, Epoch 98/200 => Loss 1.896, Loss_clf 0.269, Loss_kd 1.625, Loss_kernel 0.002, Train_accy 92.31
2025-06-29 03:46:23,135 [icarl.py] => Task 5, Epoch 99/200 => Loss 1.884, Loss_clf 0.261, Loss_kd 1.621, Loss_kernel 0.002, Train_accy 92.76
2025-06-29 03:46:38,661 [icarl.py] => Task 5, Epoch 100/200 => Loss 1.888, Loss_clf 0.265, Loss_kd 1.622, Loss_kernel 0.002, Train_accy 92.41
2025-06-29 03:47:03,087 [icarl.py] => Task 5, Epoch 101/200 => Loss 1.882, Loss_clf 0.268, Loss_kd 1.612, Loss_kernel 0.002, Train_accy 92.53, Test_accy {'Art': 29.33, 'Clipart': 50.0, 'Real World': 33.89, 'Product': 69.59}
2025-06-29 03:47:17,111 [icarl.py] => Task 5, Epoch 102/200 => Loss 1.926, Loss_clf 0.273, Loss_kd 1.651, Loss_kernel 0.002, Train_accy 92.49
2025-06-29 03:47:31,132 [icarl.py] => Task 5, Epoch 103/200 => Loss 1.860, Loss_clf 0.248, Loss_kd 1.610, Loss_kernel 0.002, Train_accy 93.05
2025-06-29 03:47:45,369 [icarl.py] => Task 5, Epoch 104/200 => Loss 1.879, Loss_clf 0.263, Loss_kd 1.614, Loss_kernel 0.002, Train_accy 92.53
2025-06-29 03:47:59,778 [icarl.py] => Task 5, Epoch 105/200 => Loss 1.879, Loss_clf 0.267, Loss_kd 1.611, Loss_kernel 0.002, Train_accy 92.69
2025-06-29 03:48:23,958 [icarl.py] => Task 5, Epoch 106/200 => Loss 1.873, Loss_clf 0.263, Loss_kd 1.609, Loss_kernel 0.002, Train_accy 92.86, Test_accy {'Art': 32.69, 'Clipart': 53.9, 'Real World': 36.02, 'Product': 72.3}
2025-06-29 03:48:37,103 [icarl.py] => Task 5, Epoch 107/200 => Loss 1.844, Loss_clf 0.239, Loss_kd 1.603, Loss_kernel 0.002, Train_accy 93.56
2025-06-29 03:48:51,779 [icarl.py] => Task 5, Epoch 108/200 => Loss 1.880, Loss_clf 0.262, Loss_kd 1.617, Loss_kernel 0.002, Train_accy 92.79
2025-06-29 03:49:04,458 [icarl.py] => Task 5, Epoch 109/200 => Loss 1.803, Loss_clf 0.213, Loss_kd 1.589, Loss_kernel 0.002, Train_accy 94.07
2025-06-29 03:49:17,058 [icarl.py] => Task 5, Epoch 110/200 => Loss 1.836, Loss_clf 0.230, Loss_kd 1.605, Loss_kernel 0.002, Train_accy 93.48
2025-06-29 03:49:40,831 [icarl.py] => Task 5, Epoch 111/200 => Loss 1.819, Loss_clf 0.216, Loss_kd 1.602, Loss_kernel 0.001, Train_accy 93.88, Test_accy {'Art': 25.0, 'Clipart': 55.12, 'Real World': 32.94, 'Product': 71.4}
2025-06-29 03:49:52,014 [icarl.py] => Task 5, Epoch 112/200 => Loss 1.820, Loss_clf 0.222, Loss_kd 1.596, Loss_kernel 0.001, Train_accy 93.70
2025-06-29 03:50:04,125 [icarl.py] => Task 5, Epoch 113/200 => Loss 1.826, Loss_clf 0.228, Loss_kd 1.597, Loss_kernel 0.001, Train_accy 93.07
2025-06-29 03:50:18,020 [icarl.py] => Task 5, Epoch 114/200 => Loss 1.825, Loss_clf 0.231, Loss_kd 1.593, Loss_kernel 0.002, Train_accy 93.51
2025-06-29 03:50:31,415 [icarl.py] => Task 5, Epoch 115/200 => Loss 1.792, Loss_clf 0.205, Loss_kd 1.586, Loss_kernel 0.002, Train_accy 94.14
2025-06-29 03:50:55,695 [icarl.py] => Task 5, Epoch 116/200 => Loss 1.788, Loss_clf 0.202, Loss_kd 1.585, Loss_kernel 0.001, Train_accy 94.84, Test_accy {'Art': 31.73, 'Clipart': 54.88, 'Real World': 31.75, 'Product': 72.97}
2025-06-29 03:51:09,061 [icarl.py] => Task 5, Epoch 117/200 => Loss 1.755, Loss_clf 0.180, Loss_kd 1.573, Loss_kernel 0.001, Train_accy 95.16
2025-06-29 03:51:20,200 [icarl.py] => Task 5, Epoch 118/200 => Loss 1.741, Loss_clf 0.183, Loss_kd 1.557, Loss_kernel 0.001, Train_accy 94.74
2025-06-29 03:51:33,490 [icarl.py] => Task 5, Epoch 119/200 => Loss 1.785, Loss_clf 0.203, Loss_kd 1.581, Loss_kernel 0.001, Train_accy 94.61
2025-06-29 03:51:46,816 [icarl.py] => Task 5, Epoch 120/200 => Loss 1.774, Loss_clf 0.197, Loss_kd 1.576, Loss_kernel 0.001, Train_accy 94.61
2025-06-29 03:52:10,290 [icarl.py] => Task 5, Epoch 121/200 => Loss 1.779, Loss_clf 0.198, Loss_kd 1.580, Loss_kernel 0.001, Train_accy 94.46, Test_accy {'Art': 27.88, 'Clipart': 50.24, 'Real World': 35.31, 'Product': 68.92}
2025-06-29 03:52:22,458 [icarl.py] => Task 5, Epoch 122/200 => Loss 1.789, Loss_clf 0.225, Loss_kd 1.562, Loss_kernel 0.001, Train_accy 94.09
2025-06-29 03:52:36,604 [icarl.py] => Task 5, Epoch 123/200 => Loss 1.780, Loss_clf 0.180, Loss_kd 1.599, Loss_kernel 0.001, Train_accy 95.03
2025-06-29 03:52:49,309 [icarl.py] => Task 5, Epoch 124/200 => Loss 1.753, Loss_clf 0.180, Loss_kd 1.572, Loss_kernel 0.001, Train_accy 95.24
2025-06-29 03:53:01,995 [icarl.py] => Task 5, Epoch 125/200 => Loss 1.753, Loss_clf 0.181, Loss_kd 1.571, Loss_kernel 0.001, Train_accy 94.80
2025-06-29 03:53:24,844 [icarl.py] => Task 5, Epoch 126/200 => Loss 1.741, Loss_clf 0.170, Loss_kd 1.570, Loss_kernel 0.001, Train_accy 95.35, Test_accy {'Art': 32.21, 'Clipart': 50.98, 'Real World': 31.99, 'Product': 71.62}
2025-06-29 03:53:36,375 [icarl.py] => Task 5, Epoch 127/200 => Loss 1.704, Loss_clf 0.160, Loss_kd 1.542, Loss_kernel 0.001, Train_accy 95.58
2025-06-29 03:53:49,712 [icarl.py] => Task 5, Epoch 128/200 => Loss 1.738, Loss_clf 0.173, Loss_kd 1.563, Loss_kernel 0.001, Train_accy 95.46
2025-06-29 03:54:02,839 [icarl.py] => Task 5, Epoch 129/200 => Loss 1.727, Loss_clf 0.172, Loss_kd 1.554, Loss_kernel 0.001, Train_accy 95.50
2025-06-29 03:54:16,103 [icarl.py] => Task 5, Epoch 130/200 => Loss 1.749, Loss_clf 0.175, Loss_kd 1.572, Loss_kernel 0.001, Train_accy 95.21
2025-06-29 03:54:40,174 [icarl.py] => Task 5, Epoch 131/200 => Loss 1.711, Loss_clf 0.172, Loss_kd 1.538, Loss_kernel 0.001, Train_accy 95.40, Test_accy {'Art': 32.21, 'Clipart': 54.15, 'Real World': 33.18, 'Product': 71.4}
2025-06-29 03:54:54,122 [icarl.py] => Task 5, Epoch 132/200 => Loss 1.732, Loss_clf 0.176, Loss_kd 1.554, Loss_kernel 0.001, Train_accy 95.61
2025-06-29 03:55:07,350 [icarl.py] => Task 5, Epoch 133/200 => Loss 1.703, Loss_clf 0.147, Loss_kd 1.555, Loss_kernel 0.001, Train_accy 96.15
2025-06-29 03:55:19,445 [icarl.py] => Task 5, Epoch 134/200 => Loss 1.724, Loss_clf 0.169, Loss_kd 1.553, Loss_kernel 0.001, Train_accy 95.17
2025-06-29 03:55:30,996 [icarl.py] => Task 5, Epoch 135/200 => Loss 1.676, Loss_clf 0.149, Loss_kd 1.525, Loss_kernel 0.001, Train_accy 95.87
2025-06-29 03:55:53,015 [icarl.py] => Task 5, Epoch 136/200 => Loss 1.648, Loss_clf 0.121, Loss_kd 1.526, Loss_kernel 0.001, Train_accy 96.87, Test_accy {'Art': 27.88, 'Clipart': 52.44, 'Real World': 31.28, 'Product': 74.1}
2025-06-29 03:56:05,591 [icarl.py] => Task 5, Epoch 137/200 => Loss 1.712, Loss_clf 0.161, Loss_kd 1.550, Loss_kernel 0.001, Train_accy 95.69
2025-06-29 03:56:17,068 [icarl.py] => Task 5, Epoch 138/200 => Loss 1.693, Loss_clf 0.160, Loss_kd 1.532, Loss_kernel 0.001, Train_accy 95.92
2025-06-29 03:56:29,699 [icarl.py] => Task 5, Epoch 139/200 => Loss 1.686, Loss_clf 0.139, Loss_kd 1.545, Loss_kernel 0.001, Train_accy 96.19
2025-06-29 03:56:43,073 [icarl.py] => Task 5, Epoch 140/200 => Loss 1.647, Loss_clf 0.127, Loss_kd 1.519, Loss_kernel 0.001, Train_accy 96.53
2025-06-29 03:57:05,462 [icarl.py] => Task 5, Epoch 141/200 => Loss 1.687, Loss_clf 0.136, Loss_kd 1.550, Loss_kernel 0.001, Train_accy 96.52, Test_accy {'Art': 33.17, 'Clipart': 53.41, 'Real World': 32.94, 'Product': 73.42}
2025-06-29 03:57:16,929 [icarl.py] => Task 5, Epoch 142/200 => Loss 1.671, Loss_clf 0.143, Loss_kd 1.527, Loss_kernel 0.001, Train_accy 96.31
2025-06-29 03:57:30,604 [icarl.py] => Task 5, Epoch 143/200 => Loss 1.700, Loss_clf 0.138, Loss_kd 1.560, Loss_kernel 0.001, Train_accy 96.45
2025-06-29 03:57:43,873 [icarl.py] => Task 5, Epoch 144/200 => Loss 1.703, Loss_clf 0.155, Loss_kd 1.547, Loss_kernel 0.001, Train_accy 96.05
2025-06-29 03:57:57,292 [icarl.py] => Task 5, Epoch 145/200 => Loss 1.668, Loss_clf 0.137, Loss_kd 1.529, Loss_kernel 0.001, Train_accy 96.33
2025-06-29 03:58:20,838 [icarl.py] => Task 5, Epoch 146/200 => Loss 1.653, Loss_clf 0.134, Loss_kd 1.518, Loss_kernel 0.001, Train_accy 96.33, Test_accy {'Art': 34.13, 'Clipart': 53.9, 'Real World': 33.65, 'Product': 71.85}
2025-06-29 03:58:33,695 [icarl.py] => Task 5, Epoch 147/200 => Loss 1.660, Loss_clf 0.130, Loss_kd 1.529, Loss_kernel 0.001, Train_accy 96.53
2025-06-29 03:58:46,255 [icarl.py] => Task 5, Epoch 148/200 => Loss 1.653, Loss_clf 0.124, Loss_kd 1.528, Loss_kernel 0.001, Train_accy 96.73
2025-06-29 03:58:57,900 [icarl.py] => Task 5, Epoch 149/200 => Loss 1.632, Loss_clf 0.119, Loss_kd 1.512, Loss_kernel 0.001, Train_accy 96.76
2025-06-29 03:59:10,701 [icarl.py] => Task 5, Epoch 150/200 => Loss 1.645, Loss_clf 0.120, Loss_kd 1.523, Loss_kernel 0.001, Train_accy 97.08
2025-06-29 03:59:33,992 [icarl.py] => Task 5, Epoch 151/200 => Loss 1.667, Loss_clf 0.125, Loss_kd 1.541, Loss_kernel 0.001, Train_accy 97.03, Test_accy {'Art': 32.69, 'Clipart': 53.17, 'Real World': 34.83, 'Product': 73.2}
2025-06-29 03:59:46,558 [icarl.py] => Task 5, Epoch 152/200 => Loss 1.650, Loss_clf 0.117, Loss_kd 1.532, Loss_kernel 0.001, Train_accy 96.92
2025-06-29 04:00:00,319 [icarl.py] => Task 5, Epoch 153/200 => Loss 1.654, Loss_clf 0.109, Loss_kd 1.544, Loss_kernel 0.001, Train_accy 97.38
2025-06-29 04:00:11,793 [icarl.py] => Task 5, Epoch 154/200 => Loss 1.635, Loss_clf 0.112, Loss_kd 1.521, Loss_kernel 0.001, Train_accy 97.31
2025-06-29 04:00:22,757 [icarl.py] => Task 5, Epoch 155/200 => Loss 1.662, Loss_clf 0.122, Loss_kd 1.538, Loss_kernel 0.001, Train_accy 96.76
2025-06-29 04:00:44,311 [icarl.py] => Task 5, Epoch 156/200 => Loss 1.631, Loss_clf 0.120, Loss_kd 1.510, Loss_kernel 0.001, Train_accy 97.01, Test_accy {'Art': 30.77, 'Clipart': 54.63, 'Real World': 32.46, 'Product': 72.52}
2025-06-29 04:00:56,562 [icarl.py] => Task 5, Epoch 157/200 => Loss 1.638, Loss_clf 0.120, Loss_kd 1.517, Loss_kernel 0.001, Train_accy 96.87
2025-06-29 04:01:10,158 [icarl.py] => Task 5, Epoch 158/200 => Loss 1.645, Loss_clf 0.126, Loss_kd 1.518, Loss_kernel 0.001, Train_accy 96.73
2025-06-29 04:01:22,454 [icarl.py] => Task 5, Epoch 159/200 => Loss 1.633, Loss_clf 0.111, Loss_kd 1.521, Loss_kernel 0.001, Train_accy 97.37
2025-06-29 04:01:33,616 [icarl.py] => Task 5, Epoch 160/200 => Loss 1.627, Loss_clf 0.106, Loss_kd 1.520, Loss_kernel 0.001, Train_accy 97.46
2025-06-29 04:01:54,241 [icarl.py] => Task 5, Epoch 161/200 => Loss 1.609, Loss_clf 0.098, Loss_kd 1.510, Loss_kernel 0.001, Train_accy 97.66, Test_accy {'Art': 31.73, 'Clipart': 52.2, 'Real World': 33.65, 'Product': 72.3}
2025-06-29 04:02:04,966 [icarl.py] => Task 5, Epoch 162/200 => Loss 1.599, Loss_clf 0.101, Loss_kd 1.497, Loss_kernel 0.001, Train_accy 97.60
2025-06-29 04:02:16,028 [icarl.py] => Task 5, Epoch 163/200 => Loss 1.614, Loss_clf 0.102, Loss_kd 1.511, Loss_kernel 0.001, Train_accy 97.66
2025-06-29 04:02:28,623 [icarl.py] => Task 5, Epoch 164/200 => Loss 1.631, Loss_clf 0.112, Loss_kd 1.518, Loss_kernel 0.001, Train_accy 97.51
2025-06-29 04:02:39,793 [icarl.py] => Task 5, Epoch 165/200 => Loss 1.588, Loss_clf 0.084, Loss_kd 1.504, Loss_kernel 0.001, Train_accy 98.05
2025-06-29 04:03:00,865 [icarl.py] => Task 5, Epoch 166/200 => Loss 1.626, Loss_clf 0.096, Loss_kd 1.529, Loss_kernel 0.001, Train_accy 97.86, Test_accy {'Art': 31.73, 'Clipart': 51.46, 'Real World': 33.65, 'Product': 71.85}
2025-06-29 04:03:12,344 [icarl.py] => Task 5, Epoch 167/200 => Loss 1.597, Loss_clf 0.094, Loss_kd 1.502, Loss_kernel 0.001, Train_accy 97.56
2025-06-29 04:03:24,601 [icarl.py] => Task 5, Epoch 168/200 => Loss 1.617, Loss_clf 0.104, Loss_kd 1.512, Loss_kernel 0.001, Train_accy 97.47
2025-06-29 04:03:38,130 [icarl.py] => Task 5, Epoch 169/200 => Loss 1.644, Loss_clf 0.110, Loss_kd 1.532, Loss_kernel 0.001, Train_accy 97.18
2025-06-29 04:03:48,857 [icarl.py] => Task 5, Epoch 170/200 => Loss 1.637, Loss_clf 0.109, Loss_kd 1.527, Loss_kernel 0.001, Train_accy 97.45
2025-06-29 04:04:09,836 [icarl.py] => Task 5, Epoch 171/200 => Loss 1.597, Loss_clf 0.090, Loss_kd 1.507, Loss_kernel 0.001, Train_accy 97.96, Test_accy {'Art': 32.21, 'Clipart': 52.44, 'Real World': 33.65, 'Product': 71.85}
2025-06-29 04:04:20,913 [icarl.py] => Task 5, Epoch 172/200 => Loss 1.623, Loss_clf 0.105, Loss_kd 1.517, Loss_kernel 0.001, Train_accy 97.71
2025-06-29 04:04:31,317 [icarl.py] => Task 5, Epoch 173/200 => Loss 1.602, Loss_clf 0.097, Loss_kd 1.504, Loss_kernel 0.001, Train_accy 97.65
2025-06-29 04:04:40,603 [icarl.py] => Task 5, Epoch 174/200 => Loss 1.586, Loss_clf 0.095, Loss_kd 1.490, Loss_kernel 0.001, Train_accy 97.59
2025-06-29 04:04:51,609 [icarl.py] => Task 5, Epoch 175/200 => Loss 1.601, Loss_clf 0.097, Loss_kd 1.502, Loss_kernel 0.001, Train_accy 97.96
2025-06-29 04:05:13,938 [icarl.py] => Task 5, Epoch 176/200 => Loss 1.616, Loss_clf 0.093, Loss_kd 1.522, Loss_kernel 0.001, Train_accy 97.91, Test_accy {'Art': 31.73, 'Clipart': 52.44, 'Real World': 33.65, 'Product': 72.07}
2025-06-29 04:05:24,688 [icarl.py] => Task 5, Epoch 177/200 => Loss 1.625, Loss_clf 0.101, Loss_kd 1.523, Loss_kernel 0.001, Train_accy 97.85
2025-06-29 04:05:34,617 [icarl.py] => Task 5, Epoch 178/200 => Loss 1.612, Loss_clf 0.092, Loss_kd 1.519, Loss_kernel 0.001, Train_accy 98.10
2025-06-29 04:05:44,314 [icarl.py] => Task 5, Epoch 179/200 => Loss 1.606, Loss_clf 0.100, Loss_kd 1.505, Loss_kernel 0.001, Train_accy 97.50
2025-06-29 04:05:54,965 [icarl.py] => Task 5, Epoch 180/200 => Loss 1.577, Loss_clf 0.075, Loss_kd 1.501, Loss_kernel 0.001, Train_accy 98.35
2025-06-29 04:06:14,556 [icarl.py] => Task 5, Epoch 181/200 => Loss 1.590, Loss_clf 0.091, Loss_kd 1.498, Loss_kernel 0.001, Train_accy 97.75, Test_accy {'Art': 32.21, 'Clipart': 52.93, 'Real World': 33.65, 'Product': 72.3}
2025-06-29 04:06:25,617 [icarl.py] => Task 5, Epoch 182/200 => Loss 1.600, Loss_clf 0.085, Loss_kd 1.514, Loss_kernel 0.001, Train_accy 98.10
2025-06-29 04:06:36,584 [icarl.py] => Task 5, Epoch 183/200 => Loss 1.605, Loss_clf 0.101, Loss_kd 1.503, Loss_kernel 0.001, Train_accy 97.61
2025-06-29 04:06:48,732 [icarl.py] => Task 5, Epoch 184/200 => Loss 1.581, Loss_clf 0.090, Loss_kd 1.490, Loss_kernel 0.001, Train_accy 97.81
2025-06-29 04:06:58,057 [icarl.py] => Task 5, Epoch 185/200 => Loss 1.581, Loss_clf 0.094, Loss_kd 1.486, Loss_kernel 0.001, Train_accy 97.74
2025-06-29 04:07:21,482 [icarl.py] => Task 5, Epoch 186/200 => Loss 1.578, Loss_clf 0.091, Loss_kd 1.486, Loss_kernel 0.001, Train_accy 97.72, Test_accy {'Art': 33.17, 'Clipart': 53.9, 'Real World': 33.18, 'Product': 71.85}
2025-06-29 04:07:30,439 [icarl.py] => Task 5, Epoch 187/200 => Loss 1.557, Loss_clf 0.075, Loss_kd 1.481, Loss_kernel 0.001, Train_accy 98.14
2025-06-29 04:07:38,981 [icarl.py] => Task 5, Epoch 188/200 => Loss 1.591, Loss_clf 0.091, Loss_kd 1.498, Loss_kernel 0.001, Train_accy 98.24
2025-06-29 04:07:48,448 [icarl.py] => Task 5, Epoch 189/200 => Loss 1.596, Loss_clf 0.101, Loss_kd 1.494, Loss_kernel 0.001, Train_accy 97.64
2025-06-29 04:07:58,166 [icarl.py] => Task 5, Epoch 190/200 => Loss 1.600, Loss_clf 0.085, Loss_kd 1.514, Loss_kernel 0.001, Train_accy 98.40
2025-06-29 04:08:18,540 [icarl.py] => Task 5, Epoch 191/200 => Loss 1.603, Loss_clf 0.110, Loss_kd 1.491, Loss_kernel 0.001, Train_accy 96.85, Test_accy {'Art': 32.21, 'Clipart': 53.17, 'Real World': 32.46, 'Product': 71.62}
2025-06-29 04:08:28,666 [icarl.py] => Task 5, Epoch 192/200 => Loss 1.577, Loss_clf 0.090, Loss_kd 1.486, Loss_kernel 0.001, Train_accy 98.15
2025-06-29 04:08:39,827 [icarl.py] => Task 5, Epoch 193/200 => Loss 1.575, Loss_clf 0.088, Loss_kd 1.486, Loss_kernel 0.001, Train_accy 97.85
2025-06-29 04:08:48,950 [icarl.py] => Task 5, Epoch 194/200 => Loss 1.579, Loss_clf 0.091, Loss_kd 1.487, Loss_kernel 0.001, Train_accy 98.20
2025-06-29 04:08:59,831 [icarl.py] => Task 5, Epoch 195/200 => Loss 1.592, Loss_clf 0.090, Loss_kd 1.502, Loss_kernel 0.001, Train_accy 97.90
2025-06-29 04:09:20,078 [icarl.py] => Task 5, Epoch 196/200 => Loss 1.563, Loss_clf 0.075, Loss_kd 1.487, Loss_kernel 0.001, Train_accy 98.55, Test_accy {'Art': 34.62, 'Clipart': 52.44, 'Real World': 33.41, 'Product': 71.85}
2025-06-29 04:09:30,808 [icarl.py] => Task 5, Epoch 197/200 => Loss 1.607, Loss_clf 0.104, Loss_kd 1.502, Loss_kernel 0.001, Train_accy 96.95
2025-06-29 04:09:40,042 [icarl.py] => Task 5, Epoch 198/200 => Loss 1.579, Loss_clf 0.080, Loss_kd 1.498, Loss_kernel 0.001, Train_accy 97.89
2025-06-29 04:09:48,929 [icarl.py] => Task 5, Epoch 199/200 => Loss 1.558, Loss_clf 0.072, Loss_kd 1.485, Loss_kernel 0.001, Train_accy 98.24
2025-06-29 04:09:59,017 [icarl.py] => Task 5, Epoch 200/200 => Loss 1.595, Loss_clf 0.092, Loss_kd 1.502, Loss_kernel 0.001, Train_accy 97.95
2025-06-29 04:09:59,018 [base.py] => Reducing exemplars...(43 per classes)
2025-06-29 04:10:15,353 [base.py] => Constructing exemplars...(43 per classes)
2025-06-29 04:10:44,344 [icarl.py] => Exemplar size: 1290
2025-06-29 04:10:45,508 [trainer.py] => CNN [Art]: {'total': 32.21, '00-04': 63.16, '05-09': 35.29, '10-14': 32.43, '15-19': 29.63, '20-24': 18.42, '25-29': 11.76, 'old': 36.21, 'new': 11.76}
2025-06-29 04:10:45,508 [trainer.py] => NME [Art]: {'total': 37.98, '00-04': 47.37, '05-09': 38.24, '10-14': 40.54, '15-19': 40.74, '20-24': 26.32, '25-29': 35.29, 'old': 38.51, 'new': 35.29}
2025-06-29 04:10:45,508 [trainer.py] => CNN [Art] top1 curve: [60.53, 51.39, 49.54, 41.18, 39.08, 32.21]
2025-06-29 04:10:45,508 [trainer.py] => CNN [Art] top5 curve: [92.11, 87.5, 70.64, 66.91, 59.77, 56.73]
2025-06-29 04:10:45,509 [trainer.py] => NME [Art] top1 curve: [65.79, 56.94, 49.54, 46.32, 36.78, 37.98]
2025-06-29 04:10:45,509 [trainer.py] => NME [Art] top5 curve: [100.0, 88.89, 79.82, 75.0, 66.67, 63.46]
2025-06-29 04:10:45,509 [trainer.py] => Average Accuracy [Art] (CNN): 45.655
2025-06-29 04:10:45,509 [trainer.py] => Average Accuracy [Art] (NME): 48.89166666666667
2025-06-29 04:10:45,509 [trainer.py] => CNN [Clipart]: {'total': 52.68, '00-04': 64.1, '05-09': 56.45, '10-14': 53.03, '15-19': 60.38, '20-24': 38.2, '25-29': 48.39, 'old': 53.45, 'new': 48.39}
2025-06-29 04:10:45,509 [trainer.py] => NME [Clipart]: {'total': 53.41, '00-04': 56.41, '05-09': 58.06, '10-14': 56.06, '15-19': 66.04, '20-24': 38.2, '25-29': 53.23, 'old': 53.45, 'new': 53.23}
2025-06-29 04:10:45,509 [trainer.py] => CNN [Clipart] top1 curve: [70.51, 69.29, 65.05, 63.71, 57.18, 52.68]
2025-06-29 04:10:45,510 [trainer.py] => CNN [Clipart] top5 curve: [97.44, 91.43, 90.29, 83.4, 80.46, 78.05]
2025-06-29 04:10:45,510 [trainer.py] => NME [Clipart] top1 curve: [74.36, 70.71, 70.39, 66.41, 59.2, 53.41]
2025-06-29 04:10:45,510 [trainer.py] => NME [Clipart] top5 curve: [100.0, 92.86, 89.32, 86.1, 81.32, 79.51]
2025-06-29 04:10:45,510 [trainer.py] => Average Accuracy [Clipart] (CNN): 63.07
2025-06-29 04:10:45,510 [trainer.py] => Average Accuracy [Clipart] (NME): 65.74666666666667
2025-06-29 04:10:45,510 [trainer.py] => CNN [Product]: {'total': 71.62, '00-04': 85.88, '05-09': 73.75, '10-14': 79.03, '15-19': 66.23, '20-24': 52.46, '25-29': 68.35, 'old': 72.33, 'new': 68.35}
2025-06-29 04:10:45,510 [trainer.py] => NME [Product]: {'total': 75.45, '00-04': 81.18, '05-09': 77.5, '10-14': 83.87, '15-19': 74.03, '20-24': 57.38, '25-29': 75.95, 'old': 75.34, 'new': 75.95}
2025-06-29 04:10:45,510 [trainer.py] => CNN [Product] top1 curve: [92.94, 85.45, 84.14, 76.32, 77.26, 71.62]
2025-06-29 04:10:45,511 [trainer.py] => CNN [Product] top5 curve: [100.0, 98.79, 96.48, 96.38, 90.14, 91.67]
2025-06-29 04:10:45,511 [trainer.py] => NME [Product] top1 curve: [94.12, 88.48, 89.43, 80.92, 77.53, 75.45]
2025-06-29 04:10:45,511 [trainer.py] => NME [Product] top5 curve: [100.0, 99.39, 99.12, 97.7, 93.7, 93.92]
2025-06-29 04:10:45,511 [trainer.py] => Average Accuracy [Product] (CNN): 81.28833333333334
2025-06-29 04:10:45,511 [trainer.py] => Average Accuracy [Product] (NME): 84.32166666666667
2025-06-29 04:10:45,511 [trainer.py] => CNN [Real World]: {'total': 33.18, '00-04': 64.38, '05-09': 45.59, '10-14': 33.33, '15-19': 23.88, '20-24': 6.15, '25-29': 23.38, 'old': 35.36, 'new': 23.38}
2025-06-29 04:10:45,511 [trainer.py] => NME [Real World]: {'total': 35.31, '00-04': 45.21, '05-09': 47.06, '10-14': 38.89, '15-19': 25.37, '20-24': 10.77, '25-29': 41.56, 'old': 33.91, 'new': 41.56}
2025-06-29 04:10:45,511 [trainer.py] => CNN [Real World] top1 curve: [69.86, 58.16, 48.83, 42.5, 34.2, 33.18]
2025-06-29 04:10:45,511 [trainer.py] => CNN [Real World] top5 curve: [95.89, 89.36, 77.0, 69.29, 60.0, 58.53]
2025-06-29 04:10:45,512 [trainer.py] => NME [Real World] top1 curve: [73.97, 63.12, 48.83, 44.64, 35.94, 35.31]
2025-06-29 04:10:45,512 [trainer.py] => NME [Real World] top5 curve: [100.0, 94.33, 85.92, 76.79, 69.28, 66.35]
2025-06-29 04:10:45,512 [trainer.py] => Average Accuracy [Real World] (CNN): 47.788333333333334
2025-06-29 04:10:45,512 [trainer.py] => Average Accuracy [Real World] (NME): 50.30166666666667
2025-06-29 04:10:45,512 [trainer.py] => NME Harmonic Mean : 43.1948
2025-06-29 04:10:45,512 [trainer.py] => NME Macro Mean : 50.5375
2025-06-29 04:10:45,512 [trainer.py] => CNN Harmonic Mean : 40.5624
2025-06-29 04:10:45,512 [trainer.py] => CNN Macro Mean : 47.4225
2025-06-29 04:10:45,514 [trainer.py] => All params: 21305192
2025-06-29 04:10:45,514 [trainer.py] => Trainable params: 21305192
2025-06-29 04:10:45,516 [icarl.py] => Learning on 30-35
2025-06-29 04:11:13,300 [icarl.py] => Task 6, Epoch 1/200 => Loss 4.811, Loss_clf 2.417, Loss_kd 2.391, Loss_kernel 0.003, Train_accy 39.18, Test_accy {'Art': 7.6, 'Clipart': 7.81, 'Real World': 5.23, 'Product': 6.26}
2025-06-29 04:11:29,109 [icarl.py] => Task 6, Epoch 2/200 => Loss 6.053, Loss_clf 3.017, Loss_kd 3.029, Loss_kernel 0.007, Train_accy 20.09
2025-06-29 04:11:45,517 [icarl.py] => Task 6, Epoch 3/200 => Loss 5.286, Loss_clf 2.474, Loss_kd 2.807, Loss_kernel 0.005, Train_accy 31.13
2025-06-29 04:12:00,267 [icarl.py] => Task 6, Epoch 4/200 => Loss 4.798, Loss_clf 2.183, Loss_kd 2.611, Loss_kernel 0.004, Train_accy 38.77
2025-06-29 04:12:13,828 [icarl.py] => Task 6, Epoch 5/200 => Loss 4.583, Loss_clf 2.052, Loss_kd 2.527, Loss_kernel 0.004, Train_accy 40.43
2025-06-29 04:12:41,695 [icarl.py] => Task 6, Epoch 6/200 => Loss 4.341, Loss_clf 1.901, Loss_kd 2.437, Loss_kernel 0.004, Train_accy 44.17, Test_accy {'Art': 16.35, 'Clipart': 32.7, 'Real World': 25.15, 'Product': 45.79}
2025-06-29 04:12:56,227 [icarl.py] => Task 6, Epoch 7/200 => Loss 4.141, Loss_clf 1.752, Loss_kd 2.386, Loss_kernel 0.004, Train_accy 49.23
2025-06-29 04:13:10,517 [icarl.py] => Task 6, Epoch 8/200 => Loss 4.094, Loss_clf 1.717, Loss_kd 2.373, Loss_kernel 0.003, Train_accy 50.77
2025-06-29 04:13:25,343 [icarl.py] => Task 6, Epoch 9/200 => Loss 3.900, Loss_clf 1.596, Loss_kd 2.300, Loss_kernel 0.004, Train_accy 52.18
2025-06-29 04:13:39,808 [icarl.py] => Task 6, Epoch 10/200 => Loss 3.816, Loss_clf 1.535, Loss_kd 2.278, Loss_kernel 0.003, Train_accy 54.63
2025-06-29 04:14:06,248 [icarl.py] => Task 6, Epoch 11/200 => Loss 3.786, Loss_clf 1.498, Loss_kd 2.285, Loss_kernel 0.003, Train_accy 55.91, Test_accy {'Art': 19.77, 'Clipart': 35.65, 'Real World': 23.94, 'Product': 52.05}
2025-06-29 04:14:20,758 [icarl.py] => Task 6, Epoch 12/200 => Loss 3.611, Loss_clf 1.388, Loss_kd 2.219, Loss_kernel 0.003, Train_accy 58.78
2025-06-29 04:14:36,424 [icarl.py] => Task 6, Epoch 13/200 => Loss 3.658, Loss_clf 1.416, Loss_kd 2.239, Loss_kernel 0.003, Train_accy 57.34
2025-06-29 04:14:51,418 [icarl.py] => Task 6, Epoch 14/200 => Loss 3.447, Loss_clf 1.272, Loss_kd 2.171, Loss_kernel 0.003, Train_accy 61.43
2025-06-29 04:15:06,391 [icarl.py] => Task 6, Epoch 15/200 => Loss 3.349, Loss_clf 1.189, Loss_kd 2.156, Loss_kernel 0.003, Train_accy 63.60
2025-06-29 04:15:32,547 [icarl.py] => Task 6, Epoch 16/200 => Loss 3.333, Loss_clf 1.196, Loss_kd 2.134, Loss_kernel 0.003, Train_accy 64.51, Test_accy {'Art': 21.29, 'Clipart': 36.71, 'Real World': 24.35, 'Product': 54.01}
2025-06-29 04:15:48,276 [icarl.py] => Task 6, Epoch 17/200 => Loss 3.313, Loss_clf 1.173, Loss_kd 2.136, Loss_kernel 0.003, Train_accy 64.95
2025-06-29 04:16:03,931 [icarl.py] => Task 6, Epoch 18/200 => Loss 3.188, Loss_clf 1.078, Loss_kd 2.106, Loss_kernel 0.003, Train_accy 67.24
2025-06-29 04:16:19,631 [icarl.py] => Task 6, Epoch 19/200 => Loss 2.950, Loss_clf 0.924, Loss_kd 2.023, Loss_kernel 0.003, Train_accy 73.38
2025-06-29 04:16:34,633 [icarl.py] => Task 6, Epoch 20/200 => Loss 2.995, Loss_clf 0.960, Loss_kd 2.031, Loss_kernel 0.003, Train_accy 70.86
2025-06-29 04:17:02,434 [icarl.py] => Task 6, Epoch 21/200 => Loss 3.030, Loss_clf 0.972, Loss_kd 2.055, Loss_kernel 0.003, Train_accy 71.05, Test_accy {'Art': 23.57, 'Clipart': 40.3, 'Real World': 29.98, 'Product': 56.95}
2025-06-29 04:17:17,184 [icarl.py] => Task 6, Epoch 22/200 => Loss 2.913, Loss_clf 0.895, Loss_kd 2.015, Loss_kernel 0.003, Train_accy 73.48
2025-06-29 04:17:32,158 [icarl.py] => Task 6, Epoch 23/200 => Loss 2.903, Loss_clf 0.887, Loss_kd 2.014, Loss_kernel 0.003, Train_accy 72.91
2025-06-29 04:17:47,305 [icarl.py] => Task 6, Epoch 24/200 => Loss 2.735, Loss_clf 0.768, Loss_kd 1.964, Loss_kernel 0.003, Train_accy 76.76
2025-06-29 04:18:02,745 [icarl.py] => Task 6, Epoch 25/200 => Loss 2.801, Loss_clf 0.813, Loss_kd 1.985, Loss_kernel 0.003, Train_accy 74.59
2025-06-29 04:18:29,533 [icarl.py] => Task 6, Epoch 26/200 => Loss 2.805, Loss_clf 0.814, Loss_kd 1.987, Loss_kernel 0.003, Train_accy 75.41, Test_accy {'Art': 24.33, 'Clipart': 38.61, 'Real World': 26.36, 'Product': 56.56}
2025-06-29 04:18:45,688 [icarl.py] => Task 6, Epoch 27/200 => Loss 2.761, Loss_clf 0.798, Loss_kd 1.960, Loss_kernel 0.003, Train_accy 76.13
2025-06-29 04:19:00,994 [icarl.py] => Task 6, Epoch 28/200 => Loss 2.818, Loss_clf 0.825, Loss_kd 1.991, Loss_kernel 0.003, Train_accy 74.72
2025-06-29 04:19:15,921 [icarl.py] => Task 6, Epoch 29/200 => Loss 2.668, Loss_clf 0.723, Loss_kd 1.943, Loss_kernel 0.003, Train_accy 78.25
2025-06-29 04:19:30,033 [icarl.py] => Task 6, Epoch 30/200 => Loss 2.621, Loss_clf 0.698, Loss_kd 1.921, Loss_kernel 0.003, Train_accy 79.17
2025-06-29 04:19:57,033 [icarl.py] => Task 6, Epoch 31/200 => Loss 2.625, Loss_clf 0.681, Loss_kd 1.941, Loss_kernel 0.003, Train_accy 80.09, Test_accy {'Art': 23.95, 'Clipart': 38.19, 'Real World': 28.97, 'Product': 56.75}
2025-06-29 04:20:12,125 [icarl.py] => Task 6, Epoch 32/200 => Loss 2.640, Loss_clf 0.698, Loss_kd 1.939, Loss_kernel 0.003, Train_accy 78.27
2025-06-29 04:20:27,265 [icarl.py] => Task 6, Epoch 33/200 => Loss 2.621, Loss_clf 0.687, Loss_kd 1.931, Loss_kernel 0.003, Train_accy 79.60
2025-06-29 04:20:41,506 [icarl.py] => Task 6, Epoch 34/200 => Loss 2.494, Loss_clf 0.601, Loss_kd 1.891, Loss_kernel 0.002, Train_accy 82.64
2025-06-29 04:20:56,087 [icarl.py] => Task 6, Epoch 35/200 => Loss 2.544, Loss_clf 0.622, Loss_kd 1.919, Loss_kernel 0.003, Train_accy 81.52
2025-06-29 04:21:23,027 [icarl.py] => Task 6, Epoch 36/200 => Loss 2.502, Loss_clf 0.605, Loss_kd 1.895, Loss_kernel 0.002, Train_accy 82.52, Test_accy {'Art': 22.43, 'Clipart': 45.15, 'Real World': 28.97, 'Product': 64.19}
2025-06-29 04:21:39,126 [icarl.py] => Task 6, Epoch 37/200 => Loss 2.463, Loss_clf 0.584, Loss_kd 1.877, Loss_kernel 0.002, Train_accy 82.21
2025-06-29 04:21:55,613 [icarl.py] => Task 6, Epoch 38/200 => Loss 2.464, Loss_clf 0.584, Loss_kd 1.877, Loss_kernel 0.003, Train_accy 81.89
2025-06-29 04:22:09,502 [icarl.py] => Task 6, Epoch 39/200 => Loss 2.484, Loss_clf 0.596, Loss_kd 1.886, Loss_kernel 0.002, Train_accy 82.77
2025-06-29 04:22:25,350 [icarl.py] => Task 6, Epoch 40/200 => Loss 2.468, Loss_clf 0.599, Loss_kd 1.866, Loss_kernel 0.003, Train_accy 81.73
2025-06-29 04:22:51,296 [icarl.py] => Task 6, Epoch 41/200 => Loss 2.490, Loss_clf 0.589, Loss_kd 1.898, Loss_kernel 0.003, Train_accy 82.83, Test_accy {'Art': 26.24, 'Clipart': 40.72, 'Real World': 27.16, 'Product': 65.17}
2025-06-29 04:23:06,394 [icarl.py] => Task 6, Epoch 42/200 => Loss 2.530, Loss_clf 0.620, Loss_kd 1.908, Loss_kernel 0.003, Train_accy 81.47
2025-06-29 04:23:22,156 [icarl.py] => Task 6, Epoch 43/200 => Loss 2.440, Loss_clf 0.556, Loss_kd 1.882, Loss_kernel 0.002, Train_accy 83.14
2025-06-29 04:23:36,204 [icarl.py] => Task 6, Epoch 44/200 => Loss 2.376, Loss_clf 0.513, Loss_kd 1.861, Loss_kernel 0.002, Train_accy 84.32
2025-06-29 04:23:49,469 [icarl.py] => Task 6, Epoch 45/200 => Loss 2.406, Loss_clf 0.524, Loss_kd 1.880, Loss_kernel 0.002, Train_accy 84.78
2025-06-29 04:24:14,930 [icarl.py] => Task 6, Epoch 46/200 => Loss 2.447, Loss_clf 0.557, Loss_kd 1.887, Loss_kernel 0.002, Train_accy 83.25, Test_accy {'Art': 26.62, 'Clipart': 39.45, 'Real World': 25.96, 'Product': 58.32}
2025-06-29 04:24:30,026 [icarl.py] => Task 6, Epoch 47/200 => Loss 2.416, Loss_clf 0.547, Loss_kd 1.866, Loss_kernel 0.002, Train_accy 83.01
2025-06-29 04:24:45,956 [icarl.py] => Task 6, Epoch 48/200 => Loss 2.340, Loss_clf 0.490, Loss_kd 1.847, Loss_kernel 0.002, Train_accy 84.81
2025-06-29 04:24:59,946 [icarl.py] => Task 6, Epoch 49/200 => Loss 2.318, Loss_clf 0.478, Loss_kd 1.838, Loss_kernel 0.002, Train_accy 86.29
2025-06-29 04:25:14,949 [icarl.py] => Task 6, Epoch 50/200 => Loss 2.429, Loss_clf 0.549, Loss_kd 1.877, Loss_kernel 0.002, Train_accy 84.21
2025-06-29 04:25:41,200 [icarl.py] => Task 6, Epoch 51/200 => Loss 2.414, Loss_clf 0.528, Loss_kd 1.883, Loss_kernel 0.003, Train_accy 83.58, Test_accy {'Art': 25.48, 'Clipart': 41.56, 'Real World': 28.77, 'Product': 56.75}
2025-06-29 04:25:55,912 [icarl.py] => Task 6, Epoch 52/200 => Loss 2.434, Loss_clf 0.550, Loss_kd 1.881, Loss_kernel 0.002, Train_accy 84.31
2025-06-29 04:26:11,198 [icarl.py] => Task 6, Epoch 53/200 => Loss 2.425, Loss_clf 0.541, Loss_kd 1.882, Loss_kernel 0.002, Train_accy 83.41
2025-06-29 04:26:27,068 [icarl.py] => Task 6, Epoch 54/200 => Loss 2.395, Loss_clf 0.537, Loss_kd 1.856, Loss_kernel 0.002, Train_accy 83.64
2025-06-29 04:26:41,319 [icarl.py] => Task 6, Epoch 55/200 => Loss 2.317, Loss_clf 0.477, Loss_kd 1.838, Loss_kernel 0.002, Train_accy 86.40
2025-06-29 04:27:06,923 [icarl.py] => Task 6, Epoch 56/200 => Loss 2.296, Loss_clf 0.457, Loss_kd 1.836, Loss_kernel 0.002, Train_accy 87.13, Test_accy {'Art': 27.0, 'Clipart': 41.14, 'Real World': 32.8, 'Product': 67.91}
2025-06-29 04:27:21,827 [icarl.py] => Task 6, Epoch 57/200 => Loss 2.356, Loss_clf 0.500, Loss_kd 1.853, Loss_kernel 0.002, Train_accy 85.09
2025-06-29 04:27:35,939 [icarl.py] => Task 6, Epoch 58/200 => Loss 2.373, Loss_clf 0.520, Loss_kd 1.850, Loss_kernel 0.002, Train_accy 84.50
2025-06-29 04:27:50,524 [icarl.py] => Task 6, Epoch 59/200 => Loss 2.346, Loss_clf 0.481, Loss_kd 1.863, Loss_kernel 0.002, Train_accy 86.42
2025-06-29 04:28:03,700 [icarl.py] => Task 6, Epoch 60/200 => Loss 2.261, Loss_clf 0.442, Loss_kd 1.817, Loss_kernel 0.002, Train_accy 87.14
2025-06-29 04:28:30,005 [icarl.py] => Task 6, Epoch 61/200 => Loss 2.279, Loss_clf 0.454, Loss_kd 1.824, Loss_kernel 0.002, Train_accy 86.83, Test_accy {'Art': 24.71, 'Clipart': 45.57, 'Real World': 30.18, 'Product': 61.64}
2025-06-29 04:28:45,741 [icarl.py] => Task 6, Epoch 62/200 => Loss 2.245, Loss_clf 0.426, Loss_kd 1.817, Loss_kernel 0.002, Train_accy 88.17
2025-06-29 04:29:00,007 [icarl.py] => Task 6, Epoch 63/200 => Loss 2.292, Loss_clf 0.449, Loss_kd 1.841, Loss_kernel 0.002, Train_accy 87.22
2025-06-29 04:29:14,510 [icarl.py] => Task 6, Epoch 64/200 => Loss 2.189, Loss_clf 0.392, Loss_kd 1.794, Loss_kernel 0.002, Train_accy 88.70
2025-06-29 04:29:29,777 [icarl.py] => Task 6, Epoch 65/200 => Loss 2.223, Loss_clf 0.403, Loss_kd 1.819, Loss_kernel 0.002, Train_accy 87.47
2025-06-29 04:29:56,515 [icarl.py] => Task 6, Epoch 66/200 => Loss 2.209, Loss_clf 0.397, Loss_kd 1.810, Loss_kernel 0.002, Train_accy 88.18, Test_accy {'Art': 24.33, 'Clipart': 49.16, 'Real World': 30.58, 'Product': 65.56}
2025-06-29 04:30:11,872 [icarl.py] => Task 6, Epoch 67/200 => Loss 2.213, Loss_clf 0.407, Loss_kd 1.804, Loss_kernel 0.002, Train_accy 87.94
2025-06-29 04:30:26,612 [icarl.py] => Task 6, Epoch 68/200 => Loss 2.186, Loss_clf 0.389, Loss_kd 1.795, Loss_kernel 0.002, Train_accy 87.97
2025-06-29 04:30:41,742 [icarl.py] => Task 6, Epoch 69/200 => Loss 2.192, Loss_clf 0.373, Loss_kd 1.817, Loss_kernel 0.002, Train_accy 88.93
2025-06-29 04:30:57,271 [icarl.py] => Task 6, Epoch 70/200 => Loss 2.171, Loss_clf 0.393, Loss_kd 1.777, Loss_kernel 0.002, Train_accy 88.14
2025-06-29 04:31:24,641 [icarl.py] => Task 6, Epoch 71/200 => Loss 2.210, Loss_clf 0.405, Loss_kd 1.804, Loss_kernel 0.002, Train_accy 87.74, Test_accy {'Art': 25.86, 'Clipart': 47.05, 'Real World': 31.39, 'Product': 63.41}
2025-06-29 04:31:40,503 [icarl.py] => Task 6, Epoch 72/200 => Loss 2.237, Loss_clf 0.429, Loss_kd 1.807, Loss_kernel 0.002, Train_accy 87.94
2025-06-29 04:31:55,652 [icarl.py] => Task 6, Epoch 73/200 => Loss 2.240, Loss_clf 0.424, Loss_kd 1.814, Loss_kernel 0.002, Train_accy 87.60
2025-06-29 04:32:08,894 [icarl.py] => Task 6, Epoch 74/200 => Loss 2.174, Loss_clf 0.379, Loss_kd 1.793, Loss_kernel 0.002, Train_accy 89.30
2025-06-29 04:32:23,301 [icarl.py] => Task 6, Epoch 75/200 => Loss 2.216, Loss_clf 0.393, Loss_kd 1.820, Loss_kernel 0.002, Train_accy 88.41
2025-06-29 04:32:49,708 [icarl.py] => Task 6, Epoch 76/200 => Loss 2.185, Loss_clf 0.374, Loss_kd 1.809, Loss_kernel 0.002, Train_accy 88.85, Test_accy {'Art': 27.38, 'Clipart': 47.26, 'Real World': 30.58, 'Product': 65.36}
2025-06-29 04:33:04,014 [icarl.py] => Task 6, Epoch 77/200 => Loss 2.167, Loss_clf 0.376, Loss_kd 1.790, Loss_kernel 0.002, Train_accy 89.05
2025-06-29 04:33:17,804 [icarl.py] => Task 6, Epoch 78/200 => Loss 2.207, Loss_clf 0.397, Loss_kd 1.808, Loss_kernel 0.002, Train_accy 88.48
2025-06-29 04:33:32,441 [icarl.py] => Task 6, Epoch 79/200 => Loss 2.205, Loss_clf 0.387, Loss_kd 1.816, Loss_kernel 0.002, Train_accy 87.97
2025-06-29 04:33:47,837 [icarl.py] => Task 6, Epoch 80/200 => Loss 2.199, Loss_clf 0.378, Loss_kd 1.820, Loss_kernel 0.002, Train_accy 88.33
2025-06-29 04:34:15,729 [icarl.py] => Task 6, Epoch 81/200 => Loss 2.196, Loss_clf 0.390, Loss_kd 1.804, Loss_kernel 0.002, Train_accy 87.81, Test_accy {'Art': 28.14, 'Clipart': 45.78, 'Real World': 29.78, 'Product': 65.95}
2025-06-29 04:34:29,382 [icarl.py] => Task 6, Epoch 82/200 => Loss 2.128, Loss_clf 0.335, Loss_kd 1.792, Loss_kernel 0.002, Train_accy 89.73
2025-06-29 04:34:41,713 [icarl.py] => Task 6, Epoch 83/200 => Loss 2.124, Loss_clf 0.341, Loss_kd 1.782, Loss_kernel 0.002, Train_accy 90.06
2025-06-29 04:34:55,904 [icarl.py] => Task 6, Epoch 84/200 => Loss 2.099, Loss_clf 0.324, Loss_kd 1.773, Loss_kernel 0.002, Train_accy 90.24
2025-06-29 04:35:10,736 [icarl.py] => Task 6, Epoch 85/200 => Loss 2.158, Loss_clf 0.377, Loss_kd 1.779, Loss_kernel 0.002, Train_accy 88.99
2025-06-29 04:35:39,057 [icarl.py] => Task 6, Epoch 86/200 => Loss 2.116, Loss_clf 0.336, Loss_kd 1.778, Loss_kernel 0.002, Train_accy 90.16, Test_accy {'Art': 23.19, 'Clipart': 41.35, 'Real World': 30.18, 'Product': 59.1}
2025-06-29 04:35:52,140 [icarl.py] => Task 6, Epoch 87/200 => Loss 2.054, Loss_clf 0.298, Loss_kd 1.755, Loss_kernel 0.002, Train_accy 91.19
2025-06-29 04:36:05,281 [icarl.py] => Task 6, Epoch 88/200 => Loss 2.084, Loss_clf 0.307, Loss_kd 1.776, Loss_kernel 0.002, Train_accy 90.72
2025-06-29 04:36:18,259 [icarl.py] => Task 6, Epoch 89/200 => Loss 2.109, Loss_clf 0.322, Loss_kd 1.786, Loss_kernel 0.002, Train_accy 90.59
2025-06-29 04:36:31,805 [icarl.py] => Task 6, Epoch 90/200 => Loss 2.049, Loss_clf 0.301, Loss_kd 1.746, Loss_kernel 0.002, Train_accy 91.99
2025-06-29 04:36:57,028 [icarl.py] => Task 6, Epoch 91/200 => Loss 2.030, Loss_clf 0.289, Loss_kd 1.740, Loss_kernel 0.002, Train_accy 91.81, Test_accy {'Art': 30.42, 'Clipart': 47.26, 'Real World': 31.39, 'Product': 66.54}
2025-06-29 04:37:10,029 [icarl.py] => Task 6, Epoch 92/200 => Loss 2.045, Loss_clf 0.298, Loss_kd 1.745, Loss_kernel 0.001, Train_accy 91.63
2025-06-29 04:37:23,724 [icarl.py] => Task 6, Epoch 93/200 => Loss 2.075, Loss_clf 0.307, Loss_kd 1.766, Loss_kernel 0.002, Train_accy 90.77
2025-06-29 04:37:39,687 [icarl.py] => Task 6, Epoch 94/200 => Loss 2.104, Loss_clf 0.328, Loss_kd 1.775, Loss_kernel 0.002, Train_accy 90.68
2025-06-29 04:37:54,768 [icarl.py] => Task 6, Epoch 95/200 => Loss 2.077, Loss_clf 0.321, Loss_kd 1.754, Loss_kernel 0.002, Train_accy 90.02
2025-06-29 04:38:20,259 [icarl.py] => Task 6, Epoch 96/200 => Loss 2.071, Loss_clf 0.305, Loss_kd 1.765, Loss_kernel 0.001, Train_accy 91.49, Test_accy {'Art': 25.86, 'Clipart': 47.47, 'Real World': 34.41, 'Product': 67.71}
2025-06-29 04:38:34,300 [icarl.py] => Task 6, Epoch 97/200 => Loss 2.001, Loss_clf 0.275, Loss_kd 1.725, Loss_kernel 0.001, Train_accy 91.67
2025-06-29 04:38:46,934 [icarl.py] => Task 6, Epoch 98/200 => Loss 2.020, Loss_clf 0.272, Loss_kd 1.747, Loss_kernel 0.001, Train_accy 92.32
2025-06-29 04:39:00,298 [icarl.py] => Task 6, Epoch 99/200 => Loss 1.996, Loss_clf 0.259, Loss_kd 1.736, Loss_kernel 0.001, Train_accy 92.77
2025-06-29 04:39:14,692 [icarl.py] => Task 6, Epoch 100/200 => Loss 1.985, Loss_clf 0.252, Loss_kd 1.732, Loss_kernel 0.001, Train_accy 92.33
2025-06-29 04:39:41,290 [icarl.py] => Task 6, Epoch 101/200 => Loss 2.025, Loss_clf 0.265, Loss_kd 1.759, Loss_kernel 0.001, Train_accy 91.89, Test_accy {'Art': 28.14, 'Clipart': 46.2, 'Real World': 32.19, 'Product': 64.77}
2025-06-29 04:39:54,559 [icarl.py] => Task 6, Epoch 102/200 => Loss 1.953, Loss_clf 0.246, Loss_kd 1.707, Loss_kernel 0.001, Train_accy 92.85
2025-06-29 04:40:07,175 [icarl.py] => Task 6, Epoch 103/200 => Loss 1.970, Loss_clf 0.255, Loss_kd 1.714, Loss_kernel 0.001, Train_accy 92.79
2025-06-29 04:40:20,054 [icarl.py] => Task 6, Epoch 104/200 => Loss 1.980, Loss_clf 0.240, Loss_kd 1.739, Loss_kernel 0.001, Train_accy 93.20
2025-06-29 04:40:33,509 [icarl.py] => Task 6, Epoch 105/200 => Loss 1.987, Loss_clf 0.251, Loss_kd 1.735, Loss_kernel 0.001, Train_accy 92.56
2025-06-29 04:40:58,753 [icarl.py] => Task 6, Epoch 106/200 => Loss 1.986, Loss_clf 0.257, Loss_kd 1.727, Loss_kernel 0.001, Train_accy 92.65, Test_accy {'Art': 29.66, 'Clipart': 50.63, 'Real World': 32.39, 'Product': 66.73}
2025-06-29 04:41:12,686 [icarl.py] => Task 6, Epoch 107/200 => Loss 2.000, Loss_clf 0.279, Loss_kd 1.719, Loss_kernel 0.001, Train_accy 92.03
2025-06-29 04:41:26,192 [icarl.py] => Task 6, Epoch 108/200 => Loss 1.967, Loss_clf 0.241, Loss_kd 1.724, Loss_kernel 0.001, Train_accy 93.35
2025-06-29 04:41:37,833 [icarl.py] => Task 6, Epoch 109/200 => Loss 1.963, Loss_clf 0.235, Loss_kd 1.726, Loss_kernel 0.001, Train_accy 93.12
2025-06-29 04:41:50,570 [icarl.py] => Task 6, Epoch 110/200 => Loss 1.923, Loss_clf 0.218, Loss_kd 1.703, Loss_kernel 0.001, Train_accy 93.73
2025-06-29 04:42:16,043 [icarl.py] => Task 6, Epoch 111/200 => Loss 1.914, Loss_clf 0.203, Loss_kd 1.709, Loss_kernel 0.001, Train_accy 94.04, Test_accy {'Art': 31.56, 'Clipart': 48.52, 'Real World': 31.79, 'Product': 67.12}
2025-06-29 04:42:29,493 [icarl.py] => Task 6, Epoch 112/200 => Loss 1.905, Loss_clf 0.211, Loss_kd 1.693, Loss_kernel 0.001, Train_accy 94.29
2025-06-29 04:42:42,971 [icarl.py] => Task 6, Epoch 113/200 => Loss 1.925, Loss_clf 0.220, Loss_kd 1.704, Loss_kernel 0.001, Train_accy 93.54
2025-06-29 04:42:57,437 [icarl.py] => Task 6, Epoch 114/200 => Loss 1.862, Loss_clf 0.190, Loss_kd 1.672, Loss_kernel 0.001, Train_accy 93.91
2025-06-29 04:43:10,686 [icarl.py] => Task 6, Epoch 115/200 => Loss 1.916, Loss_clf 0.204, Loss_kd 1.711, Loss_kernel 0.001, Train_accy 94.61
2025-06-29 04:43:36,811 [icarl.py] => Task 6, Epoch 116/200 => Loss 1.890, Loss_clf 0.197, Loss_kd 1.692, Loss_kernel 0.001, Train_accy 94.52, Test_accy {'Art': 26.62, 'Clipart': 49.37, 'Real World': 29.58, 'Product': 69.08}
2025-06-29 04:43:50,087 [icarl.py] => Task 6, Epoch 117/200 => Loss 1.912, Loss_clf 0.202, Loss_kd 1.709, Loss_kernel 0.001, Train_accy 94.64
2025-06-29 04:44:03,116 [icarl.py] => Task 6, Epoch 118/200 => Loss 1.861, Loss_clf 0.190, Loss_kd 1.670, Loss_kernel 0.001, Train_accy 94.40
2025-06-29 04:44:15,899 [icarl.py] => Task 6, Epoch 119/200 => Loss 1.859, Loss_clf 0.183, Loss_kd 1.675, Loss_kernel 0.001, Train_accy 94.55
2025-06-29 04:44:29,597 [icarl.py] => Task 6, Epoch 120/200 => Loss 1.914, Loss_clf 0.199, Loss_kd 1.714, Loss_kernel 0.001, Train_accy 94.03
2025-06-29 04:44:53,763 [icarl.py] => Task 6, Epoch 121/200 => Loss 1.856, Loss_clf 0.182, Loss_kd 1.672, Loss_kernel 0.001, Train_accy 94.44, Test_accy {'Art': 27.38, 'Clipart': 44.73, 'Real World': 33.0, 'Product': 67.12}
2025-06-29 04:45:07,893 [icarl.py] => Task 6, Epoch 122/200 => Loss 1.911, Loss_clf 0.204, Loss_kd 1.706, Loss_kernel 0.001, Train_accy 93.65
2025-06-29 04:45:20,021 [icarl.py] => Task 6, Epoch 123/200 => Loss 1.906, Loss_clf 0.208, Loss_kd 1.696, Loss_kernel 0.001, Train_accy 94.25
2025-06-29 04:45:33,488 [icarl.py] => Task 6, Epoch 124/200 => Loss 1.894, Loss_clf 0.199, Loss_kd 1.694, Loss_kernel 0.001, Train_accy 94.37
2025-06-29 04:45:45,734 [icarl.py] => Task 6, Epoch 125/200 => Loss 1.862, Loss_clf 0.181, Loss_kd 1.680, Loss_kernel 0.001, Train_accy 95.26
2025-06-29 04:46:09,427 [icarl.py] => Task 6, Epoch 126/200 => Loss 1.857, Loss_clf 0.177, Loss_kd 1.679, Loss_kernel 0.001, Train_accy 95.17, Test_accy {'Art': 24.71, 'Clipart': 47.68, 'Real World': 33.6, 'Product': 68.88}
2025-06-29 04:46:23,023 [icarl.py] => Task 6, Epoch 127/200 => Loss 1.875, Loss_clf 0.196, Loss_kd 1.678, Loss_kernel 0.001, Train_accy 94.70
2025-06-29 04:46:36,749 [icarl.py] => Task 6, Epoch 128/200 => Loss 1.854, Loss_clf 0.173, Loss_kd 1.680, Loss_kernel 0.001, Train_accy 95.13
2025-06-29 04:46:48,798 [icarl.py] => Task 6, Epoch 129/200 => Loss 1.865, Loss_clf 0.188, Loss_kd 1.675, Loss_kernel 0.001, Train_accy 94.91
2025-06-29 04:47:00,814 [icarl.py] => Task 6, Epoch 130/200 => Loss 1.845, Loss_clf 0.164, Loss_kd 1.680, Loss_kernel 0.001, Train_accy 95.69
2025-06-29 04:47:25,462 [icarl.py] => Task 6, Epoch 131/200 => Loss 1.821, Loss_clf 0.160, Loss_kd 1.660, Loss_kernel 0.001, Train_accy 95.22, Test_accy {'Art': 28.14, 'Clipart': 45.99, 'Real World': 32.6, 'Product': 69.86}
2025-06-29 04:47:37,125 [icarl.py] => Task 6, Epoch 132/200 => Loss 1.823, Loss_clf 0.161, Loss_kd 1.661, Loss_kernel 0.001, Train_accy 95.75
2025-06-29 04:47:49,009 [icarl.py] => Task 6, Epoch 133/200 => Loss 1.846, Loss_clf 0.166, Loss_kd 1.680, Loss_kernel 0.001, Train_accy 95.65
2025-06-29 04:48:01,840 [icarl.py] => Task 6, Epoch 134/200 => Loss 1.834, Loss_clf 0.167, Loss_kd 1.666, Loss_kernel 0.001, Train_accy 95.29
2025-06-29 04:48:14,151 [icarl.py] => Task 6, Epoch 135/200 => Loss 1.826, Loss_clf 0.159, Loss_kd 1.667, Loss_kernel 0.001, Train_accy 95.71
2025-06-29 04:48:38,867 [icarl.py] => Task 6, Epoch 136/200 => Loss 1.827, Loss_clf 0.147, Loss_kd 1.680, Loss_kernel 0.001, Train_accy 95.74, Test_accy {'Art': 31.56, 'Clipart': 49.16, 'Real World': 34.0, 'Product': 69.67}
2025-06-29 04:48:51,171 [icarl.py] => Task 6, Epoch 137/200 => Loss 1.821, Loss_clf 0.153, Loss_kd 1.668, Loss_kernel 0.001, Train_accy 95.90
2025-06-29 04:49:03,231 [icarl.py] => Task 6, Epoch 138/200 => Loss 1.841, Loss_clf 0.173, Loss_kd 1.667, Loss_kernel 0.001, Train_accy 95.45
2025-06-29 04:49:16,701 [icarl.py] => Task 6, Epoch 139/200 => Loss 1.811, Loss_clf 0.145, Loss_kd 1.665, Loss_kernel 0.001, Train_accy 96.25
2025-06-29 04:49:27,814 [icarl.py] => Task 6, Epoch 140/200 => Loss 1.781, Loss_clf 0.134, Loss_kd 1.646, Loss_kernel 0.001, Train_accy 96.47
2025-06-29 04:49:51,760 [icarl.py] => Task 6, Epoch 141/200 => Loss 1.803, Loss_clf 0.134, Loss_kd 1.668, Loss_kernel 0.001, Train_accy 96.48, Test_accy {'Art': 26.62, 'Clipart': 45.36, 'Real World': 33.0, 'Product': 69.86}
2025-06-29 04:50:04,219 [icarl.py] => Task 6, Epoch 142/200 => Loss 1.765, Loss_clf 0.117, Loss_kd 1.646, Loss_kernel 0.001, Train_accy 96.82
2025-06-29 04:50:14,860 [icarl.py] => Task 6, Epoch 143/200 => Loss 1.759, Loss_clf 0.109, Loss_kd 1.649, Loss_kernel 0.001, Train_accy 97.01
2025-06-29 04:50:26,781 [icarl.py] => Task 6, Epoch 144/200 => Loss 1.803, Loss_clf 0.145, Loss_kd 1.657, Loss_kernel 0.001, Train_accy 95.95
2025-06-29 04:50:39,607 [icarl.py] => Task 6, Epoch 145/200 => Loss 1.781, Loss_clf 0.130, Loss_kd 1.650, Loss_kernel 0.001, Train_accy 96.29
2025-06-29 04:51:04,046 [icarl.py] => Task 6, Epoch 146/200 => Loss 1.794, Loss_clf 0.135, Loss_kd 1.658, Loss_kernel 0.001, Train_accy 96.63, Test_accy {'Art': 30.42, 'Clipart': 49.79, 'Real World': 33.2, 'Product': 69.47}
2025-06-29 04:51:17,059 [icarl.py] => Task 6, Epoch 147/200 => Loss 1.817, Loss_clf 0.156, Loss_kd 1.660, Loss_kernel 0.001, Train_accy 95.47
2025-06-29 04:51:29,298 [icarl.py] => Task 6, Epoch 148/200 => Loss 1.805, Loss_clf 0.152, Loss_kd 1.652, Loss_kernel 0.001, Train_accy 95.76
2025-06-29 04:51:40,721 [icarl.py] => Task 6, Epoch 149/200 => Loss 1.766, Loss_clf 0.121, Loss_kd 1.644, Loss_kernel 0.001, Train_accy 96.27
2025-06-29 04:51:53,964 [icarl.py] => Task 6, Epoch 150/200 => Loss 1.775, Loss_clf 0.132, Loss_kd 1.642, Loss_kernel 0.001, Train_accy 96.30
2025-06-29 04:52:16,400 [icarl.py] => Task 6, Epoch 151/200 => Loss 1.775, Loss_clf 0.123, Loss_kd 1.651, Loss_kernel 0.001, Train_accy 97.14, Test_accy {'Art': 29.66, 'Clipart': 47.89, 'Real World': 32.39, 'Product': 68.49}
2025-06-29 04:52:28,047 [icarl.py] => Task 6, Epoch 152/200 => Loss 1.776, Loss_clf 0.133, Loss_kd 1.643, Loss_kernel 0.001, Train_accy 96.32
2025-06-29 04:52:39,687 [icarl.py] => Task 6, Epoch 153/200 => Loss 1.777, Loss_clf 0.134, Loss_kd 1.642, Loss_kernel 0.001, Train_accy 96.09
2025-06-29 04:52:50,629 [icarl.py] => Task 6, Epoch 154/200 => Loss 1.720, Loss_clf 0.103, Loss_kd 1.616, Loss_kernel 0.001, Train_accy 97.35
2025-06-29 04:53:02,932 [icarl.py] => Task 6, Epoch 155/200 => Loss 1.762, Loss_clf 0.117, Loss_kd 1.644, Loss_kernel 0.001, Train_accy 97.06
2025-06-29 04:53:27,870 [icarl.py] => Task 6, Epoch 156/200 => Loss 1.746, Loss_clf 0.102, Loss_kd 1.643, Loss_kernel 0.001, Train_accy 97.31, Test_accy {'Art': 30.42, 'Clipart': 47.26, 'Real World': 33.2, 'Product': 70.84}
2025-06-29 04:53:40,295 [icarl.py] => Task 6, Epoch 157/200 => Loss 1.769, Loss_clf 0.122, Loss_kd 1.647, Loss_kernel 0.001, Train_accy 96.59
2025-06-29 04:53:50,506 [icarl.py] => Task 6, Epoch 158/200 => Loss 1.724, Loss_clf 0.108, Loss_kd 1.616, Loss_kernel 0.001, Train_accy 97.15
2025-06-29 04:54:02,270 [icarl.py] => Task 6, Epoch 159/200 => Loss 1.764, Loss_clf 0.122, Loss_kd 1.641, Loss_kernel 0.001, Train_accy 96.77
2025-06-29 04:54:13,530 [icarl.py] => Task 6, Epoch 160/200 => Loss 1.776, Loss_clf 0.126, Loss_kd 1.648, Loss_kernel 0.001, Train_accy 96.62
2025-06-29 04:54:35,547 [icarl.py] => Task 6, Epoch 161/200 => Loss 1.722, Loss_clf 0.100, Loss_kd 1.621, Loss_kernel 0.001, Train_accy 97.29, Test_accy {'Art': 30.04, 'Clipart': 47.47, 'Real World': 32.6, 'Product': 69.67}
2025-06-29 04:54:47,849 [icarl.py] => Task 6, Epoch 162/200 => Loss 1.734, Loss_clf 0.121, Loss_kd 1.612, Loss_kernel 0.001, Train_accy 96.34
2025-06-29 04:54:59,410 [icarl.py] => Task 6, Epoch 163/200 => Loss 1.740, Loss_clf 0.103, Loss_kd 1.636, Loss_kernel 0.001, Train_accy 97.84
2025-06-29 04:55:11,789 [icarl.py] => Task 6, Epoch 164/200 => Loss 1.720, Loss_clf 0.097, Loss_kd 1.623, Loss_kernel 0.001, Train_accy 97.85
2025-06-29 04:55:22,231 [icarl.py] => Task 6, Epoch 165/200 => Loss 1.751, Loss_clf 0.106, Loss_kd 1.644, Loss_kernel 0.001, Train_accy 97.59
2025-06-29 04:55:43,695 [icarl.py] => Task 6, Epoch 166/200 => Loss 1.735, Loss_clf 0.106, Loss_kd 1.628, Loss_kernel 0.001, Train_accy 97.34, Test_accy {'Art': 31.94, 'Clipart': 48.73, 'Real World': 32.6, 'Product': 70.45}
2025-06-29 04:55:56,102 [icarl.py] => Task 6, Epoch 167/200 => Loss 1.730, Loss_clf 0.111, Loss_kd 1.618, Loss_kernel 0.001, Train_accy 96.77
2025-06-29 04:56:06,492 [icarl.py] => Task 6, Epoch 168/200 => Loss 1.737, Loss_clf 0.093, Loss_kd 1.643, Loss_kernel 0.001, Train_accy 97.73
2025-06-29 04:56:17,999 [icarl.py] => Task 6, Epoch 169/200 => Loss 1.683, Loss_clf 0.080, Loss_kd 1.602, Loss_kernel 0.001, Train_accy 97.89
2025-06-29 04:56:29,939 [icarl.py] => Task 6, Epoch 170/200 => Loss 1.751, Loss_clf 0.116, Loss_kd 1.634, Loss_kernel 0.001, Train_accy 97.01
2025-06-29 04:56:52,913 [icarl.py] => Task 6, Epoch 171/200 => Loss 1.732, Loss_clf 0.100, Loss_kd 1.631, Loss_kernel 0.001, Train_accy 97.11, Test_accy {'Art': 30.8, 'Clipart': 48.95, 'Real World': 32.6, 'Product': 72.02}
2025-06-29 04:57:03,785 [icarl.py] => Task 6, Epoch 172/200 => Loss 1.742, Loss_clf 0.098, Loss_kd 1.643, Loss_kernel 0.001, Train_accy 97.88
2025-06-29 04:57:14,589 [icarl.py] => Task 6, Epoch 173/200 => Loss 1.723, Loss_clf 0.089, Loss_kd 1.633, Loss_kernel 0.001, Train_accy 97.99
2025-06-29 04:57:25,065 [icarl.py] => Task 6, Epoch 174/200 => Loss 1.686, Loss_clf 0.079, Loss_kd 1.605, Loss_kernel 0.001, Train_accy 98.18
2025-06-29 04:57:35,923 [icarl.py] => Task 6, Epoch 175/200 => Loss 1.688, Loss_clf 0.083, Loss_kd 1.604, Loss_kernel 0.001, Train_accy 98.03
2025-06-29 04:58:00,015 [icarl.py] => Task 6, Epoch 176/200 => Loss 1.715, Loss_clf 0.100, Loss_kd 1.614, Loss_kernel 0.001, Train_accy 97.65, Test_accy {'Art': 31.56, 'Clipart': 47.68, 'Real World': 33.2, 'Product': 70.06}
2025-06-29 04:58:11,216 [icarl.py] => Task 6, Epoch 177/200 => Loss 1.722, Loss_clf 0.091, Loss_kd 1.630, Loss_kernel 0.001, Train_accy 97.99
2025-06-29 04:58:21,661 [icarl.py] => Task 6, Epoch 178/200 => Loss 1.726, Loss_clf 0.100, Loss_kd 1.625, Loss_kernel 0.001, Train_accy 97.44
2025-06-29 04:58:31,184 [icarl.py] => Task 6, Epoch 179/200 => Loss 1.697, Loss_clf 0.091, Loss_kd 1.605, Loss_kernel 0.001, Train_accy 97.73
2025-06-29 04:58:41,387 [icarl.py] => Task 6, Epoch 180/200 => Loss 1.684, Loss_clf 0.080, Loss_kd 1.603, Loss_kernel 0.001, Train_accy 97.74
2025-06-29 04:59:03,082 [icarl.py] => Task 6, Epoch 181/200 => Loss 1.716, Loss_clf 0.088, Loss_kd 1.627, Loss_kernel 0.001, Train_accy 97.83, Test_accy {'Art': 31.56, 'Clipart': 49.58, 'Real World': 31.79, 'Product': 71.43}
2025-06-29 04:59:13,196 [icarl.py] => Task 6, Epoch 182/200 => Loss 1.743, Loss_clf 0.100, Loss_kd 1.642, Loss_kernel 0.001, Train_accy 97.29
2025-06-29 04:59:24,740 [icarl.py] => Task 6, Epoch 183/200 => Loss 1.709, Loss_clf 0.091, Loss_kd 1.617, Loss_kernel 0.001, Train_accy 97.45
2025-06-29 04:59:36,541 [icarl.py] => Task 6, Epoch 184/200 => Loss 1.744, Loss_clf 0.100, Loss_kd 1.643, Loss_kernel 0.001, Train_accy 97.45
2025-06-29 04:59:47,999 [icarl.py] => Task 6, Epoch 185/200 => Loss 1.747, Loss_clf 0.102, Loss_kd 1.644, Loss_kernel 0.001, Train_accy 97.55
2025-06-29 05:00:11,196 [icarl.py] => Task 6, Epoch 186/200 => Loss 1.744, Loss_clf 0.099, Loss_kd 1.644, Loss_kernel 0.001, Train_accy 97.69, Test_accy {'Art': 31.94, 'Clipart': 48.31, 'Real World': 32.19, 'Product': 71.23}
2025-06-29 05:00:21,442 [icarl.py] => Task 6, Epoch 187/200 => Loss 1.710, Loss_clf 0.089, Loss_kd 1.620, Loss_kernel 0.001, Train_accy 97.83
2025-06-29 05:00:33,699 [icarl.py] => Task 6, Epoch 188/200 => Loss 1.755, Loss_clf 0.114, Loss_kd 1.641, Loss_kernel 0.001, Train_accy 96.92
2025-06-29 05:00:43,876 [icarl.py] => Task 6, Epoch 189/200 => Loss 1.717, Loss_clf 0.095, Loss_kd 1.621, Loss_kernel 0.001, Train_accy 97.54
2025-06-29 05:00:56,491 [icarl.py] => Task 6, Epoch 190/200 => Loss 1.730, Loss_clf 0.095, Loss_kd 1.635, Loss_kernel 0.001, Train_accy 97.85
2025-06-29 05:01:16,868 [icarl.py] => Task 6, Epoch 191/200 => Loss 1.706, Loss_clf 0.088, Loss_kd 1.617, Loss_kernel 0.001, Train_accy 98.02, Test_accy {'Art': 32.32, 'Clipart': 47.05, 'Real World': 32.8, 'Product': 70.84}
2025-06-29 05:01:27,307 [icarl.py] => Task 6, Epoch 192/200 => Loss 1.694, Loss_clf 0.085, Loss_kd 1.608, Loss_kernel 0.001, Train_accy 97.78
2025-06-29 05:01:37,816 [icarl.py] => Task 6, Epoch 193/200 => Loss 1.692, Loss_clf 0.081, Loss_kd 1.610, Loss_kernel 0.001, Train_accy 97.59
2025-06-29 05:01:47,629 [icarl.py] => Task 6, Epoch 194/200 => Loss 1.705, Loss_clf 0.081, Loss_kd 1.623, Loss_kernel 0.001, Train_accy 97.93
2025-06-29 05:01:57,866 [icarl.py] => Task 6, Epoch 195/200 => Loss 1.699, Loss_clf 0.095, Loss_kd 1.602, Loss_kernel 0.001, Train_accy 97.69
2025-06-29 05:02:19,466 [icarl.py] => Task 6, Epoch 196/200 => Loss 1.715, Loss_clf 0.091, Loss_kd 1.623, Loss_kernel 0.001, Train_accy 97.58, Test_accy {'Art': 31.94, 'Clipart': 48.73, 'Real World': 33.8, 'Product': 72.8}
2025-06-29 05:02:29,250 [icarl.py] => Task 6, Epoch 197/200 => Loss 1.733, Loss_clf 0.101, Loss_kd 1.630, Loss_kernel 0.001, Train_accy 97.39
2025-06-29 05:02:40,216 [icarl.py] => Task 6, Epoch 198/200 => Loss 1.713, Loss_clf 0.091, Loss_kd 1.621, Loss_kernel 0.001, Train_accy 97.79
2025-06-29 05:02:50,055 [icarl.py] => Task 6, Epoch 199/200 => Loss 1.681, Loss_clf 0.084, Loss_kd 1.596, Loss_kernel 0.001, Train_accy 97.93
2025-06-29 05:03:00,128 [icarl.py] => Task 6, Epoch 200/200 => Loss 1.708, Loss_clf 0.090, Loss_kd 1.617, Loss_kernel 0.001, Train_accy 97.74
2025-06-29 05:03:00,129 [base.py] => Reducing exemplars...(37 per classes)
2025-06-29 05:03:16,743 [base.py] => Constructing exemplars...(37 per classes)
2025-06-29 05:03:48,317 [icarl.py] => Exemplar size: 1295
2025-06-29 05:03:49,502 [trainer.py] => CNN [Art]: {'total': 31.94, '00-04': 55.26, '05-09': 38.24, '10-14': 27.03, '15-19': 25.93, '20-24': 7.89, '25-29': 11.76, '30-34': 47.27, 'old': 27.88, 'new': 47.27}
2025-06-29 05:03:49,503 [trainer.py] => NME [Art]: {'total': 34.22, '00-04': 42.11, '05-09': 32.35, '10-14': 35.14, '15-19': 40.74, '20-24': 10.53, '25-29': 17.65, '30-34': 52.73, 'old': 29.33, 'new': 52.73}
2025-06-29 05:03:49,503 [trainer.py] => CNN [Art] top1 curve: [60.53, 51.39, 49.54, 41.18, 39.08, 32.21, 31.94]
2025-06-29 05:03:49,503 [trainer.py] => CNN [Art] top5 curve: [92.11, 87.5, 70.64, 66.91, 59.77, 56.73, 52.85]
2025-06-29 05:03:49,503 [trainer.py] => NME [Art] top1 curve: [65.79, 56.94, 49.54, 46.32, 36.78, 37.98, 34.22]
2025-06-29 05:03:49,503 [trainer.py] => NME [Art] top5 curve: [100.0, 88.89, 79.82, 75.0, 66.67, 63.46, 58.17]
2025-06-29 05:03:49,503 [trainer.py] => Average Accuracy [Art] (CNN): 43.69571428571429
2025-06-29 05:03:49,503 [trainer.py] => Average Accuracy [Art] (NME): 46.79571428571428
2025-06-29 05:03:49,504 [trainer.py] => CNN [Clipart]: {'total': 49.16, '00-04': 58.97, '05-09': 51.61, '10-14': 48.48, '15-19': 49.06, '20-24': 40.45, '25-29': 32.26, '30-34': 64.06, 'old': 46.83, 'new': 64.06}
2025-06-29 05:03:49,504 [trainer.py] => NME [Clipart]: {'total': 49.58, '00-04': 48.72, '05-09': 46.77, '10-14': 51.52, '15-19': 50.94, '20-24': 43.82, '25-29': 43.55, '30-34': 64.06, 'old': 47.32, 'new': 64.06}
2025-06-29 05:03:49,504 [trainer.py] => CNN [Clipart] top1 curve: [70.51, 69.29, 65.05, 63.71, 57.18, 52.68, 49.16]
2025-06-29 05:03:49,504 [trainer.py] => CNN [Clipart] top5 curve: [97.44, 91.43, 90.29, 83.4, 80.46, 78.05, 71.1]
2025-06-29 05:03:49,504 [trainer.py] => NME [Clipart] top1 curve: [74.36, 70.71, 70.39, 66.41, 59.2, 53.41, 49.58]
2025-06-29 05:03:49,504 [trainer.py] => NME [Clipart] top5 curve: [100.0, 92.86, 89.32, 86.1, 81.32, 79.51, 72.36]
2025-06-29 05:03:49,504 [trainer.py] => Average Accuracy [Clipart] (CNN): 61.082857142857144
2025-06-29 05:03:49,504 [trainer.py] => Average Accuracy [Clipart] (NME): 63.43714285714286
2025-06-29 05:03:49,504 [trainer.py] => CNN [Product]: {'total': 72.02, '00-04': 83.53, '05-09': 70.0, '10-14': 77.42, '15-19': 75.32, '20-24': 55.74, '25-29': 63.29, '30-34': 76.12, 'old': 71.4, 'new': 76.12}
2025-06-29 05:03:49,505 [trainer.py] => NME [Product]: {'total': 70.84, '00-04': 74.12, '05-09': 70.0, '10-14': 75.81, '15-19': 74.03, '20-24': 55.74, '25-29': 70.89, '30-34': 73.13, 'old': 70.5, 'new': 73.13}
2025-06-29 05:03:49,505 [trainer.py] => CNN [Product] top1 curve: [92.94, 85.45, 84.14, 76.32, 77.26, 71.62, 72.02]
2025-06-29 05:03:49,505 [trainer.py] => CNN [Product] top5 curve: [100.0, 98.79, 96.48, 96.38, 90.14, 91.67, 89.82]
2025-06-29 05:03:49,505 [trainer.py] => NME [Product] top1 curve: [94.12, 88.48, 89.43, 80.92, 77.53, 75.45, 70.84]
2025-06-29 05:03:49,505 [trainer.py] => NME [Product] top5 curve: [100.0, 99.39, 99.12, 97.7, 93.7, 93.92, 92.56]
2025-06-29 05:03:49,505 [trainer.py] => Average Accuracy [Product] (CNN): 79.96428571428571
2025-06-29 05:03:49,505 [trainer.py] => Average Accuracy [Product] (NME): 82.39571428571428
2025-06-29 05:03:49,505 [trainer.py] => CNN [Real World]: {'total': 33.0, '00-04': 53.42, '05-09': 42.65, '10-14': 29.17, '15-19': 22.39, '20-24': 4.62, '25-29': 24.68, '30-34': 50.67, 'old': 29.86, 'new': 50.67}
2025-06-29 05:03:49,506 [trainer.py] => NME [Real World]: {'total': 35.01, '00-04': 39.73, '05-09': 45.59, '10-14': 31.94, '15-19': 23.88, '20-24': 12.31, '25-29': 33.77, '30-34': 54.67, 'old': 31.52, 'new': 54.67}
2025-06-29 05:03:49,506 [trainer.py] => CNN [Real World] top1 curve: [69.86, 58.16, 48.83, 42.5, 34.2, 33.18, 33.0]
2025-06-29 05:03:49,506 [trainer.py] => CNN [Real World] top5 curve: [95.89, 89.36, 77.0, 69.29, 60.0, 58.53, 55.94]
2025-06-29 05:03:49,506 [trainer.py] => NME [Real World] top1 curve: [73.97, 63.12, 48.83, 44.64, 35.94, 35.31, 35.01]
2025-06-29 05:03:49,506 [trainer.py] => NME [Real World] top5 curve: [100.0, 94.33, 85.92, 76.79, 69.28, 66.35, 61.77]
2025-06-29 05:03:49,506 [trainer.py] => Average Accuracy [Real World] (CNN): 45.675714285714285
2025-06-29 05:03:49,506 [trainer.py] => Average Accuracy [Real World] (NME): 48.11714285714286
2025-06-29 05:03:49,507 [trainer.py] => NME Harmonic Mean : 41.6987
2025-06-29 05:03:49,507 [trainer.py] => NME Macro Mean : 47.4125
2025-06-29 05:03:49,507 [trainer.py] => CNN Harmonic Mean : 40.0838
2025-06-29 05:03:49,507 [trainer.py] => CNN Macro Mean : 46.5300
2025-06-29 05:03:49,508 [trainer.py] => All params: 21307757
2025-06-29 05:03:49,509 [trainer.py] => Trainable params: 21307757
2025-06-29 05:03:49,510 [icarl.py] => Learning on 35-40
2025-06-29 05:04:17,007 [icarl.py] => Task 7, Epoch 1/200 => Loss 4.755, Loss_clf 2.363, Loss_kd 2.390, Loss_kernel 0.002, Train_accy 42.22, Test_accy {'Art': 4.61, 'Clipart': 15.14, 'Real World': 8.99, 'Product': 15.94}
2025-06-29 05:04:31,321 [icarl.py] => Task 7, Epoch 2/200 => Loss 6.232, Loss_clf 3.091, Loss_kd 3.134, Loss_kernel 0.007, Train_accy 21.64
2025-06-29 05:04:45,492 [icarl.py] => Task 7, Epoch 3/200 => Loss 5.526, Loss_clf 2.600, Loss_kd 2.921, Loss_kernel 0.005, Train_accy 29.85
2025-06-29 05:04:59,260 [icarl.py] => Task 7, Epoch 4/200 => Loss 4.913, Loss_clf 2.228, Loss_kd 2.681, Loss_kernel 0.004, Train_accy 36.33
2025-06-29 05:05:13,967 [icarl.py] => Task 7, Epoch 5/200 => Loss 4.661, Loss_clf 2.072, Loss_kd 2.585, Loss_kernel 0.004, Train_accy 41.56
2025-06-29 05:05:41,227 [icarl.py] => Task 7, Epoch 6/200 => Loss 4.490, Loss_clf 1.957, Loss_kd 2.528, Loss_kernel 0.005, Train_accy 44.93, Test_accy {'Art': 11.84, 'Clipart': 25.98, 'Real World': 17.81, 'Product': 33.1}
2025-06-29 05:05:54,799 [icarl.py] => Task 7, Epoch 7/200 => Loss 4.250, Loss_clf 1.793, Loss_kd 2.453, Loss_kernel 0.004, Train_accy 48.11
2025-06-29 05:06:09,547 [icarl.py] => Task 7, Epoch 8/200 => Loss 4.173, Loss_clf 1.764, Loss_kd 2.405, Loss_kernel 0.004, Train_accy 48.45
2025-06-29 05:06:24,383 [icarl.py] => Task 7, Epoch 9/200 => Loss 3.858, Loss_clf 1.544, Loss_kd 2.311, Loss_kernel 0.003, Train_accy 53.39
2025-06-29 05:06:38,962 [icarl.py] => Task 7, Epoch 10/200 => Loss 3.752, Loss_clf 1.463, Loss_kd 2.286, Loss_kernel 0.003, Train_accy 55.63
2025-06-29 05:07:06,875 [icarl.py] => Task 7, Epoch 11/200 => Loss 3.720, Loss_clf 1.438, Loss_kd 2.279, Loss_kernel 0.003, Train_accy 57.45, Test_accy {'Art': 17.76, 'Clipart': 34.02, 'Real World': 22.12, 'Product': 41.94}
2025-06-29 05:07:21,025 [icarl.py] => Task 7, Epoch 12/200 => Loss 3.636, Loss_clf 1.381, Loss_kd 2.252, Loss_kernel 0.003, Train_accy 60.16
2025-06-29 05:07:34,591 [icarl.py] => Task 7, Epoch 13/200 => Loss 3.534, Loss_clf 1.318, Loss_kd 2.213, Loss_kernel 0.003, Train_accy 61.26
2025-06-29 05:07:49,420 [icarl.py] => Task 7, Epoch 14/200 => Loss 3.273, Loss_clf 1.140, Loss_kd 2.129, Loss_kernel 0.003, Train_accy 64.87
2025-06-29 05:08:02,711 [icarl.py] => Task 7, Epoch 15/200 => Loss 3.234, Loss_clf 1.119, Loss_kd 2.111, Loss_kernel 0.003, Train_accy 67.38
2025-06-29 05:08:29,792 [icarl.py] => Task 7, Epoch 16/200 => Loss 3.215, Loss_clf 1.088, Loss_kd 2.124, Loss_kernel 0.003, Train_accy 66.75, Test_accy {'Art': 20.72, 'Clipart': 36.64, 'Real World': 22.66, 'Product': 47.49}
2025-06-29 05:08:43,188 [icarl.py] => Task 7, Epoch 17/200 => Loss 3.178, Loss_clf 1.080, Loss_kd 2.095, Loss_kernel 0.003, Train_accy 67.58
2025-06-29 05:08:56,583 [icarl.py] => Task 7, Epoch 18/200 => Loss 3.243, Loss_clf 1.116, Loss_kd 2.124, Loss_kernel 0.003, Train_accy 65.84
2025-06-29 05:09:10,783 [icarl.py] => Task 7, Epoch 19/200 => Loss 2.952, Loss_clf 0.924, Loss_kd 2.025, Loss_kernel 0.003, Train_accy 72.18
2025-06-29 05:09:24,533 [icarl.py] => Task 7, Epoch 20/200 => Loss 2.888, Loss_clf 0.866, Loss_kd 2.019, Loss_kernel 0.003, Train_accy 74.42
2025-06-29 05:09:50,383 [icarl.py] => Task 7, Epoch 21/200 => Loss 2.881, Loss_clf 0.873, Loss_kd 2.005, Loss_kernel 0.003, Train_accy 75.09, Test_accy {'Art': 17.11, 'Clipart': 38.5, 'Real World': 23.92, 'Product': 48.18}
2025-06-29 05:10:03,499 [icarl.py] => Task 7, Epoch 22/200 => Loss 2.816, Loss_clf 0.825, Loss_kd 1.988, Loss_kernel 0.003, Train_accy 74.95
2025-06-29 05:10:17,728 [icarl.py] => Task 7, Epoch 23/200 => Loss 2.798, Loss_clf 0.826, Loss_kd 1.969, Loss_kernel 0.003, Train_accy 75.73
2025-06-29 05:10:31,219 [icarl.py] => Task 7, Epoch 24/200 => Loss 2.795, Loss_clf 0.807, Loss_kd 1.985, Loss_kernel 0.003, Train_accy 76.64
2025-06-29 05:10:46,419 [icarl.py] => Task 7, Epoch 25/200 => Loss 2.786, Loss_clf 0.787, Loss_kd 1.996, Loss_kernel 0.003, Train_accy 75.58
2025-06-29 05:11:13,205 [icarl.py] => Task 7, Epoch 26/200 => Loss 2.764, Loss_clf 0.767, Loss_kd 1.994, Loss_kernel 0.003, Train_accy 76.43, Test_accy {'Art': 23.68, 'Clipart': 44.3, 'Real World': 26.26, 'Product': 52.51}
2025-06-29 05:11:27,094 [icarl.py] => Task 7, Epoch 27/200 => Loss 2.767, Loss_clf 0.795, Loss_kd 1.968, Loss_kernel 0.003, Train_accy 75.48
2025-06-29 05:11:38,875 [icarl.py] => Task 7, Epoch 28/200 => Loss 2.680, Loss_clf 0.725, Loss_kd 1.952, Loss_kernel 0.003, Train_accy 77.88
2025-06-29 05:11:52,275 [icarl.py] => Task 7, Epoch 29/200 => Loss 2.643, Loss_clf 0.696, Loss_kd 1.944, Loss_kernel 0.003, Train_accy 79.88
2025-06-29 05:12:05,199 [icarl.py] => Task 7, Epoch 30/200 => Loss 2.524, Loss_clf 0.630, Loss_kd 1.891, Loss_kernel 0.003, Train_accy 80.58
2025-06-29 05:12:32,021 [icarl.py] => Task 7, Epoch 31/200 => Loss 2.544, Loss_clf 0.627, Loss_kd 1.915, Loss_kernel 0.003, Train_accy 80.84, Test_accy {'Art': 22.04, 'Clipart': 39.44, 'Real World': 28.06, 'Product': 55.46}
2025-06-29 05:12:45,279 [icarl.py] => Task 7, Epoch 32/200 => Loss 2.524, Loss_clf 0.615, Loss_kd 1.907, Loss_kernel 0.003, Train_accy 81.07
2025-06-29 05:12:57,947 [icarl.py] => Task 7, Epoch 33/200 => Loss 2.540, Loss_clf 0.620, Loss_kd 1.917, Loss_kernel 0.003, Train_accy 81.27
2025-06-29 05:13:09,926 [icarl.py] => Task 7, Epoch 34/200 => Loss 2.492, Loss_clf 0.583, Loss_kd 1.907, Loss_kernel 0.003, Train_accy 83.10
2025-06-29 05:13:22,725 [icarl.py] => Task 7, Epoch 35/200 => Loss 2.475, Loss_clf 0.585, Loss_kd 1.887, Loss_kernel 0.002, Train_accy 83.42
2025-06-29 05:13:49,128 [icarl.py] => Task 7, Epoch 36/200 => Loss 2.415, Loss_clf 0.541, Loss_kd 1.871, Loss_kernel 0.003, Train_accy 83.60, Test_accy {'Art': 20.07, 'Clipart': 42.62, 'Real World': 25.54, 'Product': 54.42}
2025-06-29 05:14:03,123 [icarl.py] => Task 7, Epoch 37/200 => Loss 2.441, Loss_clf 0.556, Loss_kd 1.883, Loss_kernel 0.003, Train_accy 83.67
2025-06-29 05:14:17,652 [icarl.py] => Task 7, Epoch 38/200 => Loss 2.416, Loss_clf 0.549, Loss_kd 1.865, Loss_kernel 0.002, Train_accy 83.45
2025-06-29 05:14:30,639 [icarl.py] => Task 7, Epoch 39/200 => Loss 2.404, Loss_clf 0.544, Loss_kd 1.857, Loss_kernel 0.003, Train_accy 84.73
2025-06-29 05:14:43,715 [icarl.py] => Task 7, Epoch 40/200 => Loss 2.440, Loss_clf 0.554, Loss_kd 1.883, Loss_kernel 0.002, Train_accy 83.36
2025-06-29 05:15:10,625 [icarl.py] => Task 7, Epoch 41/200 => Loss 2.441, Loss_clf 0.560, Loss_kd 1.879, Loss_kernel 0.002, Train_accy 83.32, Test_accy {'Art': 24.67, 'Clipart': 38.32, 'Real World': 27.7, 'Product': 56.5}
2025-06-29 05:15:24,683 [icarl.py] => Task 7, Epoch 42/200 => Loss 2.399, Loss_clf 0.527, Loss_kd 1.869, Loss_kernel 0.002, Train_accy 84.04
2025-06-29 05:15:37,858 [icarl.py] => Task 7, Epoch 43/200 => Loss 2.347, Loss_clf 0.528, Loss_kd 1.817, Loss_kernel 0.002, Train_accy 84.82
2025-06-29 05:15:50,353 [icarl.py] => Task 7, Epoch 44/200 => Loss 2.365, Loss_clf 0.516, Loss_kd 1.847, Loss_kernel 0.002, Train_accy 84.82
2025-06-29 05:16:04,016 [icarl.py] => Task 7, Epoch 45/200 => Loss 2.285, Loss_clf 0.462, Loss_kd 1.820, Loss_kernel 0.002, Train_accy 86.50
2025-06-29 05:16:32,452 [icarl.py] => Task 7, Epoch 46/200 => Loss 2.397, Loss_clf 0.531, Loss_kd 1.864, Loss_kernel 0.002, Train_accy 85.17, Test_accy {'Art': 20.72, 'Clipart': 39.63, 'Real World': 24.82, 'Product': 54.94}
2025-06-29 05:16:45,941 [icarl.py] => Task 7, Epoch 47/200 => Loss 2.328, Loss_clf 0.478, Loss_kd 1.848, Loss_kernel 0.002, Train_accy 86.68
2025-06-29 05:16:58,489 [icarl.py] => Task 7, Epoch 48/200 => Loss 2.373, Loss_clf 0.507, Loss_kd 1.864, Loss_kernel 0.002, Train_accy 84.38
2025-06-29 05:17:12,780 [icarl.py] => Task 7, Epoch 49/200 => Loss 2.327, Loss_clf 0.479, Loss_kd 1.845, Loss_kernel 0.002, Train_accy 85.59
2025-06-29 05:17:26,643 [icarl.py] => Task 7, Epoch 50/200 => Loss 2.370, Loss_clf 0.517, Loss_kd 1.850, Loss_kernel 0.002, Train_accy 84.68
2025-06-29 05:17:54,598 [icarl.py] => Task 7, Epoch 51/200 => Loss 2.336, Loss_clf 0.486, Loss_kd 1.848, Loss_kernel 0.002, Train_accy 86.13, Test_accy {'Art': 22.7, 'Clipart': 42.99, 'Real World': 26.26, 'Product': 62.05}
2025-06-29 05:18:09,066 [icarl.py] => Task 7, Epoch 52/200 => Loss 2.320, Loss_clf 0.473, Loss_kd 1.845, Loss_kernel 0.002, Train_accy 86.50
2025-06-29 05:18:21,525 [icarl.py] => Task 7, Epoch 53/200 => Loss 2.268, Loss_clf 0.435, Loss_kd 1.830, Loss_kernel 0.002, Train_accy 87.25
2025-06-29 05:18:35,782 [icarl.py] => Task 7, Epoch 54/200 => Loss 2.283, Loss_clf 0.449, Loss_kd 1.832, Loss_kernel 0.002, Train_accy 85.73
2025-06-29 05:18:49,904 [icarl.py] => Task 7, Epoch 55/200 => Loss 2.255, Loss_clf 0.452, Loss_kd 1.801, Loss_kernel 0.002, Train_accy 86.68
2025-06-29 05:19:16,945 [icarl.py] => Task 7, Epoch 56/200 => Loss 2.226, Loss_clf 0.418, Loss_kd 1.806, Loss_kernel 0.002, Train_accy 87.48, Test_accy {'Art': 21.05, 'Clipart': 38.88, 'Real World': 26.26, 'Product': 55.81}
2025-06-29 05:19:30,620 [icarl.py] => Task 7, Epoch 57/200 => Loss 2.310, Loss_clf 0.464, Loss_kd 1.845, Loss_kernel 0.002, Train_accy 86.75
2025-06-29 05:19:43,470 [icarl.py] => Task 7, Epoch 58/200 => Loss 2.314, Loss_clf 0.462, Loss_kd 1.849, Loss_kernel 0.002, Train_accy 86.47
2025-06-29 05:19:57,472 [icarl.py] => Task 7, Epoch 59/200 => Loss 2.272, Loss_clf 0.437, Loss_kd 1.833, Loss_kernel 0.002, Train_accy 86.86
2025-06-29 05:20:10,792 [icarl.py] => Task 7, Epoch 60/200 => Loss 2.243, Loss_clf 0.449, Loss_kd 1.792, Loss_kernel 0.002, Train_accy 87.27
2025-06-29 05:20:36,188 [icarl.py] => Task 7, Epoch 61/200 => Loss 2.265, Loss_clf 0.436, Loss_kd 1.827, Loss_kernel 0.002, Train_accy 86.97, Test_accy {'Art': 22.37, 'Clipart': 42.99, 'Real World': 25.9, 'Product': 56.85}
2025-06-29 05:20:49,145 [icarl.py] => Task 7, Epoch 62/200 => Loss 2.214, Loss_clf 0.405, Loss_kd 1.807, Loss_kernel 0.002, Train_accy 88.23
2025-06-29 05:21:03,081 [icarl.py] => Task 7, Epoch 63/200 => Loss 2.228, Loss_clf 0.416, Loss_kd 1.809, Loss_kernel 0.002, Train_accy 86.60
2025-06-29 05:21:16,227 [icarl.py] => Task 7, Epoch 64/200 => Loss 2.269, Loss_clf 0.451, Loss_kd 1.816, Loss_kernel 0.002, Train_accy 87.30
2025-06-29 05:21:27,164 [icarl.py] => Task 7, Epoch 65/200 => Loss 2.165, Loss_clf 0.376, Loss_kd 1.788, Loss_kernel 0.002, Train_accy 89.55
2025-06-29 05:21:53,863 [icarl.py] => Task 7, Epoch 66/200 => Loss 2.171, Loss_clf 0.384, Loss_kd 1.786, Loss_kernel 0.002, Train_accy 88.60, Test_accy {'Art': 25.66, 'Clipart': 43.36, 'Real World': 28.6, 'Product': 62.39}
2025-06-29 05:22:06,989 [icarl.py] => Task 7, Epoch 67/200 => Loss 2.077, Loss_clf 0.332, Loss_kd 1.743, Loss_kernel 0.002, Train_accy 90.37
2025-06-29 05:22:20,174 [icarl.py] => Task 7, Epoch 68/200 => Loss 2.130, Loss_clf 0.353, Loss_kd 1.775, Loss_kernel 0.002, Train_accy 88.84
2025-06-29 05:22:32,615 [icarl.py] => Task 7, Epoch 69/200 => Loss 2.158, Loss_clf 0.382, Loss_kd 1.774, Loss_kernel 0.002, Train_accy 88.45
2025-06-29 05:22:45,927 [icarl.py] => Task 7, Epoch 70/200 => Loss 2.210, Loss_clf 0.399, Loss_kd 1.809, Loss_kernel 0.002, Train_accy 87.80
2025-06-29 05:23:12,467 [icarl.py] => Task 7, Epoch 71/200 => Loss 2.181, Loss_clf 0.411, Loss_kd 1.768, Loss_kernel 0.002, Train_accy 88.29, Test_accy {'Art': 17.43, 'Clipart': 40.0, 'Real World': 28.42, 'Product': 61.01}
2025-06-29 05:23:25,546 [icarl.py] => Task 7, Epoch 72/200 => Loss 2.165, Loss_clf 0.372, Loss_kd 1.791, Loss_kernel 0.002, Train_accy 88.42
2025-06-29 05:23:38,103 [icarl.py] => Task 7, Epoch 73/200 => Loss 2.143, Loss_clf 0.362, Loss_kd 1.779, Loss_kernel 0.002, Train_accy 88.60
2025-06-29 05:23:51,704 [icarl.py] => Task 7, Epoch 74/200 => Loss 2.100, Loss_clf 0.346, Loss_kd 1.752, Loss_kernel 0.002, Train_accy 89.83
2025-06-29 05:24:04,439 [icarl.py] => Task 7, Epoch 75/200 => Loss 2.142, Loss_clf 0.358, Loss_kd 1.782, Loss_kernel 0.002, Train_accy 89.94
2025-06-29 05:24:30,176 [icarl.py] => Task 7, Epoch 76/200 => Loss 2.162, Loss_clf 0.379, Loss_kd 1.781, Loss_kernel 0.002, Train_accy 88.99, Test_accy {'Art': 21.71, 'Clipart': 43.93, 'Real World': 26.26, 'Product': 63.78}
2025-06-29 05:24:43,123 [icarl.py] => Task 7, Epoch 77/200 => Loss 2.131, Loss_clf 0.363, Loss_kd 1.766, Loss_kernel 0.002, Train_accy 89.32
2025-06-29 05:24:55,478 [icarl.py] => Task 7, Epoch 78/200 => Loss 2.136, Loss_clf 0.359, Loss_kd 1.775, Loss_kernel 0.002, Train_accy 89.83
2025-06-29 05:25:08,894 [icarl.py] => Task 7, Epoch 79/200 => Loss 2.207, Loss_clf 0.405, Loss_kd 1.800, Loss_kernel 0.002, Train_accy 87.69
2025-06-29 05:25:21,596 [icarl.py] => Task 7, Epoch 80/200 => Loss 2.123, Loss_clf 0.355, Loss_kd 1.766, Loss_kernel 0.002, Train_accy 89.36
2025-06-29 05:25:47,687 [icarl.py] => Task 7, Epoch 81/200 => Loss 2.103, Loss_clf 0.336, Loss_kd 1.766, Loss_kernel 0.002, Train_accy 89.88, Test_accy {'Art': 19.08, 'Clipart': 44.49, 'Real World': 27.52, 'Product': 59.79}
2025-06-29 05:26:00,638 [icarl.py] => Task 7, Epoch 82/200 => Loss 2.126, Loss_clf 0.339, Loss_kd 1.785, Loss_kernel 0.002, Train_accy 90.47
2025-06-29 05:26:13,942 [icarl.py] => Task 7, Epoch 83/200 => Loss 2.087, Loss_clf 0.332, Loss_kd 1.753, Loss_kernel 0.002, Train_accy 90.44
2025-06-29 05:26:26,317 [icarl.py] => Task 7, Epoch 84/200 => Loss 2.096, Loss_clf 0.320, Loss_kd 1.774, Loss_kernel 0.002, Train_accy 90.76
2025-06-29 05:26:38,214 [icarl.py] => Task 7, Epoch 85/200 => Loss 2.083, Loss_clf 0.330, Loss_kd 1.752, Loss_kernel 0.002, Train_accy 90.48
2025-06-29 05:27:03,611 [icarl.py] => Task 7, Epoch 86/200 => Loss 1.948, Loss_clf 0.245, Loss_kd 1.702, Loss_kernel 0.002, Train_accy 92.90, Test_accy {'Art': 21.38, 'Clipart': 44.49, 'Real World': 25.72, 'Product': 56.67}
2025-06-29 05:27:15,206 [icarl.py] => Task 7, Epoch 87/200 => Loss 1.975, Loss_clf 0.261, Loss_kd 1.712, Loss_kernel 0.001, Train_accy 92.39
2025-06-29 05:27:26,553 [icarl.py] => Task 7, Epoch 88/200 => Loss 1.975, Loss_clf 0.253, Loss_kd 1.721, Loss_kernel 0.001, Train_accy 93.19
2025-06-29 05:27:39,036 [icarl.py] => Task 7, Epoch 89/200 => Loss 1.954, Loss_clf 0.235, Loss_kd 1.718, Loss_kernel 0.001, Train_accy 92.69
2025-06-29 05:27:51,848 [icarl.py] => Task 7, Epoch 90/200 => Loss 2.004, Loss_clf 0.270, Loss_kd 1.733, Loss_kernel 0.001, Train_accy 92.25
2025-06-29 05:28:16,158 [icarl.py] => Task 7, Epoch 91/200 => Loss 1.981, Loss_clf 0.253, Loss_kd 1.727, Loss_kernel 0.001, Train_accy 92.44, Test_accy {'Art': 21.71, 'Clipart': 40.93, 'Real World': 25.72, 'Product': 51.3}
2025-06-29 05:28:28,070 [icarl.py] => Task 7, Epoch 92/200 => Loss 2.019, Loss_clf 0.285, Loss_kd 1.733, Loss_kernel 0.002, Train_accy 92.30
2025-06-29 05:28:41,983 [icarl.py] => Task 7, Epoch 93/200 => Loss 2.033, Loss_clf 0.283, Loss_kd 1.749, Loss_kernel 0.001, Train_accy 92.19
2025-06-29 05:28:54,700 [icarl.py] => Task 7, Epoch 94/200 => Loss 1.987, Loss_clf 0.255, Loss_kd 1.730, Loss_kernel 0.001, Train_accy 92.21
2025-06-29 05:29:06,390 [icarl.py] => Task 7, Epoch 95/200 => Loss 1.983, Loss_clf 0.252, Loss_kd 1.730, Loss_kernel 0.001, Train_accy 93.02
2025-06-29 05:29:32,510 [icarl.py] => Task 7, Epoch 96/200 => Loss 2.045, Loss_clf 0.282, Loss_kd 1.761, Loss_kernel 0.001, Train_accy 91.47, Test_accy {'Art': 22.7, 'Clipart': 42.99, 'Real World': 29.32, 'Product': 63.95}
2025-06-29 05:29:46,110 [icarl.py] => Task 7, Epoch 97/200 => Loss 1.969, Loss_clf 0.238, Loss_kd 1.729, Loss_kernel 0.001, Train_accy 92.80
2025-06-29 05:29:58,158 [icarl.py] => Task 7, Epoch 98/200 => Loss 1.976, Loss_clf 0.258, Loss_kd 1.716, Loss_kernel 0.001, Train_accy 92.32
2025-06-29 05:30:10,158 [icarl.py] => Task 7, Epoch 99/200 => Loss 1.964, Loss_clf 0.227, Loss_kd 1.736, Loss_kernel 0.001, Train_accy 93.48
2025-06-29 05:30:22,470 [icarl.py] => Task 7, Epoch 100/200 => Loss 1.983, Loss_clf 0.253, Loss_kd 1.729, Loss_kernel 0.001, Train_accy 92.55
2025-06-29 05:30:46,173 [icarl.py] => Task 7, Epoch 101/200 => Loss 1.936, Loss_clf 0.232, Loss_kd 1.703, Loss_kernel 0.001, Train_accy 92.70, Test_accy {'Art': 24.67, 'Clipart': 42.8, 'Real World': 28.06, 'Product': 59.79}
2025-06-29 05:30:58,233 [icarl.py] => Task 7, Epoch 102/200 => Loss 1.953, Loss_clf 0.242, Loss_kd 1.711, Loss_kernel 0.001, Train_accy 93.32
2025-06-29 05:31:09,625 [icarl.py] => Task 7, Epoch 103/200 => Loss 1.899, Loss_clf 0.197, Loss_kd 1.700, Loss_kernel 0.001, Train_accy 94.04
2025-06-29 05:31:21,667 [icarl.py] => Task 7, Epoch 104/200 => Loss 1.928, Loss_clf 0.209, Loss_kd 1.718, Loss_kernel 0.001, Train_accy 94.11
2025-06-29 05:31:34,387 [icarl.py] => Task 7, Epoch 105/200 => Loss 1.912, Loss_clf 0.195, Loss_kd 1.716, Loss_kernel 0.001, Train_accy 94.51
2025-06-29 05:31:59,065 [icarl.py] => Task 7, Epoch 106/200 => Loss 1.895, Loss_clf 0.188, Loss_kd 1.706, Loss_kernel 0.001, Train_accy 94.95, Test_accy {'Art': 23.68, 'Clipart': 43.93, 'Real World': 28.24, 'Product': 61.7}
2025-06-29 05:32:10,723 [icarl.py] => Task 7, Epoch 107/200 => Loss 1.884, Loss_clf 0.206, Loss_kd 1.677, Loss_kernel 0.001, Train_accy 93.54
2025-06-29 05:32:22,616 [icarl.py] => Task 7, Epoch 108/200 => Loss 1.953, Loss_clf 0.235, Loss_kd 1.717, Loss_kernel 0.001, Train_accy 93.40
2025-06-29 05:32:34,687 [icarl.py] => Task 7, Epoch 109/200 => Loss 1.884, Loss_clf 0.211, Loss_kd 1.672, Loss_kernel 0.001, Train_accy 93.21
2025-06-29 05:32:45,672 [icarl.py] => Task 7, Epoch 110/200 => Loss 1.914, Loss_clf 0.207, Loss_kd 1.705, Loss_kernel 0.001, Train_accy 94.09
2025-06-29 05:33:11,379 [icarl.py] => Task 7, Epoch 111/200 => Loss 1.890, Loss_clf 0.202, Loss_kd 1.687, Loss_kernel 0.001, Train_accy 93.96, Test_accy {'Art': 21.38, 'Clipart': 44.49, 'Real World': 26.8, 'Product': 60.66}
2025-06-29 05:33:22,599 [icarl.py] => Task 7, Epoch 112/200 => Loss 1.881, Loss_clf 0.190, Loss_kd 1.690, Loss_kernel 0.001, Train_accy 94.96
2025-06-29 05:33:35,479 [icarl.py] => Task 7, Epoch 113/200 => Loss 1.859, Loss_clf 0.206, Loss_kd 1.652, Loss_kernel 0.001, Train_accy 93.93
2025-06-29 05:33:48,597 [icarl.py] => Task 7, Epoch 114/200 => Loss 1.887, Loss_clf 0.193, Loss_kd 1.692, Loss_kernel 0.001, Train_accy 94.43
2025-06-29 05:34:00,710 [icarl.py] => Task 7, Epoch 115/200 => Loss 1.849, Loss_clf 0.171, Loss_kd 1.677, Loss_kernel 0.001, Train_accy 94.60
2025-06-29 05:34:27,937 [icarl.py] => Task 7, Epoch 116/200 => Loss 1.892, Loss_clf 0.216, Loss_kd 1.675, Loss_kernel 0.001, Train_accy 93.74, Test_accy {'Art': 23.68, 'Clipart': 43.18, 'Real World': 27.16, 'Product': 63.26}
2025-06-29 05:34:38,882 [icarl.py] => Task 7, Epoch 117/200 => Loss 1.814, Loss_clf 0.167, Loss_kd 1.646, Loss_kernel 0.001, Train_accy 94.75
2025-06-29 05:34:51,057 [icarl.py] => Task 7, Epoch 118/200 => Loss 1.893, Loss_clf 0.194, Loss_kd 1.698, Loss_kernel 0.001, Train_accy 95.21
2025-06-29 05:35:03,736 [icarl.py] => Task 7, Epoch 119/200 => Loss 1.818, Loss_clf 0.166, Loss_kd 1.650, Loss_kernel 0.001, Train_accy 95.72
2025-06-29 05:35:15,614 [icarl.py] => Task 7, Epoch 120/200 => Loss 1.862, Loss_clf 0.190, Loss_kd 1.671, Loss_kernel 0.001, Train_accy 94.27
2025-06-29 05:35:39,997 [icarl.py] => Task 7, Epoch 121/200 => Loss 1.815, Loss_clf 0.171, Loss_kd 1.644, Loss_kernel 0.001, Train_accy 95.56, Test_accy {'Art': 28.95, 'Clipart': 44.86, 'Real World': 31.47, 'Product': 63.26}
2025-06-29 05:35:51,601 [icarl.py] => Task 7, Epoch 122/200 => Loss 1.854, Loss_clf 0.196, Loss_kd 1.657, Loss_kernel 0.001, Train_accy 95.46
2025-06-29 05:36:04,359 [icarl.py] => Task 7, Epoch 123/200 => Loss 1.817, Loss_clf 0.170, Loss_kd 1.646, Loss_kernel 0.001, Train_accy 95.47
2025-06-29 05:36:16,882 [icarl.py] => Task 7, Epoch 124/200 => Loss 1.854, Loss_clf 0.165, Loss_kd 1.687, Loss_kernel 0.001, Train_accy 95.62
2025-06-29 05:36:28,834 [icarl.py] => Task 7, Epoch 125/200 => Loss 1.831, Loss_clf 0.167, Loss_kd 1.663, Loss_kernel 0.001, Train_accy 95.47
2025-06-29 05:36:54,746 [icarl.py] => Task 7, Epoch 126/200 => Loss 1.833, Loss_clf 0.166, Loss_kd 1.665, Loss_kernel 0.001, Train_accy 95.20, Test_accy {'Art': 25.66, 'Clipart': 44.3, 'Real World': 31.65, 'Product': 64.3}
2025-06-29 05:37:05,976 [icarl.py] => Task 7, Epoch 127/200 => Loss 1.810, Loss_clf 0.152, Loss_kd 1.657, Loss_kernel 0.001, Train_accy 96.41
2025-06-29 05:37:17,274 [icarl.py] => Task 7, Epoch 128/200 => Loss 1.804, Loss_clf 0.153, Loss_kd 1.650, Loss_kernel 0.001, Train_accy 95.96
2025-06-29 05:37:28,882 [icarl.py] => Task 7, Epoch 129/200 => Loss 1.812, Loss_clf 0.154, Loss_kd 1.657, Loss_kernel 0.001, Train_accy 95.85
2025-06-29 05:37:40,434 [icarl.py] => Task 7, Epoch 130/200 => Loss 1.789, Loss_clf 0.148, Loss_kd 1.640, Loss_kernel 0.001, Train_accy 96.40
2025-06-29 05:38:04,999 [icarl.py] => Task 7, Epoch 131/200 => Loss 1.752, Loss_clf 0.130, Loss_kd 1.621, Loss_kernel 0.001, Train_accy 96.81, Test_accy {'Art': 22.7, 'Clipart': 42.8, 'Real World': 30.4, 'Product': 63.78}
2025-06-29 05:38:18,896 [icarl.py] => Task 7, Epoch 132/200 => Loss 1.847, Loss_clf 0.180, Loss_kd 1.666, Loss_kernel 0.001, Train_accy 94.83
2025-06-29 05:38:30,714 [icarl.py] => Task 7, Epoch 133/200 => Loss 1.799, Loss_clf 0.171, Loss_kd 1.627, Loss_kernel 0.001, Train_accy 95.11
2025-06-29 05:38:42,392 [icarl.py] => Task 7, Epoch 134/200 => Loss 1.782, Loss_clf 0.137, Loss_kd 1.643, Loss_kernel 0.001, Train_accy 96.31
2025-06-29 05:38:53,494 [icarl.py] => Task 7, Epoch 135/200 => Loss 1.788, Loss_clf 0.141, Loss_kd 1.646, Loss_kernel 0.001, Train_accy 96.25
2025-06-29 05:39:18,592 [icarl.py] => Task 7, Epoch 136/200 => Loss 1.752, Loss_clf 0.120, Loss_kd 1.631, Loss_kernel 0.001, Train_accy 96.72, Test_accy {'Art': 26.32, 'Clipart': 44.11, 'Real World': 30.22, 'Product': 65.86}
2025-06-29 05:39:27,786 [icarl.py] => Task 7, Epoch 137/200 => Loss 1.757, Loss_clf 0.129, Loss_kd 1.626, Loss_kernel 0.001, Train_accy 95.87
2025-06-29 05:39:39,288 [icarl.py] => Task 7, Epoch 138/200 => Loss 1.828, Loss_clf 0.161, Loss_kd 1.666, Loss_kernel 0.001, Train_accy 95.50
2025-06-29 05:39:50,566 [icarl.py] => Task 7, Epoch 139/200 => Loss 1.793, Loss_clf 0.159, Loss_kd 1.633, Loss_kernel 0.001, Train_accy 96.05
2025-06-29 05:40:03,086 [icarl.py] => Task 7, Epoch 140/200 => Loss 1.790, Loss_clf 0.129, Loss_kd 1.661, Loss_kernel 0.001, Train_accy 96.58
2025-06-29 05:40:26,056 [icarl.py] => Task 7, Epoch 141/200 => Loss 1.771, Loss_clf 0.115, Loss_kd 1.656, Loss_kernel 0.001, Train_accy 97.11, Test_accy {'Art': 25.66, 'Clipart': 43.36, 'Real World': 30.76, 'Product': 65.34}
2025-06-29 05:40:37,379 [icarl.py] => Task 7, Epoch 142/200 => Loss 1.772, Loss_clf 0.134, Loss_kd 1.637, Loss_kernel 0.001, Train_accy 96.30
2025-06-29 05:40:48,620 [icarl.py] => Task 7, Epoch 143/200 => Loss 1.762, Loss_clf 0.122, Loss_kd 1.639, Loss_kernel 0.001, Train_accy 96.46
2025-06-29 05:40:59,553 [icarl.py] => Task 7, Epoch 144/200 => Loss 1.731, Loss_clf 0.105, Loss_kd 1.625, Loss_kernel 0.001, Train_accy 97.41
2025-06-29 05:41:10,489 [icarl.py] => Task 7, Epoch 145/200 => Loss 1.709, Loss_clf 0.095, Loss_kd 1.613, Loss_kernel 0.001, Train_accy 97.62
2025-06-29 05:41:34,711 [icarl.py] => Task 7, Epoch 146/200 => Loss 1.742, Loss_clf 0.119, Loss_kd 1.623, Loss_kernel 0.001, Train_accy 96.85, Test_accy {'Art': 26.97, 'Clipart': 43.36, 'Real World': 29.86, 'Product': 65.34}
2025-06-29 05:41:45,429 [icarl.py] => Task 7, Epoch 147/200 => Loss 1.776, Loss_clf 0.135, Loss_kd 1.640, Loss_kernel 0.001, Train_accy 96.14
2025-06-29 05:41:57,155 [icarl.py] => Task 7, Epoch 148/200 => Loss 1.746, Loss_clf 0.116, Loss_kd 1.629, Loss_kernel 0.001, Train_accy 96.66
2025-06-29 05:42:06,367 [icarl.py] => Task 7, Epoch 149/200 => Loss 1.732, Loss_clf 0.119, Loss_kd 1.611, Loss_kernel 0.001, Train_accy 96.84
2025-06-29 05:42:16,639 [icarl.py] => Task 7, Epoch 150/200 => Loss 1.756, Loss_clf 0.121, Loss_kd 1.635, Loss_kernel 0.001, Train_accy 96.55
2025-06-29 05:42:39,882 [icarl.py] => Task 7, Epoch 151/200 => Loss 1.735, Loss_clf 0.123, Loss_kd 1.611, Loss_kernel 0.001, Train_accy 97.10, Test_accy {'Art': 24.67, 'Clipart': 44.86, 'Real World': 30.58, 'Product': 66.03}
2025-06-29 05:42:50,892 [icarl.py] => Task 7, Epoch 152/200 => Loss 1.724, Loss_clf 0.110, Loss_kd 1.613, Loss_kernel 0.001, Train_accy 96.91
2025-06-29 05:43:01,427 [icarl.py] => Task 7, Epoch 153/200 => Loss 1.776, Loss_clf 0.126, Loss_kd 1.649, Loss_kernel 0.001, Train_accy 96.96
2025-06-29 05:43:12,083 [icarl.py] => Task 7, Epoch 154/200 => Loss 1.771, Loss_clf 0.124, Loss_kd 1.645, Loss_kernel 0.001, Train_accy 96.70
2025-06-29 05:43:22,399 [icarl.py] => Task 7, Epoch 155/200 => Loss 1.734, Loss_clf 0.125, Loss_kd 1.608, Loss_kernel 0.001, Train_accy 96.40
2025-06-29 05:43:46,391 [icarl.py] => Task 7, Epoch 156/200 => Loss 1.724, Loss_clf 0.108, Loss_kd 1.616, Loss_kernel 0.001, Train_accy 97.41, Test_accy {'Art': 25.99, 'Clipart': 43.36, 'Real World': 30.58, 'Product': 66.38}
2025-06-29 05:43:57,045 [icarl.py] => Task 7, Epoch 157/200 => Loss 1.733, Loss_clf 0.106, Loss_kd 1.626, Loss_kernel 0.001, Train_accy 97.11
2025-06-29 05:44:06,960 [icarl.py] => Task 7, Epoch 158/200 => Loss 1.750, Loss_clf 0.127, Loss_kd 1.623, Loss_kernel 0.001, Train_accy 96.64
2025-06-29 05:44:17,734 [icarl.py] => Task 7, Epoch 159/200 => Loss 1.702, Loss_clf 0.083, Loss_kd 1.618, Loss_kernel 0.001, Train_accy 98.07
2025-06-29 05:44:28,525 [icarl.py] => Task 7, Epoch 160/200 => Loss 1.723, Loss_clf 0.107, Loss_kd 1.615, Loss_kernel 0.001, Train_accy 97.31
2025-06-29 05:44:52,694 [icarl.py] => Task 7, Epoch 161/200 => Loss 1.744, Loss_clf 0.111, Loss_kd 1.632, Loss_kernel 0.001, Train_accy 97.52, Test_accy {'Art': 25.33, 'Clipart': 42.8, 'Real World': 30.76, 'Product': 66.2}
2025-06-29 05:45:04,168 [icarl.py] => Task 7, Epoch 162/200 => Loss 1.740, Loss_clf 0.109, Loss_kd 1.630, Loss_kernel 0.001, Train_accy 97.16
2025-06-29 05:45:15,810 [icarl.py] => Task 7, Epoch 163/200 => Loss 1.730, Loss_clf 0.105, Loss_kd 1.624, Loss_kernel 0.001, Train_accy 97.47
2025-06-29 05:45:26,772 [icarl.py] => Task 7, Epoch 164/200 => Loss 1.692, Loss_clf 0.082, Loss_kd 1.610, Loss_kernel 0.001, Train_accy 98.38
2025-06-29 05:45:36,643 [icarl.py] => Task 7, Epoch 165/200 => Loss 1.695, Loss_clf 0.091, Loss_kd 1.603, Loss_kernel 0.001, Train_accy 98.17
2025-06-29 05:46:00,619 [icarl.py] => Task 7, Epoch 166/200 => Loss 1.709, Loss_clf 0.097, Loss_kd 1.611, Loss_kernel 0.001, Train_accy 97.52, Test_accy {'Art': 26.32, 'Clipart': 43.18, 'Real World': 30.4, 'Product': 66.38}
2025-06-29 05:46:10,782 [icarl.py] => Task 7, Epoch 167/200 => Loss 1.691, Loss_clf 0.089, Loss_kd 1.600, Loss_kernel 0.001, Train_accy 97.71
2025-06-29 05:46:20,208 [icarl.py] => Task 7, Epoch 168/200 => Loss 1.689, Loss_clf 0.086, Loss_kd 1.602, Loss_kernel 0.001, Train_accy 97.81
2025-06-29 05:46:30,804 [icarl.py] => Task 7, Epoch 169/200 => Loss 1.702, Loss_clf 0.098, Loss_kd 1.602, Loss_kernel 0.001, Train_accy 97.56
2025-06-29 05:46:41,030 [icarl.py] => Task 7, Epoch 170/200 => Loss 1.711, Loss_clf 0.110, Loss_kd 1.601, Loss_kernel 0.001, Train_accy 97.36
2025-06-29 05:47:03,107 [icarl.py] => Task 7, Epoch 171/200 => Loss 1.709, Loss_clf 0.102, Loss_kd 1.606, Loss_kernel 0.001, Train_accy 97.45, Test_accy {'Art': 25.99, 'Clipart': 43.74, 'Real World': 30.58, 'Product': 65.34}
2025-06-29 05:47:13,712 [icarl.py] => Task 7, Epoch 172/200 => Loss 1.694, Loss_clf 0.085, Loss_kd 1.608, Loss_kernel 0.001, Train_accy 97.71
2025-06-29 05:47:23,617 [icarl.py] => Task 7, Epoch 173/200 => Loss 1.701, Loss_clf 0.096, Loss_kd 1.604, Loss_kernel 0.001, Train_accy 97.86
2025-06-29 05:47:34,169 [icarl.py] => Task 7, Epoch 174/200 => Loss 1.682, Loss_clf 0.080, Loss_kd 1.601, Loss_kernel 0.001, Train_accy 98.37
2025-06-29 05:47:43,695 [icarl.py] => Task 7, Epoch 175/200 => Loss 1.708, Loss_clf 0.088, Loss_kd 1.620, Loss_kernel 0.001, Train_accy 97.81
2025-06-29 05:48:06,758 [icarl.py] => Task 7, Epoch 176/200 => Loss 1.683, Loss_clf 0.083, Loss_kd 1.599, Loss_kernel 0.001, Train_accy 98.22, Test_accy {'Art': 27.63, 'Clipart': 43.55, 'Real World': 30.94, 'Product': 66.2}
2025-06-29 05:48:16,097 [icarl.py] => Task 7, Epoch 177/200 => Loss 1.686, Loss_clf 0.084, Loss_kd 1.601, Loss_kernel 0.001, Train_accy 98.16
2025-06-29 05:48:25,795 [icarl.py] => Task 7, Epoch 178/200 => Loss 1.667, Loss_clf 0.084, Loss_kd 1.583, Loss_kernel 0.001, Train_accy 98.06
2025-06-29 05:48:36,077 [icarl.py] => Task 7, Epoch 179/200 => Loss 1.690, Loss_clf 0.094, Loss_kd 1.596, Loss_kernel 0.001, Train_accy 97.61
2025-06-29 05:48:45,607 [icarl.py] => Task 7, Epoch 180/200 => Loss 1.703, Loss_clf 0.090, Loss_kd 1.612, Loss_kernel 0.001, Train_accy 97.81
2025-06-29 05:49:07,866 [icarl.py] => Task 7, Epoch 181/200 => Loss 1.673, Loss_clf 0.080, Loss_kd 1.592, Loss_kernel 0.001, Train_accy 98.47, Test_accy {'Art': 27.3, 'Clipart': 42.8, 'Real World': 30.94, 'Product': 67.42}
2025-06-29 05:49:19,210 [icarl.py] => Task 7, Epoch 182/200 => Loss 1.707, Loss_clf 0.091, Loss_kd 1.615, Loss_kernel 0.001, Train_accy 97.87
2025-06-29 05:49:28,739 [icarl.py] => Task 7, Epoch 183/200 => Loss 1.691, Loss_clf 0.085, Loss_kd 1.606, Loss_kernel 0.001, Train_accy 97.91
2025-06-29 05:49:36,433 [icarl.py] => Task 7, Epoch 184/200 => Loss 1.669, Loss_clf 0.076, Loss_kd 1.592, Loss_kernel 0.001, Train_accy 98.31
2025-06-29 05:49:45,233 [icarl.py] => Task 7, Epoch 185/200 => Loss 1.686, Loss_clf 0.082, Loss_kd 1.603, Loss_kernel 0.001, Train_accy 98.37
2025-06-29 05:50:07,760 [icarl.py] => Task 7, Epoch 186/200 => Loss 1.683, Loss_clf 0.088, Loss_kd 1.594, Loss_kernel 0.001, Train_accy 97.81, Test_accy {'Art': 26.32, 'Clipart': 44.49, 'Real World': 29.86, 'Product': 66.38}
2025-06-29 05:50:17,954 [icarl.py] => Task 7, Epoch 187/200 => Loss 1.719, Loss_clf 0.100, Loss_kd 1.618, Loss_kernel 0.001, Train_accy 97.71
2025-06-29 05:50:26,728 [icarl.py] => Task 7, Epoch 188/200 => Loss 1.698, Loss_clf 0.085, Loss_kd 1.612, Loss_kernel 0.001, Train_accy 98.06
2025-06-29 05:50:36,896 [icarl.py] => Task 7, Epoch 189/200 => Loss 1.685, Loss_clf 0.084, Loss_kd 1.600, Loss_kernel 0.001, Train_accy 98.02
2025-06-29 05:50:46,910 [icarl.py] => Task 7, Epoch 190/200 => Loss 1.717, Loss_clf 0.097, Loss_kd 1.620, Loss_kernel 0.001, Train_accy 97.56
2025-06-29 05:51:07,865 [icarl.py] => Task 7, Epoch 191/200 => Loss 1.669, Loss_clf 0.074, Loss_kd 1.594, Loss_kernel 0.001, Train_accy 98.56, Test_accy {'Art': 26.97, 'Clipart': 44.86, 'Real World': 30.04, 'Product': 66.38}
2025-06-29 05:51:16,985 [icarl.py] => Task 7, Epoch 192/200 => Loss 1.683, Loss_clf 0.084, Loss_kd 1.598, Loss_kernel 0.001, Train_accy 98.06
2025-06-29 05:51:26,828 [icarl.py] => Task 7, Epoch 193/200 => Loss 1.713, Loss_clf 0.090, Loss_kd 1.622, Loss_kernel 0.001, Train_accy 97.81
2025-06-29 05:51:35,598 [icarl.py] => Task 7, Epoch 194/200 => Loss 1.677, Loss_clf 0.078, Loss_kd 1.598, Loss_kernel 0.001, Train_accy 98.32
2025-06-29 05:51:44,563 [icarl.py] => Task 7, Epoch 195/200 => Loss 1.674, Loss_clf 0.076, Loss_kd 1.597, Loss_kernel 0.001, Train_accy 98.57
2025-06-29 05:52:06,519 [icarl.py] => Task 7, Epoch 196/200 => Loss 1.679, Loss_clf 0.083, Loss_kd 1.596, Loss_kernel 0.001, Train_accy 98.06, Test_accy {'Art': 25.33, 'Clipart': 43.55, 'Real World': 30.4, 'Product': 66.9}
2025-06-29 05:52:14,161 [icarl.py] => Task 7, Epoch 197/200 => Loss 1.653, Loss_clf 0.071, Loss_kd 1.582, Loss_kernel 0.001, Train_accy 98.67
2025-06-29 05:52:23,596 [icarl.py] => Task 7, Epoch 198/200 => Loss 1.705, Loss_clf 0.082, Loss_kd 1.622, Loss_kernel 0.001, Train_accy 98.11
2025-06-29 05:52:31,997 [icarl.py] => Task 7, Epoch 199/200 => Loss 1.657, Loss_clf 0.074, Loss_kd 1.582, Loss_kernel 0.001, Train_accy 98.06
2025-06-29 05:52:41,379 [icarl.py] => Task 7, Epoch 200/200 => Loss 1.699, Loss_clf 0.084, Loss_kd 1.614, Loss_kernel 0.001, Train_accy 98.12
2025-06-29 05:52:41,381 [base.py] => Reducing exemplars...(32 per classes)
2025-06-29 05:52:59,692 [base.py] => Constructing exemplars...(32 per classes)
2025-06-29 05:53:33,615 [icarl.py] => Exemplar size: 1280
2025-06-29 05:53:34,700 [trainer.py] => CNN [Art]: {'total': 27.3, '00-04': 42.11, '05-09': 38.24, '10-14': 29.73, '15-19': 29.63, '20-24': 13.16, '25-29': 8.82, '30-34': 27.27, '35-39': 29.27, 'old': 27.0, 'new': 29.27}
2025-06-29 05:53:34,701 [trainer.py] => NME [Art]: {'total': 28.62, '00-04': 26.32, '05-09': 41.18, '10-14': 29.73, '15-19': 40.74, '20-24': 18.42, '25-29': 11.76, '30-34': 34.55, '35-39': 26.83, 'old': 28.9, 'new': 26.83}
2025-06-29 05:53:34,701 [trainer.py] => CNN [Art] top1 curve: [60.53, 51.39, 49.54, 41.18, 39.08, 32.21, 31.94, 27.3]
2025-06-29 05:53:34,701 [trainer.py] => CNN [Art] top5 curve: [92.11, 87.5, 70.64, 66.91, 59.77, 56.73, 52.85, 48.36]
2025-06-29 05:53:34,701 [trainer.py] => NME [Art] top1 curve: [65.79, 56.94, 49.54, 46.32, 36.78, 37.98, 34.22, 28.62]
2025-06-29 05:53:34,701 [trainer.py] => NME [Art] top5 curve: [100.0, 88.89, 79.82, 75.0, 66.67, 63.46, 58.17, 51.32]
2025-06-29 05:53:34,701 [trainer.py] => Average Accuracy [Art] (CNN): 41.64625
2025-06-29 05:53:34,702 [trainer.py] => Average Accuracy [Art] (NME): 44.52375
2025-06-29 05:53:34,702 [trainer.py] => CNN [Clipart]: {'total': 43.74, '00-04': 56.41, '05-09': 43.55, '10-14': 40.91, '15-19': 49.06, '20-24': 38.2, '25-29': 25.81, '30-34': 43.75, '35-39': 52.46, 'old': 42.62, 'new': 52.46}
2025-06-29 05:53:34,702 [trainer.py] => NME [Clipart]: {'total': 45.61, '00-04': 50.0, '05-09': 43.55, '10-14': 37.88, '15-19': 52.83, '20-24': 41.57, '25-29': 33.87, '30-34': 50.0, '35-39': 57.38, 'old': 44.09, 'new': 57.38}
2025-06-29 05:53:34,702 [trainer.py] => CNN [Clipart] top1 curve: [70.51, 69.29, 65.05, 63.71, 57.18, 52.68, 49.16, 43.74]
2025-06-29 05:53:34,702 [trainer.py] => CNN [Clipart] top5 curve: [97.44, 91.43, 90.29, 83.4, 80.46, 78.05, 71.1, 70.28]
2025-06-29 05:53:34,702 [trainer.py] => NME [Clipart] top1 curve: [74.36, 70.71, 70.39, 66.41, 59.2, 53.41, 49.58, 45.61]
2025-06-29 05:53:34,702 [trainer.py] => NME [Clipart] top5 curve: [100.0, 92.86, 89.32, 86.1, 81.32, 79.51, 72.36, 72.9]
2025-06-29 05:53:34,702 [trainer.py] => Average Accuracy [Clipart] (CNN): 58.915
2025-06-29 05:53:34,703 [trainer.py] => Average Accuracy [Clipart] (NME): 61.208749999999995
2025-06-29 05:53:34,703 [trainer.py] => CNN [Product]: {'total': 67.24, '00-04': 76.47, '05-09': 66.25, '10-14': 74.19, '15-19': 64.94, '20-24': 57.38, '25-29': 54.43, '30-34': 62.69, '35-39': 81.82, 'old': 65.36, 'new': 81.82}
2025-06-29 05:53:34,703 [trainer.py] => NME [Product]: {'total': 68.28, '00-04': 67.06, '05-09': 62.5, '10-14': 77.42, '15-19': 68.83, '20-24': 59.02, '25-29': 65.82, '30-34': 67.16, '35-39': 80.3, 'old': 66.73, 'new': 80.3}
2025-06-29 05:53:34,703 [trainer.py] => CNN [Product] top1 curve: [92.94, 85.45, 84.14, 76.32, 77.26, 71.62, 72.02, 67.24]
2025-06-29 05:53:34,703 [trainer.py] => CNN [Product] top5 curve: [100.0, 98.79, 96.48, 96.38, 90.14, 91.67, 89.82, 88.56]
2025-06-29 05:53:34,703 [trainer.py] => NME [Product] top1 curve: [94.12, 88.48, 89.43, 80.92, 77.53, 75.45, 70.84, 68.28]
2025-06-29 05:53:34,703 [trainer.py] => NME [Product] top5 curve: [100.0, 99.39, 99.12, 97.7, 93.7, 93.92, 92.56, 90.81]
2025-06-29 05:53:34,703 [trainer.py] => Average Accuracy [Product] (CNN): 78.37375
2025-06-29 05:53:34,703 [trainer.py] => Average Accuracy [Product] (NME): 80.63125000000001
2025-06-29 05:53:34,704 [trainer.py] => CNN [Real World]: {'total': 31.47, '00-04': 46.58, '05-09': 42.65, '10-14': 27.78, '15-19': 26.87, '20-24': 6.15, '25-29': 25.97, '30-34': 37.33, '35-39': 37.29, 'old': 30.78, 'new': 37.29}
2025-06-29 05:53:34,704 [trainer.py] => NME [Real World]: {'total': 33.27, '00-04': 35.62, '05-09': 44.12, '10-14': 27.78, '15-19': 26.87, '20-24': 7.69, '25-29': 35.06, '30-34': 44.0, '35-39': 44.07, 'old': 31.99, 'new': 44.07}
2025-06-29 05:53:34,704 [trainer.py] => CNN [Real World] top1 curve: [69.86, 58.16, 48.83, 42.5, 34.2, 33.18, 33.0, 31.47]
2025-06-29 05:53:34,704 [trainer.py] => CNN [Real World] top5 curve: [95.89, 89.36, 77.0, 69.29, 60.0, 58.53, 55.94, 54.86]
2025-06-29 05:53:34,704 [trainer.py] => NME [Real World] top1 curve: [73.97, 63.12, 48.83, 44.64, 35.94, 35.31, 35.01, 33.27]
2025-06-29 05:53:34,704 [trainer.py] => NME [Real World] top5 curve: [100.0, 94.33, 85.92, 76.79, 69.28, 66.35, 61.77, 58.09]
2025-06-29 05:53:34,704 [trainer.py] => Average Accuracy [Real World] (CNN): 43.9
2025-06-29 05:53:34,705 [trainer.py] => Average Accuracy [Real World] (NME): 46.26125
2025-06-29 05:53:34,705 [trainer.py] => NME Harmonic Mean : 39.1326
2025-06-29 05:53:34,705 [trainer.py] => NME Macro Mean : 43.9450
2025-06-29 05:53:34,705 [trainer.py] => CNN Harmonic Mean : 37.4032
2025-06-29 05:53:34,705 [trainer.py] => CNN Macro Mean : 42.4375
2025-06-29 05:53:34,706 [trainer.py] => All params: 21310322
2025-06-29 05:53:34,707 [trainer.py] => Trainable params: 21310322
2025-06-29 05:53:34,708 [icarl.py] => Learning on 40-45
2025-06-29 05:54:04,684 [icarl.py] => Task 8, Epoch 1/200 => Loss 5.525, Loss_clf 2.828, Loss_kd 2.694, Loss_kernel 0.003, Train_accy 33.84, Test_accy {'Art': 2.92, 'Clipart': 6.66, 'Real World': 4.84, 'Product': 7.88}
2025-06-29 05:54:18,732 [icarl.py] => Task 8, Epoch 2/200 => Loss 6.377, Loss_clf 3.126, Loss_kd 3.244, Loss_kernel 0.006, Train_accy 21.19
2025-06-29 05:54:33,321 [icarl.py] => Task 8, Epoch 3/200 => Loss 5.682, Loss_clf 2.667, Loss_kd 3.008, Loss_kernel 0.006, Train_accy 28.41
2025-06-29 05:54:48,692 [icarl.py] => Task 8, Epoch 4/200 => Loss 5.169, Loss_clf 2.331, Loss_kd 2.834, Loss_kernel 0.005, Train_accy 35.37
2025-06-29 05:55:03,793 [icarl.py] => Task 8, Epoch 5/200 => Loss 4.891, Loss_clf 2.161, Loss_kd 2.727, Loss_kernel 0.004, Train_accy 38.95
2025-06-29 05:55:32,718 [icarl.py] => Task 8, Epoch 6/200 => Loss 4.615, Loss_clf 1.987, Loss_kd 2.625, Loss_kernel 0.004, Train_accy 42.78, Test_accy {'Art': 12.87, 'Clipart': 27.79, 'Real World': 17.74, 'Product': 37.87}
2025-06-29 05:55:47,303 [icarl.py] => Task 8, Epoch 7/200 => Loss 4.437, Loss_clf 1.866, Loss_kd 2.568, Loss_kernel 0.004, Train_accy 45.45
2025-06-29 05:56:01,941 [icarl.py] => Task 8, Epoch 8/200 => Loss 4.161, Loss_clf 1.693, Loss_kd 2.464, Loss_kernel 0.004, Train_accy 50.45
2025-06-29 05:56:16,264 [icarl.py] => Task 8, Epoch 9/200 => Loss 4.019, Loss_clf 1.607, Loss_kd 2.409, Loss_kernel 0.003, Train_accy 53.66
2025-06-29 05:56:30,529 [icarl.py] => Task 8, Epoch 10/200 => Loss 3.938, Loss_clf 1.556, Loss_kd 2.378, Loss_kernel 0.004, Train_accy 54.10
2025-06-29 05:57:00,068 [icarl.py] => Task 8, Epoch 11/200 => Loss 3.794, Loss_clf 1.430, Loss_kd 2.361, Loss_kernel 0.004, Train_accy 58.86, Test_accy {'Art': 16.96, 'Clipart': 27.95, 'Real World': 20.16, 'Product': 39.26}
2025-06-29 05:57:15,643 [icarl.py] => Task 8, Epoch 12/200 => Loss 3.599, Loss_clf 1.323, Loss_kd 2.272, Loss_kernel 0.003, Train_accy 59.72
2025-06-29 05:57:29,237 [icarl.py] => Task 8, Epoch 13/200 => Loss 3.628, Loss_clf 1.323, Loss_kd 2.301, Loss_kernel 0.004, Train_accy 61.07
2025-06-29 05:57:44,435 [icarl.py] => Task 8, Epoch 14/200 => Loss 3.549, Loss_clf 1.271, Loss_kd 2.274, Loss_kernel 0.004, Train_accy 62.73
2025-06-29 05:57:59,664 [icarl.py] => Task 8, Epoch 15/200 => Loss 3.404, Loss_clf 1.186, Loss_kd 2.214, Loss_kernel 0.003, Train_accy 65.28
2025-06-29 05:58:28,280 [icarl.py] => Task 8, Epoch 16/200 => Loss 3.357, Loss_clf 1.158, Loss_kd 2.195, Loss_kernel 0.003, Train_accy 65.10, Test_accy {'Art': 14.04, 'Clipart': 30.62, 'Real World': 21.13, 'Product': 44.51}
2025-06-29 05:58:43,116 [icarl.py] => Task 8, Epoch 17/200 => Loss 3.381, Loss_clf 1.156, Loss_kd 2.222, Loss_kernel 0.004, Train_accy 65.99
2025-06-29 05:58:57,141 [icarl.py] => Task 8, Epoch 18/200 => Loss 3.222, Loss_clf 1.053, Loss_kd 2.166, Loss_kernel 0.003, Train_accy 69.43
2025-06-29 05:59:11,911 [icarl.py] => Task 8, Epoch 19/200 => Loss 3.161, Loss_clf 1.010, Loss_kd 2.148, Loss_kernel 0.004, Train_accy 70.79
2025-06-29 05:59:26,075 [icarl.py] => Task 8, Epoch 20/200 => Loss 3.042, Loss_clf 0.950, Loss_kd 2.089, Loss_kernel 0.004, Train_accy 72.47
2025-06-29 05:59:55,550 [icarl.py] => Task 8, Epoch 21/200 => Loss 3.050, Loss_clf 0.943, Loss_kd 2.104, Loss_kernel 0.004, Train_accy 71.15, Test_accy {'Art': 17.84, 'Clipart': 37.27, 'Real World': 23.39, 'Product': 51.62}
2025-06-29 06:00:10,211 [icarl.py] => Task 8, Epoch 22/200 => Loss 2.875, Loss_clf 0.838, Loss_kd 2.034, Loss_kernel 0.003, Train_accy 76.09
2025-06-29 06:00:23,506 [icarl.py] => Task 8, Epoch 23/200 => Loss 2.990, Loss_clf 0.917, Loss_kd 2.070, Loss_kernel 0.003, Train_accy 74.04
2025-06-29 06:00:38,599 [icarl.py] => Task 8, Epoch 24/200 => Loss 2.804, Loss_clf 0.779, Loss_kd 2.021, Loss_kernel 0.003, Train_accy 76.92
2025-06-29 06:00:53,943 [icarl.py] => Task 8, Epoch 25/200 => Loss 2.808, Loss_clf 0.775, Loss_kd 2.030, Loss_kernel 0.003, Train_accy 77.21
2025-06-29 06:01:23,906 [icarl.py] => Task 8, Epoch 26/200 => Loss 2.758, Loss_clf 0.743, Loss_kd 2.011, Loss_kernel 0.003, Train_accy 78.04, Test_accy {'Art': 17.25, 'Clipart': 34.28, 'Real World': 24.35, 'Product': 52.24}
2025-06-29 06:01:37,022 [icarl.py] => Task 8, Epoch 27/200 => Loss 2.793, Loss_clf 0.764, Loss_kd 2.026, Loss_kernel 0.004, Train_accy 77.92
2025-06-29 06:01:51,824 [icarl.py] => Task 8, Epoch 28/200 => Loss 2.736, Loss_clf 0.713, Loss_kd 2.020, Loss_kernel 0.003, Train_accy 79.42
2025-06-29 06:02:05,389 [icarl.py] => Task 8, Epoch 29/200 => Loss 2.708, Loss_clf 0.701, Loss_kd 2.004, Loss_kernel 0.003, Train_accy 80.30
2025-06-29 06:02:19,527 [icarl.py] => Task 8, Epoch 30/200 => Loss 2.734, Loss_clf 0.740, Loss_kd 1.992, Loss_kernel 0.003, Train_accy 78.91
2025-06-29 06:02:48,997 [icarl.py] => Task 8, Epoch 31/200 => Loss 2.647, Loss_clf 0.684, Loss_kd 1.960, Loss_kernel 0.003, Train_accy 79.14, Test_accy {'Art': 21.64, 'Clipart': 40.27, 'Real World': 24.03, 'Product': 54.25}
2025-06-29 06:03:02,736 [icarl.py] => Task 8, Epoch 32/200 => Loss 2.553, Loss_clf 0.614, Loss_kd 1.936, Loss_kernel 0.003, Train_accy 81.33
2025-06-29 06:03:17,066 [icarl.py] => Task 8, Epoch 33/200 => Loss 2.677, Loss_clf 0.688, Loss_kd 1.986, Loss_kernel 0.003, Train_accy 80.19
2025-06-29 06:03:30,876 [icarl.py] => Task 8, Epoch 34/200 => Loss 2.600, Loss_clf 0.643, Loss_kd 1.954, Loss_kernel 0.003, Train_accy 80.72
2025-06-29 06:03:45,003 [icarl.py] => Task 8, Epoch 35/200 => Loss 2.509, Loss_clf 0.576, Loss_kd 1.931, Loss_kernel 0.003, Train_accy 82.41
2025-06-29 06:04:13,520 [icarl.py] => Task 8, Epoch 36/200 => Loss 2.609, Loss_clf 0.646, Loss_kd 1.960, Loss_kernel 0.003, Train_accy 81.26, Test_accy {'Art': 17.54, 'Clipart': 38.1, 'Real World': 23.23, 'Product': 55.33}
2025-06-29 06:04:27,417 [icarl.py] => Task 8, Epoch 37/200 => Loss 2.590, Loss_clf 0.618, Loss_kd 1.969, Loss_kernel 0.003, Train_accy 82.08
2025-06-29 06:04:41,327 [icarl.py] => Task 8, Epoch 38/200 => Loss 2.593, Loss_clf 0.637, Loss_kd 1.953, Loss_kernel 0.003, Train_accy 81.05
2025-06-29 06:04:54,804 [icarl.py] => Task 8, Epoch 39/200 => Loss 2.615, Loss_clf 0.634, Loss_kd 1.978, Loss_kernel 0.003, Train_accy 81.08
2025-06-29 06:05:10,346 [icarl.py] => Task 8, Epoch 40/200 => Loss 2.557, Loss_clf 0.607, Loss_kd 1.948, Loss_kernel 0.003, Train_accy 82.74
2025-06-29 06:05:40,226 [icarl.py] => Task 8, Epoch 41/200 => Loss 2.673, Loss_clf 0.676, Loss_kd 1.994, Loss_kernel 0.003, Train_accy 80.42, Test_accy {'Art': 16.96, 'Clipart': 37.44, 'Real World': 21.45, 'Product': 52.4}
2025-06-29 06:05:54,273 [icarl.py] => Task 8, Epoch 42/200 => Loss 2.526, Loss_clf 0.589, Loss_kd 1.934, Loss_kernel 0.003, Train_accy 82.82
2025-06-29 06:06:08,547 [icarl.py] => Task 8, Epoch 43/200 => Loss 2.464, Loss_clf 0.541, Loss_kd 1.921, Loss_kernel 0.003, Train_accy 83.85
2025-06-29 06:06:22,552 [icarl.py] => Task 8, Epoch 44/200 => Loss 2.571, Loss_clf 0.639, Loss_kd 1.930, Loss_kernel 0.003, Train_accy 80.95
2025-06-29 06:06:36,594 [icarl.py] => Task 8, Epoch 45/200 => Loss 2.411, Loss_clf 0.508, Loss_kd 1.900, Loss_kernel 0.003, Train_accy 85.23
2025-06-29 06:07:05,612 [icarl.py] => Task 8, Epoch 46/200 => Loss 2.447, Loss_clf 0.518, Loss_kd 1.926, Loss_kernel 0.003, Train_accy 84.80, Test_accy {'Art': 16.96, 'Clipart': 37.27, 'Real World': 22.9, 'Product': 56.57}
2025-06-29 06:07:20,011 [icarl.py] => Task 8, Epoch 47/200 => Loss 2.504, Loss_clf 0.565, Loss_kd 1.936, Loss_kernel 0.003, Train_accy 82.62
2025-06-29 06:07:33,122 [icarl.py] => Task 8, Epoch 48/200 => Loss 2.406, Loss_clf 0.517, Loss_kd 1.886, Loss_kernel 0.002, Train_accy 85.49
2025-06-29 06:07:46,232 [icarl.py] => Task 8, Epoch 49/200 => Loss 2.394, Loss_clf 0.505, Loss_kd 1.887, Loss_kernel 0.002, Train_accy 85.46
2025-06-29 06:07:59,808 [icarl.py] => Task 8, Epoch 50/200 => Loss 2.366, Loss_clf 0.469, Loss_kd 1.895, Loss_kernel 0.002, Train_accy 86.86
2025-06-29 06:08:27,260 [icarl.py] => Task 8, Epoch 51/200 => Loss 2.335, Loss_clf 0.448, Loss_kd 1.884, Loss_kernel 0.002, Train_accy 86.43, Test_accy {'Art': 20.47, 'Clipart': 40.1, 'Real World': 26.45, 'Product': 54.71}
2025-06-29 06:08:40,181 [icarl.py] => Task 8, Epoch 52/200 => Loss 2.369, Loss_clf 0.456, Loss_kd 1.911, Loss_kernel 0.002, Train_accy 87.34
2025-06-29 06:08:55,073 [icarl.py] => Task 8, Epoch 53/200 => Loss 2.345, Loss_clf 0.454, Loss_kd 1.888, Loss_kernel 0.002, Train_accy 87.51
2025-06-29 06:09:08,852 [icarl.py] => Task 8, Epoch 54/200 => Loss 2.362, Loss_clf 0.461, Loss_kd 1.900, Loss_kernel 0.002, Train_accy 85.95
2025-06-29 06:09:22,165 [icarl.py] => Task 8, Epoch 55/200 => Loss 2.344, Loss_clf 0.457, Loss_kd 1.885, Loss_kernel 0.002, Train_accy 86.11
2025-06-29 06:09:50,939 [icarl.py] => Task 8, Epoch 56/200 => Loss 2.358, Loss_clf 0.468, Loss_kd 1.888, Loss_kernel 0.002, Train_accy 85.64, Test_accy {'Art': 19.3, 'Clipart': 35.44, 'Real World': 26.45, 'Product': 50.85}
2025-06-29 06:10:05,962 [icarl.py] => Task 8, Epoch 57/200 => Loss 2.404, Loss_clf 0.493, Loss_kd 1.909, Loss_kernel 0.002, Train_accy 86.21
2025-06-29 06:10:18,884 [icarl.py] => Task 8, Epoch 58/200 => Loss 2.283, Loss_clf 0.435, Loss_kd 1.845, Loss_kernel 0.002, Train_accy 86.43
2025-06-29 06:10:33,092 [icarl.py] => Task 8, Epoch 59/200 => Loss 2.311, Loss_clf 0.437, Loss_kd 1.871, Loss_kernel 0.002, Train_accy 87.11
2025-06-29 06:10:47,244 [icarl.py] => Task 8, Epoch 60/200 => Loss 2.347, Loss_clf 0.470, Loss_kd 1.874, Loss_kernel 0.002, Train_accy 87.36
2025-06-29 06:11:15,973 [icarl.py] => Task 8, Epoch 61/200 => Loss 2.313, Loss_clf 0.435, Loss_kd 1.875, Loss_kernel 0.002, Train_accy 87.07, Test_accy {'Art': 18.42, 'Clipart': 37.77, 'Real World': 26.13, 'Product': 53.94}
2025-06-29 06:11:29,115 [icarl.py] => Task 8, Epoch 62/200 => Loss 2.274, Loss_clf 0.403, Loss_kd 1.868, Loss_kernel 0.002, Train_accy 88.47
2025-06-29 06:11:42,831 [icarl.py] => Task 8, Epoch 63/200 => Loss 2.282, Loss_clf 0.409, Loss_kd 1.871, Loss_kernel 0.002, Train_accy 88.04
2025-06-29 06:11:55,942 [icarl.py] => Task 8, Epoch 64/200 => Loss 2.177, Loss_clf 0.361, Loss_kd 1.814, Loss_kernel 0.002, Train_accy 90.07
2025-06-29 06:12:08,672 [icarl.py] => Task 8, Epoch 65/200 => Loss 2.268, Loss_clf 0.422, Loss_kd 1.844, Loss_kernel 0.002, Train_accy 88.31
2025-06-29 06:12:36,185 [icarl.py] => Task 8, Epoch 66/200 => Loss 2.240, Loss_clf 0.400, Loss_kd 1.838, Loss_kernel 0.002, Train_accy 88.33, Test_accy {'Art': 22.81, 'Clipart': 40.6, 'Real World': 24.35, 'Product': 55.33}
2025-06-29 06:12:49,098 [icarl.py] => Task 8, Epoch 67/200 => Loss 2.188, Loss_clf 0.354, Loss_kd 1.832, Loss_kernel 0.002, Train_accy 89.29
2025-06-29 06:13:01,924 [icarl.py] => Task 8, Epoch 68/200 => Loss 2.183, Loss_clf 0.362, Loss_kd 1.819, Loss_kernel 0.002, Train_accy 89.62
2025-06-29 06:13:14,918 [icarl.py] => Task 8, Epoch 69/200 => Loss 2.205, Loss_clf 0.376, Loss_kd 1.827, Loss_kernel 0.002, Train_accy 88.95
2025-06-29 06:13:27,161 [icarl.py] => Task 8, Epoch 70/200 => Loss 2.156, Loss_clf 0.338, Loss_kd 1.815, Loss_kernel 0.002, Train_accy 90.08
2025-06-29 06:13:55,901 [icarl.py] => Task 8, Epoch 71/200 => Loss 2.219, Loss_clf 0.375, Loss_kd 1.842, Loss_kernel 0.002, Train_accy 89.98, Test_accy {'Art': 23.39, 'Clipart': 38.1, 'Real World': 26.61, 'Product': 57.19}
2025-06-29 06:14:08,525 [icarl.py] => Task 8, Epoch 72/200 => Loss 2.234, Loss_clf 0.377, Loss_kd 1.855, Loss_kernel 0.002, Train_accy 88.21
2025-06-29 06:14:20,782 [icarl.py] => Task 8, Epoch 73/200 => Loss 2.167, Loss_clf 0.328, Loss_kd 1.837, Loss_kernel 0.002, Train_accy 90.50
2025-06-29 06:14:34,777 [icarl.py] => Task 8, Epoch 74/200 => Loss 2.151, Loss_clf 0.339, Loss_kd 1.810, Loss_kernel 0.002, Train_accy 89.45
2025-06-29 06:14:49,588 [icarl.py] => Task 8, Epoch 75/200 => Loss 2.307, Loss_clf 0.425, Loss_kd 1.880, Loss_kernel 0.002, Train_accy 87.07
2025-06-29 06:15:18,351 [icarl.py] => Task 8, Epoch 76/200 => Loss 2.261, Loss_clf 0.410, Loss_kd 1.849, Loss_kernel 0.002, Train_accy 88.55, Test_accy {'Art': 18.42, 'Clipart': 39.6, 'Real World': 24.19, 'Product': 58.42}
2025-06-29 06:15:31,996 [icarl.py] => Task 8, Epoch 77/200 => Loss 2.167, Loss_clf 0.338, Loss_kd 1.828, Loss_kernel 0.002, Train_accy 90.77
2025-06-29 06:15:45,315 [icarl.py] => Task 8, Epoch 78/200 => Loss 2.277, Loss_clf 0.393, Loss_kd 1.882, Loss_kernel 0.002, Train_accy 88.79
2025-06-29 06:15:59,233 [icarl.py] => Task 8, Epoch 79/200 => Loss 2.195, Loss_clf 0.375, Loss_kd 1.818, Loss_kernel 0.002, Train_accy 88.98
2025-06-29 06:16:12,239 [icarl.py] => Task 8, Epoch 80/200 => Loss 2.166, Loss_clf 0.337, Loss_kd 1.827, Loss_kernel 0.002, Train_accy 90.48
2025-06-29 06:16:41,324 [icarl.py] => Task 8, Epoch 81/200 => Loss 2.175, Loss_clf 0.344, Loss_kd 1.828, Loss_kernel 0.002, Train_accy 89.66, Test_accy {'Art': 21.93, 'Clipart': 37.6, 'Real World': 24.68, 'Product': 56.72}
2025-06-29 06:16:55,306 [icarl.py] => Task 8, Epoch 82/200 => Loss 2.139, Loss_clf 0.327, Loss_kd 1.810, Loss_kernel 0.002, Train_accy 90.70
2025-06-29 06:17:08,383 [icarl.py] => Task 8, Epoch 83/200 => Loss 2.074, Loss_clf 0.286, Loss_kd 1.786, Loss_kernel 0.002, Train_accy 92.08
2025-06-29 06:17:21,477 [icarl.py] => Task 8, Epoch 84/200 => Loss 2.126, Loss_clf 0.317, Loss_kd 1.807, Loss_kernel 0.002, Train_accy 90.31
2025-06-29 06:17:34,747 [icarl.py] => Task 8, Epoch 85/200 => Loss 2.082, Loss_clf 0.294, Loss_kd 1.786, Loss_kernel 0.002, Train_accy 91.11
2025-06-29 06:18:03,430 [icarl.py] => Task 8, Epoch 86/200 => Loss 2.144, Loss_clf 0.322, Loss_kd 1.820, Loss_kernel 0.002, Train_accy 91.01, Test_accy {'Art': 20.18, 'Clipart': 40.1, 'Real World': 26.61, 'Product': 53.32}
2025-06-29 06:18:16,895 [icarl.py] => Task 8, Epoch 87/200 => Loss 2.105, Loss_clf 0.311, Loss_kd 1.792, Loss_kernel 0.002, Train_accy 90.94
2025-06-29 06:18:29,228 [icarl.py] => Task 8, Epoch 88/200 => Loss 2.027, Loss_clf 0.259, Loss_kd 1.767, Loss_kernel 0.002, Train_accy 92.73
2025-06-29 06:18:41,194 [icarl.py] => Task 8, Epoch 89/200 => Loss 2.030, Loss_clf 0.255, Loss_kd 1.773, Loss_kernel 0.002, Train_accy 92.60
2025-06-29 06:18:54,604 [icarl.py] => Task 8, Epoch 90/200 => Loss 2.077, Loss_clf 0.297, Loss_kd 1.779, Loss_kernel 0.001, Train_accy 91.54
2025-06-29 06:19:22,796 [icarl.py] => Task 8, Epoch 91/200 => Loss 2.057, Loss_clf 0.279, Loss_kd 1.776, Loss_kernel 0.002, Train_accy 91.82, Test_accy {'Art': 20.76, 'Clipart': 39.77, 'Real World': 27.42, 'Product': 56.88}
2025-06-29 06:19:36,038 [icarl.py] => Task 8, Epoch 92/200 => Loss 2.071, Loss_clf 0.275, Loss_kd 1.794, Loss_kernel 0.002, Train_accy 92.08
2025-06-29 06:19:48,329 [icarl.py] => Task 8, Epoch 93/200 => Loss 2.021, Loss_clf 0.256, Loss_kd 1.764, Loss_kernel 0.002, Train_accy 92.54
2025-06-29 06:20:02,933 [icarl.py] => Task 8, Epoch 94/200 => Loss 2.002, Loss_clf 0.241, Loss_kd 1.759, Loss_kernel 0.001, Train_accy 92.99
2025-06-29 06:20:15,627 [icarl.py] => Task 8, Epoch 95/200 => Loss 2.036, Loss_clf 0.249, Loss_kd 1.786, Loss_kernel 0.001, Train_accy 92.43
2025-06-29 06:20:44,005 [icarl.py] => Task 8, Epoch 96/200 => Loss 2.023, Loss_clf 0.270, Loss_kd 1.752, Loss_kernel 0.002, Train_accy 92.05, Test_accy {'Art': 19.59, 'Clipart': 42.1, 'Real World': 23.87, 'Product': 60.74}
2025-06-29 06:20:55,404 [icarl.py] => Task 8, Epoch 97/200 => Loss 1.981, Loss_clf 0.241, Loss_kd 1.739, Loss_kernel 0.001, Train_accy 92.75
2025-06-29 06:21:07,866 [icarl.py] => Task 8, Epoch 98/200 => Loss 1.996, Loss_clf 0.226, Loss_kd 1.769, Loss_kernel 0.001, Train_accy 93.26
2025-06-29 06:21:21,744 [icarl.py] => Task 8, Epoch 99/200 => Loss 1.993, Loss_clf 0.247, Loss_kd 1.745, Loss_kernel 0.001, Train_accy 92.71
2025-06-29 06:21:34,674 [icarl.py] => Task 8, Epoch 100/200 => Loss 1.995, Loss_clf 0.242, Loss_kd 1.752, Loss_kernel 0.002, Train_accy 93.25
2025-06-29 06:22:01,282 [icarl.py] => Task 8, Epoch 101/200 => Loss 1.978, Loss_clf 0.225, Loss_kd 1.751, Loss_kernel 0.001, Train_accy 93.47, Test_accy {'Art': 19.88, 'Clipart': 40.93, 'Real World': 27.9, 'Product': 61.05}
2025-06-29 06:22:13,093 [icarl.py] => Task 8, Epoch 102/200 => Loss 1.982, Loss_clf 0.230, Loss_kd 1.751, Loss_kernel 0.001, Train_accy 93.61
2025-06-29 06:22:25,227 [icarl.py] => Task 8, Epoch 103/200 => Loss 2.027, Loss_clf 0.247, Loss_kd 1.778, Loss_kernel 0.001, Train_accy 92.31
2025-06-29 06:22:38,170 [icarl.py] => Task 8, Epoch 104/200 => Loss 2.015, Loss_clf 0.255, Loss_kd 1.758, Loss_kernel 0.001, Train_accy 93.18
2025-06-29 06:22:52,165 [icarl.py] => Task 8, Epoch 105/200 => Loss 1.987, Loss_clf 0.237, Loss_kd 1.748, Loss_kernel 0.001, Train_accy 93.00
2025-06-29 06:23:20,056 [icarl.py] => Task 8, Epoch 106/200 => Loss 1.946, Loss_clf 0.208, Loss_kd 1.736, Loss_kernel 0.001, Train_accy 94.20, Test_accy {'Art': 20.47, 'Clipart': 42.26, 'Real World': 26.94, 'Product': 61.21}
2025-06-29 06:23:32,564 [icarl.py] => Task 8, Epoch 107/200 => Loss 1.976, Loss_clf 0.223, Loss_kd 1.751, Loss_kernel 0.001, Train_accy 93.50
2025-06-29 06:23:45,478 [icarl.py] => Task 8, Epoch 108/200 => Loss 1.961, Loss_clf 0.231, Loss_kd 1.729, Loss_kernel 0.001, Train_accy 93.20
2025-06-29 06:23:58,747 [icarl.py] => Task 8, Epoch 109/200 => Loss 1.975, Loss_clf 0.217, Loss_kd 1.757, Loss_kernel 0.001, Train_accy 93.59
2025-06-29 06:24:12,287 [icarl.py] => Task 8, Epoch 110/200 => Loss 1.995, Loss_clf 0.226, Loss_kd 1.767, Loss_kernel 0.001, Train_accy 93.04
2025-06-29 06:24:41,148 [icarl.py] => Task 8, Epoch 111/200 => Loss 1.943, Loss_clf 0.200, Loss_kd 1.741, Loss_kernel 0.001, Train_accy 94.57, Test_accy {'Art': 24.27, 'Clipart': 43.09, 'Real World': 25.97, 'Product': 62.29}
2025-06-29 06:24:54,470 [icarl.py] => Task 8, Epoch 112/200 => Loss 1.905, Loss_clf 0.181, Loss_kd 1.723, Loss_kernel 0.001, Train_accy 94.88
2025-06-29 06:25:05,662 [icarl.py] => Task 8, Epoch 113/200 => Loss 1.900, Loss_clf 0.196, Loss_kd 1.703, Loss_kernel 0.001, Train_accy 93.84
2025-06-29 06:25:18,534 [icarl.py] => Task 8, Epoch 114/200 => Loss 1.970, Loss_clf 0.219, Loss_kd 1.750, Loss_kernel 0.001, Train_accy 93.62
2025-06-29 06:25:32,181 [icarl.py] => Task 8, Epoch 115/200 => Loss 2.004, Loss_clf 0.233, Loss_kd 1.770, Loss_kernel 0.001, Train_accy 93.31
2025-06-29 06:25:57,904 [icarl.py] => Task 8, Epoch 116/200 => Loss 1.915, Loss_clf 0.186, Loss_kd 1.728, Loss_kernel 0.001, Train_accy 95.02, Test_accy {'Art': 22.81, 'Clipart': 39.1, 'Real World': 26.13, 'Product': 57.81}
2025-06-29 06:26:09,018 [icarl.py] => Task 8, Epoch 117/200 => Loss 1.895, Loss_clf 0.179, Loss_kd 1.714, Loss_kernel 0.001, Train_accy 95.26
2025-06-29 06:26:22,324 [icarl.py] => Task 8, Epoch 118/200 => Loss 1.916, Loss_clf 0.191, Loss_kd 1.724, Loss_kernel 0.001, Train_accy 94.84
2025-06-29 06:26:34,864 [icarl.py] => Task 8, Epoch 119/200 => Loss 1.892, Loss_clf 0.181, Loss_kd 1.710, Loss_kernel 0.001, Train_accy 94.60
2025-06-29 06:26:48,485 [icarl.py] => Task 8, Epoch 120/200 => Loss 1.924, Loss_clf 0.196, Loss_kd 1.727, Loss_kernel 0.001, Train_accy 93.97
2025-06-29 06:27:14,433 [icarl.py] => Task 8, Epoch 121/200 => Loss 1.894, Loss_clf 0.171, Loss_kd 1.721, Loss_kernel 0.001, Train_accy 95.26, Test_accy {'Art': 23.39, 'Clipart': 40.77, 'Real World': 28.23, 'Product': 62.13}
2025-06-29 06:27:25,126 [icarl.py] => Task 8, Epoch 122/200 => Loss 1.850, Loss_clf 0.153, Loss_kd 1.695, Loss_kernel 0.001, Train_accy 95.95
2025-06-29 06:27:36,583 [icarl.py] => Task 8, Epoch 123/200 => Loss 1.857, Loss_clf 0.151, Loss_kd 1.705, Loss_kernel 0.001, Train_accy 96.22
2025-06-29 06:27:50,213 [icarl.py] => Task 8, Epoch 124/200 => Loss 1.912, Loss_clf 0.185, Loss_kd 1.726, Loss_kernel 0.001, Train_accy 94.39
2025-06-29 06:28:01,267 [icarl.py] => Task 8, Epoch 125/200 => Loss 1.864, Loss_clf 0.156, Loss_kd 1.706, Loss_kernel 0.001, Train_accy 95.80
2025-06-29 06:28:27,949 [icarl.py] => Task 8, Epoch 126/200 => Loss 1.880, Loss_clf 0.162, Loss_kd 1.717, Loss_kernel 0.001, Train_accy 95.51, Test_accy {'Art': 22.81, 'Clipart': 42.1, 'Real World': 27.26, 'Product': 62.13}
2025-06-29 06:28:39,265 [icarl.py] => Task 8, Epoch 127/200 => Loss 1.897, Loss_clf 0.174, Loss_kd 1.722, Loss_kernel 0.001, Train_accy 95.12
2025-06-29 06:28:52,076 [icarl.py] => Task 8, Epoch 128/200 => Loss 1.871, Loss_clf 0.160, Loss_kd 1.709, Loss_kernel 0.001, Train_accy 95.58
2025-06-29 06:29:03,432 [icarl.py] => Task 8, Epoch 129/200 => Loss 1.889, Loss_clf 0.177, Loss_kd 1.711, Loss_kernel 0.001, Train_accy 94.86
2025-06-29 06:29:15,546 [icarl.py] => Task 8, Epoch 130/200 => Loss 1.837, Loss_clf 0.150, Loss_kd 1.686, Loss_kernel 0.001, Train_accy 96.18
2025-06-29 06:29:41,703 [icarl.py] => Task 8, Epoch 131/200 => Loss 1.811, Loss_clf 0.125, Loss_kd 1.685, Loss_kernel 0.001, Train_accy 96.31, Test_accy {'Art': 23.68, 'Clipart': 41.93, 'Real World': 28.39, 'Product': 59.66}
2025-06-29 06:29:53,291 [icarl.py] => Task 8, Epoch 132/200 => Loss 1.871, Loss_clf 0.151, Loss_kd 1.719, Loss_kernel 0.001, Train_accy 95.81
2025-06-29 06:30:05,425 [icarl.py] => Task 8, Epoch 133/200 => Loss 1.833, Loss_clf 0.135, Loss_kd 1.697, Loss_kernel 0.001, Train_accy 96.37
2025-06-29 06:30:17,914 [icarl.py] => Task 8, Epoch 134/200 => Loss 1.860, Loss_clf 0.156, Loss_kd 1.703, Loss_kernel 0.001, Train_accy 96.03
2025-06-29 06:30:27,521 [icarl.py] => Task 8, Epoch 135/200 => Loss 1.818, Loss_clf 0.140, Loss_kd 1.677, Loss_kernel 0.001, Train_accy 96.09
2025-06-29 06:30:54,742 [icarl.py] => Task 8, Epoch 136/200 => Loss 1.820, Loss_clf 0.145, Loss_kd 1.675, Loss_kernel 0.001, Train_accy 95.88, Test_accy {'Art': 21.93, 'Clipart': 42.6, 'Real World': 28.39, 'Product': 62.13}
2025-06-29 06:31:05,528 [icarl.py] => Task 8, Epoch 137/200 => Loss 1.830, Loss_clf 0.139, Loss_kd 1.690, Loss_kernel 0.001, Train_accy 95.86
2025-06-29 06:31:15,791 [icarl.py] => Task 8, Epoch 138/200 => Loss 1.795, Loss_clf 0.132, Loss_kd 1.663, Loss_kernel 0.001, Train_accy 96.35
2025-06-29 06:31:26,396 [icarl.py] => Task 8, Epoch 139/200 => Loss 1.798, Loss_clf 0.118, Loss_kd 1.680, Loss_kernel 0.001, Train_accy 97.12
2025-06-29 06:31:37,510 [icarl.py] => Task 8, Epoch 140/200 => Loss 1.861, Loss_clf 0.160, Loss_kd 1.700, Loss_kernel 0.001, Train_accy 95.45
2025-06-29 06:32:04,374 [icarl.py] => Task 8, Epoch 141/200 => Loss 1.880, Loss_clf 0.154, Loss_kd 1.725, Loss_kernel 0.001, Train_accy 95.72, Test_accy {'Art': 23.39, 'Clipart': 41.93, 'Real World': 28.39, 'Product': 61.98}
2025-06-29 06:32:15,745 [icarl.py] => Task 8, Epoch 142/200 => Loss 1.801, Loss_clf 0.127, Loss_kd 1.672, Loss_kernel 0.001, Train_accy 96.61
2025-06-29 06:32:26,560 [icarl.py] => Task 8, Epoch 143/200 => Loss 1.813, Loss_clf 0.124, Loss_kd 1.688, Loss_kernel 0.001, Train_accy 96.71
2025-06-29 06:32:38,994 [icarl.py] => Task 8, Epoch 144/200 => Loss 1.823, Loss_clf 0.141, Loss_kd 1.681, Loss_kernel 0.001, Train_accy 96.28
2025-06-29 06:32:50,805 [icarl.py] => Task 8, Epoch 145/200 => Loss 1.818, Loss_clf 0.136, Loss_kd 1.682, Loss_kernel 0.001, Train_accy 96.62
2025-06-29 06:33:15,074 [icarl.py] => Task 8, Epoch 146/200 => Loss 1.815, Loss_clf 0.143, Loss_kd 1.672, Loss_kernel 0.001, Train_accy 96.24, Test_accy {'Art': 22.22, 'Clipart': 41.26, 'Real World': 28.06, 'Product': 61.82}
2025-06-29 06:33:27,334 [icarl.py] => Task 8, Epoch 147/200 => Loss 1.777, Loss_clf 0.128, Loss_kd 1.648, Loss_kernel 0.001, Train_accy 96.32
2025-06-29 06:33:38,151 [icarl.py] => Task 8, Epoch 148/200 => Loss 1.794, Loss_clf 0.127, Loss_kd 1.666, Loss_kernel 0.001, Train_accy 96.66
2025-06-29 06:33:49,233 [icarl.py] => Task 8, Epoch 149/200 => Loss 1.805, Loss_clf 0.144, Loss_kd 1.660, Loss_kernel 0.001, Train_accy 95.80
2025-06-29 06:34:00,762 [icarl.py] => Task 8, Epoch 150/200 => Loss 1.790, Loss_clf 0.127, Loss_kd 1.661, Loss_kernel 0.001, Train_accy 96.67
2025-06-29 06:34:26,643 [icarl.py] => Task 8, Epoch 151/200 => Loss 1.738, Loss_clf 0.094, Loss_kd 1.643, Loss_kernel 0.001, Train_accy 97.36, Test_accy {'Art': 22.81, 'Clipart': 41.26, 'Real World': 28.55, 'Product': 61.21}
2025-06-29 06:34:36,984 [icarl.py] => Task 8, Epoch 152/200 => Loss 1.764, Loss_clf 0.107, Loss_kd 1.656, Loss_kernel 0.001, Train_accy 97.72
2025-06-29 06:34:48,013 [icarl.py] => Task 8, Epoch 153/200 => Loss 1.774, Loss_clf 0.118, Loss_kd 1.656, Loss_kernel 0.001, Train_accy 96.66
2025-06-29 06:34:58,262 [icarl.py] => Task 8, Epoch 154/200 => Loss 1.765, Loss_clf 0.107, Loss_kd 1.658, Loss_kernel 0.001, Train_accy 97.16
2025-06-29 06:35:07,710 [icarl.py] => Task 8, Epoch 155/200 => Loss 1.793, Loss_clf 0.114, Loss_kd 1.677, Loss_kernel 0.001, Train_accy 96.90
2025-06-29 06:35:32,842 [icarl.py] => Task 8, Epoch 156/200 => Loss 1.731, Loss_clf 0.094, Loss_kd 1.636, Loss_kernel 0.001, Train_accy 97.62, Test_accy {'Art': 23.39, 'Clipart': 42.6, 'Real World': 29.35, 'Product': 62.91}
2025-06-29 06:35:42,135 [icarl.py] => Task 8, Epoch 157/200 => Loss 1.761, Loss_clf 0.104, Loss_kd 1.656, Loss_kernel 0.001, Train_accy 97.25
2025-06-29 06:35:53,829 [icarl.py] => Task 8, Epoch 158/200 => Loss 1.756, Loss_clf 0.111, Loss_kd 1.644, Loss_kernel 0.001, Train_accy 96.81
2025-06-29 06:36:04,438 [icarl.py] => Task 8, Epoch 159/200 => Loss 1.749, Loss_clf 0.107, Loss_kd 1.640, Loss_kernel 0.001, Train_accy 97.37
2025-06-29 06:36:17,184 [icarl.py] => Task 8, Epoch 160/200 => Loss 1.762, Loss_clf 0.110, Loss_kd 1.652, Loss_kernel 0.001, Train_accy 96.74
2025-06-29 06:36:43,020 [icarl.py] => Task 8, Epoch 161/200 => Loss 1.758, Loss_clf 0.112, Loss_kd 1.645, Loss_kernel 0.001, Train_accy 97.07, Test_accy {'Art': 23.68, 'Clipart': 43.09, 'Real World': 27.26, 'Product': 63.06}
2025-06-29 06:36:53,585 [icarl.py] => Task 8, Epoch 162/200 => Loss 1.772, Loss_clf 0.111, Loss_kd 1.660, Loss_kernel 0.001, Train_accy 97.22
2025-06-29 06:37:04,200 [icarl.py] => Task 8, Epoch 163/200 => Loss 1.770, Loss_clf 0.096, Loss_kd 1.672, Loss_kernel 0.001, Train_accy 97.77
2025-06-29 06:37:15,134 [icarl.py] => Task 8, Epoch 164/200 => Loss 1.723, Loss_clf 0.089, Loss_kd 1.633, Loss_kernel 0.001, Train_accy 97.57
2025-06-29 06:37:23,756 [icarl.py] => Task 8, Epoch 165/200 => Loss 1.747, Loss_clf 0.088, Loss_kd 1.658, Loss_kernel 0.001, Train_accy 98.11
2025-06-29 06:37:48,944 [icarl.py] => Task 8, Epoch 166/200 => Loss 1.768, Loss_clf 0.118, Loss_kd 1.650, Loss_kernel 0.001, Train_accy 96.91, Test_accy {'Art': 22.81, 'Clipart': 42.6, 'Real World': 28.71, 'Product': 63.06}
2025-06-29 06:38:01,041 [icarl.py] => Task 8, Epoch 167/200 => Loss 1.773, Loss_clf 0.117, Loss_kd 1.655, Loss_kernel 0.001, Train_accy 96.72
2025-06-29 06:38:10,946 [icarl.py] => Task 8, Epoch 168/200 => Loss 1.736, Loss_clf 0.100, Loss_kd 1.635, Loss_kernel 0.001, Train_accy 97.52
2025-06-29 06:38:22,818 [icarl.py] => Task 8, Epoch 169/200 => Loss 1.742, Loss_clf 0.091, Loss_kd 1.651, Loss_kernel 0.001, Train_accy 97.62
2025-06-29 06:38:33,137 [icarl.py] => Task 8, Epoch 170/200 => Loss 1.749, Loss_clf 0.103, Loss_kd 1.646, Loss_kernel 0.001, Train_accy 97.52
2025-06-29 06:38:59,572 [icarl.py] => Task 8, Epoch 171/200 => Loss 1.749, Loss_clf 0.101, Loss_kd 1.647, Loss_kernel 0.001, Train_accy 97.62, Test_accy {'Art': 22.22, 'Clipart': 43.93, 'Real World': 27.74, 'Product': 63.06}
2025-06-29 06:39:10,554 [icarl.py] => Task 8, Epoch 172/200 => Loss 1.761, Loss_clf 0.108, Loss_kd 1.652, Loss_kernel 0.001, Train_accy 97.12
2025-06-29 06:39:21,084 [icarl.py] => Task 8, Epoch 173/200 => Loss 1.724, Loss_clf 0.097, Loss_kd 1.626, Loss_kernel 0.001, Train_accy 97.47
2025-06-29 06:39:31,863 [icarl.py] => Task 8, Epoch 174/200 => Loss 1.725, Loss_clf 0.097, Loss_kd 1.627, Loss_kernel 0.001, Train_accy 97.52
2025-06-29 06:39:41,686 [icarl.py] => Task 8, Epoch 175/200 => Loss 1.781, Loss_clf 0.103, Loss_kd 1.677, Loss_kernel 0.001, Train_accy 97.62
2025-06-29 06:40:06,481 [icarl.py] => Task 8, Epoch 176/200 => Loss 1.730, Loss_clf 0.083, Loss_kd 1.646, Loss_kernel 0.001, Train_accy 98.07, Test_accy {'Art': 23.1, 'Clipart': 42.1, 'Real World': 29.35, 'Product': 63.68}
2025-06-29 06:40:18,471 [icarl.py] => Task 8, Epoch 177/200 => Loss 1.735, Loss_clf 0.091, Loss_kd 1.644, Loss_kernel 0.001, Train_accy 97.78
2025-06-29 06:40:29,131 [icarl.py] => Task 8, Epoch 178/200 => Loss 1.756, Loss_clf 0.097, Loss_kd 1.658, Loss_kernel 0.001, Train_accy 97.67
2025-06-29 06:40:38,996 [icarl.py] => Task 8, Epoch 179/200 => Loss 1.791, Loss_clf 0.108, Loss_kd 1.682, Loss_kernel 0.001, Train_accy 97.26
2025-06-29 06:40:49,993 [icarl.py] => Task 8, Epoch 180/200 => Loss 1.752, Loss_clf 0.107, Loss_kd 1.644, Loss_kernel 0.001, Train_accy 97.06
2025-06-29 06:41:15,947 [icarl.py] => Task 8, Epoch 181/200 => Loss 1.769, Loss_clf 0.109, Loss_kd 1.659, Loss_kernel 0.001, Train_accy 97.22, Test_accy {'Art': 23.1, 'Clipart': 42.6, 'Real World': 28.39, 'Product': 63.37}
2025-06-29 06:41:26,548 [icarl.py] => Task 8, Epoch 182/200 => Loss 1.758, Loss_clf 0.094, Loss_kd 1.663, Loss_kernel 0.001, Train_accy 97.82
2025-06-29 06:41:35,945 [icarl.py] => Task 8, Epoch 183/200 => Loss 1.737, Loss_clf 0.096, Loss_kd 1.641, Loss_kernel 0.001, Train_accy 97.91
2025-06-29 06:41:45,495 [icarl.py] => Task 8, Epoch 184/200 => Loss 1.737, Loss_clf 0.095, Loss_kd 1.642, Loss_kernel 0.001, Train_accy 97.81
2025-06-29 06:41:54,446 [icarl.py] => Task 8, Epoch 185/200 => Loss 1.729, Loss_clf 0.083, Loss_kd 1.646, Loss_kernel 0.001, Train_accy 97.91
2025-06-29 06:42:19,051 [icarl.py] => Task 8, Epoch 186/200 => Loss 1.738, Loss_clf 0.087, Loss_kd 1.650, Loss_kernel 0.001, Train_accy 98.22, Test_accy {'Art': 23.98, 'Clipart': 41.43, 'Real World': 27.9, 'Product': 63.83}
2025-06-29 06:42:29,625 [icarl.py] => Task 8, Epoch 187/200 => Loss 1.752, Loss_clf 0.099, Loss_kd 1.652, Loss_kernel 0.001, Train_accy 97.26
2025-06-29 06:42:38,029 [icarl.py] => Task 8, Epoch 188/200 => Loss 1.706, Loss_clf 0.078, Loss_kd 1.627, Loss_kernel 0.001, Train_accy 97.96
2025-06-29 06:42:47,583 [icarl.py] => Task 8, Epoch 189/200 => Loss 1.722, Loss_clf 0.085, Loss_kd 1.636, Loss_kernel 0.001, Train_accy 98.07
2025-06-29 06:42:57,642 [icarl.py] => Task 8, Epoch 190/200 => Loss 1.754, Loss_clf 0.090, Loss_kd 1.664, Loss_kernel 0.001, Train_accy 98.02
2025-06-29 06:43:21,647 [icarl.py] => Task 8, Epoch 191/200 => Loss 1.716, Loss_clf 0.080, Loss_kd 1.636, Loss_kernel 0.001, Train_accy 98.12, Test_accy {'Art': 22.81, 'Clipart': 42.26, 'Real World': 28.06, 'Product': 63.83}
2025-06-29 06:43:30,783 [icarl.py] => Task 8, Epoch 192/200 => Loss 1.744, Loss_clf 0.088, Loss_kd 1.655, Loss_kernel 0.001, Train_accy 97.81
2025-06-29 06:43:38,489 [icarl.py] => Task 8, Epoch 193/200 => Loss 1.716, Loss_clf 0.075, Loss_kd 1.640, Loss_kernel 0.001, Train_accy 98.26
2025-06-29 06:43:48,259 [icarl.py] => Task 8, Epoch 194/200 => Loss 1.755, Loss_clf 0.097, Loss_kd 1.657, Loss_kernel 0.001, Train_accy 97.56
2025-06-29 06:43:59,437 [icarl.py] => Task 8, Epoch 195/200 => Loss 1.745, Loss_clf 0.097, Loss_kd 1.647, Loss_kernel 0.001, Train_accy 97.72
2025-06-29 06:44:23,691 [icarl.py] => Task 8, Epoch 196/200 => Loss 1.750, Loss_clf 0.097, Loss_kd 1.652, Loss_kernel 0.001, Train_accy 97.41, Test_accy {'Art': 24.27, 'Clipart': 42.43, 'Real World': 28.06, 'Product': 63.99}
2025-06-29 06:44:33,452 [icarl.py] => Task 8, Epoch 197/200 => Loss 1.729, Loss_clf 0.089, Loss_kd 1.639, Loss_kernel 0.001, Train_accy 97.56
2025-06-29 06:44:42,890 [icarl.py] => Task 8, Epoch 198/200 => Loss 1.733, Loss_clf 0.084, Loss_kd 1.648, Loss_kernel 0.001, Train_accy 97.91
2025-06-29 06:44:53,092 [icarl.py] => Task 8, Epoch 199/200 => Loss 1.764, Loss_clf 0.107, Loss_kd 1.656, Loss_kernel 0.001, Train_accy 97.26
2025-06-29 06:45:03,266 [icarl.py] => Task 8, Epoch 200/200 => Loss 1.703, Loss_clf 0.083, Loss_kd 1.619, Loss_kernel 0.001, Train_accy 98.02
2025-06-29 06:45:03,267 [base.py] => Reducing exemplars...(28 per classes)
2025-06-29 06:45:22,641 [base.py] => Constructing exemplars...(28 per classes)
2025-06-29 06:45:59,292 [icarl.py] => Exemplar size: 1260
2025-06-29 06:46:00,371 [trainer.py] => CNN [Art]: {'total': 22.81, '00-04': 39.47, '05-09': 35.29, '10-14': 27.03, '15-19': 25.93, '20-24': 13.16, '25-29': 5.88, '30-34': 21.82, '35-39': 7.32, '40-44': 31.58, 'old': 21.71, 'new': 31.58}
2025-06-29 06:46:00,371 [trainer.py] => NME [Art]: {'total': 25.44, '00-04': 31.58, '05-09': 35.29, '10-14': 29.73, '15-19': 33.33, '20-24': 13.16, '25-29': 8.82, '30-34': 32.73, '35-39': 14.63, '40-44': 28.95, 'old': 25.0, 'new': 28.95}
2025-06-29 06:46:00,371 [trainer.py] => CNN [Art] top1 curve: [60.53, 51.39, 49.54, 41.18, 39.08, 32.21, 31.94, 27.3, 22.81]
2025-06-29 06:46:00,371 [trainer.py] => CNN [Art] top5 curve: [92.11, 87.5, 70.64, 66.91, 59.77, 56.73, 52.85, 48.36, 43.27]
2025-06-29 06:46:00,372 [trainer.py] => NME [Art] top1 curve: [65.79, 56.94, 49.54, 46.32, 36.78, 37.98, 34.22, 28.62, 25.44]
2025-06-29 06:46:00,372 [trainer.py] => NME [Art] top5 curve: [100.0, 88.89, 79.82, 75.0, 66.67, 63.46, 58.17, 51.32, 45.61]
2025-06-29 06:46:00,372 [trainer.py] => Average Accuracy [Art] (CNN): 39.553333333333335
2025-06-29 06:46:00,372 [trainer.py] => Average Accuracy [Art] (NME): 42.403333333333336
2025-06-29 06:46:00,372 [trainer.py] => CNN [Clipart]: {'total': 42.6, '00-04': 51.28, '05-09': 43.55, '10-14': 37.88, '15-19': 39.62, '20-24': 33.71, '25-29': 30.65, '30-34': 35.94, '35-39': 40.98, '40-44': 69.7, 'old': 39.25, 'new': 69.7}
2025-06-29 06:46:00,372 [trainer.py] => NME [Clipart]: {'total': 43.76, '00-04': 47.44, '05-09': 40.32, '10-14': 40.91, '15-19': 37.74, '20-24': 35.96, '25-29': 35.48, '30-34': 39.06, '35-39': 52.46, '40-44': 65.15, 'old': 41.12, 'new': 65.15}
2025-06-29 06:46:00,373 [trainer.py] => CNN [Clipart] top1 curve: [70.51, 69.29, 65.05, 63.71, 57.18, 52.68, 49.16, 43.74, 42.6]
2025-06-29 06:46:00,373 [trainer.py] => CNN [Clipart] top5 curve: [97.44, 91.43, 90.29, 83.4, 80.46, 78.05, 71.1, 70.28, 66.39]
2025-06-29 06:46:00,373 [trainer.py] => NME [Clipart] top1 curve: [74.36, 70.71, 70.39, 66.41, 59.2, 53.41, 49.58, 45.61, 43.76]
2025-06-29 06:46:00,373 [trainer.py] => NME [Clipart] top5 curve: [100.0, 92.86, 89.32, 86.1, 81.32, 79.51, 72.36, 72.9, 68.89]
2025-06-29 06:46:00,373 [trainer.py] => Average Accuracy [Clipart] (CNN): 57.10222222222222
2025-06-29 06:46:00,373 [trainer.py] => Average Accuracy [Clipart] (NME): 59.269999999999996
2025-06-29 06:46:00,373 [trainer.py] => CNN [Product]: {'total': 63.68, '00-04': 75.29, '05-09': 65.0, '10-14': 66.13, '15-19': 66.23, '20-24': 50.82, '25-29': 53.16, '30-34': 53.73, '35-39': 60.61, '40-44': 78.57, 'old': 61.87, 'new': 78.57}
2025-06-29 06:46:00,373 [trainer.py] => NME [Product]: {'total': 65.53, '00-04': 67.06, '05-09': 63.75, '10-14': 70.97, '15-19': 66.23, '20-24': 54.1, '25-29': 60.76, '30-34': 59.7, '35-39': 69.7, '40-44': 77.14, 'old': 64.12, 'new': 77.14}
2025-06-29 06:46:00,374 [trainer.py] => CNN [Product] top1 curve: [92.94, 85.45, 84.14, 76.32, 77.26, 71.62, 72.02, 67.24, 63.68]
2025-06-29 06:46:00,374 [trainer.py] => CNN [Product] top5 curve: [100.0, 98.79, 96.48, 96.38, 90.14, 91.67, 89.82, 88.56, 84.7]
2025-06-29 06:46:00,374 [trainer.py] => NME [Product] top1 curve: [94.12, 88.48, 89.43, 80.92, 77.53, 75.45, 70.84, 68.28, 65.53]
2025-06-29 06:46:00,374 [trainer.py] => NME [Product] top5 curve: [100.0, 99.39, 99.12, 97.7, 93.7, 93.92, 92.56, 90.81, 87.17]
2025-06-29 06:46:00,374 [trainer.py] => Average Accuracy [Product] (CNN): 76.74111111111111
2025-06-29 06:46:00,374 [trainer.py] => Average Accuracy [Product] (NME): 78.95333333333333
2025-06-29 06:46:00,374 [trainer.py] => CNN [Real World]: {'total': 28.06, '00-04': 36.99, '05-09': 42.65, '10-14': 23.61, '15-19': 14.93, '20-24': 6.15, '25-29': 32.47, '30-34': 28.0, '35-39': 28.81, '40-44': 37.5, 'old': 26.98, 'new': 37.5}
2025-06-29 06:46:00,374 [trainer.py] => NME [Real World]: {'total': 30.97, '00-04': 34.25, '05-09': 39.71, '10-14': 30.56, '15-19': 23.88, '20-24': 6.15, '25-29': 35.06, '30-34': 33.33, '35-39': 32.2, '40-44': 42.19, 'old': 29.68, 'new': 42.19}
2025-06-29 06:46:00,374 [trainer.py] => CNN [Real World] top1 curve: [69.86, 58.16, 48.83, 42.5, 34.2, 33.18, 33.0, 31.47, 28.06]
2025-06-29 06:46:00,375 [trainer.py] => CNN [Real World] top5 curve: [95.89, 89.36, 77.0, 69.29, 60.0, 58.53, 55.94, 54.86, 52.58]
2025-06-29 06:46:00,375 [trainer.py] => NME [Real World] top1 curve: [73.97, 63.12, 48.83, 44.64, 35.94, 35.31, 35.01, 33.27, 30.97]
2025-06-29 06:46:00,375 [trainer.py] => NME [Real World] top5 curve: [100.0, 94.33, 85.92, 76.79, 69.28, 66.35, 61.77, 58.09, 55.65]
2025-06-29 06:46:00,375 [trainer.py] => Average Accuracy [Real World] (CNN): 42.14
2025-06-29 06:46:00,375 [trainer.py] => Average Accuracy [Real World] (NME): 44.562222222222225
2025-06-29 06:46:00,375 [trainer.py] => NME Harmonic Mean : 36.6595
2025-06-29 06:46:00,375 [trainer.py] => NME Macro Mean : 41.4250
2025-06-29 06:46:00,375 [trainer.py] => CNN Harmonic Mean : 33.9688
2025-06-29 06:46:00,375 [trainer.py] => CNN Macro Mean : 39.2875
2025-06-29 06:46:00,376 [trainer.py] => All params: 21312887
2025-06-29 06:46:00,377 [trainer.py] => Trainable params: 21312887
2025-06-29 06:46:00,379 [icarl.py] => Learning on 45-50
2025-06-29 06:46:30,156 [icarl.py] => Task 9, Epoch 1/200 => Loss 5.154, Loss_clf 2.567, Loss_kd 2.584, Loss_kernel 0.003, Train_accy 39.31, Test_accy {'Art': 5.36, 'Clipart': 8.87, 'Real World': 5.35, 'Product': 6.82}
2025-06-29 06:46:45,178 [icarl.py] => Task 9, Epoch 2/200 => Loss 6.848, Loss_clf 3.378, Loss_kd 3.463, Loss_kernel 0.007, Train_accy 19.39
2025-06-29 06:47:01,105 [icarl.py] => Task 9, Epoch 3/200 => Loss 5.900, Loss_clf 2.728, Loss_kd 3.166, Loss_kernel 0.006, Train_accy 27.22
2025-06-29 06:47:17,115 [icarl.py] => Task 9, Epoch 4/200 => Loss 5.315, Loss_clf 2.361, Loss_kd 2.950, Loss_kernel 0.004, Train_accy 34.65
2025-06-29 06:47:32,115 [icarl.py] => Task 9, Epoch 5/200 => Loss 5.016, Loss_clf 2.181, Loss_kd 2.830, Loss_kernel 0.004, Train_accy 39.70
2025-06-29 06:48:01,908 [icarl.py] => Task 9, Epoch 6/200 => Loss 4.747, Loss_clf 2.004, Loss_kd 2.739, Loss_kernel 0.004, Train_accy 43.23, Test_accy {'Art': 14.8, 'Clipart': 26.47, 'Real World': 20.09, 'Product': 35.93}
2025-06-29 06:48:16,580 [icarl.py] => Task 9, Epoch 7/200 => Loss 4.514, Loss_clf 1.862, Loss_kd 2.648, Loss_kernel 0.003, Train_accy 46.86
2025-06-29 06:48:32,040 [icarl.py] => Task 9, Epoch 8/200 => Loss 4.348, Loss_clf 1.758, Loss_kd 2.587, Loss_kernel 0.004, Train_accy 48.80
2025-06-29 06:48:46,757 [icarl.py] => Task 9, Epoch 9/200 => Loss 4.252, Loss_clf 1.698, Loss_kd 2.550, Loss_kernel 0.004, Train_accy 52.59
2025-06-29 06:49:02,065 [icarl.py] => Task 9, Epoch 10/200 => Loss 4.081, Loss_clf 1.584, Loss_kd 2.493, Loss_kernel 0.004, Train_accy 53.85
2025-06-29 06:49:33,147 [icarl.py] => Task 9, Epoch 11/200 => Loss 3.914, Loss_clf 1.472, Loss_kd 2.438, Loss_kernel 0.004, Train_accy 57.14, Test_accy {'Art': 18.11, 'Clipart': 29.77, 'Real World': 20.38, 'Product': 41.78}
2025-06-29 06:49:48,410 [icarl.py] => Task 9, Epoch 12/200 => Loss 3.718, Loss_clf 1.357, Loss_kd 2.358, Loss_kernel 0.004, Train_accy 60.32
2025-06-29 06:50:01,971 [icarl.py] => Task 9, Epoch 13/200 => Loss 3.652, Loss_clf 1.308, Loss_kd 2.341, Loss_kernel 0.003, Train_accy 62.04
2025-06-29 06:50:16,695 [icarl.py] => Task 9, Epoch 14/200 => Loss 3.603, Loss_clf 1.267, Loss_kd 2.333, Loss_kernel 0.004, Train_accy 62.84
2025-06-29 06:50:32,183 [icarl.py] => Task 9, Epoch 15/200 => Loss 3.616, Loss_clf 1.276, Loss_kd 2.337, Loss_kernel 0.004, Train_accy 61.91
2025-06-29 06:51:02,278 [icarl.py] => Task 9, Epoch 16/200 => Loss 3.429, Loss_clf 1.146, Loss_kd 2.279, Loss_kernel 0.003, Train_accy 66.17, Test_accy {'Art': 15.05, 'Clipart': 30.68, 'Real World': 19.08, 'Product': 46.94}
2025-06-29 06:51:17,292 [icarl.py] => Task 9, Epoch 17/200 => Loss 3.347, Loss_clf 1.103, Loss_kd 2.241, Loss_kernel 0.003, Train_accy 67.90
2025-06-29 06:51:32,259 [icarl.py] => Task 9, Epoch 18/200 => Loss 3.188, Loss_clf 0.991, Loss_kd 2.194, Loss_kernel 0.003, Train_accy 72.07
2025-06-29 06:51:47,606 [icarl.py] => Task 9, Epoch 19/200 => Loss 3.128, Loss_clf 0.950, Loss_kd 2.175, Loss_kernel 0.003, Train_accy 71.97
2025-06-29 06:52:02,482 [icarl.py] => Task 9, Epoch 20/200 => Loss 3.135, Loss_clf 0.946, Loss_kd 2.186, Loss_kernel 0.003, Train_accy 71.44
2025-06-29 06:52:32,989 [icarl.py] => Task 9, Epoch 21/200 => Loss 3.106, Loss_clf 0.931, Loss_kd 2.172, Loss_kernel 0.003, Train_accy 72.12, Test_accy {'Art': 16.58, 'Clipart': 32.03, 'Real World': 22.25, 'Product': 50.0}
2025-06-29 06:52:48,954 [icarl.py] => Task 9, Epoch 22/200 => Loss 3.016, Loss_clf 0.868, Loss_kd 2.144, Loss_kernel 0.003, Train_accy 74.64
2025-06-29 06:53:04,576 [icarl.py] => Task 9, Epoch 23/200 => Loss 2.930, Loss_clf 0.821, Loss_kd 2.106, Loss_kernel 0.003, Train_accy 75.57
2025-06-29 06:53:19,662 [icarl.py] => Task 9, Epoch 24/200 => Loss 2.909, Loss_clf 0.796, Loss_kd 2.110, Loss_kernel 0.003, Train_accy 76.01
2025-06-29 06:53:34,276 [icarl.py] => Task 9, Epoch 25/200 => Loss 2.854, Loss_clf 0.787, Loss_kd 2.064, Loss_kernel 0.003, Train_accy 77.32
2025-06-29 06:54:04,461 [icarl.py] => Task 9, Epoch 26/200 => Loss 2.843, Loss_clf 0.758, Loss_kd 2.082, Loss_kernel 0.003, Train_accy 78.43, Test_accy {'Art': 17.09, 'Clipart': 34.14, 'Real World': 24.13, 'Product': 48.75}
2025-06-29 06:54:19,111 [icarl.py] => Task 9, Epoch 27/200 => Loss 2.808, Loss_clf 0.731, Loss_kd 2.075, Loss_kernel 0.003, Train_accy 78.88
2025-06-29 06:54:34,692 [icarl.py] => Task 9, Epoch 28/200 => Loss 2.699, Loss_clf 0.669, Loss_kd 2.028, Loss_kernel 0.003, Train_accy 81.08
2025-06-29 06:54:48,656 [icarl.py] => Task 9, Epoch 29/200 => Loss 2.668, Loss_clf 0.635, Loss_kd 2.030, Loss_kernel 0.003, Train_accy 80.56
2025-06-29 06:55:04,296 [icarl.py] => Task 9, Epoch 30/200 => Loss 2.652, Loss_clf 0.634, Loss_kd 2.015, Loss_kernel 0.003, Train_accy 81.44
2025-06-29 06:55:34,050 [icarl.py] => Task 9, Epoch 31/200 => Loss 2.658, Loss_clf 0.627, Loss_kd 2.028, Loss_kernel 0.003, Train_accy 81.58, Test_accy {'Art': 17.35, 'Clipart': 33.68, 'Real World': 23.7, 'Product': 50.42}
2025-06-29 06:55:49,156 [icarl.py] => Task 9, Epoch 32/200 => Loss 2.682, Loss_clf 0.652, Loss_kd 2.027, Loss_kernel 0.003, Train_accy 81.50
2025-06-29 06:56:04,975 [icarl.py] => Task 9, Epoch 33/200 => Loss 2.663, Loss_clf 0.632, Loss_kd 2.028, Loss_kernel 0.003, Train_accy 82.06
2025-06-29 06:56:18,672 [icarl.py] => Task 9, Epoch 34/200 => Loss 2.617, Loss_clf 0.605, Loss_kd 2.010, Loss_kernel 0.003, Train_accy 81.52
2025-06-29 06:56:33,537 [icarl.py] => Task 9, Epoch 35/200 => Loss 2.700, Loss_clf 0.642, Loss_kd 2.056, Loss_kernel 0.003, Train_accy 81.10
2025-06-29 06:57:03,923 [icarl.py] => Task 9, Epoch 36/200 => Loss 2.660, Loss_clf 0.627, Loss_kd 2.030, Loss_kernel 0.003, Train_accy 81.29, Test_accy {'Art': 16.07, 'Clipart': 36.84, 'Real World': 24.13, 'Product': 50.14}
2025-06-29 06:57:17,804 [icarl.py] => Task 9, Epoch 37/200 => Loss 2.587, Loss_clf 0.596, Loss_kd 1.989, Loss_kernel 0.003, Train_accy 82.46
2025-06-29 06:57:33,182 [icarl.py] => Task 9, Epoch 38/200 => Loss 2.562, Loss_clf 0.557, Loss_kd 2.002, Loss_kernel 0.003, Train_accy 84.75
2025-06-29 06:57:49,069 [icarl.py] => Task 9, Epoch 39/200 => Loss 2.647, Loss_clf 0.626, Loss_kd 2.019, Loss_kernel 0.003, Train_accy 81.46
2025-06-29 06:58:03,468 [icarl.py] => Task 9, Epoch 40/200 => Loss 2.659, Loss_clf 0.626, Loss_kd 2.030, Loss_kernel 0.003, Train_accy 81.20
2025-06-29 06:58:35,252 [icarl.py] => Task 9, Epoch 41/200 => Loss 2.584, Loss_clf 0.567, Loss_kd 2.015, Loss_kernel 0.003, Train_accy 82.71, Test_accy {'Art': 19.9, 'Clipart': 33.38, 'Real World': 22.98, 'Product': 50.56}
2025-06-29 06:58:50,283 [icarl.py] => Task 9, Epoch 42/200 => Loss 2.645, Loss_clf 0.623, Loss_kd 2.019, Loss_kernel 0.002, Train_accy 80.92
2025-06-29 06:59:05,032 [icarl.py] => Task 9, Epoch 43/200 => Loss 2.632, Loss_clf 0.613, Loss_kd 2.017, Loss_kernel 0.003, Train_accy 82.81
2025-06-29 06:59:18,555 [icarl.py] => Task 9, Epoch 44/200 => Loss 2.584, Loss_clf 0.590, Loss_kd 1.991, Loss_kernel 0.002, Train_accy 83.54
2025-06-29 06:59:32,229 [icarl.py] => Task 9, Epoch 45/200 => Loss 2.527, Loss_clf 0.531, Loss_kd 1.993, Loss_kernel 0.002, Train_accy 84.44
2025-06-29 07:00:01,715 [icarl.py] => Task 9, Epoch 46/200 => Loss 2.506, Loss_clf 0.535, Loss_kd 1.969, Loss_kernel 0.002, Train_accy 85.06, Test_accy {'Art': 19.9, 'Clipart': 36.54, 'Real World': 23.99, 'Product': 50.14}
2025-06-29 07:00:15,172 [icarl.py] => Task 9, Epoch 47/200 => Loss 2.483, Loss_clf 0.496, Loss_kd 1.984, Loss_kernel 0.003, Train_accy 86.02
2025-06-29 07:00:29,481 [icarl.py] => Task 9, Epoch 48/200 => Loss 2.555, Loss_clf 0.550, Loss_kd 2.002, Loss_kernel 0.003, Train_accy 84.31
2025-06-29 07:00:43,511 [icarl.py] => Task 9, Epoch 49/200 => Loss 2.516, Loss_clf 0.541, Loss_kd 1.973, Loss_kernel 0.002, Train_accy 84.26
2025-06-29 07:00:58,609 [icarl.py] => Task 9, Epoch 50/200 => Loss 2.467, Loss_clf 0.491, Loss_kd 1.973, Loss_kernel 0.003, Train_accy 85.80
2025-06-29 07:01:28,387 [icarl.py] => Task 9, Epoch 51/200 => Loss 2.400, Loss_clf 0.460, Loss_kd 1.938, Loss_kernel 0.002, Train_accy 86.72, Test_accy {'Art': 17.35, 'Clipart': 30.68, 'Real World': 22.98, 'Product': 39.28}
2025-06-29 07:01:41,761 [icarl.py] => Task 9, Epoch 52/200 => Loss 2.373, Loss_clf 0.455, Loss_kd 1.916, Loss_kernel 0.002, Train_accy 87.55
2025-06-29 07:01:56,291 [icarl.py] => Task 9, Epoch 53/200 => Loss 2.440, Loss_clf 0.490, Loss_kd 1.947, Loss_kernel 0.002, Train_accy 86.79
2025-06-29 07:02:09,234 [icarl.py] => Task 9, Epoch 54/200 => Loss 2.390, Loss_clf 0.446, Loss_kd 1.941, Loss_kernel 0.002, Train_accy 87.11
2025-06-29 07:02:24,405 [icarl.py] => Task 9, Epoch 55/200 => Loss 2.471, Loss_clf 0.501, Loss_kd 1.967, Loss_kernel 0.003, Train_accy 85.67
2025-06-29 07:02:55,328 [icarl.py] => Task 9, Epoch 56/200 => Loss 2.444, Loss_clf 0.479, Loss_kd 1.963, Loss_kernel 0.002, Train_accy 85.48, Test_accy {'Art': 20.15, 'Clipart': 31.88, 'Real World': 23.27, 'Product': 46.38}
2025-06-29 07:03:09,160 [icarl.py] => Task 9, Epoch 57/200 => Loss 2.393, Loss_clf 0.461, Loss_kd 1.930, Loss_kernel 0.002, Train_accy 86.11
2025-06-29 07:03:23,503 [icarl.py] => Task 9, Epoch 58/200 => Loss 2.411, Loss_clf 0.451, Loss_kd 1.957, Loss_kernel 0.002, Train_accy 87.28
2025-06-29 07:03:37,800 [icarl.py] => Task 9, Epoch 59/200 => Loss 2.341, Loss_clf 0.419, Loss_kd 1.920, Loss_kernel 0.002, Train_accy 87.09
2025-06-29 07:03:52,541 [icarl.py] => Task 9, Epoch 60/200 => Loss 2.379, Loss_clf 0.432, Loss_kd 1.944, Loss_kernel 0.002, Train_accy 87.20
2025-06-29 07:04:21,963 [icarl.py] => Task 9, Epoch 61/200 => Loss 2.405, Loss_clf 0.461, Loss_kd 1.941, Loss_kernel 0.002, Train_accy 86.32, Test_accy {'Art': 18.88, 'Clipart': 36.24, 'Real World': 26.3, 'Product': 51.81}
2025-06-29 07:04:37,049 [icarl.py] => Task 9, Epoch 62/200 => Loss 2.399, Loss_clf 0.449, Loss_kd 1.947, Loss_kernel 0.002, Train_accy 87.05
2025-06-29 07:04:51,686 [icarl.py] => Task 9, Epoch 63/200 => Loss 2.352, Loss_clf 0.421, Loss_kd 1.928, Loss_kernel 0.002, Train_accy 87.28
2025-06-29 07:05:06,353 [icarl.py] => Task 9, Epoch 64/200 => Loss 2.367, Loss_clf 0.440, Loss_kd 1.924, Loss_kernel 0.002, Train_accy 86.89
2025-06-29 07:05:21,029 [icarl.py] => Task 9, Epoch 65/200 => Loss 2.335, Loss_clf 0.421, Loss_kd 1.912, Loss_kernel 0.002, Train_accy 87.60
2025-06-29 07:05:51,619 [icarl.py] => Task 9, Epoch 66/200 => Loss 2.311, Loss_clf 0.390, Loss_kd 1.919, Loss_kernel 0.002, Train_accy 88.27, Test_accy {'Art': 21.43, 'Clipart': 36.24, 'Real World': 25.14, 'Product': 54.46}
2025-06-29 07:06:06,090 [icarl.py] => Task 9, Epoch 67/200 => Loss 2.338, Loss_clf 0.417, Loss_kd 1.919, Loss_kernel 0.002, Train_accy 87.94
2025-06-29 07:06:19,846 [icarl.py] => Task 9, Epoch 68/200 => Loss 2.302, Loss_clf 0.384, Loss_kd 1.917, Loss_kernel 0.002, Train_accy 89.15
2025-06-29 07:06:33,189 [icarl.py] => Task 9, Epoch 69/200 => Loss 2.343, Loss_clf 0.413, Loss_kd 1.928, Loss_kernel 0.002, Train_accy 88.45
2025-06-29 07:06:46,808 [icarl.py] => Task 9, Epoch 70/200 => Loss 2.402, Loss_clf 0.450, Loss_kd 1.950, Loss_kernel 0.002, Train_accy 87.15
2025-06-29 07:07:16,866 [icarl.py] => Task 9, Epoch 71/200 => Loss 2.292, Loss_clf 0.382, Loss_kd 1.907, Loss_kernel 0.002, Train_accy 89.33, Test_accy {'Art': 19.39, 'Clipart': 34.44, 'Real World': 22.11, 'Product': 47.08}
2025-06-29 07:07:32,104 [icarl.py] => Task 9, Epoch 72/200 => Loss 2.342, Loss_clf 0.412, Loss_kd 1.927, Loss_kernel 0.002, Train_accy 88.07
2025-06-29 07:07:47,006 [icarl.py] => Task 9, Epoch 73/200 => Loss 2.386, Loss_clf 0.439, Loss_kd 1.945, Loss_kernel 0.002, Train_accy 88.37
2025-06-29 07:07:59,840 [icarl.py] => Task 9, Epoch 74/200 => Loss 2.333, Loss_clf 0.417, Loss_kd 1.914, Loss_kernel 0.002, Train_accy 87.77
2025-06-29 07:08:13,169 [icarl.py] => Task 9, Epoch 75/200 => Loss 2.343, Loss_clf 0.422, Loss_kd 1.919, Loss_kernel 0.002, Train_accy 87.98
2025-06-29 07:08:42,930 [icarl.py] => Task 9, Epoch 76/200 => Loss 2.337, Loss_clf 0.407, Loss_kd 1.928, Loss_kernel 0.002, Train_accy 87.96, Test_accy {'Art': 22.19, 'Clipart': 35.79, 'Real World': 27.17, 'Product': 52.23}
2025-06-29 07:08:57,493 [icarl.py] => Task 9, Epoch 77/200 => Loss 2.324, Loss_clf 0.408, Loss_kd 1.914, Loss_kernel 0.002, Train_accy 87.93
2025-06-29 07:09:12,150 [icarl.py] => Task 9, Epoch 78/200 => Loss 2.285, Loss_clf 0.369, Loss_kd 1.914, Loss_kernel 0.002, Train_accy 89.64
2025-06-29 07:09:26,957 [icarl.py] => Task 9, Epoch 79/200 => Loss 2.244, Loss_clf 0.346, Loss_kd 1.897, Loss_kernel 0.002, Train_accy 90.83
2025-06-29 07:09:40,929 [icarl.py] => Task 9, Epoch 80/200 => Loss 2.189, Loss_clf 0.327, Loss_kd 1.860, Loss_kernel 0.002, Train_accy 89.98
2025-06-29 07:10:10,841 [icarl.py] => Task 9, Epoch 81/200 => Loss 2.279, Loss_clf 0.380, Loss_kd 1.897, Loss_kernel 0.002, Train_accy 88.93, Test_accy {'Art': 20.41, 'Clipart': 35.19, 'Real World': 25.14, 'Product': 53.76}
2025-06-29 07:10:24,416 [icarl.py] => Task 9, Epoch 82/200 => Loss 2.178, Loss_clf 0.300, Loss_kd 1.876, Loss_kernel 0.002, Train_accy 91.05
2025-06-29 07:10:38,723 [icarl.py] => Task 9, Epoch 83/200 => Loss 2.267, Loss_clf 0.381, Loss_kd 1.884, Loss_kernel 0.002, Train_accy 89.32
2025-06-29 07:10:52,851 [icarl.py] => Task 9, Epoch 84/200 => Loss 2.280, Loss_clf 0.388, Loss_kd 1.890, Loss_kernel 0.002, Train_accy 88.85
2025-06-29 07:11:07,878 [icarl.py] => Task 9, Epoch 85/200 => Loss 2.232, Loss_clf 0.338, Loss_kd 1.893, Loss_kernel 0.002, Train_accy 89.75
2025-06-29 07:11:38,101 [icarl.py] => Task 9, Epoch 86/200 => Loss 2.193, Loss_clf 0.322, Loss_kd 1.869, Loss_kernel 0.002, Train_accy 90.63, Test_accy {'Art': 21.17, 'Clipart': 34.14, 'Real World': 26.3, 'Product': 54.87}
2025-06-29 07:11:52,407 [icarl.py] => Task 9, Epoch 87/200 => Loss 2.237, Loss_clf 0.357, Loss_kd 1.878, Loss_kernel 0.002, Train_accy 90.00
2025-06-29 07:12:07,897 [icarl.py] => Task 9, Epoch 88/200 => Loss 2.166, Loss_clf 0.314, Loss_kd 1.850, Loss_kernel 0.002, Train_accy 90.96
2025-06-29 07:12:21,847 [icarl.py] => Task 9, Epoch 89/200 => Loss 2.126, Loss_clf 0.275, Loss_kd 1.849, Loss_kernel 0.002, Train_accy 91.89
2025-06-29 07:12:35,755 [icarl.py] => Task 9, Epoch 90/200 => Loss 2.145, Loss_clf 0.277, Loss_kd 1.866, Loss_kernel 0.002, Train_accy 92.56
2025-06-29 07:13:04,248 [icarl.py] => Task 9, Epoch 91/200 => Loss 2.139, Loss_clf 0.307, Loss_kd 1.830, Loss_kernel 0.002, Train_accy 91.43, Test_accy {'Art': 21.68, 'Clipart': 36.84, 'Real World': 25.43, 'Product': 54.74}
2025-06-29 07:13:17,170 [icarl.py] => Task 9, Epoch 92/200 => Loss 2.137, Loss_clf 0.290, Loss_kd 1.845, Loss_kernel 0.002, Train_accy 91.10
2025-06-29 07:13:29,672 [icarl.py] => Task 9, Epoch 93/200 => Loss 2.127, Loss_clf 0.279, Loss_kd 1.847, Loss_kernel 0.002, Train_accy 92.23
2025-06-29 07:13:43,108 [icarl.py] => Task 9, Epoch 94/200 => Loss 2.106, Loss_clf 0.269, Loss_kd 1.836, Loss_kernel 0.002, Train_accy 92.43
2025-06-29 07:13:55,226 [icarl.py] => Task 9, Epoch 95/200 => Loss 2.092, Loss_clf 0.260, Loss_kd 1.830, Loss_kernel 0.002, Train_accy 93.04
2025-06-29 07:14:25,209 [icarl.py] => Task 9, Epoch 96/200 => Loss 2.148, Loss_clf 0.292, Loss_kd 1.854, Loss_kernel 0.001, Train_accy 92.23, Test_accy {'Art': 21.17, 'Clipart': 38.65, 'Real World': 26.45, 'Product': 56.27}
2025-06-29 07:14:39,963 [icarl.py] => Task 9, Epoch 97/200 => Loss 2.074, Loss_clf 0.248, Loss_kd 1.825, Loss_kernel 0.001, Train_accy 92.87
2025-06-29 07:14:51,098 [icarl.py] => Task 9, Epoch 98/200 => Loss 2.099, Loss_clf 0.259, Loss_kd 1.839, Loss_kernel 0.001, Train_accy 92.78
2025-06-29 07:15:04,398 [icarl.py] => Task 9, Epoch 99/200 => Loss 2.083, Loss_clf 0.248, Loss_kd 1.833, Loss_kernel 0.001, Train_accy 93.02
2025-06-29 07:15:19,150 [icarl.py] => Task 9, Epoch 100/200 => Loss 2.039, Loss_clf 0.227, Loss_kd 1.811, Loss_kernel 0.001, Train_accy 93.60
2025-06-29 07:15:47,975 [icarl.py] => Task 9, Epoch 101/200 => Loss 2.098, Loss_clf 0.249, Loss_kd 1.847, Loss_kernel 0.001, Train_accy 93.12, Test_accy {'Art': 21.17, 'Clipart': 36.09, 'Real World': 24.42, 'Product': 51.67}
2025-06-29 07:16:02,519 [icarl.py] => Task 9, Epoch 102/200 => Loss 2.070, Loss_clf 0.224, Loss_kd 1.844, Loss_kernel 0.001, Train_accy 93.66
2025-06-29 07:16:15,801 [icarl.py] => Task 9, Epoch 103/200 => Loss 2.028, Loss_clf 0.218, Loss_kd 1.809, Loss_kernel 0.001, Train_accy 94.19
2025-06-29 07:16:30,033 [icarl.py] => Task 9, Epoch 104/200 => Loss 2.025, Loss_clf 0.226, Loss_kd 1.798, Loss_kernel 0.001, Train_accy 92.92
2025-06-29 07:16:41,773 [icarl.py] => Task 9, Epoch 105/200 => Loss 2.024, Loss_clf 0.228, Loss_kd 1.795, Loss_kernel 0.001, Train_accy 93.64
2025-06-29 07:17:10,963 [icarl.py] => Task 9, Epoch 106/200 => Loss 2.061, Loss_clf 0.240, Loss_kd 1.820, Loss_kernel 0.001, Train_accy 92.91, Test_accy {'Art': 20.92, 'Clipart': 37.44, 'Real World': 22.98, 'Product': 50.14}
2025-06-29 07:17:25,071 [icarl.py] => Task 9, Epoch 107/200 => Loss 2.065, Loss_clf 0.242, Loss_kd 1.822, Loss_kernel 0.001, Train_accy 93.82
2025-06-29 07:17:38,229 [icarl.py] => Task 9, Epoch 108/200 => Loss 2.026, Loss_clf 0.214, Loss_kd 1.811, Loss_kernel 0.001, Train_accy 93.61
2025-06-29 07:17:51,569 [icarl.py] => Task 9, Epoch 109/200 => Loss 2.031, Loss_clf 0.221, Loss_kd 1.808, Loss_kernel 0.001, Train_accy 93.54
2025-06-29 07:18:05,529 [icarl.py] => Task 9, Epoch 110/200 => Loss 1.985, Loss_clf 0.205, Loss_kd 1.779, Loss_kernel 0.001, Train_accy 94.79
2025-06-29 07:18:35,112 [icarl.py] => Task 9, Epoch 111/200 => Loss 2.005, Loss_clf 0.207, Loss_kd 1.797, Loss_kernel 0.001, Train_accy 94.53, Test_accy {'Art': 21.17, 'Clipart': 40.0, 'Real World': 26.88, 'Product': 59.47}
2025-06-29 07:18:49,542 [icarl.py] => Task 9, Epoch 112/200 => Loss 2.002, Loss_clf 0.223, Loss_kd 1.777, Loss_kernel 0.001, Train_accy 93.83
2025-06-29 07:19:02,323 [icarl.py] => Task 9, Epoch 113/200 => Loss 2.036, Loss_clf 0.234, Loss_kd 1.800, Loss_kernel 0.001, Train_accy 93.33
2025-06-29 07:19:16,148 [icarl.py] => Task 9, Epoch 114/200 => Loss 1.971, Loss_clf 0.194, Loss_kd 1.776, Loss_kernel 0.001, Train_accy 94.86
2025-06-29 07:19:29,348 [icarl.py] => Task 9, Epoch 115/200 => Loss 2.021, Loss_clf 0.219, Loss_kd 1.801, Loss_kernel 0.001, Train_accy 94.37
2025-06-29 07:19:59,350 [icarl.py] => Task 9, Epoch 116/200 => Loss 2.017, Loss_clf 0.221, Loss_kd 1.795, Loss_kernel 0.001, Train_accy 93.90, Test_accy {'Art': 21.68, 'Clipart': 38.65, 'Real World': 25.14, 'Product': 53.34}
2025-06-29 07:20:13,004 [icarl.py] => Task 9, Epoch 117/200 => Loss 1.986, Loss_clf 0.196, Loss_kd 1.789, Loss_kernel 0.001, Train_accy 94.26
2025-06-29 07:20:25,623 [icarl.py] => Task 9, Epoch 118/200 => Loss 1.989, Loss_clf 0.187, Loss_kd 1.802, Loss_kernel 0.001, Train_accy 94.72
2025-06-29 07:20:37,512 [icarl.py] => Task 9, Epoch 119/200 => Loss 1.969, Loss_clf 0.191, Loss_kd 1.777, Loss_kernel 0.001, Train_accy 94.57
2025-06-29 07:20:51,705 [icarl.py] => Task 9, Epoch 120/200 => Loss 1.998, Loss_clf 0.201, Loss_kd 1.796, Loss_kernel 0.001, Train_accy 93.77
2025-06-29 07:21:19,777 [icarl.py] => Task 9, Epoch 121/200 => Loss 1.971, Loss_clf 0.183, Loss_kd 1.787, Loss_kernel 0.001, Train_accy 94.87, Test_accy {'Art': 24.23, 'Clipart': 38.8, 'Real World': 25.72, 'Product': 55.57}
2025-06-29 07:21:31,768 [icarl.py] => Task 9, Epoch 122/200 => Loss 1.997, Loss_clf 0.193, Loss_kd 1.803, Loss_kernel 0.001, Train_accy 94.20
2025-06-29 07:21:45,444 [icarl.py] => Task 9, Epoch 123/200 => Loss 1.942, Loss_clf 0.175, Loss_kd 1.765, Loss_kernel 0.001, Train_accy 95.47
2025-06-29 07:21:57,664 [icarl.py] => Task 9, Epoch 124/200 => Loss 1.970, Loss_clf 0.189, Loss_kd 1.780, Loss_kernel 0.001, Train_accy 94.71
2025-06-29 07:22:10,175 [icarl.py] => Task 9, Epoch 125/200 => Loss 1.948, Loss_clf 0.180, Loss_kd 1.767, Loss_kernel 0.001, Train_accy 95.17
2025-06-29 07:22:36,563 [icarl.py] => Task 9, Epoch 126/200 => Loss 1.903, Loss_clf 0.145, Loss_kd 1.758, Loss_kernel 0.001, Train_accy 95.87, Test_accy {'Art': 23.98, 'Clipart': 38.35, 'Real World': 26.73, 'Product': 56.82}
2025-06-29 07:22:48,967 [icarl.py] => Task 9, Epoch 127/200 => Loss 1.951, Loss_clf 0.178, Loss_kd 1.772, Loss_kernel 0.001, Train_accy 95.03
2025-06-29 07:23:02,566 [icarl.py] => Task 9, Epoch 128/200 => Loss 1.909, Loss_clf 0.151, Loss_kd 1.757, Loss_kernel 0.001, Train_accy 95.82
2025-06-29 07:23:14,886 [icarl.py] => Task 9, Epoch 129/200 => Loss 1.888, Loss_clf 0.145, Loss_kd 1.742, Loss_kernel 0.001, Train_accy 95.96
2025-06-29 07:23:28,057 [icarl.py] => Task 9, Epoch 130/200 => Loss 1.908, Loss_clf 0.153, Loss_kd 1.754, Loss_kernel 0.001, Train_accy 96.27
2025-06-29 07:23:54,809 [icarl.py] => Task 9, Epoch 131/200 => Loss 1.923, Loss_clf 0.151, Loss_kd 1.771, Loss_kernel 0.001, Train_accy 96.03, Test_accy {'Art': 21.68, 'Clipart': 38.35, 'Real World': 26.73, 'Product': 56.82}
2025-06-29 07:24:07,511 [icarl.py] => Task 9, Epoch 132/200 => Loss 1.928, Loss_clf 0.156, Loss_kd 1.771, Loss_kernel 0.001, Train_accy 95.72
2025-06-29 07:24:19,248 [icarl.py] => Task 9, Epoch 133/200 => Loss 1.913, Loss_clf 0.156, Loss_kd 1.756, Loss_kernel 0.001, Train_accy 96.20
2025-06-29 07:24:33,848 [icarl.py] => Task 9, Epoch 134/200 => Loss 1.980, Loss_clf 0.195, Loss_kd 1.784, Loss_kernel 0.001, Train_accy 94.40
2025-06-29 07:24:47,593 [icarl.py] => Task 9, Epoch 135/200 => Loss 1.942, Loss_clf 0.178, Loss_kd 1.763, Loss_kernel 0.001, Train_accy 94.63
2025-06-29 07:25:15,583 [icarl.py] => Task 9, Epoch 136/200 => Loss 1.923, Loss_clf 0.158, Loss_kd 1.764, Loss_kernel 0.001, Train_accy 95.71, Test_accy {'Art': 21.17, 'Clipart': 39.7, 'Real World': 26.3, 'Product': 57.52}
2025-06-29 07:25:27,095 [icarl.py] => Task 9, Epoch 137/200 => Loss 1.896, Loss_clf 0.137, Loss_kd 1.758, Loss_kernel 0.001, Train_accy 95.94
2025-06-29 07:25:38,898 [icarl.py] => Task 9, Epoch 138/200 => Loss 1.915, Loss_clf 0.144, Loss_kd 1.770, Loss_kernel 0.001, Train_accy 96.04
2025-06-29 07:25:51,755 [icarl.py] => Task 9, Epoch 139/200 => Loss 1.893, Loss_clf 0.142, Loss_kd 1.750, Loss_kernel 0.001, Train_accy 96.06
2025-06-29 07:26:04,530 [icarl.py] => Task 9, Epoch 140/200 => Loss 1.920, Loss_clf 0.155, Loss_kd 1.764, Loss_kernel 0.001, Train_accy 95.76
2025-06-29 07:26:32,839 [icarl.py] => Task 9, Epoch 141/200 => Loss 1.864, Loss_clf 0.136, Loss_kd 1.727, Loss_kernel 0.001, Train_accy 96.25, Test_accy {'Art': 23.21, 'Clipart': 39.55, 'Real World': 27.6, 'Product': 59.19}
2025-06-29 07:26:46,014 [icarl.py] => Task 9, Epoch 142/200 => Loss 1.887, Loss_clf 0.141, Loss_kd 1.745, Loss_kernel 0.001, Train_accy 96.25
2025-06-29 07:26:58,028 [icarl.py] => Task 9, Epoch 143/200 => Loss 1.859, Loss_clf 0.143, Loss_kd 1.716, Loss_kernel 0.001, Train_accy 95.76
2025-06-29 07:27:10,921 [icarl.py] => Task 9, Epoch 144/200 => Loss 1.891, Loss_clf 0.135, Loss_kd 1.755, Loss_kernel 0.001, Train_accy 96.16
2025-06-29 07:27:23,421 [icarl.py] => Task 9, Epoch 145/200 => Loss 1.852, Loss_clf 0.121, Loss_kd 1.729, Loss_kernel 0.001, Train_accy 96.60
2025-06-29 07:27:52,200 [icarl.py] => Task 9, Epoch 146/200 => Loss 1.850, Loss_clf 0.129, Loss_kd 1.720, Loss_kernel 0.001, Train_accy 96.60, Test_accy {'Art': 21.68, 'Clipart': 38.8, 'Real World': 27.89, 'Product': 58.77}
2025-06-29 07:28:02,735 [icarl.py] => Task 9, Epoch 147/200 => Loss 1.872, Loss_clf 0.123, Loss_kd 1.749, Loss_kernel 0.001, Train_accy 96.67
2025-06-29 07:28:15,737 [icarl.py] => Task 9, Epoch 148/200 => Loss 1.854, Loss_clf 0.126, Loss_kd 1.727, Loss_kernel 0.001, Train_accy 96.25
2025-06-29 07:28:29,493 [icarl.py] => Task 9, Epoch 149/200 => Loss 1.884, Loss_clf 0.144, Loss_kd 1.739, Loss_kernel 0.001, Train_accy 96.06
2025-06-29 07:28:42,032 [icarl.py] => Task 9, Epoch 150/200 => Loss 1.858, Loss_clf 0.119, Loss_kd 1.739, Loss_kernel 0.001, Train_accy 96.84
2025-06-29 07:29:11,032 [icarl.py] => Task 9, Epoch 151/200 => Loss 1.858, Loss_clf 0.120, Loss_kd 1.737, Loss_kernel 0.001, Train_accy 96.51, Test_accy {'Art': 23.47, 'Clipart': 38.65, 'Real World': 27.46, 'Product': 60.03}
2025-06-29 07:29:22,924 [icarl.py] => Task 9, Epoch 152/200 => Loss 1.828, Loss_clf 0.124, Loss_kd 1.704, Loss_kernel 0.001, Train_accy 96.63
2025-06-29 07:29:34,553 [icarl.py] => Task 9, Epoch 153/200 => Loss 1.833, Loss_clf 0.108, Loss_kd 1.724, Loss_kernel 0.001, Train_accy 97.47
2025-06-29 07:29:45,993 [icarl.py] => Task 9, Epoch 154/200 => Loss 1.835, Loss_clf 0.114, Loss_kd 1.720, Loss_kernel 0.001, Train_accy 96.88
2025-06-29 07:29:58,876 [icarl.py] => Task 9, Epoch 155/200 => Loss 1.860, Loss_clf 0.124, Loss_kd 1.736, Loss_kernel 0.001, Train_accy 96.89
2025-06-29 07:30:26,511 [icarl.py] => Task 9, Epoch 156/200 => Loss 1.867, Loss_clf 0.131, Loss_kd 1.735, Loss_kernel 0.001, Train_accy 96.49, Test_accy {'Art': 22.96, 'Clipart': 39.1, 'Real World': 27.17, 'Product': 61.0}
2025-06-29 07:30:39,373 [icarl.py] => Task 9, Epoch 157/200 => Loss 1.857, Loss_clf 0.127, Loss_kd 1.729, Loss_kernel 0.001, Train_accy 96.70
2025-06-29 07:30:52,060 [icarl.py] => Task 9, Epoch 158/200 => Loss 1.855, Loss_clf 0.120, Loss_kd 1.735, Loss_kernel 0.001, Train_accy 96.79
2025-06-29 07:31:03,377 [icarl.py] => Task 9, Epoch 159/200 => Loss 1.824, Loss_clf 0.104, Loss_kd 1.720, Loss_kernel 0.001, Train_accy 97.27
2025-06-29 07:31:15,020 [icarl.py] => Task 9, Epoch 160/200 => Loss 1.828, Loss_clf 0.100, Loss_kd 1.727, Loss_kernel 0.001, Train_accy 97.63
2025-06-29 07:31:42,501 [icarl.py] => Task 9, Epoch 161/200 => Loss 1.826, Loss_clf 0.105, Loss_kd 1.721, Loss_kernel 0.001, Train_accy 97.52, Test_accy {'Art': 23.72, 'Clipart': 39.7, 'Real World': 26.88, 'Product': 61.14}
2025-06-29 07:31:54,698 [icarl.py] => Task 9, Epoch 162/200 => Loss 1.842, Loss_clf 0.120, Loss_kd 1.721, Loss_kernel 0.001, Train_accy 96.69
2025-06-29 07:32:07,297 [icarl.py] => Task 9, Epoch 163/200 => Loss 1.832, Loss_clf 0.114, Loss_kd 1.717, Loss_kernel 0.001, Train_accy 96.98
2025-06-29 07:32:19,837 [icarl.py] => Task 9, Epoch 164/200 => Loss 1.833, Loss_clf 0.125, Loss_kd 1.708, Loss_kernel 0.001, Train_accy 96.59
2025-06-29 07:32:31,665 [icarl.py] => Task 9, Epoch 165/200 => Loss 1.799, Loss_clf 0.090, Loss_kd 1.708, Loss_kernel 0.001, Train_accy 97.87
2025-06-29 07:32:58,899 [icarl.py] => Task 9, Epoch 166/200 => Loss 1.823, Loss_clf 0.099, Loss_kd 1.724, Loss_kernel 0.001, Train_accy 97.73, Test_accy {'Art': 23.21, 'Clipart': 37.74, 'Real World': 27.46, 'Product': 60.72}
2025-06-29 07:33:10,088 [icarl.py] => Task 9, Epoch 167/200 => Loss 1.798, Loss_clf 0.099, Loss_kd 1.698, Loss_kernel 0.001, Train_accy 97.97
2025-06-29 07:33:22,711 [icarl.py] => Task 9, Epoch 168/200 => Loss 1.844, Loss_clf 0.102, Loss_kd 1.741, Loss_kernel 0.001, Train_accy 97.62
2025-06-29 07:33:34,942 [icarl.py] => Task 9, Epoch 169/200 => Loss 1.828, Loss_clf 0.101, Loss_kd 1.727, Loss_kernel 0.001, Train_accy 97.67
2025-06-29 07:33:45,104 [icarl.py] => Task 9, Epoch 170/200 => Loss 1.800, Loss_clf 0.101, Loss_kd 1.698, Loss_kernel 0.001, Train_accy 97.81
2025-06-29 07:34:13,229 [icarl.py] => Task 9, Epoch 171/200 => Loss 1.807, Loss_clf 0.093, Loss_kd 1.713, Loss_kernel 0.001, Train_accy 97.93, Test_accy {'Art': 23.47, 'Clipart': 38.5, 'Real World': 27.17, 'Product': 61.14}
2025-06-29 07:34:24,554 [icarl.py] => Task 9, Epoch 172/200 => Loss 1.786, Loss_clf 0.095, Loss_kd 1.691, Loss_kernel 0.001, Train_accy 97.72
2025-06-29 07:34:35,984 [icarl.py] => Task 9, Epoch 173/200 => Loss 1.834, Loss_clf 0.111, Loss_kd 1.722, Loss_kernel 0.001, Train_accy 96.83
2025-06-29 07:34:47,166 [icarl.py] => Task 9, Epoch 174/200 => Loss 1.819, Loss_clf 0.092, Loss_kd 1.726, Loss_kernel 0.001, Train_accy 97.97
2025-06-29 07:34:58,206 [icarl.py] => Task 9, Epoch 175/200 => Loss 1.804, Loss_clf 0.087, Loss_kd 1.716, Loss_kernel 0.001, Train_accy 98.21
2025-06-29 07:35:25,943 [icarl.py] => Task 9, Epoch 176/200 => Loss 1.790, Loss_clf 0.106, Loss_kd 1.683, Loss_kernel 0.001, Train_accy 97.33, Test_accy {'Art': 22.7, 'Clipart': 39.1, 'Real World': 28.03, 'Product': 59.47}
2025-06-29 07:35:36,513 [icarl.py] => Task 9, Epoch 177/200 => Loss 1.799, Loss_clf 0.100, Loss_kd 1.699, Loss_kernel 0.001, Train_accy 97.47
2025-06-29 07:35:47,002 [icarl.py] => Task 9, Epoch 178/200 => Loss 1.811, Loss_clf 0.095, Loss_kd 1.715, Loss_kernel 0.001, Train_accy 97.46
2025-06-29 07:35:56,935 [icarl.py] => Task 9, Epoch 179/200 => Loss 1.799, Loss_clf 0.090, Loss_kd 1.708, Loss_kernel 0.001, Train_accy 98.00
2025-06-29 07:36:07,416 [icarl.py] => Task 9, Epoch 180/200 => Loss 1.847, Loss_clf 0.115, Loss_kd 1.731, Loss_kernel 0.001, Train_accy 96.96
2025-06-29 07:36:34,324 [icarl.py] => Task 9, Epoch 181/200 => Loss 1.825, Loss_clf 0.103, Loss_kd 1.720, Loss_kernel 0.001, Train_accy 97.06, Test_accy {'Art': 22.7, 'Clipart': 38.65, 'Real World': 27.75, 'Product': 60.17}
2025-06-29 07:36:43,998 [icarl.py] => Task 9, Epoch 182/200 => Loss 1.802, Loss_clf 0.077, Loss_kd 1.723, Loss_kernel 0.001, Train_accy 98.10
2025-06-29 07:36:54,437 [icarl.py] => Task 9, Epoch 183/200 => Loss 1.792, Loss_clf 0.085, Loss_kd 1.707, Loss_kernel 0.001, Train_accy 98.16
2025-06-29 07:37:06,610 [icarl.py] => Task 9, Epoch 184/200 => Loss 1.819, Loss_clf 0.109, Loss_kd 1.709, Loss_kernel 0.001, Train_accy 97.42
2025-06-29 07:37:15,371 [icarl.py] => Task 9, Epoch 185/200 => Loss 1.780, Loss_clf 0.080, Loss_kd 1.698, Loss_kernel 0.001, Train_accy 98.15
2025-06-29 07:37:41,577 [icarl.py] => Task 9, Epoch 186/200 => Loss 1.777, Loss_clf 0.081, Loss_kd 1.696, Loss_kernel 0.001, Train_accy 98.36, Test_accy {'Art': 21.94, 'Clipart': 38.35, 'Real World': 27.89, 'Product': 60.45}
2025-06-29 07:37:53,423 [icarl.py] => Task 9, Epoch 187/200 => Loss 1.799, Loss_clf 0.096, Loss_kd 1.702, Loss_kernel 0.001, Train_accy 97.77
2025-06-29 07:38:03,948 [icarl.py] => Task 9, Epoch 188/200 => Loss 1.797, Loss_clf 0.092, Loss_kd 1.704, Loss_kernel 0.001, Train_accy 97.91
2025-06-29 07:38:14,385 [icarl.py] => Task 9, Epoch 189/200 => Loss 1.760, Loss_clf 0.075, Loss_kd 1.684, Loss_kernel 0.001, Train_accy 98.41
2025-06-29 07:38:25,379 [icarl.py] => Task 9, Epoch 190/200 => Loss 1.783, Loss_clf 0.089, Loss_kd 1.694, Loss_kernel 0.001, Train_accy 98.26
2025-06-29 07:38:52,521 [icarl.py] => Task 9, Epoch 191/200 => Loss 1.777, Loss_clf 0.085, Loss_kd 1.691, Loss_kernel 0.001, Train_accy 98.21, Test_accy {'Art': 24.74, 'Clipart': 39.7, 'Real World': 27.6, 'Product': 60.31}
2025-06-29 07:39:01,588 [icarl.py] => Task 9, Epoch 192/200 => Loss 1.787, Loss_clf 0.076, Loss_kd 1.710, Loss_kernel 0.001, Train_accy 98.65
2025-06-29 07:39:11,965 [icarl.py] => Task 9, Epoch 193/200 => Loss 1.800, Loss_clf 0.091, Loss_kd 1.708, Loss_kernel 0.001, Train_accy 97.96
2025-06-29 07:39:23,346 [icarl.py] => Task 9, Epoch 194/200 => Loss 1.798, Loss_clf 0.101, Loss_kd 1.696, Loss_kernel 0.001, Train_accy 97.37
2025-06-29 07:39:34,055 [icarl.py] => Task 9, Epoch 195/200 => Loss 1.822, Loss_clf 0.103, Loss_kd 1.718, Loss_kernel 0.001, Train_accy 97.17
2025-06-29 07:40:00,906 [icarl.py] => Task 9, Epoch 196/200 => Loss 1.783, Loss_clf 0.082, Loss_kd 1.699, Loss_kernel 0.001, Train_accy 98.01, Test_accy {'Art': 22.7, 'Clipart': 39.25, 'Real World': 27.6, 'Product': 60.58}
2025-06-29 07:40:10,690 [icarl.py] => Task 9, Epoch 197/200 => Loss 1.804, Loss_clf 0.087, Loss_kd 1.717, Loss_kernel 0.001, Train_accy 98.00
2025-06-29 07:40:20,629 [icarl.py] => Task 9, Epoch 198/200 => Loss 1.793, Loss_clf 0.081, Loss_kd 1.711, Loss_kernel 0.001, Train_accy 98.20
2025-06-29 07:40:30,410 [icarl.py] => Task 9, Epoch 199/200 => Loss 1.799, Loss_clf 0.091, Loss_kd 1.707, Loss_kernel 0.001, Train_accy 97.65
2025-06-29 07:40:42,687 [icarl.py] => Task 9, Epoch 200/200 => Loss 1.786, Loss_clf 0.079, Loss_kd 1.705, Loss_kernel 0.001, Train_accy 98.22
2025-06-29 07:40:42,688 [base.py] => Reducing exemplars...(26 per classes)
2025-06-29 07:41:05,046 [base.py] => Constructing exemplars...(26 per classes)
2025-06-29 07:41:45,573 [icarl.py] => Exemplar size: 1300
2025-06-29 07:41:46,683 [trainer.py] => CNN [Art]: {'total': 24.23, '00-04': 39.47, '05-09': 38.24, '10-14': 18.92, '15-19': 22.22, '20-24': 10.53, '25-29': 5.88, '30-34': 20.0, '35-39': 19.51, '40-44': 18.42, '45-49': 44.0, 'old': 21.35, 'new': 44.0}
2025-06-29 07:41:46,684 [trainer.py] => NME [Art]: {'total': 23.21, '00-04': 28.95, '05-09': 26.47, '10-14': 21.62, '15-19': 22.22, '20-24': 5.26, '25-29': 5.88, '30-34': 29.09, '35-39': 17.07, '40-44': 21.05, '45-49': 44.0, 'old': 20.18, 'new': 44.0}
2025-06-29 07:41:46,684 [trainer.py] => CNN [Art] top1 curve: [60.53, 51.39, 49.54, 41.18, 39.08, 32.21, 31.94, 27.3, 22.81, 24.23]
2025-06-29 07:41:46,684 [trainer.py] => CNN [Art] top5 curve: [92.11, 87.5, 70.64, 66.91, 59.77, 56.73, 52.85, 48.36, 43.27, 45.15]
2025-06-29 07:41:46,685 [trainer.py] => NME [Art] top1 curve: [65.79, 56.94, 49.54, 46.32, 36.78, 37.98, 34.22, 28.62, 25.44, 23.21]
2025-06-29 07:41:46,685 [trainer.py] => NME [Art] top5 curve: [100.0, 88.89, 79.82, 75.0, 66.67, 63.46, 58.17, 51.32, 45.61, 43.88]
2025-06-29 07:41:46,685 [trainer.py] => Average Accuracy [Art] (CNN): 38.021
2025-06-29 07:41:46,685 [trainer.py] => Average Accuracy [Art] (NME): 40.484
2025-06-29 07:41:46,685 [trainer.py] => CNN [Clipart]: {'total': 39.1, '00-04': 48.72, '05-09': 40.32, '10-14': 37.88, '15-19': 28.3, '20-24': 31.46, '25-29': 24.19, '30-34': 31.25, '35-39': 27.87, '40-44': 53.03, '45-49': 65.62, 'old': 36.27, 'new': 65.62}
2025-06-29 07:41:46,686 [trainer.py] => NME [Clipart]: {'total': 41.05, '00-04': 46.15, '05-09': 40.32, '10-14': 39.39, '15-19': 33.96, '20-24': 32.58, '25-29': 30.65, '30-34': 32.81, '35-39': 34.43, '40-44': 60.61, '45-49': 59.38, 'old': 39.1, 'new': 59.38}
2025-06-29 07:41:46,686 [trainer.py] => CNN [Clipart] top1 curve: [70.51, 69.29, 65.05, 63.71, 57.18, 52.68, 49.16, 43.74, 42.6, 39.1]
2025-06-29 07:41:46,686 [trainer.py] => CNN [Clipart] top5 curve: [97.44, 91.43, 90.29, 83.4, 80.46, 78.05, 71.1, 70.28, 66.39, 64.06]
2025-06-29 07:41:46,686 [trainer.py] => NME [Clipart] top1 curve: [74.36, 70.71, 70.39, 66.41, 59.2, 53.41, 49.58, 45.61, 43.76, 41.05]
2025-06-29 07:41:46,686 [trainer.py] => NME [Clipart] top5 curve: [100.0, 92.86, 89.32, 86.1, 81.32, 79.51, 72.36, 72.9, 68.89, 66.62]
2025-06-29 07:41:46,686 [trainer.py] => Average Accuracy [Clipart] (CNN): 55.302
2025-06-29 07:41:46,686 [trainer.py] => Average Accuracy [Clipart] (NME): 57.448
2025-06-29 07:41:46,686 [trainer.py] => CNN [Product]: {'total': 60.58, '00-04': 77.65, '05-09': 57.5, '10-14': 64.52, '15-19': 53.25, '20-24': 52.46, '25-29': 58.23, '30-34': 49.25, '35-39': 51.52, '40-44': 64.29, '45-49': 73.24, 'old': 59.2, 'new': 73.24}
2025-06-29 07:41:46,687 [trainer.py] => NME [Product]: {'total': 63.65, '00-04': 74.12, '05-09': 61.25, '10-14': 67.74, '15-19': 55.84, '20-24': 54.1, '25-29': 67.09, '30-34': 52.24, '35-39': 62.12, '40-44': 70.0, '45-49': 69.01, 'old': 63.06, 'new': 69.01}
2025-06-29 07:41:46,687 [trainer.py] => CNN [Product] top1 curve: [92.94, 85.45, 84.14, 76.32, 77.26, 71.62, 72.02, 67.24, 63.68, 60.58]
2025-06-29 07:41:46,687 [trainer.py] => CNN [Product] top5 curve: [100.0, 98.79, 96.48, 96.38, 90.14, 91.67, 89.82, 88.56, 84.7, 81.48]
2025-06-29 07:41:46,687 [trainer.py] => NME [Product] top1 curve: [94.12, 88.48, 89.43, 80.92, 77.53, 75.45, 70.84, 68.28, 65.53, 63.65]
2025-06-29 07:41:46,687 [trainer.py] => NME [Product] top5 curve: [100.0, 99.39, 99.12, 97.7, 93.7, 93.92, 92.56, 90.81, 87.17, 83.01]
2025-06-29 07:41:46,687 [trainer.py] => Average Accuracy [Product] (CNN): 75.125
2025-06-29 07:41:46,687 [trainer.py] => Average Accuracy [Product] (NME): 77.423
2025-06-29 07:41:46,687 [trainer.py] => CNN [Real World]: {'total': 27.31, '00-04': 45.21, '05-09': 38.24, '10-14': 31.94, '15-19': 20.9, '20-24': 6.15, '25-29': 29.87, '30-34': 18.67, '35-39': 18.64, '40-44': 21.88, '45-49': 37.5, 'old': 26.13, 'new': 37.5}
2025-06-29 07:41:46,688 [trainer.py] => NME [Real World]: {'total': 30.2, '00-04': 39.73, '05-09': 44.12, '10-14': 29.17, '15-19': 23.88, '20-24': 4.62, '25-29': 29.87, '30-34': 24.0, '35-39': 28.81, '40-44': 32.81, '45-49': 43.06, 'old': 28.71, 'new': 43.06}
2025-06-29 07:41:46,688 [trainer.py] => CNN [Real World] top1 curve: [69.86, 58.16, 48.83, 42.5, 34.2, 33.18, 33.0, 31.47, 28.06, 27.31]
2025-06-29 07:41:46,688 [trainer.py] => CNN [Real World] top5 curve: [95.89, 89.36, 77.0, 69.29, 60.0, 58.53, 55.94, 54.86, 52.58, 52.75]
2025-06-29 07:41:46,688 [trainer.py] => NME [Real World] top1 curve: [73.97, 63.12, 48.83, 44.64, 35.94, 35.31, 35.01, 33.27, 30.97, 30.2]
2025-06-29 07:41:46,688 [trainer.py] => NME [Real World] top5 curve: [100.0, 94.33, 85.92, 76.79, 69.28, 66.35, 61.77, 58.09, 55.65, 54.19]
2025-06-29 07:41:46,688 [trainer.py] => Average Accuracy [Real World] (CNN): 40.657
2025-06-29 07:41:46,688 [trainer.py] => Average Accuracy [Real World] (NME): 43.126
2025-06-29 07:41:46,688 [trainer.py] => NME Harmonic Mean : 35.3566
2025-06-29 07:41:46,688 [trainer.py] => NME Macro Mean : 39.5275
2025-06-29 07:41:46,689 [trainer.py] => CNN Harmonic Mean : 32.8797
2025-06-29 07:41:46,689 [trainer.py] => CNN Macro Mean : 37.8050
2025-06-29 07:41:46,690 [trainer.py] => All params: 21315452
2025-06-29 07:41:46,690 [trainer.py] => Trainable params: 21315452
2025-06-29 07:41:46,691 [icarl.py] => Learning on 50-55
2025-06-29 07:42:20,849 [icarl.py] => Task 10, Epoch 1/200 => Loss 5.532, Loss_clf 2.697, Loss_kd 2.832, Loss_kernel 0.003, Train_accy 36.98, Test_accy {'Art': 3.85, 'Clipart': 6.05, 'Real World': 3.77, 'Product': 5.49}
2025-06-29 07:42:37,420 [icarl.py] => Task 10, Epoch 2/200 => Loss 6.941, Loss_clf 3.342, Loss_kd 3.592, Loss_kernel 0.007, Train_accy 22.04
2025-06-29 07:42:53,587 [icarl.py] => Task 10, Epoch 3/200 => Loss 6.096, Loss_clf 2.770, Loss_kd 3.320, Loss_kernel 0.005, Train_accy 29.04
2025-06-29 07:43:11,124 [icarl.py] => Task 10, Epoch 4/200 => Loss 5.636, Loss_clf 2.472, Loss_kd 3.159, Loss_kernel 0.005, Train_accy 34.26
2025-06-29 07:43:27,493 [icarl.py] => Task 10, Epoch 5/200 => Loss 5.398, Loss_clf 2.340, Loss_kd 3.054, Loss_kernel 0.004, Train_accy 37.19
2025-06-29 07:44:02,333 [icarl.py] => Task 10, Epoch 6/200 => Loss 4.965, Loss_clf 2.064, Loss_kd 2.897, Loss_kernel 0.004, Train_accy 42.74, Test_accy {'Art': 12.7, 'Clipart': 23.55, 'Real World': 19.35, 'Product': 36.14}
2025-06-29 07:44:20,300 [icarl.py] => Task 10, Epoch 7/200 => Loss 4.728, Loss_clf 1.901, Loss_kd 2.823, Loss_kernel 0.004, Train_accy 45.51
2025-06-29 07:44:37,447 [icarl.py] => Task 10, Epoch 8/200 => Loss 4.598, Loss_clf 1.819, Loss_kd 2.776, Loss_kernel 0.003, Train_accy 48.63
2025-06-29 07:44:54,561 [icarl.py] => Task 10, Epoch 9/200 => Loss 4.385, Loss_clf 1.697, Loss_kd 2.684, Loss_kernel 0.003, Train_accy 50.16
2025-06-29 07:45:10,498 [icarl.py] => Task 10, Epoch 10/200 => Loss 4.293, Loss_clf 1.624, Loss_kd 2.665, Loss_kernel 0.004, Train_accy 52.75
2025-06-29 07:45:44,231 [icarl.py] => Task 10, Epoch 11/200 => Loss 4.026, Loss_clf 1.448, Loss_kd 2.575, Loss_kernel 0.004, Train_accy 57.10, Test_accy {'Art': 14.06, 'Clipart': 30.13, 'Real World': 23.51, 'Product': 36.91}
2025-06-29 07:46:01,287 [icarl.py] => Task 10, Epoch 12/200 => Loss 3.864, Loss_clf 1.349, Loss_kd 2.512, Loss_kernel 0.003, Train_accy 60.49
2025-06-29 07:46:17,818 [icarl.py] => Task 10, Epoch 13/200 => Loss 3.869, Loss_clf 1.342, Loss_kd 2.522, Loss_kernel 0.004, Train_accy 60.52
2025-06-29 07:46:34,354 [icarl.py] => Task 10, Epoch 14/200 => Loss 3.793, Loss_clf 1.284, Loss_kd 2.505, Loss_kernel 0.004, Train_accy 63.06
2025-06-29 07:46:51,494 [icarl.py] => Task 10, Epoch 15/200 => Loss 3.744, Loss_clf 1.261, Loss_kd 2.479, Loss_kernel 0.003, Train_accy 63.55
2025-06-29 07:47:25,877 [icarl.py] => Task 10, Epoch 16/200 => Loss 3.538, Loss_clf 1.115, Loss_kd 2.419, Loss_kernel 0.003, Train_accy 66.31, Test_accy {'Art': 14.06, 'Clipart': 32.24, 'Real World': 19.09, 'Product': 35.76}
2025-06-29 07:47:42,958 [icarl.py] => Task 10, Epoch 17/200 => Loss 3.497, Loss_clf 1.094, Loss_kd 2.400, Loss_kernel 0.003, Train_accy 67.03
2025-06-29 07:47:59,175 [icarl.py] => Task 10, Epoch 18/200 => Loss 3.513, Loss_clf 1.093, Loss_kd 2.417, Loss_kernel 0.003, Train_accy 67.19
2025-06-29 07:48:15,898 [icarl.py] => Task 10, Epoch 19/200 => Loss 3.361, Loss_clf 1.000, Loss_kd 2.358, Loss_kernel 0.003, Train_accy 70.34
2025-06-29 07:48:32,875 [icarl.py] => Task 10, Epoch 20/200 => Loss 3.272, Loss_clf 0.953, Loss_kd 2.316, Loss_kernel 0.003, Train_accy 70.50
2025-06-29 07:49:07,171 [icarl.py] => Task 10, Epoch 21/200 => Loss 3.210, Loss_clf 0.908, Loss_kd 2.299, Loss_kernel 0.003, Train_accy 72.06, Test_accy {'Art': 17.91, 'Clipart': 30.0, 'Real World': 21.95, 'Product': 40.49}
2025-06-29 07:49:24,149 [icarl.py] => Task 10, Epoch 22/200 => Loss 3.146, Loss_clf 0.853, Loss_kd 2.289, Loss_kernel 0.003, Train_accy 74.06
2025-06-29 07:49:41,324 [icarl.py] => Task 10, Epoch 23/200 => Loss 3.140, Loss_clf 0.873, Loss_kd 2.264, Loss_kernel 0.003, Train_accy 74.25
2025-06-29 07:49:57,419 [icarl.py] => Task 10, Epoch 24/200 => Loss 3.126, Loss_clf 0.836, Loss_kd 2.287, Loss_kernel 0.003, Train_accy 76.46
2025-06-29 07:50:14,051 [icarl.py] => Task 10, Epoch 25/200 => Loss 3.234, Loss_clf 0.908, Loss_kd 2.322, Loss_kernel 0.003, Train_accy 73.11
2025-06-29 07:50:47,850 [icarl.py] => Task 10, Epoch 26/200 => Loss 3.147, Loss_clf 0.846, Loss_kd 2.298, Loss_kernel 0.003, Train_accy 74.61, Test_accy {'Art': 17.46, 'Clipart': 28.82, 'Real World': 22.73, 'Product': 44.83}
2025-06-29 07:51:04,802 [icarl.py] => Task 10, Epoch 27/200 => Loss 3.058, Loss_clf 0.814, Loss_kd 2.242, Loss_kernel 0.003, Train_accy 75.42
2025-06-29 07:51:21,531 [icarl.py] => Task 10, Epoch 28/200 => Loss 3.044, Loss_clf 0.785, Loss_kd 2.256, Loss_kernel 0.003, Train_accy 77.02
2025-06-29 07:51:37,550 [icarl.py] => Task 10, Epoch 29/200 => Loss 3.092, Loss_clf 0.829, Loss_kd 2.260, Loss_kernel 0.003, Train_accy 75.29
2025-06-29 07:51:54,059 [icarl.py] => Task 10, Epoch 30/200 => Loss 2.953, Loss_clf 0.732, Loss_kd 2.218, Loss_kernel 0.003, Train_accy 77.70
2025-06-29 07:52:27,759 [icarl.py] => Task 10, Epoch 31/200 => Loss 2.916, Loss_clf 0.699, Loss_kd 2.215, Loss_kernel 0.003, Train_accy 79.58, Test_accy {'Art': 16.1, 'Clipart': 31.32, 'Real World': 25.06, 'Product': 44.06}
2025-06-29 07:52:45,210 [icarl.py] => Task 10, Epoch 32/200 => Loss 2.923, Loss_clf 0.707, Loss_kd 2.213, Loss_kernel 0.003, Train_accy 79.44
2025-06-29 07:53:02,582 [icarl.py] => Task 10, Epoch 33/200 => Loss 3.035, Loss_clf 0.784, Loss_kd 2.248, Loss_kernel 0.003, Train_accy 76.20
2025-06-29 07:53:19,467 [icarl.py] => Task 10, Epoch 34/200 => Loss 2.945, Loss_clf 0.719, Loss_kd 2.224, Loss_kernel 0.003, Train_accy 78.48
2025-06-29 07:53:36,798 [icarl.py] => Task 10, Epoch 35/200 => Loss 2.817, Loss_clf 0.648, Loss_kd 2.166, Loss_kernel 0.003, Train_accy 80.67
2025-06-29 07:54:10,685 [icarl.py] => Task 10, Epoch 36/200 => Loss 2.769, Loss_clf 0.608, Loss_kd 2.159, Loss_kernel 0.003, Train_accy 82.05, Test_accy {'Art': 17.91, 'Clipart': 31.84, 'Real World': 24.81, 'Product': 48.4}
2025-06-29 07:54:26,757 [icarl.py] => Task 10, Epoch 37/200 => Loss 2.842, Loss_clf 0.655, Loss_kd 2.185, Loss_kernel 0.003, Train_accy 80.67
2025-06-29 07:54:42,941 [icarl.py] => Task 10, Epoch 38/200 => Loss 2.840, Loss_clf 0.662, Loss_kd 2.175, Loss_kernel 0.003, Train_accy 80.31
2025-06-29 07:55:00,090 [icarl.py] => Task 10, Epoch 39/200 => Loss 2.749, Loss_clf 0.601, Loss_kd 2.145, Loss_kernel 0.003, Train_accy 81.70
2025-06-29 07:55:16,516 [icarl.py] => Task 10, Epoch 40/200 => Loss 2.792, Loss_clf 0.609, Loss_kd 2.180, Loss_kernel 0.002, Train_accy 81.90
2025-06-29 07:55:51,390 [icarl.py] => Task 10, Epoch 41/200 => Loss 2.730, Loss_clf 0.563, Loss_kd 2.164, Loss_kernel 0.003, Train_accy 82.75, Test_accy {'Art': 16.1, 'Clipart': 31.05, 'Real World': 21.69, 'Product': 47.0}
2025-06-29 07:56:08,139 [icarl.py] => Task 10, Epoch 42/200 => Loss 2.760, Loss_clf 0.596, Loss_kd 2.162, Loss_kernel 0.003, Train_accy 83.21
2025-06-29 07:56:24,526 [icarl.py] => Task 10, Epoch 43/200 => Loss 2.757, Loss_clf 0.588, Loss_kd 2.166, Loss_kernel 0.003, Train_accy 82.92
2025-06-29 07:56:40,810 [icarl.py] => Task 10, Epoch 44/200 => Loss 2.757, Loss_clf 0.605, Loss_kd 2.150, Loss_kernel 0.003, Train_accy 81.69
2025-06-29 07:56:57,274 [icarl.py] => Task 10, Epoch 45/200 => Loss 2.650, Loss_clf 0.519, Loss_kd 2.128, Loss_kernel 0.002, Train_accy 84.44
2025-06-29 07:57:31,218 [icarl.py] => Task 10, Epoch 46/200 => Loss 2.593, Loss_clf 0.492, Loss_kd 2.099, Loss_kernel 0.002, Train_accy 85.66, Test_accy {'Art': 16.78, 'Clipart': 29.74, 'Real World': 19.35, 'Product': 36.27}
2025-06-29 07:57:48,108 [icarl.py] => Task 10, Epoch 47/200 => Loss 2.616, Loss_clf 0.511, Loss_kd 2.103, Loss_kernel 0.002, Train_accy 84.69
2025-06-29 07:58:04,115 [icarl.py] => Task 10, Epoch 48/200 => Loss 2.739, Loss_clf 0.577, Loss_kd 2.159, Loss_kernel 0.002, Train_accy 82.24
2025-06-29 07:58:19,881 [icarl.py] => Task 10, Epoch 49/200 => Loss 2.631, Loss_clf 0.518, Loss_kd 2.111, Loss_kernel 0.002, Train_accy 84.14
2025-06-29 07:58:35,530 [icarl.py] => Task 10, Epoch 50/200 => Loss 2.612, Loss_clf 0.504, Loss_kd 2.106, Loss_kernel 0.002, Train_accy 84.61
2025-06-29 07:59:08,444 [icarl.py] => Task 10, Epoch 51/200 => Loss 2.554, Loss_clf 0.466, Loss_kd 2.086, Loss_kernel 0.002, Train_accy 86.12, Test_accy {'Art': 17.01, 'Clipart': 30.13, 'Real World': 22.34, 'Product': 45.85}
2025-06-29 07:59:24,927 [icarl.py] => Task 10, Epoch 52/200 => Loss 2.574, Loss_clf 0.463, Loss_kd 2.109, Loss_kernel 0.002, Train_accy 85.77
2025-06-29 07:59:39,703 [icarl.py] => Task 10, Epoch 53/200 => Loss 2.586, Loss_clf 0.474, Loss_kd 2.110, Loss_kernel 0.002, Train_accy 85.79
2025-06-29 07:59:54,720 [icarl.py] => Task 10, Epoch 54/200 => Loss 2.551, Loss_clf 0.473, Loss_kd 2.075, Loss_kernel 0.002, Train_accy 86.00
2025-06-29 08:00:10,803 [icarl.py] => Task 10, Epoch 55/200 => Loss 2.570, Loss_clf 0.478, Loss_kd 2.089, Loss_kernel 0.002, Train_accy 85.73
2025-06-29 08:00:43,989 [icarl.py] => Task 10, Epoch 56/200 => Loss 2.515, Loss_clf 0.447, Loss_kd 2.066, Loss_kernel 0.002, Train_accy 86.15, Test_accy {'Art': 17.01, 'Clipart': 35.13, 'Real World': 23.77, 'Product': 50.06}
2025-06-29 08:01:00,509 [icarl.py] => Task 10, Epoch 57/200 => Loss 2.552, Loss_clf 0.461, Loss_kd 2.089, Loss_kernel 0.002, Train_accy 85.53
2025-06-29 08:01:16,763 [icarl.py] => Task 10, Epoch 58/200 => Loss 2.461, Loss_clf 0.416, Loss_kd 2.043, Loss_kernel 0.002, Train_accy 87.27
2025-06-29 08:01:33,855 [icarl.py] => Task 10, Epoch 59/200 => Loss 2.499, Loss_clf 0.443, Loss_kd 2.054, Loss_kernel 0.002, Train_accy 86.96
2025-06-29 08:01:49,291 [icarl.py] => Task 10, Epoch 60/200 => Loss 2.486, Loss_clf 0.426, Loss_kd 2.058, Loss_kernel 0.002, Train_accy 87.31
2025-06-29 08:02:22,598 [icarl.py] => Task 10, Epoch 61/200 => Loss 2.473, Loss_clf 0.408, Loss_kd 2.064, Loss_kernel 0.002, Train_accy 87.20, Test_accy {'Art': 17.91, 'Clipart': 29.47, 'Real World': 21.56, 'Product': 42.78}
2025-06-29 08:02:37,902 [icarl.py] => Task 10, Epoch 62/200 => Loss 2.524, Loss_clf 0.439, Loss_kd 2.083, Loss_kernel 0.002, Train_accy 87.00
2025-06-29 08:02:53,266 [icarl.py] => Task 10, Epoch 63/200 => Loss 2.518, Loss_clf 0.445, Loss_kd 2.071, Loss_kernel 0.002, Train_accy 86.17
2025-06-29 08:03:09,985 [icarl.py] => Task 10, Epoch 64/200 => Loss 2.573, Loss_clf 0.474, Loss_kd 2.096, Loss_kernel 0.002, Train_accy 85.55
2025-06-29 08:03:25,683 [icarl.py] => Task 10, Epoch 65/200 => Loss 2.574, Loss_clf 0.467, Loss_kd 2.105, Loss_kernel 0.002, Train_accy 85.82
2025-06-29 08:04:00,214 [icarl.py] => Task 10, Epoch 66/200 => Loss 2.532, Loss_clf 0.447, Loss_kd 2.083, Loss_kernel 0.002, Train_accy 87.04, Test_accy {'Art': 15.87, 'Clipart': 34.47, 'Real World': 24.55, 'Product': 49.55}
2025-06-29 08:04:16,970 [icarl.py] => Task 10, Epoch 67/200 => Loss 2.570, Loss_clf 0.474, Loss_kd 2.094, Loss_kernel 0.002, Train_accy 85.61
2025-06-29 08:04:31,763 [icarl.py] => Task 10, Epoch 68/200 => Loss 2.565, Loss_clf 0.478, Loss_kd 2.086, Loss_kernel 0.002, Train_accy 86.21
2025-06-29 08:04:47,363 [icarl.py] => Task 10, Epoch 69/200 => Loss 2.517, Loss_clf 0.452, Loss_kd 2.063, Loss_kernel 0.002, Train_accy 86.40
2025-06-29 08:05:03,017 [icarl.py] => Task 10, Epoch 70/200 => Loss 2.569, Loss_clf 0.462, Loss_kd 2.105, Loss_kernel 0.002, Train_accy 87.08
2025-06-29 08:05:36,726 [icarl.py] => Task 10, Epoch 71/200 => Loss 2.534, Loss_clf 0.435, Loss_kd 2.097, Loss_kernel 0.002, Train_accy 87.30, Test_accy {'Art': 14.74, 'Clipart': 30.13, 'Real World': 21.3, 'Product': 41.38}
2025-06-29 08:05:53,330 [icarl.py] => Task 10, Epoch 72/200 => Loss 2.416, Loss_clf 0.386, Loss_kd 2.028, Loss_kernel 0.002, Train_accy 88.93
2025-06-29 08:06:08,114 [icarl.py] => Task 10, Epoch 73/200 => Loss 2.373, Loss_clf 0.358, Loss_kd 2.013, Loss_kernel 0.002, Train_accy 89.44
2025-06-29 08:06:23,850 [icarl.py] => Task 10, Epoch 74/200 => Loss 2.409, Loss_clf 0.374, Loss_kd 2.034, Loss_kernel 0.002, Train_accy 89.84
2025-06-29 08:06:40,140 [icarl.py] => Task 10, Epoch 75/200 => Loss 2.444, Loss_clf 0.387, Loss_kd 2.056, Loss_kernel 0.002, Train_accy 88.42
2025-06-29 08:07:13,664 [icarl.py] => Task 10, Epoch 76/200 => Loss 2.452, Loss_clf 0.395, Loss_kd 2.055, Loss_kernel 0.002, Train_accy 88.03, Test_accy {'Art': 17.46, 'Clipart': 32.76, 'Real World': 25.71, 'Product': 57.34}
2025-06-29 08:07:29,547 [icarl.py] => Task 10, Epoch 77/200 => Loss 2.472, Loss_clf 0.397, Loss_kd 2.073, Loss_kernel 0.002, Train_accy 88.66
2025-06-29 08:07:44,679 [icarl.py] => Task 10, Epoch 78/200 => Loss 2.433, Loss_clf 0.379, Loss_kd 2.053, Loss_kernel 0.002, Train_accy 89.38
2025-06-29 08:08:00,386 [icarl.py] => Task 10, Epoch 79/200 => Loss 2.393, Loss_clf 0.360, Loss_kd 2.031, Loss_kernel 0.002, Train_accy 89.02
2025-06-29 08:08:16,156 [icarl.py] => Task 10, Epoch 80/200 => Loss 2.390, Loss_clf 0.341, Loss_kd 2.048, Loss_kernel 0.002, Train_accy 89.58
2025-06-29 08:08:51,409 [icarl.py] => Task 10, Epoch 81/200 => Loss 2.409, Loss_clf 0.381, Loss_kd 2.026, Loss_kernel 0.002, Train_accy 89.32, Test_accy {'Art': 16.1, 'Clipart': 34.61, 'Real World': 23.77, 'Product': 51.6}
2025-06-29 08:09:07,580 [icarl.py] => Task 10, Epoch 82/200 => Loss 2.435, Loss_clf 0.397, Loss_kd 2.035, Loss_kernel 0.002, Train_accy 89.28
2025-06-29 08:09:24,103 [icarl.py] => Task 10, Epoch 83/200 => Loss 2.363, Loss_clf 0.354, Loss_kd 2.008, Loss_kernel 0.002, Train_accy 89.24
2025-06-29 08:09:39,570 [icarl.py] => Task 10, Epoch 84/200 => Loss 2.429, Loss_clf 0.370, Loss_kd 2.058, Loss_kernel 0.002, Train_accy 88.62
2025-06-29 08:09:55,158 [icarl.py] => Task 10, Epoch 85/200 => Loss 2.362, Loss_clf 0.339, Loss_kd 2.021, Loss_kernel 0.002, Train_accy 89.86
2025-06-29 08:10:28,874 [icarl.py] => Task 10, Epoch 86/200 => Loss 2.367, Loss_clf 0.342, Loss_kd 2.023, Loss_kernel 0.002, Train_accy 90.26, Test_accy {'Art': 18.14, 'Clipart': 36.58, 'Real World': 24.68, 'Product': 53.0}
2025-06-29 08:10:45,935 [icarl.py] => Task 10, Epoch 87/200 => Loss 2.403, Loss_clf 0.378, Loss_kd 2.023, Loss_kernel 0.002, Train_accy 88.69
2025-06-29 08:11:02,818 [icarl.py] => Task 10, Epoch 88/200 => Loss 2.356, Loss_clf 0.326, Loss_kd 2.028, Loss_kernel 0.002, Train_accy 91.06
2025-06-29 08:11:16,616 [icarl.py] => Task 10, Epoch 89/200 => Loss 2.509, Loss_clf 0.438, Loss_kd 2.069, Loss_kernel 0.002, Train_accy 88.70
2025-06-29 08:11:31,693 [icarl.py] => Task 10, Epoch 90/200 => Loss 2.410, Loss_clf 0.372, Loss_kd 2.036, Loss_kernel 0.002, Train_accy 88.65
2025-06-29 08:12:05,772 [icarl.py] => Task 10, Epoch 91/200 => Loss 2.315, Loss_clf 0.322, Loss_kd 1.991, Loss_kernel 0.002, Train_accy 90.60, Test_accy {'Art': 18.37, 'Clipart': 35.66, 'Real World': 25.32, 'Product': 53.64}
2025-06-29 08:12:20,946 [icarl.py] => Task 10, Epoch 92/200 => Loss 2.280, Loss_clf 0.304, Loss_kd 1.974, Loss_kernel 0.002, Train_accy 91.34
2025-06-29 08:12:36,604 [icarl.py] => Task 10, Epoch 93/200 => Loss 2.323, Loss_clf 0.326, Loss_kd 1.996, Loss_kernel 0.002, Train_accy 90.81
2025-06-29 08:12:52,402 [icarl.py] => Task 10, Epoch 94/200 => Loss 2.293, Loss_clf 0.306, Loss_kd 1.985, Loss_kernel 0.002, Train_accy 91.72
2025-06-29 08:13:07,724 [icarl.py] => Task 10, Epoch 95/200 => Loss 2.282, Loss_clf 0.284, Loss_kd 1.997, Loss_kernel 0.001, Train_accy 91.32
2025-06-29 08:13:38,916 [icarl.py] => Task 10, Epoch 96/200 => Loss 2.228, Loss_clf 0.264, Loss_kd 1.963, Loss_kernel 0.001, Train_accy 91.96, Test_accy {'Art': 18.37, 'Clipart': 34.34, 'Real World': 22.73, 'Product': 53.51}
2025-06-29 08:13:55,442 [icarl.py] => Task 10, Epoch 97/200 => Loss 2.272, Loss_clf 0.286, Loss_kd 1.984, Loss_kernel 0.001, Train_accy 91.95
2025-06-29 08:14:11,923 [icarl.py] => Task 10, Epoch 98/200 => Loss 2.272, Loss_clf 0.298, Loss_kd 1.973, Loss_kernel 0.001, Train_accy 91.17
2025-06-29 08:14:28,023 [icarl.py] => Task 10, Epoch 99/200 => Loss 2.273, Loss_clf 0.281, Loss_kd 1.990, Loss_kernel 0.001, Train_accy 91.15
2025-06-29 08:14:42,649 [icarl.py] => Task 10, Epoch 100/200 => Loss 2.267, Loss_clf 0.277, Loss_kd 1.988, Loss_kernel 0.001, Train_accy 92.69
2025-06-29 08:15:14,986 [icarl.py] => Task 10, Epoch 101/200 => Loss 2.296, Loss_clf 0.302, Loss_kd 1.993, Loss_kernel 0.001, Train_accy 91.36, Test_accy {'Art': 18.14, 'Clipart': 35.26, 'Real World': 24.94, 'Product': 51.6}
2025-06-29 08:15:28,667 [icarl.py] => Task 10, Epoch 102/200 => Loss 2.287, Loss_clf 0.289, Loss_kd 1.996, Loss_kernel 0.001, Train_accy 91.75
2025-06-29 08:15:43,728 [icarl.py] => Task 10, Epoch 103/200 => Loss 2.271, Loss_clf 0.284, Loss_kd 1.985, Loss_kernel 0.001, Train_accy 91.18
2025-06-29 08:15:59,129 [icarl.py] => Task 10, Epoch 104/200 => Loss 2.245, Loss_clf 0.274, Loss_kd 1.970, Loss_kernel 0.001, Train_accy 91.16
2025-06-29 08:16:15,282 [icarl.py] => Task 10, Epoch 105/200 => Loss 2.259, Loss_clf 0.282, Loss_kd 1.976, Loss_kernel 0.001, Train_accy 91.43
2025-06-29 08:16:48,634 [icarl.py] => Task 10, Epoch 106/200 => Loss 2.208, Loss_clf 0.244, Loss_kd 1.963, Loss_kernel 0.001, Train_accy 92.74, Test_accy {'Art': 18.14, 'Clipart': 30.66, 'Real World': 22.99, 'Product': 45.21}
2025-06-29 08:17:04,056 [icarl.py] => Task 10, Epoch 107/200 => Loss 2.202, Loss_clf 0.228, Loss_kd 1.973, Loss_kernel 0.001, Train_accy 92.97
2025-06-29 08:17:19,372 [icarl.py] => Task 10, Epoch 108/200 => Loss 2.215, Loss_clf 0.248, Loss_kd 1.965, Loss_kernel 0.001, Train_accy 93.00
2025-06-29 08:17:34,349 [icarl.py] => Task 10, Epoch 109/200 => Loss 2.189, Loss_clf 0.247, Loss_kd 1.940, Loss_kernel 0.001, Train_accy 92.52
2025-06-29 08:17:50,258 [icarl.py] => Task 10, Epoch 110/200 => Loss 2.205, Loss_clf 0.250, Loss_kd 1.953, Loss_kernel 0.001, Train_accy 93.32
2025-06-29 08:18:22,829 [icarl.py] => Task 10, Epoch 111/200 => Loss 2.186, Loss_clf 0.221, Loss_kd 1.964, Loss_kernel 0.001, Train_accy 93.17, Test_accy {'Art': 18.37, 'Clipart': 35.92, 'Real World': 23.77, 'Product': 53.51}
2025-06-29 08:18:39,123 [icarl.py] => Task 10, Epoch 112/200 => Loss 2.138, Loss_clf 0.208, Loss_kd 1.928, Loss_kernel 0.001, Train_accy 94.24
2025-06-29 08:18:54,571 [icarl.py] => Task 10, Epoch 113/200 => Loss 2.171, Loss_clf 0.227, Loss_kd 1.943, Loss_kernel 0.001, Train_accy 93.60
2025-06-29 08:19:09,156 [icarl.py] => Task 10, Epoch 114/200 => Loss 2.142, Loss_clf 0.198, Loss_kd 1.942, Loss_kernel 0.001, Train_accy 94.96
2025-06-29 08:19:23,766 [icarl.py] => Task 10, Epoch 115/200 => Loss 2.145, Loss_clf 0.199, Loss_kd 1.945, Loss_kernel 0.001, Train_accy 93.99
2025-06-29 08:19:55,801 [icarl.py] => Task 10, Epoch 116/200 => Loss 2.149, Loss_clf 0.209, Loss_kd 1.940, Loss_kernel 0.001, Train_accy 94.13, Test_accy {'Art': 18.82, 'Clipart': 33.82, 'Real World': 21.43, 'Product': 46.87}
2025-06-29 08:20:11,487 [icarl.py] => Task 10, Epoch 117/200 => Loss 2.136, Loss_clf 0.217, Loss_kd 1.918, Loss_kernel 0.001, Train_accy 94.03
2025-06-29 08:20:25,412 [icarl.py] => Task 10, Epoch 118/200 => Loss 2.126, Loss_clf 0.188, Loss_kd 1.937, Loss_kernel 0.001, Train_accy 94.36
2025-06-29 08:20:40,000 [icarl.py] => Task 10, Epoch 119/200 => Loss 2.102, Loss_clf 0.181, Loss_kd 1.920, Loss_kernel 0.001, Train_accy 95.00
2025-06-29 08:20:54,959 [icarl.py] => Task 10, Epoch 120/200 => Loss 2.135, Loss_clf 0.206, Loss_kd 1.928, Loss_kernel 0.001, Train_accy 93.86
2025-06-29 08:21:28,192 [icarl.py] => Task 10, Epoch 121/200 => Loss 2.108, Loss_clf 0.198, Loss_kd 1.909, Loss_kernel 0.001, Train_accy 93.97, Test_accy {'Art': 19.95, 'Clipart': 37.89, 'Real World': 23.25, 'Product': 53.9}
2025-06-29 08:21:43,364 [icarl.py] => Task 10, Epoch 122/200 => Loss 2.077, Loss_clf 0.168, Loss_kd 1.908, Loss_kernel 0.001, Train_accy 94.77
2025-06-29 08:21:57,811 [icarl.py] => Task 10, Epoch 123/200 => Loss 2.094, Loss_clf 0.195, Loss_kd 1.897, Loss_kernel 0.001, Train_accy 94.65
2025-06-29 08:22:13,542 [icarl.py] => Task 10, Epoch 124/200 => Loss 2.114, Loss_clf 0.199, Loss_kd 1.914, Loss_kernel 0.001, Train_accy 94.30
2025-06-29 08:22:28,178 [icarl.py] => Task 10, Epoch 125/200 => Loss 2.083, Loss_clf 0.165, Loss_kd 1.917, Loss_kernel 0.001, Train_accy 95.48
2025-06-29 08:23:01,452 [icarl.py] => Task 10, Epoch 126/200 => Loss 2.130, Loss_clf 0.188, Loss_kd 1.941, Loss_kernel 0.001, Train_accy 94.81, Test_accy {'Art': 22.68, 'Clipart': 35.66, 'Real World': 23.25, 'Product': 52.87}
2025-06-29 08:23:14,781 [icarl.py] => Task 10, Epoch 127/200 => Loss 2.090, Loss_clf 0.174, Loss_kd 1.915, Loss_kernel 0.001, Train_accy 95.14
2025-06-29 08:23:29,228 [icarl.py] => Task 10, Epoch 128/200 => Loss 2.079, Loss_clf 0.184, Loss_kd 1.894, Loss_kernel 0.001, Train_accy 95.04
2025-06-29 08:23:43,331 [icarl.py] => Task 10, Epoch 129/200 => Loss 2.084, Loss_clf 0.170, Loss_kd 1.912, Loss_kernel 0.001, Train_accy 95.27
2025-06-29 08:23:57,659 [icarl.py] => Task 10, Epoch 130/200 => Loss 2.022, Loss_clf 0.141, Loss_kd 1.880, Loss_kernel 0.001, Train_accy 96.20
2025-06-29 08:24:29,672 [icarl.py] => Task 10, Epoch 131/200 => Loss 2.093, Loss_clf 0.169, Loss_kd 1.923, Loss_kernel 0.001, Train_accy 95.28, Test_accy {'Art': 16.33, 'Clipart': 29.61, 'Real World': 21.3, 'Product': 47.77}
2025-06-29 08:24:44,542 [icarl.py] => Task 10, Epoch 132/200 => Loss 2.067, Loss_clf 0.155, Loss_kd 1.911, Loss_kernel 0.001, Train_accy 95.39
2025-06-29 08:24:58,644 [icarl.py] => Task 10, Epoch 133/200 => Loss 2.098, Loss_clf 0.163, Loss_kd 1.933, Loss_kernel 0.001, Train_accy 95.34
2025-06-29 08:25:14,517 [icarl.py] => Task 10, Epoch 134/200 => Loss 2.051, Loss_clf 0.148, Loss_kd 1.903, Loss_kernel 0.001, Train_accy 95.60
2025-06-29 08:25:28,885 [icarl.py] => Task 10, Epoch 135/200 => Loss 2.045, Loss_clf 0.165, Loss_kd 1.879, Loss_kernel 0.001, Train_accy 95.08
2025-06-29 08:25:59,406 [icarl.py] => Task 10, Epoch 136/200 => Loss 2.046, Loss_clf 0.143, Loss_kd 1.902, Loss_kernel 0.001, Train_accy 96.19, Test_accy {'Art': 19.95, 'Clipart': 34.87, 'Real World': 26.23, 'Product': 55.17}
2025-06-29 08:26:12,032 [icarl.py] => Task 10, Epoch 137/200 => Loss 2.014, Loss_clf 0.141, Loss_kd 1.871, Loss_kernel 0.001, Train_accy 96.23
2025-06-29 08:26:24,835 [icarl.py] => Task 10, Epoch 138/200 => Loss 2.099, Loss_clf 0.153, Loss_kd 1.945, Loss_kernel 0.001, Train_accy 95.66
2025-06-29 08:26:40,806 [icarl.py] => Task 10, Epoch 139/200 => Loss 2.043, Loss_clf 0.155, Loss_kd 1.887, Loss_kernel 0.001, Train_accy 95.92
2025-06-29 08:26:54,327 [icarl.py] => Task 10, Epoch 140/200 => Loss 1.989, Loss_clf 0.132, Loss_kd 1.856, Loss_kernel 0.001, Train_accy 96.28
2025-06-29 08:27:26,034 [icarl.py] => Task 10, Epoch 141/200 => Loss 2.011, Loss_clf 0.138, Loss_kd 1.872, Loss_kernel 0.001, Train_accy 96.14, Test_accy {'Art': 19.27, 'Clipart': 33.16, 'Real World': 24.16, 'Product': 55.56}
2025-06-29 08:27:41,177 [icarl.py] => Task 10, Epoch 142/200 => Loss 2.027, Loss_clf 0.136, Loss_kd 1.890, Loss_kernel 0.001, Train_accy 96.06
2025-06-29 08:27:54,498 [icarl.py] => Task 10, Epoch 143/200 => Loss 1.995, Loss_clf 0.128, Loss_kd 1.867, Loss_kernel 0.001, Train_accy 96.59
2025-06-29 08:28:08,226 [icarl.py] => Task 10, Epoch 144/200 => Loss 2.004, Loss_clf 0.136, Loss_kd 1.867, Loss_kernel 0.001, Train_accy 96.51
2025-06-29 08:28:21,463 [icarl.py] => Task 10, Epoch 145/200 => Loss 2.028, Loss_clf 0.143, Loss_kd 1.884, Loss_kernel 0.001, Train_accy 95.86
2025-06-29 08:28:53,257 [icarl.py] => Task 10, Epoch 146/200 => Loss 2.001, Loss_clf 0.140, Loss_kd 1.861, Loss_kernel 0.001, Train_accy 95.96, Test_accy {'Art': 18.82, 'Clipart': 34.87, 'Real World': 24.81, 'Product': 53.77}
2025-06-29 08:29:05,848 [icarl.py] => Task 10, Epoch 147/200 => Loss 1.993, Loss_clf 0.124, Loss_kd 1.869, Loss_kernel 0.001, Train_accy 96.72
2025-06-29 08:29:19,834 [icarl.py] => Task 10, Epoch 148/200 => Loss 1.998, Loss_clf 0.135, Loss_kd 1.863, Loss_kernel 0.001, Train_accy 95.86
2025-06-29 08:29:32,850 [icarl.py] => Task 10, Epoch 149/200 => Loss 1.958, Loss_clf 0.121, Loss_kd 1.837, Loss_kernel 0.001, Train_accy 96.58
2025-06-29 08:29:48,253 [icarl.py] => Task 10, Epoch 150/200 => Loss 1.984, Loss_clf 0.116, Loss_kd 1.867, Loss_kernel 0.001, Train_accy 96.80
2025-06-29 08:30:20,381 [icarl.py] => Task 10, Epoch 151/200 => Loss 1.975, Loss_clf 0.135, Loss_kd 1.839, Loss_kernel 0.001, Train_accy 96.29, Test_accy {'Art': 17.69, 'Clipart': 35.66, 'Real World': 24.03, 'Product': 56.7}
2025-06-29 08:30:34,752 [icarl.py] => Task 10, Epoch 152/200 => Loss 2.013, Loss_clf 0.126, Loss_kd 1.886, Loss_kernel 0.001, Train_accy 96.89
2025-06-29 08:30:46,846 [icarl.py] => Task 10, Epoch 153/200 => Loss 1.950, Loss_clf 0.096, Loss_kd 1.853, Loss_kernel 0.001, Train_accy 97.36
2025-06-29 08:31:00,281 [icarl.py] => Task 10, Epoch 154/200 => Loss 1.996, Loss_clf 0.112, Loss_kd 1.883, Loss_kernel 0.001, Train_accy 97.14
2025-06-29 08:31:11,512 [icarl.py] => Task 10, Epoch 155/200 => Loss 2.035, Loss_clf 0.135, Loss_kd 1.899, Loss_kernel 0.001, Train_accy 96.70
2025-06-29 08:31:41,254 [icarl.py] => Task 10, Epoch 156/200 => Loss 1.982, Loss_clf 0.113, Loss_kd 1.868, Loss_kernel 0.001, Train_accy 97.13, Test_accy {'Art': 18.82, 'Clipart': 35.26, 'Real World': 24.81, 'Product': 55.04}
2025-06-29 08:31:55,109 [icarl.py] => Task 10, Epoch 157/200 => Loss 1.966, Loss_clf 0.109, Loss_kd 1.856, Loss_kernel 0.001, Train_accy 96.96
2025-06-29 08:32:08,456 [icarl.py] => Task 10, Epoch 158/200 => Loss 1.957, Loss_clf 0.109, Loss_kd 1.847, Loss_kernel 0.001, Train_accy 97.10
2025-06-29 08:32:20,774 [icarl.py] => Task 10, Epoch 159/200 => Loss 1.960, Loss_clf 0.115, Loss_kd 1.845, Loss_kernel 0.001, Train_accy 97.08
2025-06-29 08:32:34,522 [icarl.py] => Task 10, Epoch 160/200 => Loss 2.006, Loss_clf 0.127, Loss_kd 1.879, Loss_kernel 0.001, Train_accy 96.45
2025-06-29 08:33:06,144 [icarl.py] => Task 10, Epoch 161/200 => Loss 1.987, Loss_clf 0.120, Loss_kd 1.866, Loss_kernel 0.001, Train_accy 97.19, Test_accy {'Art': 19.05, 'Clipart': 35.66, 'Real World': 24.68, 'Product': 57.34}
2025-06-29 08:33:18,517 [icarl.py] => Task 10, Epoch 162/200 => Loss 2.002, Loss_clf 0.111, Loss_kd 1.890, Loss_kernel 0.001, Train_accy 97.04
2025-06-29 08:33:35,932 [icarl.py] => Task 10, Epoch 163/200 => Loss 1.966, Loss_clf 0.102, Loss_kd 1.863, Loss_kernel 0.001, Train_accy 97.43
2025-06-29 08:33:50,739 [icarl.py] => Task 10, Epoch 164/200 => Loss 1.991, Loss_clf 0.122, Loss_kd 1.868, Loss_kernel 0.001, Train_accy 96.64
2025-06-29 08:34:02,383 [icarl.py] => Task 10, Epoch 165/200 => Loss 1.915, Loss_clf 0.093, Loss_kd 1.821, Loss_kernel 0.001, Train_accy 97.54
2025-06-29 08:34:32,891 [icarl.py] => Task 10, Epoch 166/200 => Loss 1.996, Loss_clf 0.100, Loss_kd 1.895, Loss_kernel 0.001, Train_accy 97.51, Test_accy {'Art': 19.27, 'Clipart': 35.0, 'Real World': 24.55, 'Product': 56.83}
2025-06-29 08:34:45,522 [icarl.py] => Task 10, Epoch 167/200 => Loss 1.975, Loss_clf 0.108, Loss_kd 1.866, Loss_kernel 0.001, Train_accy 97.41
2025-06-29 08:34:58,933 [icarl.py] => Task 10, Epoch 168/200 => Loss 1.968, Loss_clf 0.111, Loss_kd 1.856, Loss_kernel 0.001, Train_accy 97.09
2025-06-29 08:35:12,267 [icarl.py] => Task 10, Epoch 169/200 => Loss 1.939, Loss_clf 0.088, Loss_kd 1.851, Loss_kernel 0.001, Train_accy 97.97
2025-06-29 08:35:24,280 [icarl.py] => Task 10, Epoch 170/200 => Loss 1.923, Loss_clf 0.079, Loss_kd 1.843, Loss_kernel 0.001, Train_accy 98.01
2025-06-29 08:35:55,230 [icarl.py] => Task 10, Epoch 171/200 => Loss 1.964, Loss_clf 0.106, Loss_kd 1.857, Loss_kernel 0.001, Train_accy 97.23, Test_accy {'Art': 19.05, 'Clipart': 35.53, 'Real World': 25.19, 'Product': 57.6}
2025-06-29 08:36:08,226 [icarl.py] => Task 10, Epoch 172/200 => Loss 1.946, Loss_clf 0.099, Loss_kd 1.846, Loss_kernel 0.001, Train_accy 97.60
2025-06-29 08:36:21,319 [icarl.py] => Task 10, Epoch 173/200 => Loss 1.975, Loss_clf 0.100, Loss_kd 1.874, Loss_kernel 0.001, Train_accy 97.41
2025-06-29 08:36:34,299 [icarl.py] => Task 10, Epoch 174/200 => Loss 1.970, Loss_clf 0.107, Loss_kd 1.862, Loss_kernel 0.001, Train_accy 97.23
2025-06-29 08:36:47,265 [icarl.py] => Task 10, Epoch 175/200 => Loss 1.935, Loss_clf 0.087, Loss_kd 1.847, Loss_kernel 0.001, Train_accy 97.79
2025-06-29 08:37:15,856 [icarl.py] => Task 10, Epoch 176/200 => Loss 1.950, Loss_clf 0.107, Loss_kd 1.842, Loss_kernel 0.001, Train_accy 97.49, Test_accy {'Art': 18.37, 'Clipart': 34.47, 'Real World': 24.81, 'Product': 56.83}
2025-06-29 08:37:27,636 [icarl.py] => Task 10, Epoch 177/200 => Loss 1.943, Loss_clf 0.093, Loss_kd 1.850, Loss_kernel 0.001, Train_accy 97.77
2025-06-29 08:37:40,179 [icarl.py] => Task 10, Epoch 178/200 => Loss 1.944, Loss_clf 0.091, Loss_kd 1.853, Loss_kernel 0.001, Train_accy 97.87
2025-06-29 08:37:53,973 [icarl.py] => Task 10, Epoch 179/200 => Loss 1.956, Loss_clf 0.103, Loss_kd 1.853, Loss_kernel 0.001, Train_accy 97.41
2025-06-29 08:38:06,733 [icarl.py] => Task 10, Epoch 180/200 => Loss 1.927, Loss_clf 0.102, Loss_kd 1.824, Loss_kernel 0.001, Train_accy 97.09
2025-06-29 08:38:35,456 [icarl.py] => Task 10, Epoch 181/200 => Loss 1.933, Loss_clf 0.084, Loss_kd 1.848, Loss_kernel 0.001, Train_accy 98.10, Test_accy {'Art': 18.59, 'Clipart': 34.08, 'Real World': 24.68, 'Product': 56.19}
2025-06-29 08:38:49,419 [icarl.py] => Task 10, Epoch 182/200 => Loss 1.930, Loss_clf 0.090, Loss_kd 1.839, Loss_kernel 0.001, Train_accy 97.84
2025-06-29 08:39:01,542 [icarl.py] => Task 10, Epoch 183/200 => Loss 1.929, Loss_clf 0.088, Loss_kd 1.840, Loss_kernel 0.001, Train_accy 98.15
2025-06-29 08:39:13,637 [icarl.py] => Task 10, Epoch 184/200 => Loss 1.905, Loss_clf 0.081, Loss_kd 1.823, Loss_kernel 0.001, Train_accy 98.05
2025-06-29 08:39:27,758 [icarl.py] => Task 10, Epoch 185/200 => Loss 1.976, Loss_clf 0.104, Loss_kd 1.871, Loss_kernel 0.001, Train_accy 97.61
2025-06-29 08:39:57,313 [icarl.py] => Task 10, Epoch 186/200 => Loss 1.926, Loss_clf 0.104, Loss_kd 1.821, Loss_kernel 0.001, Train_accy 97.69, Test_accy {'Art': 19.05, 'Clipart': 34.21, 'Real World': 24.55, 'Product': 56.58}
2025-06-29 08:40:09,332 [icarl.py] => Task 10, Epoch 187/200 => Loss 1.937, Loss_clf 0.091, Loss_kd 1.845, Loss_kernel 0.001, Train_accy 97.87
2025-06-29 08:40:21,563 [icarl.py] => Task 10, Epoch 188/200 => Loss 1.939, Loss_clf 0.100, Loss_kd 1.838, Loss_kernel 0.001, Train_accy 97.41
2025-06-29 08:40:32,827 [icarl.py] => Task 10, Epoch 189/200 => Loss 1.941, Loss_clf 0.091, Loss_kd 1.850, Loss_kernel 0.001, Train_accy 98.14
2025-06-29 08:40:44,359 [icarl.py] => Task 10, Epoch 190/200 => Loss 1.921, Loss_clf 0.088, Loss_kd 1.832, Loss_kernel 0.001, Train_accy 97.96
2025-06-29 08:41:11,915 [icarl.py] => Task 10, Epoch 191/200 => Loss 1.951, Loss_clf 0.097, Loss_kd 1.853, Loss_kernel 0.001, Train_accy 97.62, Test_accy {'Art': 19.5, 'Clipart': 34.87, 'Real World': 24.16, 'Product': 56.58}
2025-06-29 08:41:25,255 [icarl.py] => Task 10, Epoch 192/200 => Loss 1.907, Loss_clf 0.083, Loss_kd 1.823, Loss_kernel 0.001, Train_accy 97.88
2025-06-29 08:41:36,035 [icarl.py] => Task 10, Epoch 193/200 => Loss 1.907, Loss_clf 0.069, Loss_kd 1.837, Loss_kernel 0.001, Train_accy 98.61
2025-06-29 08:41:48,375 [icarl.py] => Task 10, Epoch 194/200 => Loss 1.902, Loss_clf 0.087, Loss_kd 1.815, Loss_kernel 0.001, Train_accy 98.01
2025-06-29 08:41:59,181 [icarl.py] => Task 10, Epoch 195/200 => Loss 1.939, Loss_clf 0.090, Loss_kd 1.848, Loss_kernel 0.001, Train_accy 98.05
2025-06-29 08:42:28,510 [icarl.py] => Task 10, Epoch 196/200 => Loss 1.920, Loss_clf 0.076, Loss_kd 1.844, Loss_kernel 0.001, Train_accy 98.33, Test_accy {'Art': 20.63, 'Clipart': 35.92, 'Real World': 24.81, 'Product': 57.47}
2025-06-29 08:42:39,679 [icarl.py] => Task 10, Epoch 197/200 => Loss 1.949, Loss_clf 0.086, Loss_kd 1.862, Loss_kernel 0.001, Train_accy 98.05
2025-06-29 08:42:52,331 [icarl.py] => Task 10, Epoch 198/200 => Loss 1.925, Loss_clf 0.080, Loss_kd 1.844, Loss_kernel 0.001, Train_accy 98.29
2025-06-29 08:43:04,745 [icarl.py] => Task 10, Epoch 199/200 => Loss 1.978, Loss_clf 0.103, Loss_kd 1.875, Loss_kernel 0.001, Train_accy 97.59
2025-06-29 08:43:16,718 [icarl.py] => Task 10, Epoch 200/200 => Loss 1.943, Loss_clf 0.096, Loss_kd 1.846, Loss_kernel 0.001, Train_accy 97.91
2025-06-29 08:43:16,720 [base.py] => Reducing exemplars...(23 per classes)
2025-06-29 08:43:41,063 [base.py] => Constructing exemplars...(23 per classes)
2025-06-29 08:44:24,314 [icarl.py] => Exemplar size: 1265
2025-06-29 08:44:25,401 [trainer.py] => CNN [Art]: {'total': 19.5, '00-04': 39.47, '05-09': 35.29, '10-14': 18.92, '15-19': 18.52, '20-24': 15.79, '25-29': 0.0, '30-34': 12.73, '35-39': 12.2, '40-44': 10.53, '45-49': 14.0, '50-54': 36.73, 'old': 17.35, 'new': 36.73}
2025-06-29 08:44:25,402 [trainer.py] => NME [Art]: {'total': 20.86, '00-04': 31.58, '05-09': 29.41, '10-14': 18.92, '15-19': 22.22, '20-24': 13.16, '25-29': 2.94, '30-34': 18.18, '35-39': 14.63, '40-44': 18.42, '45-49': 22.0, '50-54': 34.69, 'old': 19.13, 'new': 34.69}
2025-06-29 08:44:25,402 [trainer.py] => CNN [Art] top1 curve: [60.53, 51.39, 49.54, 41.18, 39.08, 32.21, 31.94, 27.3, 22.81, 24.23, 19.5]
2025-06-29 08:44:25,403 [trainer.py] => CNN [Art] top5 curve: [92.11, 87.5, 70.64, 66.91, 59.77, 56.73, 52.85, 48.36, 43.27, 45.15, 40.36]
2025-06-29 08:44:25,403 [trainer.py] => NME [Art] top1 curve: [65.79, 56.94, 49.54, 46.32, 36.78, 37.98, 34.22, 28.62, 25.44, 23.21, 20.86]
2025-06-29 08:44:25,403 [trainer.py] => NME [Art] top5 curve: [100.0, 88.89, 79.82, 75.0, 66.67, 63.46, 58.17, 51.32, 45.61, 43.88, 42.86]
2025-06-29 08:44:25,403 [trainer.py] => Average Accuracy [Art] (CNN): 36.337272727272726
2025-06-29 08:44:25,403 [trainer.py] => Average Accuracy [Art] (NME): 38.699999999999996
2025-06-29 08:44:25,403 [trainer.py] => CNN [Clipart]: {'total': 37.63, '00-04': 44.87, '05-09': 35.48, '10-14': 28.79, '15-19': 30.19, '20-24': 31.46, '25-29': 19.35, '30-34': 32.81, '35-39': 22.95, '40-44': 39.39, '45-49': 43.75, '50-54': 68.42, 'old': 33.23, 'new': 68.42}
2025-06-29 08:44:25,403 [trainer.py] => NME [Clipart]: {'total': 38.95, '00-04': 43.59, '05-09': 40.32, '10-14': 28.79, '15-19': 28.3, '20-24': 31.46, '25-29': 20.97, '30-34': 32.81, '35-39': 34.43, '40-44': 45.45, '45-49': 39.06, '50-54': 68.42, 'old': 34.74, 'new': 68.42}
2025-06-29 08:44:25,403 [trainer.py] => CNN [Clipart] top1 curve: [70.51, 69.29, 65.05, 63.71, 57.18, 52.68, 49.16, 43.74, 42.6, 39.1, 37.63]
2025-06-29 08:44:25,404 [trainer.py] => CNN [Clipart] top5 curve: [97.44, 91.43, 90.29, 83.4, 80.46, 78.05, 71.1, 70.28, 66.39, 64.06, 62.11]
2025-06-29 08:44:25,404 [trainer.py] => NME [Clipart] top1 curve: [74.36, 70.71, 70.39, 66.41, 59.2, 53.41, 49.58, 45.61, 43.76, 41.05, 38.95]
2025-06-29 08:44:25,404 [trainer.py] => NME [Clipart] top5 curve: [100.0, 92.86, 89.32, 86.1, 81.32, 79.51, 72.36, 72.9, 68.89, 66.62, 63.29]
2025-06-29 08:44:25,404 [trainer.py] => Average Accuracy [Clipart] (CNN): 53.695454545454545
2025-06-29 08:44:25,404 [trainer.py] => Average Accuracy [Clipart] (NME): 55.76636363636363
2025-06-29 08:44:25,404 [trainer.py] => CNN [Product]: {'total': 58.24, '00-04': 71.76, '05-09': 57.5, '10-14': 58.06, '15-19': 61.04, '20-24': 47.54, '25-29': 53.16, '30-34': 38.81, '35-39': 46.97, '40-44': 62.86, '45-49': 56.34, '50-54': 83.08, 'old': 55.99, 'new': 83.08}
2025-06-29 08:44:25,404 [trainer.py] => NME [Product]: {'total': 60.54, '00-04': 69.41, '05-09': 62.5, '10-14': 67.74, '15-19': 63.64, '20-24': 52.46, '25-29': 64.56, '30-34': 41.79, '35-39': 57.58, '40-44': 62.86, '45-49': 54.93, '50-54': 64.62, 'old': 60.17, 'new': 64.62}
2025-06-29 08:44:25,404 [trainer.py] => CNN [Product] top1 curve: [92.94, 85.45, 84.14, 76.32, 77.26, 71.62, 72.02, 67.24, 63.68, 60.58, 58.24]
2025-06-29 08:44:25,405 [trainer.py] => CNN [Product] top5 curve: [100.0, 98.79, 96.48, 96.38, 90.14, 91.67, 89.82, 88.56, 84.7, 81.48, 79.18]
2025-06-29 08:44:25,405 [trainer.py] => NME [Product] top1 curve: [94.12, 88.48, 89.43, 80.92, 77.53, 75.45, 70.84, 68.28, 65.53, 63.65, 60.54]
2025-06-29 08:44:25,405 [trainer.py] => NME [Product] top5 curve: [100.0, 99.39, 99.12, 97.7, 93.7, 93.92, 92.56, 90.81, 87.17, 83.01, 83.14]
2025-06-29 08:44:25,405 [trainer.py] => Average Accuracy [Product] (CNN): 73.59
2025-06-29 08:44:25,405 [trainer.py] => Average Accuracy [Product] (NME): 75.88818181818182
2025-06-29 08:44:25,405 [trainer.py] => CNN [Real World]: {'total': 25.19, '00-04': 34.25, '05-09': 41.18, '10-14': 23.61, '15-19': 16.42, '20-24': 6.15, '25-29': 25.97, '30-34': 16.0, '35-39': 15.25, '40-44': 31.25, '45-49': 19.44, '50-54': 43.59, 'old': 23.12, 'new': 43.59}
2025-06-29 08:44:25,405 [trainer.py] => NME [Real World]: {'total': 28.05, '00-04': 30.14, '05-09': 41.18, '10-14': 26.39, '15-19': 25.37, '20-24': 4.62, '25-29': 27.27, '30-34': 22.67, '35-39': 20.34, '40-44': 37.5, '45-49': 25.0, '50-54': 44.87, 'old': 26.16, 'new': 44.87}
2025-06-29 08:44:25,405 [trainer.py] => CNN [Real World] top1 curve: [69.86, 58.16, 48.83, 42.5, 34.2, 33.18, 33.0, 31.47, 28.06, 27.31, 25.19]
2025-06-29 08:44:25,406 [trainer.py] => CNN [Real World] top5 curve: [95.89, 89.36, 77.0, 69.29, 60.0, 58.53, 55.94, 54.86, 52.58, 52.75, 47.66]
2025-06-29 08:44:25,406 [trainer.py] => NME [Real World] top1 curve: [73.97, 63.12, 48.83, 44.64, 35.94, 35.31, 35.01, 33.27, 30.97, 30.2, 28.05]
2025-06-29 08:44:25,406 [trainer.py] => NME [Real World] top5 curve: [100.0, 94.33, 85.92, 76.79, 69.28, 66.35, 61.77, 58.09, 55.65, 54.19, 51.3]
2025-06-29 08:44:25,406 [trainer.py] => Average Accuracy [Real World] (CNN): 39.25090909090909
2025-06-29 08:44:25,406 [trainer.py] => Average Accuracy [Real World] (NME): 41.75545454545455
2025-06-29 08:44:25,406 [trainer.py] => NME Harmonic Mean : 33.0153
2025-06-29 08:44:25,406 [trainer.py] => NME Macro Mean : 37.1000
2025-06-29 08:44:25,406 [trainer.py] => CNN Harmonic Mean : 30.4407
2025-06-29 08:44:25,406 [trainer.py] => CNN Macro Mean : 35.1400
2025-06-29 08:44:25,407 [trainer.py] => All params: 21318017
2025-06-29 08:44:25,408 [trainer.py] => Trainable params: 21318017
2025-06-29 08:44:25,410 [icarl.py] => Learning on 55-60
2025-06-29 08:44:59,858 [icarl.py] => Task 11, Epoch 1/200 => Loss 5.273, Loss_clf 2.575, Loss_kd 2.695, Loss_kernel 0.003, Train_accy 38.84, Test_accy {'Art': 2.07, 'Clipart': 2.43, 'Real World': 3.66, 'Product': 2.97}
2025-06-29 08:45:14,337 [icarl.py] => Task 11, Epoch 2/200 => Loss 7.091, Loss_clf 3.487, Loss_kd 3.597, Loss_kernel 0.007, Train_accy 17.56
2025-06-29 08:45:28,937 [icarl.py] => Task 11, Epoch 3/200 => Loss 6.220, Loss_clf 2.918, Loss_kd 3.298, Loss_kernel 0.005, Train_accy 26.46
2025-06-29 08:45:43,682 [icarl.py] => Task 11, Epoch 4/200 => Loss 5.538, Loss_clf 2.489, Loss_kd 3.045, Loss_kernel 0.004, Train_accy 33.65
2025-06-29 08:45:59,130 [icarl.py] => Task 11, Epoch 5/200 => Loss 5.111, Loss_clf 2.225, Loss_kd 2.882, Loss_kernel 0.004, Train_accy 39.39
2025-06-29 08:46:32,345 [icarl.py] => Task 11, Epoch 6/200 => Loss 4.845, Loss_clf 2.049, Loss_kd 2.792, Loss_kernel 0.004, Train_accy 42.36, Test_accy {'Art': 11.62, 'Clipart': 21.97, 'Real World': 16.51, 'Product': 28.66}
2025-06-29 08:46:46,604 [icarl.py] => Task 11, Epoch 7/200 => Loss 4.496, Loss_clf 1.844, Loss_kd 2.649, Loss_kernel 0.004, Train_accy 47.81
2025-06-29 08:47:02,118 [icarl.py] => Task 11, Epoch 8/200 => Loss 4.487, Loss_clf 1.844, Loss_kd 2.639, Loss_kernel 0.004, Train_accy 49.30
2025-06-29 08:47:17,333 [icarl.py] => Task 11, Epoch 9/200 => Loss 4.201, Loss_clf 1.645, Loss_kd 2.552, Loss_kernel 0.004, Train_accy 52.90
2025-06-29 08:47:30,115 [icarl.py] => Task 11, Epoch 10/200 => Loss 3.989, Loss_clf 1.504, Loss_kd 2.481, Loss_kernel 0.004, Train_accy 57.92
2025-06-29 08:48:04,357 [icarl.py] => Task 11, Epoch 11/200 => Loss 4.011, Loss_clf 1.531, Loss_kd 2.477, Loss_kernel 0.004, Train_accy 55.53, Test_accy {'Art': 13.07, 'Clipart': 27.31, 'Real World': 21.58, 'Product': 42.33}
2025-06-29 08:48:19,612 [icarl.py] => Task 11, Epoch 12/200 => Loss 3.754, Loss_clf 1.347, Loss_kd 2.404, Loss_kernel 0.004, Train_accy 60.36
2025-06-29 08:48:33,461 [icarl.py] => Task 11, Epoch 13/200 => Loss 3.750, Loss_clf 1.359, Loss_kd 2.387, Loss_kernel 0.004, Train_accy 61.60
2025-06-29 08:48:48,273 [icarl.py] => Task 11, Epoch 14/200 => Loss 3.663, Loss_clf 1.285, Loss_kd 2.375, Loss_kernel 0.004, Train_accy 63.75
2025-06-29 08:49:02,828 [icarl.py] => Task 11, Epoch 15/200 => Loss 3.373, Loss_clf 1.120, Loss_kd 2.250, Loss_kernel 0.003, Train_accy 67.56
2025-06-29 08:49:36,682 [icarl.py] => Task 11, Epoch 16/200 => Loss 3.401, Loss_clf 1.132, Loss_kd 2.264, Loss_kernel 0.004, Train_accy 66.87, Test_accy {'Art': 13.49, 'Clipart': 21.6, 'Real World': 17.57, 'Product': 28.54}
2025-06-29 08:49:52,575 [icarl.py] => Task 11, Epoch 17/200 => Loss 3.355, Loss_clf 1.068, Loss_kd 2.283, Loss_kernel 0.004, Train_accy 68.97
2025-06-29 08:50:07,887 [icarl.py] => Task 11, Epoch 18/200 => Loss 3.297, Loss_clf 1.042, Loss_kd 2.252, Loss_kernel 0.004, Train_accy 69.97
2025-06-29 08:50:22,371 [icarl.py] => Task 11, Epoch 19/200 => Loss 3.251, Loss_clf 1.007, Loss_kd 2.240, Loss_kernel 0.004, Train_accy 71.16
2025-06-29 08:50:37,208 [icarl.py] => Task 11, Epoch 20/200 => Loss 3.079, Loss_clf 0.894, Loss_kd 2.182, Loss_kernel 0.004, Train_accy 74.90
2025-06-29 08:51:09,644 [icarl.py] => Task 11, Epoch 21/200 => Loss 3.150, Loss_clf 0.959, Loss_kd 2.187, Loss_kernel 0.003, Train_accy 71.70, Test_accy {'Art': 15.56, 'Clipart': 28.76, 'Real World': 23.58, 'Product': 46.14}
2025-06-29 08:51:24,233 [icarl.py] => Task 11, Epoch 22/200 => Loss 3.108, Loss_clf 0.905, Loss_kd 2.199, Loss_kernel 0.003, Train_accy 73.67
2025-06-29 08:51:39,662 [icarl.py] => Task 11, Epoch 23/200 => Loss 3.087, Loss_clf 0.887, Loss_kd 2.197, Loss_kernel 0.003, Train_accy 74.55
2025-06-29 08:51:53,637 [icarl.py] => Task 11, Epoch 24/200 => Loss 2.968, Loss_clf 0.816, Loss_kd 2.149, Loss_kernel 0.003, Train_accy 76.86
2025-06-29 08:52:08,155 [icarl.py] => Task 11, Epoch 25/200 => Loss 2.897, Loss_clf 0.779, Loss_kd 2.115, Loss_kernel 0.003, Train_accy 78.52
2025-06-29 08:52:41,694 [icarl.py] => Task 11, Epoch 26/200 => Loss 2.975, Loss_clf 0.817, Loss_kd 2.155, Loss_kernel 0.003, Train_accy 76.17, Test_accy {'Art': 18.26, 'Clipart': 29.73, 'Real World': 22.76, 'Product': 46.97}
2025-06-29 08:52:57,237 [icarl.py] => Task 11, Epoch 27/200 => Loss 2.905, Loss_clf 0.776, Loss_kd 2.125, Loss_kernel 0.003, Train_accy 78.63
2025-06-29 08:53:12,034 [icarl.py] => Task 11, Epoch 28/200 => Loss 2.858, Loss_clf 0.740, Loss_kd 2.114, Loss_kernel 0.003, Train_accy 79.40
2025-06-29 08:53:26,396 [icarl.py] => Task 11, Epoch 29/200 => Loss 2.847, Loss_clf 0.735, Loss_kd 2.109, Loss_kernel 0.003, Train_accy 79.95
2025-06-29 08:53:41,650 [icarl.py] => Task 11, Epoch 30/200 => Loss 2.706, Loss_clf 0.658, Loss_kd 2.046, Loss_kernel 0.003, Train_accy 80.59
2025-06-29 08:54:13,753 [icarl.py] => Task 11, Epoch 31/200 => Loss 2.686, Loss_clf 0.632, Loss_kd 2.051, Loss_kernel 0.003, Train_accy 81.91, Test_accy {'Art': 17.84, 'Clipart': 31.19, 'Real World': 23.7, 'Product': 46.14}
2025-06-29 08:54:28,327 [icarl.py] => Task 11, Epoch 32/200 => Loss 2.688, Loss_clf 0.631, Loss_kd 2.054, Loss_kernel 0.003, Train_accy 81.83
2025-06-29 08:54:43,663 [icarl.py] => Task 11, Epoch 33/200 => Loss 2.694, Loss_clf 0.643, Loss_kd 2.049, Loss_kernel 0.003, Train_accy 81.71
2025-06-29 08:54:58,046 [icarl.py] => Task 11, Epoch 34/200 => Loss 2.677, Loss_clf 0.632, Loss_kd 2.043, Loss_kernel 0.003, Train_accy 81.38
2025-06-29 08:55:11,952 [icarl.py] => Task 11, Epoch 35/200 => Loss 2.626, Loss_clf 0.590, Loss_kd 2.033, Loss_kernel 0.003, Train_accy 83.00
2025-06-29 08:55:45,330 [icarl.py] => Task 11, Epoch 36/200 => Loss 2.589, Loss_clf 0.554, Loss_kd 2.032, Loss_kernel 0.003, Train_accy 84.24, Test_accy {'Art': 19.92, 'Clipart': 29.98, 'Real World': 21.11, 'Product': 48.04}
2025-06-29 08:55:59,976 [icarl.py] => Task 11, Epoch 37/200 => Loss 2.587, Loss_clf 0.553, Loss_kd 2.030, Loss_kernel 0.003, Train_accy 84.26
2025-06-29 08:56:13,469 [icarl.py] => Task 11, Epoch 38/200 => Loss 2.653, Loss_clf 0.599, Loss_kd 2.051, Loss_kernel 0.003, Train_accy 83.25
2025-06-29 08:56:28,172 [icarl.py] => Task 11, Epoch 39/200 => Loss 2.581, Loss_clf 0.555, Loss_kd 2.023, Loss_kernel 0.003, Train_accy 83.97
2025-06-29 08:56:43,092 [icarl.py] => Task 11, Epoch 40/200 => Loss 2.553, Loss_clf 0.551, Loss_kd 1.999, Loss_kernel 0.003, Train_accy 84.39
2025-06-29 08:57:16,148 [icarl.py] => Task 11, Epoch 41/200 => Loss 2.586, Loss_clf 0.553, Loss_kd 2.030, Loss_kernel 0.003, Train_accy 84.27, Test_accy {'Art': 15.77, 'Clipart': 30.22, 'Real World': 20.75, 'Product': 46.73}
2025-06-29 08:57:30,395 [icarl.py] => Task 11, Epoch 42/200 => Loss 2.618, Loss_clf 0.593, Loss_kd 2.022, Loss_kernel 0.003, Train_accy 83.48
2025-06-29 08:57:44,964 [icarl.py] => Task 11, Epoch 43/200 => Loss 2.616, Loss_clf 0.587, Loss_kd 2.025, Loss_kernel 0.003, Train_accy 83.03
2025-06-29 08:57:57,610 [icarl.py] => Task 11, Epoch 44/200 => Loss 2.585, Loss_clf 0.568, Loss_kd 2.014, Loss_kernel 0.003, Train_accy 83.76
2025-06-29 08:58:11,929 [icarl.py] => Task 11, Epoch 45/200 => Loss 2.636, Loss_clf 0.569, Loss_kd 2.064, Loss_kernel 0.003, Train_accy 83.63
2025-06-29 08:58:44,793 [icarl.py] => Task 11, Epoch 46/200 => Loss 2.608, Loss_clf 0.570, Loss_kd 2.035, Loss_kernel 0.003, Train_accy 83.73, Test_accy {'Art': 16.8, 'Clipart': 30.22, 'Real World': 23.0, 'Product': 47.68}
2025-06-29 08:58:59,168 [icarl.py] => Task 11, Epoch 47/200 => Loss 2.520, Loss_clf 0.524, Loss_kd 1.993, Loss_kernel 0.003, Train_accy 86.18
2025-06-29 08:59:13,708 [icarl.py] => Task 11, Epoch 48/200 => Loss 2.461, Loss_clf 0.500, Loss_kd 1.959, Loss_kernel 0.003, Train_accy 85.04
2025-06-29 08:59:27,155 [icarl.py] => Task 11, Epoch 49/200 => Loss 2.469, Loss_clf 0.475, Loss_kd 1.990, Loss_kernel 0.003, Train_accy 86.25
2025-06-29 08:59:41,750 [icarl.py] => Task 11, Epoch 50/200 => Loss 2.578, Loss_clf 0.546, Loss_kd 2.029, Loss_kernel 0.003, Train_accy 85.37
2025-06-29 09:00:15,407 [icarl.py] => Task 11, Epoch 51/200 => Loss 2.472, Loss_clf 0.487, Loss_kd 1.982, Loss_kernel 0.003, Train_accy 86.21, Test_accy {'Art': 16.8, 'Clipart': 30.7, 'Real World': 22.76, 'Product': 48.39}
2025-06-29 09:00:30,035 [icarl.py] => Task 11, Epoch 52/200 => Loss 2.501, Loss_clf 0.499, Loss_kd 2.000, Loss_kernel 0.003, Train_accy 84.78
2025-06-29 09:00:44,500 [icarl.py] => Task 11, Epoch 53/200 => Loss 2.412, Loss_clf 0.440, Loss_kd 1.970, Loss_kernel 0.003, Train_accy 88.09
2025-06-29 09:00:59,047 [icarl.py] => Task 11, Epoch 54/200 => Loss 2.408, Loss_clf 0.453, Loss_kd 1.952, Loss_kernel 0.003, Train_accy 87.15
2025-06-29 09:01:13,404 [icarl.py] => Task 11, Epoch 55/200 => Loss 2.482, Loss_clf 0.479, Loss_kd 2.001, Loss_kernel 0.003, Train_accy 86.45
2025-06-29 09:01:46,877 [icarl.py] => Task 11, Epoch 56/200 => Loss 2.472, Loss_clf 0.489, Loss_kd 1.981, Loss_kernel 0.003, Train_accy 85.86, Test_accy {'Art': 13.69, 'Clipart': 28.03, 'Real World': 21.82, 'Product': 35.43}
2025-06-29 09:02:01,200 [icarl.py] => Task 11, Epoch 57/200 => Loss 2.472, Loss_clf 0.483, Loss_kd 1.987, Loss_kernel 0.003, Train_accy 86.44
2025-06-29 09:02:16,272 [icarl.py] => Task 11, Epoch 58/200 => Loss 2.427, Loss_clf 0.448, Loss_kd 1.976, Loss_kernel 0.003, Train_accy 87.15
2025-06-29 09:02:30,210 [icarl.py] => Task 11, Epoch 59/200 => Loss 2.471, Loss_clf 0.477, Loss_kd 1.992, Loss_kernel 0.003, Train_accy 86.39
2025-06-29 09:02:44,992 [icarl.py] => Task 11, Epoch 60/200 => Loss 2.388, Loss_clf 0.434, Loss_kd 1.951, Loss_kernel 0.003, Train_accy 87.74
2025-06-29 09:03:17,670 [icarl.py] => Task 11, Epoch 61/200 => Loss 2.491, Loss_clf 0.497, Loss_kd 1.991, Loss_kernel 0.003, Train_accy 86.13, Test_accy {'Art': 19.09, 'Clipart': 30.1, 'Real World': 21.93, 'Product': 44.83}
2025-06-29 09:03:31,573 [icarl.py] => Task 11, Epoch 62/200 => Loss 2.499, Loss_clf 0.516, Loss_kd 1.981, Loss_kernel 0.002, Train_accy 86.13
2025-06-29 09:03:46,066 [icarl.py] => Task 11, Epoch 63/200 => Loss 2.472, Loss_clf 0.495, Loss_kd 1.975, Loss_kernel 0.003, Train_accy 85.67
2025-06-29 09:04:00,414 [icarl.py] => Task 11, Epoch 64/200 => Loss 2.478, Loss_clf 0.476, Loss_kd 2.000, Loss_kernel 0.003, Train_accy 85.84
2025-06-29 09:04:13,863 [icarl.py] => Task 11, Epoch 65/200 => Loss 2.355, Loss_clf 0.400, Loss_kd 1.952, Loss_kernel 0.002, Train_accy 88.26
2025-06-29 09:04:48,079 [icarl.py] => Task 11, Epoch 66/200 => Loss 2.477, Loss_clf 0.485, Loss_kd 1.990, Loss_kernel 0.003, Train_accy 86.25, Test_accy {'Art': 15.77, 'Clipart': 32.52, 'Real World': 22.52, 'Product': 51.96}
2025-06-29 09:05:01,230 [icarl.py] => Task 11, Epoch 67/200 => Loss 2.350, Loss_clf 0.415, Loss_kd 1.932, Loss_kernel 0.002, Train_accy 87.97
2025-06-29 09:05:14,259 [icarl.py] => Task 11, Epoch 68/200 => Loss 2.354, Loss_clf 0.394, Loss_kd 1.957, Loss_kernel 0.002, Train_accy 89.37
2025-06-29 09:05:29,333 [icarl.py] => Task 11, Epoch 69/200 => Loss 2.353, Loss_clf 0.413, Loss_kd 1.938, Loss_kernel 0.002, Train_accy 87.90
2025-06-29 09:05:43,320 [icarl.py] => Task 11, Epoch 70/200 => Loss 2.324, Loss_clf 0.373, Loss_kd 1.948, Loss_kernel 0.002, Train_accy 89.71
2025-06-29 09:06:16,465 [icarl.py] => Task 11, Epoch 71/200 => Loss 2.262, Loss_clf 0.357, Loss_kd 1.903, Loss_kernel 0.002, Train_accy 89.26, Test_accy {'Art': 18.05, 'Clipart': 31.67, 'Real World': 25.35, 'Product': 47.8}
2025-06-29 09:06:29,923 [icarl.py] => Task 11, Epoch 72/200 => Loss 2.259, Loss_clf 0.362, Loss_kd 1.894, Loss_kernel 0.002, Train_accy 90.26
2025-06-29 09:06:42,715 [icarl.py] => Task 11, Epoch 73/200 => Loss 2.355, Loss_clf 0.386, Loss_kd 1.967, Loss_kernel 0.002, Train_accy 88.94
2025-06-29 09:06:55,350 [icarl.py] => Task 11, Epoch 74/200 => Loss 2.306, Loss_clf 0.372, Loss_kd 1.932, Loss_kernel 0.002, Train_accy 89.50
2025-06-29 09:07:09,302 [icarl.py] => Task 11, Epoch 75/200 => Loss 2.326, Loss_clf 0.413, Loss_kd 1.911, Loss_kernel 0.002, Train_accy 88.88
2025-06-29 09:07:41,694 [icarl.py] => Task 11, Epoch 76/200 => Loss 2.327, Loss_clf 0.396, Loss_kd 1.929, Loss_kernel 0.002, Train_accy 89.26, Test_accy {'Art': 18.67, 'Clipart': 31.92, 'Real World': 23.11, 'Product': 48.16}
2025-06-29 09:07:55,046 [icarl.py] => Task 11, Epoch 77/200 => Loss 2.386, Loss_clf 0.425, Loss_kd 1.959, Loss_kernel 0.002, Train_accy 87.52
2025-06-29 09:08:08,610 [icarl.py] => Task 11, Epoch 78/200 => Loss 2.395, Loss_clf 0.442, Loss_kd 1.950, Loss_kernel 0.002, Train_accy 87.86
2025-06-29 09:08:22,618 [icarl.py] => Task 11, Epoch 79/200 => Loss 2.339, Loss_clf 0.408, Loss_kd 1.929, Loss_kernel 0.002, Train_accy 88.47
2025-06-29 09:08:35,731 [icarl.py] => Task 11, Epoch 80/200 => Loss 2.255, Loss_clf 0.343, Loss_kd 1.910, Loss_kernel 0.002, Train_accy 89.84
2025-06-29 09:09:08,436 [icarl.py] => Task 11, Epoch 81/200 => Loss 2.257, Loss_clf 0.327, Loss_kd 1.928, Loss_kernel 0.002, Train_accy 91.30, Test_accy {'Art': 20.33, 'Clipart': 32.16, 'Real World': 23.11, 'Product': 50.3}
2025-06-29 09:09:22,913 [icarl.py] => Task 11, Epoch 82/200 => Loss 2.309, Loss_clf 0.371, Loss_kd 1.935, Loss_kernel 0.002, Train_accy 89.97
2025-06-29 09:09:36,870 [icarl.py] => Task 11, Epoch 83/200 => Loss 2.219, Loss_clf 0.324, Loss_kd 1.892, Loss_kernel 0.002, Train_accy 91.03
2025-06-29 09:09:49,625 [icarl.py] => Task 11, Epoch 84/200 => Loss 2.242, Loss_clf 0.319, Loss_kd 1.922, Loss_kernel 0.002, Train_accy 91.41
2025-06-29 09:10:04,024 [icarl.py] => Task 11, Epoch 85/200 => Loss 2.208, Loss_clf 0.315, Loss_kd 1.891, Loss_kernel 0.002, Train_accy 90.93
2025-06-29 09:10:37,287 [icarl.py] => Task 11, Epoch 86/200 => Loss 2.249, Loss_clf 0.338, Loss_kd 1.909, Loss_kernel 0.002, Train_accy 90.79, Test_accy {'Art': 17.22, 'Clipart': 34.59, 'Real World': 24.76, 'Product': 53.63}
2025-06-29 09:10:49,676 [icarl.py] => Task 11, Epoch 87/200 => Loss 2.305, Loss_clf 0.360, Loss_kd 1.943, Loss_kernel 0.002, Train_accy 89.17
2025-06-29 09:11:01,378 [icarl.py] => Task 11, Epoch 88/200 => Loss 2.250, Loss_clf 0.326, Loss_kd 1.922, Loss_kernel 0.002, Train_accy 91.13
2025-06-29 09:11:14,944 [icarl.py] => Task 11, Epoch 89/200 => Loss 2.198, Loss_clf 0.314, Loss_kd 1.882, Loss_kernel 0.002, Train_accy 90.15
2025-06-29 09:11:28,181 [icarl.py] => Task 11, Epoch 90/200 => Loss 2.173, Loss_clf 0.301, Loss_kd 1.870, Loss_kernel 0.002, Train_accy 91.15
2025-06-29 09:12:01,516 [icarl.py] => Task 11, Epoch 91/200 => Loss 2.165, Loss_clf 0.296, Loss_kd 1.868, Loss_kernel 0.002, Train_accy 92.29, Test_accy {'Art': 17.22, 'Clipart': 30.95, 'Real World': 21.58, 'Product': 49.82}
2025-06-29 09:12:15,278 [icarl.py] => Task 11, Epoch 92/200 => Loss 2.134, Loss_clf 0.275, Loss_kd 1.856, Loss_kernel 0.002, Train_accy 91.51
2025-06-29 09:12:29,646 [icarl.py] => Task 11, Epoch 93/200 => Loss 2.184, Loss_clf 0.295, Loss_kd 1.887, Loss_kernel 0.002, Train_accy 91.72
2025-06-29 09:12:42,666 [icarl.py] => Task 11, Epoch 94/200 => Loss 2.175, Loss_clf 0.299, Loss_kd 1.875, Loss_kernel 0.002, Train_accy 92.13
2025-06-29 09:12:56,040 [icarl.py] => Task 11, Epoch 95/200 => Loss 2.173, Loss_clf 0.296, Loss_kd 1.875, Loss_kernel 0.002, Train_accy 91.09
2025-06-29 09:13:27,321 [icarl.py] => Task 11, Epoch 96/200 => Loss 2.135, Loss_clf 0.270, Loss_kd 1.864, Loss_kernel 0.002, Train_accy 92.81, Test_accy {'Art': 17.43, 'Clipart': 31.55, 'Real World': 24.65, 'Product': 51.13}
2025-06-29 09:13:41,160 [icarl.py] => Task 11, Epoch 97/200 => Loss 2.048, Loss_clf 0.229, Loss_kd 1.818, Loss_kernel 0.002, Train_accy 93.73
2025-06-29 09:13:54,026 [icarl.py] => Task 11, Epoch 98/200 => Loss 2.077, Loss_clf 0.242, Loss_kd 1.833, Loss_kernel 0.002, Train_accy 93.18
2025-06-29 09:14:05,301 [icarl.py] => Task 11, Epoch 99/200 => Loss 2.086, Loss_clf 0.242, Loss_kd 1.843, Loss_kernel 0.002, Train_accy 93.32
2025-06-29 09:14:19,014 [icarl.py] => Task 11, Epoch 100/200 => Loss 2.108, Loss_clf 0.245, Loss_kd 1.862, Loss_kernel 0.002, Train_accy 92.86
2025-06-29 09:14:49,697 [icarl.py] => Task 11, Epoch 101/200 => Loss 2.100, Loss_clf 0.254, Loss_kd 1.844, Loss_kernel 0.002, Train_accy 93.27, Test_accy {'Art': 19.09, 'Clipart': 33.25, 'Real World': 23.94, 'Product': 51.13}
2025-06-29 09:15:02,503 [icarl.py] => Task 11, Epoch 102/200 => Loss 2.114, Loss_clf 0.249, Loss_kd 1.864, Loss_kernel 0.002, Train_accy 93.22
2025-06-29 09:15:16,080 [icarl.py] => Task 11, Epoch 103/200 => Loss 2.097, Loss_clf 0.263, Loss_kd 1.832, Loss_kernel 0.002, Train_accy 92.61
2025-06-29 09:15:29,724 [icarl.py] => Task 11, Epoch 104/200 => Loss 2.105, Loss_clf 0.247, Loss_kd 1.856, Loss_kernel 0.002, Train_accy 92.98
2025-06-29 09:15:43,372 [icarl.py] => Task 11, Epoch 105/200 => Loss 2.086, Loss_clf 0.240, Loss_kd 1.844, Loss_kernel 0.002, Train_accy 93.58
2025-06-29 09:16:15,646 [icarl.py] => Task 11, Epoch 106/200 => Loss 2.045, Loss_clf 0.235, Loss_kd 1.808, Loss_kernel 0.002, Train_accy 93.50, Test_accy {'Art': 17.84, 'Clipart': 33.98, 'Real World': 23.58, 'Product': 52.44}
2025-06-29 09:16:28,178 [icarl.py] => Task 11, Epoch 107/200 => Loss 2.107, Loss_clf 0.246, Loss_kd 1.859, Loss_kernel 0.002, Train_accy 93.08
2025-06-29 09:16:41,409 [icarl.py] => Task 11, Epoch 108/200 => Loss 2.102, Loss_clf 0.249, Loss_kd 1.852, Loss_kernel 0.002, Train_accy 92.92
2025-06-29 09:16:54,345 [icarl.py] => Task 11, Epoch 109/200 => Loss 2.095, Loss_clf 0.239, Loss_kd 1.854, Loss_kernel 0.002, Train_accy 93.68
2025-06-29 09:17:08,460 [icarl.py] => Task 11, Epoch 110/200 => Loss 2.050, Loss_clf 0.225, Loss_kd 1.823, Loss_kernel 0.002, Train_accy 93.60
2025-06-29 09:17:42,150 [icarl.py] => Task 11, Epoch 111/200 => Loss 2.079, Loss_clf 0.245, Loss_kd 1.833, Loss_kernel 0.002, Train_accy 93.74, Test_accy {'Art': 20.12, 'Clipart': 34.1, 'Real World': 25.12, 'Product': 53.39}
2025-06-29 09:17:59,109 [icarl.py] => Task 11, Epoch 112/200 => Loss 2.071, Loss_clf 0.229, Loss_kd 1.840, Loss_kernel 0.002, Train_accy 94.05
2025-06-29 09:18:13,063 [icarl.py] => Task 11, Epoch 113/200 => Loss 2.019, Loss_clf 0.212, Loss_kd 1.805, Loss_kernel 0.002, Train_accy 94.65
2025-06-29 09:18:25,843 [icarl.py] => Task 11, Epoch 114/200 => Loss 2.031, Loss_clf 0.214, Loss_kd 1.815, Loss_kernel 0.002, Train_accy 94.07
2025-06-29 09:18:37,954 [icarl.py] => Task 11, Epoch 115/200 => Loss 2.005, Loss_clf 0.208, Loss_kd 1.796, Loss_kernel 0.001, Train_accy 95.29
2025-06-29 09:19:10,029 [icarl.py] => Task 11, Epoch 116/200 => Loss 2.033, Loss_clf 0.214, Loss_kd 1.818, Loss_kernel 0.002, Train_accy 94.41, Test_accy {'Art': 20.33, 'Clipart': 33.86, 'Real World': 22.29, 'Product': 51.37}
2025-06-29 09:19:23,365 [icarl.py] => Task 11, Epoch 117/200 => Loss 2.012, Loss_clf 0.203, Loss_kd 1.808, Loss_kernel 0.002, Train_accy 94.39
2025-06-29 09:19:35,036 [icarl.py] => Task 11, Epoch 118/200 => Loss 1.992, Loss_clf 0.198, Loss_kd 1.792, Loss_kernel 0.002, Train_accy 94.49
2025-06-29 09:19:48,568 [icarl.py] => Task 11, Epoch 119/200 => Loss 2.034, Loss_clf 0.223, Loss_kd 1.810, Loss_kernel 0.002, Train_accy 93.73
2025-06-29 09:20:01,646 [icarl.py] => Task 11, Epoch 120/200 => Loss 2.005, Loss_clf 0.213, Loss_kd 1.791, Loss_kernel 0.002, Train_accy 94.19
2025-06-29 09:20:33,125 [icarl.py] => Task 11, Epoch 121/200 => Loss 2.011, Loss_clf 0.198, Loss_kd 1.811, Loss_kernel 0.001, Train_accy 94.59, Test_accy {'Art': 17.63, 'Clipart': 34.83, 'Real World': 24.88, 'Product': 54.34}
2025-06-29 09:20:45,369 [icarl.py] => Task 11, Epoch 122/200 => Loss 1.985, Loss_clf 0.176, Loss_kd 1.808, Loss_kernel 0.002, Train_accy 95.02
2025-06-29 09:20:55,003 [icarl.py] => Task 11, Epoch 123/200 => Loss 2.009, Loss_clf 0.206, Loss_kd 1.801, Loss_kernel 0.001, Train_accy 94.77
2025-06-29 09:21:05,719 [icarl.py] => Task 11, Epoch 124/200 => Loss 1.961, Loss_clf 0.158, Loss_kd 1.802, Loss_kernel 0.001, Train_accy 96.04
2025-06-29 09:21:17,142 [icarl.py] => Task 11, Epoch 125/200 => Loss 1.931, Loss_clf 0.147, Loss_kd 1.782, Loss_kernel 0.001, Train_accy 96.19
2025-06-29 09:21:49,319 [icarl.py] => Task 11, Epoch 126/200 => Loss 1.960, Loss_clf 0.162, Loss_kd 1.796, Loss_kernel 0.001, Train_accy 95.64, Test_accy {'Art': 18.67, 'Clipart': 33.86, 'Real World': 24.06, 'Product': 52.79}
2025-06-29 09:22:02,143 [icarl.py] => Task 11, Epoch 127/200 => Loss 1.939, Loss_clf 0.161, Loss_kd 1.777, Loss_kernel 0.001, Train_accy 95.69
2025-06-29 09:22:13,552 [icarl.py] => Task 11, Epoch 128/200 => Loss 1.950, Loss_clf 0.161, Loss_kd 1.788, Loss_kernel 0.001, Train_accy 96.19
2025-06-29 09:22:25,934 [icarl.py] => Task 11, Epoch 129/200 => Loss 1.940, Loss_clf 0.163, Loss_kd 1.776, Loss_kernel 0.001, Train_accy 96.05
2025-06-29 09:22:38,168 [icarl.py] => Task 11, Epoch 130/200 => Loss 1.981, Loss_clf 0.169, Loss_kd 1.810, Loss_kernel 0.001, Train_accy 95.27
2025-06-29 09:23:09,459 [icarl.py] => Task 11, Epoch 131/200 => Loss 1.945, Loss_clf 0.151, Loss_kd 1.793, Loss_kernel 0.001, Train_accy 96.35, Test_accy {'Art': 18.46, 'Clipart': 34.95, 'Real World': 24.41, 'Product': 54.46}
2025-06-29 09:23:20,917 [icarl.py] => Task 11, Epoch 132/200 => Loss 1.962, Loss_clf 0.187, Loss_kd 1.774, Loss_kernel 0.001, Train_accy 94.45
2025-06-29 09:23:32,262 [icarl.py] => Task 11, Epoch 133/200 => Loss 1.949, Loss_clf 0.162, Loss_kd 1.785, Loss_kernel 0.001, Train_accy 95.78
2025-06-29 09:23:44,281 [icarl.py] => Task 11, Epoch 134/200 => Loss 1.929, Loss_clf 0.161, Loss_kd 1.767, Loss_kernel 0.001, Train_accy 95.89
2025-06-29 09:23:54,259 [icarl.py] => Task 11, Epoch 135/200 => Loss 1.907, Loss_clf 0.145, Loss_kd 1.761, Loss_kernel 0.001, Train_accy 96.59
2025-06-29 09:24:24,370 [icarl.py] => Task 11, Epoch 136/200 => Loss 1.915, Loss_clf 0.144, Loss_kd 1.770, Loss_kernel 0.001, Train_accy 96.34, Test_accy {'Art': 20.95, 'Clipart': 34.1, 'Real World': 25.94, 'Product': 54.82}
2025-06-29 09:24:35,045 [icarl.py] => Task 11, Epoch 137/200 => Loss 1.931, Loss_clf 0.147, Loss_kd 1.783, Loss_kernel 0.001, Train_accy 96.65
2025-06-29 09:24:48,210 [icarl.py] => Task 11, Epoch 138/200 => Loss 1.958, Loss_clf 0.157, Loss_kd 1.799, Loss_kernel 0.001, Train_accy 96.27
2025-06-29 09:24:57,594 [icarl.py] => Task 11, Epoch 139/200 => Loss 1.895, Loss_clf 0.132, Loss_kd 1.762, Loss_kernel 0.001, Train_accy 96.94
2025-06-29 09:25:10,840 [icarl.py] => Task 11, Epoch 140/200 => Loss 1.915, Loss_clf 0.139, Loss_kd 1.774, Loss_kernel 0.001, Train_accy 96.47
2025-06-29 09:25:40,659 [icarl.py] => Task 11, Epoch 141/200 => Loss 1.914, Loss_clf 0.150, Loss_kd 1.763, Loss_kernel 0.001, Train_accy 96.40, Test_accy {'Art': 18.88, 'Clipart': 34.34, 'Real World': 25.35, 'Product': 57.07}
2025-06-29 09:25:51,934 [icarl.py] => Task 11, Epoch 142/200 => Loss 1.873, Loss_clf 0.122, Loss_kd 1.749, Loss_kernel 0.001, Train_accy 96.81
2025-06-29 09:26:02,042 [icarl.py] => Task 11, Epoch 143/200 => Loss 1.902, Loss_clf 0.127, Loss_kd 1.774, Loss_kernel 0.001, Train_accy 96.59
2025-06-29 09:26:13,682 [icarl.py] => Task 11, Epoch 144/200 => Loss 1.882, Loss_clf 0.128, Loss_kd 1.753, Loss_kernel 0.001, Train_accy 96.71
2025-06-29 09:26:24,953 [icarl.py] => Task 11, Epoch 145/200 => Loss 1.900, Loss_clf 0.129, Loss_kd 1.770, Loss_kernel 0.001, Train_accy 96.70
2025-06-29 09:26:55,753 [icarl.py] => Task 11, Epoch 146/200 => Loss 1.867, Loss_clf 0.106, Loss_kd 1.759, Loss_kernel 0.001, Train_accy 97.33, Test_accy {'Art': 19.5, 'Clipart': 35.44, 'Real World': 24.41, 'Product': 56.6}
2025-06-29 09:27:08,238 [icarl.py] => Task 11, Epoch 147/200 => Loss 1.893, Loss_clf 0.150, Loss_kd 1.741, Loss_kernel 0.001, Train_accy 96.20
2025-06-29 09:27:19,455 [icarl.py] => Task 11, Epoch 148/200 => Loss 1.876, Loss_clf 0.124, Loss_kd 1.751, Loss_kernel 0.001, Train_accy 96.54
2025-06-29 09:27:30,714 [icarl.py] => Task 11, Epoch 149/200 => Loss 1.889, Loss_clf 0.136, Loss_kd 1.752, Loss_kernel 0.001, Train_accy 96.44
2025-06-29 09:27:40,686 [icarl.py] => Task 11, Epoch 150/200 => Loss 1.885, Loss_clf 0.132, Loss_kd 1.752, Loss_kernel 0.001, Train_accy 96.74
2025-06-29 09:28:11,972 [icarl.py] => Task 11, Epoch 151/200 => Loss 1.878, Loss_clf 0.134, Loss_kd 1.743, Loss_kernel 0.001, Train_accy 96.30, Test_accy {'Art': 21.37, 'Clipart': 35.44, 'Real World': 26.18, 'Product': 55.77}
2025-06-29 09:28:22,873 [icarl.py] => Task 11, Epoch 152/200 => Loss 1.893, Loss_clf 0.123, Loss_kd 1.769, Loss_kernel 0.001, Train_accy 97.01
2025-06-29 09:28:34,803 [icarl.py] => Task 11, Epoch 153/200 => Loss 1.875, Loss_clf 0.125, Loss_kd 1.748, Loss_kernel 0.001, Train_accy 97.12
2025-06-29 09:28:45,657 [icarl.py] => Task 11, Epoch 154/200 => Loss 1.864, Loss_clf 0.122, Loss_kd 1.741, Loss_kernel 0.001, Train_accy 97.27
2025-06-29 09:28:55,776 [icarl.py] => Task 11, Epoch 155/200 => Loss 1.835, Loss_clf 0.088, Loss_kd 1.746, Loss_kernel 0.001, Train_accy 97.78
2025-06-29 09:29:25,590 [icarl.py] => Task 11, Epoch 156/200 => Loss 1.857, Loss_clf 0.119, Loss_kd 1.736, Loss_kernel 0.001, Train_accy 97.52, Test_accy {'Art': 21.37, 'Clipart': 36.41, 'Real World': 25.59, 'Product': 57.43}
2025-06-29 09:29:37,619 [icarl.py] => Task 11, Epoch 157/200 => Loss 1.869, Loss_clf 0.127, Loss_kd 1.741, Loss_kernel 0.001, Train_accy 96.81
2025-06-29 09:29:50,191 [icarl.py] => Task 11, Epoch 158/200 => Loss 1.868, Loss_clf 0.122, Loss_kd 1.745, Loss_kernel 0.001, Train_accy 97.07
2025-06-29 09:30:00,029 [icarl.py] => Task 11, Epoch 159/200 => Loss 1.870, Loss_clf 0.113, Loss_kd 1.756, Loss_kernel 0.001, Train_accy 97.31
2025-06-29 09:30:13,495 [icarl.py] => Task 11, Epoch 160/200 => Loss 1.884, Loss_clf 0.130, Loss_kd 1.753, Loss_kernel 0.001, Train_accy 96.93
2025-06-29 09:30:43,505 [icarl.py] => Task 11, Epoch 161/200 => Loss 1.847, Loss_clf 0.101, Loss_kd 1.745, Loss_kernel 0.001, Train_accy 97.89, Test_accy {'Art': 20.12, 'Clipart': 36.65, 'Real World': 25.59, 'Product': 56.84}
2025-06-29 09:30:54,494 [icarl.py] => Task 11, Epoch 162/200 => Loss 1.858, Loss_clf 0.126, Loss_kd 1.730, Loss_kernel 0.001, Train_accy 96.90
2025-06-29 09:31:06,986 [icarl.py] => Task 11, Epoch 163/200 => Loss 1.885, Loss_clf 0.124, Loss_kd 1.760, Loss_kernel 0.001, Train_accy 97.13
2025-06-29 09:31:18,627 [icarl.py] => Task 11, Epoch 164/200 => Loss 1.910, Loss_clf 0.135, Loss_kd 1.774, Loss_kernel 0.001, Train_accy 96.91
2025-06-29 09:31:29,173 [icarl.py] => Task 11, Epoch 165/200 => Loss 1.844, Loss_clf 0.110, Loss_kd 1.733, Loss_kernel 0.001, Train_accy 97.41
2025-06-29 09:31:59,110 [icarl.py] => Task 11, Epoch 166/200 => Loss 1.843, Loss_clf 0.100, Loss_kd 1.741, Loss_kernel 0.001, Train_accy 97.88, Test_accy {'Art': 20.33, 'Clipart': 35.68, 'Real World': 25.59, 'Product': 57.79}
2025-06-29 09:32:09,606 [icarl.py] => Task 11, Epoch 167/200 => Loss 1.875, Loss_clf 0.113, Loss_kd 1.761, Loss_kernel 0.001, Train_accy 97.52
2025-06-29 09:32:19,780 [icarl.py] => Task 11, Epoch 168/200 => Loss 1.829, Loss_clf 0.094, Loss_kd 1.733, Loss_kernel 0.001, Train_accy 97.93
2025-06-29 09:32:30,258 [icarl.py] => Task 11, Epoch 169/200 => Loss 1.835, Loss_clf 0.107, Loss_kd 1.727, Loss_kernel 0.001, Train_accy 97.73
2025-06-29 09:32:39,078 [icarl.py] => Task 11, Epoch 170/200 => Loss 1.819, Loss_clf 0.091, Loss_kd 1.727, Loss_kernel 0.001, Train_accy 98.18
2025-06-29 09:33:09,015 [icarl.py] => Task 11, Epoch 171/200 => Loss 1.815, Loss_clf 0.100, Loss_kd 1.714, Loss_kernel 0.001, Train_accy 97.62, Test_accy {'Art': 20.75, 'Clipart': 34.83, 'Real World': 26.18, 'Product': 56.96}
2025-06-29 09:33:19,638 [icarl.py] => Task 11, Epoch 172/200 => Loss 1.814, Loss_clf 0.092, Loss_kd 1.721, Loss_kernel 0.001, Train_accy 97.78
2025-06-29 09:33:30,994 [icarl.py] => Task 11, Epoch 173/200 => Loss 1.869, Loss_clf 0.106, Loss_kd 1.761, Loss_kernel 0.001, Train_accy 97.37
2025-06-29 09:33:40,178 [icarl.py] => Task 11, Epoch 174/200 => Loss 1.896, Loss_clf 0.119, Loss_kd 1.776, Loss_kernel 0.001, Train_accy 97.25
2025-06-29 09:33:52,517 [icarl.py] => Task 11, Epoch 175/200 => Loss 1.862, Loss_clf 0.107, Loss_kd 1.754, Loss_kernel 0.001, Train_accy 97.33
2025-06-29 09:34:21,754 [icarl.py] => Task 11, Epoch 176/200 => Loss 1.804, Loss_clf 0.095, Loss_kd 1.708, Loss_kernel 0.001, Train_accy 97.83, Test_accy {'Art': 20.12, 'Clipart': 35.8, 'Real World': 25.94, 'Product': 58.26}
2025-06-29 09:34:32,729 [icarl.py] => Task 11, Epoch 177/200 => Loss 1.827, Loss_clf 0.094, Loss_kd 1.731, Loss_kernel 0.001, Train_accy 98.09
2025-06-29 09:34:44,693 [icarl.py] => Task 11, Epoch 178/200 => Loss 1.849, Loss_clf 0.116, Loss_kd 1.732, Loss_kernel 0.001, Train_accy 97.33
2025-06-29 09:34:54,236 [icarl.py] => Task 11, Epoch 179/200 => Loss 1.803, Loss_clf 0.084, Loss_kd 1.717, Loss_kernel 0.001, Train_accy 98.34
2025-06-29 09:35:05,124 [icarl.py] => Task 11, Epoch 180/200 => Loss 1.812, Loss_clf 0.085, Loss_kd 1.726, Loss_kernel 0.001, Train_accy 98.30
2025-06-29 09:35:34,172 [icarl.py] => Task 11, Epoch 181/200 => Loss 1.816, Loss_clf 0.098, Loss_kd 1.716, Loss_kernel 0.001, Train_accy 97.67, Test_accy {'Art': 20.95, 'Clipart': 35.44, 'Real World': 25.83, 'Product': 58.15}
2025-06-29 09:35:44,232 [icarl.py] => Task 11, Epoch 182/200 => Loss 1.833, Loss_clf 0.104, Loss_kd 1.728, Loss_kernel 0.001, Train_accy 97.47
2025-06-29 09:35:51,952 [icarl.py] => Task 11, Epoch 183/200 => Loss 1.800, Loss_clf 0.086, Loss_kd 1.712, Loss_kernel 0.001, Train_accy 98.18
2025-06-29 09:36:01,741 [icarl.py] => Task 11, Epoch 184/200 => Loss 1.839, Loss_clf 0.112, Loss_kd 1.726, Loss_kernel 0.001, Train_accy 97.36
2025-06-29 09:36:11,540 [icarl.py] => Task 11, Epoch 185/200 => Loss 1.818, Loss_clf 0.105, Loss_kd 1.711, Loss_kernel 0.001, Train_accy 97.62
2025-06-29 09:36:41,385 [icarl.py] => Task 11, Epoch 186/200 => Loss 1.855, Loss_clf 0.120, Loss_kd 1.734, Loss_kernel 0.001, Train_accy 97.26, Test_accy {'Art': 20.12, 'Clipart': 35.44, 'Real World': 26.3, 'Product': 58.5}
2025-06-29 09:36:50,604 [icarl.py] => Task 11, Epoch 187/200 => Loss 1.829, Loss_clf 0.100, Loss_kd 1.728, Loss_kernel 0.001, Train_accy 97.35
2025-06-29 09:37:01,134 [icarl.py] => Task 11, Epoch 188/200 => Loss 1.840, Loss_clf 0.109, Loss_kd 1.730, Loss_kernel 0.001, Train_accy 97.98
2025-06-29 09:37:10,264 [icarl.py] => Task 11, Epoch 189/200 => Loss 1.777, Loss_clf 0.079, Loss_kd 1.697, Loss_kernel 0.001, Train_accy 98.50
2025-06-29 09:37:19,944 [icarl.py] => Task 11, Epoch 190/200 => Loss 1.845, Loss_clf 0.106, Loss_kd 1.738, Loss_kernel 0.001, Train_accy 97.77
2025-06-29 09:37:47,652 [icarl.py] => Task 11, Epoch 191/200 => Loss 1.806, Loss_clf 0.087, Loss_kd 1.718, Loss_kernel 0.001, Train_accy 98.13, Test_accy {'Art': 20.12, 'Clipart': 35.8, 'Real World': 26.06, 'Product': 58.03}
2025-06-29 09:37:55,720 [icarl.py] => Task 11, Epoch 192/200 => Loss 1.791, Loss_clf 0.076, Loss_kd 1.715, Loss_kernel 0.001, Train_accy 98.44
2025-06-29 09:38:06,278 [icarl.py] => Task 11, Epoch 193/200 => Loss 1.829, Loss_clf 0.099, Loss_kd 1.729, Loss_kernel 0.001, Train_accy 97.78
2025-06-29 09:38:15,367 [icarl.py] => Task 11, Epoch 194/200 => Loss 1.831, Loss_clf 0.100, Loss_kd 1.730, Loss_kernel 0.001, Train_accy 97.56
2025-06-29 09:38:24,555 [icarl.py] => Task 11, Epoch 195/200 => Loss 1.833, Loss_clf 0.096, Loss_kd 1.737, Loss_kernel 0.001, Train_accy 98.13
2025-06-29 09:38:52,694 [icarl.py] => Task 11, Epoch 196/200 => Loss 1.799, Loss_clf 0.079, Loss_kd 1.719, Loss_kernel 0.001, Train_accy 98.39, Test_accy {'Art': 20.33, 'Clipart': 35.44, 'Real World': 25.47, 'Product': 57.67}
2025-06-29 09:39:01,326 [icarl.py] => Task 11, Epoch 197/200 => Loss 1.835, Loss_clf 0.098, Loss_kd 1.735, Loss_kernel 0.001, Train_accy 97.76
2025-06-29 09:39:10,061 [icarl.py] => Task 11, Epoch 198/200 => Loss 1.824, Loss_clf 0.096, Loss_kd 1.728, Loss_kernel 0.001, Train_accy 97.77
2025-06-29 09:39:19,216 [icarl.py] => Task 11, Epoch 199/200 => Loss 1.822, Loss_clf 0.090, Loss_kd 1.730, Loss_kernel 0.001, Train_accy 98.03
2025-06-29 09:39:28,094 [icarl.py] => Task 11, Epoch 200/200 => Loss 1.834, Loss_clf 0.107, Loss_kd 1.726, Loss_kernel 0.001, Train_accy 97.61
2025-06-29 09:39:28,096 [base.py] => Reducing exemplars...(21 per classes)
2025-06-29 09:39:53,471 [base.py] => Constructing exemplars...(21 per classes)
2025-06-29 09:40:39,610 [icarl.py] => Exemplar size: 1260
2025-06-29 09:40:40,729 [trainer.py] => CNN [Art]: {'total': 20.33, '00-04': 34.21, '05-09': 23.53, '10-14': 24.32, '15-19': 11.11, '20-24': 13.16, '25-29': 5.88, '30-34': 14.55, '35-39': 14.63, '40-44': 15.79, '45-49': 20.0, '50-54': 22.45, '55-59': 41.46, 'old': 18.37, 'new': 41.46}
2025-06-29 09:40:40,730 [trainer.py] => NME [Art]: {'total': 21.37, '00-04': 31.58, '05-09': 29.41, '10-14': 24.32, '15-19': 11.11, '20-24': 5.26, '25-29': 8.82, '30-34': 20.0, '35-39': 14.63, '40-44': 18.42, '45-49': 28.0, '50-54': 28.57, '55-59': 29.27, 'old': 20.63, 'new': 29.27}
2025-06-29 09:40:40,730 [trainer.py] => CNN [Art] top1 curve: [60.53, 51.39, 49.54, 41.18, 39.08, 32.21, 31.94, 27.3, 22.81, 24.23, 19.5, 20.33]
2025-06-29 09:40:40,730 [trainer.py] => CNN [Art] top5 curve: [92.11, 87.5, 70.64, 66.91, 59.77, 56.73, 52.85, 48.36, 43.27, 45.15, 40.36, 40.87]
2025-06-29 09:40:40,731 [trainer.py] => NME [Art] top1 curve: [65.79, 56.94, 49.54, 46.32, 36.78, 37.98, 34.22, 28.62, 25.44, 23.21, 20.86, 21.37]
2025-06-29 09:40:40,731 [trainer.py] => NME [Art] top5 curve: [100.0, 88.89, 79.82, 75.0, 66.67, 63.46, 58.17, 51.32, 45.61, 43.88, 42.86, 41.49]
2025-06-29 09:40:40,731 [trainer.py] => Average Accuracy [Art] (CNN): 35.00333333333334
2025-06-29 09:40:40,731 [trainer.py] => Average Accuracy [Art] (NME): 37.255833333333335
2025-06-29 09:40:40,731 [trainer.py] => CNN [Clipart]: {'total': 35.8, '00-04': 51.28, '05-09': 38.71, '10-14': 28.79, '15-19': 35.85, '20-24': 25.84, '25-29': 16.13, '30-34': 25.0, '35-39': 21.31, '40-44': 37.88, '45-49': 32.81, '50-54': 48.42, '55-59': 60.94, 'old': 33.68, 'new': 60.94}
2025-06-29 09:40:40,731 [trainer.py] => NME [Clipart]: {'total': 33.74, '00-04': 41.03, '05-09': 43.55, '10-14': 27.27, '15-19': 30.19, '20-24': 26.97, '25-29': 17.74, '30-34': 28.12, '35-39': 27.87, '40-44': 34.85, '45-49': 31.25, '50-54': 49.47, '55-59': 39.06, 'old': 33.29, 'new': 39.06}
2025-06-29 09:40:40,731 [trainer.py] => CNN [Clipart] top1 curve: [70.51, 69.29, 65.05, 63.71, 57.18, 52.68, 49.16, 43.74, 42.6, 39.1, 37.63, 35.8]
2025-06-29 09:40:40,731 [trainer.py] => CNN [Clipart] top5 curve: [97.44, 91.43, 90.29, 83.4, 80.46, 78.05, 71.1, 70.28, 66.39, 64.06, 62.11, 58.86]
2025-06-29 09:40:40,731 [trainer.py] => NME [Clipart] top1 curve: [74.36, 70.71, 70.39, 66.41, 59.2, 53.41, 49.58, 45.61, 43.76, 41.05, 38.95, 33.74]
2025-06-29 09:40:40,732 [trainer.py] => NME [Clipart] top5 curve: [100.0, 92.86, 89.32, 86.1, 81.32, 79.51, 72.36, 72.9, 68.89, 66.62, 63.29, 60.32]
2025-06-29 09:40:40,732 [trainer.py] => Average Accuracy [Clipart] (CNN): 52.20416666666667
2025-06-29 09:40:40,732 [trainer.py] => Average Accuracy [Clipart] (NME): 53.93083333333333
2025-06-29 09:40:40,732 [trainer.py] => CNN [Product]: {'total': 58.03, '00-04': 65.88, '05-09': 52.5, '10-14': 69.35, '15-19': 55.84, '20-24': 52.46, '25-29': 51.9, '30-34': 34.33, '35-39': 53.03, '40-44': 64.29, '45-49': 52.11, '50-54': 64.62, '55-59': 84.48, 'old': 56.07, 'new': 84.48}
2025-06-29 09:40:40,732 [trainer.py] => NME [Product]: {'total': 58.03, '00-04': 63.53, '05-09': 53.75, '10-14': 74.19, '15-19': 55.84, '20-24': 50.82, '25-29': 56.96, '30-34': 40.3, '35-39': 54.55, '40-44': 60.0, '45-49': 52.11, '50-54': 61.54, '55-59': 75.86, 'old': 56.7, 'new': 75.86}
2025-06-29 09:40:40,732 [trainer.py] => CNN [Product] top1 curve: [92.94, 85.45, 84.14, 76.32, 77.26, 71.62, 72.02, 67.24, 63.68, 60.58, 58.24, 58.03]
2025-06-29 09:40:40,732 [trainer.py] => CNN [Product] top5 curve: [100.0, 98.79, 96.48, 96.38, 90.14, 91.67, 89.82, 88.56, 84.7, 81.48, 79.18, 79.55]
2025-06-29 09:40:40,732 [trainer.py] => NME [Product] top1 curve: [94.12, 88.48, 89.43, 80.92, 77.53, 75.45, 70.84, 68.28, 65.53, 63.65, 60.54, 58.03]
2025-06-29 09:40:40,733 [trainer.py] => NME [Product] top5 curve: [100.0, 99.39, 99.12, 97.7, 93.7, 93.92, 92.56, 90.81, 87.17, 83.01, 83.14, 81.09]
2025-06-29 09:40:40,733 [trainer.py] => Average Accuracy [Product] (CNN): 72.29333333333334
2025-06-29 09:40:40,733 [trainer.py] => Average Accuracy [Product] (NME): 74.4
2025-06-29 09:40:40,733 [trainer.py] => CNN [Real World]: {'total': 26.53, '00-04': 35.62, '05-09': 33.82, '10-14': 27.78, '15-19': 16.42, '20-24': 6.15, '25-29': 25.97, '30-34': 18.67, '35-39': 20.34, '40-44': 31.25, '45-49': 26.39, '50-54': 33.33, '55-59': 38.46, 'old': 25.32, 'new': 38.46}
2025-06-29 09:40:40,733 [trainer.py] => NME [Real World]: {'total': 27.71, '00-04': 32.88, '05-09': 38.24, '10-14': 29.17, '15-19': 23.88, '20-24': 7.69, '25-29': 28.57, '30-34': 22.67, '35-39': 23.73, '40-44': 34.38, '45-49': 23.61, '50-54': 30.77, '55-59': 34.62, 'old': 27.01, 'new': 34.62}
2025-06-29 09:40:40,733 [trainer.py] => CNN [Real World] top1 curve: [69.86, 58.16, 48.83, 42.5, 34.2, 33.18, 33.0, 31.47, 28.06, 27.31, 25.19, 26.53]
2025-06-29 09:40:40,733 [trainer.py] => CNN [Real World] top5 curve: [95.89, 89.36, 77.0, 69.29, 60.0, 58.53, 55.94, 54.86, 52.58, 52.75, 47.66, 48.47]
2025-06-29 09:40:40,733 [trainer.py] => NME [Real World] top1 curve: [73.97, 63.12, 48.83, 44.64, 35.94, 35.31, 35.01, 33.27, 30.97, 30.2, 28.05, 27.71]
2025-06-29 09:40:40,733 [trainer.py] => NME [Real World] top5 curve: [100.0, 94.33, 85.92, 76.79, 69.28, 66.35, 61.77, 58.09, 55.65, 54.19, 51.3, 51.53]
2025-06-29 09:40:40,734 [trainer.py] => Average Accuracy [Real World] (CNN): 38.19083333333334
2025-06-29 09:40:40,734 [trainer.py] => Average Accuracy [Real World] (NME): 40.585
2025-06-29 09:40:40,734 [trainer.py] => NME Harmonic Mean : 31.9469
2025-06-29 09:40:40,734 [trainer.py] => NME Macro Mean : 35.2125
2025-06-29 09:40:40,734 [trainer.py] => CNN Harmonic Mean : 31.2636
2025-06-29 09:40:40,734 [trainer.py] => CNN Macro Mean : 35.1725
2025-06-29 09:40:40,735 [trainer.py] => All params: 21320582
2025-06-29 09:40:40,736 [trainer.py] => Trainable params: 21320582
2025-06-29 09:40:40,738 [icarl.py] => Learning on 60-65
2025-06-29 09:41:13,358 [icarl.py] => Task 12, Epoch 1/200 => Loss 5.531, Loss_clf 2.759, Loss_kd 2.770, Loss_kernel 0.003, Train_accy 39.16, Test_accy {'Art': 1.78, 'Clipart': 3.92, 'Real World': 3.01, 'Product': 3.61}
2025-06-29 09:41:26,245 [icarl.py] => Task 12, Epoch 2/200 => Loss 7.359, Loss_clf 3.595, Loss_kd 3.758, Loss_kernel 0.007, Train_accy 18.56
2025-06-29 09:41:40,846 [icarl.py] => Task 12, Epoch 3/200 => Loss 6.314, Loss_clf 2.897, Loss_kd 3.412, Loss_kernel 0.005, Train_accy 25.88
2025-06-29 09:41:56,743 [icarl.py] => Task 12, Epoch 4/200 => Loss 5.713, Loss_clf 2.535, Loss_kd 3.174, Loss_kernel 0.004, Train_accy 33.45
2025-06-29 09:42:11,274 [icarl.py] => Task 12, Epoch 5/200 => Loss 5.032, Loss_clf 2.115, Loss_kd 2.913, Loss_kernel 0.004, Train_accy 42.97
2025-06-29 09:42:44,962 [icarl.py] => Task 12, Epoch 6/200 => Loss 4.771, Loss_clf 1.949, Loss_kd 2.819, Loss_kernel 0.003, Train_accy 46.45, Test_accy {'Art': 9.47, 'Clipart': 18.92, 'Real World': 15.81, 'Product': 33.33}
2025-06-29 09:43:00,425 [icarl.py] => Task 12, Epoch 7/200 => Loss 4.544, Loss_clf 1.805, Loss_kd 2.735, Loss_kernel 0.003, Train_accy 49.22
2025-06-29 09:43:14,214 [icarl.py] => Task 12, Epoch 8/200 => Loss 4.424, Loss_clf 1.742, Loss_kd 2.678, Loss_kernel 0.004, Train_accy 52.05
2025-06-29 09:43:27,703 [icarl.py] => Task 12, Epoch 9/200 => Loss 4.232, Loss_clf 1.602, Loss_kd 2.627, Loss_kernel 0.003, Train_accy 54.34
2025-06-29 09:43:40,859 [icarl.py] => Task 12, Epoch 10/200 => Loss 4.139, Loss_clf 1.558, Loss_kd 2.578, Loss_kernel 0.003, Train_accy 55.28
2025-06-29 09:44:14,912 [icarl.py] => Task 12, Epoch 11/200 => Loss 3.915, Loss_clf 1.379, Loss_kd 2.532, Loss_kernel 0.003, Train_accy 60.80, Test_accy {'Art': 16.96, 'Clipart': 24.75, 'Real World': 18.37, 'Product': 37.6}
2025-06-29 09:44:29,271 [icarl.py] => Task 12, Epoch 12/200 => Loss 3.757, Loss_clf 1.289, Loss_kd 2.464, Loss_kernel 0.003, Train_accy 63.12
2025-06-29 09:44:44,178 [icarl.py] => Task 12, Epoch 13/200 => Loss 3.602, Loss_clf 1.194, Loss_kd 2.405, Loss_kernel 0.003, Train_accy 65.42
2025-06-29 09:44:58,963 [icarl.py] => Task 12, Epoch 14/200 => Loss 3.586, Loss_clf 1.181, Loss_kd 2.403, Loss_kernel 0.003, Train_accy 65.21
2025-06-29 09:45:12,030 [icarl.py] => Task 12, Epoch 15/200 => Loss 3.430, Loss_clf 1.098, Loss_kd 2.329, Loss_kernel 0.003, Train_accy 68.93
2025-06-29 09:45:46,610 [icarl.py] => Task 12, Epoch 16/200 => Loss 3.330, Loss_clf 1.026, Loss_kd 2.300, Loss_kernel 0.003, Train_accy 69.28, Test_accy {'Art': 10.65, 'Clipart': 25.64, 'Real World': 16.04, 'Product': 39.34}
2025-06-29 09:46:01,093 [icarl.py] => Task 12, Epoch 17/200 => Loss 3.340, Loss_clf 1.024, Loss_kd 2.313, Loss_kernel 0.003, Train_accy 70.14
2025-06-29 09:46:16,374 [icarl.py] => Task 12, Epoch 18/200 => Loss 3.086, Loss_clf 0.861, Loss_kd 2.221, Loss_kernel 0.003, Train_accy 75.40
2025-06-29 09:46:31,241 [icarl.py] => Task 12, Epoch 19/200 => Loss 3.086, Loss_clf 0.855, Loss_kd 2.228, Loss_kernel 0.003, Train_accy 75.84
2025-06-29 09:46:44,889 [icarl.py] => Task 12, Epoch 20/200 => Loss 3.130, Loss_clf 0.882, Loss_kd 2.246, Loss_kernel 0.003, Train_accy 74.85
2025-06-29 09:47:19,210 [icarl.py] => Task 12, Epoch 21/200 => Loss 3.110, Loss_clf 0.870, Loss_kd 2.238, Loss_kernel 0.003, Train_accy 74.90, Test_accy {'Art': 12.62, 'Clipart': 26.43, 'Real World': 17.15, 'Product': 42.19}
2025-06-29 09:47:33,386 [icarl.py] => Task 12, Epoch 22/200 => Loss 3.097, Loss_clf 0.861, Loss_kd 2.233, Loss_kernel 0.003, Train_accy 75.01
2025-06-29 09:47:46,101 [icarl.py] => Task 12, Epoch 23/200 => Loss 2.977, Loss_clf 0.760, Loss_kd 2.214, Loss_kernel 0.003, Train_accy 78.94
2025-06-29 09:48:00,652 [icarl.py] => Task 12, Epoch 24/200 => Loss 2.965, Loss_clf 0.760, Loss_kd 2.201, Loss_kernel 0.003, Train_accy 78.18
2025-06-29 09:48:14,158 [icarl.py] => Task 12, Epoch 25/200 => Loss 2.880, Loss_clf 0.710, Loss_kd 2.167, Loss_kernel 0.003, Train_accy 78.94
2025-06-29 09:48:48,070 [icarl.py] => Task 12, Epoch 26/200 => Loss 2.804, Loss_clf 0.652, Loss_kd 2.148, Loss_kernel 0.003, Train_accy 81.19, Test_accy {'Art': 15.98, 'Clipart': 29.45, 'Real World': 18.04, 'Product': 41.86}
2025-06-29 09:49:02,951 [icarl.py] => Task 12, Epoch 27/200 => Loss 2.773, Loss_clf 0.653, Loss_kd 2.117, Loss_kernel 0.003, Train_accy 81.03
2025-06-29 09:49:17,126 [icarl.py] => Task 12, Epoch 28/200 => Loss 2.743, Loss_clf 0.629, Loss_kd 2.111, Loss_kernel 0.003, Train_accy 81.46
2025-06-29 09:49:30,905 [icarl.py] => Task 12, Epoch 29/200 => Loss 2.740, Loss_clf 0.610, Loss_kd 2.127, Loss_kernel 0.003, Train_accy 82.73
2025-06-29 09:49:45,774 [icarl.py] => Task 12, Epoch 30/200 => Loss 2.706, Loss_clf 0.597, Loss_kd 2.107, Loss_kernel 0.003, Train_accy 83.22
2025-06-29 09:50:19,774 [icarl.py] => Task 12, Epoch 31/200 => Loss 2.761, Loss_clf 0.634, Loss_kd 2.124, Loss_kernel 0.003, Train_accy 81.96, Test_accy {'Art': 16.37, 'Clipart': 29.9, 'Real World': 20.27, 'Product': 46.99}
2025-06-29 09:50:35,788 [icarl.py] => Task 12, Epoch 32/200 => Loss 2.675, Loss_clf 0.572, Loss_kd 2.100, Loss_kernel 0.003, Train_accy 83.18
2025-06-29 09:50:51,510 [icarl.py] => Task 12, Epoch 33/200 => Loss 2.617, Loss_clf 0.547, Loss_kd 2.068, Loss_kernel 0.003, Train_accy 83.78
2025-06-29 09:51:06,006 [icarl.py] => Task 12, Epoch 34/200 => Loss 2.588, Loss_clf 0.525, Loss_kd 2.061, Loss_kernel 0.002, Train_accy 85.47
2025-06-29 09:51:18,682 [icarl.py] => Task 12, Epoch 35/200 => Loss 2.577, Loss_clf 0.502, Loss_kd 2.072, Loss_kernel 0.002, Train_accy 85.50
2025-06-29 09:51:51,658 [icarl.py] => Task 12, Epoch 36/200 => Loss 2.623, Loss_clf 0.554, Loss_kd 2.067, Loss_kernel 0.002, Train_accy 85.03, Test_accy {'Art': 14.6, 'Clipart': 26.99, 'Real World': 17.93, 'Product': 42.73}
2025-06-29 09:52:06,607 [icarl.py] => Task 12, Epoch 37/200 => Loss 2.633, Loss_clf 0.569, Loss_kd 2.062, Loss_kernel 0.002, Train_accy 84.16
2025-06-29 09:52:23,637 [icarl.py] => Task 12, Epoch 38/200 => Loss 2.670, Loss_clf 0.565, Loss_kd 2.103, Loss_kernel 0.002, Train_accy 84.10
2025-06-29 09:52:37,634 [icarl.py] => Task 12, Epoch 39/200 => Loss 2.509, Loss_clf 0.484, Loss_kd 2.023, Loss_kernel 0.002, Train_accy 86.11
2025-06-29 09:52:51,586 [icarl.py] => Task 12, Epoch 40/200 => Loss 2.559, Loss_clf 0.512, Loss_kd 2.045, Loss_kernel 0.002, Train_accy 85.97
2025-06-29 09:53:25,123 [icarl.py] => Task 12, Epoch 41/200 => Loss 2.585, Loss_clf 0.528, Loss_kd 2.055, Loss_kernel 0.002, Train_accy 84.61, Test_accy {'Art': 14.79, 'Clipart': 29.12, 'Real World': 19.93, 'Product': 43.93}
2025-06-29 09:53:40,301 [icarl.py] => Task 12, Epoch 42/200 => Loss 2.598, Loss_clf 0.541, Loss_kd 2.055, Loss_kernel 0.003, Train_accy 85.13
2025-06-29 09:53:52,898 [icarl.py] => Task 12, Epoch 43/200 => Loss 2.497, Loss_clf 0.474, Loss_kd 2.021, Loss_kernel 0.002, Train_accy 86.76
2025-06-29 09:54:07,200 [icarl.py] => Task 12, Epoch 44/200 => Loss 2.508, Loss_clf 0.481, Loss_kd 2.024, Loss_kernel 0.003, Train_accy 86.79
2025-06-29 09:54:22,561 [icarl.py] => Task 12, Epoch 45/200 => Loss 2.548, Loss_clf 0.497, Loss_kd 2.049, Loss_kernel 0.002, Train_accy 86.09
2025-06-29 09:54:56,815 [icarl.py] => Task 12, Epoch 46/200 => Loss 2.553, Loss_clf 0.508, Loss_kd 2.043, Loss_kernel 0.002, Train_accy 85.41, Test_accy {'Art': 17.16, 'Clipart': 29.56, 'Real World': 21.6, 'Product': 47.1}
2025-06-29 09:55:09,816 [icarl.py] => Task 12, Epoch 47/200 => Loss 2.465, Loss_clf 0.457, Loss_kd 2.005, Loss_kernel 0.002, Train_accy 86.99
2025-06-29 09:55:23,907 [icarl.py] => Task 12, Epoch 48/200 => Loss 2.465, Loss_clf 0.437, Loss_kd 2.026, Loss_kernel 0.002, Train_accy 88.15
2025-06-29 09:55:38,244 [icarl.py] => Task 12, Epoch 49/200 => Loss 2.452, Loss_clf 0.444, Loss_kd 2.006, Loss_kernel 0.002, Train_accy 87.56
2025-06-29 09:55:53,645 [icarl.py] => Task 12, Epoch 50/200 => Loss 2.398, Loss_clf 0.399, Loss_kd 1.997, Loss_kernel 0.002, Train_accy 88.48
2025-06-29 09:56:27,171 [icarl.py] => Task 12, Epoch 51/200 => Loss 2.401, Loss_clf 0.406, Loss_kd 1.993, Loss_kernel 0.002, Train_accy 88.16, Test_accy {'Art': 17.16, 'Clipart': 29.79, 'Real World': 22.27, 'Product': 48.74}
2025-06-29 09:56:40,833 [icarl.py] => Task 12, Epoch 52/200 => Loss 2.370, Loss_clf 0.404, Loss_kd 1.964, Loss_kernel 0.002, Train_accy 88.82
2025-06-29 09:56:55,294 [icarl.py] => Task 12, Epoch 53/200 => Loss 2.405, Loss_clf 0.427, Loss_kd 1.976, Loss_kernel 0.002, Train_accy 87.88
2025-06-29 09:57:08,958 [icarl.py] => Task 12, Epoch 54/200 => Loss 2.443, Loss_clf 0.440, Loss_kd 2.001, Loss_kernel 0.002, Train_accy 87.34
2025-06-29 09:57:22,869 [icarl.py] => Task 12, Epoch 55/200 => Loss 2.412, Loss_clf 0.409, Loss_kd 2.001, Loss_kernel 0.002, Train_accy 88.61
2025-06-29 09:57:56,499 [icarl.py] => Task 12, Epoch 56/200 => Loss 2.351, Loss_clf 0.397, Loss_kd 1.952, Loss_kernel 0.002, Train_accy 89.46, Test_accy {'Art': 15.38, 'Clipart': 29.34, 'Real World': 20.94, 'Product': 48.42}
2025-06-29 09:58:09,130 [icarl.py] => Task 12, Epoch 57/200 => Loss 2.406, Loss_clf 0.420, Loss_kd 1.984, Loss_kernel 0.002, Train_accy 87.95
2025-06-29 09:58:23,181 [icarl.py] => Task 12, Epoch 58/200 => Loss 2.375, Loss_clf 0.375, Loss_kd 1.999, Loss_kernel 0.002, Train_accy 89.42
2025-06-29 09:58:37,467 [icarl.py] => Task 12, Epoch 59/200 => Loss 2.470, Loss_clf 0.454, Loss_kd 2.013, Loss_kernel 0.002, Train_accy 87.14
2025-06-29 09:58:51,321 [icarl.py] => Task 12, Epoch 60/200 => Loss 2.445, Loss_clf 0.416, Loss_kd 2.027, Loss_kernel 0.002, Train_accy 88.13
2025-06-29 09:59:24,983 [icarl.py] => Task 12, Epoch 61/200 => Loss 2.436, Loss_clf 0.432, Loss_kd 2.002, Loss_kernel 0.002, Train_accy 87.25, Test_accy {'Art': 16.17, 'Clipart': 29.23, 'Real World': 20.71, 'Product': 44.37}
2025-06-29 09:59:39,066 [icarl.py] => Task 12, Epoch 62/200 => Loss 2.458, Loss_clf 0.419, Loss_kd 2.038, Loss_kernel 0.002, Train_accy 88.68
2025-06-29 09:59:52,371 [icarl.py] => Task 12, Epoch 63/200 => Loss 2.413, Loss_clf 0.408, Loss_kd 2.003, Loss_kernel 0.002, Train_accy 88.23
2025-06-29 10:00:07,377 [icarl.py] => Task 12, Epoch 64/200 => Loss 2.506, Loss_clf 0.478, Loss_kd 2.027, Loss_kernel 0.002, Train_accy 86.85
2025-06-29 10:00:20,845 [icarl.py] => Task 12, Epoch 65/200 => Loss 2.412, Loss_clf 0.418, Loss_kd 1.992, Loss_kernel 0.002, Train_accy 88.16
2025-06-29 10:00:54,893 [icarl.py] => Task 12, Epoch 66/200 => Loss 2.325, Loss_clf 0.359, Loss_kd 1.965, Loss_kernel 0.002, Train_accy 89.68, Test_accy {'Art': 16.37, 'Clipart': 29.23, 'Real World': 19.27, 'Product': 49.73}
2025-06-29 10:01:08,299 [icarl.py] => Task 12, Epoch 67/200 => Loss 2.304, Loss_clf 0.343, Loss_kd 1.960, Loss_kernel 0.002, Train_accy 89.87
2025-06-29 10:01:22,976 [icarl.py] => Task 12, Epoch 68/200 => Loss 2.308, Loss_clf 0.357, Loss_kd 1.949, Loss_kernel 0.002, Train_accy 90.52
2025-06-29 10:01:34,713 [icarl.py] => Task 12, Epoch 69/200 => Loss 2.344, Loss_clf 0.358, Loss_kd 1.984, Loss_kernel 0.002, Train_accy 90.18
2025-06-29 10:01:46,718 [icarl.py] => Task 12, Epoch 70/200 => Loss 2.342, Loss_clf 0.386, Loss_kd 1.954, Loss_kernel 0.002, Train_accy 89.41
2025-06-29 10:02:18,626 [icarl.py] => Task 12, Epoch 71/200 => Loss 2.361, Loss_clf 0.382, Loss_kd 1.977, Loss_kernel 0.002, Train_accy 90.08, Test_accy {'Art': 15.19, 'Clipart': 31.24, 'Real World': 20.38, 'Product': 50.93}
2025-06-29 10:02:31,789 [icarl.py] => Task 12, Epoch 72/200 => Loss 2.276, Loss_clf 0.333, Loss_kd 1.941, Loss_kernel 0.002, Train_accy 90.29
2025-06-29 10:02:45,277 [icarl.py] => Task 12, Epoch 73/200 => Loss 2.325, Loss_clf 0.334, Loss_kd 1.989, Loss_kernel 0.002, Train_accy 90.42
2025-06-29 10:03:00,070 [icarl.py] => Task 12, Epoch 74/200 => Loss 2.308, Loss_clf 0.349, Loss_kd 1.957, Loss_kernel 0.002, Train_accy 90.05
2025-06-29 10:03:14,477 [icarl.py] => Task 12, Epoch 75/200 => Loss 2.292, Loss_clf 0.346, Loss_kd 1.944, Loss_kernel 0.002, Train_accy 89.78
2025-06-29 10:03:46,785 [icarl.py] => Task 12, Epoch 76/200 => Loss 2.297, Loss_clf 0.353, Loss_kd 1.942, Loss_kernel 0.002, Train_accy 89.87, Test_accy {'Art': 18.74, 'Clipart': 30.8, 'Real World': 20.16, 'Product': 48.63}
2025-06-29 10:04:01,360 [icarl.py] => Task 12, Epoch 77/200 => Loss 2.259, Loss_clf 0.321, Loss_kd 1.937, Loss_kernel 0.002, Train_accy 90.73
2025-06-29 10:04:14,880 [icarl.py] => Task 12, Epoch 78/200 => Loss 2.265, Loss_clf 0.327, Loss_kd 1.936, Loss_kernel 0.002, Train_accy 90.69
2025-06-29 10:04:29,671 [icarl.py] => Task 12, Epoch 79/200 => Loss 2.283, Loss_clf 0.326, Loss_kd 1.956, Loss_kernel 0.002, Train_accy 90.96
2025-06-29 10:04:44,383 [icarl.py] => Task 12, Epoch 80/200 => Loss 2.292, Loss_clf 0.321, Loss_kd 1.969, Loss_kernel 0.002, Train_accy 90.70
2025-06-29 10:05:19,743 [icarl.py] => Task 12, Epoch 81/200 => Loss 2.260, Loss_clf 0.322, Loss_kd 1.936, Loss_kernel 0.002, Train_accy 90.74, Test_accy {'Art': 18.34, 'Clipart': 29.23, 'Real World': 22.83, 'Product': 50.38}
2025-06-29 10:05:34,178 [icarl.py] => Task 12, Epoch 82/200 => Loss 2.262, Loss_clf 0.324, Loss_kd 1.936, Loss_kernel 0.002, Train_accy 90.75
2025-06-29 10:05:47,182 [icarl.py] => Task 12, Epoch 83/200 => Loss 2.315, Loss_clf 0.369, Loss_kd 1.945, Loss_kernel 0.002, Train_accy 89.66
2025-06-29 10:05:59,222 [icarl.py] => Task 12, Epoch 84/200 => Loss 2.252, Loss_clf 0.313, Loss_kd 1.938, Loss_kernel 0.002, Train_accy 91.14
2025-06-29 10:06:12,364 [icarl.py] => Task 12, Epoch 85/200 => Loss 2.195, Loss_clf 0.292, Loss_kd 1.902, Loss_kernel 0.002, Train_accy 92.11
2025-06-29 10:06:45,006 [icarl.py] => Task 12, Epoch 86/200 => Loss 2.274, Loss_clf 0.327, Loss_kd 1.945, Loss_kernel 0.002, Train_accy 91.32, Test_accy {'Art': 15.58, 'Clipart': 28.44, 'Real World': 21.27, 'Product': 50.16}
2025-06-29 10:06:56,879 [icarl.py] => Task 12, Epoch 87/200 => Loss 2.211, Loss_clf 0.285, Loss_kd 1.925, Loss_kernel 0.002, Train_accy 92.18
2025-06-29 10:07:07,781 [icarl.py] => Task 12, Epoch 88/200 => Loss 2.182, Loss_clf 0.286, Loss_kd 1.895, Loss_kernel 0.001, Train_accy 91.58
2025-06-29 10:07:20,716 [icarl.py] => Task 12, Epoch 89/200 => Loss 2.168, Loss_clf 0.261, Loss_kd 1.906, Loss_kernel 0.001, Train_accy 92.76
2025-06-29 10:07:35,086 [icarl.py] => Task 12, Epoch 90/200 => Loss 2.303, Loss_clf 0.340, Loss_kd 1.962, Loss_kernel 0.001, Train_accy 90.32
2025-06-29 10:08:07,182 [icarl.py] => Task 12, Epoch 91/200 => Loss 2.185, Loss_clf 0.282, Loss_kd 1.902, Loss_kernel 0.001, Train_accy 91.91, Test_accy {'Art': 17.55, 'Clipart': 29.45, 'Real World': 21.27, 'Product': 52.46}
2025-06-29 10:08:21,417 [icarl.py] => Task 12, Epoch 92/200 => Loss 2.156, Loss_clf 0.262, Loss_kd 1.892, Loss_kernel 0.001, Train_accy 92.73
2025-06-29 10:08:33,677 [icarl.py] => Task 12, Epoch 93/200 => Loss 2.151, Loss_clf 0.256, Loss_kd 1.893, Loss_kernel 0.001, Train_accy 92.76
2025-06-29 10:08:47,428 [icarl.py] => Task 12, Epoch 94/200 => Loss 2.152, Loss_clf 0.266, Loss_kd 1.885, Loss_kernel 0.001, Train_accy 92.86
2025-06-29 10:09:00,520 [icarl.py] => Task 12, Epoch 95/200 => Loss 2.124, Loss_clf 0.252, Loss_kd 1.871, Loss_kernel 0.001, Train_accy 93.24
2025-06-29 10:09:33,623 [icarl.py] => Task 12, Epoch 96/200 => Loss 2.140, Loss_clf 0.238, Loss_kd 1.901, Loss_kernel 0.001, Train_accy 93.84, Test_accy {'Art': 17.36, 'Clipart': 31.47, 'Real World': 20.27, 'Product': 48.96}
2025-06-29 10:09:46,735 [icarl.py] => Task 12, Epoch 97/200 => Loss 2.123, Loss_clf 0.251, Loss_kd 1.871, Loss_kernel 0.001, Train_accy 93.37
2025-06-29 10:09:59,117 [icarl.py] => Task 12, Epoch 98/200 => Loss 2.092, Loss_clf 0.231, Loss_kd 1.860, Loss_kernel 0.001, Train_accy 94.10
2025-06-29 10:10:11,040 [icarl.py] => Task 12, Epoch 99/200 => Loss 2.098, Loss_clf 0.219, Loss_kd 1.878, Loss_kernel 0.001, Train_accy 93.80
2025-06-29 10:10:24,103 [icarl.py] => Task 12, Epoch 100/200 => Loss 2.061, Loss_clf 0.213, Loss_kd 1.847, Loss_kernel 0.001, Train_accy 93.98
2025-06-29 10:10:54,530 [icarl.py] => Task 12, Epoch 101/200 => Loss 2.103, Loss_clf 0.218, Loss_kd 1.885, Loss_kernel 0.001, Train_accy 93.58, Test_accy {'Art': 17.95, 'Clipart': 31.13, 'Real World': 21.94, 'Product': 53.77}
2025-06-29 10:11:08,058 [icarl.py] => Task 12, Epoch 102/200 => Loss 2.079, Loss_clf 0.214, Loss_kd 1.864, Loss_kernel 0.001, Train_accy 94.08
2025-06-29 10:11:20,346 [icarl.py] => Task 12, Epoch 103/200 => Loss 2.071, Loss_clf 0.226, Loss_kd 1.844, Loss_kernel 0.001, Train_accy 94.57
2025-06-29 10:11:31,806 [icarl.py] => Task 12, Epoch 104/200 => Loss 2.084, Loss_clf 0.211, Loss_kd 1.873, Loss_kernel 0.001, Train_accy 94.21
2025-06-29 10:11:44,858 [icarl.py] => Task 12, Epoch 105/200 => Loss 2.122, Loss_clf 0.225, Loss_kd 1.896, Loss_kernel 0.001, Train_accy 94.23
2025-06-29 10:12:16,542 [icarl.py] => Task 12, Epoch 106/200 => Loss 2.069, Loss_clf 0.206, Loss_kd 1.862, Loss_kernel 0.001, Train_accy 94.28, Test_accy {'Art': 17.95, 'Clipart': 32.14, 'Real World': 23.5, 'Product': 53.55}
2025-06-29 10:12:29,096 [icarl.py] => Task 12, Epoch 107/200 => Loss 2.068, Loss_clf 0.184, Loss_kd 1.883, Loss_kernel 0.001, Train_accy 95.20
2025-06-29 10:12:42,103 [icarl.py] => Task 12, Epoch 108/200 => Loss 2.051, Loss_clf 0.194, Loss_kd 1.855, Loss_kernel 0.001, Train_accy 94.64
2025-06-29 10:12:54,073 [icarl.py] => Task 12, Epoch 109/200 => Loss 2.015, Loss_clf 0.194, Loss_kd 1.820, Loss_kernel 0.001, Train_accy 94.72
2025-06-29 10:13:07,258 [icarl.py] => Task 12, Epoch 110/200 => Loss 2.062, Loss_clf 0.211, Loss_kd 1.850, Loss_kernel 0.001, Train_accy 94.18
2025-06-29 10:13:37,592 [icarl.py] => Task 12, Epoch 111/200 => Loss 2.043, Loss_clf 0.199, Loss_kd 1.843, Loss_kernel 0.001, Train_accy 95.22, Test_accy {'Art': 17.16, 'Clipart': 32.92, 'Real World': 21.05, 'Product': 53.22}
2025-06-29 10:13:50,131 [icarl.py] => Task 12, Epoch 112/200 => Loss 2.038, Loss_clf 0.195, Loss_kd 1.843, Loss_kernel 0.001, Train_accy 94.92
2025-06-29 10:14:03,068 [icarl.py] => Task 12, Epoch 113/200 => Loss 2.002, Loss_clf 0.182, Loss_kd 1.819, Loss_kernel 0.001, Train_accy 94.88
2025-06-29 10:14:15,965 [icarl.py] => Task 12, Epoch 114/200 => Loss 2.007, Loss_clf 0.179, Loss_kd 1.828, Loss_kernel 0.001, Train_accy 95.19
2025-06-29 10:14:29,293 [icarl.py] => Task 12, Epoch 115/200 => Loss 2.072, Loss_clf 0.213, Loss_kd 1.857, Loss_kernel 0.001, Train_accy 94.38
2025-06-29 10:15:00,973 [icarl.py] => Task 12, Epoch 116/200 => Loss 2.070, Loss_clf 0.201, Loss_kd 1.868, Loss_kernel 0.001, Train_accy 94.46, Test_accy {'Art': 19.53, 'Clipart': 32.81, 'Real World': 22.94, 'Product': 54.32}
2025-06-29 10:15:14,076 [icarl.py] => Task 12, Epoch 117/200 => Loss 2.049, Loss_clf 0.187, Loss_kd 1.861, Loss_kernel 0.001, Train_accy 95.10
2025-06-29 10:15:25,956 [icarl.py] => Task 12, Epoch 118/200 => Loss 2.008, Loss_clf 0.172, Loss_kd 1.835, Loss_kernel 0.001, Train_accy 95.09
2025-06-29 10:15:40,036 [icarl.py] => Task 12, Epoch 119/200 => Loss 1.969, Loss_clf 0.157, Loss_kd 1.811, Loss_kernel 0.001, Train_accy 95.97
2025-06-29 10:15:53,053 [icarl.py] => Task 12, Epoch 120/200 => Loss 1.987, Loss_clf 0.183, Loss_kd 1.802, Loss_kernel 0.001, Train_accy 95.09
2025-06-29 10:16:24,488 [icarl.py] => Task 12, Epoch 121/200 => Loss 1.998, Loss_clf 0.163, Loss_kd 1.833, Loss_kernel 0.001, Train_accy 95.95, Test_accy {'Art': 18.54, 'Clipart': 32.47, 'Real World': 23.05, 'Product': 52.13}
2025-06-29 10:16:36,580 [icarl.py] => Task 12, Epoch 122/200 => Loss 1.982, Loss_clf 0.177, Loss_kd 1.804, Loss_kernel 0.001, Train_accy 94.73
2025-06-29 10:16:47,562 [icarl.py] => Task 12, Epoch 123/200 => Loss 1.990, Loss_clf 0.153, Loss_kd 1.836, Loss_kernel 0.001, Train_accy 96.09
2025-06-29 10:17:01,038 [icarl.py] => Task 12, Epoch 124/200 => Loss 1.937, Loss_clf 0.133, Loss_kd 1.803, Loss_kernel 0.001, Train_accy 96.78
2025-06-29 10:17:13,687 [icarl.py] => Task 12, Epoch 125/200 => Loss 1.973, Loss_clf 0.157, Loss_kd 1.815, Loss_kernel 0.001, Train_accy 95.91
2025-06-29 10:17:43,685 [icarl.py] => Task 12, Epoch 126/200 => Loss 1.953, Loss_clf 0.138, Loss_kd 1.814, Loss_kernel 0.001, Train_accy 96.25, Test_accy {'Art': 17.75, 'Clipart': 32.03, 'Real World': 22.94, 'Product': 53.01}
2025-06-29 10:17:53,998 [icarl.py] => Task 12, Epoch 127/200 => Loss 1.889, Loss_clf 0.124, Loss_kd 1.765, Loss_kernel 0.001, Train_accy 96.95
2025-06-29 10:18:05,644 [icarl.py] => Task 12, Epoch 128/200 => Loss 2.004, Loss_clf 0.174, Loss_kd 1.829, Loss_kernel 0.001, Train_accy 95.23
2025-06-29 10:18:19,295 [icarl.py] => Task 12, Epoch 129/200 => Loss 1.984, Loss_clf 0.166, Loss_kd 1.817, Loss_kernel 0.001, Train_accy 95.81
2025-06-29 10:18:30,467 [icarl.py] => Task 12, Epoch 130/200 => Loss 1.962, Loss_clf 0.140, Loss_kd 1.821, Loss_kernel 0.001, Train_accy 96.55
2025-06-29 10:19:01,464 [icarl.py] => Task 12, Epoch 131/200 => Loss 1.923, Loss_clf 0.141, Loss_kd 1.781, Loss_kernel 0.001, Train_accy 96.56, Test_accy {'Art': 17.55, 'Clipart': 31.8, 'Real World': 22.49, 'Product': 53.55}
2025-06-29 10:19:14,133 [icarl.py] => Task 12, Epoch 132/200 => Loss 1.979, Loss_clf 0.144, Loss_kd 1.834, Loss_kernel 0.001, Train_accy 96.31
2025-06-29 10:19:26,437 [icarl.py] => Task 12, Epoch 133/200 => Loss 1.944, Loss_clf 0.123, Loss_kd 1.821, Loss_kernel 0.001, Train_accy 96.88
2025-06-29 10:19:39,201 [icarl.py] => Task 12, Epoch 134/200 => Loss 1.977, Loss_clf 0.167, Loss_kd 1.809, Loss_kernel 0.001, Train_accy 96.07
2025-06-29 10:19:49,404 [icarl.py] => Task 12, Epoch 135/200 => Loss 1.937, Loss_clf 0.139, Loss_kd 1.797, Loss_kernel 0.001, Train_accy 96.18
2025-06-29 10:20:19,824 [icarl.py] => Task 12, Epoch 136/200 => Loss 1.900, Loss_clf 0.130, Loss_kd 1.769, Loss_kernel 0.001, Train_accy 96.60, Test_accy {'Art': 20.91, 'Clipart': 30.57, 'Real World': 23.05, 'Product': 53.55}
2025-06-29 10:20:31,622 [icarl.py] => Task 12, Epoch 137/200 => Loss 1.906, Loss_clf 0.126, Loss_kd 1.779, Loss_kernel 0.001, Train_accy 96.72
2025-06-29 10:20:42,982 [icarl.py] => Task 12, Epoch 138/200 => Loss 1.906, Loss_clf 0.114, Loss_kd 1.792, Loss_kernel 0.001, Train_accy 97.27
2025-06-29 10:20:54,188 [icarl.py] => Task 12, Epoch 139/200 => Loss 1.901, Loss_clf 0.116, Loss_kd 1.784, Loss_kernel 0.001, Train_accy 96.92
2025-06-29 10:21:06,412 [icarl.py] => Task 12, Epoch 140/200 => Loss 1.909, Loss_clf 0.122, Loss_kd 1.786, Loss_kernel 0.001, Train_accy 96.88
2025-06-29 10:21:37,373 [icarl.py] => Task 12, Epoch 141/200 => Loss 1.907, Loss_clf 0.128, Loss_kd 1.778, Loss_kernel 0.001, Train_accy 97.07, Test_accy {'Art': 20.71, 'Clipart': 31.91, 'Real World': 24.61, 'Product': 54.43}
2025-06-29 10:21:48,642 [icarl.py] => Task 12, Epoch 142/200 => Loss 1.952, Loss_clf 0.144, Loss_kd 1.807, Loss_kernel 0.001, Train_accy 96.65
2025-06-29 10:22:00,882 [icarl.py] => Task 12, Epoch 143/200 => Loss 1.842, Loss_clf 0.105, Loss_kd 1.736, Loss_kernel 0.001, Train_accy 97.54
2025-06-29 10:22:11,840 [icarl.py] => Task 12, Epoch 144/200 => Loss 1.904, Loss_clf 0.131, Loss_kd 1.772, Loss_kernel 0.001, Train_accy 96.76
2025-06-29 10:22:23,228 [icarl.py] => Task 12, Epoch 145/200 => Loss 1.917, Loss_clf 0.127, Loss_kd 1.790, Loss_kernel 0.001, Train_accy 96.66
2025-06-29 10:22:54,329 [icarl.py] => Task 12, Epoch 146/200 => Loss 1.886, Loss_clf 0.124, Loss_kd 1.761, Loss_kernel 0.001, Train_accy 96.55, Test_accy {'Art': 21.1, 'Clipart': 30.8, 'Real World': 21.83, 'Product': 52.79}
2025-06-29 10:23:06,970 [icarl.py] => Task 12, Epoch 147/200 => Loss 1.946, Loss_clf 0.138, Loss_kd 1.807, Loss_kernel 0.001, Train_accy 96.31
2025-06-29 10:23:17,053 [icarl.py] => Task 12, Epoch 148/200 => Loss 1.857, Loss_clf 0.106, Loss_kd 1.750, Loss_kernel 0.001, Train_accy 97.57
2025-06-29 10:23:28,024 [icarl.py] => Task 12, Epoch 149/200 => Loss 1.887, Loss_clf 0.108, Loss_kd 1.778, Loss_kernel 0.001, Train_accy 97.63
2025-06-29 10:23:39,338 [icarl.py] => Task 12, Epoch 150/200 => Loss 1.931, Loss_clf 0.129, Loss_kd 1.802, Loss_kernel 0.001, Train_accy 96.87
2025-06-29 10:24:08,350 [icarl.py] => Task 12, Epoch 151/200 => Loss 1.916, Loss_clf 0.125, Loss_kd 1.791, Loss_kernel 0.001, Train_accy 96.55, Test_accy {'Art': 20.51, 'Clipart': 33.59, 'Real World': 24.72, 'Product': 54.54}
2025-06-29 10:24:19,074 [icarl.py] => Task 12, Epoch 152/200 => Loss 1.903, Loss_clf 0.109, Loss_kd 1.793, Loss_kernel 0.001, Train_accy 97.43
2025-06-29 10:24:31,879 [icarl.py] => Task 12, Epoch 153/200 => Loss 1.887, Loss_clf 0.129, Loss_kd 1.756, Loss_kernel 0.001, Train_accy 96.52
2025-06-29 10:24:43,901 [icarl.py] => Task 12, Epoch 154/200 => Loss 1.884, Loss_clf 0.099, Loss_kd 1.784, Loss_kernel 0.001, Train_accy 97.90
2025-06-29 10:24:54,574 [icarl.py] => Task 12, Epoch 155/200 => Loss 1.868, Loss_clf 0.101, Loss_kd 1.767, Loss_kernel 0.001, Train_accy 97.73
2025-06-29 10:25:24,780 [icarl.py] => Task 12, Epoch 156/200 => Loss 1.857, Loss_clf 0.091, Loss_kd 1.765, Loss_kernel 0.001, Train_accy 97.84, Test_accy {'Art': 20.71, 'Clipart': 33.03, 'Real World': 23.61, 'Product': 54.97}
2025-06-29 10:25:34,758 [icarl.py] => Task 12, Epoch 157/200 => Loss 1.882, Loss_clf 0.110, Loss_kd 1.772, Loss_kernel 0.001, Train_accy 97.46
2025-06-29 10:25:46,058 [icarl.py] => Task 12, Epoch 158/200 => Loss 1.877, Loss_clf 0.111, Loss_kd 1.766, Loss_kernel 0.001, Train_accy 97.74
2025-06-29 10:25:57,063 [icarl.py] => Task 12, Epoch 159/200 => Loss 1.885, Loss_clf 0.099, Loss_kd 1.785, Loss_kernel 0.001, Train_accy 97.73
2025-06-29 10:26:07,133 [icarl.py] => Task 12, Epoch 160/200 => Loss 1.830, Loss_clf 0.092, Loss_kd 1.738, Loss_kernel 0.001, Train_accy 97.78
2025-06-29 10:26:36,906 [icarl.py] => Task 12, Epoch 161/200 => Loss 1.858, Loss_clf 0.095, Loss_kd 1.762, Loss_kernel 0.001, Train_accy 97.53, Test_accy {'Art': 19.53, 'Clipart': 31.58, 'Real World': 24.16, 'Product': 55.08}
2025-06-29 10:26:47,523 [icarl.py] => Task 12, Epoch 162/200 => Loss 1.840, Loss_clf 0.088, Loss_kd 1.751, Loss_kernel 0.001, Train_accy 97.99
2025-06-29 10:26:58,592 [icarl.py] => Task 12, Epoch 163/200 => Loss 1.889, Loss_clf 0.118, Loss_kd 1.771, Loss_kernel 0.001, Train_accy 97.37
2025-06-29 10:27:07,973 [icarl.py] => Task 12, Epoch 164/200 => Loss 1.851, Loss_clf 0.100, Loss_kd 1.750, Loss_kernel 0.001, Train_accy 97.41
2025-06-29 10:27:19,024 [icarl.py] => Task 12, Epoch 165/200 => Loss 1.875, Loss_clf 0.107, Loss_kd 1.767, Loss_kernel 0.001, Train_accy 97.37
2025-06-29 10:27:48,243 [icarl.py] => Task 12, Epoch 166/200 => Loss 1.847, Loss_clf 0.092, Loss_kd 1.755, Loss_kernel 0.001, Train_accy 98.09, Test_accy {'Art': 20.12, 'Clipart': 31.35, 'Real World': 24.61, 'Product': 55.52}
2025-06-29 10:27:59,037 [icarl.py] => Task 12, Epoch 167/200 => Loss 1.866, Loss_clf 0.106, Loss_kd 1.759, Loss_kernel 0.001, Train_accy 97.47
2025-06-29 10:28:08,246 [icarl.py] => Task 12, Epoch 168/200 => Loss 1.877, Loss_clf 0.114, Loss_kd 1.763, Loss_kernel 0.001, Train_accy 97.46
2025-06-29 10:28:19,342 [icarl.py] => Task 12, Epoch 169/200 => Loss 1.892, Loss_clf 0.105, Loss_kd 1.786, Loss_kernel 0.001, Train_accy 97.84
2025-06-29 10:28:30,796 [icarl.py] => Task 12, Epoch 170/200 => Loss 1.847, Loss_clf 0.096, Loss_kd 1.750, Loss_kernel 0.001, Train_accy 97.79
2025-06-29 10:29:00,755 [icarl.py] => Task 12, Epoch 171/200 => Loss 1.871, Loss_clf 0.101, Loss_kd 1.769, Loss_kernel 0.001, Train_accy 97.74, Test_accy {'Art': 19.92, 'Clipart': 32.92, 'Real World': 24.61, 'Product': 54.97}
2025-06-29 10:29:10,153 [icarl.py] => Task 12, Epoch 172/200 => Loss 1.856, Loss_clf 0.092, Loss_kd 1.763, Loss_kernel 0.001, Train_accy 98.08
2025-06-29 10:29:20,593 [icarl.py] => Task 12, Epoch 173/200 => Loss 1.840, Loss_clf 0.097, Loss_kd 1.742, Loss_kernel 0.001, Train_accy 97.98
2025-06-29 10:29:30,715 [icarl.py] => Task 12, Epoch 174/200 => Loss 1.816, Loss_clf 0.087, Loss_kd 1.729, Loss_kernel 0.001, Train_accy 97.98
2025-06-29 10:29:41,437 [icarl.py] => Task 12, Epoch 175/200 => Loss 1.826, Loss_clf 0.092, Loss_kd 1.732, Loss_kernel 0.001, Train_accy 97.88
2025-06-29 10:30:10,541 [icarl.py] => Task 12, Epoch 176/200 => Loss 1.840, Loss_clf 0.098, Loss_kd 1.741, Loss_kernel 0.001, Train_accy 97.73, Test_accy {'Art': 19.72, 'Clipart': 32.14, 'Real World': 24.28, 'Product': 54.64}
2025-06-29 10:30:21,041 [icarl.py] => Task 12, Epoch 177/200 => Loss 1.892, Loss_clf 0.117, Loss_kd 1.774, Loss_kernel 0.001, Train_accy 96.86
2025-06-29 10:30:31,817 [icarl.py] => Task 12, Epoch 178/200 => Loss 1.883, Loss_clf 0.098, Loss_kd 1.784, Loss_kernel 0.001, Train_accy 97.68
2025-06-29 10:30:41,941 [icarl.py] => Task 12, Epoch 179/200 => Loss 1.853, Loss_clf 0.089, Loss_kd 1.763, Loss_kernel 0.001, Train_accy 97.88
2025-06-29 10:30:52,159 [icarl.py] => Task 12, Epoch 180/200 => Loss 1.844, Loss_clf 0.086, Loss_kd 1.757, Loss_kernel 0.001, Train_accy 98.09
2025-06-29 10:31:21,612 [icarl.py] => Task 12, Epoch 181/200 => Loss 1.841, Loss_clf 0.094, Loss_kd 1.746, Loss_kernel 0.001, Train_accy 97.73, Test_accy {'Art': 20.12, 'Clipart': 32.81, 'Real World': 24.28, 'Product': 55.63}
2025-06-29 10:31:31,002 [icarl.py] => Task 12, Epoch 182/200 => Loss 1.808, Loss_clf 0.072, Loss_kd 1.736, Loss_kernel 0.001, Train_accy 98.24
2025-06-29 10:31:40,730 [icarl.py] => Task 12, Epoch 183/200 => Loss 1.853, Loss_clf 0.084, Loss_kd 1.768, Loss_kernel 0.001, Train_accy 98.34
2025-06-29 10:31:49,059 [icarl.py] => Task 12, Epoch 184/200 => Loss 1.850, Loss_clf 0.094, Loss_kd 1.755, Loss_kernel 0.001, Train_accy 97.76
2025-06-29 10:31:59,064 [icarl.py] => Task 12, Epoch 185/200 => Loss 1.838, Loss_clf 0.084, Loss_kd 1.753, Loss_kernel 0.001, Train_accy 98.24
2025-06-29 10:32:27,235 [icarl.py] => Task 12, Epoch 186/200 => Loss 1.867, Loss_clf 0.082, Loss_kd 1.784, Loss_kernel 0.001, Train_accy 98.24, Test_accy {'Art': 18.93, 'Clipart': 33.03, 'Real World': 23.5, 'Product': 54.75}
2025-06-29 10:32:37,620 [icarl.py] => Task 12, Epoch 187/200 => Loss 1.822, Loss_clf 0.085, Loss_kd 1.736, Loss_kernel 0.001, Train_accy 98.29
2025-06-29 10:32:48,566 [icarl.py] => Task 12, Epoch 188/200 => Loss 1.848, Loss_clf 0.074, Loss_kd 1.774, Loss_kernel 0.001, Train_accy 98.66
2025-06-29 10:33:00,264 [icarl.py] => Task 12, Epoch 189/200 => Loss 1.842, Loss_clf 0.093, Loss_kd 1.748, Loss_kernel 0.001, Train_accy 97.99
2025-06-29 10:33:10,669 [icarl.py] => Task 12, Epoch 190/200 => Loss 1.797, Loss_clf 0.075, Loss_kd 1.721, Loss_kernel 0.001, Train_accy 98.40
2025-06-29 10:33:39,490 [icarl.py] => Task 12, Epoch 191/200 => Loss 1.814, Loss_clf 0.067, Loss_kd 1.746, Loss_kernel 0.001, Train_accy 98.60, Test_accy {'Art': 21.5, 'Clipart': 32.92, 'Real World': 24.05, 'Product': 55.63}
2025-06-29 10:33:49,627 [icarl.py] => Task 12, Epoch 192/200 => Loss 1.846, Loss_clf 0.079, Loss_kd 1.766, Loss_kernel 0.001, Train_accy 98.13
2025-06-29 10:33:58,529 [icarl.py] => Task 12, Epoch 193/200 => Loss 1.800, Loss_clf 0.069, Loss_kd 1.731, Loss_kernel 0.001, Train_accy 98.54
2025-06-29 10:34:07,282 [icarl.py] => Task 12, Epoch 194/200 => Loss 1.843, Loss_clf 0.094, Loss_kd 1.748, Loss_kernel 0.001, Train_accy 98.02
2025-06-29 10:34:17,242 [icarl.py] => Task 12, Epoch 195/200 => Loss 1.853, Loss_clf 0.085, Loss_kd 1.767, Loss_kernel 0.001, Train_accy 98.24
2025-06-29 10:34:45,817 [icarl.py] => Task 12, Epoch 196/200 => Loss 1.811, Loss_clf 0.078, Loss_kd 1.733, Loss_kernel 0.001, Train_accy 98.39, Test_accy {'Art': 20.32, 'Clipart': 32.7, 'Real World': 22.83, 'Product': 55.08}
2025-06-29 10:34:55,213 [icarl.py] => Task 12, Epoch 197/200 => Loss 1.868, Loss_clf 0.096, Loss_kd 1.772, Loss_kernel 0.001, Train_accy 98.13
2025-06-29 10:35:04,946 [icarl.py] => Task 12, Epoch 198/200 => Loss 1.803, Loss_clf 0.068, Loss_kd 1.734, Loss_kernel 0.001, Train_accy 98.81
2025-06-29 10:35:12,923 [icarl.py] => Task 12, Epoch 199/200 => Loss 1.835, Loss_clf 0.081, Loss_kd 1.754, Loss_kernel 0.001, Train_accy 98.59
2025-06-29 10:35:23,954 [icarl.py] => Task 12, Epoch 200/200 => Loss 1.854, Loss_clf 0.088, Loss_kd 1.765, Loss_kernel 0.001, Train_accy 98.35
2025-06-29 10:35:23,956 [base.py] => Reducing exemplars...(20 per classes)
2025-06-29 10:35:49,597 [base.py] => Constructing exemplars...(20 per classes)
2025-06-29 10:36:34,997 [icarl.py] => Exemplar size: 1300
2025-06-29 10:36:36,125 [trainer.py] => CNN [Art]: {'total': 20.32, '00-04': 31.58, '05-09': 29.41, '10-14': 24.32, '15-19': 18.52, '20-24': 10.53, '25-29': 5.88, '30-34': 23.64, '35-39': 12.2, '40-44': 13.16, '45-49': 20.0, '50-54': 28.57, '55-59': 9.76, '60-64': 40.0, 'old': 19.29, 'new': 40.0}
2025-06-29 10:36:36,126 [trainer.py] => NME [Art]: {'total': 21.1, '00-04': 31.58, '05-09': 20.59, '10-14': 24.32, '15-19': 18.52, '20-24': 15.79, '25-29': 11.76, '30-34': 21.82, '35-39': 14.63, '40-44': 18.42, '45-49': 24.0, '50-54': 28.57, '55-59': 12.2, '60-64': 32.0, 'old': 20.54, 'new': 32.0}
2025-06-29 10:36:36,126 [trainer.py] => CNN [Art] top1 curve: [60.53, 51.39, 49.54, 41.18, 39.08, 32.21, 31.94, 27.3, 22.81, 24.23, 19.5, 20.33, 20.32]
2025-06-29 10:36:36,126 [trainer.py] => CNN [Art] top5 curve: [92.11, 87.5, 70.64, 66.91, 59.77, 56.73, 52.85, 48.36, 43.27, 45.15, 40.36, 40.87, 35.9]
2025-06-29 10:36:36,126 [trainer.py] => NME [Art] top1 curve: [65.79, 56.94, 49.54, 46.32, 36.78, 37.98, 34.22, 28.62, 25.44, 23.21, 20.86, 21.37, 21.1]
2025-06-29 10:36:36,126 [trainer.py] => NME [Art] top5 curve: [100.0, 88.89, 79.82, 75.0, 66.67, 63.46, 58.17, 51.32, 45.61, 43.88, 42.86, 41.49, 38.46]
2025-06-29 10:36:36,127 [trainer.py] => Average Accuracy [Art] (CNN): 33.87384615384615
2025-06-29 10:36:36,127 [trainer.py] => Average Accuracy [Art] (NME): 36.01307692307692
2025-06-29 10:36:36,127 [trainer.py] => CNN [Clipart]: {'total': 32.47, '00-04': 46.15, '05-09': 35.48, '10-14': 31.82, '15-19': 32.08, '20-24': 25.84, '25-29': 12.9, '30-34': 25.0, '35-39': 19.67, '40-44': 31.82, '45-49': 31.25, '50-54': 44.21, '55-59': 23.44, '60-64': 53.62, 'old': 30.7, 'new': 53.62}
2025-06-29 10:36:36,127 [trainer.py] => NME [Clipart]: {'total': 34.27, '00-04': 39.74, '05-09': 38.71, '10-14': 31.82, '15-19': 33.96, '20-24': 29.21, '25-29': 16.13, '30-34': 29.69, '35-39': 29.51, '40-44': 30.3, '45-49': 34.38, '50-54': 52.63, '55-59': 28.12, '60-64': 42.03, 'old': 33.62, 'new': 42.03}
2025-06-29 10:36:36,127 [trainer.py] => CNN [Clipart] top1 curve: [70.51, 69.29, 65.05, 63.71, 57.18, 52.68, 49.16, 43.74, 42.6, 39.1, 37.63, 35.8, 32.47]
2025-06-29 10:36:36,127 [trainer.py] => CNN [Clipart] top5 curve: [97.44, 91.43, 90.29, 83.4, 80.46, 78.05, 71.1, 70.28, 66.39, 64.06, 62.11, 58.86, 57.45]
2025-06-29 10:36:36,128 [trainer.py] => NME [Clipart] top1 curve: [74.36, 70.71, 70.39, 66.41, 59.2, 53.41, 49.58, 45.61, 43.76, 41.05, 38.95, 33.74, 34.27]
2025-06-29 10:36:36,128 [trainer.py] => NME [Clipart] top5 curve: [100.0, 92.86, 89.32, 86.1, 81.32, 79.51, 72.36, 72.9, 68.89, 66.62, 63.29, 60.32, 60.69]
2025-06-29 10:36:36,128 [trainer.py] => Average Accuracy [Clipart] (CNN): 50.68615384615384
2025-06-29 10:36:36,128 [trainer.py] => Average Accuracy [Clipart] (NME): 52.418461538461536
2025-06-29 10:36:36,128 [trainer.py] => CNN [Product]: {'total': 55.41, '00-04': 60.0, '05-09': 51.25, '10-14': 66.13, '15-19': 61.04, '20-24': 49.18, '25-29': 50.63, '30-34': 32.84, '35-39': 51.52, '40-44': 58.57, '45-49': 42.25, '50-54': 53.85, '55-59': 70.69, '60-64': 72.97, 'old': 53.86, 'new': 72.97}
2025-06-29 10:36:36,128 [trainer.py] => NME [Product]: {'total': 57.38, '00-04': 58.82, '05-09': 57.5, '10-14': 70.97, '15-19': 62.34, '20-24': 47.54, '25-29': 53.16, '30-34': 35.82, '35-39': 51.52, '40-44': 64.29, '45-49': 45.07, '50-54': 55.38, '55-59': 77.59, '60-64': 67.57, 'old': 56.48, 'new': 67.57}
2025-06-29 10:36:36,128 [trainer.py] => CNN [Product] top1 curve: [92.94, 85.45, 84.14, 76.32, 77.26, 71.62, 72.02, 67.24, 63.68, 60.58, 58.24, 58.03, 55.41]
2025-06-29 10:36:36,128 [trainer.py] => CNN [Product] top5 curve: [100.0, 98.79, 96.48, 96.38, 90.14, 91.67, 89.82, 88.56, 84.7, 81.48, 79.18, 79.55, 77.6]
2025-06-29 10:36:36,128 [trainer.py] => NME [Product] top1 curve: [94.12, 88.48, 89.43, 80.92, 77.53, 75.45, 70.84, 68.28, 65.53, 63.65, 60.54, 58.03, 57.38]
2025-06-29 10:36:36,129 [trainer.py] => NME [Product] top5 curve: [100.0, 99.39, 99.12, 97.7, 93.7, 93.92, 92.56, 90.81, 87.17, 83.01, 83.14, 81.09, 78.91]
2025-06-29 10:36:36,129 [trainer.py] => Average Accuracy [Product] (CNN): 70.99461538461539
2025-06-29 10:36:36,129 [trainer.py] => Average Accuracy [Product] (NME): 73.09076923076924
2025-06-29 10:36:36,129 [trainer.py] => CNN [Real World]: {'total': 23.5, '00-04': 34.25, '05-09': 36.76, '10-14': 23.61, '15-19': 16.42, '20-24': 4.62, '25-29': 22.08, '30-34': 20.0, '35-39': 23.73, '40-44': 23.44, '45-49': 22.22, '50-54': 29.49, '55-59': 16.67, '60-64': 34.0, 'old': 22.88, 'new': 34.0}
2025-06-29 10:36:36,129 [trainer.py] => NME [Real World]: {'total': 24.61, '00-04': 30.14, '05-09': 33.82, '10-14': 26.39, '15-19': 14.93, '20-24': 4.62, '25-29': 24.68, '30-34': 26.67, '35-39': 23.73, '40-44': 25.0, '45-49': 22.22, '50-54': 29.49, '55-59': 24.36, '60-64': 34.0, 'old': 24.06, 'new': 34.0}
2025-06-29 10:36:36,129 [trainer.py] => CNN [Real World] top1 curve: [69.86, 58.16, 48.83, 42.5, 34.2, 33.18, 33.0, 31.47, 28.06, 27.31, 25.19, 26.53, 23.5]
2025-06-29 10:36:36,129 [trainer.py] => CNN [Real World] top5 curve: [95.89, 89.36, 77.0, 69.29, 60.0, 58.53, 55.94, 54.86, 52.58, 52.75, 47.66, 48.47, 47.44]
2025-06-29 10:36:36,129 [trainer.py] => NME [Real World] top1 curve: [73.97, 63.12, 48.83, 44.64, 35.94, 35.31, 35.01, 33.27, 30.97, 30.2, 28.05, 27.71, 24.61]
2025-06-29 10:36:36,130 [trainer.py] => NME [Real World] top5 curve: [100.0, 94.33, 85.92, 76.79, 69.28, 66.35, 61.77, 58.09, 55.65, 54.19, 51.3, 51.53, 49.67]
2025-06-29 10:36:36,130 [trainer.py] => Average Accuracy [Real World] (CNN): 37.06076923076923
2025-06-29 10:36:36,130 [trainer.py] => Average Accuracy [Real World] (NME): 39.356153846153845
2025-06-29 10:36:36,130 [trainer.py] => NME Harmonic Mean : 29.7436
2025-06-29 10:36:36,130 [trainer.py] => NME Macro Mean : 34.3400
2025-06-29 10:36:36,130 [trainer.py] => CNN Harmonic Mean : 28.4578
2025-06-29 10:36:36,130 [trainer.py] => CNN Macro Mean : 32.9250
2025-06-29 10:36:36,133 [trainer.py] => Forgetting (CNN) [Art]: 19.08583333333333
2025-06-29 10:36:36,135 [trainer.py] => Forgetting (CNN) [Clipart]: 32.255833333333335
2025-06-29 10:36:36,135 [trainer.py] => Forgetting (CNN) [Product]: 24.37666666666667
2025-06-29 10:36:36,137 [trainer.py] => Forgetting (CNN) [Real World]: 16.356666666666666
2025-06-29 10:36:36,137 [trainer.py] => Forgetting (NME) [Art]: 20.1475
2025-06-29 10:36:36,137 [trainer.py] => Forgetting (NME) [Clipart]: 29.22666666666667
2025-06-29 10:36:36,137 [trainer.py] => Forgetting (NME) [Product]: 20.6475
2025-06-29 10:36:36,137 [trainer.py] => Forgetting (NME) [Real World]: 20.871666666666666
'5_real world_art_top1':[60.53, 51.39, 49.54, 41.18, 39.08, 32.21, 31.94, 27.3, 22.81, 24.23, 19.5, 20.33, 20.32],
'5_real world_art_top5':[92.11, 87.5, 70.64, 66.91, 59.77, 56.73, 52.85, 48.36, 43.27, 45.15, 40.36, 40.87, 35.9],
'5_real world_clipart_top1':[70.51, 69.29, 65.05, 63.71, 57.18, 52.68, 49.16, 43.74, 42.6, 39.1, 37.63, 35.8, 32.47],
'5_real world_clipart_top5':[97.44, 91.43, 90.29, 83.4, 80.46, 78.05, 71.1, 70.28, 66.39, 64.06, 62.11, 58.86, 57.45],
'5_real world_product_top1':[92.94, 85.45, 84.14, 76.32, 77.26, 71.62, 72.02, 67.24, 63.68, 60.58, 58.24, 58.03, 55.41],
'5_real world_product_top5':[100.0, 98.79, 96.48, 96.38, 90.14, 91.67, 89.82, 88.56, 84.7, 81.48, 79.18, 79.55, 77.6],
'5_real world_real world_top1':[69.86, 58.16, 48.83, 42.5, 34.2, 33.18, 33.0, 31.47, 28.06, 27.31, 25.19, 26.53, 23.5],
'5_real world_real world_top5':[95.89, 89.36, 77.0, 69.29, 60.0, 58.53, 55.94, 54.86, 52.58, 52.75, 47.66, 48.47, 47.44],
